# ParkParkHedgeMaze — ParkPark original fairground mesh
mtllib ParkParkFairground.mtl
o ParkParkHedgeMaze
v -15.50000 0.00000 -15.50000
v 15.50000 0.00000 -15.50000
v 15.50000 0.10000 -15.50000
v -15.50000 0.10000 -15.50000
v -15.50000 0.00000 15.50000
v 15.50000 0.00000 15.50000
v 15.50000 0.10000 15.50000
v -15.50000 0.10000 15.50000
v -15.00000 0.00000 14.40000
v -2.20000 0.00000 14.40000
v -2.20000 3.20000 14.40000
v -15.00000 3.20000 14.40000
v -15.00000 0.00000 15.60000
v -2.20000 0.00000 15.60000
v -2.20000 3.20000 15.60000
v -15.00000 3.20000 15.60000
v -13.63937 3.07500 15.00000
v -13.96413 3.07500 15.56250
v -14.61365 3.07500 15.56250
v -14.93841 3.07500 15.00000
v -14.61365 3.07500 14.43750
v -13.96413 3.07500 14.43750
v -13.63937 3.52500 15.00000
v -13.96413 3.52500 15.56250
v -14.61365 3.52500 15.56250
v -14.93841 3.52500 15.00000
v -14.61365 3.52500 14.43750
v -13.96413 3.52500 14.43750
v -14.28889 2.85000 15.00000
v -14.28889 3.75000 15.00000
v -12.21715 3.07500 15.00000
v -12.54191 3.07500 15.56250
v -13.19143 3.07500 15.56250
v -13.51619 3.07500 15.00000
v -13.19143 3.07500 14.43750
v -12.54191 3.07500 14.43750
v -12.21715 3.52500 15.00000
v -12.54191 3.52500 15.56250
v -13.19143 3.52500 15.56250
v -13.51619 3.52500 15.00000
v -13.19143 3.52500 14.43750
v -12.54191 3.52500 14.43750
v -12.86667 2.85000 15.00000
v -12.86667 3.75000 15.00000
v -10.79493 3.07500 15.00000
v -11.11968 3.07500 15.56250
v -11.76920 3.07500 15.56250
v -12.09396 3.07500 15.00000
v -11.76920 3.07500 14.43750
v -11.11968 3.07500 14.43750
v -10.79493 3.52500 15.00000
v -11.11968 3.52500 15.56250
v -11.76920 3.52500 15.56250
v -12.09396 3.52500 15.00000
v -11.76920 3.52500 14.43750
v -11.11968 3.52500 14.43750
v -11.44444 2.85000 15.00000
v -11.44444 3.75000 15.00000
v -11.28856 3.71000 15.00000
v -11.39627 3.71000 15.14826
v -11.57056 3.71000 15.09163
v -11.57056 3.71000 14.90837
v -11.39627 3.71000 14.85174
v -11.28856 3.89000 15.00000
v -11.39627 3.89000 15.14826
v -11.57056 3.89000 15.09163
v -11.57056 3.89000 14.90837
v -11.39627 3.89000 14.85174
v -11.44444 3.62000 15.00000
v -11.44444 3.98000 15.00000
v -9.37270 3.07500 15.00000
v -9.69746 3.07500 15.56250
v -10.34698 3.07500 15.56250
v -10.67174 3.07500 15.00000
v -10.34698 3.07500 14.43750
v -9.69746 3.07500 14.43750
v -9.37270 3.52500 15.00000
v -9.69746 3.52500 15.56250
v -10.34698 3.52500 15.56250
v -10.67174 3.52500 15.00000
v -10.34698 3.52500 14.43750
v -9.69746 3.52500 14.43750
v -10.02222 2.85000 15.00000
v -10.02222 3.75000 15.00000
v -7.95048 3.07500 15.00000
v -8.27524 3.07500 15.56250
v -8.92476 3.07500 15.56250
v -9.24952 3.07500 15.00000
v -8.92476 3.07500 14.43750
v -8.27524 3.07500 14.43750
v -7.95048 3.52500 15.00000
v -8.27524 3.52500 15.56250
v -8.92476 3.52500 15.56250
v -9.24952 3.52500 15.00000
v -8.92476 3.52500 14.43750
v -8.27524 3.52500 14.43750
v -8.60000 2.85000 15.00000
v -8.60000 3.75000 15.00000
v -6.52826 3.07500 15.00000
v -6.85302 3.07500 15.56250
v -7.50254 3.07500 15.56250
v -7.82730 3.07500 15.00000
v -7.50254 3.07500 14.43750
v -6.85302 3.07500 14.43750
v -6.52826 3.52500 15.00000
v -6.85302 3.52500 15.56250
v -7.50254 3.52500 15.56250
v -7.82730 3.52500 15.00000
v -7.50254 3.52500 14.43750
v -6.85302 3.52500 14.43750
v -7.17778 2.85000 15.00000
v -7.17778 3.75000 15.00000
v -5.10604 3.07500 15.00000
v -5.43080 3.07500 15.56250
v -6.08032 3.07500 15.56250
v -6.40507 3.07500 15.00000
v -6.08032 3.07500 14.43750
v -5.43080 3.07500 14.43750
v -5.10604 3.52500 15.00000
v -5.43080 3.52500 15.56250
v -6.08032 3.52500 15.56250
v -6.40507 3.52500 15.00000
v -6.08032 3.52500 14.43750
v -5.43080 3.52500 14.43750
v -5.75556 2.85000 15.00000
v -5.75556 3.75000 15.00000
v -5.59967 3.71000 15.00000
v -5.70738 3.71000 15.14826
v -5.88167 3.71000 15.09163
v -5.88167 3.71000 14.90837
v -5.70738 3.71000 14.85174
v -5.59967 3.89000 15.00000
v -5.70738 3.89000 15.14826
v -5.88167 3.89000 15.09163
v -5.88167 3.89000 14.90837
v -5.70738 3.89000 14.85174
v -5.75556 3.62000 15.00000
v -5.75556 3.98000 15.00000
v -3.68381 3.07500 15.00000
v -4.00857 3.07500 15.56250
v -4.65809 3.07500 15.56250
v -4.98285 3.07500 15.00000
v -4.65809 3.07500 14.43750
v -4.00857 3.07500 14.43750
v -3.68381 3.52500 15.00000
v -4.00857 3.52500 15.56250
v -4.65809 3.52500 15.56250
v -4.98285 3.52500 15.00000
v -4.65809 3.52500 14.43750
v -4.00857 3.52500 14.43750
v -4.33333 2.85000 15.00000
v -4.33333 3.75000 15.00000
v -2.26159 3.07500 15.00000
v -2.58635 3.07500 15.56250
v -3.23587 3.07500 15.56250
v -3.56063 3.07500 15.00000
v -3.23587 3.07500 14.43750
v -2.58635 3.07500 14.43750
v -2.26159 3.52500 15.00000
v -2.58635 3.52500 15.56250
v -3.23587 3.52500 15.56250
v -3.56063 3.52500 15.00000
v -3.23587 3.52500 14.43750
v -2.58635 3.52500 14.43750
v -2.91111 2.85000 15.00000
v -2.91111 3.75000 15.00000
v 2.20000 0.00000 14.40000
v 15.00000 0.00000 14.40000
v 15.00000 3.20000 14.40000
v 2.20000 3.20000 14.40000
v 2.20000 0.00000 15.60000
v 15.00000 0.00000 15.60000
v 15.00000 3.20000 15.60000
v 2.20000 3.20000 15.60000
v 3.56063 3.07500 15.00000
v 3.23587 3.07500 15.56250
v 2.58635 3.07500 15.56250
v 2.26159 3.07500 15.00000
v 2.58635 3.07500 14.43750
v 3.23587 3.07500 14.43750
v 3.56063 3.52500 15.00000
v 3.23587 3.52500 15.56250
v 2.58635 3.52500 15.56250
v 2.26159 3.52500 15.00000
v 2.58635 3.52500 14.43750
v 3.23587 3.52500 14.43750
v 2.91111 2.85000 15.00000
v 2.91111 3.75000 15.00000
v 4.98285 3.07500 15.00000
v 4.65809 3.07500 15.56250
v 4.00857 3.07500 15.56250
v 3.68381 3.07500 15.00000
v 4.00857 3.07500 14.43750
v 4.65809 3.07500 14.43750
v 4.98285 3.52500 15.00000
v 4.65809 3.52500 15.56250
v 4.00857 3.52500 15.56250
v 3.68381 3.52500 15.00000
v 4.00857 3.52500 14.43750
v 4.65809 3.52500 14.43750
v 4.33333 2.85000 15.00000
v 4.33333 3.75000 15.00000
v 6.40507 3.07500 15.00000
v 6.08032 3.07500 15.56250
v 5.43080 3.07500 15.56250
v 5.10604 3.07500 15.00000
v 5.43080 3.07500 14.43750
v 6.08032 3.07500 14.43750
v 6.40507 3.52500 15.00000
v 6.08032 3.52500 15.56250
v 5.43080 3.52500 15.56250
v 5.10604 3.52500 15.00000
v 5.43080 3.52500 14.43750
v 6.08032 3.52500 14.43750
v 5.75556 2.85000 15.00000
v 5.75556 3.75000 15.00000
v 5.91144 3.71000 15.00000
v 5.80373 3.71000 15.14826
v 5.62944 3.71000 15.09163
v 5.62944 3.71000 14.90837
v 5.80373 3.71000 14.85174
v 5.91144 3.89000 15.00000
v 5.80373 3.89000 15.14826
v 5.62944 3.89000 15.09163
v 5.62944 3.89000 14.90837
v 5.80373 3.89000 14.85174
v 5.75556 3.62000 15.00000
v 5.75556 3.98000 15.00000
v 7.82730 3.07500 15.00000
v 7.50254 3.07500 15.56250
v 6.85302 3.07500 15.56250
v 6.52826 3.07500 15.00000
v 6.85302 3.07500 14.43750
v 7.50254 3.07500 14.43750
v 7.82730 3.52500 15.00000
v 7.50254 3.52500 15.56250
v 6.85302 3.52500 15.56250
v 6.52826 3.52500 15.00000
v 6.85302 3.52500 14.43750
v 7.50254 3.52500 14.43750
v 7.17778 2.85000 15.00000
v 7.17778 3.75000 15.00000
v 9.24952 3.07500 15.00000
v 8.92476 3.07500 15.56250
v 8.27524 3.07500 15.56250
v 7.95048 3.07500 15.00000
v 8.27524 3.07500 14.43750
v 8.92476 3.07500 14.43750
v 9.24952 3.52500 15.00000
v 8.92476 3.52500 15.56250
v 8.27524 3.52500 15.56250
v 7.95048 3.52500 15.00000
v 8.27524 3.52500 14.43750
v 8.92476 3.52500 14.43750
v 8.60000 2.85000 15.00000
v 8.60000 3.75000 15.00000
v 10.67174 3.07500 15.00000
v 10.34698 3.07500 15.56250
v 9.69746 3.07500 15.56250
v 9.37270 3.07500 15.00000
v 9.69746 3.07500 14.43750
v 10.34698 3.07500 14.43750
v 10.67174 3.52500 15.00000
v 10.34698 3.52500 15.56250
v 9.69746 3.52500 15.56250
v 9.37270 3.52500 15.00000
v 9.69746 3.52500 14.43750
v 10.34698 3.52500 14.43750
v 10.02222 2.85000 15.00000
v 10.02222 3.75000 15.00000
v 12.09396 3.07500 15.00000
v 11.76920 3.07500 15.56250
v 11.11968 3.07500 15.56250
v 10.79493 3.07500 15.00000
v 11.11968 3.07500 14.43750
v 11.76920 3.07500 14.43750
v 12.09396 3.52500 15.00000
v 11.76920 3.52500 15.56250
v 11.11968 3.52500 15.56250
v 10.79493 3.52500 15.00000
v 11.11968 3.52500 14.43750
v 11.76920 3.52500 14.43750
v 11.44444 2.85000 15.00000
v 11.44444 3.75000 15.00000
v 11.60033 3.71000 15.00000
v 11.49262 3.71000 15.14826
v 11.31833 3.71000 15.09163
v 11.31833 3.71000 14.90837
v 11.49262 3.71000 14.85174
v 11.60033 3.89000 15.00000
v 11.49262 3.89000 15.14826
v 11.31833 3.89000 15.09163
v 11.31833 3.89000 14.90837
v 11.49262 3.89000 14.85174
v 11.44444 3.62000 15.00000
v 11.44444 3.98000 15.00000
v 13.51619 3.07500 15.00000
v 13.19143 3.07500 15.56250
v 12.54191 3.07500 15.56250
v 12.21715 3.07500 15.00000
v 12.54191 3.07500 14.43750
v 13.19143 3.07500 14.43750
v 13.51619 3.52500 15.00000
v 13.19143 3.52500 15.56250
v 12.54191 3.52500 15.56250
v 12.21715 3.52500 15.00000
v 12.54191 3.52500 14.43750
v 13.19143 3.52500 14.43750
v 12.86667 2.85000 15.00000
v 12.86667 3.75000 15.00000
v 14.93841 3.07500 15.00000
v 14.61365 3.07500 15.56250
v 13.96413 3.07500 15.56250
v 13.63937 3.07500 15.00000
v 13.96413 3.07500 14.43750
v 14.61365 3.07500 14.43750
v 14.93841 3.52500 15.00000
v 14.61365 3.52500 15.56250
v 13.96413 3.52500 15.56250
v 13.63937 3.52500 15.00000
v 13.96413 3.52500 14.43750
v 14.61365 3.52500 14.43750
v 14.28889 2.85000 15.00000
v 14.28889 3.75000 15.00000
v -15.00000 0.00000 -15.60000
v 15.00000 0.00000 -15.60000
v 15.00000 3.20000 -15.60000
v -15.00000 3.20000 -15.60000
v -15.00000 0.00000 -14.40000
v 15.00000 0.00000 -14.40000
v 15.00000 3.20000 -14.40000
v -15.00000 3.20000 -14.40000
v -13.63620 3.07500 -15.00000
v -13.96095 3.07500 -14.43750
v -14.61047 3.07500 -14.43750
v -14.93523 3.07500 -15.00000
v -14.61047 3.07500 -15.56250
v -13.96095 3.07500 -15.56250
v -13.63620 3.52500 -15.00000
v -13.96095 3.52500 -14.43750
v -14.61047 3.52500 -14.43750
v -14.93523 3.52500 -15.00000
v -14.61047 3.52500 -15.56250
v -13.96095 3.52500 -15.56250
v -14.28571 2.85000 -15.00000
v -14.28571 3.75000 -15.00000
v -12.20762 3.07500 -15.00000
v -12.53238 3.07500 -14.43750
v -13.18190 3.07500 -14.43750
v -13.50666 3.07500 -15.00000
v -13.18190 3.07500 -15.56250
v -12.53238 3.07500 -15.56250
v -12.20762 3.52500 -15.00000
v -12.53238 3.52500 -14.43750
v -13.18190 3.52500 -14.43750
v -13.50666 3.52500 -15.00000
v -13.18190 3.52500 -15.56250
v -12.53238 3.52500 -15.56250
v -12.85714 2.85000 -15.00000
v -12.85714 3.75000 -15.00000
v -10.77905 3.07500 -15.00000
v -11.10381 3.07500 -14.43750
v -11.75333 3.07500 -14.43750
v -12.07809 3.07500 -15.00000
v -11.75333 3.07500 -15.56250
v -11.10381 3.07500 -15.56250
v -10.77905 3.52500 -15.00000
v -11.10381 3.52500 -14.43750
v -11.75333 3.52500 -14.43750
v -12.07809 3.52500 -15.00000
v -11.75333 3.52500 -15.56250
v -11.10381 3.52500 -15.56250
v -11.42857 2.85000 -15.00000
v -11.42857 3.75000 -15.00000
v -11.27269 3.71000 -15.00000
v -11.38040 3.71000 -14.85174
v -11.55468 3.71000 -14.90837
v -11.55468 3.71000 -15.09163
v -11.38040 3.71000 -15.14826
v -11.27269 3.89000 -15.00000
v -11.38040 3.89000 -14.85174
v -11.55468 3.89000 -14.90837
v -11.55468 3.89000 -15.09163
v -11.38040 3.89000 -15.14826
v -11.42857 3.62000 -15.00000
v -11.42857 3.98000 -15.00000
v -9.35048 3.07500 -15.00000
v -9.67524 3.07500 -14.43750
v -10.32476 3.07500 -14.43750
v -10.64952 3.07500 -15.00000
v -10.32476 3.07500 -15.56250
v -9.67524 3.07500 -15.56250
v -9.35048 3.52500 -15.00000
v -9.67524 3.52500 -14.43750
v -10.32476 3.52500 -14.43750
v -10.64952 3.52500 -15.00000
v -10.32476 3.52500 -15.56250
v -9.67524 3.52500 -15.56250
v -10.00000 2.85000 -15.00000
v -10.00000 3.75000 -15.00000
v -7.92191 3.07500 -15.00000
v -8.24667 3.07500 -14.43750
v -8.89619 3.07500 -14.43750
v -9.22095 3.07500 -15.00000
v -8.89619 3.07500 -15.56250
v -8.24667 3.07500 -15.56250
v -7.92191 3.52500 -15.00000
v -8.24667 3.52500 -14.43750
v -8.89619 3.52500 -14.43750
v -9.22095 3.52500 -15.00000
v -8.89619 3.52500 -15.56250
v -8.24667 3.52500 -15.56250
v -8.57143 2.85000 -15.00000
v -8.57143 3.75000 -15.00000
v -6.49334 3.07500 -15.00000
v -6.81810 3.07500 -14.43750
v -7.46762 3.07500 -14.43750
v -7.79238 3.07500 -15.00000
v -7.46762 3.07500 -15.56250
v -6.81810 3.07500 -15.56250
v -6.49334 3.52500 -15.00000
v -6.81810 3.52500 -14.43750
v -7.46762 3.52500 -14.43750
v -7.79238 3.52500 -15.00000
v -7.46762 3.52500 -15.56250
v -6.81810 3.52500 -15.56250
v -7.14286 2.85000 -15.00000
v -7.14286 3.75000 -15.00000
v -5.06477 3.07500 -15.00000
v -5.38953 3.07500 -14.43750
v -6.03905 3.07500 -14.43750
v -6.36380 3.07500 -15.00000
v -6.03905 3.07500 -15.56250
v -5.38953 3.07500 -15.56250
v -5.06477 3.52500 -15.00000
v -5.38953 3.52500 -14.43750
v -6.03905 3.52500 -14.43750
v -6.36380 3.52500 -15.00000
v -6.03905 3.52500 -15.56250
v -5.38953 3.52500 -15.56250
v -5.71429 2.85000 -15.00000
v -5.71429 3.75000 -15.00000
v -5.55840 3.71000 -15.00000
v -5.66611 3.71000 -14.85174
v -5.84040 3.71000 -14.90837
v -5.84040 3.71000 -15.09163
v -5.66611 3.71000 -15.14826
v -5.55840 3.89000 -15.00000
v -5.66611 3.89000 -14.85174
v -5.84040 3.89000 -14.90837
v -5.84040 3.89000 -15.09163
v -5.66611 3.89000 -15.14826
v -5.71429 3.62000 -15.00000
v -5.71429 3.98000 -15.00000
v -3.63620 3.07500 -15.00000
v -3.96095 3.07500 -14.43750
v -4.61047 3.07500 -14.43750
v -4.93523 3.07500 -15.00000
v -4.61047 3.07500 -15.56250
v -3.96095 3.07500 -15.56250
v -3.63620 3.52500 -15.00000
v -3.96095 3.52500 -14.43750
v -4.61047 3.52500 -14.43750
v -4.93523 3.52500 -15.00000
v -4.61047 3.52500 -15.56250
v -3.96095 3.52500 -15.56250
v -4.28571 2.85000 -15.00000
v -4.28571 3.75000 -15.00000
v -2.20762 3.07500 -15.00000
v -2.53238 3.07500 -14.43750
v -3.18190 3.07500 -14.43750
v -3.50666 3.07500 -15.00000
v -3.18190 3.07500 -15.56250
v -2.53238 3.07500 -15.56250
v -2.20762 3.52500 -15.00000
v -2.53238 3.52500 -14.43750
v -3.18190 3.52500 -14.43750
v -3.50666 3.52500 -15.00000
v -3.18190 3.52500 -15.56250
v -2.53238 3.52500 -15.56250
v -2.85714 2.85000 -15.00000
v -2.85714 3.75000 -15.00000
v -0.77905 3.07500 -15.00000
v -1.10381 3.07500 -14.43750
v -1.75333 3.07500 -14.43750
v -2.07809 3.07500 -15.00000
v -1.75333 3.07500 -15.56250
v -1.10381 3.07500 -15.56250
v -0.77905 3.52500 -15.00000
v -1.10381 3.52500 -14.43750
v -1.75333 3.52500 -14.43750
v -2.07809 3.52500 -15.00000
v -1.75333 3.52500 -15.56250
v -1.10381 3.52500 -15.56250
v -1.42857 2.85000 -15.00000
v -1.42857 3.75000 -15.00000
v 0.64952 3.07500 -15.00000
v 0.32476 3.07500 -14.43750
v -0.32476 3.07500 -14.43750
v -0.64952 3.07500 -15.00000
v -0.32476 3.07500 -15.56250
v 0.32476 3.07500 -15.56250
v 0.64952 3.52500 -15.00000
v 0.32476 3.52500 -14.43750
v -0.32476 3.52500 -14.43750
v -0.64952 3.52500 -15.00000
v -0.32476 3.52500 -15.56250
v 0.32476 3.52500 -15.56250
v 0.00000 2.85000 -15.00000
v 0.00000 3.75000 -15.00000
v 0.15588 3.71000 -15.00000
v 0.04817 3.71000 -14.85174
v -0.12611 3.71000 -14.90837
v -0.12611 3.71000 -15.09163
v 0.04817 3.71000 -15.14826
v 0.15588 3.89000 -15.00000
v 0.04817 3.89000 -14.85174
v -0.12611 3.89000 -14.90837
v -0.12611 3.89000 -15.09163
v 0.04817 3.89000 -15.14826
v 0.00000 3.62000 -15.00000
v 0.00000 3.98000 -15.00000
v 2.07809 3.07500 -15.00000
v 1.75333 3.07500 -14.43750
v 1.10381 3.07500 -14.43750
v 0.77905 3.07500 -15.00000
v 1.10381 3.07500 -15.56250
v 1.75333 3.07500 -15.56250
v 2.07809 3.52500 -15.00000
v 1.75333 3.52500 -14.43750
v 1.10381 3.52500 -14.43750
v 0.77905 3.52500 -15.00000
v 1.10381 3.52500 -15.56250
v 1.75333 3.52500 -15.56250
v 1.42857 2.85000 -15.00000
v 1.42857 3.75000 -15.00000
v 3.50666 3.07500 -15.00000
v 3.18190 3.07500 -14.43750
v 2.53238 3.07500 -14.43750
v 2.20762 3.07500 -15.00000
v 2.53238 3.07500 -15.56250
v 3.18190 3.07500 -15.56250
v 3.50666 3.52500 -15.00000
v 3.18190 3.52500 -14.43750
v 2.53238 3.52500 -14.43750
v 2.20762 3.52500 -15.00000
v 2.53238 3.52500 -15.56250
v 3.18190 3.52500 -15.56250
v 2.85714 2.85000 -15.00000
v 2.85714 3.75000 -15.00000
v 4.93523 3.07500 -15.00000
v 4.61047 3.07500 -14.43750
v 3.96095 3.07500 -14.43750
v 3.63620 3.07500 -15.00000
v 3.96095 3.07500 -15.56250
v 4.61047 3.07500 -15.56250
v 4.93523 3.52500 -15.00000
v 4.61047 3.52500 -14.43750
v 3.96095 3.52500 -14.43750
v 3.63620 3.52500 -15.00000
v 3.96095 3.52500 -15.56250
v 4.61047 3.52500 -15.56250
v 4.28571 2.85000 -15.00000
v 4.28571 3.75000 -15.00000
v 6.36380 3.07500 -15.00000
v 6.03905 3.07500 -14.43750
v 5.38953 3.07500 -14.43750
v 5.06477 3.07500 -15.00000
v 5.38953 3.07500 -15.56250
v 6.03905 3.07500 -15.56250
v 6.36380 3.52500 -15.00000
v 6.03905 3.52500 -14.43750
v 5.38953 3.52500 -14.43750
v 5.06477 3.52500 -15.00000
v 5.38953 3.52500 -15.56250
v 6.03905 3.52500 -15.56250
v 5.71429 2.85000 -15.00000
v 5.71429 3.75000 -15.00000
v 5.87017 3.71000 -15.00000
v 5.76246 3.71000 -14.85174
v 5.58817 3.71000 -14.90837
v 5.58817 3.71000 -15.09163
v 5.76246 3.71000 -15.14826
v 5.87017 3.89000 -15.00000
v 5.76246 3.89000 -14.85174
v 5.58817 3.89000 -14.90837
v 5.58817 3.89000 -15.09163
v 5.76246 3.89000 -15.14826
v 5.71429 3.62000 -15.00000
v 5.71429 3.98000 -15.00000
v 7.79238 3.07500 -15.00000
v 7.46762 3.07500 -14.43750
v 6.81810 3.07500 -14.43750
v 6.49334 3.07500 -15.00000
v 6.81810 3.07500 -15.56250
v 7.46762 3.07500 -15.56250
v 7.79238 3.52500 -15.00000
v 7.46762 3.52500 -14.43750
v 6.81810 3.52500 -14.43750
v 6.49334 3.52500 -15.00000
v 6.81810 3.52500 -15.56250
v 7.46762 3.52500 -15.56250
v 7.14286 2.85000 -15.00000
v 7.14286 3.75000 -15.00000
v 9.22095 3.07500 -15.00000
v 8.89619 3.07500 -14.43750
v 8.24667 3.07500 -14.43750
v 7.92191 3.07500 -15.00000
v 8.24667 3.07500 -15.56250
v 8.89619 3.07500 -15.56250
v 9.22095 3.52500 -15.00000
v 8.89619 3.52500 -14.43750
v 8.24667 3.52500 -14.43750
v 7.92191 3.52500 -15.00000
v 8.24667 3.52500 -15.56250
v 8.89619 3.52500 -15.56250
v 8.57143 2.85000 -15.00000
v 8.57143 3.75000 -15.00000
v 10.64952 3.07500 -15.00000
v 10.32476 3.07500 -14.43750
v 9.67524 3.07500 -14.43750
v 9.35048 3.07500 -15.00000
v 9.67524 3.07500 -15.56250
v 10.32476 3.07500 -15.56250
v 10.64952 3.52500 -15.00000
v 10.32476 3.52500 -14.43750
v 9.67524 3.52500 -14.43750
v 9.35048 3.52500 -15.00000
v 9.67524 3.52500 -15.56250
v 10.32476 3.52500 -15.56250
v 10.00000 2.85000 -15.00000
v 10.00000 3.75000 -15.00000
v 12.07809 3.07500 -15.00000
v 11.75333 3.07500 -14.43750
v 11.10381 3.07500 -14.43750
v 10.77905 3.07500 -15.00000
v 11.10381 3.07500 -15.56250
v 11.75333 3.07500 -15.56250
v 12.07809 3.52500 -15.00000
v 11.75333 3.52500 -14.43750
v 11.10381 3.52500 -14.43750
v 10.77905 3.52500 -15.00000
v 11.10381 3.52500 -15.56250
v 11.75333 3.52500 -15.56250
v 11.42857 2.85000 -15.00000
v 11.42857 3.75000 -15.00000
v 11.58446 3.71000 -15.00000
v 11.47674 3.71000 -14.85174
v 11.30246 3.71000 -14.90837
v 11.30246 3.71000 -15.09163
v 11.47674 3.71000 -15.14826
v 11.58446 3.89000 -15.00000
v 11.47674 3.89000 -14.85174
v 11.30246 3.89000 -14.90837
v 11.30246 3.89000 -15.09163
v 11.47674 3.89000 -15.14826
v 11.42857 3.62000 -15.00000
v 11.42857 3.98000 -15.00000
v 13.50666 3.07500 -15.00000
v 13.18190 3.07500 -14.43750
v 12.53238 3.07500 -14.43750
v 12.20762 3.07500 -15.00000
v 12.53238 3.07500 -15.56250
v 13.18190 3.07500 -15.56250
v 13.50666 3.52500 -15.00000
v 13.18190 3.52500 -14.43750
v 12.53238 3.52500 -14.43750
v 12.20762 3.52500 -15.00000
v 12.53238 3.52500 -15.56250
v 13.18190 3.52500 -15.56250
v 12.85714 2.85000 -15.00000
v 12.85714 3.75000 -15.00000
v 14.93523 3.07500 -15.00000
v 14.61047 3.07500 -14.43750
v 13.96095 3.07500 -14.43750
v 13.63620 3.07500 -15.00000
v 13.96095 3.07500 -15.56250
v 14.61047 3.07500 -15.56250
v 14.93523 3.52500 -15.00000
v 14.61047 3.52500 -14.43750
v 13.96095 3.52500 -14.43750
v 13.63620 3.52500 -15.00000
v 13.96095 3.52500 -15.56250
v 14.61047 3.52500 -15.56250
v 14.28571 2.85000 -15.00000
v 14.28571 3.75000 -15.00000
v 14.40000 0.00000 -15.00000
v 15.60000 0.00000 -15.00000
v 15.60000 3.20000 -15.00000
v 14.40000 3.20000 -15.00000
v 14.40000 0.00000 15.00000
v 15.60000 0.00000 15.00000
v 15.60000 3.20000 15.00000
v 14.40000 3.20000 15.00000
v 15.64952 3.07500 -14.28571
v 15.32476 3.07500 -13.72321
v 14.67524 3.07500 -13.72321
v 14.35048 3.07500 -14.28571
v 14.67524 3.07500 -14.84821
v 15.32476 3.07500 -14.84821
v 15.64952 3.52500 -14.28571
v 15.32476 3.52500 -13.72321
v 14.67524 3.52500 -13.72321
v 14.35048 3.52500 -14.28571
v 14.67524 3.52500 -14.84821
v 15.32476 3.52500 -14.84821
v 15.00000 2.85000 -14.28571
v 15.00000 3.75000 -14.28571
v 15.64952 3.07500 -12.85714
v 15.32476 3.07500 -12.29464
v 14.67524 3.07500 -12.29464
v 14.35048 3.07500 -12.85714
v 14.67524 3.07500 -13.41964
v 15.32476 3.07500 -13.41964
v 15.64952 3.52500 -12.85714
v 15.32476 3.52500 -12.29464
v 14.67524 3.52500 -12.29464
v 14.35048 3.52500 -12.85714
v 14.67524 3.52500 -13.41964
v 15.32476 3.52500 -13.41964
v 15.00000 2.85000 -12.85714
v 15.00000 3.75000 -12.85714
v 15.64952 3.07500 -11.42857
v 15.32476 3.07500 -10.86607
v 14.67524 3.07500 -10.86607
v 14.35048 3.07500 -11.42857
v 14.67524 3.07500 -11.99107
v 15.32476 3.07500 -11.99107
v 15.64952 3.52500 -11.42857
v 15.32476 3.52500 -10.86607
v 14.67524 3.52500 -10.86607
v 14.35048 3.52500 -11.42857
v 14.67524 3.52500 -11.99107
v 15.32476 3.52500 -11.99107
v 15.00000 2.85000 -11.42857
v 15.00000 3.75000 -11.42857
v 15.15588 3.71000 -11.42857
v 15.04817 3.71000 -11.28032
v 14.87389 3.71000 -11.33694
v 14.87389 3.71000 -11.52020
v 15.04817 3.71000 -11.57683
v 15.15588 3.89000 -11.42857
v 15.04817 3.89000 -11.28032
v 14.87389 3.89000 -11.33694
v 14.87389 3.89000 -11.52020
v 15.04817 3.89000 -11.57683
v 15.00000 3.62000 -11.42857
v 15.00000 3.98000 -11.42857
v 15.64952 3.07500 -10.00000
v 15.32476 3.07500 -9.43750
v 14.67524 3.07500 -9.43750
v 14.35048 3.07500 -10.00000
v 14.67524 3.07500 -10.56250
v 15.32476 3.07500 -10.56250
v 15.64952 3.52500 -10.00000
v 15.32476 3.52500 -9.43750
v 14.67524 3.52500 -9.43750
v 14.35048 3.52500 -10.00000
v 14.67524 3.52500 -10.56250
v 15.32476 3.52500 -10.56250
v 15.00000 2.85000 -10.00000
v 15.00000 3.75000 -10.00000
v 15.64952 3.07500 -8.57143
v 15.32476 3.07500 -8.00893
v 14.67524 3.07500 -8.00893
v 14.35048 3.07500 -8.57143
v 14.67524 3.07500 -9.13393
v 15.32476 3.07500 -9.13393
v 15.64952 3.52500 -8.57143
v 15.32476 3.52500 -8.00893
v 14.67524 3.52500 -8.00893
v 14.35048 3.52500 -8.57143
v 14.67524 3.52500 -9.13393
v 15.32476 3.52500 -9.13393
v 15.00000 2.85000 -8.57143
v 15.00000 3.75000 -8.57143
v 15.64952 3.07500 -7.14286
v 15.32476 3.07500 -6.58036
v 14.67524 3.07500 -6.58036
v 14.35048 3.07500 -7.14286
v 14.67524 3.07500 -7.70536
v 15.32476 3.07500 -7.70536
v 15.64952 3.52500 -7.14286
v 15.32476 3.52500 -6.58036
v 14.67524 3.52500 -6.58036
v 14.35048 3.52500 -7.14286
v 14.67524 3.52500 -7.70536
v 15.32476 3.52500 -7.70536
v 15.00000 2.85000 -7.14286
v 15.00000 3.75000 -7.14286
v 15.64952 3.07500 -5.71429
v 15.32476 3.07500 -5.15179
v 14.67524 3.07500 -5.15179
v 14.35048 3.07500 -5.71429
v 14.67524 3.07500 -6.27679
v 15.32476 3.07500 -6.27679
v 15.64952 3.52500 -5.71429
v 15.32476 3.52500 -5.15179
v 14.67524 3.52500 -5.15179
v 14.35048 3.52500 -5.71429
v 14.67524 3.52500 -6.27679
v 15.32476 3.52500 -6.27679
v 15.00000 2.85000 -5.71429
v 15.00000 3.75000 -5.71429
v 15.15588 3.71000 -5.71429
v 15.04817 3.71000 -5.56603
v 14.87389 3.71000 -5.62266
v 14.87389 3.71000 -5.80591
v 15.04817 3.71000 -5.86254
v 15.15588 3.89000 -5.71429
v 15.04817 3.89000 -5.56603
v 14.87389 3.89000 -5.62266
v 14.87389 3.89000 -5.80591
v 15.04817 3.89000 -5.86254
v 15.00000 3.62000 -5.71429
v 15.00000 3.98000 -5.71429
v 15.64952 3.07500 -4.28571
v 15.32476 3.07500 -3.72321
v 14.67524 3.07500 -3.72321
v 14.35048 3.07500 -4.28571
v 14.67524 3.07500 -4.84821
v 15.32476 3.07500 -4.84821
v 15.64952 3.52500 -4.28571
v 15.32476 3.52500 -3.72321
v 14.67524 3.52500 -3.72321
v 14.35048 3.52500 -4.28571
v 14.67524 3.52500 -4.84821
v 15.32476 3.52500 -4.84821
v 15.00000 2.85000 -4.28571
v 15.00000 3.75000 -4.28571
v 15.64952 3.07500 -2.85714
v 15.32476 3.07500 -2.29464
v 14.67524 3.07500 -2.29464
v 14.35048 3.07500 -2.85714
v 14.67524 3.07500 -3.41964
v 15.32476 3.07500 -3.41964
v 15.64952 3.52500 -2.85714
v 15.32476 3.52500 -2.29464
v 14.67524 3.52500 -2.29464
v 14.35048 3.52500 -2.85714
v 14.67524 3.52500 -3.41964
v 15.32476 3.52500 -3.41964
v 15.00000 2.85000 -2.85714
v 15.00000 3.75000 -2.85714
v 15.64952 3.07500 -1.42857
v 15.32476 3.07500 -0.86607
v 14.67524 3.07500 -0.86607
v 14.35048 3.07500 -1.42857
v 14.67524 3.07500 -1.99107
v 15.32476 3.07500 -1.99107
v 15.64952 3.52500 -1.42857
v 15.32476 3.52500 -0.86607
v 14.67524 3.52500 -0.86607
v 14.35048 3.52500 -1.42857
v 14.67524 3.52500 -1.99107
v 15.32476 3.52500 -1.99107
v 15.00000 2.85000 -1.42857
v 15.00000 3.75000 -1.42857
v 15.64952 3.07500 0.00000
v 15.32476 3.07500 0.56250
v 14.67524 3.07500 0.56250
v 14.35048 3.07500 0.00000
v 14.67524 3.07500 -0.56250
v 15.32476 3.07500 -0.56250
v 15.64952 3.52500 0.00000
v 15.32476 3.52500 0.56250
v 14.67524 3.52500 0.56250
v 14.35048 3.52500 0.00000
v 14.67524 3.52500 -0.56250
v 15.32476 3.52500 -0.56250
v 15.00000 2.85000 0.00000
v 15.00000 3.75000 0.00000
v 15.15588 3.71000 0.00000
v 15.04817 3.71000 0.14826
v 14.87389 3.71000 0.09163
v 14.87389 3.71000 -0.09163
v 15.04817 3.71000 -0.14826
v 15.15588 3.89000 0.00000
v 15.04817 3.89000 0.14826
v 14.87389 3.89000 0.09163
v 14.87389 3.89000 -0.09163
v 15.04817 3.89000 -0.14826
v 15.00000 3.62000 0.00000
v 15.00000 3.98000 0.00000
v 15.64952 3.07500 1.42857
v 15.32476 3.07500 1.99107
v 14.67524 3.07500 1.99107
v 14.35048 3.07500 1.42857
v 14.67524 3.07500 0.86607
v 15.32476 3.07500 0.86607
v 15.64952 3.52500 1.42857
v 15.32476 3.52500 1.99107
v 14.67524 3.52500 1.99107
v 14.35048 3.52500 1.42857
v 14.67524 3.52500 0.86607
v 15.32476 3.52500 0.86607
v 15.00000 2.85000 1.42857
v 15.00000 3.75000 1.42857
v 15.64952 3.07500 2.85714
v 15.32476 3.07500 3.41964
v 14.67524 3.07500 3.41964
v 14.35048 3.07500 2.85714
v 14.67524 3.07500 2.29464
v 15.32476 3.07500 2.29464
v 15.64952 3.52500 2.85714
v 15.32476 3.52500 3.41964
v 14.67524 3.52500 3.41964
v 14.35048 3.52500 2.85714
v 14.67524 3.52500 2.29464
v 15.32476 3.52500 2.29464
v 15.00000 2.85000 2.85714
v 15.00000 3.75000 2.85714
v 15.64952 3.07500 4.28571
v 15.32476 3.07500 4.84821
v 14.67524 3.07500 4.84821
v 14.35048 3.07500 4.28571
v 14.67524 3.07500 3.72321
v 15.32476 3.07500 3.72321
v 15.64952 3.52500 4.28571
v 15.32476 3.52500 4.84821
v 14.67524 3.52500 4.84821
v 14.35048 3.52500 4.28571
v 14.67524 3.52500 3.72321
v 15.32476 3.52500 3.72321
v 15.00000 2.85000 4.28571
v 15.00000 3.75000 4.28571
v 15.64952 3.07500 5.71429
v 15.32476 3.07500 6.27679
v 14.67524 3.07500 6.27679
v 14.35048 3.07500 5.71429
v 14.67524 3.07500 5.15179
v 15.32476 3.07500 5.15179
v 15.64952 3.52500 5.71429
v 15.32476 3.52500 6.27679
v 14.67524 3.52500 6.27679
v 14.35048 3.52500 5.71429
v 14.67524 3.52500 5.15179
v 15.32476 3.52500 5.15179
v 15.00000 2.85000 5.71429
v 15.00000 3.75000 5.71429
v 15.15588 3.71000 5.71429
v 15.04817 3.71000 5.86254
v 14.87389 3.71000 5.80591
v 14.87389 3.71000 5.62266
v 15.04817 3.71000 5.56603
v 15.15588 3.89000 5.71429
v 15.04817 3.89000 5.86254
v 14.87389 3.89000 5.80591
v 14.87389 3.89000 5.62266
v 15.04817 3.89000 5.56603
v 15.00000 3.62000 5.71429
v 15.00000 3.98000 5.71429
v 15.64952 3.07500 7.14286
v 15.32476 3.07500 7.70536
v 14.67524 3.07500 7.70536
v 14.35048 3.07500 7.14286
v 14.67524 3.07500 6.58036
v 15.32476 3.07500 6.58036
v 15.64952 3.52500 7.14286
v 15.32476 3.52500 7.70536
v 14.67524 3.52500 7.70536
v 14.35048 3.52500 7.14286
v 14.67524 3.52500 6.58036
v 15.32476 3.52500 6.58036
v 15.00000 2.85000 7.14286
v 15.00000 3.75000 7.14286
v 15.64952 3.07500 8.57143
v 15.32476 3.07500 9.13393
v 14.67524 3.07500 9.13393
v 14.35048 3.07500 8.57143
v 14.67524 3.07500 8.00893
v 15.32476 3.07500 8.00893
v 15.64952 3.52500 8.57143
v 15.32476 3.52500 9.13393
v 14.67524 3.52500 9.13393
v 14.35048 3.52500 8.57143
v 14.67524 3.52500 8.00893
v 15.32476 3.52500 8.00893
v 15.00000 2.85000 8.57143
v 15.00000 3.75000 8.57143
v 15.64952 3.07500 10.00000
v 15.32476 3.07500 10.56250
v 14.67524 3.07500 10.56250
v 14.35048 3.07500 10.00000
v 14.67524 3.07500 9.43750
v 15.32476 3.07500 9.43750
v 15.64952 3.52500 10.00000
v 15.32476 3.52500 10.56250
v 14.67524 3.52500 10.56250
v 14.35048 3.52500 10.00000
v 14.67524 3.52500 9.43750
v 15.32476 3.52500 9.43750
v 15.00000 2.85000 10.00000
v 15.00000 3.75000 10.00000
v 15.64952 3.07500 11.42857
v 15.32476 3.07500 11.99107
v 14.67524 3.07500 11.99107
v 14.35048 3.07500 11.42857
v 14.67524 3.07500 10.86607
v 15.32476 3.07500 10.86607
v 15.64952 3.52500 11.42857
v 15.32476 3.52500 11.99107
v 14.67524 3.52500 11.99107
v 14.35048 3.52500 11.42857
v 14.67524 3.52500 10.86607
v 15.32476 3.52500 10.86607
v 15.00000 2.85000 11.42857
v 15.00000 3.75000 11.42857
v 15.15588 3.71000 11.42857
v 15.04817 3.71000 11.57683
v 14.87389 3.71000 11.52020
v 14.87389 3.71000 11.33694
v 15.04817 3.71000 11.28032
v 15.15588 3.89000 11.42857
v 15.04817 3.89000 11.57683
v 14.87389 3.89000 11.52020
v 14.87389 3.89000 11.33694
v 15.04817 3.89000 11.28032
v 15.00000 3.62000 11.42857
v 15.00000 3.98000 11.42857
v 15.64952 3.07500 12.85714
v 15.32476 3.07500 13.41964
v 14.67524 3.07500 13.41964
v 14.35048 3.07500 12.85714
v 14.67524 3.07500 12.29464
v 15.32476 3.07500 12.29464
v 15.64952 3.52500 12.85714
v 15.32476 3.52500 13.41964
v 14.67524 3.52500 13.41964
v 14.35048 3.52500 12.85714
v 14.67524 3.52500 12.29464
v 15.32476 3.52500 12.29464
v 15.00000 2.85000 12.85714
v 15.00000 3.75000 12.85714
v 15.64952 3.07500 14.28571
v 15.32476 3.07500 14.84821
v 14.67524 3.07500 14.84821
v 14.35048 3.07500 14.28571
v 14.67524 3.07500 13.72321
v 15.32476 3.07500 13.72321
v 15.64952 3.52500 14.28571
v 15.32476 3.52500 14.84821
v 14.67524 3.52500 14.84821
v 14.35048 3.52500 14.28571
v 14.67524 3.52500 13.72321
v 15.32476 3.52500 13.72321
v 15.00000 2.85000 14.28571
v 15.00000 3.75000 14.28571
v -15.60000 0.00000 -15.00000
v -14.40000 0.00000 -15.00000
v -14.40000 3.20000 -15.00000
v -15.60000 3.20000 -15.00000
v -15.60000 0.00000 15.00000
v -14.40000 0.00000 15.00000
v -14.40000 3.20000 15.00000
v -15.60000 3.20000 15.00000
v -14.35048 3.07500 -14.28571
v -14.67524 3.07500 -13.72321
v -15.32476 3.07500 -13.72321
v -15.64952 3.07500 -14.28571
v -15.32476 3.07500 -14.84821
v -14.67524 3.07500 -14.84821
v -14.35048 3.52500 -14.28571
v -14.67524 3.52500 -13.72321
v -15.32476 3.52500 -13.72321
v -15.64952 3.52500 -14.28571
v -15.32476 3.52500 -14.84821
v -14.67524 3.52500 -14.84821
v -15.00000 2.85000 -14.28571
v -15.00000 3.75000 -14.28571
v -14.35048 3.07500 -12.85714
v -14.67524 3.07500 -12.29464
v -15.32476 3.07500 -12.29464
v -15.64952 3.07500 -12.85714
v -15.32476 3.07500 -13.41964
v -14.67524 3.07500 -13.41964
v -14.35048 3.52500 -12.85714
v -14.67524 3.52500 -12.29464
v -15.32476 3.52500 -12.29464
v -15.64952 3.52500 -12.85714
v -15.32476 3.52500 -13.41964
v -14.67524 3.52500 -13.41964
v -15.00000 2.85000 -12.85714
v -15.00000 3.75000 -12.85714
v -14.35048 3.07500 -11.42857
v -14.67524 3.07500 -10.86607
v -15.32476 3.07500 -10.86607
v -15.64952 3.07500 -11.42857
v -15.32476 3.07500 -11.99107
v -14.67524 3.07500 -11.99107
v -14.35048 3.52500 -11.42857
v -14.67524 3.52500 -10.86607
v -15.32476 3.52500 -10.86607
v -15.64952 3.52500 -11.42857
v -15.32476 3.52500 -11.99107
v -14.67524 3.52500 -11.99107
v -15.00000 2.85000 -11.42857
v -15.00000 3.75000 -11.42857
v -14.84412 3.71000 -11.42857
v -14.95183 3.71000 -11.28032
v -15.12611 3.71000 -11.33694
v -15.12611 3.71000 -11.52020
v -14.95183 3.71000 -11.57683
v -14.84412 3.89000 -11.42857
v -14.95183 3.89000 -11.28032
v -15.12611 3.89000 -11.33694
v -15.12611 3.89000 -11.52020
v -14.95183 3.89000 -11.57683
v -15.00000 3.62000 -11.42857
v -15.00000 3.98000 -11.42857
v -14.35048 3.07500 -10.00000
v -14.67524 3.07500 -9.43750
v -15.32476 3.07500 -9.43750
v -15.64952 3.07500 -10.00000
v -15.32476 3.07500 -10.56250
v -14.67524 3.07500 -10.56250
v -14.35048 3.52500 -10.00000
v -14.67524 3.52500 -9.43750
v -15.32476 3.52500 -9.43750
v -15.64952 3.52500 -10.00000
v -15.32476 3.52500 -10.56250
v -14.67524 3.52500 -10.56250
v -15.00000 2.85000 -10.00000
v -15.00000 3.75000 -10.00000
v -14.35048 3.07500 -8.57143
v -14.67524 3.07500 -8.00893
v -15.32476 3.07500 -8.00893
v -15.64952 3.07500 -8.57143
v -15.32476 3.07500 -9.13393
v -14.67524 3.07500 -9.13393
v -14.35048 3.52500 -8.57143
v -14.67524 3.52500 -8.00893
v -15.32476 3.52500 -8.00893
v -15.64952 3.52500 -8.57143
v -15.32476 3.52500 -9.13393
v -14.67524 3.52500 -9.13393
v -15.00000 2.85000 -8.57143
v -15.00000 3.75000 -8.57143
v -14.35048 3.07500 -7.14286
v -14.67524 3.07500 -6.58036
v -15.32476 3.07500 -6.58036
v -15.64952 3.07500 -7.14286
v -15.32476 3.07500 -7.70536
v -14.67524 3.07500 -7.70536
v -14.35048 3.52500 -7.14286
v -14.67524 3.52500 -6.58036
v -15.32476 3.52500 -6.58036
v -15.64952 3.52500 -7.14286
v -15.32476 3.52500 -7.70536
v -14.67524 3.52500 -7.70536
v -15.00000 2.85000 -7.14286
v -15.00000 3.75000 -7.14286
v -14.35048 3.07500 -5.71429
v -14.67524 3.07500 -5.15179
v -15.32476 3.07500 -5.15179
v -15.64952 3.07500 -5.71429
v -15.32476 3.07500 -6.27679
v -14.67524 3.07500 -6.27679
v -14.35048 3.52500 -5.71429
v -14.67524 3.52500 -5.15179
v -15.32476 3.52500 -5.15179
v -15.64952 3.52500 -5.71429
v -15.32476 3.52500 -6.27679
v -14.67524 3.52500 -6.27679
v -15.00000 2.85000 -5.71429
v -15.00000 3.75000 -5.71429
v -14.84412 3.71000 -5.71429
v -14.95183 3.71000 -5.56603
v -15.12611 3.71000 -5.62266
v -15.12611 3.71000 -5.80591
v -14.95183 3.71000 -5.86254
v -14.84412 3.89000 -5.71429
v -14.95183 3.89000 -5.56603
v -15.12611 3.89000 -5.62266
v -15.12611 3.89000 -5.80591
v -14.95183 3.89000 -5.86254
v -15.00000 3.62000 -5.71429
v -15.00000 3.98000 -5.71429
v -14.35048 3.07500 -4.28571
v -14.67524 3.07500 -3.72321
v -15.32476 3.07500 -3.72321
v -15.64952 3.07500 -4.28571
v -15.32476 3.07500 -4.84821
v -14.67524 3.07500 -4.84821
v -14.35048 3.52500 -4.28571
v -14.67524 3.52500 -3.72321
v -15.32476 3.52500 -3.72321
v -15.64952 3.52500 -4.28571
v -15.32476 3.52500 -4.84821
v -14.67524 3.52500 -4.84821
v -15.00000 2.85000 -4.28571
v -15.00000 3.75000 -4.28571
v -14.35048 3.07500 -2.85714
v -14.67524 3.07500 -2.29464
v -15.32476 3.07500 -2.29464
v -15.64952 3.07500 -2.85714
v -15.32476 3.07500 -3.41964
v -14.67524 3.07500 -3.41964
v -14.35048 3.52500 -2.85714
v -14.67524 3.52500 -2.29464
v -15.32476 3.52500 -2.29464
v -15.64952 3.52500 -2.85714
v -15.32476 3.52500 -3.41964
v -14.67524 3.52500 -3.41964
v -15.00000 2.85000 -2.85714
v -15.00000 3.75000 -2.85714
v -14.35048 3.07500 -1.42857
v -14.67524 3.07500 -0.86607
v -15.32476 3.07500 -0.86607
v -15.64952 3.07500 -1.42857
v -15.32476 3.07500 -1.99107
v -14.67524 3.07500 -1.99107
v -14.35048 3.52500 -1.42857
v -14.67524 3.52500 -0.86607
v -15.32476 3.52500 -0.86607
v -15.64952 3.52500 -1.42857
v -15.32476 3.52500 -1.99107
v -14.67524 3.52500 -1.99107
v -15.00000 2.85000 -1.42857
v -15.00000 3.75000 -1.42857
v -14.35048 3.07500 0.00000
v -14.67524 3.07500 0.56250
v -15.32476 3.07500 0.56250
v -15.64952 3.07500 0.00000
v -15.32476 3.07500 -0.56250
v -14.67524 3.07500 -0.56250
v -14.35048 3.52500 0.00000
v -14.67524 3.52500 0.56250
v -15.32476 3.52500 0.56250
v -15.64952 3.52500 0.00000
v -15.32476 3.52500 -0.56250
v -14.67524 3.52500 -0.56250
v -15.00000 2.85000 0.00000
v -15.00000 3.75000 0.00000
v -14.84412 3.71000 0.00000
v -14.95183 3.71000 0.14826
v -15.12611 3.71000 0.09163
v -15.12611 3.71000 -0.09163
v -14.95183 3.71000 -0.14826
v -14.84412 3.89000 0.00000
v -14.95183 3.89000 0.14826
v -15.12611 3.89000 0.09163
v -15.12611 3.89000 -0.09163
v -14.95183 3.89000 -0.14826
v -15.00000 3.62000 0.00000
v -15.00000 3.98000 0.00000
v -14.35048 3.07500 1.42857
v -14.67524 3.07500 1.99107
v -15.32476 3.07500 1.99107
v -15.64952 3.07500 1.42857
v -15.32476 3.07500 0.86607
v -14.67524 3.07500 0.86607
v -14.35048 3.52500 1.42857
v -14.67524 3.52500 1.99107
v -15.32476 3.52500 1.99107
v -15.64952 3.52500 1.42857
v -15.32476 3.52500 0.86607
v -14.67524 3.52500 0.86607
v -15.00000 2.85000 1.42857
v -15.00000 3.75000 1.42857
v -14.35048 3.07500 2.85714
v -14.67524 3.07500 3.41964
v -15.32476 3.07500 3.41964
v -15.64952 3.07500 2.85714
v -15.32476 3.07500 2.29464
v -14.67524 3.07500 2.29464
v -14.35048 3.52500 2.85714
v -14.67524 3.52500 3.41964
v -15.32476 3.52500 3.41964
v -15.64952 3.52500 2.85714
v -15.32476 3.52500 2.29464
v -14.67524 3.52500 2.29464
v -15.00000 2.85000 2.85714
v -15.00000 3.75000 2.85714
v -14.35048 3.07500 4.28571
v -14.67524 3.07500 4.84821
v -15.32476 3.07500 4.84821
v -15.64952 3.07500 4.28571
v -15.32476 3.07500 3.72321
v -14.67524 3.07500 3.72321
v -14.35048 3.52500 4.28571
v -14.67524 3.52500 4.84821
v -15.32476 3.52500 4.84821
v -15.64952 3.52500 4.28571
v -15.32476 3.52500 3.72321
v -14.67524 3.52500 3.72321
v -15.00000 2.85000 4.28571
v -15.00000 3.75000 4.28571
v -14.35048 3.07500 5.71429
v -14.67524 3.07500 6.27679
v -15.32476 3.07500 6.27679
v -15.64952 3.07500 5.71429
v -15.32476 3.07500 5.15179
v -14.67524 3.07500 5.15179
v -14.35048 3.52500 5.71429
v -14.67524 3.52500 6.27679
v -15.32476 3.52500 6.27679
v -15.64952 3.52500 5.71429
v -15.32476 3.52500 5.15179
v -14.67524 3.52500 5.15179
v -15.00000 2.85000 5.71429
v -15.00000 3.75000 5.71429
v -14.84412 3.71000 5.71429
v -14.95183 3.71000 5.86254
v -15.12611 3.71000 5.80591
v -15.12611 3.71000 5.62266
v -14.95183 3.71000 5.56603
v -14.84412 3.89000 5.71429
v -14.95183 3.89000 5.86254
v -15.12611 3.89000 5.80591
v -15.12611 3.89000 5.62266
v -14.95183 3.89000 5.56603
v -15.00000 3.62000 5.71429
v -15.00000 3.98000 5.71429
v -14.35048 3.07500 7.14286
v -14.67524 3.07500 7.70536
v -15.32476 3.07500 7.70536
v -15.64952 3.07500 7.14286
v -15.32476 3.07500 6.58036
v -14.67524 3.07500 6.58036
v -14.35048 3.52500 7.14286
v -14.67524 3.52500 7.70536
v -15.32476 3.52500 7.70536
v -15.64952 3.52500 7.14286
v -15.32476 3.52500 6.58036
v -14.67524 3.52500 6.58036
v -15.00000 2.85000 7.14286
v -15.00000 3.75000 7.14286
v -14.35048 3.07500 8.57143
v -14.67524 3.07500 9.13393
v -15.32476 3.07500 9.13393
v -15.64952 3.07500 8.57143
v -15.32476 3.07500 8.00893
v -14.67524 3.07500 8.00893
v -14.35048 3.52500 8.57143
v -14.67524 3.52500 9.13393
v -15.32476 3.52500 9.13393
v -15.64952 3.52500 8.57143
v -15.32476 3.52500 8.00893
v -14.67524 3.52500 8.00893
v -15.00000 2.85000 8.57143
v -15.00000 3.75000 8.57143
v -14.35048 3.07500 10.00000
v -14.67524 3.07500 10.56250
v -15.32476 3.07500 10.56250
v -15.64952 3.07500 10.00000
v -15.32476 3.07500 9.43750
v -14.67524 3.07500 9.43750
v -14.35048 3.52500 10.00000
v -14.67524 3.52500 10.56250
v -15.32476 3.52500 10.56250
v -15.64952 3.52500 10.00000
v -15.32476 3.52500 9.43750
v -14.67524 3.52500 9.43750
v -15.00000 2.85000 10.00000
v -15.00000 3.75000 10.00000
v -14.35048 3.07500 11.42857
v -14.67524 3.07500 11.99107
v -15.32476 3.07500 11.99107
v -15.64952 3.07500 11.42857
v -15.32476 3.07500 10.86607
v -14.67524 3.07500 10.86607
v -14.35048 3.52500 11.42857
v -14.67524 3.52500 11.99107
v -15.32476 3.52500 11.99107
v -15.64952 3.52500 11.42857
v -15.32476 3.52500 10.86607
v -14.67524 3.52500 10.86607
v -15.00000 2.85000 11.42857
v -15.00000 3.75000 11.42857
v -14.84412 3.71000 11.42857
v -14.95183 3.71000 11.57683
v -15.12611 3.71000 11.52020
v -15.12611 3.71000 11.33694
v -14.95183 3.71000 11.28032
v -14.84412 3.89000 11.42857
v -14.95183 3.89000 11.57683
v -15.12611 3.89000 11.52020
v -15.12611 3.89000 11.33694
v -14.95183 3.89000 11.28032
v -15.00000 3.62000 11.42857
v -15.00000 3.98000 11.42857
v -14.35048 3.07500 12.85714
v -14.67524 3.07500 13.41964
v -15.32476 3.07500 13.41964
v -15.64952 3.07500 12.85714
v -15.32476 3.07500 12.29464
v -14.67524 3.07500 12.29464
v -14.35048 3.52500 12.85714
v -14.67524 3.52500 13.41964
v -15.32476 3.52500 13.41964
v -15.64952 3.52500 12.85714
v -15.32476 3.52500 12.29464
v -14.67524 3.52500 12.29464
v -15.00000 2.85000 12.85714
v -15.00000 3.75000 12.85714
v -14.35048 3.07500 14.28571
v -14.67524 3.07500 14.84821
v -15.32476 3.07500 14.84821
v -15.64952 3.07500 14.28571
v -15.32476 3.07500 13.72321
v -14.67524 3.07500 13.72321
v -14.35048 3.52500 14.28571
v -14.67524 3.52500 14.84821
v -15.32476 3.52500 14.84821
v -15.64952 3.52500 14.28571
v -15.32476 3.52500 13.72321
v -14.67524 3.52500 13.72321
v -15.00000 2.85000 14.28571
v -15.00000 3.75000 14.28571
v -11.00000 0.00000 10.40000
v 11.00000 0.00000 10.40000
v 11.00000 3.20000 10.40000
v -11.00000 3.20000 10.40000
v -11.00000 0.00000 11.60000
v 11.00000 0.00000 11.60000
v 11.00000 3.20000 11.60000
v -11.00000 3.20000 11.60000
v -9.61715 3.07500 11.00000
v -9.94191 3.07500 11.56250
v -10.59143 3.07500 11.56250
v -10.91619 3.07500 11.00000
v -10.59143 3.07500 10.43750
v -9.94191 3.07500 10.43750
v -9.61715 3.52500 11.00000
v -9.94191 3.52500 11.56250
v -10.59143 3.52500 11.56250
v -10.91619 3.52500 11.00000
v -10.59143 3.52500 10.43750
v -9.94191 3.52500 10.43750
v -10.26667 2.85000 11.00000
v -10.26667 3.75000 11.00000
v -8.15048 3.07500 11.00000
v -8.47524 3.07500 11.56250
v -9.12476 3.07500 11.56250
v -9.44952 3.07500 11.00000
v -9.12476 3.07500 10.43750
v -8.47524 3.07500 10.43750
v -8.15048 3.52500 11.00000
v -8.47524 3.52500 11.56250
v -9.12476 3.52500 11.56250
v -9.44952 3.52500 11.00000
v -9.12476 3.52500 10.43750
v -8.47524 3.52500 10.43750
v -8.80000 2.85000 11.00000
v -8.80000 3.75000 11.00000
v -6.68381 3.07500 11.00000
v -7.00857 3.07500 11.56250
v -7.65809 3.07500 11.56250
v -7.98285 3.07500 11.00000
v -7.65809 3.07500 10.43750
v -7.00857 3.07500 10.43750
v -6.68381 3.52500 11.00000
v -7.00857 3.52500 11.56250
v -7.65809 3.52500 11.56250
v -7.98285 3.52500 11.00000
v -7.65809 3.52500 10.43750
v -7.00857 3.52500 10.43750
v -7.33333 2.85000 11.00000
v -7.33333 3.75000 11.00000
v -7.17745 3.71000 11.00000
v -7.28516 3.71000 11.14826
v -7.45945 3.71000 11.09163
v -7.45945 3.71000 10.90837
v -7.28516 3.71000 10.85174
v -7.17745 3.89000 11.00000
v -7.28516 3.89000 11.14826
v -7.45945 3.89000 11.09163
v -7.45945 3.89000 10.90837
v -7.28516 3.89000 10.85174
v -7.33333 3.62000 11.00000
v -7.33333 3.98000 11.00000
v -5.21715 3.07500 11.00000
v -5.54191 3.07500 11.56250
v -6.19143 3.07500 11.56250
v -6.51619 3.07500 11.00000
v -6.19143 3.07500 10.43750
v -5.54191 3.07500 10.43750
v -5.21715 3.52500 11.00000
v -5.54191 3.52500 11.56250
v -6.19143 3.52500 11.56250
v -6.51619 3.52500 11.00000
v -6.19143 3.52500 10.43750
v -5.54191 3.52500 10.43750
v -5.86667 2.85000 11.00000
v -5.86667 3.75000 11.00000
v -3.75048 3.07500 11.00000
v -4.07524 3.07500 11.56250
v -4.72476 3.07500 11.56250
v -5.04952 3.07500 11.00000
v -4.72476 3.07500 10.43750
v -4.07524 3.07500 10.43750
v -3.75048 3.52500 11.00000
v -4.07524 3.52500 11.56250
v -4.72476 3.52500 11.56250
v -5.04952 3.52500 11.00000
v -4.72476 3.52500 10.43750
v -4.07524 3.52500 10.43750
v -4.40000 2.85000 11.00000
v -4.40000 3.75000 11.00000
v -2.28381 3.07500 11.00000
v -2.60857 3.07500 11.56250
v -3.25809 3.07500 11.56250
v -3.58285 3.07500 11.00000
v -3.25809 3.07500 10.43750
v -2.60857 3.07500 10.43750
v -2.28381 3.52500 11.00000
v -2.60857 3.52500 11.56250
v -3.25809 3.52500 11.56250
v -3.58285 3.52500 11.00000
v -3.25809 3.52500 10.43750
v -2.60857 3.52500 10.43750
v -2.93333 2.85000 11.00000
v -2.93333 3.75000 11.00000
v -0.81715 3.07500 11.00000
v -1.14191 3.07500 11.56250
v -1.79143 3.07500 11.56250
v -2.11619 3.07500 11.00000
v -1.79143 3.07500 10.43750
v -1.14191 3.07500 10.43750
v -0.81715 3.52500 11.00000
v -1.14191 3.52500 11.56250
v -1.79143 3.52500 11.56250
v -2.11619 3.52500 11.00000
v -1.79143 3.52500 10.43750
v -1.14191 3.52500 10.43750
v -1.46667 2.85000 11.00000
v -1.46667 3.75000 11.00000
v -1.31078 3.71000 11.00000
v -1.41850 3.71000 11.14826
v -1.59278 3.71000 11.09163
v -1.59278 3.71000 10.90837
v -1.41850 3.71000 10.85174
v -1.31078 3.89000 11.00000
v -1.41850 3.89000 11.14826
v -1.59278 3.89000 11.09163
v -1.59278 3.89000 10.90837
v -1.41850 3.89000 10.85174
v -1.46667 3.62000 11.00000
v -1.46667 3.98000 11.00000
v 0.64952 3.07500 11.00000
v 0.32476 3.07500 11.56250
v -0.32476 3.07500 11.56250
v -0.64952 3.07500 11.00000
v -0.32476 3.07500 10.43750
v 0.32476 3.07500 10.43750
v 0.64952 3.52500 11.00000
v 0.32476 3.52500 11.56250
v -0.32476 3.52500 11.56250
v -0.64952 3.52500 11.00000
v -0.32476 3.52500 10.43750
v 0.32476 3.52500 10.43750
v 0.00000 2.85000 11.00000
v 0.00000 3.75000 11.00000
v 2.11619 3.07500 11.00000
v 1.79143 3.07500 11.56250
v 1.14191 3.07500 11.56250
v 0.81715 3.07500 11.00000
v 1.14191 3.07500 10.43750
v 1.79143 3.07500 10.43750
v 2.11619 3.52500 11.00000
v 1.79143 3.52500 11.56250
v 1.14191 3.52500 11.56250
v 0.81715 3.52500 11.00000
v 1.14191 3.52500 10.43750
v 1.79143 3.52500 10.43750
v 1.46667 2.85000 11.00000
v 1.46667 3.75000 11.00000
v 3.58285 3.07500 11.00000
v 3.25809 3.07500 11.56250
v 2.60857 3.07500 11.56250
v 2.28381 3.07500 11.00000
v 2.60857 3.07500 10.43750
v 3.25809 3.07500 10.43750
v 3.58285 3.52500 11.00000
v 3.25809 3.52500 11.56250
v 2.60857 3.52500 11.56250
v 2.28381 3.52500 11.00000
v 2.60857 3.52500 10.43750
v 3.25809 3.52500 10.43750
v 2.93333 2.85000 11.00000
v 2.93333 3.75000 11.00000
v 5.04952 3.07500 11.00000
v 4.72476 3.07500 11.56250
v 4.07524 3.07500 11.56250
v 3.75048 3.07500 11.00000
v 4.07524 3.07500 10.43750
v 4.72476 3.07500 10.43750
v 5.04952 3.52500 11.00000
v 4.72476 3.52500 11.56250
v 4.07524 3.52500 11.56250
v 3.75048 3.52500 11.00000
v 4.07524 3.52500 10.43750
v 4.72476 3.52500 10.43750
v 4.40000 2.85000 11.00000
v 4.40000 3.75000 11.00000
v 4.55588 3.71000 11.00000
v 4.44817 3.71000 11.14826
v 4.27389 3.71000 11.09163
v 4.27389 3.71000 10.90837
v 4.44817 3.71000 10.85174
v 4.55588 3.89000 11.00000
v 4.44817 3.89000 11.14826
v 4.27389 3.89000 11.09163
v 4.27389 3.89000 10.90837
v 4.44817 3.89000 10.85174
v 4.40000 3.62000 11.00000
v 4.40000 3.98000 11.00000
v 6.51619 3.07500 11.00000
v 6.19143 3.07500 11.56250
v 5.54191 3.07500 11.56250
v 5.21715 3.07500 11.00000
v 5.54191 3.07500 10.43750
v 6.19143 3.07500 10.43750
v 6.51619 3.52500 11.00000
v 6.19143 3.52500 11.56250
v 5.54191 3.52500 11.56250
v 5.21715 3.52500 11.00000
v 5.54191 3.52500 10.43750
v 6.19143 3.52500 10.43750
v 5.86667 2.85000 11.00000
v 5.86667 3.75000 11.00000
v 7.98285 3.07500 11.00000
v 7.65809 3.07500 11.56250
v 7.00857 3.07500 11.56250
v 6.68381 3.07500 11.00000
v 7.00857 3.07500 10.43750
v 7.65809 3.07500 10.43750
v 7.98285 3.52500 11.00000
v 7.65809 3.52500 11.56250
v 7.00857 3.52500 11.56250
v 6.68381 3.52500 11.00000
v 7.00857 3.52500 10.43750
v 7.65809 3.52500 10.43750
v 7.33333 2.85000 11.00000
v 7.33333 3.75000 11.00000
v 9.44952 3.07500 11.00000
v 9.12476 3.07500 11.56250
v 8.47524 3.07500 11.56250
v 8.15048 3.07500 11.00000
v 8.47524 3.07500 10.43750
v 9.12476 3.07500 10.43750
v 9.44952 3.52500 11.00000
v 9.12476 3.52500 11.56250
v 8.47524 3.52500 11.56250
v 8.15048 3.52500 11.00000
v 8.47524 3.52500 10.43750
v 9.12476 3.52500 10.43750
v 8.80000 2.85000 11.00000
v 8.80000 3.75000 11.00000
v 10.91619 3.07500 11.00000
v 10.59143 3.07500 11.56250
v 9.94191 3.07500 11.56250
v 9.61715 3.07500 11.00000
v 9.94191 3.07500 10.43750
v 10.59143 3.07500 10.43750
v 10.91619 3.52500 11.00000
v 10.59143 3.52500 11.56250
v 9.94191 3.52500 11.56250
v 9.61715 3.52500 11.00000
v 9.94191 3.52500 10.43750
v 10.59143 3.52500 10.43750
v 10.26667 2.85000 11.00000
v 10.26667 3.75000 11.00000
v 10.42255 3.71000 11.00000
v 10.31484 3.71000 11.14826
v 10.14055 3.71000 11.09163
v 10.14055 3.71000 10.90837
v 10.31484 3.71000 10.85174
v 10.42255 3.89000 11.00000
v 10.31484 3.89000 11.14826
v 10.14055 3.89000 11.09163
v 10.14055 3.89000 10.90837
v 10.31484 3.89000 10.85174
v 10.26667 3.62000 11.00000
v 10.26667 3.98000 11.00000
v -11.00000 0.00000 -11.60000
v -1.80000 0.00000 -11.60000
v -1.80000 3.20000 -11.60000
v -11.00000 3.20000 -11.60000
v -11.00000 0.00000 -10.40000
v -1.80000 0.00000 -10.40000
v -1.80000 3.20000 -10.40000
v -11.00000 3.20000 -10.40000
v -9.58381 3.07500 -11.00000
v -9.90857 3.07500 -10.43750
v -10.55809 3.07500 -10.43750
v -10.88285 3.07500 -11.00000
v -10.55809 3.07500 -11.56250
v -9.90857 3.07500 -11.56250
v -9.58381 3.52500 -11.00000
v -9.90857 3.52500 -10.43750
v -10.55809 3.52500 -10.43750
v -10.88285 3.52500 -11.00000
v -10.55809 3.52500 -11.56250
v -9.90857 3.52500 -11.56250
v -10.23333 2.85000 -11.00000
v -10.23333 3.75000 -11.00000
v -8.05048 3.07500 -11.00000
v -8.37524 3.07500 -10.43750
v -9.02476 3.07500 -10.43750
v -9.34952 3.07500 -11.00000
v -9.02476 3.07500 -11.56250
v -8.37524 3.07500 -11.56250
v -8.05048 3.52500 -11.00000
v -8.37524 3.52500 -10.43750
v -9.02476 3.52500 -10.43750
v -9.34952 3.52500 -11.00000
v -9.02476 3.52500 -11.56250
v -8.37524 3.52500 -11.56250
v -8.70000 2.85000 -11.00000
v -8.70000 3.75000 -11.00000
v -6.51715 3.07500 -11.00000
v -6.84191 3.07500 -10.43750
v -7.49143 3.07500 -10.43750
v -7.81619 3.07500 -11.00000
v -7.49143 3.07500 -11.56250
v -6.84191 3.07500 -11.56250
v -6.51715 3.52500 -11.00000
v -6.84191 3.52500 -10.43750
v -7.49143 3.52500 -10.43750
v -7.81619 3.52500 -11.00000
v -7.49143 3.52500 -11.56250
v -6.84191 3.52500 -11.56250
v -7.16667 2.85000 -11.00000
v -7.16667 3.75000 -11.00000
v -7.01078 3.71000 -11.00000
v -7.11850 3.71000 -10.85174
v -7.29278 3.71000 -10.90837
v -7.29278 3.71000 -11.09163
v -7.11850 3.71000 -11.14826
v -7.01078 3.89000 -11.00000
v -7.11850 3.89000 -10.85174
v -7.29278 3.89000 -10.90837
v -7.29278 3.89000 -11.09163
v -7.11850 3.89000 -11.14826
v -7.16667 3.62000 -11.00000
v -7.16667 3.98000 -11.00000
v -4.98381 3.07500 -11.00000
v -5.30857 3.07500 -10.43750
v -5.95809 3.07500 -10.43750
v -6.28285 3.07500 -11.00000
v -5.95809 3.07500 -11.56250
v -5.30857 3.07500 -11.56250
v -4.98381 3.52500 -11.00000
v -5.30857 3.52500 -10.43750
v -5.95809 3.52500 -10.43750
v -6.28285 3.52500 -11.00000
v -5.95809 3.52500 -11.56250
v -5.30857 3.52500 -11.56250
v -5.63333 2.85000 -11.00000
v -5.63333 3.75000 -11.00000
v -3.45048 3.07500 -11.00000
v -3.77524 3.07500 -10.43750
v -4.42476 3.07500 -10.43750
v -4.74952 3.07500 -11.00000
v -4.42476 3.07500 -11.56250
v -3.77524 3.07500 -11.56250
v -3.45048 3.52500 -11.00000
v -3.77524 3.52500 -10.43750
v -4.42476 3.52500 -10.43750
v -4.74952 3.52500 -11.00000
v -4.42476 3.52500 -11.56250
v -3.77524 3.52500 -11.56250
v -4.10000 2.85000 -11.00000
v -4.10000 3.75000 -11.00000
v -1.91715 3.07500 -11.00000
v -2.24191 3.07500 -10.43750
v -2.89143 3.07500 -10.43750
v -3.21619 3.07500 -11.00000
v -2.89143 3.07500 -11.56250
v -2.24191 3.07500 -11.56250
v -1.91715 3.52500 -11.00000
v -2.24191 3.52500 -10.43750
v -2.89143 3.52500 -10.43750
v -3.21619 3.52500 -11.00000
v -2.89143 3.52500 -11.56250
v -2.24191 3.52500 -11.56250
v -2.56667 2.85000 -11.00000
v -2.56667 3.75000 -11.00000
v 1.80000 0.00000 -11.60000
v 11.00000 0.00000 -11.60000
v 11.00000 3.20000 -11.60000
v 1.80000 3.20000 -11.60000
v 1.80000 0.00000 -10.40000
v 11.00000 0.00000 -10.40000
v 11.00000 3.20000 -10.40000
v 1.80000 3.20000 -10.40000
v 3.21619 3.07500 -11.00000
v 2.89143 3.07500 -10.43750
v 2.24191 3.07500 -10.43750
v 1.91715 3.07500 -11.00000
v 2.24191 3.07500 -11.56250
v 2.89143 3.07500 -11.56250
v 3.21619 3.52500 -11.00000
v 2.89143 3.52500 -10.43750
v 2.24191 3.52500 -10.43750
v 1.91715 3.52500 -11.00000
v 2.24191 3.52500 -11.56250
v 2.89143 3.52500 -11.56250
v 2.56667 2.85000 -11.00000
v 2.56667 3.75000 -11.00000
v 4.74952 3.07500 -11.00000
v 4.42476 3.07500 -10.43750
v 3.77524 3.07500 -10.43750
v 3.45048 3.07500 -11.00000
v 3.77524 3.07500 -11.56250
v 4.42476 3.07500 -11.56250
v 4.74952 3.52500 -11.00000
v 4.42476 3.52500 -10.43750
v 3.77524 3.52500 -10.43750
v 3.45048 3.52500 -11.00000
v 3.77524 3.52500 -11.56250
v 4.42476 3.52500 -11.56250
v 4.10000 2.85000 -11.00000
v 4.10000 3.75000 -11.00000
v 6.28285 3.07500 -11.00000
v 5.95809 3.07500 -10.43750
v 5.30857 3.07500 -10.43750
v 4.98381 3.07500 -11.00000
v 5.30857 3.07500 -11.56250
v 5.95809 3.07500 -11.56250
v 6.28285 3.52500 -11.00000
v 5.95809 3.52500 -10.43750
v 5.30857 3.52500 -10.43750
v 4.98381 3.52500 -11.00000
v 5.30857 3.52500 -11.56250
v 5.95809 3.52500 -11.56250
v 5.63333 2.85000 -11.00000
v 5.63333 3.75000 -11.00000
v 5.78922 3.71000 -11.00000
v 5.68150 3.71000 -10.85174
v 5.50722 3.71000 -10.90837
v 5.50722 3.71000 -11.09163
v 5.68150 3.71000 -11.14826
v 5.78922 3.89000 -11.00000
v 5.68150 3.89000 -10.85174
v 5.50722 3.89000 -10.90837
v 5.50722 3.89000 -11.09163
v 5.68150 3.89000 -11.14826
v 5.63333 3.62000 -11.00000
v 5.63333 3.98000 -11.00000
v 7.81619 3.07500 -11.00000
v 7.49143 3.07500 -10.43750
v 6.84191 3.07500 -10.43750
v 6.51715 3.07500 -11.00000
v 6.84191 3.07500 -11.56250
v 7.49143 3.07500 -11.56250
v 7.81619 3.52500 -11.00000
v 7.49143 3.52500 -10.43750
v 6.84191 3.52500 -10.43750
v 6.51715 3.52500 -11.00000
v 6.84191 3.52500 -11.56250
v 7.49143 3.52500 -11.56250
v 7.16667 2.85000 -11.00000
v 7.16667 3.75000 -11.00000
v 9.34952 3.07500 -11.00000
v 9.02476 3.07500 -10.43750
v 8.37524 3.07500 -10.43750
v 8.05048 3.07500 -11.00000
v 8.37524 3.07500 -11.56250
v 9.02476 3.07500 -11.56250
v 9.34952 3.52500 -11.00000
v 9.02476 3.52500 -10.43750
v 8.37524 3.52500 -10.43750
v 8.05048 3.52500 -11.00000
v 8.37524 3.52500 -11.56250
v 9.02476 3.52500 -11.56250
v 8.70000 2.85000 -11.00000
v 8.70000 3.75000 -11.00000
v 10.88285 3.07500 -11.00000
v 10.55809 3.07500 -10.43750
v 9.90857 3.07500 -10.43750
v 9.58381 3.07500 -11.00000
v 9.90857 3.07500 -11.56250
v 10.55809 3.07500 -11.56250
v 10.88285 3.52500 -11.00000
v 10.55809 3.52500 -10.43750
v 9.90857 3.52500 -10.43750
v 9.58381 3.52500 -11.00000
v 9.90857 3.52500 -11.56250
v 10.55809 3.52500 -11.56250
v 10.23333 2.85000 -11.00000
v 10.23333 3.75000 -11.00000
v 10.40000 0.00000 -11.00000
v 11.60000 0.00000 -11.00000
v 11.60000 3.20000 -11.00000
v 10.40000 3.20000 -11.00000
v 10.40000 0.00000 11.00000
v 11.60000 0.00000 11.00000
v 11.60000 3.20000 11.00000
v 10.40000 3.20000 11.00000
v 11.64952 3.07500 -10.26667
v 11.32476 3.07500 -9.70417
v 10.67524 3.07500 -9.70417
v 10.35048 3.07500 -10.26667
v 10.67524 3.07500 -10.82917
v 11.32476 3.07500 -10.82917
v 11.64952 3.52500 -10.26667
v 11.32476 3.52500 -9.70417
v 10.67524 3.52500 -9.70417
v 10.35048 3.52500 -10.26667
v 10.67524 3.52500 -10.82917
v 11.32476 3.52500 -10.82917
v 11.00000 2.85000 -10.26667
v 11.00000 3.75000 -10.26667
v 11.64952 3.07500 -8.80000
v 11.32476 3.07500 -8.23750
v 10.67524 3.07500 -8.23750
v 10.35048 3.07500 -8.80000
v 10.67524 3.07500 -9.36250
v 11.32476 3.07500 -9.36250
v 11.64952 3.52500 -8.80000
v 11.32476 3.52500 -8.23750
v 10.67524 3.52500 -8.23750
v 10.35048 3.52500 -8.80000
v 10.67524 3.52500 -9.36250
v 11.32476 3.52500 -9.36250
v 11.00000 2.85000 -8.80000
v 11.00000 3.75000 -8.80000
v 11.64952 3.07500 -7.33333
v 11.32476 3.07500 -6.77083
v 10.67524 3.07500 -6.77083
v 10.35048 3.07500 -7.33333
v 10.67524 3.07500 -7.89583
v 11.32476 3.07500 -7.89583
v 11.64952 3.52500 -7.33333
v 11.32476 3.52500 -6.77083
v 10.67524 3.52500 -6.77083
v 10.35048 3.52500 -7.33333
v 10.67524 3.52500 -7.89583
v 11.32476 3.52500 -7.89583
v 11.00000 2.85000 -7.33333
v 11.00000 3.75000 -7.33333
v 11.15588 3.71000 -7.33333
v 11.04817 3.71000 -7.18508
v 10.87389 3.71000 -7.24171
v 10.87389 3.71000 -7.42496
v 11.04817 3.71000 -7.48159
v 11.15588 3.89000 -7.33333
v 11.04817 3.89000 -7.18508
v 10.87389 3.89000 -7.24171
v 10.87389 3.89000 -7.42496
v 11.04817 3.89000 -7.48159
v 11.00000 3.62000 -7.33333
v 11.00000 3.98000 -7.33333
v 11.64952 3.07500 -5.86667
v 11.32476 3.07500 -5.30417
v 10.67524 3.07500 -5.30417
v 10.35048 3.07500 -5.86667
v 10.67524 3.07500 -6.42917
v 11.32476 3.07500 -6.42917
v 11.64952 3.52500 -5.86667
v 11.32476 3.52500 -5.30417
v 10.67524 3.52500 -5.30417
v 10.35048 3.52500 -5.86667
v 10.67524 3.52500 -6.42917
v 11.32476 3.52500 -6.42917
v 11.00000 2.85000 -5.86667
v 11.00000 3.75000 -5.86667
v 11.64952 3.07500 -4.40000
v 11.32476 3.07500 -3.83750
v 10.67524 3.07500 -3.83750
v 10.35048 3.07500 -4.40000
v 10.67524 3.07500 -4.96250
v 11.32476 3.07500 -4.96250
v 11.64952 3.52500 -4.40000
v 11.32476 3.52500 -3.83750
v 10.67524 3.52500 -3.83750
v 10.35048 3.52500 -4.40000
v 10.67524 3.52500 -4.96250
v 11.32476 3.52500 -4.96250
v 11.00000 2.85000 -4.40000
v 11.00000 3.75000 -4.40000
v 11.64952 3.07500 -2.93333
v 11.32476 3.07500 -2.37083
v 10.67524 3.07500 -2.37083
v 10.35048 3.07500 -2.93333
v 10.67524 3.07500 -3.49583
v 11.32476 3.07500 -3.49583
v 11.64952 3.52500 -2.93333
v 11.32476 3.52500 -2.37083
v 10.67524 3.52500 -2.37083
v 10.35048 3.52500 -2.93333
v 10.67524 3.52500 -3.49583
v 11.32476 3.52500 -3.49583
v 11.00000 2.85000 -2.93333
v 11.00000 3.75000 -2.93333
v 11.64952 3.07500 -1.46667
v 11.32476 3.07500 -0.90417
v 10.67524 3.07500 -0.90417
v 10.35048 3.07500 -1.46667
v 10.67524 3.07500 -2.02917
v 11.32476 3.07500 -2.02917
v 11.64952 3.52500 -1.46667
v 11.32476 3.52500 -0.90417
v 10.67524 3.52500 -0.90417
v 10.35048 3.52500 -1.46667
v 10.67524 3.52500 -2.02917
v 11.32476 3.52500 -2.02917
v 11.00000 2.85000 -1.46667
v 11.00000 3.75000 -1.46667
v 11.15588 3.71000 -1.46667
v 11.04817 3.71000 -1.31841
v 10.87389 3.71000 -1.37504
v 10.87389 3.71000 -1.55829
v 11.04817 3.71000 -1.61492
v 11.15588 3.89000 -1.46667
v 11.04817 3.89000 -1.31841
v 10.87389 3.89000 -1.37504
v 10.87389 3.89000 -1.55829
v 11.04817 3.89000 -1.61492
v 11.00000 3.62000 -1.46667
v 11.00000 3.98000 -1.46667
v 11.64952 3.07500 0.00000
v 11.32476 3.07500 0.56250
v 10.67524 3.07500 0.56250
v 10.35048 3.07500 0.00000
v 10.67524 3.07500 -0.56250
v 11.32476 3.07500 -0.56250
v 11.64952 3.52500 0.00000
v 11.32476 3.52500 0.56250
v 10.67524 3.52500 0.56250
v 10.35048 3.52500 0.00000
v 10.67524 3.52500 -0.56250
v 11.32476 3.52500 -0.56250
v 11.00000 2.85000 0.00000
v 11.00000 3.75000 0.00000
v 11.64952 3.07500 1.46667
v 11.32476 3.07500 2.02917
v 10.67524 3.07500 2.02917
v 10.35048 3.07500 1.46667
v 10.67524 3.07500 0.90417
v 11.32476 3.07500 0.90417
v 11.64952 3.52500 1.46667
v 11.32476 3.52500 2.02917
v 10.67524 3.52500 2.02917
v 10.35048 3.52500 1.46667
v 10.67524 3.52500 0.90417
v 11.32476 3.52500 0.90417
v 11.00000 2.85000 1.46667
v 11.00000 3.75000 1.46667
v 11.64952 3.07500 2.93333
v 11.32476 3.07500 3.49583
v 10.67524 3.07500 3.49583
v 10.35048 3.07500 2.93333
v 10.67524 3.07500 2.37083
v 11.32476 3.07500 2.37083
v 11.64952 3.52500 2.93333
v 11.32476 3.52500 3.49583
v 10.67524 3.52500 3.49583
v 10.35048 3.52500 2.93333
v 10.67524 3.52500 2.37083
v 11.32476 3.52500 2.37083
v 11.00000 2.85000 2.93333
v 11.00000 3.75000 2.93333
v 11.64952 3.07500 4.40000
v 11.32476 3.07500 4.96250
v 10.67524 3.07500 4.96250
v 10.35048 3.07500 4.40000
v 10.67524 3.07500 3.83750
v 11.32476 3.07500 3.83750
v 11.64952 3.52500 4.40000
v 11.32476 3.52500 4.96250
v 10.67524 3.52500 4.96250
v 10.35048 3.52500 4.40000
v 10.67524 3.52500 3.83750
v 11.32476 3.52500 3.83750
v 11.00000 2.85000 4.40000
v 11.00000 3.75000 4.40000
v 11.15588 3.71000 4.40000
v 11.04817 3.71000 4.54826
v 10.87389 3.71000 4.49163
v 10.87389 3.71000 4.30837
v 11.04817 3.71000 4.25174
v 11.15588 3.89000 4.40000
v 11.04817 3.89000 4.54826
v 10.87389 3.89000 4.49163
v 10.87389 3.89000 4.30837
v 11.04817 3.89000 4.25174
v 11.00000 3.62000 4.40000
v 11.00000 3.98000 4.40000
v 11.64952 3.07500 5.86667
v 11.32476 3.07500 6.42917
v 10.67524 3.07500 6.42917
v 10.35048 3.07500 5.86667
v 10.67524 3.07500 5.30417
v 11.32476 3.07500 5.30417
v 11.64952 3.52500 5.86667
v 11.32476 3.52500 6.42917
v 10.67524 3.52500 6.42917
v 10.35048 3.52500 5.86667
v 10.67524 3.52500 5.30417
v 11.32476 3.52500 5.30417
v 11.00000 2.85000 5.86667
v 11.00000 3.75000 5.86667
v 11.64952 3.07500 7.33333
v 11.32476 3.07500 7.89583
v 10.67524 3.07500 7.89583
v 10.35048 3.07500 7.33333
v 10.67524 3.07500 6.77083
v 11.32476 3.07500 6.77083
v 11.64952 3.52500 7.33333
v 11.32476 3.52500 7.89583
v 10.67524 3.52500 7.89583
v 10.35048 3.52500 7.33333
v 10.67524 3.52500 6.77083
v 11.32476 3.52500 6.77083
v 11.00000 2.85000 7.33333
v 11.00000 3.75000 7.33333
v 11.64952 3.07500 8.80000
v 11.32476 3.07500 9.36250
v 10.67524 3.07500 9.36250
v 10.35048 3.07500 8.80000
v 10.67524 3.07500 8.23750
v 11.32476 3.07500 8.23750
v 11.64952 3.52500 8.80000
v 11.32476 3.52500 9.36250
v 10.67524 3.52500 9.36250
v 10.35048 3.52500 8.80000
v 10.67524 3.52500 8.23750
v 11.32476 3.52500 8.23750
v 11.00000 2.85000 8.80000
v 11.00000 3.75000 8.80000
v 11.64952 3.07500 10.26667
v 11.32476 3.07500 10.82917
v 10.67524 3.07500 10.82917
v 10.35048 3.07500 10.26667
v 10.67524 3.07500 9.70417
v 11.32476 3.07500 9.70417
v 11.64952 3.52500 10.26667
v 11.32476 3.52500 10.82917
v 10.67524 3.52500 10.82917
v 10.35048 3.52500 10.26667
v 10.67524 3.52500 9.70417
v 11.32476 3.52500 9.70417
v 11.00000 2.85000 10.26667
v 11.00000 3.75000 10.26667
v 11.15588 3.71000 10.26667
v 11.04817 3.71000 10.41492
v 10.87389 3.71000 10.35829
v 10.87389 3.71000 10.17504
v 11.04817 3.71000 10.11841
v 11.15588 3.89000 10.26667
v 11.04817 3.89000 10.41492
v 10.87389 3.89000 10.35829
v 10.87389 3.89000 10.17504
v 11.04817 3.89000 10.11841
v 11.00000 3.62000 10.26667
v 11.00000 3.98000 10.26667
v -11.60000 0.00000 -11.00000
v -10.40000 0.00000 -11.00000
v -10.40000 3.20000 -11.00000
v -11.60000 3.20000 -11.00000
v -11.60000 0.00000 11.00000
v -10.40000 0.00000 11.00000
v -10.40000 3.20000 11.00000
v -11.60000 3.20000 11.00000
v -10.35048 3.07500 -10.26667
v -10.67524 3.07500 -9.70417
v -11.32476 3.07500 -9.70417
v -11.64952 3.07500 -10.26667
v -11.32476 3.07500 -10.82917
v -10.67524 3.07500 -10.82917
v -10.35048 3.52500 -10.26667
v -10.67524 3.52500 -9.70417
v -11.32476 3.52500 -9.70417
v -11.64952 3.52500 -10.26667
v -11.32476 3.52500 -10.82917
v -10.67524 3.52500 -10.82917
v -11.00000 2.85000 -10.26667
v -11.00000 3.75000 -10.26667
v -10.35048 3.07500 -8.80000
v -10.67524 3.07500 -8.23750
v -11.32476 3.07500 -8.23750
v -11.64952 3.07500 -8.80000
v -11.32476 3.07500 -9.36250
v -10.67524 3.07500 -9.36250
v -10.35048 3.52500 -8.80000
v -10.67524 3.52500 -8.23750
v -11.32476 3.52500 -8.23750
v -11.64952 3.52500 -8.80000
v -11.32476 3.52500 -9.36250
v -10.67524 3.52500 -9.36250
v -11.00000 2.85000 -8.80000
v -11.00000 3.75000 -8.80000
v -10.35048 3.07500 -7.33333
v -10.67524 3.07500 -6.77083
v -11.32476 3.07500 -6.77083
v -11.64952 3.07500 -7.33333
v -11.32476 3.07500 -7.89583
v -10.67524 3.07500 -7.89583
v -10.35048 3.52500 -7.33333
v -10.67524 3.52500 -6.77083
v -11.32476 3.52500 -6.77083
v -11.64952 3.52500 -7.33333
v -11.32476 3.52500 -7.89583
v -10.67524 3.52500 -7.89583
v -11.00000 2.85000 -7.33333
v -11.00000 3.75000 -7.33333
v -10.84412 3.71000 -7.33333
v -10.95183 3.71000 -7.18508
v -11.12611 3.71000 -7.24171
v -11.12611 3.71000 -7.42496
v -10.95183 3.71000 -7.48159
v -10.84412 3.89000 -7.33333
v -10.95183 3.89000 -7.18508
v -11.12611 3.89000 -7.24171
v -11.12611 3.89000 -7.42496
v -10.95183 3.89000 -7.48159
v -11.00000 3.62000 -7.33333
v -11.00000 3.98000 -7.33333
v -10.35048 3.07500 -5.86667
v -10.67524 3.07500 -5.30417
v -11.32476 3.07500 -5.30417
v -11.64952 3.07500 -5.86667
v -11.32476 3.07500 -6.42917
v -10.67524 3.07500 -6.42917
v -10.35048 3.52500 -5.86667
v -10.67524 3.52500 -5.30417
v -11.32476 3.52500 -5.30417
v -11.64952 3.52500 -5.86667
v -11.32476 3.52500 -6.42917
v -10.67524 3.52500 -6.42917
v -11.00000 2.85000 -5.86667
v -11.00000 3.75000 -5.86667
v -10.35048 3.07500 -4.40000
v -10.67524 3.07500 -3.83750
v -11.32476 3.07500 -3.83750
v -11.64952 3.07500 -4.40000
v -11.32476 3.07500 -4.96250
v -10.67524 3.07500 -4.96250
v -10.35048 3.52500 -4.40000
v -10.67524 3.52500 -3.83750
v -11.32476 3.52500 -3.83750
v -11.64952 3.52500 -4.40000
v -11.32476 3.52500 -4.96250
v -10.67524 3.52500 -4.96250
v -11.00000 2.85000 -4.40000
v -11.00000 3.75000 -4.40000
v -10.35048 3.07500 -2.93333
v -10.67524 3.07500 -2.37083
v -11.32476 3.07500 -2.37083
v -11.64952 3.07500 -2.93333
v -11.32476 3.07500 -3.49583
v -10.67524 3.07500 -3.49583
v -10.35048 3.52500 -2.93333
v -10.67524 3.52500 -2.37083
v -11.32476 3.52500 -2.37083
v -11.64952 3.52500 -2.93333
v -11.32476 3.52500 -3.49583
v -10.67524 3.52500 -3.49583
v -11.00000 2.85000 -2.93333
v -11.00000 3.75000 -2.93333
v -10.35048 3.07500 -1.46667
v -10.67524 3.07500 -0.90417
v -11.32476 3.07500 -0.90417
v -11.64952 3.07500 -1.46667
v -11.32476 3.07500 -2.02917
v -10.67524 3.07500 -2.02917
v -10.35048 3.52500 -1.46667
v -10.67524 3.52500 -0.90417
v -11.32476 3.52500 -0.90417
v -11.64952 3.52500 -1.46667
v -11.32476 3.52500 -2.02917
v -10.67524 3.52500 -2.02917
v -11.00000 2.85000 -1.46667
v -11.00000 3.75000 -1.46667
v -10.84412 3.71000 -1.46667
v -10.95183 3.71000 -1.31841
v -11.12611 3.71000 -1.37504
v -11.12611 3.71000 -1.55829
v -10.95183 3.71000 -1.61492
v -10.84412 3.89000 -1.46667
v -10.95183 3.89000 -1.31841
v -11.12611 3.89000 -1.37504
v -11.12611 3.89000 -1.55829
v -10.95183 3.89000 -1.61492
v -11.00000 3.62000 -1.46667
v -11.00000 3.98000 -1.46667
v -10.35048 3.07500 0.00000
v -10.67524 3.07500 0.56250
v -11.32476 3.07500 0.56250
v -11.64952 3.07500 0.00000
v -11.32476 3.07500 -0.56250
v -10.67524 3.07500 -0.56250
v -10.35048 3.52500 0.00000
v -10.67524 3.52500 0.56250
v -11.32476 3.52500 0.56250
v -11.64952 3.52500 0.00000
v -11.32476 3.52500 -0.56250
v -10.67524 3.52500 -0.56250
v -11.00000 2.85000 0.00000
v -11.00000 3.75000 0.00000
v -10.35048 3.07500 1.46667
v -10.67524 3.07500 2.02917
v -11.32476 3.07500 2.02917
v -11.64952 3.07500 1.46667
v -11.32476 3.07500 0.90417
v -10.67524 3.07500 0.90417
v -10.35048 3.52500 1.46667
v -10.67524 3.52500 2.02917
v -11.32476 3.52500 2.02917
v -11.64952 3.52500 1.46667
v -11.32476 3.52500 0.90417
v -10.67524 3.52500 0.90417
v -11.00000 2.85000 1.46667
v -11.00000 3.75000 1.46667
v -10.35048 3.07500 2.93333
v -10.67524 3.07500 3.49583
v -11.32476 3.07500 3.49583
v -11.64952 3.07500 2.93333
v -11.32476 3.07500 2.37083
v -10.67524 3.07500 2.37083
v -10.35048 3.52500 2.93333
v -10.67524 3.52500 3.49583
v -11.32476 3.52500 3.49583
v -11.64952 3.52500 2.93333
v -11.32476 3.52500 2.37083
v -10.67524 3.52500 2.37083
v -11.00000 2.85000 2.93333
v -11.00000 3.75000 2.93333
v -10.35048 3.07500 4.40000
v -10.67524 3.07500 4.96250
v -11.32476 3.07500 4.96250
v -11.64952 3.07500 4.40000
v -11.32476 3.07500 3.83750
v -10.67524 3.07500 3.83750
v -10.35048 3.52500 4.40000
v -10.67524 3.52500 4.96250
v -11.32476 3.52500 4.96250
v -11.64952 3.52500 4.40000
v -11.32476 3.52500 3.83750
v -10.67524 3.52500 3.83750
v -11.00000 2.85000 4.40000
v -11.00000 3.75000 4.40000
v -10.84412 3.71000 4.40000
v -10.95183 3.71000 4.54826
v -11.12611 3.71000 4.49163
v -11.12611 3.71000 4.30837
v -10.95183 3.71000 4.25174
v -10.84412 3.89000 4.40000
v -10.95183 3.89000 4.54826
v -11.12611 3.89000 4.49163
v -11.12611 3.89000 4.30837
v -10.95183 3.89000 4.25174
v -11.00000 3.62000 4.40000
v -11.00000 3.98000 4.40000
v -10.35048 3.07500 5.86667
v -10.67524 3.07500 6.42917
v -11.32476 3.07500 6.42917
v -11.64952 3.07500 5.86667
v -11.32476 3.07500 5.30417
v -10.67524 3.07500 5.30417
v -10.35048 3.52500 5.86667
v -10.67524 3.52500 6.42917
v -11.32476 3.52500 6.42917
v -11.64952 3.52500 5.86667
v -11.32476 3.52500 5.30417
v -10.67524 3.52500 5.30417
v -11.00000 2.85000 5.86667
v -11.00000 3.75000 5.86667
v -10.35048 3.07500 7.33333
v -10.67524 3.07500 7.89583
v -11.32476 3.07500 7.89583
v -11.64952 3.07500 7.33333
v -11.32476 3.07500 6.77083
v -10.67524 3.07500 6.77083
v -10.35048 3.52500 7.33333
v -10.67524 3.52500 7.89583
v -11.32476 3.52500 7.89583
v -11.64952 3.52500 7.33333
v -11.32476 3.52500 6.77083
v -10.67524 3.52500 6.77083
v -11.00000 2.85000 7.33333
v -11.00000 3.75000 7.33333
v -10.35048 3.07500 8.80000
v -10.67524 3.07500 9.36250
v -11.32476 3.07500 9.36250
v -11.64952 3.07500 8.80000
v -11.32476 3.07500 8.23750
v -10.67524 3.07500 8.23750
v -10.35048 3.52500 8.80000
v -10.67524 3.52500 9.36250
v -11.32476 3.52500 9.36250
v -11.64952 3.52500 8.80000
v -11.32476 3.52500 8.23750
v -10.67524 3.52500 8.23750
v -11.00000 2.85000 8.80000
v -11.00000 3.75000 8.80000
v -10.35048 3.07500 10.26667
v -10.67524 3.07500 10.82917
v -11.32476 3.07500 10.82917
v -11.64952 3.07500 10.26667
v -11.32476 3.07500 9.70417
v -10.67524 3.07500 9.70417
v -10.35048 3.52500 10.26667
v -10.67524 3.52500 10.82917
v -11.32476 3.52500 10.82917
v -11.64952 3.52500 10.26667
v -11.32476 3.52500 9.70417
v -10.67524 3.52500 9.70417
v -11.00000 2.85000 10.26667
v -11.00000 3.75000 10.26667
v -10.84412 3.71000 10.26667
v -10.95183 3.71000 10.41492
v -11.12611 3.71000 10.35829
v -11.12611 3.71000 10.17504
v -10.95183 3.71000 10.11841
v -10.84412 3.89000 10.26667
v -10.95183 3.89000 10.41492
v -11.12611 3.89000 10.35829
v -11.12611 3.89000 10.17504
v -10.95183 3.89000 10.11841
v -11.00000 3.62000 10.26667
v -11.00000 3.98000 10.26667
v -7.00000 0.00000 6.40000
v 7.00000 0.00000 6.40000
v 7.00000 3.20000 6.40000
v -7.00000 3.20000 6.40000
v -7.00000 0.00000 7.60000
v 7.00000 0.00000 7.60000
v 7.00000 3.20000 7.60000
v -7.00000 3.20000 7.60000
v -5.65048 3.07500 7.00000
v -5.97524 3.07500 7.56250
v -6.62476 3.07500 7.56250
v -6.94952 3.07500 7.00000
v -6.62476 3.07500 6.43750
v -5.97524 3.07500 6.43750
v -5.65048 3.52500 7.00000
v -5.97524 3.52500 7.56250
v -6.62476 3.52500 7.56250
v -6.94952 3.52500 7.00000
v -6.62476 3.52500 6.43750
v -5.97524 3.52500 6.43750
v -6.30000 2.85000 7.00000
v -6.30000 3.75000 7.00000
v -4.25048 3.07500 7.00000
v -4.57524 3.07500 7.56250
v -5.22476 3.07500 7.56250
v -5.54952 3.07500 7.00000
v -5.22476 3.07500 6.43750
v -4.57524 3.07500 6.43750
v -4.25048 3.52500 7.00000
v -4.57524 3.52500 7.56250
v -5.22476 3.52500 7.56250
v -5.54952 3.52500 7.00000
v -5.22476 3.52500 6.43750
v -4.57524 3.52500 6.43750
v -4.90000 2.85000 7.00000
v -4.90000 3.75000 7.00000
v -2.85048 3.07500 7.00000
v -3.17524 3.07500 7.56250
v -3.82476 3.07500 7.56250
v -4.14952 3.07500 7.00000
v -3.82476 3.07500 6.43750
v -3.17524 3.07500 6.43750
v -2.85048 3.52500 7.00000
v -3.17524 3.52500 7.56250
v -3.82476 3.52500 7.56250
v -4.14952 3.52500 7.00000
v -3.82476 3.52500 6.43750
v -3.17524 3.52500 6.43750
v -3.50000 2.85000 7.00000
v -3.50000 3.75000 7.00000
v -3.34412 3.71000 7.00000
v -3.45183 3.71000 7.14826
v -3.62611 3.71000 7.09163
v -3.62611 3.71000 6.90837
v -3.45183 3.71000 6.85174
v -3.34412 3.89000 7.00000
v -3.45183 3.89000 7.14826
v -3.62611 3.89000 7.09163
v -3.62611 3.89000 6.90837
v -3.45183 3.89000 6.85174
v -3.50000 3.62000 7.00000
v -3.50000 3.98000 7.00000
v -1.45048 3.07500 7.00000
v -1.77524 3.07500 7.56250
v -2.42476 3.07500 7.56250
v -2.74952 3.07500 7.00000
v -2.42476 3.07500 6.43750
v -1.77524 3.07500 6.43750
v -1.45048 3.52500 7.00000
v -1.77524 3.52500 7.56250
v -2.42476 3.52500 7.56250
v -2.74952 3.52500 7.00000
v -2.42476 3.52500 6.43750
v -1.77524 3.52500 6.43750
v -2.10000 2.85000 7.00000
v -2.10000 3.75000 7.00000
v -0.05048 3.07500 7.00000
v -0.37524 3.07500 7.56250
v -1.02476 3.07500 7.56250
v -1.34952 3.07500 7.00000
v -1.02476 3.07500 6.43750
v -0.37524 3.07500 6.43750
v -0.05048 3.52500 7.00000
v -0.37524 3.52500 7.56250
v -1.02476 3.52500 7.56250
v -1.34952 3.52500 7.00000
v -1.02476 3.52500 6.43750
v -0.37524 3.52500 6.43750
v -0.70000 2.85000 7.00000
v -0.70000 3.75000 7.00000
v 1.34952 3.07500 7.00000
v 1.02476 3.07500 7.56250
v 0.37524 3.07500 7.56250
v 0.05048 3.07500 7.00000
v 0.37524 3.07500 6.43750
v 1.02476 3.07500 6.43750
v 1.34952 3.52500 7.00000
v 1.02476 3.52500 7.56250
v 0.37524 3.52500 7.56250
v 0.05048 3.52500 7.00000
v 0.37524 3.52500 6.43750
v 1.02476 3.52500 6.43750
v 0.70000 2.85000 7.00000
v 0.70000 3.75000 7.00000
v 2.74952 3.07500 7.00000
v 2.42476 3.07500 7.56250
v 1.77524 3.07500 7.56250
v 1.45048 3.07500 7.00000
v 1.77524 3.07500 6.43750
v 2.42476 3.07500 6.43750
v 2.74952 3.52500 7.00000
v 2.42476 3.52500 7.56250
v 1.77524 3.52500 7.56250
v 1.45048 3.52500 7.00000
v 1.77524 3.52500 6.43750
v 2.42476 3.52500 6.43750
v 2.10000 2.85000 7.00000
v 2.10000 3.75000 7.00000
v 2.25588 3.71000 7.00000
v 2.14817 3.71000 7.14826
v 1.97389 3.71000 7.09163
v 1.97389 3.71000 6.90837
v 2.14817 3.71000 6.85174
v 2.25588 3.89000 7.00000
v 2.14817 3.89000 7.14826
v 1.97389 3.89000 7.09163
v 1.97389 3.89000 6.90837
v 2.14817 3.89000 6.85174
v 2.10000 3.62000 7.00000
v 2.10000 3.98000 7.00000
v 4.14952 3.07500 7.00000
v 3.82476 3.07500 7.56250
v 3.17524 3.07500 7.56250
v 2.85048 3.07500 7.00000
v 3.17524 3.07500 6.43750
v 3.82476 3.07500 6.43750
v 4.14952 3.52500 7.00000
v 3.82476 3.52500 7.56250
v 3.17524 3.52500 7.56250
v 2.85048 3.52500 7.00000
v 3.17524 3.52500 6.43750
v 3.82476 3.52500 6.43750
v 3.50000 2.85000 7.00000
v 3.50000 3.75000 7.00000
v 5.54952 3.07500 7.00000
v 5.22476 3.07500 7.56250
v 4.57524 3.07500 7.56250
v 4.25048 3.07500 7.00000
v 4.57524 3.07500 6.43750
v 5.22476 3.07500 6.43750
v 5.54952 3.52500 7.00000
v 5.22476 3.52500 7.56250
v 4.57524 3.52500 7.56250
v 4.25048 3.52500 7.00000
v 4.57524 3.52500 6.43750
v 5.22476 3.52500 6.43750
v 4.90000 2.85000 7.00000
v 4.90000 3.75000 7.00000
v 6.94952 3.07500 7.00000
v 6.62476 3.07500 7.56250
v 5.97524 3.07500 7.56250
v 5.65048 3.07500 7.00000
v 5.97524 3.07500 6.43750
v 6.62476 3.07500 6.43750
v 6.94952 3.52500 7.00000
v 6.62476 3.52500 7.56250
v 5.97524 3.52500 7.56250
v 5.65048 3.52500 7.00000
v 5.97524 3.52500 6.43750
v 6.62476 3.52500 6.43750
v 6.30000 2.85000 7.00000
v 6.30000 3.75000 7.00000
v -7.00000 0.00000 -7.60000
v 7.00000 0.00000 -7.60000
v 7.00000 3.20000 -7.60000
v -7.00000 3.20000 -7.60000
v -7.00000 0.00000 -6.40000
v 7.00000 0.00000 -6.40000
v 7.00000 3.20000 -6.40000
v -7.00000 3.20000 -6.40000
v -5.65048 3.07500 -7.00000
v -5.97524 3.07500 -6.43750
v -6.62476 3.07500 -6.43750
v -6.94952 3.07500 -7.00000
v -6.62476 3.07500 -7.56250
v -5.97524 3.07500 -7.56250
v -5.65048 3.52500 -7.00000
v -5.97524 3.52500 -6.43750
v -6.62476 3.52500 -6.43750
v -6.94952 3.52500 -7.00000
v -6.62476 3.52500 -7.56250
v -5.97524 3.52500 -7.56250
v -6.30000 2.85000 -7.00000
v -6.30000 3.75000 -7.00000
v -4.25048 3.07500 -7.00000
v -4.57524 3.07500 -6.43750
v -5.22476 3.07500 -6.43750
v -5.54952 3.07500 -7.00000
v -5.22476 3.07500 -7.56250
v -4.57524 3.07500 -7.56250
v -4.25048 3.52500 -7.00000
v -4.57524 3.52500 -6.43750
v -5.22476 3.52500 -6.43750
v -5.54952 3.52500 -7.00000
v -5.22476 3.52500 -7.56250
v -4.57524 3.52500 -7.56250
v -4.90000 2.85000 -7.00000
v -4.90000 3.75000 -7.00000
v -2.85048 3.07500 -7.00000
v -3.17524 3.07500 -6.43750
v -3.82476 3.07500 -6.43750
v -4.14952 3.07500 -7.00000
v -3.82476 3.07500 -7.56250
v -3.17524 3.07500 -7.56250
v -2.85048 3.52500 -7.00000
v -3.17524 3.52500 -6.43750
v -3.82476 3.52500 -6.43750
v -4.14952 3.52500 -7.00000
v -3.82476 3.52500 -7.56250
v -3.17524 3.52500 -7.56250
v -3.50000 2.85000 -7.00000
v -3.50000 3.75000 -7.00000
v -3.34412 3.71000 -7.00000
v -3.45183 3.71000 -6.85174
v -3.62611 3.71000 -6.90837
v -3.62611 3.71000 -7.09163
v -3.45183 3.71000 -7.14826
v -3.34412 3.89000 -7.00000
v -3.45183 3.89000 -6.85174
v -3.62611 3.89000 -6.90837
v -3.62611 3.89000 -7.09163
v -3.45183 3.89000 -7.14826
v -3.50000 3.62000 -7.00000
v -3.50000 3.98000 -7.00000
v -1.45048 3.07500 -7.00000
v -1.77524 3.07500 -6.43750
v -2.42476 3.07500 -6.43750
v -2.74952 3.07500 -7.00000
v -2.42476 3.07500 -7.56250
v -1.77524 3.07500 -7.56250
v -1.45048 3.52500 -7.00000
v -1.77524 3.52500 -6.43750
v -2.42476 3.52500 -6.43750
v -2.74952 3.52500 -7.00000
v -2.42476 3.52500 -7.56250
v -1.77524 3.52500 -7.56250
v -2.10000 2.85000 -7.00000
v -2.10000 3.75000 -7.00000
v -0.05048 3.07500 -7.00000
v -0.37524 3.07500 -6.43750
v -1.02476 3.07500 -6.43750
v -1.34952 3.07500 -7.00000
v -1.02476 3.07500 -7.56250
v -0.37524 3.07500 -7.56250
v -0.05048 3.52500 -7.00000
v -0.37524 3.52500 -6.43750
v -1.02476 3.52500 -6.43750
v -1.34952 3.52500 -7.00000
v -1.02476 3.52500 -7.56250
v -0.37524 3.52500 -7.56250
v -0.70000 2.85000 -7.00000
v -0.70000 3.75000 -7.00000
v 1.34952 3.07500 -7.00000
v 1.02476 3.07500 -6.43750
v 0.37524 3.07500 -6.43750
v 0.05048 3.07500 -7.00000
v 0.37524 3.07500 -7.56250
v 1.02476 3.07500 -7.56250
v 1.34952 3.52500 -7.00000
v 1.02476 3.52500 -6.43750
v 0.37524 3.52500 -6.43750
v 0.05048 3.52500 -7.00000
v 0.37524 3.52500 -7.56250
v 1.02476 3.52500 -7.56250
v 0.70000 2.85000 -7.00000
v 0.70000 3.75000 -7.00000
v 2.74952 3.07500 -7.00000
v 2.42476 3.07500 -6.43750
v 1.77524 3.07500 -6.43750
v 1.45048 3.07500 -7.00000
v 1.77524 3.07500 -7.56250
v 2.42476 3.07500 -7.56250
v 2.74952 3.52500 -7.00000
v 2.42476 3.52500 -6.43750
v 1.77524 3.52500 -6.43750
v 1.45048 3.52500 -7.00000
v 1.77524 3.52500 -7.56250
v 2.42476 3.52500 -7.56250
v 2.10000 2.85000 -7.00000
v 2.10000 3.75000 -7.00000
v 2.25588 3.71000 -7.00000
v 2.14817 3.71000 -6.85174
v 1.97389 3.71000 -6.90837
v 1.97389 3.71000 -7.09163
v 2.14817 3.71000 -7.14826
v 2.25588 3.89000 -7.00000
v 2.14817 3.89000 -6.85174
v 1.97389 3.89000 -6.90837
v 1.97389 3.89000 -7.09163
v 2.14817 3.89000 -7.14826
v 2.10000 3.62000 -7.00000
v 2.10000 3.98000 -7.00000
v 4.14952 3.07500 -7.00000
v 3.82476 3.07500 -6.43750
v 3.17524 3.07500 -6.43750
v 2.85048 3.07500 -7.00000
v 3.17524 3.07500 -7.56250
v 3.82476 3.07500 -7.56250
v 4.14952 3.52500 -7.00000
v 3.82476 3.52500 -6.43750
v 3.17524 3.52500 -6.43750
v 2.85048 3.52500 -7.00000
v 3.17524 3.52500 -7.56250
v 3.82476 3.52500 -7.56250
v 3.50000 2.85000 -7.00000
v 3.50000 3.75000 -7.00000
v 5.54952 3.07500 -7.00000
v 5.22476 3.07500 -6.43750
v 4.57524 3.07500 -6.43750
v 4.25048 3.07500 -7.00000
v 4.57524 3.07500 -7.56250
v 5.22476 3.07500 -7.56250
v 5.54952 3.52500 -7.00000
v 5.22476 3.52500 -6.43750
v 4.57524 3.52500 -6.43750
v 4.25048 3.52500 -7.00000
v 4.57524 3.52500 -7.56250
v 5.22476 3.52500 -7.56250
v 4.90000 2.85000 -7.00000
v 4.90000 3.75000 -7.00000
v 6.94952 3.07500 -7.00000
v 6.62476 3.07500 -6.43750
v 5.97524 3.07500 -6.43750
v 5.65048 3.07500 -7.00000
v 5.97524 3.07500 -7.56250
v 6.62476 3.07500 -7.56250
v 6.94952 3.52500 -7.00000
v 6.62476 3.52500 -6.43750
v 5.97524 3.52500 -6.43750
v 5.65048 3.52500 -7.00000
v 5.97524 3.52500 -7.56250
v 6.62476 3.52500 -7.56250
v 6.30000 2.85000 -7.00000
v 6.30000 3.75000 -7.00000
v 6.40000 0.00000 -7.00000
v 7.60000 0.00000 -7.00000
v 7.60000 3.20000 -7.00000
v 6.40000 3.20000 -7.00000
v 6.40000 0.00000 -1.80000
v 7.60000 0.00000 -1.80000
v 7.60000 3.20000 -1.80000
v 6.40000 3.20000 -1.80000
v 7.64952 3.07500 -6.13333
v 7.32476 3.07500 -5.57083
v 6.67524 3.07500 -5.57083
v 6.35048 3.07500 -6.13333
v 6.67524 3.07500 -6.69583
v 7.32476 3.07500 -6.69583
v 7.64952 3.52500 -6.13333
v 7.32476 3.52500 -5.57083
v 6.67524 3.52500 -5.57083
v 6.35048 3.52500 -6.13333
v 6.67524 3.52500 -6.69583
v 7.32476 3.52500 -6.69583
v 7.00000 2.85000 -6.13333
v 7.00000 3.75000 -6.13333
v 7.64952 3.07500 -4.40000
v 7.32476 3.07500 -3.83750
v 6.67524 3.07500 -3.83750
v 6.35048 3.07500 -4.40000
v 6.67524 3.07500 -4.96250
v 7.32476 3.07500 -4.96250
v 7.64952 3.52500 -4.40000
v 7.32476 3.52500 -3.83750
v 6.67524 3.52500 -3.83750
v 6.35048 3.52500 -4.40000
v 6.67524 3.52500 -4.96250
v 7.32476 3.52500 -4.96250
v 7.00000 2.85000 -4.40000
v 7.00000 3.75000 -4.40000
v 7.64952 3.07500 -2.66667
v 7.32476 3.07500 -2.10417
v 6.67524 3.07500 -2.10417
v 6.35048 3.07500 -2.66667
v 6.67524 3.07500 -3.22917
v 7.32476 3.07500 -3.22917
v 7.64952 3.52500 -2.66667
v 7.32476 3.52500 -2.10417
v 6.67524 3.52500 -2.10417
v 6.35048 3.52500 -2.66667
v 6.67524 3.52500 -3.22917
v 7.32476 3.52500 -3.22917
v 7.00000 2.85000 -2.66667
v 7.00000 3.75000 -2.66667
v 7.15588 3.71000 -2.66667
v 7.04817 3.71000 -2.51841
v 6.87389 3.71000 -2.57504
v 6.87389 3.71000 -2.75829
v 7.04817 3.71000 -2.81492
v 7.15588 3.89000 -2.66667
v 7.04817 3.89000 -2.51841
v 6.87389 3.89000 -2.57504
v 6.87389 3.89000 -2.75829
v 7.04817 3.89000 -2.81492
v 7.00000 3.62000 -2.66667
v 7.00000 3.98000 -2.66667
v 6.40000 0.00000 1.80000
v 7.60000 0.00000 1.80000
v 7.60000 3.20000 1.80000
v 6.40000 3.20000 1.80000
v 6.40000 0.00000 7.00000
v 7.60000 0.00000 7.00000
v 7.60000 3.20000 7.00000
v 6.40000 3.20000 7.00000
v 7.64952 3.07500 2.66667
v 7.32476 3.07500 3.22917
v 6.67524 3.07500 3.22917
v 6.35048 3.07500 2.66667
v 6.67524 3.07500 2.10417
v 7.32476 3.07500 2.10417
v 7.64952 3.52500 2.66667
v 7.32476 3.52500 3.22917
v 6.67524 3.52500 3.22917
v 6.35048 3.52500 2.66667
v 6.67524 3.52500 2.10417
v 7.32476 3.52500 2.10417
v 7.00000 2.85000 2.66667
v 7.00000 3.75000 2.66667
v 7.64952 3.07500 4.40000
v 7.32476 3.07500 4.96250
v 6.67524 3.07500 4.96250
v 6.35048 3.07500 4.40000
v 6.67524 3.07500 3.83750
v 7.32476 3.07500 3.83750
v 7.64952 3.52500 4.40000
v 7.32476 3.52500 4.96250
v 6.67524 3.52500 4.96250
v 6.35048 3.52500 4.40000
v 6.67524 3.52500 3.83750
v 7.32476 3.52500 3.83750
v 7.00000 2.85000 4.40000
v 7.00000 3.75000 4.40000
v 7.64952 3.07500 6.13333
v 7.32476 3.07500 6.69583
v 6.67524 3.07500 6.69583
v 6.35048 3.07500 6.13333
v 6.67524 3.07500 5.57083
v 7.32476 3.07500 5.57083
v 7.64952 3.52500 6.13333
v 7.32476 3.52500 6.69583
v 6.67524 3.52500 6.69583
v 6.35048 3.52500 6.13333
v 6.67524 3.52500 5.57083
v 7.32476 3.52500 5.57083
v 7.00000 2.85000 6.13333
v 7.00000 3.75000 6.13333
v 7.15588 3.71000 6.13333
v 7.04817 3.71000 6.28159
v 6.87389 3.71000 6.22496
v 6.87389 3.71000 6.04171
v 7.04817 3.71000 5.98508
v 7.15588 3.89000 6.13333
v 7.04817 3.89000 6.28159
v 6.87389 3.89000 6.22496
v 6.87389 3.89000 6.04171
v 7.04817 3.89000 5.98508
v 7.00000 3.62000 6.13333
v 7.00000 3.98000 6.13333
v -7.60000 0.00000 -7.00000
v -6.40000 0.00000 -7.00000
v -6.40000 3.20000 -7.00000
v -7.60000 3.20000 -7.00000
v -7.60000 0.00000 7.00000
v -6.40000 0.00000 7.00000
v -6.40000 3.20000 7.00000
v -7.60000 3.20000 7.00000
v -6.35048 3.07500 -6.30000
v -6.67524 3.07500 -5.73750
v -7.32476 3.07500 -5.73750
v -7.64952 3.07500 -6.30000
v -7.32476 3.07500 -6.86250
v -6.67524 3.07500 -6.86250
v -6.35048 3.52500 -6.30000
v -6.67524 3.52500 -5.73750
v -7.32476 3.52500 -5.73750
v -7.64952 3.52500 -6.30000
v -7.32476 3.52500 -6.86250
v -6.67524 3.52500 -6.86250
v -7.00000 2.85000 -6.30000
v -7.00000 3.75000 -6.30000
v -6.35048 3.07500 -4.90000
v -6.67524 3.07500 -4.33750
v -7.32476 3.07500 -4.33750
v -7.64952 3.07500 -4.90000
v -7.32476 3.07500 -5.46250
v -6.67524 3.07500 -5.46250
v -6.35048 3.52500 -4.90000
v -6.67524 3.52500 -4.33750
v -7.32476 3.52500 -4.33750
v -7.64952 3.52500 -4.90000
v -7.32476 3.52500 -5.46250
v -6.67524 3.52500 -5.46250
v -7.00000 2.85000 -4.90000
v -7.00000 3.75000 -4.90000
v -6.35048 3.07500 -3.50000
v -6.67524 3.07500 -2.93750
v -7.32476 3.07500 -2.93750
v -7.64952 3.07500 -3.50000
v -7.32476 3.07500 -4.06250
v -6.67524 3.07500 -4.06250
v -6.35048 3.52500 -3.50000
v -6.67524 3.52500 -2.93750
v -7.32476 3.52500 -2.93750
v -7.64952 3.52500 -3.50000
v -7.32476 3.52500 -4.06250
v -6.67524 3.52500 -4.06250
v -7.00000 2.85000 -3.50000
v -7.00000 3.75000 -3.50000
v -6.84412 3.71000 -3.50000
v -6.95183 3.71000 -3.35174
v -7.12611 3.71000 -3.40837
v -7.12611 3.71000 -3.59163
v -6.95183 3.71000 -3.64826
v -6.84412 3.89000 -3.50000
v -6.95183 3.89000 -3.35174
v -7.12611 3.89000 -3.40837
v -7.12611 3.89000 -3.59163
v -6.95183 3.89000 -3.64826
v -7.00000 3.62000 -3.50000
v -7.00000 3.98000 -3.50000
v -6.35048 3.07500 -2.10000
v -6.67524 3.07500 -1.53750
v -7.32476 3.07500 -1.53750
v -7.64952 3.07500 -2.10000
v -7.32476 3.07500 -2.66250
v -6.67524 3.07500 -2.66250
v -6.35048 3.52500 -2.10000
v -6.67524 3.52500 -1.53750
v -7.32476 3.52500 -1.53750
v -7.64952 3.52500 -2.10000
v -7.32476 3.52500 -2.66250
v -6.67524 3.52500 -2.66250
v -7.00000 2.85000 -2.10000
v -7.00000 3.75000 -2.10000
v -6.35048 3.07500 -0.70000
v -6.67524 3.07500 -0.13750
v -7.32476 3.07500 -0.13750
v -7.64952 3.07500 -0.70000
v -7.32476 3.07500 -1.26250
v -6.67524 3.07500 -1.26250
v -6.35048 3.52500 -0.70000
v -6.67524 3.52500 -0.13750
v -7.32476 3.52500 -0.13750
v -7.64952 3.52500 -0.70000
v -7.32476 3.52500 -1.26250
v -6.67524 3.52500 -1.26250
v -7.00000 2.85000 -0.70000
v -7.00000 3.75000 -0.70000
v -6.35048 3.07500 0.70000
v -6.67524 3.07500 1.26250
v -7.32476 3.07500 1.26250
v -7.64952 3.07500 0.70000
v -7.32476 3.07500 0.13750
v -6.67524 3.07500 0.13750
v -6.35048 3.52500 0.70000
v -6.67524 3.52500 1.26250
v -7.32476 3.52500 1.26250
v -7.64952 3.52500 0.70000
v -7.32476 3.52500 0.13750
v -6.67524 3.52500 0.13750
v -7.00000 2.85000 0.70000
v -7.00000 3.75000 0.70000
v -6.35048 3.07500 2.10000
v -6.67524 3.07500 2.66250
v -7.32476 3.07500 2.66250
v -7.64952 3.07500 2.10000
v -7.32476 3.07500 1.53750
v -6.67524 3.07500 1.53750
v -6.35048 3.52500 2.10000
v -6.67524 3.52500 2.66250
v -7.32476 3.52500 2.66250
v -7.64952 3.52500 2.10000
v -7.32476 3.52500 1.53750
v -6.67524 3.52500 1.53750
v -7.00000 2.85000 2.10000
v -7.00000 3.75000 2.10000
v -6.84412 3.71000 2.10000
v -6.95183 3.71000 2.24826
v -7.12611 3.71000 2.19163
v -7.12611 3.71000 2.00837
v -6.95183 3.71000 1.95174
v -6.84412 3.89000 2.10000
v -6.95183 3.89000 2.24826
v -7.12611 3.89000 2.19163
v -7.12611 3.89000 2.00837
v -6.95183 3.89000 1.95174
v -7.00000 3.62000 2.10000
v -7.00000 3.98000 2.10000
v -6.35048 3.07500 3.50000
v -6.67524 3.07500 4.06250
v -7.32476 3.07500 4.06250
v -7.64952 3.07500 3.50000
v -7.32476 3.07500 2.93750
v -6.67524 3.07500 2.93750
v -6.35048 3.52500 3.50000
v -6.67524 3.52500 4.06250
v -7.32476 3.52500 4.06250
v -7.64952 3.52500 3.50000
v -7.32476 3.52500 2.93750
v -6.67524 3.52500 2.93750
v -7.00000 2.85000 3.50000
v -7.00000 3.75000 3.50000
v -6.35048 3.07500 4.90000
v -6.67524 3.07500 5.46250
v -7.32476 3.07500 5.46250
v -7.64952 3.07500 4.90000
v -7.32476 3.07500 4.33750
v -6.67524 3.07500 4.33750
v -6.35048 3.52500 4.90000
v -6.67524 3.52500 5.46250
v -7.32476 3.52500 5.46250
v -7.64952 3.52500 4.90000
v -7.32476 3.52500 4.33750
v -6.67524 3.52500 4.33750
v -7.00000 2.85000 4.90000
v -7.00000 3.75000 4.90000
v -6.35048 3.07500 6.30000
v -6.67524 3.07500 6.86250
v -7.32476 3.07500 6.86250
v -7.64952 3.07500 6.30000
v -7.32476 3.07500 5.73750
v -6.67524 3.07500 5.73750
v -6.35048 3.52500 6.30000
v -6.67524 3.52500 6.86250
v -7.32476 3.52500 6.86250
v -7.64952 3.52500 6.30000
v -7.32476 3.52500 5.73750
v -6.67524 3.52500 5.73750
v -7.00000 2.85000 6.30000
v -7.00000 3.75000 6.30000
v 2.00000 0.10000 0.00000
v 2.00000 0.60000 0.00000
v 1.84776 0.10000 0.76537
v 1.84776 0.60000 0.76537
v 1.41421 0.10000 1.41421
v 1.41421 0.60000 1.41421
v 0.76537 0.10000 1.84776
v 0.76537 0.60000 1.84776
v 0.00000 0.10000 2.00000
v 0.00000 0.60000 2.00000
v -0.76537 0.10000 1.84776
v -0.76537 0.60000 1.84776
v -1.41421 0.10000 1.41421
v -1.41421 0.60000 1.41421
v -1.84776 0.10000 0.76537
v -1.84776 0.60000 0.76537
v -2.00000 0.10000 0.00000
v -2.00000 0.60000 0.00000
v -1.84776 0.10000 -0.76537
v -1.84776 0.60000 -0.76537
v -1.41421 0.10000 -1.41421
v -1.41421 0.60000 -1.41421
v -0.76537 0.10000 -1.84776
v -0.76537 0.60000 -1.84776
v -0.00000 0.10000 -2.00000
v -0.00000 0.60000 -2.00000
v 0.76537 0.10000 -1.84776
v 0.76537 0.60000 -1.84776
v 1.41421 0.10000 -1.41421
v 1.41421 0.60000 -1.41421
v 1.84776 0.10000 -0.76537
v 1.84776 0.60000 -0.76537
v 0.00000 0.10000 0.00000
v 0.00000 0.60000 0.00000
v 1.70000 0.60000 -0.10000
v 1.61340 0.60000 -0.05000
v 1.61340 0.60000 0.05000
v 1.70000 0.60000 0.10000
v 1.78660 0.60000 0.05000
v 1.78660 0.60000 -0.05000
v 1.70000 3.60000 -0.10000
v 1.61340 3.60000 -0.05000
v 1.61340 3.60000 0.05000
v 1.70000 3.60000 0.10000
v 1.78660 3.60000 0.05000
v 1.78660 3.60000 -0.05000
v 1.70000 0.60000 0.00000
v 1.70000 3.60000 0.00000
v 0.85000 0.60000 1.37224
v 0.76340 0.60000 1.42224
v 0.76340 0.60000 1.52224
v 0.85000 0.60000 1.57224
v 0.93660 0.60000 1.52224
v 0.93660 0.60000 1.42224
v 0.85000 3.60000 1.37224
v 0.76340 3.60000 1.42224
v 0.76340 3.60000 1.52224
v 0.85000 3.60000 1.57224
v 0.93660 3.60000 1.52224
v 0.93660 3.60000 1.42224
v 0.85000 0.60000 1.47224
v 0.85000 3.60000 1.47224
v -0.85000 0.60000 1.37224
v -0.93660 0.60000 1.42224
v -0.93660 0.60000 1.52224
v -0.85000 0.60000 1.57224
v -0.76340 0.60000 1.52224
v -0.76340 0.60000 1.42224
v -0.85000 3.60000 1.37224
v -0.93660 3.60000 1.42224
v -0.93660 3.60000 1.52224
v -0.85000 3.60000 1.57224
v -0.76340 3.60000 1.52224
v -0.76340 3.60000 1.42224
v -0.85000 0.60000 1.47224
v -0.85000 3.60000 1.47224
v -1.70000 0.60000 -0.10000
v -1.78660 0.60000 -0.05000
v -1.78660 0.60000 0.05000
v -1.70000 0.60000 0.10000
v -1.61340 0.60000 0.05000
v -1.61340 0.60000 -0.05000
v -1.70000 3.60000 -0.10000
v -1.78660 3.60000 -0.05000
v -1.78660 3.60000 0.05000
v -1.70000 3.60000 0.10000
v -1.61340 3.60000 0.05000
v -1.61340 3.60000 -0.05000
v -1.70000 0.60000 0.00000
v -1.70000 3.60000 0.00000
v -0.85000 0.60000 -1.57224
v -0.93660 0.60000 -1.52224
v -0.93660 0.60000 -1.42224
v -0.85000 0.60000 -1.37224
v -0.76340 0.60000 -1.42224
v -0.76340 0.60000 -1.52224
v -0.85000 3.60000 -1.57224
v -0.93660 3.60000 -1.52224
v -0.93660 3.60000 -1.42224
v -0.85000 3.60000 -1.37224
v -0.76340 3.60000 -1.42224
v -0.76340 3.60000 -1.52224
v -0.85000 0.60000 -1.47224
v -0.85000 3.60000 -1.47224
v 0.85000 0.60000 -1.57224
v 0.76340 0.60000 -1.52224
v 0.76340 0.60000 -1.42224
v 0.85000 0.60000 -1.37224
v 0.93660 0.60000 -1.42224
v 0.93660 0.60000 -1.52224
v 0.85000 3.60000 -1.57224
v 0.76340 3.60000 -1.52224
v 0.76340 3.60000 -1.42224
v 0.85000 3.60000 -1.37224
v 0.93660 3.60000 -1.42224
v 0.93660 3.60000 -1.52224
v 0.85000 0.60000 -1.47224
v 0.85000 3.60000 -1.47224
v 2.40000 3.60000 0.00000
v 2.21731 3.60000 0.91844
v 1.69706 3.60000 1.69706
v 0.91844 3.60000 2.21731
v 0.00000 3.60000 2.40000
v -0.91844 3.60000 2.21731
v -1.69706 3.60000 1.69706
v -2.21731 3.60000 0.91844
v -2.40000 3.60000 0.00000
v -2.21731 3.60000 -0.91844
v -1.69706 3.60000 -1.69706
v -0.91844 3.60000 -2.21731
v -0.00000 3.60000 -2.40000
v 0.91844 3.60000 -2.21731
v 1.69706 3.60000 -1.69706
v 2.21731 3.60000 -0.91844
v 1.60000 4.20000 0.00000
v 1.47821 4.20000 0.61229
v 1.13137 4.20000 1.13137
v 0.61229 4.20000 1.47821
v 0.00000 4.20000 1.60000
v -0.61229 4.20000 1.47821
v -1.13137 4.20000 1.13137
v -1.47821 4.20000 0.61229
v -1.60000 4.20000 0.00000
v -1.47821 4.20000 -0.61229
v -1.13137 4.20000 -1.13137
v -0.61229 4.20000 -1.47821
v -0.00000 4.20000 -1.60000
v 0.61229 4.20000 -1.47821
v 1.13137 4.20000 -1.13137
v 1.47821 4.20000 -0.61229
v 0.00000 5.00000 0.00000
v 0.00000 5.00000 0.00000
v 0.00000 5.00000 0.00000
v 0.00000 5.00000 0.00000
v 0.00000 5.00000 0.00000
v -0.00000 5.00000 0.00000
v -0.00000 5.00000 0.00000
v -0.00000 5.00000 0.00000
v -0.00000 5.00000 0.00000
v -0.00000 5.00000 -0.00000
v -0.00000 5.00000 -0.00000
v -0.00000 5.00000 -0.00000
v -0.00000 5.00000 -0.00000
v 0.00000 5.00000 -0.00000
v 0.00000 5.00000 -0.00000
v 0.00000 5.00000 -0.00000
v 0.00000 5.00000 -0.05000
v -0.05000 5.00000 -0.00000
v -0.00000 5.00000 0.05000
v 0.05000 5.00000 0.00000
v 0.00000 6.60000 -0.04000
v -0.04000 6.60000 -0.00000
v -0.00000 6.60000 0.04000
v 0.04000 6.60000 0.00000
v 0.00000 5.00000 0.00000
v 0.00000 6.60000 0.00000
v 0.00000 6.05000 -0.03000
v 0.90000 6.05000 -0.03000
v 0.90000 6.55000 -0.03000
v 0.00000 6.55000 -0.03000
v 0.00000 6.05000 0.03000
v 0.90000 6.05000 0.03000
v 0.90000 6.55000 0.03000
v 0.00000 6.55000 0.03000
vt 0.05000 0.50000
vt 0.15000 0.50000
vt 0.25000 0.50000
vt 0.35000 0.50000
vt 0.45000 0.50000
vt 0.55000 0.50000
vt 0.65000 0.50000
vt 0.75000 0.50000
vt 0.85000 0.50000
vt 0.95000 0.50000
usemtl faded_mint
f 1/9 4/9 3/9 2/9
f 5/9 6/9 7/9 8/9
f 1/9 5/9 8/9 4/9
f 2/9 3/9 7/9 6/9
f 1/9 2/9 6/9 5/9
f 4/9 8/9 7/9 3/9
usemtl mint
f 9/3 12/3 11/3 10/3
f 13/3 14/3 15/3 16/3
f 9/3 13/3 16/3 12/3
f 10/3 11/3 15/3 14/3
f 9/3 10/3 14/3 13/3
f 12/3 16/3 15/3 11/3
f 17/3 18/3 29/3
f 24/3 23/3 30/3
f 18/3 19/3 29/3
f 25/3 24/3 30/3
f 19/3 20/3 29/3
f 26/3 25/3 30/3
f 20/3 21/3 29/3
f 27/3 26/3 30/3
f 21/3 22/3 29/3
f 28/3 27/3 30/3
f 22/3 17/3 29/3
f 23/3 28/3 30/3
f 23/3 24/3 18/3 17/3
f 24/3 25/3 19/3 18/3
f 25/3 26/3 20/3 19/3
f 26/3 27/3 21/3 20/3
f 27/3 28/3 22/3 21/3
f 28/3 23/3 17/3 22/3
f 31/3 32/3 43/3
f 38/3 37/3 44/3
f 32/3 33/3 43/3
f 39/3 38/3 44/3
f 33/3 34/3 43/3
f 40/3 39/3 44/3
f 34/3 35/3 43/3
f 41/3 40/3 44/3
f 35/3 36/3 43/3
f 42/3 41/3 44/3
f 36/3 31/3 43/3
f 37/3 42/3 44/3
f 37/3 38/3 32/3 31/3
f 38/3 39/3 33/3 32/3
f 39/3 40/3 34/3 33/3
f 40/3 41/3 35/3 34/3
f 41/3 42/3 36/3 35/3
f 42/3 37/3 31/3 36/3
f 45/3 46/3 57/3
f 52/3 51/3 58/3
f 46/3 47/3 57/3
f 53/3 52/3 58/3
f 47/3 48/3 57/3
f 54/3 53/3 58/3
f 48/3 49/3 57/3
f 55/3 54/3 58/3
f 49/3 50/3 57/3
f 56/3 55/3 58/3
f 50/3 45/3 57/3
f 51/3 56/3 58/3
f 51/3 52/3 46/3 45/3
f 52/3 53/3 47/3 46/3
f 53/3 54/3 48/3 47/3
f 54/3 55/3 49/3 48/3
f 55/3 56/3 50/3 49/3
f 56/3 51/3 45/3 50/3
f 71/3 72/3 83/3
f 78/3 77/3 84/3
f 72/3 73/3 83/3
f 79/3 78/3 84/3
f 73/3 74/3 83/3
f 80/3 79/3 84/3
f 74/3 75/3 83/3
f 81/3 80/3 84/3
f 75/3 76/3 83/3
f 82/3 81/3 84/3
f 76/3 71/3 83/3
f 77/3 82/3 84/3
f 77/3 78/3 72/3 71/3
f 78/3 79/3 73/3 72/3
f 79/3 80/3 74/3 73/3
f 80/3 81/3 75/3 74/3
f 81/3 82/3 76/3 75/3
f 82/3 77/3 71/3 76/3
f 85/3 86/3 97/3
f 92/3 91/3 98/3
f 86/3 87/3 97/3
f 93/3 92/3 98/3
f 87/3 88/3 97/3
f 94/3 93/3 98/3
f 88/3 89/3 97/3
f 95/3 94/3 98/3
f 89/3 90/3 97/3
f 96/3 95/3 98/3
f 90/3 85/3 97/3
f 91/3 96/3 98/3
f 91/3 92/3 86/3 85/3
f 92/3 93/3 87/3 86/3
f 93/3 94/3 88/3 87/3
f 94/3 95/3 89/3 88/3
f 95/3 96/3 90/3 89/3
f 96/3 91/3 85/3 90/3
f 99/3 100/3 111/3
f 106/3 105/3 112/3
f 100/3 101/3 111/3
f 107/3 106/3 112/3
f 101/3 102/3 111/3
f 108/3 107/3 112/3
f 102/3 103/3 111/3
f 109/3 108/3 112/3
f 103/3 104/3 111/3
f 110/3 109/3 112/3
f 104/3 99/3 111/3
f 105/3 110/3 112/3
f 105/3 106/3 100/3 99/3
f 106/3 107/3 101/3 100/3
f 107/3 108/3 102/3 101/3
f 108/3 109/3 103/3 102/3
f 109/3 110/3 104/3 103/3
f 110/3 105/3 99/3 104/3
f 113/3 114/3 125/3
f 120/3 119/3 126/3
f 114/3 115/3 125/3
f 121/3 120/3 126/3
f 115/3 116/3 125/3
f 122/3 121/3 126/3
f 116/3 117/3 125/3
f 123/3 122/3 126/3
f 117/3 118/3 125/3
f 124/3 123/3 126/3
f 118/3 113/3 125/3
f 119/3 124/3 126/3
f 119/3 120/3 114/3 113/3
f 120/3 121/3 115/3 114/3
f 121/3 122/3 116/3 115/3
f 122/3 123/3 117/3 116/3
f 123/3 124/3 118/3 117/3
f 124/3 119/3 113/3 118/3
f 139/3 140/3 151/3
f 146/3 145/3 152/3
f 140/3 141/3 151/3
f 147/3 146/3 152/3
f 141/3 142/3 151/3
f 148/3 147/3 152/3
f 142/3 143/3 151/3
f 149/3 148/3 152/3
f 143/3 144/3 151/3
f 150/3 149/3 152/3
f 144/3 139/3 151/3
f 145/3 150/3 152/3
f 145/3 146/3 140/3 139/3
f 146/3 147/3 141/3 140/3
f 147/3 148/3 142/3 141/3
f 148/3 149/3 143/3 142/3
f 149/3 150/3 144/3 143/3
f 150/3 145/3 139/3 144/3
f 153/3 154/3 165/3
f 160/3 159/3 166/3
f 154/3 155/3 165/3
f 161/3 160/3 166/3
f 155/3 156/3 165/3
f 162/3 161/3 166/3
f 156/3 157/3 165/3
f 163/3 162/3 166/3
f 157/3 158/3 165/3
f 164/3 163/3 166/3
f 158/3 153/3 165/3
f 159/3 164/3 166/3
f 159/3 160/3 154/3 153/3
f 160/3 161/3 155/3 154/3
f 161/3 162/3 156/3 155/3
f 162/3 163/3 157/3 156/3
f 163/3 164/3 158/3 157/3
f 164/3 159/3 153/3 158/3
f 167/3 170/3 169/3 168/3
f 171/3 172/3 173/3 174/3
f 167/3 171/3 174/3 170/3
f 168/3 169/3 173/3 172/3
f 167/3 168/3 172/3 171/3
f 170/3 174/3 173/3 169/3
f 175/3 176/3 187/3
f 182/3 181/3 188/3
f 176/3 177/3 187/3
f 183/3 182/3 188/3
f 177/3 178/3 187/3
f 184/3 183/3 188/3
f 178/3 179/3 187/3
f 185/3 184/3 188/3
f 179/3 180/3 187/3
f 186/3 185/3 188/3
f 180/3 175/3 187/3
f 181/3 186/3 188/3
f 181/3 182/3 176/3 175/3
f 182/3 183/3 177/3 176/3
f 183/3 184/3 178/3 177/3
f 184/3 185/3 179/3 178/3
f 185/3 186/3 180/3 179/3
f 186/3 181/3 175/3 180/3
f 189/3 190/3 201/3
f 196/3 195/3 202/3
f 190/3 191/3 201/3
f 197/3 196/3 202/3
f 191/3 192/3 201/3
f 198/3 197/3 202/3
f 192/3 193/3 201/3
f 199/3 198/3 202/3
f 193/3 194/3 201/3
f 200/3 199/3 202/3
f 194/3 189/3 201/3
f 195/3 200/3 202/3
f 195/3 196/3 190/3 189/3
f 196/3 197/3 191/3 190/3
f 197/3 198/3 192/3 191/3
f 198/3 199/3 193/3 192/3
f 199/3 200/3 194/3 193/3
f 200/3 195/3 189/3 194/3
f 203/3 204/3 215/3
f 210/3 209/3 216/3
f 204/3 205/3 215/3
f 211/3 210/3 216/3
f 205/3 206/3 215/3
f 212/3 211/3 216/3
f 206/3 207/3 215/3
f 213/3 212/3 216/3
f 207/3 208/3 215/3
f 214/3 213/3 216/3
f 208/3 203/3 215/3
f 209/3 214/3 216/3
f 209/3 210/3 204/3 203/3
f 210/3 211/3 205/3 204/3
f 211/3 212/3 206/3 205/3
f 212/3 213/3 207/3 206/3
f 213/3 214/3 208/3 207/3
f 214/3 209/3 203/3 208/3
f 229/3 230/3 241/3
f 236/3 235/3 242/3
f 230/3 231/3 241/3
f 237/3 236/3 242/3
f 231/3 232/3 241/3
f 238/3 237/3 242/3
f 232/3 233/3 241/3
f 239/3 238/3 242/3
f 233/3 234/3 241/3
f 240/3 239/3 242/3
f 234/3 229/3 241/3
f 235/3 240/3 242/3
f 235/3 236/3 230/3 229/3
f 236/3 237/3 231/3 230/3
f 237/3 238/3 232/3 231/3
f 238/3 239/3 233/3 232/3
f 239/3 240/3 234/3 233/3
f 240/3 235/3 229/3 234/3
f 243/3 244/3 255/3
f 250/3 249/3 256/3
f 244/3 245/3 255/3
f 251/3 250/3 256/3
f 245/3 246/3 255/3
f 252/3 251/3 256/3
f 246/3 247/3 255/3
f 253/3 252/3 256/3
f 247/3 248/3 255/3
f 254/3 253/3 256/3
f 248/3 243/3 255/3
f 249/3 254/3 256/3
f 249/3 250/3 244/3 243/3
f 250/3 251/3 245/3 244/3
f 251/3 252/3 246/3 245/3
f 252/3 253/3 247/3 246/3
f 253/3 254/3 248/3 247/3
f 254/3 249/3 243/3 248/3
f 257/3 258/3 269/3
f 264/3 263/3 270/3
f 258/3 259/3 269/3
f 265/3 264/3 270/3
f 259/3 260/3 269/3
f 266/3 265/3 270/3
f 260/3 261/3 269/3
f 267/3 266/3 270/3
f 261/3 262/3 269/3
f 268/3 267/3 270/3
f 262/3 257/3 269/3
f 263/3 268/3 270/3
f 263/3 264/3 258/3 257/3
f 264/3 265/3 259/3 258/3
f 265/3 266/3 260/3 259/3
f 266/3 267/3 261/3 260/3
f 267/3 268/3 262/3 261/3
f 268/3 263/3 257/3 262/3
f 271/3 272/3 283/3
f 278/3 277/3 284/3
f 272/3 273/3 283/3
f 279/3 278/3 284/3
f 273/3 274/3 283/3
f 280/3 279/3 284/3
f 274/3 275/3 283/3
f 281/3 280/3 284/3
f 275/3 276/3 283/3
f 282/3 281/3 284/3
f 276/3 271/3 283/3
f 277/3 282/3 284/3
f 277/3 278/3 272/3 271/3
f 278/3 279/3 273/3 272/3
f 279/3 280/3 274/3 273/3
f 280/3 281/3 275/3 274/3
f 281/3 282/3 276/3 275/3
f 282/3 277/3 271/3 276/3
f 297/3 298/3 309/3
f 304/3 303/3 310/3
f 298/3 299/3 309/3
f 305/3 304/3 310/3
f 299/3 300/3 309/3
f 306/3 305/3 310/3
f 300/3 301/3 309/3
f 307/3 306/3 310/3
f 301/3 302/3 309/3
f 308/3 307/3 310/3
f 302/3 297/3 309/3
f 303/3 308/3 310/3
f 303/3 304/3 298/3 297/3
f 304/3 305/3 299/3 298/3
f 305/3 306/3 300/3 299/3
f 306/3 307/3 301/3 300/3
f 307/3 308/3 302/3 301/3
f 308/3 303/3 297/3 302/3
f 311/3 312/3 323/3
f 318/3 317/3 324/3
f 312/3 313/3 323/3
f 319/3 318/3 324/3
f 313/3 314/3 323/3
f 320/3 319/3 324/3
f 314/3 315/3 323/3
f 321/3 320/3 324/3
f 315/3 316/3 323/3
f 322/3 321/3 324/3
f 316/3 311/3 323/3
f 317/3 322/3 324/3
f 317/3 318/3 312/3 311/3
f 318/3 319/3 313/3 312/3
f 319/3 320/3 314/3 313/3
f 320/3 321/3 315/3 314/3
f 321/3 322/3 316/3 315/3
f 322/3 317/3 311/3 316/3
f 325/3 328/3 327/3 326/3
f 329/3 330/3 331/3 332/3
f 325/3 329/3 332/3 328/3
f 326/3 327/3 331/3 330/3
f 325/3 326/3 330/3 329/3
f 328/3 332/3 331/3 327/3
f 333/3 334/3 345/3
f 340/3 339/3 346/3
f 334/3 335/3 345/3
f 341/3 340/3 346/3
f 335/3 336/3 345/3
f 342/3 341/3 346/3
f 336/3 337/3 345/3
f 343/3 342/3 346/3
f 337/3 338/3 345/3
f 344/3 343/3 346/3
f 338/3 333/3 345/3
f 339/3 344/3 346/3
f 339/3 340/3 334/3 333/3
f 340/3 341/3 335/3 334/3
f 341/3 342/3 336/3 335/3
f 342/3 343/3 337/3 336/3
f 343/3 344/3 338/3 337/3
f 344/3 339/3 333/3 338/3
f 347/3 348/3 359/3
f 354/3 353/3 360/3
f 348/3 349/3 359/3
f 355/3 354/3 360/3
f 349/3 350/3 359/3
f 356/3 355/3 360/3
f 350/3 351/3 359/3
f 357/3 356/3 360/3
f 351/3 352/3 359/3
f 358/3 357/3 360/3
f 352/3 347/3 359/3
f 353/3 358/3 360/3
f 353/3 354/3 348/3 347/3
f 354/3 355/3 349/3 348/3
f 355/3 356/3 350/3 349/3
f 356/3 357/3 351/3 350/3
f 357/3 358/3 352/3 351/3
f 358/3 353/3 347/3 352/3
f 361/3 362/3 373/3
f 368/3 367/3 374/3
f 362/3 363/3 373/3
f 369/3 368/3 374/3
f 363/3 364/3 373/3
f 370/3 369/3 374/3
f 364/3 365/3 373/3
f 371/3 370/3 374/3
f 365/3 366/3 373/3
f 372/3 371/3 374/3
f 366/3 361/3 373/3
f 367/3 372/3 374/3
f 367/3 368/3 362/3 361/3
f 368/3 369/3 363/3 362/3
f 369/3 370/3 364/3 363/3
f 370/3 371/3 365/3 364/3
f 371/3 372/3 366/3 365/3
f 372/3 367/3 361/3 366/3
f 387/3 388/3 399/3
f 394/3 393/3 400/3
f 388/3 389/3 399/3
f 395/3 394/3 400/3
f 389/3 390/3 399/3
f 396/3 395/3 400/3
f 390/3 391/3 399/3
f 397/3 396/3 400/3
f 391/3 392/3 399/3
f 398/3 397/3 400/3
f 392/3 387/3 399/3
f 393/3 398/3 400/3
f 393/3 394/3 388/3 387/3
f 394/3 395/3 389/3 388/3
f 395/3 396/3 390/3 389/3
f 396/3 397/3 391/3 390/3
f 397/3 398/3 392/3 391/3
f 398/3 393/3 387/3 392/3
f 401/3 402/3 413/3
f 408/3 407/3 414/3
f 402/3 403/3 413/3
f 409/3 408/3 414/3
f 403/3 404/3 413/3
f 410/3 409/3 414/3
f 404/3 405/3 413/3
f 411/3 410/3 414/3
f 405/3 406/3 413/3
f 412/3 411/3 414/3
f 406/3 401/3 413/3
f 407/3 412/3 414/3
f 407/3 408/3 402/3 401/3
f 408/3 409/3 403/3 402/3
f 409/3 410/3 404/3 403/3
f 410/3 411/3 405/3 404/3
f 411/3 412/3 406/3 405/3
f 412/3 407/3 401/3 406/3
f 415/3 416/3 427/3
f 422/3 421/3 428/3
f 416/3 417/3 427/3
f 423/3 422/3 428/3
f 417/3 418/3 427/3
f 424/3 423/3 428/3
f 418/3 419/3 427/3
f 425/3 424/3 428/3
f 419/3 420/3 427/3
f 426/3 425/3 428/3
f 420/3 415/3 427/3
f 421/3 426/3 428/3
f 421/3 422/3 416/3 415/3
f 422/3 423/3 417/3 416/3
f 423/3 424/3 418/3 417/3
f 424/3 425/3 419/3 418/3
f 425/3 426/3 420/3 419/3
f 426/3 421/3 415/3 420/3
f 429/3 430/3 441/3
f 436/3 435/3 442/3
f 430/3 431/3 441/3
f 437/3 436/3 442/3
f 431/3 432/3 441/3
f 438/3 437/3 442/3
f 432/3 433/3 441/3
f 439/3 438/3 442/3
f 433/3 434/3 441/3
f 440/3 439/3 442/3
f 434/3 429/3 441/3
f 435/3 440/3 442/3
f 435/3 436/3 430/3 429/3
f 436/3 437/3 431/3 430/3
f 437/3 438/3 432/3 431/3
f 438/3 439/3 433/3 432/3
f 439/3 440/3 434/3 433/3
f 440/3 435/3 429/3 434/3
f 455/3 456/3 467/3
f 462/3 461/3 468/3
f 456/3 457/3 467/3
f 463/3 462/3 468/3
f 457/3 458/3 467/3
f 464/3 463/3 468/3
f 458/3 459/3 467/3
f 465/3 464/3 468/3
f 459/3 460/3 467/3
f 466/3 465/3 468/3
f 460/3 455/3 467/3
f 461/3 466/3 468/3
f 461/3 462/3 456/3 455/3
f 462/3 463/3 457/3 456/3
f 463/3 464/3 458/3 457/3
f 464/3 465/3 459/3 458/3
f 465/3 466/3 460/3 459/3
f 466/3 461/3 455/3 460/3
f 469/3 470/3 481/3
f 476/3 475/3 482/3
f 470/3 471/3 481/3
f 477/3 476/3 482/3
f 471/3 472/3 481/3
f 478/3 477/3 482/3
f 472/3 473/3 481/3
f 479/3 478/3 482/3
f 473/3 474/3 481/3
f 480/3 479/3 482/3
f 474/3 469/3 481/3
f 475/3 480/3 482/3
f 475/3 476/3 470/3 469/3
f 476/3 477/3 471/3 470/3
f 477/3 478/3 472/3 471/3
f 478/3 479/3 473/3 472/3
f 479/3 480/3 474/3 473/3
f 480/3 475/3 469/3 474/3
f 483/3 484/3 495/3
f 490/3 489/3 496/3
f 484/3 485/3 495/3
f 491/3 490/3 496/3
f 485/3 486/3 495/3
f 492/3 491/3 496/3
f 486/3 487/3 495/3
f 493/3 492/3 496/3
f 487/3 488/3 495/3
f 494/3 493/3 496/3
f 488/3 483/3 495/3
f 489/3 494/3 496/3
f 489/3 490/3 484/3 483/3
f 490/3 491/3 485/3 484/3
f 491/3 492/3 486/3 485/3
f 492/3 493/3 487/3 486/3
f 493/3 494/3 488/3 487/3
f 494/3 489/3 483/3 488/3
f 497/3 498/3 509/3
f 504/3 503/3 510/3
f 498/3 499/3 509/3
f 505/3 504/3 510/3
f 499/3 500/3 509/3
f 506/3 505/3 510/3
f 500/3 501/3 509/3
f 507/3 506/3 510/3
f 501/3 502/3 509/3
f 508/3 507/3 510/3
f 502/3 497/3 509/3
f 503/3 508/3 510/3
f 503/3 504/3 498/3 497/3
f 504/3 505/3 499/3 498/3
f 505/3 506/3 500/3 499/3
f 506/3 507/3 501/3 500/3
f 507/3 508/3 502/3 501/3
f 508/3 503/3 497/3 502/3
f 523/3 524/3 535/3
f 530/3 529/3 536/3
f 524/3 525/3 535/3
f 531/3 530/3 536/3
f 525/3 526/3 535/3
f 532/3 531/3 536/3
f 526/3 527/3 535/3
f 533/3 532/3 536/3
f 527/3 528/3 535/3
f 534/3 533/3 536/3
f 528/3 523/3 535/3
f 529/3 534/3 536/3
f 529/3 530/3 524/3 523/3
f 530/3 531/3 525/3 524/3
f 531/3 532/3 526/3 525/3
f 532/3 533/3 527/3 526/3
f 533/3 534/3 528/3 527/3
f 534/3 529/3 523/3 528/3
f 537/3 538/3 549/3
f 544/3 543/3 550/3
f 538/3 539/3 549/3
f 545/3 544/3 550/3
f 539/3 540/3 549/3
f 546/3 545/3 550/3
f 540/3 541/3 549/3
f 547/3 546/3 550/3
f 541/3 542/3 549/3
f 548/3 547/3 550/3
f 542/3 537/3 549/3
f 543/3 548/3 550/3
f 543/3 544/3 538/3 537/3
f 544/3 545/3 539/3 538/3
f 545/3 546/3 540/3 539/3
f 546/3 547/3 541/3 540/3
f 547/3 548/3 542/3 541/3
f 548/3 543/3 537/3 542/3
f 551/3 552/3 563/3
f 558/3 557/3 564/3
f 552/3 553/3 563/3
f 559/3 558/3 564/3
f 553/3 554/3 563/3
f 560/3 559/3 564/3
f 554/3 555/3 563/3
f 561/3 560/3 564/3
f 555/3 556/3 563/3
f 562/3 561/3 564/3
f 556/3 551/3 563/3
f 557/3 562/3 564/3
f 557/3 558/3 552/3 551/3
f 558/3 559/3 553/3 552/3
f 559/3 560/3 554/3 553/3
f 560/3 561/3 555/3 554/3
f 561/3 562/3 556/3 555/3
f 562/3 557/3 551/3 556/3
f 565/3 566/3 577/3
f 572/3 571/3 578/3
f 566/3 567/3 577/3
f 573/3 572/3 578/3
f 567/3 568/3 577/3
f 574/3 573/3 578/3
f 568/3 569/3 577/3
f 575/3 574/3 578/3
f 569/3 570/3 577/3
f 576/3 575/3 578/3
f 570/3 565/3 577/3
f 571/3 576/3 578/3
f 571/3 572/3 566/3 565/3
f 572/3 573/3 567/3 566/3
f 573/3 574/3 568/3 567/3
f 574/3 575/3 569/3 568/3
f 575/3 576/3 570/3 569/3
f 576/3 571/3 565/3 570/3
f 591/3 592/3 603/3
f 598/3 597/3 604/3
f 592/3 593/3 603/3
f 599/3 598/3 604/3
f 593/3 594/3 603/3
f 600/3 599/3 604/3
f 594/3 595/3 603/3
f 601/3 600/3 604/3
f 595/3 596/3 603/3
f 602/3 601/3 604/3
f 596/3 591/3 603/3
f 597/3 602/3 604/3
f 597/3 598/3 592/3 591/3
f 598/3 599/3 593/3 592/3
f 599/3 600/3 594/3 593/3
f 600/3 601/3 595/3 594/3
f 601/3 602/3 596/3 595/3
f 602/3 597/3 591/3 596/3
f 605/3 606/3 617/3
f 612/3 611/3 618/3
f 606/3 607/3 617/3
f 613/3 612/3 618/3
f 607/3 608/3 617/3
f 614/3 613/3 618/3
f 608/3 609/3 617/3
f 615/3 614/3 618/3
f 609/3 610/3 617/3
f 616/3 615/3 618/3
f 610/3 605/3 617/3
f 611/3 616/3 618/3
f 611/3 612/3 606/3 605/3
f 612/3 613/3 607/3 606/3
f 613/3 614/3 608/3 607/3
f 614/3 615/3 609/3 608/3
f 615/3 616/3 610/3 609/3
f 616/3 611/3 605/3 610/3
f 619/3 620/3 631/3
f 626/3 625/3 632/3
f 620/3 621/3 631/3
f 627/3 626/3 632/3
f 621/3 622/3 631/3
f 628/3 627/3 632/3
f 622/3 623/3 631/3
f 629/3 628/3 632/3
f 623/3 624/3 631/3
f 630/3 629/3 632/3
f 624/3 619/3 631/3
f 625/3 630/3 632/3
f 625/3 626/3 620/3 619/3
f 626/3 627/3 621/3 620/3
f 627/3 628/3 622/3 621/3
f 628/3 629/3 623/3 622/3
f 629/3 630/3 624/3 623/3
f 630/3 625/3 619/3 624/3
f 633/3 634/3 645/3
f 640/3 639/3 646/3
f 634/3 635/3 645/3
f 641/3 640/3 646/3
f 635/3 636/3 645/3
f 642/3 641/3 646/3
f 636/3 637/3 645/3
f 643/3 642/3 646/3
f 637/3 638/3 645/3
f 644/3 643/3 646/3
f 638/3 633/3 645/3
f 639/3 644/3 646/3
f 639/3 640/3 634/3 633/3
f 640/3 641/3 635/3 634/3
f 641/3 642/3 636/3 635/3
f 642/3 643/3 637/3 636/3
f 643/3 644/3 638/3 637/3
f 644/3 639/3 633/3 638/3
f 659/3 660/3 671/3
f 666/3 665/3 672/3
f 660/3 661/3 671/3
f 667/3 666/3 672/3
f 661/3 662/3 671/3
f 668/3 667/3 672/3
f 662/3 663/3 671/3
f 669/3 668/3 672/3
f 663/3 664/3 671/3
f 670/3 669/3 672/3
f 664/3 659/3 671/3
f 665/3 670/3 672/3
f 665/3 666/3 660/3 659/3
f 666/3 667/3 661/3 660/3
f 667/3 668/3 662/3 661/3
f 668/3 669/3 663/3 662/3
f 669/3 670/3 664/3 663/3
f 670/3 665/3 659/3 664/3
f 673/3 674/3 685/3
f 680/3 679/3 686/3
f 674/3 675/3 685/3
f 681/3 680/3 686/3
f 675/3 676/3 685/3
f 682/3 681/3 686/3
f 676/3 677/3 685/3
f 683/3 682/3 686/3
f 677/3 678/3 685/3
f 684/3 683/3 686/3
f 678/3 673/3 685/3
f 679/3 684/3 686/3
f 679/3 680/3 674/3 673/3
f 680/3 681/3 675/3 674/3
f 681/3 682/3 676/3 675/3
f 682/3 683/3 677/3 676/3
f 683/3 684/3 678/3 677/3
f 684/3 679/3 673/3 678/3
f 687/3 690/3 689/3 688/3
f 691/3 692/3 693/3 694/3
f 687/3 691/3 694/3 690/3
f 688/3 689/3 693/3 692/3
f 687/3 688/3 692/3 691/3
f 690/3 694/3 693/3 689/3
f 695/3 696/3 707/3
f 702/3 701/3 708/3
f 696/3 697/3 707/3
f 703/3 702/3 708/3
f 697/3 698/3 707/3
f 704/3 703/3 708/3
f 698/3 699/3 707/3
f 705/3 704/3 708/3
f 699/3 700/3 707/3
f 706/3 705/3 708/3
f 700/3 695/3 707/3
f 701/3 706/3 708/3
f 701/3 702/3 696/3 695/3
f 702/3 703/3 697/3 696/3
f 703/3 704/3 698/3 697/3
f 704/3 705/3 699/3 698/3
f 705/3 706/3 700/3 699/3
f 706/3 701/3 695/3 700/3
f 709/3 710/3 721/3
f 716/3 715/3 722/3
f 710/3 711/3 721/3
f 717/3 716/3 722/3
f 711/3 712/3 721/3
f 718/3 717/3 722/3
f 712/3 713/3 721/3
f 719/3 718/3 722/3
f 713/3 714/3 721/3
f 720/3 719/3 722/3
f 714/3 709/3 721/3
f 715/3 720/3 722/3
f 715/3 716/3 710/3 709/3
f 716/3 717/3 711/3 710/3
f 717/3 718/3 712/3 711/3
f 718/3 719/3 713/3 712/3
f 719/3 720/3 714/3 713/3
f 720/3 715/3 709/3 714/3
f 723/3 724/3 735/3
f 730/3 729/3 736/3
f 724/3 725/3 735/3
f 731/3 730/3 736/3
f 725/3 726/3 735/3
f 732/3 731/3 736/3
f 726/3 727/3 735/3
f 733/3 732/3 736/3
f 727/3 728/3 735/3
f 734/3 733/3 736/3
f 728/3 723/3 735/3
f 729/3 734/3 736/3
f 729/3 730/3 724/3 723/3
f 730/3 731/3 725/3 724/3
f 731/3 732/3 726/3 725/3
f 732/3 733/3 727/3 726/3
f 733/3 734/3 728/3 727/3
f 734/3 729/3 723/3 728/3
f 749/3 750/3 761/3
f 756/3 755/3 762/3
f 750/3 751/3 761/3
f 757/3 756/3 762/3
f 751/3 752/3 761/3
f 758/3 757/3 762/3
f 752/3 753/3 761/3
f 759/3 758/3 762/3
f 753/3 754/3 761/3
f 760/3 759/3 762/3
f 754/3 749/3 761/3
f 755/3 760/3 762/3
f 755/3 756/3 750/3 749/3
f 756/3 757/3 751/3 750/3
f 757/3 758/3 752/3 751/3
f 758/3 759/3 753/3 752/3
f 759/3 760/3 754/3 753/3
f 760/3 755/3 749/3 754/3
f 763/3 764/3 775/3
f 770/3 769/3 776/3
f 764/3 765/3 775/3
f 771/3 770/3 776/3
f 765/3 766/3 775/3
f 772/3 771/3 776/3
f 766/3 767/3 775/3
f 773/3 772/3 776/3
f 767/3 768/3 775/3
f 774/3 773/3 776/3
f 768/3 763/3 775/3
f 769/3 774/3 776/3
f 769/3 770/3 764/3 763/3
f 770/3 771/3 765/3 764/3
f 771/3 772/3 766/3 765/3
f 772/3 773/3 767/3 766/3
f 773/3 774/3 768/3 767/3
f 774/3 769/3 763/3 768/3
f 777/3 778/3 789/3
f 784/3 783/3 790/3
f 778/3 779/3 789/3
f 785/3 784/3 790/3
f 779/3 780/3 789/3
f 786/3 785/3 790/3
f 780/3 781/3 789/3
f 787/3 786/3 790/3
f 781/3 782/3 789/3
f 788/3 787/3 790/3
f 782/3 777/3 789/3
f 783/3 788/3 790/3
f 783/3 784/3 778/3 777/3
f 784/3 785/3 779/3 778/3
f 785/3 786/3 780/3 779/3
f 786/3 787/3 781/3 780/3
f 787/3 788/3 782/3 781/3
f 788/3 783/3 777/3 782/3
f 791/3 792/3 803/3
f 798/3 797/3 804/3
f 792/3 793/3 803/3
f 799/3 798/3 804/3
f 793/3 794/3 803/3
f 800/3 799/3 804/3
f 794/3 795/3 803/3
f 801/3 800/3 804/3
f 795/3 796/3 803/3
f 802/3 801/3 804/3
f 796/3 791/3 803/3
f 797/3 802/3 804/3
f 797/3 798/3 792/3 791/3
f 798/3 799/3 793/3 792/3
f 799/3 800/3 794/3 793/3
f 800/3 801/3 795/3 794/3
f 801/3 802/3 796/3 795/3
f 802/3 797/3 791/3 796/3
f 817/3 818/3 829/3
f 824/3 823/3 830/3
f 818/3 819/3 829/3
f 825/3 824/3 830/3
f 819/3 820/3 829/3
f 826/3 825/3 830/3
f 820/3 821/3 829/3
f 827/3 826/3 830/3
f 821/3 822/3 829/3
f 828/3 827/3 830/3
f 822/3 817/3 829/3
f 823/3 828/3 830/3
f 823/3 824/3 818/3 817/3
f 824/3 825/3 819/3 818/3
f 825/3 826/3 820/3 819/3
f 826/3 827/3 821/3 820/3
f 827/3 828/3 822/3 821/3
f 828/3 823/3 817/3 822/3
f 831/3 832/3 843/3
f 838/3 837/3 844/3
f 832/3 833/3 843/3
f 839/3 838/3 844/3
f 833/3 834/3 843/3
f 840/3 839/3 844/3
f 834/3 835/3 843/3
f 841/3 840/3 844/3
f 835/3 836/3 843/3
f 842/3 841/3 844/3
f 836/3 831/3 843/3
f 837/3 842/3 844/3
f 837/3 838/3 832/3 831/3
f 838/3 839/3 833/3 832/3
f 839/3 840/3 834/3 833/3
f 840/3 841/3 835/3 834/3
f 841/3 842/3 836/3 835/3
f 842/3 837/3 831/3 836/3
f 845/3 846/3 857/3
f 852/3 851/3 858/3
f 846/3 847/3 857/3
f 853/3 852/3 858/3
f 847/3 848/3 857/3
f 854/3 853/3 858/3
f 848/3 849/3 857/3
f 855/3 854/3 858/3
f 849/3 850/3 857/3
f 856/3 855/3 858/3
f 850/3 845/3 857/3
f 851/3 856/3 858/3
f 851/3 852/3 846/3 845/3
f 852/3 853/3 847/3 846/3
f 853/3 854/3 848/3 847/3
f 854/3 855/3 849/3 848/3
f 855/3 856/3 850/3 849/3
f 856/3 851/3 845/3 850/3
f 859/3 860/3 871/3
f 866/3 865/3 872/3
f 860/3 861/3 871/3
f 867/3 866/3 872/3
f 861/3 862/3 871/3
f 868/3 867/3 872/3
f 862/3 863/3 871/3
f 869/3 868/3 872/3
f 863/3 864/3 871/3
f 870/3 869/3 872/3
f 864/3 859/3 871/3
f 865/3 870/3 872/3
f 865/3 866/3 860/3 859/3
f 866/3 867/3 861/3 860/3
f 867/3 868/3 862/3 861/3
f 868/3 869/3 863/3 862/3
f 869/3 870/3 864/3 863/3
f 870/3 865/3 859/3 864/3
f 885/3 886/3 897/3
f 892/3 891/3 898/3
f 886/3 887/3 897/3
f 893/3 892/3 898/3
f 887/3 888/3 897/3
f 894/3 893/3 898/3
f 888/3 889/3 897/3
f 895/3 894/3 898/3
f 889/3 890/3 897/3
f 896/3 895/3 898/3
f 890/3 885/3 897/3
f 891/3 896/3 898/3
f 891/3 892/3 886/3 885/3
f 892/3 893/3 887/3 886/3
f 893/3 894/3 888/3 887/3
f 894/3 895/3 889/3 888/3
f 895/3 896/3 890/3 889/3
f 896/3 891/3 885/3 890/3
f 899/3 900/3 911/3
f 906/3 905/3 912/3
f 900/3 901/3 911/3
f 907/3 906/3 912/3
f 901/3 902/3 911/3
f 908/3 907/3 912/3
f 902/3 903/3 911/3
f 909/3 908/3 912/3
f 903/3 904/3 911/3
f 910/3 909/3 912/3
f 904/3 899/3 911/3
f 905/3 910/3 912/3
f 905/3 906/3 900/3 899/3
f 906/3 907/3 901/3 900/3
f 907/3 908/3 902/3 901/3
f 908/3 909/3 903/3 902/3
f 909/3 910/3 904/3 903/3
f 910/3 905/3 899/3 904/3
f 913/3 914/3 925/3
f 920/3 919/3 926/3
f 914/3 915/3 925/3
f 921/3 920/3 926/3
f 915/3 916/3 925/3
f 922/3 921/3 926/3
f 916/3 917/3 925/3
f 923/3 922/3 926/3
f 917/3 918/3 925/3
f 924/3 923/3 926/3
f 918/3 913/3 925/3
f 919/3 924/3 926/3
f 919/3 920/3 914/3 913/3
f 920/3 921/3 915/3 914/3
f 921/3 922/3 916/3 915/3
f 922/3 923/3 917/3 916/3
f 923/3 924/3 918/3 917/3
f 924/3 919/3 913/3 918/3
f 927/3 928/3 939/3
f 934/3 933/3 940/3
f 928/3 929/3 939/3
f 935/3 934/3 940/3
f 929/3 930/3 939/3
f 936/3 935/3 940/3
f 930/3 931/3 939/3
f 937/3 936/3 940/3
f 931/3 932/3 939/3
f 938/3 937/3 940/3
f 932/3 927/3 939/3
f 933/3 938/3 940/3
f 933/3 934/3 928/3 927/3
f 934/3 935/3 929/3 928/3
f 935/3 936/3 930/3 929/3
f 936/3 937/3 931/3 930/3
f 937/3 938/3 932/3 931/3
f 938/3 933/3 927/3 932/3
f 953/3 954/3 965/3
f 960/3 959/3 966/3
f 954/3 955/3 965/3
f 961/3 960/3 966/3
f 955/3 956/3 965/3
f 962/3 961/3 966/3
f 956/3 957/3 965/3
f 963/3 962/3 966/3
f 957/3 958/3 965/3
f 964/3 963/3 966/3
f 958/3 953/3 965/3
f 959/3 964/3 966/3
f 959/3 960/3 954/3 953/3
f 960/3 961/3 955/3 954/3
f 961/3 962/3 956/3 955/3
f 962/3 963/3 957/3 956/3
f 963/3 964/3 958/3 957/3
f 964/3 959/3 953/3 958/3
f 967/3 968/3 979/3
f 974/3 973/3 980/3
f 968/3 969/3 979/3
f 975/3 974/3 980/3
f 969/3 970/3 979/3
f 976/3 975/3 980/3
f 970/3 971/3 979/3
f 977/3 976/3 980/3
f 971/3 972/3 979/3
f 978/3 977/3 980/3
f 972/3 967/3 979/3
f 973/3 978/3 980/3
f 973/3 974/3 968/3 967/3
f 974/3 975/3 969/3 968/3
f 975/3 976/3 970/3 969/3
f 976/3 977/3 971/3 970/3
f 977/3 978/3 972/3 971/3
f 978/3 973/3 967/3 972/3
f 981/3 982/3 993/3
f 988/3 987/3 994/3
f 982/3 983/3 993/3
f 989/3 988/3 994/3
f 983/3 984/3 993/3
f 990/3 989/3 994/3
f 984/3 985/3 993/3
f 991/3 990/3 994/3
f 985/3 986/3 993/3
f 992/3 991/3 994/3
f 986/3 981/3 993/3
f 987/3 992/3 994/3
f 987/3 988/3 982/3 981/3
f 988/3 989/3 983/3 982/3
f 989/3 990/3 984/3 983/3
f 990/3 991/3 985/3 984/3
f 991/3 992/3 986/3 985/3
f 992/3 987/3 981/3 986/3
f 995/3 996/3 1007/3
f 1002/3 1001/3 1008/3
f 996/3 997/3 1007/3
f 1003/3 1002/3 1008/3
f 997/3 998/3 1007/3
f 1004/3 1003/3 1008/3
f 998/3 999/3 1007/3
f 1005/3 1004/3 1008/3
f 999/3 1000/3 1007/3
f 1006/3 1005/3 1008/3
f 1000/3 995/3 1007/3
f 1001/3 1006/3 1008/3
f 1001/3 1002/3 996/3 995/3
f 1002/3 1003/3 997/3 996/3
f 1003/3 1004/3 998/3 997/3
f 1004/3 1005/3 999/3 998/3
f 1005/3 1006/3 1000/3 999/3
f 1006/3 1001/3 995/3 1000/3
f 1021/3 1022/3 1033/3
f 1028/3 1027/3 1034/3
f 1022/3 1023/3 1033/3
f 1029/3 1028/3 1034/3
f 1023/3 1024/3 1033/3
f 1030/3 1029/3 1034/3
f 1024/3 1025/3 1033/3
f 1031/3 1030/3 1034/3
f 1025/3 1026/3 1033/3
f 1032/3 1031/3 1034/3
f 1026/3 1021/3 1033/3
f 1027/3 1032/3 1034/3
f 1027/3 1028/3 1022/3 1021/3
f 1028/3 1029/3 1023/3 1022/3
f 1029/3 1030/3 1024/3 1023/3
f 1030/3 1031/3 1025/3 1024/3
f 1031/3 1032/3 1026/3 1025/3
f 1032/3 1027/3 1021/3 1026/3
f 1035/3 1036/3 1047/3
f 1042/3 1041/3 1048/3
f 1036/3 1037/3 1047/3
f 1043/3 1042/3 1048/3
f 1037/3 1038/3 1047/3
f 1044/3 1043/3 1048/3
f 1038/3 1039/3 1047/3
f 1045/3 1044/3 1048/3
f 1039/3 1040/3 1047/3
f 1046/3 1045/3 1048/3
f 1040/3 1035/3 1047/3
f 1041/3 1046/3 1048/3
f 1041/3 1042/3 1036/3 1035/3
f 1042/3 1043/3 1037/3 1036/3
f 1043/3 1044/3 1038/3 1037/3
f 1044/3 1045/3 1039/3 1038/3
f 1045/3 1046/3 1040/3 1039/3
f 1046/3 1041/3 1035/3 1040/3
f 1049/3 1052/3 1051/3 1050/3
f 1053/3 1054/3 1055/3 1056/3
f 1049/3 1053/3 1056/3 1052/3
f 1050/3 1051/3 1055/3 1054/3
f 1049/3 1050/3 1054/3 1053/3
f 1052/3 1056/3 1055/3 1051/3
f 1057/3 1058/3 1069/3
f 1064/3 1063/3 1070/3
f 1058/3 1059/3 1069/3
f 1065/3 1064/3 1070/3
f 1059/3 1060/3 1069/3
f 1066/3 1065/3 1070/3
f 1060/3 1061/3 1069/3
f 1067/3 1066/3 1070/3
f 1061/3 1062/3 1069/3
f 1068/3 1067/3 1070/3
f 1062/3 1057/3 1069/3
f 1063/3 1068/3 1070/3
f 1063/3 1064/3 1058/3 1057/3
f 1064/3 1065/3 1059/3 1058/3
f 1065/3 1066/3 1060/3 1059/3
f 1066/3 1067/3 1061/3 1060/3
f 1067/3 1068/3 1062/3 1061/3
f 1068/3 1063/3 1057/3 1062/3
f 1071/3 1072/3 1083/3
f 1078/3 1077/3 1084/3
f 1072/3 1073/3 1083/3
f 1079/3 1078/3 1084/3
f 1073/3 1074/3 1083/3
f 1080/3 1079/3 1084/3
f 1074/3 1075/3 1083/3
f 1081/3 1080/3 1084/3
f 1075/3 1076/3 1083/3
f 1082/3 1081/3 1084/3
f 1076/3 1071/3 1083/3
f 1077/3 1082/3 1084/3
f 1077/3 1078/3 1072/3 1071/3
f 1078/3 1079/3 1073/3 1072/3
f 1079/3 1080/3 1074/3 1073/3
f 1080/3 1081/3 1075/3 1074/3
f 1081/3 1082/3 1076/3 1075/3
f 1082/3 1077/3 1071/3 1076/3
f 1085/3 1086/3 1097/3
f 1092/3 1091/3 1098/3
f 1086/3 1087/3 1097/3
f 1093/3 1092/3 1098/3
f 1087/3 1088/3 1097/3
f 1094/3 1093/3 1098/3
f 1088/3 1089/3 1097/3
f 1095/3 1094/3 1098/3
f 1089/3 1090/3 1097/3
f 1096/3 1095/3 1098/3
f 1090/3 1085/3 1097/3
f 1091/3 1096/3 1098/3
f 1091/3 1092/3 1086/3 1085/3
f 1092/3 1093/3 1087/3 1086/3
f 1093/3 1094/3 1088/3 1087/3
f 1094/3 1095/3 1089/3 1088/3
f 1095/3 1096/3 1090/3 1089/3
f 1096/3 1091/3 1085/3 1090/3
f 1111/3 1112/3 1123/3
f 1118/3 1117/3 1124/3
f 1112/3 1113/3 1123/3
f 1119/3 1118/3 1124/3
f 1113/3 1114/3 1123/3
f 1120/3 1119/3 1124/3
f 1114/3 1115/3 1123/3
f 1121/3 1120/3 1124/3
f 1115/3 1116/3 1123/3
f 1122/3 1121/3 1124/3
f 1116/3 1111/3 1123/3
f 1117/3 1122/3 1124/3
f 1117/3 1118/3 1112/3 1111/3
f 1118/3 1119/3 1113/3 1112/3
f 1119/3 1120/3 1114/3 1113/3
f 1120/3 1121/3 1115/3 1114/3
f 1121/3 1122/3 1116/3 1115/3
f 1122/3 1117/3 1111/3 1116/3
f 1125/3 1126/3 1137/3
f 1132/3 1131/3 1138/3
f 1126/3 1127/3 1137/3
f 1133/3 1132/3 1138/3
f 1127/3 1128/3 1137/3
f 1134/3 1133/3 1138/3
f 1128/3 1129/3 1137/3
f 1135/3 1134/3 1138/3
f 1129/3 1130/3 1137/3
f 1136/3 1135/3 1138/3
f 1130/3 1125/3 1137/3
f 1131/3 1136/3 1138/3
f 1131/3 1132/3 1126/3 1125/3
f 1132/3 1133/3 1127/3 1126/3
f 1133/3 1134/3 1128/3 1127/3
f 1134/3 1135/3 1129/3 1128/3
f 1135/3 1136/3 1130/3 1129/3
f 1136/3 1131/3 1125/3 1130/3
f 1139/3 1140/3 1151/3
f 1146/3 1145/3 1152/3
f 1140/3 1141/3 1151/3
f 1147/3 1146/3 1152/3
f 1141/3 1142/3 1151/3
f 1148/3 1147/3 1152/3
f 1142/3 1143/3 1151/3
f 1149/3 1148/3 1152/3
f 1143/3 1144/3 1151/3
f 1150/3 1149/3 1152/3
f 1144/3 1139/3 1151/3
f 1145/3 1150/3 1152/3
f 1145/3 1146/3 1140/3 1139/3
f 1146/3 1147/3 1141/3 1140/3
f 1147/3 1148/3 1142/3 1141/3
f 1148/3 1149/3 1143/3 1142/3
f 1149/3 1150/3 1144/3 1143/3
f 1150/3 1145/3 1139/3 1144/3
f 1153/3 1154/3 1165/3
f 1160/3 1159/3 1166/3
f 1154/3 1155/3 1165/3
f 1161/3 1160/3 1166/3
f 1155/3 1156/3 1165/3
f 1162/3 1161/3 1166/3
f 1156/3 1157/3 1165/3
f 1163/3 1162/3 1166/3
f 1157/3 1158/3 1165/3
f 1164/3 1163/3 1166/3
f 1158/3 1153/3 1165/3
f 1159/3 1164/3 1166/3
f 1159/3 1160/3 1154/3 1153/3
f 1160/3 1161/3 1155/3 1154/3
f 1161/3 1162/3 1156/3 1155/3
f 1162/3 1163/3 1157/3 1156/3
f 1163/3 1164/3 1158/3 1157/3
f 1164/3 1159/3 1153/3 1158/3
f 1179/3 1180/3 1191/3
f 1186/3 1185/3 1192/3
f 1180/3 1181/3 1191/3
f 1187/3 1186/3 1192/3
f 1181/3 1182/3 1191/3
f 1188/3 1187/3 1192/3
f 1182/3 1183/3 1191/3
f 1189/3 1188/3 1192/3
f 1183/3 1184/3 1191/3
f 1190/3 1189/3 1192/3
f 1184/3 1179/3 1191/3
f 1185/3 1190/3 1192/3
f 1185/3 1186/3 1180/3 1179/3
f 1186/3 1187/3 1181/3 1180/3
f 1187/3 1188/3 1182/3 1181/3
f 1188/3 1189/3 1183/3 1182/3
f 1189/3 1190/3 1184/3 1183/3
f 1190/3 1185/3 1179/3 1184/3
f 1193/3 1194/3 1205/3
f 1200/3 1199/3 1206/3
f 1194/3 1195/3 1205/3
f 1201/3 1200/3 1206/3
f 1195/3 1196/3 1205/3
f 1202/3 1201/3 1206/3
f 1196/3 1197/3 1205/3
f 1203/3 1202/3 1206/3
f 1197/3 1198/3 1205/3
f 1204/3 1203/3 1206/3
f 1198/3 1193/3 1205/3
f 1199/3 1204/3 1206/3
f 1199/3 1200/3 1194/3 1193/3
f 1200/3 1201/3 1195/3 1194/3
f 1201/3 1202/3 1196/3 1195/3
f 1202/3 1203/3 1197/3 1196/3
f 1203/3 1204/3 1198/3 1197/3
f 1204/3 1199/3 1193/3 1198/3
f 1207/3 1208/3 1219/3
f 1214/3 1213/3 1220/3
f 1208/3 1209/3 1219/3
f 1215/3 1214/3 1220/3
f 1209/3 1210/3 1219/3
f 1216/3 1215/3 1220/3
f 1210/3 1211/3 1219/3
f 1217/3 1216/3 1220/3
f 1211/3 1212/3 1219/3
f 1218/3 1217/3 1220/3
f 1212/3 1207/3 1219/3
f 1213/3 1218/3 1220/3
f 1213/3 1214/3 1208/3 1207/3
f 1214/3 1215/3 1209/3 1208/3
f 1215/3 1216/3 1210/3 1209/3
f 1216/3 1217/3 1211/3 1210/3
f 1217/3 1218/3 1212/3 1211/3
f 1218/3 1213/3 1207/3 1212/3
f 1221/3 1222/3 1233/3
f 1228/3 1227/3 1234/3
f 1222/3 1223/3 1233/3
f 1229/3 1228/3 1234/3
f 1223/3 1224/3 1233/3
f 1230/3 1229/3 1234/3
f 1224/3 1225/3 1233/3
f 1231/3 1230/3 1234/3
f 1225/3 1226/3 1233/3
f 1232/3 1231/3 1234/3
f 1226/3 1221/3 1233/3
f 1227/3 1232/3 1234/3
f 1227/3 1228/3 1222/3 1221/3
f 1228/3 1229/3 1223/3 1222/3
f 1229/3 1230/3 1224/3 1223/3
f 1230/3 1231/3 1225/3 1224/3
f 1231/3 1232/3 1226/3 1225/3
f 1232/3 1227/3 1221/3 1226/3
f 1247/3 1248/3 1259/3
f 1254/3 1253/3 1260/3
f 1248/3 1249/3 1259/3
f 1255/3 1254/3 1260/3
f 1249/3 1250/3 1259/3
f 1256/3 1255/3 1260/3
f 1250/3 1251/3 1259/3
f 1257/3 1256/3 1260/3
f 1251/3 1252/3 1259/3
f 1258/3 1257/3 1260/3
f 1252/3 1247/3 1259/3
f 1253/3 1258/3 1260/3
f 1253/3 1254/3 1248/3 1247/3
f 1254/3 1255/3 1249/3 1248/3
f 1255/3 1256/3 1250/3 1249/3
f 1256/3 1257/3 1251/3 1250/3
f 1257/3 1258/3 1252/3 1251/3
f 1258/3 1253/3 1247/3 1252/3
f 1261/3 1262/3 1273/3
f 1268/3 1267/3 1274/3
f 1262/3 1263/3 1273/3
f 1269/3 1268/3 1274/3
f 1263/3 1264/3 1273/3
f 1270/3 1269/3 1274/3
f 1264/3 1265/3 1273/3
f 1271/3 1270/3 1274/3
f 1265/3 1266/3 1273/3
f 1272/3 1271/3 1274/3
f 1266/3 1261/3 1273/3
f 1267/3 1272/3 1274/3
f 1267/3 1268/3 1262/3 1261/3
f 1268/3 1269/3 1263/3 1262/3
f 1269/3 1270/3 1264/3 1263/3
f 1270/3 1271/3 1265/3 1264/3
f 1271/3 1272/3 1266/3 1265/3
f 1272/3 1267/3 1261/3 1266/3
f 1275/3 1276/3 1287/3
f 1282/3 1281/3 1288/3
f 1276/3 1277/3 1287/3
f 1283/3 1282/3 1288/3
f 1277/3 1278/3 1287/3
f 1284/3 1283/3 1288/3
f 1278/3 1279/3 1287/3
f 1285/3 1284/3 1288/3
f 1279/3 1280/3 1287/3
f 1286/3 1285/3 1288/3
f 1280/3 1275/3 1287/3
f 1281/3 1286/3 1288/3
f 1281/3 1282/3 1276/3 1275/3
f 1282/3 1283/3 1277/3 1276/3
f 1283/3 1284/3 1278/3 1277/3
f 1284/3 1285/3 1279/3 1278/3
f 1285/3 1286/3 1280/3 1279/3
f 1286/3 1281/3 1275/3 1280/3
f 1289/3 1290/3 1301/3
f 1296/3 1295/3 1302/3
f 1290/3 1291/3 1301/3
f 1297/3 1296/3 1302/3
f 1291/3 1292/3 1301/3
f 1298/3 1297/3 1302/3
f 1292/3 1293/3 1301/3
f 1299/3 1298/3 1302/3
f 1293/3 1294/3 1301/3
f 1300/3 1299/3 1302/3
f 1294/3 1289/3 1301/3
f 1295/3 1300/3 1302/3
f 1295/3 1296/3 1290/3 1289/3
f 1296/3 1297/3 1291/3 1290/3
f 1297/3 1298/3 1292/3 1291/3
f 1298/3 1299/3 1293/3 1292/3
f 1299/3 1300/3 1294/3 1293/3
f 1300/3 1295/3 1289/3 1294/3
f 1315/3 1316/3 1327/3
f 1322/3 1321/3 1328/3
f 1316/3 1317/3 1327/3
f 1323/3 1322/3 1328/3
f 1317/3 1318/3 1327/3
f 1324/3 1323/3 1328/3
f 1318/3 1319/3 1327/3
f 1325/3 1324/3 1328/3
f 1319/3 1320/3 1327/3
f 1326/3 1325/3 1328/3
f 1320/3 1315/3 1327/3
f 1321/3 1326/3 1328/3
f 1321/3 1322/3 1316/3 1315/3
f 1322/3 1323/3 1317/3 1316/3
f 1323/3 1324/3 1318/3 1317/3
f 1324/3 1325/3 1319/3 1318/3
f 1325/3 1326/3 1320/3 1319/3
f 1326/3 1321/3 1315/3 1320/3
f 1329/3 1330/3 1341/3
f 1336/3 1335/3 1342/3
f 1330/3 1331/3 1341/3
f 1337/3 1336/3 1342/3
f 1331/3 1332/3 1341/3
f 1338/3 1337/3 1342/3
f 1332/3 1333/3 1341/3
f 1339/3 1338/3 1342/3
f 1333/3 1334/3 1341/3
f 1340/3 1339/3 1342/3
f 1334/3 1329/3 1341/3
f 1335/3 1340/3 1342/3
f 1335/3 1336/3 1330/3 1329/3
f 1336/3 1337/3 1331/3 1330/3
f 1337/3 1338/3 1332/3 1331/3
f 1338/3 1339/3 1333/3 1332/3
f 1339/3 1340/3 1334/3 1333/3
f 1340/3 1335/3 1329/3 1334/3
f 1343/3 1344/3 1355/3
f 1350/3 1349/3 1356/3
f 1344/3 1345/3 1355/3
f 1351/3 1350/3 1356/3
f 1345/3 1346/3 1355/3
f 1352/3 1351/3 1356/3
f 1346/3 1347/3 1355/3
f 1353/3 1352/3 1356/3
f 1347/3 1348/3 1355/3
f 1354/3 1353/3 1356/3
f 1348/3 1343/3 1355/3
f 1349/3 1354/3 1356/3
f 1349/3 1350/3 1344/3 1343/3
f 1350/3 1351/3 1345/3 1344/3
f 1351/3 1352/3 1346/3 1345/3
f 1352/3 1353/3 1347/3 1346/3
f 1353/3 1354/3 1348/3 1347/3
f 1354/3 1349/3 1343/3 1348/3
f 1357/3 1358/3 1369/3
f 1364/3 1363/3 1370/3
f 1358/3 1359/3 1369/3
f 1365/3 1364/3 1370/3
f 1359/3 1360/3 1369/3
f 1366/3 1365/3 1370/3
f 1360/3 1361/3 1369/3
f 1367/3 1366/3 1370/3
f 1361/3 1362/3 1369/3
f 1368/3 1367/3 1370/3
f 1362/3 1357/3 1369/3
f 1363/3 1368/3 1370/3
f 1363/3 1364/3 1358/3 1357/3
f 1364/3 1365/3 1359/3 1358/3
f 1365/3 1366/3 1360/3 1359/3
f 1366/3 1367/3 1361/3 1360/3
f 1367/3 1368/3 1362/3 1361/3
f 1368/3 1363/3 1357/3 1362/3
f 1383/3 1384/3 1395/3
f 1390/3 1389/3 1396/3
f 1384/3 1385/3 1395/3
f 1391/3 1390/3 1396/3
f 1385/3 1386/3 1395/3
f 1392/3 1391/3 1396/3
f 1386/3 1387/3 1395/3
f 1393/3 1392/3 1396/3
f 1387/3 1388/3 1395/3
f 1394/3 1393/3 1396/3
f 1388/3 1383/3 1395/3
f 1389/3 1394/3 1396/3
f 1389/3 1390/3 1384/3 1383/3
f 1390/3 1391/3 1385/3 1384/3
f 1391/3 1392/3 1386/3 1385/3
f 1392/3 1393/3 1387/3 1386/3
f 1393/3 1394/3 1388/3 1387/3
f 1394/3 1389/3 1383/3 1388/3
f 1397/3 1398/3 1409/3
f 1404/3 1403/3 1410/3
f 1398/3 1399/3 1409/3
f 1405/3 1404/3 1410/3
f 1399/3 1400/3 1409/3
f 1406/3 1405/3 1410/3
f 1400/3 1401/3 1409/3
f 1407/3 1406/3 1410/3
f 1401/3 1402/3 1409/3
f 1408/3 1407/3 1410/3
f 1402/3 1397/3 1409/3
f 1403/3 1408/3 1410/3
f 1403/3 1404/3 1398/3 1397/3
f 1404/3 1405/3 1399/3 1398/3
f 1405/3 1406/3 1400/3 1399/3
f 1406/3 1407/3 1401/3 1400/3
f 1407/3 1408/3 1402/3 1401/3
f 1408/3 1403/3 1397/3 1402/3
f 1411/3 1414/3 1413/3 1412/3
f 1415/3 1416/3 1417/3 1418/3
f 1411/3 1415/3 1418/3 1414/3
f 1412/3 1413/3 1417/3 1416/3
f 1411/3 1412/3 1416/3 1415/3
f 1414/3 1418/3 1417/3 1413/3
f 1419/3 1420/3 1431/3
f 1426/3 1425/3 1432/3
f 1420/3 1421/3 1431/3
f 1427/3 1426/3 1432/3
f 1421/3 1422/3 1431/3
f 1428/3 1427/3 1432/3
f 1422/3 1423/3 1431/3
f 1429/3 1428/3 1432/3
f 1423/3 1424/3 1431/3
f 1430/3 1429/3 1432/3
f 1424/3 1419/3 1431/3
f 1425/3 1430/3 1432/3
f 1425/3 1426/3 1420/3 1419/3
f 1426/3 1427/3 1421/3 1420/3
f 1427/3 1428/3 1422/3 1421/3
f 1428/3 1429/3 1423/3 1422/3
f 1429/3 1430/3 1424/3 1423/3
f 1430/3 1425/3 1419/3 1424/3
f 1433/3 1434/3 1445/3
f 1440/3 1439/3 1446/3
f 1434/3 1435/3 1445/3
f 1441/3 1440/3 1446/3
f 1435/3 1436/3 1445/3
f 1442/3 1441/3 1446/3
f 1436/3 1437/3 1445/3
f 1443/3 1442/3 1446/3
f 1437/3 1438/3 1445/3
f 1444/3 1443/3 1446/3
f 1438/3 1433/3 1445/3
f 1439/3 1444/3 1446/3
f 1439/3 1440/3 1434/3 1433/3
f 1440/3 1441/3 1435/3 1434/3
f 1441/3 1442/3 1436/3 1435/3
f 1442/3 1443/3 1437/3 1436/3
f 1443/3 1444/3 1438/3 1437/3
f 1444/3 1439/3 1433/3 1438/3
f 1447/3 1448/3 1459/3
f 1454/3 1453/3 1460/3
f 1448/3 1449/3 1459/3
f 1455/3 1454/3 1460/3
f 1449/3 1450/3 1459/3
f 1456/3 1455/3 1460/3
f 1450/3 1451/3 1459/3
f 1457/3 1456/3 1460/3
f 1451/3 1452/3 1459/3
f 1458/3 1457/3 1460/3
f 1452/3 1447/3 1459/3
f 1453/3 1458/3 1460/3
f 1453/3 1454/3 1448/3 1447/3
f 1454/3 1455/3 1449/3 1448/3
f 1455/3 1456/3 1450/3 1449/3
f 1456/3 1457/3 1451/3 1450/3
f 1457/3 1458/3 1452/3 1451/3
f 1458/3 1453/3 1447/3 1452/3
f 1473/3 1474/3 1485/3
f 1480/3 1479/3 1486/3
f 1474/3 1475/3 1485/3
f 1481/3 1480/3 1486/3
f 1475/3 1476/3 1485/3
f 1482/3 1481/3 1486/3
f 1476/3 1477/3 1485/3
f 1483/3 1482/3 1486/3
f 1477/3 1478/3 1485/3
f 1484/3 1483/3 1486/3
f 1478/3 1473/3 1485/3
f 1479/3 1484/3 1486/3
f 1479/3 1480/3 1474/3 1473/3
f 1480/3 1481/3 1475/3 1474/3
f 1481/3 1482/3 1476/3 1475/3
f 1482/3 1483/3 1477/3 1476/3
f 1483/3 1484/3 1478/3 1477/3
f 1484/3 1479/3 1473/3 1478/3
f 1487/3 1488/3 1499/3
f 1494/3 1493/3 1500/3
f 1488/3 1489/3 1499/3
f 1495/3 1494/3 1500/3
f 1489/3 1490/3 1499/3
f 1496/3 1495/3 1500/3
f 1490/3 1491/3 1499/3
f 1497/3 1496/3 1500/3
f 1491/3 1492/3 1499/3
f 1498/3 1497/3 1500/3
f 1492/3 1487/3 1499/3
f 1493/3 1498/3 1500/3
f 1493/3 1494/3 1488/3 1487/3
f 1494/3 1495/3 1489/3 1488/3
f 1495/3 1496/3 1490/3 1489/3
f 1496/3 1497/3 1491/3 1490/3
f 1497/3 1498/3 1492/3 1491/3
f 1498/3 1493/3 1487/3 1492/3
f 1501/3 1502/3 1513/3
f 1508/3 1507/3 1514/3
f 1502/3 1503/3 1513/3
f 1509/3 1508/3 1514/3
f 1503/3 1504/3 1513/3
f 1510/3 1509/3 1514/3
f 1504/3 1505/3 1513/3
f 1511/3 1510/3 1514/3
f 1505/3 1506/3 1513/3
f 1512/3 1511/3 1514/3
f 1506/3 1501/3 1513/3
f 1507/3 1512/3 1514/3
f 1507/3 1508/3 1502/3 1501/3
f 1508/3 1509/3 1503/3 1502/3
f 1509/3 1510/3 1504/3 1503/3
f 1510/3 1511/3 1505/3 1504/3
f 1511/3 1512/3 1506/3 1505/3
f 1512/3 1507/3 1501/3 1506/3
f 1515/3 1516/3 1527/3
f 1522/3 1521/3 1528/3
f 1516/3 1517/3 1527/3
f 1523/3 1522/3 1528/3
f 1517/3 1518/3 1527/3
f 1524/3 1523/3 1528/3
f 1518/3 1519/3 1527/3
f 1525/3 1524/3 1528/3
f 1519/3 1520/3 1527/3
f 1526/3 1525/3 1528/3
f 1520/3 1515/3 1527/3
f 1521/3 1526/3 1528/3
f 1521/3 1522/3 1516/3 1515/3
f 1522/3 1523/3 1517/3 1516/3
f 1523/3 1524/3 1518/3 1517/3
f 1524/3 1525/3 1519/3 1518/3
f 1525/3 1526/3 1520/3 1519/3
f 1526/3 1521/3 1515/3 1520/3
f 1541/3 1542/3 1553/3
f 1548/3 1547/3 1554/3
f 1542/3 1543/3 1553/3
f 1549/3 1548/3 1554/3
f 1543/3 1544/3 1553/3
f 1550/3 1549/3 1554/3
f 1544/3 1545/3 1553/3
f 1551/3 1550/3 1554/3
f 1545/3 1546/3 1553/3
f 1552/3 1551/3 1554/3
f 1546/3 1541/3 1553/3
f 1547/3 1552/3 1554/3
f 1547/3 1548/3 1542/3 1541/3
f 1548/3 1549/3 1543/3 1542/3
f 1549/3 1550/3 1544/3 1543/3
f 1550/3 1551/3 1545/3 1544/3
f 1551/3 1552/3 1546/3 1545/3
f 1552/3 1547/3 1541/3 1546/3
f 1555/3 1556/3 1567/3
f 1562/3 1561/3 1568/3
f 1556/3 1557/3 1567/3
f 1563/3 1562/3 1568/3
f 1557/3 1558/3 1567/3
f 1564/3 1563/3 1568/3
f 1558/3 1559/3 1567/3
f 1565/3 1564/3 1568/3
f 1559/3 1560/3 1567/3
f 1566/3 1565/3 1568/3
f 1560/3 1555/3 1567/3
f 1561/3 1566/3 1568/3
f 1561/3 1562/3 1556/3 1555/3
f 1562/3 1563/3 1557/3 1556/3
f 1563/3 1564/3 1558/3 1557/3
f 1564/3 1565/3 1559/3 1558/3
f 1565/3 1566/3 1560/3 1559/3
f 1566/3 1561/3 1555/3 1560/3
f 1569/3 1570/3 1581/3
f 1576/3 1575/3 1582/3
f 1570/3 1571/3 1581/3
f 1577/3 1576/3 1582/3
f 1571/3 1572/3 1581/3
f 1578/3 1577/3 1582/3
f 1572/3 1573/3 1581/3
f 1579/3 1578/3 1582/3
f 1573/3 1574/3 1581/3
f 1580/3 1579/3 1582/3
f 1574/3 1569/3 1581/3
f 1575/3 1580/3 1582/3
f 1575/3 1576/3 1570/3 1569/3
f 1576/3 1577/3 1571/3 1570/3
f 1577/3 1578/3 1572/3 1571/3
f 1578/3 1579/3 1573/3 1572/3
f 1579/3 1580/3 1574/3 1573/3
f 1580/3 1575/3 1569/3 1574/3
f 1583/3 1584/3 1595/3
f 1590/3 1589/3 1596/3
f 1584/3 1585/3 1595/3
f 1591/3 1590/3 1596/3
f 1585/3 1586/3 1595/3
f 1592/3 1591/3 1596/3
f 1586/3 1587/3 1595/3
f 1593/3 1592/3 1596/3
f 1587/3 1588/3 1595/3
f 1594/3 1593/3 1596/3
f 1588/3 1583/3 1595/3
f 1589/3 1594/3 1596/3
f 1589/3 1590/3 1584/3 1583/3
f 1590/3 1591/3 1585/3 1584/3
f 1591/3 1592/3 1586/3 1585/3
f 1592/3 1593/3 1587/3 1586/3
f 1593/3 1594/3 1588/3 1587/3
f 1594/3 1589/3 1583/3 1588/3
f 1609/3 1610/3 1621/3
f 1616/3 1615/3 1622/3
f 1610/3 1611/3 1621/3
f 1617/3 1616/3 1622/3
f 1611/3 1612/3 1621/3
f 1618/3 1617/3 1622/3
f 1612/3 1613/3 1621/3
f 1619/3 1618/3 1622/3
f 1613/3 1614/3 1621/3
f 1620/3 1619/3 1622/3
f 1614/3 1609/3 1621/3
f 1615/3 1620/3 1622/3
f 1615/3 1616/3 1610/3 1609/3
f 1616/3 1617/3 1611/3 1610/3
f 1617/3 1618/3 1612/3 1611/3
f 1618/3 1619/3 1613/3 1612/3
f 1619/3 1620/3 1614/3 1613/3
f 1620/3 1615/3 1609/3 1614/3
f 1623/3 1624/3 1635/3
f 1630/3 1629/3 1636/3
f 1624/3 1625/3 1635/3
f 1631/3 1630/3 1636/3
f 1625/3 1626/3 1635/3
f 1632/3 1631/3 1636/3
f 1626/3 1627/3 1635/3
f 1633/3 1632/3 1636/3
f 1627/3 1628/3 1635/3
f 1634/3 1633/3 1636/3
f 1628/3 1623/3 1635/3
f 1629/3 1634/3 1636/3
f 1629/3 1630/3 1624/3 1623/3
f 1630/3 1631/3 1625/3 1624/3
f 1631/3 1632/3 1626/3 1625/3
f 1632/3 1633/3 1627/3 1626/3
f 1633/3 1634/3 1628/3 1627/3
f 1634/3 1629/3 1623/3 1628/3
f 1637/3 1638/3 1649/3
f 1644/3 1643/3 1650/3
f 1638/3 1639/3 1649/3
f 1645/3 1644/3 1650/3
f 1639/3 1640/3 1649/3
f 1646/3 1645/3 1650/3
f 1640/3 1641/3 1649/3
f 1647/3 1646/3 1650/3
f 1641/3 1642/3 1649/3
f 1648/3 1647/3 1650/3
f 1642/3 1637/3 1649/3
f 1643/3 1648/3 1650/3
f 1643/3 1644/3 1638/3 1637/3
f 1644/3 1645/3 1639/3 1638/3
f 1645/3 1646/3 1640/3 1639/3
f 1646/3 1647/3 1641/3 1640/3
f 1647/3 1648/3 1642/3 1641/3
f 1648/3 1643/3 1637/3 1642/3
f 1651/3 1652/3 1663/3
f 1658/3 1657/3 1664/3
f 1652/3 1653/3 1663/3
f 1659/3 1658/3 1664/3
f 1653/3 1654/3 1663/3
f 1660/3 1659/3 1664/3
f 1654/3 1655/3 1663/3
f 1661/3 1660/3 1664/3
f 1655/3 1656/3 1663/3
f 1662/3 1661/3 1664/3
f 1656/3 1651/3 1663/3
f 1657/3 1662/3 1664/3
f 1657/3 1658/3 1652/3 1651/3
f 1658/3 1659/3 1653/3 1652/3
f 1659/3 1660/3 1654/3 1653/3
f 1660/3 1661/3 1655/3 1654/3
f 1661/3 1662/3 1656/3 1655/3
f 1662/3 1657/3 1651/3 1656/3
f 1677/3 1680/3 1679/3 1678/3
f 1681/3 1682/3 1683/3 1684/3
f 1677/3 1681/3 1684/3 1680/3
f 1678/3 1679/3 1683/3 1682/3
f 1677/3 1678/3 1682/3 1681/3
f 1680/3 1684/3 1683/3 1679/3
f 1685/3 1686/3 1697/3
f 1692/3 1691/3 1698/3
f 1686/3 1687/3 1697/3
f 1693/3 1692/3 1698/3
f 1687/3 1688/3 1697/3
f 1694/3 1693/3 1698/3
f 1688/3 1689/3 1697/3
f 1695/3 1694/3 1698/3
f 1689/3 1690/3 1697/3
f 1696/3 1695/3 1698/3
f 1690/3 1685/3 1697/3
f 1691/3 1696/3 1698/3
f 1691/3 1692/3 1686/3 1685/3
f 1692/3 1693/3 1687/3 1686/3
f 1693/3 1694/3 1688/3 1687/3
f 1694/3 1695/3 1689/3 1688/3
f 1695/3 1696/3 1690/3 1689/3
f 1696/3 1691/3 1685/3 1690/3
f 1699/3 1700/3 1711/3
f 1706/3 1705/3 1712/3
f 1700/3 1701/3 1711/3
f 1707/3 1706/3 1712/3
f 1701/3 1702/3 1711/3
f 1708/3 1707/3 1712/3
f 1702/3 1703/3 1711/3
f 1709/3 1708/3 1712/3
f 1703/3 1704/3 1711/3
f 1710/3 1709/3 1712/3
f 1704/3 1699/3 1711/3
f 1705/3 1710/3 1712/3
f 1705/3 1706/3 1700/3 1699/3
f 1706/3 1707/3 1701/3 1700/3
f 1707/3 1708/3 1702/3 1701/3
f 1708/3 1709/3 1703/3 1702/3
f 1709/3 1710/3 1704/3 1703/3
f 1710/3 1705/3 1699/3 1704/3
f 1713/3 1714/3 1725/3
f 1720/3 1719/3 1726/3
f 1714/3 1715/3 1725/3
f 1721/3 1720/3 1726/3
f 1715/3 1716/3 1725/3
f 1722/3 1721/3 1726/3
f 1716/3 1717/3 1725/3
f 1723/3 1722/3 1726/3
f 1717/3 1718/3 1725/3
f 1724/3 1723/3 1726/3
f 1718/3 1713/3 1725/3
f 1719/3 1724/3 1726/3
f 1719/3 1720/3 1714/3 1713/3
f 1720/3 1721/3 1715/3 1714/3
f 1721/3 1722/3 1716/3 1715/3
f 1722/3 1723/3 1717/3 1716/3
f 1723/3 1724/3 1718/3 1717/3
f 1724/3 1719/3 1713/3 1718/3
f 1739/3 1740/3 1751/3
f 1746/3 1745/3 1752/3
f 1740/3 1741/3 1751/3
f 1747/3 1746/3 1752/3
f 1741/3 1742/3 1751/3
f 1748/3 1747/3 1752/3
f 1742/3 1743/3 1751/3
f 1749/3 1748/3 1752/3
f 1743/3 1744/3 1751/3
f 1750/3 1749/3 1752/3
f 1744/3 1739/3 1751/3
f 1745/3 1750/3 1752/3
f 1745/3 1746/3 1740/3 1739/3
f 1746/3 1747/3 1741/3 1740/3
f 1747/3 1748/3 1742/3 1741/3
f 1748/3 1749/3 1743/3 1742/3
f 1749/3 1750/3 1744/3 1743/3
f 1750/3 1745/3 1739/3 1744/3
f 1753/3 1754/3 1765/3
f 1760/3 1759/3 1766/3
f 1754/3 1755/3 1765/3
f 1761/3 1760/3 1766/3
f 1755/3 1756/3 1765/3
f 1762/3 1761/3 1766/3
f 1756/3 1757/3 1765/3
f 1763/3 1762/3 1766/3
f 1757/3 1758/3 1765/3
f 1764/3 1763/3 1766/3
f 1758/3 1753/3 1765/3
f 1759/3 1764/3 1766/3
f 1759/3 1760/3 1754/3 1753/3
f 1760/3 1761/3 1755/3 1754/3
f 1761/3 1762/3 1756/3 1755/3
f 1762/3 1763/3 1757/3 1756/3
f 1763/3 1764/3 1758/3 1757/3
f 1764/3 1759/3 1753/3 1758/3
f 1767/3 1768/3 1779/3
f 1774/3 1773/3 1780/3
f 1768/3 1769/3 1779/3
f 1775/3 1774/3 1780/3
f 1769/3 1770/3 1779/3
f 1776/3 1775/3 1780/3
f 1770/3 1771/3 1779/3
f 1777/3 1776/3 1780/3
f 1771/3 1772/3 1779/3
f 1778/3 1777/3 1780/3
f 1772/3 1767/3 1779/3
f 1773/3 1778/3 1780/3
f 1773/3 1774/3 1768/3 1767/3
f 1774/3 1775/3 1769/3 1768/3
f 1775/3 1776/3 1770/3 1769/3
f 1776/3 1777/3 1771/3 1770/3
f 1777/3 1778/3 1772/3 1771/3
f 1778/3 1773/3 1767/3 1772/3
f 1781/3 1784/3 1783/3 1782/3
f 1785/3 1786/3 1787/3 1788/3
f 1781/3 1785/3 1788/3 1784/3
f 1782/3 1783/3 1787/3 1786/3
f 1781/3 1782/3 1786/3 1785/3
f 1784/3 1788/3 1787/3 1783/3
f 1789/3 1790/3 1801/3
f 1796/3 1795/3 1802/3
f 1790/3 1791/3 1801/3
f 1797/3 1796/3 1802/3
f 1791/3 1792/3 1801/3
f 1798/3 1797/3 1802/3
f 1792/3 1793/3 1801/3
f 1799/3 1798/3 1802/3
f 1793/3 1794/3 1801/3
f 1800/3 1799/3 1802/3
f 1794/3 1789/3 1801/3
f 1795/3 1800/3 1802/3
f 1795/3 1796/3 1790/3 1789/3
f 1796/3 1797/3 1791/3 1790/3
f 1797/3 1798/3 1792/3 1791/3
f 1798/3 1799/3 1793/3 1792/3
f 1799/3 1800/3 1794/3 1793/3
f 1800/3 1795/3 1789/3 1794/3
f 1803/3 1804/3 1815/3
f 1810/3 1809/3 1816/3
f 1804/3 1805/3 1815/3
f 1811/3 1810/3 1816/3
f 1805/3 1806/3 1815/3
f 1812/3 1811/3 1816/3
f 1806/3 1807/3 1815/3
f 1813/3 1812/3 1816/3
f 1807/3 1808/3 1815/3
f 1814/3 1813/3 1816/3
f 1808/3 1803/3 1815/3
f 1809/3 1814/3 1816/3
f 1809/3 1810/3 1804/3 1803/3
f 1810/3 1811/3 1805/3 1804/3
f 1811/3 1812/3 1806/3 1805/3
f 1812/3 1813/3 1807/3 1806/3
f 1813/3 1814/3 1808/3 1807/3
f 1814/3 1809/3 1803/3 1808/3
f 1817/3 1818/3 1829/3
f 1824/3 1823/3 1830/3
f 1818/3 1819/3 1829/3
f 1825/3 1824/3 1830/3
f 1819/3 1820/3 1829/3
f 1826/3 1825/3 1830/3
f 1820/3 1821/3 1829/3
f 1827/3 1826/3 1830/3
f 1821/3 1822/3 1829/3
f 1828/3 1827/3 1830/3
f 1822/3 1817/3 1829/3
f 1823/3 1828/3 1830/3
f 1823/3 1824/3 1818/3 1817/3
f 1824/3 1825/3 1819/3 1818/3
f 1825/3 1826/3 1820/3 1819/3
f 1826/3 1827/3 1821/3 1820/3
f 1827/3 1828/3 1822/3 1821/3
f 1828/3 1823/3 1817/3 1822/3
f 1843/3 1844/3 1855/3
f 1850/3 1849/3 1856/3
f 1844/3 1845/3 1855/3
f 1851/3 1850/3 1856/3
f 1845/3 1846/3 1855/3
f 1852/3 1851/3 1856/3
f 1846/3 1847/3 1855/3
f 1853/3 1852/3 1856/3
f 1847/3 1848/3 1855/3
f 1854/3 1853/3 1856/3
f 1848/3 1843/3 1855/3
f 1849/3 1854/3 1856/3
f 1849/3 1850/3 1844/3 1843/3
f 1850/3 1851/3 1845/3 1844/3
f 1851/3 1852/3 1846/3 1845/3
f 1852/3 1853/3 1847/3 1846/3
f 1853/3 1854/3 1848/3 1847/3
f 1854/3 1849/3 1843/3 1848/3
f 1857/3 1858/3 1869/3
f 1864/3 1863/3 1870/3
f 1858/3 1859/3 1869/3
f 1865/3 1864/3 1870/3
f 1859/3 1860/3 1869/3
f 1866/3 1865/3 1870/3
f 1860/3 1861/3 1869/3
f 1867/3 1866/3 1870/3
f 1861/3 1862/3 1869/3
f 1868/3 1867/3 1870/3
f 1862/3 1857/3 1869/3
f 1863/3 1868/3 1870/3
f 1863/3 1864/3 1858/3 1857/3
f 1864/3 1865/3 1859/3 1858/3
f 1865/3 1866/3 1860/3 1859/3
f 1866/3 1867/3 1861/3 1860/3
f 1867/3 1868/3 1862/3 1861/3
f 1868/3 1863/3 1857/3 1862/3
f 1871/3 1872/3 1883/3
f 1878/3 1877/3 1884/3
f 1872/3 1873/3 1883/3
f 1879/3 1878/3 1884/3
f 1873/3 1874/3 1883/3
f 1880/3 1879/3 1884/3
f 1874/3 1875/3 1883/3
f 1881/3 1880/3 1884/3
f 1875/3 1876/3 1883/3
f 1882/3 1881/3 1884/3
f 1876/3 1871/3 1883/3
f 1877/3 1882/3 1884/3
f 1877/3 1878/3 1872/3 1871/3
f 1878/3 1879/3 1873/3 1872/3
f 1879/3 1880/3 1874/3 1873/3
f 1880/3 1881/3 1875/3 1874/3
f 1881/3 1882/3 1876/3 1875/3
f 1882/3 1877/3 1871/3 1876/3
f 1885/3 1888/3 1887/3 1886/3
f 1889/3 1890/3 1891/3 1892/3
f 1885/3 1889/3 1892/3 1888/3
f 1886/3 1887/3 1891/3 1890/3
f 1885/3 1886/3 1890/3 1889/3
f 1888/3 1892/3 1891/3 1887/3
f 1893/3 1894/3 1905/3
f 1900/3 1899/3 1906/3
f 1894/3 1895/3 1905/3
f 1901/3 1900/3 1906/3
f 1895/3 1896/3 1905/3
f 1902/3 1901/3 1906/3
f 1896/3 1897/3 1905/3
f 1903/3 1902/3 1906/3
f 1897/3 1898/3 1905/3
f 1904/3 1903/3 1906/3
f 1898/3 1893/3 1905/3
f 1899/3 1904/3 1906/3
f 1899/3 1900/3 1894/3 1893/3
f 1900/3 1901/3 1895/3 1894/3
f 1901/3 1902/3 1896/3 1895/3
f 1902/3 1903/3 1897/3 1896/3
f 1903/3 1904/3 1898/3 1897/3
f 1904/3 1899/3 1893/3 1898/3
f 1907/3 1908/3 1919/3
f 1914/3 1913/3 1920/3
f 1908/3 1909/3 1919/3
f 1915/3 1914/3 1920/3
f 1909/3 1910/3 1919/3
f 1916/3 1915/3 1920/3
f 1910/3 1911/3 1919/3
f 1917/3 1916/3 1920/3
f 1911/3 1912/3 1919/3
f 1918/3 1917/3 1920/3
f 1912/3 1907/3 1919/3
f 1913/3 1918/3 1920/3
f 1913/3 1914/3 1908/3 1907/3
f 1914/3 1915/3 1909/3 1908/3
f 1915/3 1916/3 1910/3 1909/3
f 1916/3 1917/3 1911/3 1910/3
f 1917/3 1918/3 1912/3 1911/3
f 1918/3 1913/3 1907/3 1912/3
f 1921/3 1922/3 1933/3
f 1928/3 1927/3 1934/3
f 1922/3 1923/3 1933/3
f 1929/3 1928/3 1934/3
f 1923/3 1924/3 1933/3
f 1930/3 1929/3 1934/3
f 1924/3 1925/3 1933/3
f 1931/3 1930/3 1934/3
f 1925/3 1926/3 1933/3
f 1932/3 1931/3 1934/3
f 1926/3 1921/3 1933/3
f 1927/3 1932/3 1934/3
f 1927/3 1928/3 1922/3 1921/3
f 1928/3 1929/3 1923/3 1922/3
f 1929/3 1930/3 1924/3 1923/3
f 1930/3 1931/3 1925/3 1924/3
f 1931/3 1932/3 1926/3 1925/3
f 1932/3 1927/3 1921/3 1926/3
f 1947/3 1948/3 1959/3
f 1954/3 1953/3 1960/3
f 1948/3 1949/3 1959/3
f 1955/3 1954/3 1960/3
f 1949/3 1950/3 1959/3
f 1956/3 1955/3 1960/3
f 1950/3 1951/3 1959/3
f 1957/3 1956/3 1960/3
f 1951/3 1952/3 1959/3
f 1958/3 1957/3 1960/3
f 1952/3 1947/3 1959/3
f 1953/3 1958/3 1960/3
f 1953/3 1954/3 1948/3 1947/3
f 1954/3 1955/3 1949/3 1948/3
f 1955/3 1956/3 1950/3 1949/3
f 1956/3 1957/3 1951/3 1950/3
f 1957/3 1958/3 1952/3 1951/3
f 1958/3 1953/3 1947/3 1952/3
f 1961/3 1962/3 1973/3
f 1968/3 1967/3 1974/3
f 1962/3 1963/3 1973/3
f 1969/3 1968/3 1974/3
f 1963/3 1964/3 1973/3
f 1970/3 1969/3 1974/3
f 1964/3 1965/3 1973/3
f 1971/3 1970/3 1974/3
f 1965/3 1966/3 1973/3
f 1972/3 1971/3 1974/3
f 1966/3 1961/3 1973/3
f 1967/3 1972/3 1974/3
f 1967/3 1968/3 1962/3 1961/3
f 1968/3 1969/3 1963/3 1962/3
f 1969/3 1970/3 1964/3 1963/3
f 1970/3 1971/3 1965/3 1964/3
f 1971/3 1972/3 1966/3 1965/3
f 1972/3 1967/3 1961/3 1966/3
f 1975/3 1976/3 1987/3
f 1982/3 1981/3 1988/3
f 1976/3 1977/3 1987/3
f 1983/3 1982/3 1988/3
f 1977/3 1978/3 1987/3
f 1984/3 1983/3 1988/3
f 1978/3 1979/3 1987/3
f 1985/3 1984/3 1988/3
f 1979/3 1980/3 1987/3
f 1986/3 1985/3 1988/3
f 1980/3 1975/3 1987/3
f 1981/3 1986/3 1988/3
f 1981/3 1982/3 1976/3 1975/3
f 1982/3 1983/3 1977/3 1976/3
f 1983/3 1984/3 1978/3 1977/3
f 1984/3 1985/3 1979/3 1978/3
f 1985/3 1986/3 1980/3 1979/3
f 1986/3 1981/3 1975/3 1980/3
f 1989/3 1990/3 2001/3
f 1996/3 1995/3 2002/3
f 1990/3 1991/3 2001/3
f 1997/3 1996/3 2002/3
f 1991/3 1992/3 2001/3
f 1998/3 1997/3 2002/3
f 1992/3 1993/3 2001/3
f 1999/3 1998/3 2002/3
f 1993/3 1994/3 2001/3
f 2000/3 1999/3 2002/3
f 1994/3 1989/3 2001/3
f 1995/3 2000/3 2002/3
f 1995/3 1996/3 1990/3 1989/3
f 1996/3 1997/3 1991/3 1990/3
f 1997/3 1998/3 1992/3 1991/3
f 1998/3 1999/3 1993/3 1992/3
f 1999/3 2000/3 1994/3 1993/3
f 2000/3 1995/3 1989/3 1994/3
f 2015/3 2016/3 2027/3
f 2022/3 2021/3 2028/3
f 2016/3 2017/3 2027/3
f 2023/3 2022/3 2028/3
f 2017/3 2018/3 2027/3
f 2024/3 2023/3 2028/3
f 2018/3 2019/3 2027/3
f 2025/3 2024/3 2028/3
f 2019/3 2020/3 2027/3
f 2026/3 2025/3 2028/3
f 2020/3 2015/3 2027/3
f 2021/3 2026/3 2028/3
f 2021/3 2022/3 2016/3 2015/3
f 2022/3 2023/3 2017/3 2016/3
f 2023/3 2024/3 2018/3 2017/3
f 2024/3 2025/3 2019/3 2018/3
f 2025/3 2026/3 2020/3 2019/3
f 2026/3 2021/3 2015/3 2020/3
f 2029/3 2030/3 2041/3
f 2036/3 2035/3 2042/3
f 2030/3 2031/3 2041/3
f 2037/3 2036/3 2042/3
f 2031/3 2032/3 2041/3
f 2038/3 2037/3 2042/3
f 2032/3 2033/3 2041/3
f 2039/3 2038/3 2042/3
f 2033/3 2034/3 2041/3
f 2040/3 2039/3 2042/3
f 2034/3 2029/3 2041/3
f 2035/3 2040/3 2042/3
f 2035/3 2036/3 2030/3 2029/3
f 2036/3 2037/3 2031/3 2030/3
f 2037/3 2038/3 2032/3 2031/3
f 2038/3 2039/3 2033/3 2032/3
f 2039/3 2040/3 2034/3 2033/3
f 2040/3 2035/3 2029/3 2034/3
f 2043/3 2044/3 2055/3
f 2050/3 2049/3 2056/3
f 2044/3 2045/3 2055/3
f 2051/3 2050/3 2056/3
f 2045/3 2046/3 2055/3
f 2052/3 2051/3 2056/3
f 2046/3 2047/3 2055/3
f 2053/3 2052/3 2056/3
f 2047/3 2048/3 2055/3
f 2054/3 2053/3 2056/3
f 2048/3 2043/3 2055/3
f 2049/3 2054/3 2056/3
f 2049/3 2050/3 2044/3 2043/3
f 2050/3 2051/3 2045/3 2044/3
f 2051/3 2052/3 2046/3 2045/3
f 2052/3 2053/3 2047/3 2046/3
f 2053/3 2054/3 2048/3 2047/3
f 2054/3 2049/3 2043/3 2048/3
f 2057/3 2058/3 2069/3
f 2064/3 2063/3 2070/3
f 2058/3 2059/3 2069/3
f 2065/3 2064/3 2070/3
f 2059/3 2060/3 2069/3
f 2066/3 2065/3 2070/3
f 2060/3 2061/3 2069/3
f 2067/3 2066/3 2070/3
f 2061/3 2062/3 2069/3
f 2068/3 2067/3 2070/3
f 2062/3 2057/3 2069/3
f 2063/3 2068/3 2070/3
f 2063/3 2064/3 2058/3 2057/3
f 2064/3 2065/3 2059/3 2058/3
f 2065/3 2066/3 2060/3 2059/3
f 2066/3 2067/3 2061/3 2060/3
f 2067/3 2068/3 2062/3 2061/3
f 2068/3 2063/3 2057/3 2062/3
f 2083/3 2084/3 2095/3
f 2090/3 2089/3 2096/3
f 2084/3 2085/3 2095/3
f 2091/3 2090/3 2096/3
f 2085/3 2086/3 2095/3
f 2092/3 2091/3 2096/3
f 2086/3 2087/3 2095/3
f 2093/3 2092/3 2096/3
f 2087/3 2088/3 2095/3
f 2094/3 2093/3 2096/3
f 2088/3 2083/3 2095/3
f 2089/3 2094/3 2096/3
f 2089/3 2090/3 2084/3 2083/3
f 2090/3 2091/3 2085/3 2084/3
f 2091/3 2092/3 2086/3 2085/3
f 2092/3 2093/3 2087/3 2086/3
f 2093/3 2094/3 2088/3 2087/3
f 2094/3 2089/3 2083/3 2088/3
f 2097/3 2098/3 2109/3
f 2104/3 2103/3 2110/3
f 2098/3 2099/3 2109/3
f 2105/3 2104/3 2110/3
f 2099/3 2100/3 2109/3
f 2106/3 2105/3 2110/3
f 2100/3 2101/3 2109/3
f 2107/3 2106/3 2110/3
f 2101/3 2102/3 2109/3
f 2108/3 2107/3 2110/3
f 2102/3 2097/3 2109/3
f 2103/3 2108/3 2110/3
f 2103/3 2104/3 2098/3 2097/3
f 2104/3 2105/3 2099/3 2098/3
f 2105/3 2106/3 2100/3 2099/3
f 2106/3 2107/3 2101/3 2100/3
f 2107/3 2108/3 2102/3 2101/3
f 2108/3 2103/3 2097/3 2102/3
f 2111/3 2112/3 2123/3
f 2118/3 2117/3 2124/3
f 2112/3 2113/3 2123/3
f 2119/3 2118/3 2124/3
f 2113/3 2114/3 2123/3
f 2120/3 2119/3 2124/3
f 2114/3 2115/3 2123/3
f 2121/3 2120/3 2124/3
f 2115/3 2116/3 2123/3
f 2122/3 2121/3 2124/3
f 2116/3 2111/3 2123/3
f 2117/3 2122/3 2124/3
f 2117/3 2118/3 2112/3 2111/3
f 2118/3 2119/3 2113/3 2112/3
f 2119/3 2120/3 2114/3 2113/3
f 2120/3 2121/3 2115/3 2114/3
f 2121/3 2122/3 2116/3 2115/3
f 2122/3 2117/3 2111/3 2116/3
f 2125/3 2126/3 2137/3
f 2132/3 2131/3 2138/3
f 2126/3 2127/3 2137/3
f 2133/3 2132/3 2138/3
f 2127/3 2128/3 2137/3
f 2134/3 2133/3 2138/3
f 2128/3 2129/3 2137/3
f 2135/3 2134/3 2138/3
f 2129/3 2130/3 2137/3
f 2136/3 2135/3 2138/3
f 2130/3 2125/3 2137/3
f 2131/3 2136/3 2138/3
f 2131/3 2132/3 2126/3 2125/3
f 2132/3 2133/3 2127/3 2126/3
f 2133/3 2134/3 2128/3 2127/3
f 2134/3 2135/3 2129/3 2128/3
f 2135/3 2136/3 2130/3 2129/3
f 2136/3 2131/3 2125/3 2130/3
f 2151/3 2154/3 2153/3 2152/3
f 2155/3 2156/3 2157/3 2158/3
f 2151/3 2155/3 2158/3 2154/3
f 2152/3 2153/3 2157/3 2156/3
f 2151/3 2152/3 2156/3 2155/3
f 2154/3 2158/3 2157/3 2153/3
f 2159/3 2160/3 2171/3
f 2166/3 2165/3 2172/3
f 2160/3 2161/3 2171/3
f 2167/3 2166/3 2172/3
f 2161/3 2162/3 2171/3
f 2168/3 2167/3 2172/3
f 2162/3 2163/3 2171/3
f 2169/3 2168/3 2172/3
f 2163/3 2164/3 2171/3
f 2170/3 2169/3 2172/3
f 2164/3 2159/3 2171/3
f 2165/3 2170/3 2172/3
f 2165/3 2166/3 2160/3 2159/3
f 2166/3 2167/3 2161/3 2160/3
f 2167/3 2168/3 2162/3 2161/3
f 2168/3 2169/3 2163/3 2162/3
f 2169/3 2170/3 2164/3 2163/3
f 2170/3 2165/3 2159/3 2164/3
f 2173/3 2174/3 2185/3
f 2180/3 2179/3 2186/3
f 2174/3 2175/3 2185/3
f 2181/3 2180/3 2186/3
f 2175/3 2176/3 2185/3
f 2182/3 2181/3 2186/3
f 2176/3 2177/3 2185/3
f 2183/3 2182/3 2186/3
f 2177/3 2178/3 2185/3
f 2184/3 2183/3 2186/3
f 2178/3 2173/3 2185/3
f 2179/3 2184/3 2186/3
f 2179/3 2180/3 2174/3 2173/3
f 2180/3 2181/3 2175/3 2174/3
f 2181/3 2182/3 2176/3 2175/3
f 2182/3 2183/3 2177/3 2176/3
f 2183/3 2184/3 2178/3 2177/3
f 2184/3 2179/3 2173/3 2178/3
f 2187/3 2188/3 2199/3
f 2194/3 2193/3 2200/3
f 2188/3 2189/3 2199/3
f 2195/3 2194/3 2200/3
f 2189/3 2190/3 2199/3
f 2196/3 2195/3 2200/3
f 2190/3 2191/3 2199/3
f 2197/3 2196/3 2200/3
f 2191/3 2192/3 2199/3
f 2198/3 2197/3 2200/3
f 2192/3 2187/3 2199/3
f 2193/3 2198/3 2200/3
f 2193/3 2194/3 2188/3 2187/3
f 2194/3 2195/3 2189/3 2188/3
f 2195/3 2196/3 2190/3 2189/3
f 2196/3 2197/3 2191/3 2190/3
f 2197/3 2198/3 2192/3 2191/3
f 2198/3 2193/3 2187/3 2192/3
f 2213/3 2214/3 2225/3
f 2220/3 2219/3 2226/3
f 2214/3 2215/3 2225/3
f 2221/3 2220/3 2226/3
f 2215/3 2216/3 2225/3
f 2222/3 2221/3 2226/3
f 2216/3 2217/3 2225/3
f 2223/3 2222/3 2226/3
f 2217/3 2218/3 2225/3
f 2224/3 2223/3 2226/3
f 2218/3 2213/3 2225/3
f 2219/3 2224/3 2226/3
f 2219/3 2220/3 2214/3 2213/3
f 2220/3 2221/3 2215/3 2214/3
f 2221/3 2222/3 2216/3 2215/3
f 2222/3 2223/3 2217/3 2216/3
f 2223/3 2224/3 2218/3 2217/3
f 2224/3 2219/3 2213/3 2218/3
f 2227/3 2228/3 2239/3
f 2234/3 2233/3 2240/3
f 2228/3 2229/3 2239/3
f 2235/3 2234/3 2240/3
f 2229/3 2230/3 2239/3
f 2236/3 2235/3 2240/3
f 2230/3 2231/3 2239/3
f 2237/3 2236/3 2240/3
f 2231/3 2232/3 2239/3
f 2238/3 2237/3 2240/3
f 2232/3 2227/3 2239/3
f 2233/3 2238/3 2240/3
f 2233/3 2234/3 2228/3 2227/3
f 2234/3 2235/3 2229/3 2228/3
f 2235/3 2236/3 2230/3 2229/3
f 2236/3 2237/3 2231/3 2230/3
f 2237/3 2238/3 2232/3 2231/3
f 2238/3 2233/3 2227/3 2232/3
f 2241/3 2242/3 2253/3
f 2248/3 2247/3 2254/3
f 2242/3 2243/3 2253/3
f 2249/3 2248/3 2254/3
f 2243/3 2244/3 2253/3
f 2250/3 2249/3 2254/3
f 2244/3 2245/3 2253/3
f 2251/3 2250/3 2254/3
f 2245/3 2246/3 2253/3
f 2252/3 2251/3 2254/3
f 2246/3 2241/3 2253/3
f 2247/3 2252/3 2254/3
f 2247/3 2248/3 2242/3 2241/3
f 2248/3 2249/3 2243/3 2242/3
f 2249/3 2250/3 2244/3 2243/3
f 2250/3 2251/3 2245/3 2244/3
f 2251/3 2252/3 2246/3 2245/3
f 2252/3 2247/3 2241/3 2246/3
f 2255/3 2256/3 2267/3
f 2262/3 2261/3 2268/3
f 2256/3 2257/3 2267/3
f 2263/3 2262/3 2268/3
f 2257/3 2258/3 2267/3
f 2264/3 2263/3 2268/3
f 2258/3 2259/3 2267/3
f 2265/3 2264/3 2268/3
f 2259/3 2260/3 2267/3
f 2266/3 2265/3 2268/3
f 2260/3 2255/3 2267/3
f 2261/3 2266/3 2268/3
f 2261/3 2262/3 2256/3 2255/3
f 2262/3 2263/3 2257/3 2256/3
f 2263/3 2264/3 2258/3 2257/3
f 2264/3 2265/3 2259/3 2258/3
f 2265/3 2266/3 2260/3 2259/3
f 2266/3 2261/3 2255/3 2260/3
f 2281/3 2282/3 2293/3
f 2288/3 2287/3 2294/3
f 2282/3 2283/3 2293/3
f 2289/3 2288/3 2294/3
f 2283/3 2284/3 2293/3
f 2290/3 2289/3 2294/3
f 2284/3 2285/3 2293/3
f 2291/3 2290/3 2294/3
f 2285/3 2286/3 2293/3
f 2292/3 2291/3 2294/3
f 2286/3 2281/3 2293/3
f 2287/3 2292/3 2294/3
f 2287/3 2288/3 2282/3 2281/3
f 2288/3 2289/3 2283/3 2282/3
f 2289/3 2290/3 2284/3 2283/3
f 2290/3 2291/3 2285/3 2284/3
f 2291/3 2292/3 2286/3 2285/3
f 2292/3 2287/3 2281/3 2286/3
f 2295/3 2296/3 2307/3
f 2302/3 2301/3 2308/3
f 2296/3 2297/3 2307/3
f 2303/3 2302/3 2308/3
f 2297/3 2298/3 2307/3
f 2304/3 2303/3 2308/3
f 2298/3 2299/3 2307/3
f 2305/3 2304/3 2308/3
f 2299/3 2300/3 2307/3
f 2306/3 2305/3 2308/3
f 2300/3 2295/3 2307/3
f 2301/3 2306/3 2308/3
f 2301/3 2302/3 2296/3 2295/3
f 2302/3 2303/3 2297/3 2296/3
f 2303/3 2304/3 2298/3 2297/3
f 2304/3 2305/3 2299/3 2298/3
f 2305/3 2306/3 2300/3 2299/3
f 2306/3 2301/3 2295/3 2300/3
f 2309/3 2310/3 2321/3
f 2316/3 2315/3 2322/3
f 2310/3 2311/3 2321/3
f 2317/3 2316/3 2322/3
f 2311/3 2312/3 2321/3
f 2318/3 2317/3 2322/3
f 2312/3 2313/3 2321/3
f 2319/3 2318/3 2322/3
f 2313/3 2314/3 2321/3
f 2320/3 2319/3 2322/3
f 2314/3 2309/3 2321/3
f 2315/3 2320/3 2322/3
f 2315/3 2316/3 2310/3 2309/3
f 2316/3 2317/3 2311/3 2310/3
f 2317/3 2318/3 2312/3 2311/3
f 2318/3 2319/3 2313/3 2312/3
f 2319/3 2320/3 2314/3 2313/3
f 2320/3 2315/3 2309/3 2314/3
f 2323/3 2324/3 2335/3
f 2330/3 2329/3 2336/3
f 2324/3 2325/3 2335/3
f 2331/3 2330/3 2336/3
f 2325/3 2326/3 2335/3
f 2332/3 2331/3 2336/3
f 2326/3 2327/3 2335/3
f 2333/3 2332/3 2336/3
f 2327/3 2328/3 2335/3
f 2334/3 2333/3 2336/3
f 2328/3 2323/3 2335/3
f 2329/3 2334/3 2336/3
f 2329/3 2330/3 2324/3 2323/3
f 2330/3 2331/3 2325/3 2324/3
f 2331/3 2332/3 2326/3 2325/3
f 2332/3 2333/3 2327/3 2326/3
f 2333/3 2334/3 2328/3 2327/3
f 2334/3 2329/3 2323/3 2328/3
f 2349/3 2350/3 2361/3
f 2356/3 2355/3 2362/3
f 2350/3 2351/3 2361/3
f 2357/3 2356/3 2362/3
f 2351/3 2352/3 2361/3
f 2358/3 2357/3 2362/3
f 2352/3 2353/3 2361/3
f 2359/3 2358/3 2362/3
f 2353/3 2354/3 2361/3
f 2360/3 2359/3 2362/3
f 2354/3 2349/3 2361/3
f 2355/3 2360/3 2362/3
f 2355/3 2356/3 2350/3 2349/3
f 2356/3 2357/3 2351/3 2350/3
f 2357/3 2358/3 2352/3 2351/3
f 2358/3 2359/3 2353/3 2352/3
f 2359/3 2360/3 2354/3 2353/3
f 2360/3 2355/3 2349/3 2354/3
f 2363/3 2364/3 2375/3
f 2370/3 2369/3 2376/3
f 2364/3 2365/3 2375/3
f 2371/3 2370/3 2376/3
f 2365/3 2366/3 2375/3
f 2372/3 2371/3 2376/3
f 2366/3 2367/3 2375/3
f 2373/3 2372/3 2376/3
f 2367/3 2368/3 2375/3
f 2374/3 2373/3 2376/3
f 2368/3 2363/3 2375/3
f 2369/3 2374/3 2376/3
f 2369/3 2370/3 2364/3 2363/3
f 2370/3 2371/3 2365/3 2364/3
f 2371/3 2372/3 2366/3 2365/3
f 2372/3 2373/3 2367/3 2366/3
f 2373/3 2374/3 2368/3 2367/3
f 2374/3 2369/3 2363/3 2368/3
f 2377/3 2378/3 2389/3
f 2384/3 2383/3 2390/3
f 2378/3 2379/3 2389/3
f 2385/3 2384/3 2390/3
f 2379/3 2380/3 2389/3
f 2386/3 2385/3 2390/3
f 2380/3 2381/3 2389/3
f 2387/3 2386/3 2390/3
f 2381/3 2382/3 2389/3
f 2388/3 2387/3 2390/3
f 2382/3 2377/3 2389/3
f 2383/3 2388/3 2390/3
f 2383/3 2384/3 2378/3 2377/3
f 2384/3 2385/3 2379/3 2378/3
f 2385/3 2386/3 2380/3 2379/3
f 2386/3 2387/3 2381/3 2380/3
f 2387/3 2388/3 2382/3 2381/3
f 2388/3 2383/3 2377/3 2382/3
f 2391/3 2392/3 2403/3
f 2398/3 2397/3 2404/3
f 2392/3 2393/3 2403/3
f 2399/3 2398/3 2404/3
f 2393/3 2394/3 2403/3
f 2400/3 2399/3 2404/3
f 2394/3 2395/3 2403/3
f 2401/3 2400/3 2404/3
f 2395/3 2396/3 2403/3
f 2402/3 2401/3 2404/3
f 2396/3 2391/3 2403/3
f 2397/3 2402/3 2404/3
f 2397/3 2398/3 2392/3 2391/3
f 2398/3 2399/3 2393/3 2392/3
f 2399/3 2400/3 2394/3 2393/3
f 2400/3 2401/3 2395/3 2394/3
f 2401/3 2402/3 2396/3 2395/3
f 2402/3 2397/3 2391/3 2396/3
f 2417/3 2420/3 2419/3 2418/3
f 2421/3 2422/3 2423/3 2424/3
f 2417/3 2421/3 2424/3 2420/3
f 2418/3 2419/3 2423/3 2422/3
f 2417/3 2418/3 2422/3 2421/3
f 2420/3 2424/3 2423/3 2419/3
f 2425/3 2426/3 2437/3
f 2432/3 2431/3 2438/3
f 2426/3 2427/3 2437/3
f 2433/3 2432/3 2438/3
f 2427/3 2428/3 2437/3
f 2434/3 2433/3 2438/3
f 2428/3 2429/3 2437/3
f 2435/3 2434/3 2438/3
f 2429/3 2430/3 2437/3
f 2436/3 2435/3 2438/3
f 2430/3 2425/3 2437/3
f 2431/3 2436/3 2438/3
f 2431/3 2432/3 2426/3 2425/3
f 2432/3 2433/3 2427/3 2426/3
f 2433/3 2434/3 2428/3 2427/3
f 2434/3 2435/3 2429/3 2428/3
f 2435/3 2436/3 2430/3 2429/3
f 2436/3 2431/3 2425/3 2430/3
f 2439/3 2440/3 2451/3
f 2446/3 2445/3 2452/3
f 2440/3 2441/3 2451/3
f 2447/3 2446/3 2452/3
f 2441/3 2442/3 2451/3
f 2448/3 2447/3 2452/3
f 2442/3 2443/3 2451/3
f 2449/3 2448/3 2452/3
f 2443/3 2444/3 2451/3
f 2450/3 2449/3 2452/3
f 2444/3 2439/3 2451/3
f 2445/3 2450/3 2452/3
f 2445/3 2446/3 2440/3 2439/3
f 2446/3 2447/3 2441/3 2440/3
f 2447/3 2448/3 2442/3 2441/3
f 2448/3 2449/3 2443/3 2442/3
f 2449/3 2450/3 2444/3 2443/3
f 2450/3 2445/3 2439/3 2444/3
f 2453/3 2454/3 2465/3
f 2460/3 2459/3 2466/3
f 2454/3 2455/3 2465/3
f 2461/3 2460/3 2466/3
f 2455/3 2456/3 2465/3
f 2462/3 2461/3 2466/3
f 2456/3 2457/3 2465/3
f 2463/3 2462/3 2466/3
f 2457/3 2458/3 2465/3
f 2464/3 2463/3 2466/3
f 2458/3 2453/3 2465/3
f 2459/3 2464/3 2466/3
f 2459/3 2460/3 2454/3 2453/3
f 2460/3 2461/3 2455/3 2454/3
f 2461/3 2462/3 2456/3 2455/3
f 2462/3 2463/3 2457/3 2456/3
f 2463/3 2464/3 2458/3 2457/3
f 2464/3 2459/3 2453/3 2458/3
f 2479/3 2480/3 2491/3
f 2486/3 2485/3 2492/3
f 2480/3 2481/3 2491/3
f 2487/3 2486/3 2492/3
f 2481/3 2482/3 2491/3
f 2488/3 2487/3 2492/3
f 2482/3 2483/3 2491/3
f 2489/3 2488/3 2492/3
f 2483/3 2484/3 2491/3
f 2490/3 2489/3 2492/3
f 2484/3 2479/3 2491/3
f 2485/3 2490/3 2492/3
f 2485/3 2486/3 2480/3 2479/3
f 2486/3 2487/3 2481/3 2480/3
f 2487/3 2488/3 2482/3 2481/3
f 2488/3 2489/3 2483/3 2482/3
f 2489/3 2490/3 2484/3 2483/3
f 2490/3 2485/3 2479/3 2484/3
f 2493/3 2494/3 2505/3
f 2500/3 2499/3 2506/3
f 2494/3 2495/3 2505/3
f 2501/3 2500/3 2506/3
f 2495/3 2496/3 2505/3
f 2502/3 2501/3 2506/3
f 2496/3 2497/3 2505/3
f 2503/3 2502/3 2506/3
f 2497/3 2498/3 2505/3
f 2504/3 2503/3 2506/3
f 2498/3 2493/3 2505/3
f 2499/3 2504/3 2506/3
f 2499/3 2500/3 2494/3 2493/3
f 2500/3 2501/3 2495/3 2494/3
f 2501/3 2502/3 2496/3 2495/3
f 2502/3 2503/3 2497/3 2496/3
f 2503/3 2504/3 2498/3 2497/3
f 2504/3 2499/3 2493/3 2498/3
f 2507/3 2508/3 2519/3
f 2514/3 2513/3 2520/3
f 2508/3 2509/3 2519/3
f 2515/3 2514/3 2520/3
f 2509/3 2510/3 2519/3
f 2516/3 2515/3 2520/3
f 2510/3 2511/3 2519/3
f 2517/3 2516/3 2520/3
f 2511/3 2512/3 2519/3
f 2518/3 2517/3 2520/3
f 2512/3 2507/3 2519/3
f 2513/3 2518/3 2520/3
f 2513/3 2514/3 2508/3 2507/3
f 2514/3 2515/3 2509/3 2508/3
f 2515/3 2516/3 2510/3 2509/3
f 2516/3 2517/3 2511/3 2510/3
f 2517/3 2518/3 2512/3 2511/3
f 2518/3 2513/3 2507/3 2512/3
f 2521/3 2522/3 2533/3
f 2528/3 2527/3 2534/3
f 2522/3 2523/3 2533/3
f 2529/3 2528/3 2534/3
f 2523/3 2524/3 2533/3
f 2530/3 2529/3 2534/3
f 2524/3 2525/3 2533/3
f 2531/3 2530/3 2534/3
f 2525/3 2526/3 2533/3
f 2532/3 2531/3 2534/3
f 2526/3 2521/3 2533/3
f 2527/3 2532/3 2534/3
f 2527/3 2528/3 2522/3 2521/3
f 2528/3 2529/3 2523/3 2522/3
f 2529/3 2530/3 2524/3 2523/3
f 2530/3 2531/3 2525/3 2524/3
f 2531/3 2532/3 2526/3 2525/3
f 2532/3 2527/3 2521/3 2526/3
f 2547/3 2548/3 2559/3
f 2554/3 2553/3 2560/3
f 2548/3 2549/3 2559/3
f 2555/3 2554/3 2560/3
f 2549/3 2550/3 2559/3
f 2556/3 2555/3 2560/3
f 2550/3 2551/3 2559/3
f 2557/3 2556/3 2560/3
f 2551/3 2552/3 2559/3
f 2558/3 2557/3 2560/3
f 2552/3 2547/3 2559/3
f 2553/3 2558/3 2560/3
f 2553/3 2554/3 2548/3 2547/3
f 2554/3 2555/3 2549/3 2548/3
f 2555/3 2556/3 2550/3 2549/3
f 2556/3 2557/3 2551/3 2550/3
f 2557/3 2558/3 2552/3 2551/3
f 2558/3 2553/3 2547/3 2552/3
f 2561/3 2562/3 2573/3
f 2568/3 2567/3 2574/3
f 2562/3 2563/3 2573/3
f 2569/3 2568/3 2574/3
f 2563/3 2564/3 2573/3
f 2570/3 2569/3 2574/3
f 2564/3 2565/3 2573/3
f 2571/3 2570/3 2574/3
f 2565/3 2566/3 2573/3
f 2572/3 2571/3 2574/3
f 2566/3 2561/3 2573/3
f 2567/3 2572/3 2574/3
f 2567/3 2568/3 2562/3 2561/3
f 2568/3 2569/3 2563/3 2562/3
f 2569/3 2570/3 2564/3 2563/3
f 2570/3 2571/3 2565/3 2564/3
f 2571/3 2572/3 2566/3 2565/3
f 2572/3 2567/3 2561/3 2566/3
f 2575/3 2576/3 2587/3
f 2582/3 2581/3 2588/3
f 2576/3 2577/3 2587/3
f 2583/3 2582/3 2588/3
f 2577/3 2578/3 2587/3
f 2584/3 2583/3 2588/3
f 2578/3 2579/3 2587/3
f 2585/3 2584/3 2588/3
f 2579/3 2580/3 2587/3
f 2586/3 2585/3 2588/3
f 2580/3 2575/3 2587/3
f 2581/3 2586/3 2588/3
f 2581/3 2582/3 2576/3 2575/3
f 2582/3 2583/3 2577/3 2576/3
f 2583/3 2584/3 2578/3 2577/3
f 2584/3 2585/3 2579/3 2578/3
f 2585/3 2586/3 2580/3 2579/3
f 2586/3 2581/3 2575/3 2580/3
f 2589/3 2592/3 2591/3 2590/3
f 2593/3 2594/3 2595/3 2596/3
f 2589/3 2593/3 2596/3 2592/3
f 2590/3 2591/3 2595/3 2594/3
f 2589/3 2590/3 2594/3 2593/3
f 2592/3 2596/3 2595/3 2591/3
f 2597/3 2598/3 2609/3
f 2604/3 2603/3 2610/3
f 2598/3 2599/3 2609/3
f 2605/3 2604/3 2610/3
f 2599/3 2600/3 2609/3
f 2606/3 2605/3 2610/3
f 2600/3 2601/3 2609/3
f 2607/3 2606/3 2610/3
f 2601/3 2602/3 2609/3
f 2608/3 2607/3 2610/3
f 2602/3 2597/3 2609/3
f 2603/3 2608/3 2610/3
f 2603/3 2604/3 2598/3 2597/3
f 2604/3 2605/3 2599/3 2598/3
f 2605/3 2606/3 2600/3 2599/3
f 2606/3 2607/3 2601/3 2600/3
f 2607/3 2608/3 2602/3 2601/3
f 2608/3 2603/3 2597/3 2602/3
f 2611/3 2612/3 2623/3
f 2618/3 2617/3 2624/3
f 2612/3 2613/3 2623/3
f 2619/3 2618/3 2624/3
f 2613/3 2614/3 2623/3
f 2620/3 2619/3 2624/3
f 2614/3 2615/3 2623/3
f 2621/3 2620/3 2624/3
f 2615/3 2616/3 2623/3
f 2622/3 2621/3 2624/3
f 2616/3 2611/3 2623/3
f 2617/3 2622/3 2624/3
f 2617/3 2618/3 2612/3 2611/3
f 2618/3 2619/3 2613/3 2612/3
f 2619/3 2620/3 2614/3 2613/3
f 2620/3 2621/3 2615/3 2614/3
f 2621/3 2622/3 2616/3 2615/3
f 2622/3 2617/3 2611/3 2616/3
f 2625/3 2626/3 2637/3
f 2632/3 2631/3 2638/3
f 2626/3 2627/3 2637/3
f 2633/3 2632/3 2638/3
f 2627/3 2628/3 2637/3
f 2634/3 2633/3 2638/3
f 2628/3 2629/3 2637/3
f 2635/3 2634/3 2638/3
f 2629/3 2630/3 2637/3
f 2636/3 2635/3 2638/3
f 2630/3 2625/3 2637/3
f 2631/3 2636/3 2638/3
f 2631/3 2632/3 2626/3 2625/3
f 2632/3 2633/3 2627/3 2626/3
f 2633/3 2634/3 2628/3 2627/3
f 2634/3 2635/3 2629/3 2628/3
f 2635/3 2636/3 2630/3 2629/3
f 2636/3 2631/3 2625/3 2630/3
f 2651/3 2652/3 2663/3
f 2658/3 2657/3 2664/3
f 2652/3 2653/3 2663/3
f 2659/3 2658/3 2664/3
f 2653/3 2654/3 2663/3
f 2660/3 2659/3 2664/3
f 2654/3 2655/3 2663/3
f 2661/3 2660/3 2664/3
f 2655/3 2656/3 2663/3
f 2662/3 2661/3 2664/3
f 2656/3 2651/3 2663/3
f 2657/3 2662/3 2664/3
f 2657/3 2658/3 2652/3 2651/3
f 2658/3 2659/3 2653/3 2652/3
f 2659/3 2660/3 2654/3 2653/3
f 2660/3 2661/3 2655/3 2654/3
f 2661/3 2662/3 2656/3 2655/3
f 2662/3 2657/3 2651/3 2656/3
f 2665/3 2666/3 2677/3
f 2672/3 2671/3 2678/3
f 2666/3 2667/3 2677/3
f 2673/3 2672/3 2678/3
f 2667/3 2668/3 2677/3
f 2674/3 2673/3 2678/3
f 2668/3 2669/3 2677/3
f 2675/3 2674/3 2678/3
f 2669/3 2670/3 2677/3
f 2676/3 2675/3 2678/3
f 2670/3 2665/3 2677/3
f 2671/3 2676/3 2678/3
f 2671/3 2672/3 2666/3 2665/3
f 2672/3 2673/3 2667/3 2666/3
f 2673/3 2674/3 2668/3 2667/3
f 2674/3 2675/3 2669/3 2668/3
f 2675/3 2676/3 2670/3 2669/3
f 2676/3 2671/3 2665/3 2670/3
f 2679/3 2680/3 2691/3
f 2686/3 2685/3 2692/3
f 2680/3 2681/3 2691/3
f 2687/3 2686/3 2692/3
f 2681/3 2682/3 2691/3
f 2688/3 2687/3 2692/3
f 2682/3 2683/3 2691/3
f 2689/3 2688/3 2692/3
f 2683/3 2684/3 2691/3
f 2690/3 2689/3 2692/3
f 2684/3 2679/3 2691/3
f 2685/3 2690/3 2692/3
f 2685/3 2686/3 2680/3 2679/3
f 2686/3 2687/3 2681/3 2680/3
f 2687/3 2688/3 2682/3 2681/3
f 2688/3 2689/3 2683/3 2682/3
f 2689/3 2690/3 2684/3 2683/3
f 2690/3 2685/3 2679/3 2684/3
f 2693/3 2694/3 2705/3
f 2700/3 2699/3 2706/3
f 2694/3 2695/3 2705/3
f 2701/3 2700/3 2706/3
f 2695/3 2696/3 2705/3
f 2702/3 2701/3 2706/3
f 2696/3 2697/3 2705/3
f 2703/3 2702/3 2706/3
f 2697/3 2698/3 2705/3
f 2704/3 2703/3 2706/3
f 2698/3 2693/3 2705/3
f 2699/3 2704/3 2706/3
f 2699/3 2700/3 2694/3 2693/3
f 2700/3 2701/3 2695/3 2694/3
f 2701/3 2702/3 2696/3 2695/3
f 2702/3 2703/3 2697/3 2696/3
f 2703/3 2704/3 2698/3 2697/3
f 2704/3 2699/3 2693/3 2698/3
f 2719/3 2720/3 2731/3
f 2726/3 2725/3 2732/3
f 2720/3 2721/3 2731/3
f 2727/3 2726/3 2732/3
f 2721/3 2722/3 2731/3
f 2728/3 2727/3 2732/3
f 2722/3 2723/3 2731/3
f 2729/3 2728/3 2732/3
f 2723/3 2724/3 2731/3
f 2730/3 2729/3 2732/3
f 2724/3 2719/3 2731/3
f 2725/3 2730/3 2732/3
f 2725/3 2726/3 2720/3 2719/3
f 2726/3 2727/3 2721/3 2720/3
f 2727/3 2728/3 2722/3 2721/3
f 2728/3 2729/3 2723/3 2722/3
f 2729/3 2730/3 2724/3 2723/3
f 2730/3 2725/3 2719/3 2724/3
f 2733/3 2734/3 2745/3
f 2740/3 2739/3 2746/3
f 2734/3 2735/3 2745/3
f 2741/3 2740/3 2746/3
f 2735/3 2736/3 2745/3
f 2742/3 2741/3 2746/3
f 2736/3 2737/3 2745/3
f 2743/3 2742/3 2746/3
f 2737/3 2738/3 2745/3
f 2744/3 2743/3 2746/3
f 2738/3 2733/3 2745/3
f 2739/3 2744/3 2746/3
f 2739/3 2740/3 2734/3 2733/3
f 2740/3 2741/3 2735/3 2734/3
f 2741/3 2742/3 2736/3 2735/3
f 2742/3 2743/3 2737/3 2736/3
f 2743/3 2744/3 2738/3 2737/3
f 2744/3 2739/3 2733/3 2738/3
f 2747/3 2748/3 2759/3
f 2754/3 2753/3 2760/3
f 2748/3 2749/3 2759/3
f 2755/3 2754/3 2760/3
f 2749/3 2750/3 2759/3
f 2756/3 2755/3 2760/3
f 2750/3 2751/3 2759/3
f 2757/3 2756/3 2760/3
f 2751/3 2752/3 2759/3
f 2758/3 2757/3 2760/3
f 2752/3 2747/3 2759/3
f 2753/3 2758/3 2760/3
f 2753/3 2754/3 2748/3 2747/3
f 2754/3 2755/3 2749/3 2748/3
f 2755/3 2756/3 2750/3 2749/3
f 2756/3 2757/3 2751/3 2750/3
f 2757/3 2758/3 2752/3 2751/3
f 2758/3 2753/3 2747/3 2752/3
f 2761/3 2764/3 2763/3 2762/3
f 2765/3 2766/3 2767/3 2768/3
f 2761/3 2765/3 2768/3 2764/3
f 2762/3 2763/3 2767/3 2766/3
f 2761/3 2762/3 2766/3 2765/3
f 2764/3 2768/3 2767/3 2763/3
f 2769/3 2770/3 2781/3
f 2776/3 2775/3 2782/3
f 2770/3 2771/3 2781/3
f 2777/3 2776/3 2782/3
f 2771/3 2772/3 2781/3
f 2778/3 2777/3 2782/3
f 2772/3 2773/3 2781/3
f 2779/3 2778/3 2782/3
f 2773/3 2774/3 2781/3
f 2780/3 2779/3 2782/3
f 2774/3 2769/3 2781/3
f 2775/3 2780/3 2782/3
f 2775/3 2776/3 2770/3 2769/3
f 2776/3 2777/3 2771/3 2770/3
f 2777/3 2778/3 2772/3 2771/3
f 2778/3 2779/3 2773/3 2772/3
f 2779/3 2780/3 2774/3 2773/3
f 2780/3 2775/3 2769/3 2774/3
f 2783/3 2784/3 2795/3
f 2790/3 2789/3 2796/3
f 2784/3 2785/3 2795/3
f 2791/3 2790/3 2796/3
f 2785/3 2786/3 2795/3
f 2792/3 2791/3 2796/3
f 2786/3 2787/3 2795/3
f 2793/3 2792/3 2796/3
f 2787/3 2788/3 2795/3
f 2794/3 2793/3 2796/3
f 2788/3 2783/3 2795/3
f 2789/3 2794/3 2796/3
f 2789/3 2790/3 2784/3 2783/3
f 2790/3 2791/3 2785/3 2784/3
f 2791/3 2792/3 2786/3 2785/3
f 2792/3 2793/3 2787/3 2786/3
f 2793/3 2794/3 2788/3 2787/3
f 2794/3 2789/3 2783/3 2788/3
f 2797/3 2798/3 2809/3
f 2804/3 2803/3 2810/3
f 2798/3 2799/3 2809/3
f 2805/3 2804/3 2810/3
f 2799/3 2800/3 2809/3
f 2806/3 2805/3 2810/3
f 2800/3 2801/3 2809/3
f 2807/3 2806/3 2810/3
f 2801/3 2802/3 2809/3
f 2808/3 2807/3 2810/3
f 2802/3 2797/3 2809/3
f 2803/3 2808/3 2810/3
f 2803/3 2804/3 2798/3 2797/3
f 2804/3 2805/3 2799/3 2798/3
f 2805/3 2806/3 2800/3 2799/3
f 2806/3 2807/3 2801/3 2800/3
f 2807/3 2808/3 2802/3 2801/3
f 2808/3 2803/3 2797/3 2802/3
f 2823/3 2826/3 2825/3 2824/3
f 2827/3 2828/3 2829/3 2830/3
f 2823/3 2827/3 2830/3 2826/3
f 2824/3 2825/3 2829/3 2828/3
f 2823/3 2824/3 2828/3 2827/3
f 2826/3 2830/3 2829/3 2825/3
f 2831/3 2832/3 2843/3
f 2838/3 2837/3 2844/3
f 2832/3 2833/3 2843/3
f 2839/3 2838/3 2844/3
f 2833/3 2834/3 2843/3
f 2840/3 2839/3 2844/3
f 2834/3 2835/3 2843/3
f 2841/3 2840/3 2844/3
f 2835/3 2836/3 2843/3
f 2842/3 2841/3 2844/3
f 2836/3 2831/3 2843/3
f 2837/3 2842/3 2844/3
f 2837/3 2838/3 2832/3 2831/3
f 2838/3 2839/3 2833/3 2832/3
f 2839/3 2840/3 2834/3 2833/3
f 2840/3 2841/3 2835/3 2834/3
f 2841/3 2842/3 2836/3 2835/3
f 2842/3 2837/3 2831/3 2836/3
f 2845/3 2846/3 2857/3
f 2852/3 2851/3 2858/3
f 2846/3 2847/3 2857/3
f 2853/3 2852/3 2858/3
f 2847/3 2848/3 2857/3
f 2854/3 2853/3 2858/3
f 2848/3 2849/3 2857/3
f 2855/3 2854/3 2858/3
f 2849/3 2850/3 2857/3
f 2856/3 2855/3 2858/3
f 2850/3 2845/3 2857/3
f 2851/3 2856/3 2858/3
f 2851/3 2852/3 2846/3 2845/3
f 2852/3 2853/3 2847/3 2846/3
f 2853/3 2854/3 2848/3 2847/3
f 2854/3 2855/3 2849/3 2848/3
f 2855/3 2856/3 2850/3 2849/3
f 2856/3 2851/3 2845/3 2850/3
f 2859/3 2860/3 2871/3
f 2866/3 2865/3 2872/3
f 2860/3 2861/3 2871/3
f 2867/3 2866/3 2872/3
f 2861/3 2862/3 2871/3
f 2868/3 2867/3 2872/3
f 2862/3 2863/3 2871/3
f 2869/3 2868/3 2872/3
f 2863/3 2864/3 2871/3
f 2870/3 2869/3 2872/3
f 2864/3 2859/3 2871/3
f 2865/3 2870/3 2872/3
f 2865/3 2866/3 2860/3 2859/3
f 2866/3 2867/3 2861/3 2860/3
f 2867/3 2868/3 2862/3 2861/3
f 2868/3 2869/3 2863/3 2862/3
f 2869/3 2870/3 2864/3 2863/3
f 2870/3 2865/3 2859/3 2864/3
f 2885/3 2888/3 2887/3 2886/3
f 2889/3 2890/3 2891/3 2892/3
f 2885/3 2889/3 2892/3 2888/3
f 2886/3 2887/3 2891/3 2890/3
f 2885/3 2886/3 2890/3 2889/3
f 2888/3 2892/3 2891/3 2887/3
f 2893/3 2894/3 2905/3
f 2900/3 2899/3 2906/3
f 2894/3 2895/3 2905/3
f 2901/3 2900/3 2906/3
f 2895/3 2896/3 2905/3
f 2902/3 2901/3 2906/3
f 2896/3 2897/3 2905/3
f 2903/3 2902/3 2906/3
f 2897/3 2898/3 2905/3
f 2904/3 2903/3 2906/3
f 2898/3 2893/3 2905/3
f 2899/3 2904/3 2906/3
f 2899/3 2900/3 2894/3 2893/3
f 2900/3 2901/3 2895/3 2894/3
f 2901/3 2902/3 2896/3 2895/3
f 2902/3 2903/3 2897/3 2896/3
f 2903/3 2904/3 2898/3 2897/3
f 2904/3 2899/3 2893/3 2898/3
f 2907/3 2908/3 2919/3
f 2914/3 2913/3 2920/3
f 2908/3 2909/3 2919/3
f 2915/3 2914/3 2920/3
f 2909/3 2910/3 2919/3
f 2916/3 2915/3 2920/3
f 2910/3 2911/3 2919/3
f 2917/3 2916/3 2920/3
f 2911/3 2912/3 2919/3
f 2918/3 2917/3 2920/3
f 2912/3 2907/3 2919/3
f 2913/3 2918/3 2920/3
f 2913/3 2914/3 2908/3 2907/3
f 2914/3 2915/3 2909/3 2908/3
f 2915/3 2916/3 2910/3 2909/3
f 2916/3 2917/3 2911/3 2910/3
f 2917/3 2918/3 2912/3 2911/3
f 2918/3 2913/3 2907/3 2912/3
f 2921/3 2922/3 2933/3
f 2928/3 2927/3 2934/3
f 2922/3 2923/3 2933/3
f 2929/3 2928/3 2934/3
f 2923/3 2924/3 2933/3
f 2930/3 2929/3 2934/3
f 2924/3 2925/3 2933/3
f 2931/3 2930/3 2934/3
f 2925/3 2926/3 2933/3
f 2932/3 2931/3 2934/3
f 2926/3 2921/3 2933/3
f 2927/3 2932/3 2934/3
f 2927/3 2928/3 2922/3 2921/3
f 2928/3 2929/3 2923/3 2922/3
f 2929/3 2930/3 2924/3 2923/3
f 2930/3 2931/3 2925/3 2924/3
f 2931/3 2932/3 2926/3 2925/3
f 2932/3 2927/3 2921/3 2926/3
f 2947/3 2948/3 2959/3
f 2954/3 2953/3 2960/3
f 2948/3 2949/3 2959/3
f 2955/3 2954/3 2960/3
f 2949/3 2950/3 2959/3
f 2956/3 2955/3 2960/3
f 2950/3 2951/3 2959/3
f 2957/3 2956/3 2960/3
f 2951/3 2952/3 2959/3
f 2958/3 2957/3 2960/3
f 2952/3 2947/3 2959/3
f 2953/3 2958/3 2960/3
f 2953/3 2954/3 2948/3 2947/3
f 2954/3 2955/3 2949/3 2948/3
f 2955/3 2956/3 2950/3 2949/3
f 2956/3 2957/3 2951/3 2950/3
f 2957/3 2958/3 2952/3 2951/3
f 2958/3 2953/3 2947/3 2952/3
f 2961/3 2962/3 2973/3
f 2968/3 2967/3 2974/3
f 2962/3 2963/3 2973/3
f 2969/3 2968/3 2974/3
f 2963/3 2964/3 2973/3
f 2970/3 2969/3 2974/3
f 2964/3 2965/3 2973/3
f 2971/3 2970/3 2974/3
f 2965/3 2966/3 2973/3
f 2972/3 2971/3 2974/3
f 2966/3 2961/3 2973/3
f 2967/3 2972/3 2974/3
f 2967/3 2968/3 2962/3 2961/3
f 2968/3 2969/3 2963/3 2962/3
f 2969/3 2970/3 2964/3 2963/3
f 2970/3 2971/3 2965/3 2964/3
f 2971/3 2972/3 2966/3 2965/3
f 2972/3 2967/3 2961/3 2966/3
f 2975/3 2976/3 2987/3
f 2982/3 2981/3 2988/3
f 2976/3 2977/3 2987/3
f 2983/3 2982/3 2988/3
f 2977/3 2978/3 2987/3
f 2984/3 2983/3 2988/3
f 2978/3 2979/3 2987/3
f 2985/3 2984/3 2988/3
f 2979/3 2980/3 2987/3
f 2986/3 2985/3 2988/3
f 2980/3 2975/3 2987/3
f 2981/3 2986/3 2988/3
f 2981/3 2982/3 2976/3 2975/3
f 2982/3 2983/3 2977/3 2976/3
f 2983/3 2984/3 2978/3 2977/3
f 2984/3 2985/3 2979/3 2978/3
f 2985/3 2986/3 2980/3 2979/3
f 2986/3 2981/3 2975/3 2980/3
f 2989/3 2990/3 3001/3
f 2996/3 2995/3 3002/3
f 2990/3 2991/3 3001/3
f 2997/3 2996/3 3002/3
f 2991/3 2992/3 3001/3
f 2998/3 2997/3 3002/3
f 2992/3 2993/3 3001/3
f 2999/3 2998/3 3002/3
f 2993/3 2994/3 3001/3
f 3000/3 2999/3 3002/3
f 2994/3 2989/3 3001/3
f 2995/3 3000/3 3002/3
f 2995/3 2996/3 2990/3 2989/3
f 2996/3 2997/3 2991/3 2990/3
f 2997/3 2998/3 2992/3 2991/3
f 2998/3 2999/3 2993/3 2992/3
f 2999/3 3000/3 2994/3 2993/3
f 3000/3 2995/3 2989/3 2994/3
f 3015/3 3016/3 3027/3
f 3022/3 3021/3 3028/3
f 3016/3 3017/3 3027/3
f 3023/3 3022/3 3028/3
f 3017/3 3018/3 3027/3
f 3024/3 3023/3 3028/3
f 3018/3 3019/3 3027/3
f 3025/3 3024/3 3028/3
f 3019/3 3020/3 3027/3
f 3026/3 3025/3 3028/3
f 3020/3 3015/3 3027/3
f 3021/3 3026/3 3028/3
f 3021/3 3022/3 3016/3 3015/3
f 3022/3 3023/3 3017/3 3016/3
f 3023/3 3024/3 3018/3 3017/3
f 3024/3 3025/3 3019/3 3018/3
f 3025/3 3026/3 3020/3 3019/3
f 3026/3 3021/3 3015/3 3020/3
f 3029/3 3030/3 3041/3
f 3036/3 3035/3 3042/3
f 3030/3 3031/3 3041/3
f 3037/3 3036/3 3042/3
f 3031/3 3032/3 3041/3
f 3038/3 3037/3 3042/3
f 3032/3 3033/3 3041/3
f 3039/3 3038/3 3042/3
f 3033/3 3034/3 3041/3
f 3040/3 3039/3 3042/3
f 3034/3 3029/3 3041/3
f 3035/3 3040/3 3042/3
f 3035/3 3036/3 3030/3 3029/3
f 3036/3 3037/3 3031/3 3030/3
f 3037/3 3038/3 3032/3 3031/3
f 3038/3 3039/3 3033/3 3032/3
f 3039/3 3040/3 3034/3 3033/3
f 3040/3 3035/3 3029/3 3034/3
f 3043/3 3044/3 3055/3
f 3050/3 3049/3 3056/3
f 3044/3 3045/3 3055/3
f 3051/3 3050/3 3056/3
f 3045/3 3046/3 3055/3
f 3052/3 3051/3 3056/3
f 3046/3 3047/3 3055/3
f 3053/3 3052/3 3056/3
f 3047/3 3048/3 3055/3
f 3054/3 3053/3 3056/3
f 3048/3 3043/3 3055/3
f 3049/3 3054/3 3056/3
f 3049/3 3050/3 3044/3 3043/3
f 3050/3 3051/3 3045/3 3044/3
f 3051/3 3052/3 3046/3 3045/3
f 3052/3 3053/3 3047/3 3046/3
f 3053/3 3054/3 3048/3 3047/3
f 3054/3 3049/3 3043/3 3048/3
usemtl coral
f 59/2 60/2 69/2
f 65/2 64/2 70/2
f 60/2 61/2 69/2
f 66/2 65/2 70/2
f 61/2 62/2 69/2
f 67/2 66/2 70/2
f 62/2 63/2 69/2
f 68/2 67/2 70/2
f 63/2 59/2 69/2
f 64/2 68/2 70/2
f 64/2 65/2 60/2 59/2
f 65/2 66/2 61/2 60/2
f 66/2 67/2 62/2 61/2
f 67/2 68/2 63/2 62/2
f 68/2 64/2 59/2 63/2
f 217/2 218/2 227/2
f 223/2 222/2 228/2
f 218/2 219/2 227/2
f 224/2 223/2 228/2
f 219/2 220/2 227/2
f 225/2 224/2 228/2
f 220/2 221/2 227/2
f 226/2 225/2 228/2
f 221/2 217/2 227/2
f 222/2 226/2 228/2
f 222/2 223/2 218/2 217/2
f 223/2 224/2 219/2 218/2
f 224/2 225/2 220/2 219/2
f 225/2 226/2 221/2 220/2
f 226/2 222/2 217/2 221/2
f 375/2 376/2 385/2
f 381/2 380/2 386/2
f 376/2 377/2 385/2
f 382/2 381/2 386/2
f 377/2 378/2 385/2
f 383/2 382/2 386/2
f 378/2 379/2 385/2
f 384/2 383/2 386/2
f 379/2 375/2 385/2
f 380/2 384/2 386/2
f 380/2 381/2 376/2 375/2
f 381/2 382/2 377/2 376/2
f 382/2 383/2 378/2 377/2
f 383/2 384/2 379/2 378/2
f 384/2 380/2 375/2 379/2
f 511/2 512/2 521/2
f 517/2 516/2 522/2
f 512/2 513/2 521/2
f 518/2 517/2 522/2
f 513/2 514/2 521/2
f 519/2 518/2 522/2
f 514/2 515/2 521/2
f 520/2 519/2 522/2
f 515/2 511/2 521/2
f 516/2 520/2 522/2
f 516/2 517/2 512/2 511/2
f 517/2 518/2 513/2 512/2
f 518/2 519/2 514/2 513/2
f 519/2 520/2 515/2 514/2
f 520/2 516/2 511/2 515/2
f 647/2 648/2 657/2
f 653/2 652/2 658/2
f 648/2 649/2 657/2
f 654/2 653/2 658/2
f 649/2 650/2 657/2
f 655/2 654/2 658/2
f 650/2 651/2 657/2
f 656/2 655/2 658/2
f 651/2 647/2 657/2
f 652/2 656/2 658/2
f 652/2 653/2 648/2 647/2
f 653/2 654/2 649/2 648/2
f 654/2 655/2 650/2 649/2
f 655/2 656/2 651/2 650/2
f 656/2 652/2 647/2 651/2
f 737/2 738/2 747/2
f 743/2 742/2 748/2
f 738/2 739/2 747/2
f 744/2 743/2 748/2
f 739/2 740/2 747/2
f 745/2 744/2 748/2
f 740/2 741/2 747/2
f 746/2 745/2 748/2
f 741/2 737/2 747/2
f 742/2 746/2 748/2
f 742/2 743/2 738/2 737/2
f 743/2 744/2 739/2 738/2
f 744/2 745/2 740/2 739/2
f 745/2 746/2 741/2 740/2
f 746/2 742/2 737/2 741/2
f 873/2 874/2 883/2
f 879/2 878/2 884/2
f 874/2 875/2 883/2
f 880/2 879/2 884/2
f 875/2 876/2 883/2
f 881/2 880/2 884/2
f 876/2 877/2 883/2
f 882/2 881/2 884/2
f 877/2 873/2 883/2
f 878/2 882/2 884/2
f 878/2 879/2 874/2 873/2
f 879/2 880/2 875/2 874/2
f 880/2 881/2 876/2 875/2
f 881/2 882/2 877/2 876/2
f 882/2 878/2 873/2 877/2
f 1009/2 1010/2 1019/2
f 1015/2 1014/2 1020/2
f 1010/2 1011/2 1019/2
f 1016/2 1015/2 1020/2
f 1011/2 1012/2 1019/2
f 1017/2 1016/2 1020/2
f 1012/2 1013/2 1019/2
f 1018/2 1017/2 1020/2
f 1013/2 1009/2 1019/2
f 1014/2 1018/2 1020/2
f 1014/2 1015/2 1010/2 1009/2
f 1015/2 1016/2 1011/2 1010/2
f 1016/2 1017/2 1012/2 1011/2
f 1017/2 1018/2 1013/2 1012/2
f 1018/2 1014/2 1009/2 1013/2
f 1099/2 1100/2 1109/2
f 1105/2 1104/2 1110/2
f 1100/2 1101/2 1109/2
f 1106/2 1105/2 1110/2
f 1101/2 1102/2 1109/2
f 1107/2 1106/2 1110/2
f 1102/2 1103/2 1109/2
f 1108/2 1107/2 1110/2
f 1103/2 1099/2 1109/2
f 1104/2 1108/2 1110/2
f 1104/2 1105/2 1100/2 1099/2
f 1105/2 1106/2 1101/2 1100/2
f 1106/2 1107/2 1102/2 1101/2
f 1107/2 1108/2 1103/2 1102/2
f 1108/2 1104/2 1099/2 1103/2
f 1235/2 1236/2 1245/2
f 1241/2 1240/2 1246/2
f 1236/2 1237/2 1245/2
f 1242/2 1241/2 1246/2
f 1237/2 1238/2 1245/2
f 1243/2 1242/2 1246/2
f 1238/2 1239/2 1245/2
f 1244/2 1243/2 1246/2
f 1239/2 1235/2 1245/2
f 1240/2 1244/2 1246/2
f 1240/2 1241/2 1236/2 1235/2
f 1241/2 1242/2 1237/2 1236/2
f 1242/2 1243/2 1238/2 1237/2
f 1243/2 1244/2 1239/2 1238/2
f 1244/2 1240/2 1235/2 1239/2
f 1371/2 1372/2 1381/2
f 1377/2 1376/2 1382/2
f 1372/2 1373/2 1381/2
f 1378/2 1377/2 1382/2
f 1373/2 1374/2 1381/2
f 1379/2 1378/2 1382/2
f 1374/2 1375/2 1381/2
f 1380/2 1379/2 1382/2
f 1375/2 1371/2 1381/2
f 1376/2 1380/2 1382/2
f 1376/2 1377/2 1372/2 1371/2
f 1377/2 1378/2 1373/2 1372/2
f 1378/2 1379/2 1374/2 1373/2
f 1379/2 1380/2 1375/2 1374/2
f 1380/2 1376/2 1371/2 1375/2
f 1461/2 1462/2 1471/2
f 1467/2 1466/2 1472/2
f 1462/2 1463/2 1471/2
f 1468/2 1467/2 1472/2
f 1463/2 1464/2 1471/2
f 1469/2 1468/2 1472/2
f 1464/2 1465/2 1471/2
f 1470/2 1469/2 1472/2
f 1465/2 1461/2 1471/2
f 1466/2 1470/2 1472/2
f 1466/2 1467/2 1462/2 1461/2
f 1467/2 1468/2 1463/2 1462/2
f 1468/2 1469/2 1464/2 1463/2
f 1469/2 1470/2 1465/2 1464/2
f 1470/2 1466/2 1461/2 1465/2
f 1597/2 1598/2 1607/2
f 1603/2 1602/2 1608/2
f 1598/2 1599/2 1607/2
f 1604/2 1603/2 1608/2
f 1599/2 1600/2 1607/2
f 1605/2 1604/2 1608/2
f 1600/2 1601/2 1607/2
f 1606/2 1605/2 1608/2
f 1601/2 1597/2 1607/2
f 1602/2 1606/2 1608/2
f 1602/2 1603/2 1598/2 1597/2
f 1603/2 1604/2 1599/2 1598/2
f 1604/2 1605/2 1600/2 1599/2
f 1605/2 1606/2 1601/2 1600/2
f 1606/2 1602/2 1597/2 1601/2
f 1727/2 1728/2 1737/2
f 1733/2 1732/2 1738/2
f 1728/2 1729/2 1737/2
f 1734/2 1733/2 1738/2
f 1729/2 1730/2 1737/2
f 1735/2 1734/2 1738/2
f 1730/2 1731/2 1737/2
f 1736/2 1735/2 1738/2
f 1731/2 1727/2 1737/2
f 1732/2 1736/2 1738/2
f 1732/2 1733/2 1728/2 1727/2
f 1733/2 1734/2 1729/2 1728/2
f 1734/2 1735/2 1730/2 1729/2
f 1735/2 1736/2 1731/2 1730/2
f 1736/2 1732/2 1727/2 1731/2
f 1831/2 1832/2 1841/2
f 1837/2 1836/2 1842/2
f 1832/2 1833/2 1841/2
f 1838/2 1837/2 1842/2
f 1833/2 1834/2 1841/2
f 1839/2 1838/2 1842/2
f 1834/2 1835/2 1841/2
f 1840/2 1839/2 1842/2
f 1835/2 1831/2 1841/2
f 1836/2 1840/2 1842/2
f 1836/2 1837/2 1832/2 1831/2
f 1837/2 1838/2 1833/2 1832/2
f 1838/2 1839/2 1834/2 1833/2
f 1839/2 1840/2 1835/2 1834/2
f 1840/2 1836/2 1831/2 1835/2
f 1935/2 1936/2 1945/2
f 1941/2 1940/2 1946/2
f 1936/2 1937/2 1945/2
f 1942/2 1941/2 1946/2
f 1937/2 1938/2 1945/2
f 1943/2 1942/2 1946/2
f 1938/2 1939/2 1945/2
f 1944/2 1943/2 1946/2
f 1939/2 1935/2 1945/2
f 1940/2 1944/2 1946/2
f 1940/2 1941/2 1936/2 1935/2
f 1941/2 1942/2 1937/2 1936/2
f 1942/2 1943/2 1938/2 1937/2
f 1943/2 1944/2 1939/2 1938/2
f 1944/2 1940/2 1935/2 1939/2
f 2071/2 2072/2 2081/2
f 2077/2 2076/2 2082/2
f 2072/2 2073/2 2081/2
f 2078/2 2077/2 2082/2
f 2073/2 2074/2 2081/2
f 2079/2 2078/2 2082/2
f 2074/2 2075/2 2081/2
f 2080/2 2079/2 2082/2
f 2075/2 2071/2 2081/2
f 2076/2 2080/2 2082/2
f 2076/2 2077/2 2072/2 2071/2
f 2077/2 2078/2 2073/2 2072/2
f 2078/2 2079/2 2074/2 2073/2
f 2079/2 2080/2 2075/2 2074/2
f 2080/2 2076/2 2071/2 2075/2
f 2201/2 2202/2 2211/2
f 2207/2 2206/2 2212/2
f 2202/2 2203/2 2211/2
f 2208/2 2207/2 2212/2
f 2203/2 2204/2 2211/2
f 2209/2 2208/2 2212/2
f 2204/2 2205/2 2211/2
f 2210/2 2209/2 2212/2
f 2205/2 2201/2 2211/2
f 2206/2 2210/2 2212/2
f 2206/2 2207/2 2202/2 2201/2
f 2207/2 2208/2 2203/2 2202/2
f 2208/2 2209/2 2204/2 2203/2
f 2209/2 2210/2 2205/2 2204/2
f 2210/2 2206/2 2201/2 2205/2
f 2337/2 2338/2 2347/2
f 2343/2 2342/2 2348/2
f 2338/2 2339/2 2347/2
f 2344/2 2343/2 2348/2
f 2339/2 2340/2 2347/2
f 2345/2 2344/2 2348/2
f 2340/2 2341/2 2347/2
f 2346/2 2345/2 2348/2
f 2341/2 2337/2 2347/2
f 2342/2 2346/2 2348/2
f 2342/2 2343/2 2338/2 2337/2
f 2343/2 2344/2 2339/2 2338/2
f 2344/2 2345/2 2340/2 2339/2
f 2345/2 2346/2 2341/2 2340/2
f 2346/2 2342/2 2337/2 2341/2
f 2467/2 2468/2 2477/2
f 2473/2 2472/2 2478/2
f 2468/2 2469/2 2477/2
f 2474/2 2473/2 2478/2
f 2469/2 2470/2 2477/2
f 2475/2 2474/2 2478/2
f 2470/2 2471/2 2477/2
f 2476/2 2475/2 2478/2
f 2471/2 2467/2 2477/2
f 2472/2 2476/2 2478/2
f 2472/2 2473/2 2468/2 2467/2
f 2473/2 2474/2 2469/2 2468/2
f 2474/2 2475/2 2470/2 2469/2
f 2475/2 2476/2 2471/2 2470/2
f 2476/2 2472/2 2467/2 2471/2
f 2639/2 2640/2 2649/2
f 2645/2 2644/2 2650/2
f 2640/2 2641/2 2649/2
f 2646/2 2645/2 2650/2
f 2641/2 2642/2 2649/2
f 2647/2 2646/2 2650/2
f 2642/2 2643/2 2649/2
f 2648/2 2647/2 2650/2
f 2643/2 2639/2 2649/2
f 2644/2 2648/2 2650/2
f 2644/2 2645/2 2640/2 2639/2
f 2645/2 2646/2 2641/2 2640/2
f 2646/2 2647/2 2642/2 2641/2
f 2647/2 2648/2 2643/2 2642/2
f 2648/2 2644/2 2639/2 2643/2
f 2811/2 2812/2 2821/2
f 2817/2 2816/2 2822/2
f 2812/2 2813/2 2821/2
f 2818/2 2817/2 2822/2
f 2813/2 2814/2 2821/2
f 2819/2 2818/2 2822/2
f 2814/2 2815/2 2821/2
f 2820/2 2819/2 2822/2
f 2815/2 2811/2 2821/2
f 2816/2 2820/2 2822/2
f 2816/2 2817/2 2812/2 2811/2
f 2817/2 2818/2 2813/2 2812/2
f 2818/2 2819/2 2814/2 2813/2
f 2819/2 2820/2 2815/2 2814/2
f 2820/2 2816/2 2811/2 2815/2
f 2873/2 2874/2 2883/2
f 2879/2 2878/2 2884/2
f 2874/2 2875/2 2883/2
f 2880/2 2879/2 2884/2
f 2875/2 2876/2 2883/2
f 2881/2 2880/2 2884/2
f 2876/2 2877/2 2883/2
f 2882/2 2881/2 2884/2
f 2877/2 2873/2 2883/2
f 2878/2 2882/2 2884/2
f 2878/2 2879/2 2874/2 2873/2
f 2879/2 2880/2 2875/2 2874/2
f 2880/2 2881/2 2876/2 2875/2
f 2881/2 2882/2 2877/2 2876/2
f 2882/2 2878/2 2873/2 2877/2
f 2935/2 2936/2 2945/2
f 2941/2 2940/2 2946/2
f 2936/2 2937/2 2945/2
f 2942/2 2941/2 2946/2
f 2937/2 2938/2 2945/2
f 2943/2 2942/2 2946/2
f 2938/2 2939/2 2945/2
f 2944/2 2943/2 2946/2
f 2939/2 2935/2 2945/2
f 2940/2 2944/2 2946/2
f 2940/2 2941/2 2936/2 2935/2
f 2941/2 2942/2 2937/2 2936/2
f 2942/2 2943/2 2938/2 2937/2
f 2943/2 2944/2 2939/2 2938/2
f 2944/2 2940/2 2935/2 2939/2
f 3207/2 3208/2 3192/2 3191/2
f 3208/2 3209/2 3193/2 3192/2
f 3209/2 3210/2 3194/2 3193/2
f 3210/2 3211/2 3195/2 3194/2
f 3211/2 3212/2 3196/2 3195/2
f 3212/2 3213/2 3197/2 3196/2
f 3213/2 3214/2 3198/2 3197/2
f 3214/2 3215/2 3199/2 3198/2
f 3215/2 3216/2 3200/2 3199/2
f 3216/2 3217/2 3201/2 3200/2
f 3217/2 3218/2 3202/2 3201/2
f 3218/2 3219/2 3203/2 3202/2
f 3219/2 3220/2 3204/2 3203/2
f 3220/2 3221/2 3205/2 3204/2
f 3221/2 3222/2 3206/2 3205/2
f 3222/2 3207/2 3191/2 3206/2
usemtl gold
f 127/4 128/4 137/4
f 133/4 132/4 138/4
f 128/4 129/4 137/4
f 134/4 133/4 138/4
f 129/4 130/4 137/4
f 135/4 134/4 138/4
f 130/4 131/4 137/4
f 136/4 135/4 138/4
f 131/4 127/4 137/4
f 132/4 136/4 138/4
f 132/4 133/4 128/4 127/4
f 133/4 134/4 129/4 128/4
f 134/4 135/4 130/4 129/4
f 135/4 136/4 131/4 130/4
f 136/4 132/4 127/4 131/4
f 285/4 286/4 295/4
f 291/4 290/4 296/4
f 286/4 287/4 295/4
f 292/4 291/4 296/4
f 287/4 288/4 295/4
f 293/4 292/4 296/4
f 288/4 289/4 295/4
f 294/4 293/4 296/4
f 289/4 285/4 295/4
f 290/4 294/4 296/4
f 290/4 291/4 286/4 285/4
f 291/4 292/4 287/4 286/4
f 292/4 293/4 288/4 287/4
f 293/4 294/4 289/4 288/4
f 294/4 290/4 285/4 289/4
f 443/4 444/4 453/4
f 449/4 448/4 454/4
f 444/4 445/4 453/4
f 450/4 449/4 454/4
f 445/4 446/4 453/4
f 451/4 450/4 454/4
f 446/4 447/4 453/4
f 452/4 451/4 454/4
f 447/4 443/4 453/4
f 448/4 452/4 454/4
f 448/4 449/4 444/4 443/4
f 449/4 450/4 445/4 444/4
f 450/4 451/4 446/4 445/4
f 451/4 452/4 447/4 446/4
f 452/4 448/4 443/4 447/4
f 579/4 580/4 589/4
f 585/4 584/4 590/4
f 580/4 581/4 589/4
f 586/4 585/4 590/4
f 581/4 582/4 589/4
f 587/4 586/4 590/4
f 582/4 583/4 589/4
f 588/4 587/4 590/4
f 583/4 579/4 589/4
f 584/4 588/4 590/4
f 584/4 585/4 580/4 579/4
f 585/4 586/4 581/4 580/4
f 586/4 587/4 582/4 581/4
f 587/4 588/4 583/4 582/4
f 588/4 584/4 579/4 583/4
f 805/4 806/4 815/4
f 811/4 810/4 816/4
f 806/4 807/4 815/4
f 812/4 811/4 816/4
f 807/4 808/4 815/4
f 813/4 812/4 816/4
f 808/4 809/4 815/4
f 814/4 813/4 816/4
f 809/4 805/4 815/4
f 810/4 814/4 816/4
f 810/4 811/4 806/4 805/4
f 811/4 812/4 807/4 806/4
f 812/4 813/4 808/4 807/4
f 813/4 814/4 809/4 808/4
f 814/4 810/4 805/4 809/4
f 941/4 942/4 951/4
f 947/4 946/4 952/4
f 942/4 943/4 951/4
f 948/4 947/4 952/4
f 943/4 944/4 951/4
f 949/4 948/4 952/4
f 944/4 945/4 951/4
f 950/4 949/4 952/4
f 945/4 941/4 951/4
f 946/4 950/4 952/4
f 946/4 947/4 942/4 941/4
f 947/4 948/4 943/4 942/4
f 948/4 949/4 944/4 943/4
f 949/4 950/4 945/4 944/4
f 950/4 946/4 941/4 945/4
f 1167/4 1168/4 1177/4
f 1173/4 1172/4 1178/4
f 1168/4 1169/4 1177/4
f 1174/4 1173/4 1178/4
f 1169/4 1170/4 1177/4
f 1175/4 1174/4 1178/4
f 1170/4 1171/4 1177/4
f 1176/4 1175/4 1178/4
f 1171/4 1167/4 1177/4
f 1172/4 1176/4 1178/4
f 1172/4 1173/4 1168/4 1167/4
f 1173/4 1174/4 1169/4 1168/4
f 1174/4 1175/4 1170/4 1169/4
f 1175/4 1176/4 1171/4 1170/4
f 1176/4 1172/4 1167/4 1171/4
f 1303/4 1304/4 1313/4
f 1309/4 1308/4 1314/4
f 1304/4 1305/4 1313/4
f 1310/4 1309/4 1314/4
f 1305/4 1306/4 1313/4
f 1311/4 1310/4 1314/4
f 1306/4 1307/4 1313/4
f 1312/4 1311/4 1314/4
f 1307/4 1303/4 1313/4
f 1308/4 1312/4 1314/4
f 1308/4 1309/4 1304/4 1303/4
f 1309/4 1310/4 1305/4 1304/4
f 1310/4 1311/4 1306/4 1305/4
f 1311/4 1312/4 1307/4 1306/4
f 1312/4 1308/4 1303/4 1307/4
f 1529/4 1530/4 1539/4
f 1535/4 1534/4 1540/4
f 1530/4 1531/4 1539/4
f 1536/4 1535/4 1540/4
f 1531/4 1532/4 1539/4
f 1537/4 1536/4 1540/4
f 1532/4 1533/4 1539/4
f 1538/4 1537/4 1540/4
f 1533/4 1529/4 1539/4
f 1534/4 1538/4 1540/4
f 1534/4 1535/4 1530/4 1529/4
f 1535/4 1536/4 1531/4 1530/4
f 1536/4 1537/4 1532/4 1531/4
f 1537/4 1538/4 1533/4 1532/4
f 1538/4 1534/4 1529/4 1533/4
f 1665/4 1666/4 1675/4
f 1671/4 1670/4 1676/4
f 1666/4 1667/4 1675/4
f 1672/4 1671/4 1676/4
f 1667/4 1668/4 1675/4
f 1673/4 1672/4 1676/4
f 1668/4 1669/4 1675/4
f 1674/4 1673/4 1676/4
f 1669/4 1665/4 1675/4
f 1670/4 1674/4 1676/4
f 1670/4 1671/4 1666/4 1665/4
f 1671/4 1672/4 1667/4 1666/4
f 1672/4 1673/4 1668/4 1667/4
f 1673/4 1674/4 1669/4 1668/4
f 1674/4 1670/4 1665/4 1669/4
f 2003/4 2004/4 2013/4
f 2009/4 2008/4 2014/4
f 2004/4 2005/4 2013/4
f 2010/4 2009/4 2014/4
f 2005/4 2006/4 2013/4
f 2011/4 2010/4 2014/4
f 2006/4 2007/4 2013/4
f 2012/4 2011/4 2014/4
f 2007/4 2003/4 2013/4
f 2008/4 2012/4 2014/4
f 2008/4 2009/4 2004/4 2003/4
f 2009/4 2010/4 2005/4 2004/4
f 2010/4 2011/4 2006/4 2005/4
f 2011/4 2012/4 2007/4 2006/4
f 2012/4 2008/4 2003/4 2007/4
f 2139/4 2140/4 2149/4
f 2145/4 2144/4 2150/4
f 2140/4 2141/4 2149/4
f 2146/4 2145/4 2150/4
f 2141/4 2142/4 2149/4
f 2147/4 2146/4 2150/4
f 2142/4 2143/4 2149/4
f 2148/4 2147/4 2150/4
f 2143/4 2139/4 2149/4
f 2144/4 2148/4 2150/4
f 2144/4 2145/4 2140/4 2139/4
f 2145/4 2146/4 2141/4 2140/4
f 2146/4 2147/4 2142/4 2141/4
f 2147/4 2148/4 2143/4 2142/4
f 2148/4 2144/4 2139/4 2143/4
f 2269/4 2270/4 2279/4
f 2275/4 2274/4 2280/4
f 2270/4 2271/4 2279/4
f 2276/4 2275/4 2280/4
f 2271/4 2272/4 2279/4
f 2277/4 2276/4 2280/4
f 2272/4 2273/4 2279/4
f 2278/4 2277/4 2280/4
f 2273/4 2269/4 2279/4
f 2274/4 2278/4 2280/4
f 2274/4 2275/4 2270/4 2269/4
f 2275/4 2276/4 2271/4 2270/4
f 2276/4 2277/4 2272/4 2271/4
f 2277/4 2278/4 2273/4 2272/4
f 2278/4 2274/4 2269/4 2273/4
f 2405/4 2406/4 2415/4
f 2411/4 2410/4 2416/4
f 2406/4 2407/4 2415/4
f 2412/4 2411/4 2416/4
f 2407/4 2408/4 2415/4
f 2413/4 2412/4 2416/4
f 2408/4 2409/4 2415/4
f 2414/4 2413/4 2416/4
f 2409/4 2405/4 2415/4
f 2410/4 2414/4 2416/4
f 2410/4 2411/4 2406/4 2405/4
f 2411/4 2412/4 2407/4 2406/4
f 2412/4 2413/4 2408/4 2407/4
f 2413/4 2414/4 2409/4 2408/4
f 2414/4 2410/4 2405/4 2409/4
f 2535/4 2536/4 2545/4
f 2541/4 2540/4 2546/4
f 2536/4 2537/4 2545/4
f 2542/4 2541/4 2546/4
f 2537/4 2538/4 2545/4
f 2543/4 2542/4 2546/4
f 2538/4 2539/4 2545/4
f 2544/4 2543/4 2546/4
f 2539/4 2535/4 2545/4
f 2540/4 2544/4 2546/4
f 2540/4 2541/4 2536/4 2535/4
f 2541/4 2542/4 2537/4 2536/4
f 2542/4 2543/4 2538/4 2537/4
f 2543/4 2544/4 2539/4 2538/4
f 2544/4 2540/4 2535/4 2539/4
f 2707/4 2708/4 2717/4
f 2713/4 2712/4 2718/4
f 2708/4 2709/4 2717/4
f 2714/4 2713/4 2718/4
f 2709/4 2710/4 2717/4
f 2715/4 2714/4 2718/4
f 2710/4 2711/4 2717/4
f 2716/4 2715/4 2718/4
f 2711/4 2707/4 2717/4
f 2712/4 2716/4 2718/4
f 2712/4 2713/4 2708/4 2707/4
f 2713/4 2714/4 2709/4 2708/4
f 2714/4 2715/4 2710/4 2709/4
f 2715/4 2716/4 2711/4 2710/4
f 2716/4 2712/4 2707/4 2711/4
f 3003/4 3004/4 3013/4
f 3009/4 3008/4 3014/4
f 3004/4 3005/4 3013/4
f 3010/4 3009/4 3014/4
f 3005/4 3006/4 3013/4
f 3011/4 3010/4 3014/4
f 3006/4 3007/4 3013/4
f 3012/4 3011/4 3014/4
f 3007/4 3003/4 3013/4
f 3008/4 3012/4 3014/4
f 3008/4 3009/4 3004/4 3003/4
f 3009/4 3010/4 3005/4 3004/4
f 3010/4 3011/4 3006/4 3005/4
f 3011/4 3012/4 3007/4 3006/4
f 3012/4 3008/4 3003/4 3007/4
f 3091/4 3092/4 3098/4 3097/4
f 3103/4 3092/4 3091/4
f 3104/4 3097/4 3098/4
f 3092/4 3093/4 3099/4 3098/4
f 3103/4 3093/4 3092/4
f 3104/4 3098/4 3099/4
f 3093/4 3094/4 3100/4 3099/4
f 3103/4 3094/4 3093/4
f 3104/4 3099/4 3100/4
f 3094/4 3095/4 3101/4 3100/4
f 3103/4 3095/4 3094/4
f 3104/4 3100/4 3101/4
f 3095/4 3096/4 3102/4 3101/4
f 3103/4 3096/4 3095/4
f 3104/4 3101/4 3102/4
f 3096/4 3091/4 3097/4 3102/4
f 3103/4 3091/4 3096/4
f 3104/4 3102/4 3097/4
f 3105/4 3106/4 3112/4 3111/4
f 3117/4 3106/4 3105/4
f 3118/4 3111/4 3112/4
f 3106/4 3107/4 3113/4 3112/4
f 3117/4 3107/4 3106/4
f 3118/4 3112/4 3113/4
f 3107/4 3108/4 3114/4 3113/4
f 3117/4 3108/4 3107/4
f 3118/4 3113/4 3114/4
f 3108/4 3109/4 3115/4 3114/4
f 3117/4 3109/4 3108/4
f 3118/4 3114/4 3115/4
f 3109/4 3110/4 3116/4 3115/4
f 3117/4 3110/4 3109/4
f 3118/4 3115/4 3116/4
f 3110/4 3105/4 3111/4 3116/4
f 3117/4 3105/4 3110/4
f 3118/4 3116/4 3111/4
f 3119/4 3120/4 3126/4 3125/4
f 3131/4 3120/4 3119/4
f 3132/4 3125/4 3126/4
f 3120/4 3121/4 3127/4 3126/4
f 3131/4 3121/4 3120/4
f 3132/4 3126/4 3127/4
f 3121/4 3122/4 3128/4 3127/4
f 3131/4 3122/4 3121/4
f 3132/4 3127/4 3128/4
f 3122/4 3123/4 3129/4 3128/4
f 3131/4 3123/4 3122/4
f 3132/4 3128/4 3129/4
f 3123/4 3124/4 3130/4 3129/4
f 3131/4 3124/4 3123/4
f 3132/4 3129/4 3130/4
f 3124/4 3119/4 3125/4 3130/4
f 3131/4 3119/4 3124/4
f 3132/4 3130/4 3125/4
f 3133/4 3134/4 3140/4 3139/4
f 3145/4 3134/4 3133/4
f 3146/4 3139/4 3140/4
f 3134/4 3135/4 3141/4 3140/4
f 3145/4 3135/4 3134/4
f 3146/4 3140/4 3141/4
f 3135/4 3136/4 3142/4 3141/4
f 3145/4 3136/4 3135/4
f 3146/4 3141/4 3142/4
f 3136/4 3137/4 3143/4 3142/4
f 3145/4 3137/4 3136/4
f 3146/4 3142/4 3143/4
f 3137/4 3138/4 3144/4 3143/4
f 3145/4 3138/4 3137/4
f 3146/4 3143/4 3144/4
f 3138/4 3133/4 3139/4 3144/4
f 3145/4 3133/4 3138/4
f 3146/4 3144/4 3139/4
f 3147/4 3148/4 3154/4 3153/4
f 3159/4 3148/4 3147/4
f 3160/4 3153/4 3154/4
f 3148/4 3149/4 3155/4 3154/4
f 3159/4 3149/4 3148/4
f 3160/4 3154/4 3155/4
f 3149/4 3150/4 3156/4 3155/4
f 3159/4 3150/4 3149/4
f 3160/4 3155/4 3156/4
f 3150/4 3151/4 3157/4 3156/4
f 3159/4 3151/4 3150/4
f 3160/4 3156/4 3157/4
f 3151/4 3152/4 3158/4 3157/4
f 3159/4 3152/4 3151/4
f 3160/4 3157/4 3158/4
f 3152/4 3147/4 3153/4 3158/4
f 3159/4 3147/4 3152/4
f 3160/4 3158/4 3153/4
f 3161/4 3162/4 3168/4 3167/4
f 3173/4 3162/4 3161/4
f 3174/4 3167/4 3168/4
f 3162/4 3163/4 3169/4 3168/4
f 3173/4 3163/4 3162/4
f 3174/4 3168/4 3169/4
f 3163/4 3164/4 3170/4 3169/4
f 3173/4 3164/4 3163/4
f 3174/4 3169/4 3170/4
f 3164/4 3165/4 3171/4 3170/4
f 3173/4 3165/4 3164/4
f 3174/4 3170/4 3171/4
f 3165/4 3166/4 3172/4 3171/4
f 3173/4 3166/4 3165/4
f 3174/4 3171/4 3172/4
f 3166/4 3161/4 3167/4 3172/4
f 3173/4 3161/4 3166/4
f 3174/4 3172/4 3167/4
f 3233/4 3236/4 3235/4 3234/4
f 3237/4 3238/4 3239/4 3240/4
f 3233/4 3237/4 3240/4 3236/4
f 3234/4 3235/4 3239/4 3238/4
f 3233/4 3234/4 3238/4 3237/4
f 3236/4 3240/4 3239/4 3235/4
usemtl cream
f 3058/1 3060/1 3059/1 3057/1
f 3057/1 3059/1 3089/1
f 3060/1 3058/1 3090/1
f 3060/1 3062/1 3061/1 3059/1
f 3059/1 3061/1 3089/1
f 3062/1 3060/1 3090/1
f 3062/1 3064/1 3063/1 3061/1
f 3061/1 3063/1 3089/1
f 3064/1 3062/1 3090/1
f 3064/1 3066/1 3065/1 3063/1
f 3063/1 3065/1 3089/1
f 3066/1 3064/1 3090/1
f 3066/1 3068/1 3067/1 3065/1
f 3065/1 3067/1 3089/1
f 3068/1 3066/1 3090/1
f 3068/1 3070/1 3069/1 3067/1
f 3067/1 3069/1 3089/1
f 3070/1 3068/1 3090/1
f 3070/1 3072/1 3071/1 3069/1
f 3069/1 3071/1 3089/1
f 3072/1 3070/1 3090/1
f 3072/1 3074/1 3073/1 3071/1
f 3071/1 3073/1 3089/1
f 3074/1 3072/1 3090/1
f 3074/1 3076/1 3075/1 3073/1
f 3073/1 3075/1 3089/1
f 3076/1 3074/1 3090/1
f 3076/1 3078/1 3077/1 3075/1
f 3075/1 3077/1 3089/1
f 3078/1 3076/1 3090/1
f 3078/1 3080/1 3079/1 3077/1
f 3077/1 3079/1 3089/1
f 3080/1 3078/1 3090/1
f 3080/1 3082/1 3081/1 3079/1
f 3079/1 3081/1 3089/1
f 3082/1 3080/1 3090/1
f 3082/1 3084/1 3083/1 3081/1
f 3081/1 3083/1 3089/1
f 3084/1 3082/1 3090/1
f 3084/1 3086/1 3085/1 3083/1
f 3083/1 3085/1 3089/1
f 3086/1 3084/1 3090/1
f 3086/1 3088/1 3087/1 3085/1
f 3085/1 3087/1 3089/1
f 3088/1 3086/1 3090/1
f 3088/1 3058/1 3057/1 3087/1
f 3087/1 3057/1 3089/1
f 3058/1 3088/1 3090/1
f 3191/1 3192/1 3176/1 3175/1
f 3192/1 3193/1 3177/1 3176/1
f 3193/1 3194/1 3178/1 3177/1
f 3194/1 3195/1 3179/1 3178/1
f 3195/1 3196/1 3180/1 3179/1
f 3196/1 3197/1 3181/1 3180/1
f 3197/1 3198/1 3182/1 3181/1
f 3198/1 3199/1 3183/1 3182/1
f 3199/1 3200/1 3184/1 3183/1
f 3200/1 3201/1 3185/1 3184/1
f 3201/1 3202/1 3186/1 3185/1
f 3202/1 3203/1 3187/1 3186/1
f 3203/1 3204/1 3188/1 3187/1
f 3204/1 3205/1 3189/1 3188/1
f 3205/1 3206/1 3190/1 3189/1
f 3206/1 3191/1 3175/1 3190/1
usemtl wood
f 3227/5 3228/5 3224/5 3223/5
f 3223/5 3224/5 3231/5
f 3228/5 3227/5 3232/5
f 3228/5 3229/5 3225/5 3224/5
f 3224/5 3225/5 3231/5
f 3229/5 3228/5 3232/5
f 3229/5 3230/5 3226/5 3225/5
f 3225/5 3226/5 3231/5
f 3230/5 3229/5 3232/5
f 3230/5 3227/5 3223/5 3226/5
f 3226/5 3223/5 3231/5
f 3227/5 3230/5 3232/5
