# ParkParkBallPit — ParkPark original fairground mesh
mtllib ParkParkFairground.mtl
o ParkParkBallPit
v -6.90000 0.00000 -6.90000
v 6.90000 0.00000 -6.90000
v 6.90000 0.80000 -6.90000
v -6.90000 0.80000 -6.90000
v -6.90000 0.00000 6.90000
v 6.90000 0.00000 6.90000
v 6.90000 0.80000 6.90000
v -6.90000 0.80000 6.90000
v -6.00000 0.80000 -6.00000
v 6.00000 0.80000 -6.00000
v 6.00000 0.90000 -6.00000
v -6.00000 0.90000 -6.00000
v -6.00000 0.80000 6.00000
v 6.00000 0.80000 6.00000
v 6.00000 0.90000 6.00000
v -6.00000 0.90000 6.00000
v -6.50000 1.30000 -6.00000
v -6.50000 1.00611 -6.09549
v -6.50000 0.82447 -6.34549
v -6.50000 0.82447 -6.65451
v -6.50000 1.00611 -6.90451
v -6.50000 1.30000 -7.00000
v -6.50000 1.59389 -6.90451
v -6.50000 1.77553 -6.65451
v -6.50000 1.77553 -6.34549
v -6.50000 1.59389 -6.09549
v 6.50000 1.30000 -6.00000
v 6.50000 1.00611 -6.09549
v 6.50000 0.82447 -6.34549
v 6.50000 0.82447 -6.65451
v 6.50000 1.00611 -6.90451
v 6.50000 1.30000 -7.00000
v 6.50000 1.59389 -6.90451
v 6.50000 1.77553 -6.65451
v 6.50000 1.77553 -6.34549
v 6.50000 1.59389 -6.09549
v -6.50000 1.30000 -6.50000
v 6.50000 1.30000 -6.50000
v -7.00000 1.30000 -6.50000
v -6.90451 1.00611 -6.50000
v -6.65451 0.82447 -6.50000
v -6.34549 0.82447 -6.50000
v -6.09549 1.00611 -6.50000
v -6.00000 1.30000 -6.50000
v -6.09549 1.59389 -6.50000
v -6.34549 1.77553 -6.50000
v -6.65451 1.77553 -6.50000
v -6.90451 1.59389 -6.50000
v -7.00000 1.30000 6.50000
v -6.90451 1.00611 6.50000
v -6.65451 0.82447 6.50000
v -6.34549 0.82447 6.50000
v -6.09549 1.00611 6.50000
v -6.00000 1.30000 6.50000
v -6.09549 1.59389 6.50000
v -6.34549 1.77553 6.50000
v -6.65451 1.77553 6.50000
v -6.90451 1.59389 6.50000
v -6.50000 1.30000 -6.50000
v -6.50000 1.30000 6.50000
v 6.00000 1.30000 -6.50000
v 6.09549 1.00611 -6.50000
v 6.34549 0.82447 -6.50000
v 6.65451 0.82447 -6.50000
v 6.90451 1.00611 -6.50000
v 7.00000 1.30000 -6.50000
v 6.90451 1.59389 -6.50000
v 6.65451 1.77553 -6.50000
v 6.34549 1.77553 -6.50000
v 6.09549 1.59389 -6.50000
v 6.00000 1.30000 6.50000
v 6.09549 1.00611 6.50000
v 6.34549 0.82447 6.50000
v 6.65451 0.82447 6.50000
v 6.90451 1.00611 6.50000
v 7.00000 1.30000 6.50000
v 6.90451 1.59389 6.50000
v 6.65451 1.77553 6.50000
v 6.34549 1.77553 6.50000
v 6.09549 1.59389 6.50000
v 6.50000 1.30000 -6.50000
v 6.50000 1.30000 6.50000
v -6.50000 1.30000 7.00000
v -6.50000 1.00611 6.90451
v -6.50000 0.82447 6.65451
v -6.50000 0.82447 6.34549
v -6.50000 1.00611 6.09549
v -6.50000 1.30000 6.00000
v -6.50000 1.59389 6.09549
v -6.50000 1.77553 6.34549
v -6.50000 1.77553 6.65451
v -6.50000 1.59389 6.90451
v -2.40000 1.30000 7.00000
v -2.40000 1.00611 6.90451
v -2.40000 0.82447 6.65451
v -2.40000 0.82447 6.34549
v -2.40000 1.00611 6.09549
v -2.40000 1.30000 6.00000
v -2.40000 1.59389 6.09549
v -2.40000 1.77553 6.34549
v -2.40000 1.77553 6.65451
v -2.40000 1.59389 6.90451
v -6.50000 1.30000 6.50000
v -2.40000 1.30000 6.50000
v 2.40000 1.30000 7.00000
v 2.40000 1.00611 6.90451
v 2.40000 0.82447 6.65451
v 2.40000 0.82447 6.34549
v 2.40000 1.00611 6.09549
v 2.40000 1.30000 6.00000
v 2.40000 1.59389 6.09549
v 2.40000 1.77553 6.34549
v 2.40000 1.77553 6.65451
v 2.40000 1.59389 6.90451
v 6.50000 1.30000 7.00000
v 6.50000 1.00611 6.90451
v 6.50000 0.82447 6.65451
v 6.50000 0.82447 6.34549
v 6.50000 1.00611 6.09549
v 6.50000 1.30000 6.00000
v 6.50000 1.59389 6.09549
v 6.50000 1.77553 6.34549
v 6.50000 1.77553 6.65451
v 6.50000 1.59389 6.90451
v 2.40000 1.30000 6.50000
v 6.50000 1.30000 6.50000
v -6.50000 2.20000 -6.00000
v -6.50000 1.90611 -6.09549
v -6.50000 1.72447 -6.34549
v -6.50000 1.72447 -6.65451
v -6.50000 1.90611 -6.90451
v -6.50000 2.20000 -7.00000
v -6.50000 2.49389 -6.90451
v -6.50000 2.67553 -6.65451
v -6.50000 2.67553 -6.34549
v -6.50000 2.49389 -6.09549
v 6.50000 2.20000 -6.00000
v 6.50000 1.90611 -6.09549
v 6.50000 1.72447 -6.34549
v 6.50000 1.72447 -6.65451
v 6.50000 1.90611 -6.90451
v 6.50000 2.20000 -7.00000
v 6.50000 2.49389 -6.90451
v 6.50000 2.67553 -6.65451
v 6.50000 2.67553 -6.34549
v 6.50000 2.49389 -6.09549
v -6.50000 2.20000 -6.50000
v 6.50000 2.20000 -6.50000
v -7.00000 2.20000 -6.50000
v -6.90451 1.90611 -6.50000
v -6.65451 1.72447 -6.50000
v -6.34549 1.72447 -6.50000
v -6.09549 1.90611 -6.50000
v -6.00000 2.20000 -6.50000
v -6.09549 2.49389 -6.50000
v -6.34549 2.67553 -6.50000
v -6.65451 2.67553 -6.50000
v -6.90451 2.49389 -6.50000
v -7.00000 2.20000 6.50000
v -6.90451 1.90611 6.50000
v -6.65451 1.72447 6.50000
v -6.34549 1.72447 6.50000
v -6.09549 1.90611 6.50000
v -6.00000 2.20000 6.50000
v -6.09549 2.49389 6.50000
v -6.34549 2.67553 6.50000
v -6.65451 2.67553 6.50000
v -6.90451 2.49389 6.50000
v -6.50000 2.20000 -6.50000
v -6.50000 2.20000 6.50000
v 6.00000 2.20000 -6.50000
v 6.09549 1.90611 -6.50000
v 6.34549 1.72447 -6.50000
v 6.65451 1.72447 -6.50000
v 6.90451 1.90611 -6.50000
v 7.00000 2.20000 -6.50000
v 6.90451 2.49389 -6.50000
v 6.65451 2.67553 -6.50000
v 6.34549 2.67553 -6.50000
v 6.09549 2.49389 -6.50000
v 6.00000 2.20000 6.50000
v 6.09549 1.90611 6.50000
v 6.34549 1.72447 6.50000
v 6.65451 1.72447 6.50000
v 6.90451 1.90611 6.50000
v 7.00000 2.20000 6.50000
v 6.90451 2.49389 6.50000
v 6.65451 2.67553 6.50000
v 6.34549 2.67553 6.50000
v 6.09549 2.49389 6.50000
v 6.50000 2.20000 -6.50000
v 6.50000 2.20000 6.50000
v -6.50000 2.20000 7.00000
v -6.50000 1.90611 6.90451
v -6.50000 1.72447 6.65451
v -6.50000 1.72447 6.34549
v -6.50000 1.90611 6.09549
v -6.50000 2.20000 6.00000
v -6.50000 2.49389 6.09549
v -6.50000 2.67553 6.34549
v -6.50000 2.67553 6.65451
v -6.50000 2.49389 6.90451
v -2.40000 2.20000 7.00000
v -2.40000 1.90611 6.90451
v -2.40000 1.72447 6.65451
v -2.40000 1.72447 6.34549
v -2.40000 1.90611 6.09549
v -2.40000 2.20000 6.00000
v -2.40000 2.49389 6.09549
v -2.40000 2.67553 6.34549
v -2.40000 2.67553 6.65451
v -2.40000 2.49389 6.90451
v -6.50000 2.20000 6.50000
v -2.40000 2.20000 6.50000
v 2.40000 2.20000 7.00000
v 2.40000 1.90611 6.90451
v 2.40000 1.72447 6.65451
v 2.40000 1.72447 6.34549
v 2.40000 1.90611 6.09549
v 2.40000 2.20000 6.00000
v 2.40000 2.49389 6.09549
v 2.40000 2.67553 6.34549
v 2.40000 2.67553 6.65451
v 2.40000 2.49389 6.90451
v 6.50000 2.20000 7.00000
v 6.50000 1.90611 6.90451
v 6.50000 1.72447 6.65451
v 6.50000 1.72447 6.34549
v 6.50000 1.90611 6.09549
v 6.50000 2.20000 6.00000
v 6.50000 2.49389 6.09549
v 6.50000 2.67553 6.34549
v 6.50000 2.67553 6.65451
v 6.50000 2.49389 6.90451
v 2.40000 2.20000 6.50000
v 6.50000 2.20000 6.50000
v -5.06645 0.94645 -5.78000
v -5.24322 0.94645 -5.47381
v -5.59678 0.94645 -5.47381
v -5.77355 0.94645 -5.78000
v -5.59678 0.94645 -6.08619
v -5.24322 0.94645 -6.08619
v -4.92000 1.30000 -5.78000
v -5.17000 1.30000 -5.34699
v -5.67000 1.30000 -5.34699
v -5.92000 1.30000 -5.78000
v -5.67000 1.30000 -6.21301
v -5.17000 1.30000 -6.21301
v -5.06645 1.65355 -5.78000
v -5.24322 1.65355 -5.47381
v -5.59678 1.65355 -5.47381
v -5.77355 1.65355 -5.78000
v -5.59678 1.65355 -6.08619
v -5.24322 1.65355 -6.08619
v -5.42000 0.80000 -5.78000
v -5.42000 1.80000 -5.78000
v -5.42645 1.04645 -4.30000
v -5.60322 1.04645 -3.99381
v -5.95678 1.04645 -3.99381
v -6.13355 1.04645 -4.30000
v -5.95678 1.04645 -4.60619
v -5.60322 1.04645 -4.60619
v -5.28000 1.40000 -4.30000
v -5.53000 1.40000 -3.86699
v -6.03000 1.40000 -3.86699
v -6.28000 1.40000 -4.30000
v -6.03000 1.40000 -4.73301
v -5.53000 1.40000 -4.73301
v -5.42645 1.75355 -4.30000
v -5.60322 1.75355 -3.99381
v -5.95678 1.75355 -3.99381
v -6.13355 1.75355 -4.30000
v -5.95678 1.75355 -4.60619
v -5.60322 1.75355 -4.60619
v -5.78000 0.90000 -4.30000
v -5.78000 1.90000 -4.30000
v -5.24645 0.84645 -3.36000
v -5.42322 0.84645 -3.05381
v -5.77678 0.84645 -3.05381
v -5.95355 0.84645 -3.36000
v -5.77678 0.84645 -3.66619
v -5.42322 0.84645 -3.66619
v -5.10000 1.20000 -3.36000
v -5.35000 1.20000 -2.92699
v -5.85000 1.20000 -2.92699
v -6.10000 1.20000 -3.36000
v -5.85000 1.20000 -3.79301
v -5.35000 1.20000 -3.79301
v -5.24645 1.55355 -3.36000
v -5.42322 1.55355 -3.05381
v -5.77678 1.55355 -3.05381
v -5.95355 1.55355 -3.36000
v -5.77678 1.55355 -3.66619
v -5.42322 1.55355 -3.66619
v -5.60000 0.70000 -3.36000
v -5.60000 1.70000 -3.36000
v -5.06645 0.94645 -2.42000
v -5.24322 0.94645 -2.11381
v -5.59678 0.94645 -2.11381
v -5.77355 0.94645 -2.42000
v -5.59678 0.94645 -2.72619
v -5.24322 0.94645 -2.72619
v -4.92000 1.30000 -2.42000
v -5.17000 1.30000 -1.98699
v -5.67000 1.30000 -1.98699
v -5.92000 1.30000 -2.42000
v -5.67000 1.30000 -2.85301
v -5.17000 1.30000 -2.85301
v -5.06645 1.65355 -2.42000
v -5.24322 1.65355 -2.11381
v -5.59678 1.65355 -2.11381
v -5.77355 1.65355 -2.42000
v -5.59678 1.65355 -2.72619
v -5.24322 1.65355 -2.72619
v -5.42000 0.80000 -2.42000
v -5.42000 1.80000 -2.42000
v -5.42645 1.04645 -0.94000
v -5.60322 1.04645 -0.63381
v -5.95678 1.04645 -0.63381
v -6.13355 1.04645 -0.94000
v -5.95678 1.04645 -1.24619
v -5.60322 1.04645 -1.24619
v -5.28000 1.40000 -0.94000
v -5.53000 1.40000 -0.50699
v -6.03000 1.40000 -0.50699
v -6.28000 1.40000 -0.94000
v -6.03000 1.40000 -1.37301
v -5.53000 1.40000 -1.37301
v -5.42645 1.75355 -0.94000
v -5.60322 1.75355 -0.63381
v -5.95678 1.75355 -0.63381
v -6.13355 1.75355 -0.94000
v -5.95678 1.75355 -1.24619
v -5.60322 1.75355 -1.24619
v -5.78000 0.90000 -0.94000
v -5.78000 1.90000 -0.94000
v -5.24645 0.84645 0.00000
v -5.42322 0.84645 0.30619
v -5.77678 0.84645 0.30619
v -5.95355 0.84645 0.00000
v -5.77678 0.84645 -0.30619
v -5.42322 0.84645 -0.30619
v -5.10000 1.20000 0.00000
v -5.35000 1.20000 0.43301
v -5.85000 1.20000 0.43301
v -6.10000 1.20000 0.00000
v -5.85000 1.20000 -0.43301
v -5.35000 1.20000 -0.43301
v -5.24645 1.55355 0.00000
v -5.42322 1.55355 0.30619
v -5.77678 1.55355 0.30619
v -5.95355 1.55355 0.00000
v -5.77678 1.55355 -0.30619
v -5.42322 1.55355 -0.30619
v -5.60000 0.70000 0.00000
v -5.60000 1.70000 0.00000
v -5.06645 0.94645 0.94000
v -5.24322 0.94645 1.24619
v -5.59678 0.94645 1.24619
v -5.77355 0.94645 0.94000
v -5.59678 0.94645 0.63381
v -5.24322 0.94645 0.63381
v -4.92000 1.30000 0.94000
v -5.17000 1.30000 1.37301
v -5.67000 1.30000 1.37301
v -5.92000 1.30000 0.94000
v -5.67000 1.30000 0.50699
v -5.17000 1.30000 0.50699
v -5.06645 1.65355 0.94000
v -5.24322 1.65355 1.24619
v -5.59678 1.65355 1.24619
v -5.77355 1.65355 0.94000
v -5.59678 1.65355 0.63381
v -5.24322 1.65355 0.63381
v -5.42000 0.80000 0.94000
v -5.42000 1.80000 0.94000
v -5.42645 1.04645 2.42000
v -5.60322 1.04645 2.72619
v -5.95678 1.04645 2.72619
v -6.13355 1.04645 2.42000
v -5.95678 1.04645 2.11381
v -5.60322 1.04645 2.11381
v -5.28000 1.40000 2.42000
v -5.53000 1.40000 2.85301
v -6.03000 1.40000 2.85301
v -6.28000 1.40000 2.42000
v -6.03000 1.40000 1.98699
v -5.53000 1.40000 1.98699
v -5.42645 1.75355 2.42000
v -5.60322 1.75355 2.72619
v -5.95678 1.75355 2.72619
v -6.13355 1.75355 2.42000
v -5.95678 1.75355 2.11381
v -5.60322 1.75355 2.11381
v -5.78000 0.90000 2.42000
v -5.78000 1.90000 2.42000
v -5.24645 0.84645 3.36000
v -5.42322 0.84645 3.66619
v -5.77678 0.84645 3.66619
v -5.95355 0.84645 3.36000
v -5.77678 0.84645 3.05381
v -5.42322 0.84645 3.05381
v -5.10000 1.20000 3.36000
v -5.35000 1.20000 3.79301
v -5.85000 1.20000 3.79301
v -6.10000 1.20000 3.36000
v -5.85000 1.20000 2.92699
v -5.35000 1.20000 2.92699
v -5.24645 1.55355 3.36000
v -5.42322 1.55355 3.66619
v -5.77678 1.55355 3.66619
v -5.95355 1.55355 3.36000
v -5.77678 1.55355 3.05381
v -5.42322 1.55355 3.05381
v -5.60000 0.70000 3.36000
v -5.60000 1.70000 3.36000
v -5.06645 0.94645 4.30000
v -5.24322 0.94645 4.60619
v -5.59678 0.94645 4.60619
v -5.77355 0.94645 4.30000
v -5.59678 0.94645 3.99381
v -5.24322 0.94645 3.99381
v -4.92000 1.30000 4.30000
v -5.17000 1.30000 4.73301
v -5.67000 1.30000 4.73301
v -5.92000 1.30000 4.30000
v -5.67000 1.30000 3.86699
v -5.17000 1.30000 3.86699
v -5.06645 1.65355 4.30000
v -5.24322 1.65355 4.60619
v -5.59678 1.65355 4.60619
v -5.77355 1.65355 4.30000
v -5.59678 1.65355 3.99381
v -5.24322 1.65355 3.99381
v -5.42000 0.80000 4.30000
v -5.42000 1.80000 4.30000
v -5.42645 1.04645 5.78000
v -5.60322 1.04645 6.08619
v -5.95678 1.04645 6.08619
v -6.13355 1.04645 5.78000
v -5.95678 1.04645 5.47381
v -5.60322 1.04645 5.47381
v -5.28000 1.40000 5.78000
v -5.53000 1.40000 6.21301
v -6.03000 1.40000 6.21301
v -6.28000 1.40000 5.78000
v -6.03000 1.40000 5.34699
v -5.53000 1.40000 5.34699
v -5.42645 1.75355 5.78000
v -5.60322 1.75355 6.08619
v -5.95678 1.75355 6.08619
v -6.13355 1.75355 5.78000
v -5.95678 1.75355 5.47381
v -5.60322 1.75355 5.47381
v -5.78000 0.90000 5.78000
v -5.78000 1.90000 5.78000
v -4.30645 1.04645 -5.42000
v -4.48322 1.04645 -5.11381
v -4.83678 1.04645 -5.11381
v -5.01355 1.04645 -5.42000
v -4.83678 1.04645 -5.72619
v -4.48322 1.04645 -5.72619
v -4.16000 1.40000 -5.42000
v -4.41000 1.40000 -4.98699
v -4.91000 1.40000 -4.98699
v -5.16000 1.40000 -5.42000
v -4.91000 1.40000 -5.85301
v -4.41000 1.40000 -5.85301
v -4.30645 1.75355 -5.42000
v -4.48322 1.75355 -5.11381
v -4.83678 1.75355 -5.11381
v -5.01355 1.75355 -5.42000
v -4.83678 1.75355 -5.72619
v -4.48322 1.75355 -5.72619
v -4.66000 0.90000 -5.42000
v -4.66000 1.90000 -5.42000
v -4.12645 0.94645 -4.48000
v -4.30322 0.94645 -4.17381
v -4.65678 0.94645 -4.17381
v -4.83355 0.94645 -4.48000
v -4.65678 0.94645 -4.78619
v -4.30322 0.94645 -4.78619
v -3.98000 1.30000 -4.48000
v -4.23000 1.30000 -4.04699
v -4.73000 1.30000 -4.04699
v -4.98000 1.30000 -4.48000
v -4.73000 1.30000 -4.91301
v -4.23000 1.30000 -4.91301
v -4.12645 1.65355 -4.48000
v -4.30322 1.65355 -4.17381
v -4.65678 1.65355 -4.17381
v -4.83355 1.65355 -4.48000
v -4.65678 1.65355 -4.78619
v -4.30322 1.65355 -4.78619
v -4.48000 0.80000 -4.48000
v -4.48000 1.80000 -4.48000
v -3.94645 0.84645 -3.54000
v -4.12322 0.84645 -3.23381
v -4.47678 0.84645 -3.23381
v -4.65355 0.84645 -3.54000
v -4.47678 0.84645 -3.84619
v -4.12322 0.84645 -3.84619
v -3.80000 1.20000 -3.54000
v -4.05000 1.20000 -3.10699
v -4.55000 1.20000 -3.10699
v -4.80000 1.20000 -3.54000
v -4.55000 1.20000 -3.97301
v -4.05000 1.20000 -3.97301
v -3.94645 1.55355 -3.54000
v -4.12322 1.55355 -3.23381
v -4.47678 1.55355 -3.23381
v -4.65355 1.55355 -3.54000
v -4.47678 1.55355 -3.84619
v -4.12322 1.55355 -3.84619
v -4.30000 0.70000 -3.54000
v -4.30000 1.70000 -3.54000
v -4.30645 1.04645 -2.06000
v -4.48322 1.04645 -1.75381
v -4.83678 1.04645 -1.75381
v -5.01355 1.04645 -2.06000
v -4.83678 1.04645 -2.36619
v -4.48322 1.04645 -2.36619
v -4.16000 1.40000 -2.06000
v -4.41000 1.40000 -1.62699
v -4.91000 1.40000 -1.62699
v -5.16000 1.40000 -2.06000
v -4.91000 1.40000 -2.49301
v -4.41000 1.40000 -2.49301
v -4.30645 1.75355 -2.06000
v -4.48322 1.75355 -1.75381
v -4.83678 1.75355 -1.75381
v -5.01355 1.75355 -2.06000
v -4.83678 1.75355 -2.36619
v -4.48322 1.75355 -2.36619
v -4.66000 0.90000 -2.06000
v -4.66000 1.90000 -2.06000
v -4.12645 0.94645 -1.12000
v -4.30322 0.94645 -0.81381
v -4.65678 0.94645 -0.81381
v -4.83355 0.94645 -1.12000
v -4.65678 0.94645 -1.42619
v -4.30322 0.94645 -1.42619
v -3.98000 1.30000 -1.12000
v -4.23000 1.30000 -0.68699
v -4.73000 1.30000 -0.68699
v -4.98000 1.30000 -1.12000
v -4.73000 1.30000 -1.55301
v -4.23000 1.30000 -1.55301
v -4.12645 1.65355 -1.12000
v -4.30322 1.65355 -0.81381
v -4.65678 1.65355 -0.81381
v -4.83355 1.65355 -1.12000
v -4.65678 1.65355 -1.42619
v -4.30322 1.65355 -1.42619
v -4.48000 0.80000 -1.12000
v -4.48000 1.80000 -1.12000
v -3.94645 0.84645 -0.18000
v -4.12322 0.84645 0.12619
v -4.47678 0.84645 0.12619
v -4.65355 0.84645 -0.18000
v -4.47678 0.84645 -0.48619
v -4.12322 0.84645 -0.48619
v -3.80000 1.20000 -0.18000
v -4.05000 1.20000 0.25301
v -4.55000 1.20000 0.25301
v -4.80000 1.20000 -0.18000
v -4.55000 1.20000 -0.61301
v -4.05000 1.20000 -0.61301
v -3.94645 1.55355 -0.18000
v -4.12322 1.55355 0.12619
v -4.47678 1.55355 0.12619
v -4.65355 1.55355 -0.18000
v -4.47678 1.55355 -0.48619
v -4.12322 1.55355 -0.48619
v -4.30000 0.70000 -0.18000
v -4.30000 1.70000 -0.18000
v -4.30645 1.04645 1.30000
v -4.48322 1.04645 1.60619
v -4.83678 1.04645 1.60619
v -5.01355 1.04645 1.30000
v -4.83678 1.04645 0.99381
v -4.48322 1.04645 0.99381
v -4.16000 1.40000 1.30000
v -4.41000 1.40000 1.73301
v -4.91000 1.40000 1.73301
v -5.16000 1.40000 1.30000
v -4.91000 1.40000 0.86699
v -4.41000 1.40000 0.86699
v -4.30645 1.75355 1.30000
v -4.48322 1.75355 1.60619
v -4.83678 1.75355 1.60619
v -5.01355 1.75355 1.30000
v -4.83678 1.75355 0.99381
v -4.48322 1.75355 0.99381
v -4.66000 0.90000 1.30000
v -4.66000 1.90000 1.30000
v -4.12645 0.94645 2.24000
v -4.30322 0.94645 2.54619
v -4.65678 0.94645 2.54619
v -4.83355 0.94645 2.24000
v -4.65678 0.94645 1.93381
v -4.30322 0.94645 1.93381
v -3.98000 1.30000 2.24000
v -4.23000 1.30000 2.67301
v -4.73000 1.30000 2.67301
v -4.98000 1.30000 2.24000
v -4.73000 1.30000 1.80699
v -4.23000 1.30000 1.80699
v -4.12645 1.65355 2.24000
v -4.30322 1.65355 2.54619
v -4.65678 1.65355 2.54619
v -4.83355 1.65355 2.24000
v -4.65678 1.65355 1.93381
v -4.30322 1.65355 1.93381
v -4.48000 0.80000 2.24000
v -4.48000 1.80000 2.24000
v -3.94645 0.84645 3.18000
v -4.12322 0.84645 3.48619
v -4.47678 0.84645 3.48619
v -4.65355 0.84645 3.18000
v -4.47678 0.84645 2.87381
v -4.12322 0.84645 2.87381
v -3.80000 1.20000 3.18000
v -4.05000 1.20000 3.61301
v -4.55000 1.20000 3.61301
v -4.80000 1.20000 3.18000
v -4.55000 1.20000 2.74699
v -4.05000 1.20000 2.74699
v -3.94645 1.55355 3.18000
v -4.12322 1.55355 3.48619
v -4.47678 1.55355 3.48619
v -4.65355 1.55355 3.18000
v -4.47678 1.55355 2.87381
v -4.12322 1.55355 2.87381
v -4.30000 0.70000 3.18000
v -4.30000 1.70000 3.18000
v -4.30645 1.04645 4.66000
v -4.48322 1.04645 4.96619
v -4.83678 1.04645 4.96619
v -5.01355 1.04645 4.66000
v -4.83678 1.04645 4.35381
v -4.48322 1.04645 4.35381
v -4.16000 1.40000 4.66000
v -4.41000 1.40000 5.09301
v -4.91000 1.40000 5.09301
v -5.16000 1.40000 4.66000
v -4.91000 1.40000 4.22699
v -4.41000 1.40000 4.22699
v -4.30645 1.75355 4.66000
v -4.48322 1.75355 4.96619
v -4.83678 1.75355 4.96619
v -5.01355 1.75355 4.66000
v -4.83678 1.75355 4.35381
v -4.48322 1.75355 4.35381
v -4.66000 0.90000 4.66000
v -4.66000 1.90000 4.66000
v -4.12645 0.94645 5.60000
v -4.30322 0.94645 5.90619
v -4.65678 0.94645 5.90619
v -4.83355 0.94645 5.60000
v -4.65678 0.94645 5.29381
v -4.30322 0.94645 5.29381
v -3.98000 1.30000 5.60000
v -4.23000 1.30000 6.03301
v -4.73000 1.30000 6.03301
v -4.98000 1.30000 5.60000
v -4.73000 1.30000 5.16699
v -4.23000 1.30000 5.16699
v -4.12645 1.65355 5.60000
v -4.30322 1.65355 5.90619
v -4.65678 1.65355 5.90619
v -4.83355 1.65355 5.60000
v -4.65678 1.65355 5.29381
v -4.30322 1.65355 5.29381
v -4.48000 0.80000 5.60000
v -4.48000 1.80000 5.60000
v -1.70645 0.94645 -5.78000
v -1.88322 0.94645 -5.47381
v -2.23678 0.94645 -5.47381
v -2.41355 0.94645 -5.78000
v -2.23678 0.94645 -6.08619
v -1.88322 0.94645 -6.08619
v -1.56000 1.30000 -5.78000
v -1.81000 1.30000 -5.34699
v -2.31000 1.30000 -5.34699
v -2.56000 1.30000 -5.78000
v -2.31000 1.30000 -6.21301
v -1.81000 1.30000 -6.21301
v -1.70645 1.65355 -5.78000
v -1.88322 1.65355 -5.47381
v -2.23678 1.65355 -5.47381
v -2.41355 1.65355 -5.78000
v -2.23678 1.65355 -6.08619
v -1.88322 1.65355 -6.08619
v -2.06000 0.80000 -5.78000
v -2.06000 1.80000 -5.78000
v -2.06645 1.04645 -4.30000
v -2.24322 1.04645 -3.99381
v -2.59678 1.04645 -3.99381
v -2.77355 1.04645 -4.30000
v -2.59678 1.04645 -4.60619
v -2.24322 1.04645 -4.60619
v -1.92000 1.40000 -4.30000
v -2.17000 1.40000 -3.86699
v -2.67000 1.40000 -3.86699
v -2.92000 1.40000 -4.30000
v -2.67000 1.40000 -4.73301
v -2.17000 1.40000 -4.73301
v -2.06645 1.75355 -4.30000
v -2.24322 1.75355 -3.99381
v -2.59678 1.75355 -3.99381
v -2.77355 1.75355 -4.30000
v -2.59678 1.75355 -4.60619
v -2.24322 1.75355 -4.60619
v -2.42000 0.90000 -4.30000
v -2.42000 1.90000 -4.30000
v -1.88645 0.84645 -3.36000
v -2.06322 0.84645 -3.05381
v -2.41678 0.84645 -3.05381
v -2.59355 0.84645 -3.36000
v -2.41678 0.84645 -3.66619
v -2.06322 0.84645 -3.66619
v -1.74000 1.20000 -3.36000
v -1.99000 1.20000 -2.92699
v -2.49000 1.20000 -2.92699
v -2.74000 1.20000 -3.36000
v -2.49000 1.20000 -3.79301
v -1.99000 1.20000 -3.79301
v -1.88645 1.55355 -3.36000
v -2.06322 1.55355 -3.05381
v -2.41678 1.55355 -3.05381
v -2.59355 1.55355 -3.36000
v -2.41678 1.55355 -3.66619
v -2.06322 1.55355 -3.66619
v -2.24000 0.70000 -3.36000
v -2.24000 1.70000 -3.36000
v -1.70645 0.94645 -2.42000
v -1.88322 0.94645 -2.11381
v -2.23678 0.94645 -2.11381
v -2.41355 0.94645 -2.42000
v -2.23678 0.94645 -2.72619
v -1.88322 0.94645 -2.72619
v -1.56000 1.30000 -2.42000
v -1.81000 1.30000 -1.98699
v -2.31000 1.30000 -1.98699
v -2.56000 1.30000 -2.42000
v -2.31000 1.30000 -2.85301
v -1.81000 1.30000 -2.85301
v -1.70645 1.65355 -2.42000
v -1.88322 1.65355 -2.11381
v -2.23678 1.65355 -2.11381
v -2.41355 1.65355 -2.42000
v -2.23678 1.65355 -2.72619
v -1.88322 1.65355 -2.72619
v -2.06000 0.80000 -2.42000
v -2.06000 1.80000 -2.42000
v -2.06645 1.04645 -0.94000
v -2.24322 1.04645 -0.63381
v -2.59678 1.04645 -0.63381
v -2.77355 1.04645 -0.94000
v -2.59678 1.04645 -1.24619
v -2.24322 1.04645 -1.24619
v -1.92000 1.40000 -0.94000
v -2.17000 1.40000 -0.50699
v -2.67000 1.40000 -0.50699
v -2.92000 1.40000 -0.94000
v -2.67000 1.40000 -1.37301
v -2.17000 1.40000 -1.37301
v -2.06645 1.75355 -0.94000
v -2.24322 1.75355 -0.63381
v -2.59678 1.75355 -0.63381
v -2.77355 1.75355 -0.94000
v -2.59678 1.75355 -1.24619
v -2.24322 1.75355 -1.24619
v -2.42000 0.90000 -0.94000
v -2.42000 1.90000 -0.94000
v -1.88645 0.84645 0.00000
v -2.06322 0.84645 0.30619
v -2.41678 0.84645 0.30619
v -2.59355 0.84645 0.00000
v -2.41678 0.84645 -0.30619
v -2.06322 0.84645 -0.30619
v -1.74000 1.20000 0.00000
v -1.99000 1.20000 0.43301
v -2.49000 1.20000 0.43301
v -2.74000 1.20000 0.00000
v -2.49000 1.20000 -0.43301
v -1.99000 1.20000 -0.43301
v -1.88645 1.55355 0.00000
v -2.06322 1.55355 0.30619
v -2.41678 1.55355 0.30619
v -2.59355 1.55355 0.00000
v -2.41678 1.55355 -0.30619
v -2.06322 1.55355 -0.30619
v -2.24000 0.70000 0.00000
v -2.24000 1.70000 0.00000
v -1.70645 0.94645 0.94000
v -1.88322 0.94645 1.24619
v -2.23678 0.94645 1.24619
v -2.41355 0.94645 0.94000
v -2.23678 0.94645 0.63381
v -1.88322 0.94645 0.63381
v -1.56000 1.30000 0.94000
v -1.81000 1.30000 1.37301
v -2.31000 1.30000 1.37301
v -2.56000 1.30000 0.94000
v -2.31000 1.30000 0.50699
v -1.81000 1.30000 0.50699
v -1.70645 1.65355 0.94000
v -1.88322 1.65355 1.24619
v -2.23678 1.65355 1.24619
v -2.41355 1.65355 0.94000
v -2.23678 1.65355 0.63381
v -1.88322 1.65355 0.63381
v -2.06000 0.80000 0.94000
v -2.06000 1.80000 0.94000
v -2.06645 1.04645 2.42000
v -2.24322 1.04645 2.72619
v -2.59678 1.04645 2.72619
v -2.77355 1.04645 2.42000
v -2.59678 1.04645 2.11381
v -2.24322 1.04645 2.11381
v -1.92000 1.40000 2.42000
v -2.17000 1.40000 2.85301
v -2.67000 1.40000 2.85301
v -2.92000 1.40000 2.42000
v -2.67000 1.40000 1.98699
v -2.17000 1.40000 1.98699
v -2.06645 1.75355 2.42000
v -2.24322 1.75355 2.72619
v -2.59678 1.75355 2.72619
v -2.77355 1.75355 2.42000
v -2.59678 1.75355 2.11381
v -2.24322 1.75355 2.11381
v -2.42000 0.90000 2.42000
v -2.42000 1.90000 2.42000
v -1.88645 0.84645 3.36000
v -2.06322 0.84645 3.66619
v -2.41678 0.84645 3.66619
v -2.59355 0.84645 3.36000
v -2.41678 0.84645 3.05381
v -2.06322 0.84645 3.05381
v -1.74000 1.20000 3.36000
v -1.99000 1.20000 3.79301
v -2.49000 1.20000 3.79301
v -2.74000 1.20000 3.36000
v -2.49000 1.20000 2.92699
v -1.99000 1.20000 2.92699
v -1.88645 1.55355 3.36000
v -2.06322 1.55355 3.66619
v -2.41678 1.55355 3.66619
v -2.59355 1.55355 3.36000
v -2.41678 1.55355 3.05381
v -2.06322 1.55355 3.05381
v -2.24000 0.70000 3.36000
v -2.24000 1.70000 3.36000
v -1.70645 0.94645 4.30000
v -1.88322 0.94645 4.60619
v -2.23678 0.94645 4.60619
v -2.41355 0.94645 4.30000
v -2.23678 0.94645 3.99381
v -1.88322 0.94645 3.99381
v -1.56000 1.30000 4.30000
v -1.81000 1.30000 4.73301
v -2.31000 1.30000 4.73301
v -2.56000 1.30000 4.30000
v -2.31000 1.30000 3.86699
v -1.81000 1.30000 3.86699
v -1.70645 1.65355 4.30000
v -1.88322 1.65355 4.60619
v -2.23678 1.65355 4.60619
v -2.41355 1.65355 4.30000
v -2.23678 1.65355 3.99381
v -1.88322 1.65355 3.99381
v -2.06000 0.80000 4.30000
v -2.06000 1.80000 4.30000
v -2.06645 1.04645 5.78000
v -2.24322 1.04645 6.08619
v -2.59678 1.04645 6.08619
v -2.77355 1.04645 5.78000
v -2.59678 1.04645 5.47381
v -2.24322 1.04645 5.47381
v -1.92000 1.40000 5.78000
v -2.17000 1.40000 6.21301
v -2.67000 1.40000 6.21301
v -2.92000 1.40000 5.78000
v -2.67000 1.40000 5.34699
v -2.17000 1.40000 5.34699
v -2.06645 1.75355 5.78000
v -2.24322 1.75355 6.08619
v -2.59678 1.75355 6.08619
v -2.77355 1.75355 5.78000
v -2.59678 1.75355 5.47381
v -2.24322 1.75355 5.47381
v -2.42000 0.90000 5.78000
v -2.42000 1.90000 5.78000
v -0.94645 1.04645 -5.42000
v -1.12322 1.04645 -5.11381
v -1.47678 1.04645 -5.11381
v -1.65355 1.04645 -5.42000
v -1.47678 1.04645 -5.72619
v -1.12322 1.04645 -5.72619
v -0.80000 1.40000 -5.42000
v -1.05000 1.40000 -4.98699
v -1.55000 1.40000 -4.98699
v -1.80000 1.40000 -5.42000
v -1.55000 1.40000 -5.85301
v -1.05000 1.40000 -5.85301
v -0.94645 1.75355 -5.42000
v -1.12322 1.75355 -5.11381
v -1.47678 1.75355 -5.11381
v -1.65355 1.75355 -5.42000
v -1.47678 1.75355 -5.72619
v -1.12322 1.75355 -5.72619
v -1.30000 0.90000 -5.42000
v -1.30000 1.90000 -5.42000
v -0.76645 0.94645 -4.48000
v -0.94322 0.94645 -4.17381
v -1.29678 0.94645 -4.17381
v -1.47355 0.94645 -4.48000
v -1.29678 0.94645 -4.78619
v -0.94322 0.94645 -4.78619
v -0.62000 1.30000 -4.48000
v -0.87000 1.30000 -4.04699
v -1.37000 1.30000 -4.04699
v -1.62000 1.30000 -4.48000
v -1.37000 1.30000 -4.91301
v -0.87000 1.30000 -4.91301
v -0.76645 1.65355 -4.48000
v -0.94322 1.65355 -4.17381
v -1.29678 1.65355 -4.17381
v -1.47355 1.65355 -4.48000
v -1.29678 1.65355 -4.78619
v -0.94322 1.65355 -4.78619
v -1.12000 0.80000 -4.48000
v -1.12000 1.80000 -4.48000
v -0.58645 0.84645 -3.54000
v -0.76322 0.84645 -3.23381
v -1.11678 0.84645 -3.23381
v -1.29355 0.84645 -3.54000
v -1.11678 0.84645 -3.84619
v -0.76322 0.84645 -3.84619
v -0.44000 1.20000 -3.54000
v -0.69000 1.20000 -3.10699
v -1.19000 1.20000 -3.10699
v -1.44000 1.20000 -3.54000
v -1.19000 1.20000 -3.97301
v -0.69000 1.20000 -3.97301
v -0.58645 1.55355 -3.54000
v -0.76322 1.55355 -3.23381
v -1.11678 1.55355 -3.23381
v -1.29355 1.55355 -3.54000
v -1.11678 1.55355 -3.84619
v -0.76322 1.55355 -3.84619
v -0.94000 0.70000 -3.54000
v -0.94000 1.70000 -3.54000
v -0.94645 1.04645 -2.06000
v -1.12322 1.04645 -1.75381
v -1.47678 1.04645 -1.75381
v -1.65355 1.04645 -2.06000
v -1.47678 1.04645 -2.36619
v -1.12322 1.04645 -2.36619
v -0.80000 1.40000 -2.06000
v -1.05000 1.40000 -1.62699
v -1.55000 1.40000 -1.62699
v -1.80000 1.40000 -2.06000
v -1.55000 1.40000 -2.49301
v -1.05000 1.40000 -2.49301
v -0.94645 1.75355 -2.06000
v -1.12322 1.75355 -1.75381
v -1.47678 1.75355 -1.75381
v -1.65355 1.75355 -2.06000
v -1.47678 1.75355 -2.36619
v -1.12322 1.75355 -2.36619
v -1.30000 0.90000 -2.06000
v -1.30000 1.90000 -2.06000
v -0.76645 0.94645 -1.12000
v -0.94322 0.94645 -0.81381
v -1.29678 0.94645 -0.81381
v -1.47355 0.94645 -1.12000
v -1.29678 0.94645 -1.42619
v -0.94322 0.94645 -1.42619
v -0.62000 1.30000 -1.12000
v -0.87000 1.30000 -0.68699
v -1.37000 1.30000 -0.68699
v -1.62000 1.30000 -1.12000
v -1.37000 1.30000 -1.55301
v -0.87000 1.30000 -1.55301
v -0.76645 1.65355 -1.12000
v -0.94322 1.65355 -0.81381
v -1.29678 1.65355 -0.81381
v -1.47355 1.65355 -1.12000
v -1.29678 1.65355 -1.42619
v -0.94322 1.65355 -1.42619
v -1.12000 0.80000 -1.12000
v -1.12000 1.80000 -1.12000
v -0.58645 0.84645 -0.18000
v -0.76322 0.84645 0.12619
v -1.11678 0.84645 0.12619
v -1.29355 0.84645 -0.18000
v -1.11678 0.84645 -0.48619
v -0.76322 0.84645 -0.48619
v -0.44000 1.20000 -0.18000
v -0.69000 1.20000 0.25301
v -1.19000 1.20000 0.25301
v -1.44000 1.20000 -0.18000
v -1.19000 1.20000 -0.61301
v -0.69000 1.20000 -0.61301
v -0.58645 1.55355 -0.18000
v -0.76322 1.55355 0.12619
v -1.11678 1.55355 0.12619
v -1.29355 1.55355 -0.18000
v -1.11678 1.55355 -0.48619
v -0.76322 1.55355 -0.48619
v -0.94000 0.70000 -0.18000
v -0.94000 1.70000 -0.18000
v -0.94645 1.04645 1.30000
v -1.12322 1.04645 1.60619
v -1.47678 1.04645 1.60619
v -1.65355 1.04645 1.30000
v -1.47678 1.04645 0.99381
v -1.12322 1.04645 0.99381
v -0.80000 1.40000 1.30000
v -1.05000 1.40000 1.73301
v -1.55000 1.40000 1.73301
v -1.80000 1.40000 1.30000
v -1.55000 1.40000 0.86699
v -1.05000 1.40000 0.86699
v -0.94645 1.75355 1.30000
v -1.12322 1.75355 1.60619
v -1.47678 1.75355 1.60619
v -1.65355 1.75355 1.30000
v -1.47678 1.75355 0.99381
v -1.12322 1.75355 0.99381
v -1.30000 0.90000 1.30000
v -1.30000 1.90000 1.30000
v -0.76645 0.94645 2.24000
v -0.94322 0.94645 2.54619
v -1.29678 0.94645 2.54619
v -1.47355 0.94645 2.24000
v -1.29678 0.94645 1.93381
v -0.94322 0.94645 1.93381
v -0.62000 1.30000 2.24000
v -0.87000 1.30000 2.67301
v -1.37000 1.30000 2.67301
v -1.62000 1.30000 2.24000
v -1.37000 1.30000 1.80699
v -0.87000 1.30000 1.80699
v -0.76645 1.65355 2.24000
v -0.94322 1.65355 2.54619
v -1.29678 1.65355 2.54619
v -1.47355 1.65355 2.24000
v -1.29678 1.65355 1.93381
v -0.94322 1.65355 1.93381
v -1.12000 0.80000 2.24000
v -1.12000 1.80000 2.24000
v -0.58645 0.84645 3.18000
v -0.76322 0.84645 3.48619
v -1.11678 0.84645 3.48619
v -1.29355 0.84645 3.18000
v -1.11678 0.84645 2.87381
v -0.76322 0.84645 2.87381
v -0.44000 1.20000 3.18000
v -0.69000 1.20000 3.61301
v -1.19000 1.20000 3.61301
v -1.44000 1.20000 3.18000
v -1.19000 1.20000 2.74699
v -0.69000 1.20000 2.74699
v -0.58645 1.55355 3.18000
v -0.76322 1.55355 3.48619
v -1.11678 1.55355 3.48619
v -1.29355 1.55355 3.18000
v -1.11678 1.55355 2.87381
v -0.76322 1.55355 2.87381
v -0.94000 0.70000 3.18000
v -0.94000 1.70000 3.18000
v -0.94645 1.04645 4.66000
v -1.12322 1.04645 4.96619
v -1.47678 1.04645 4.96619
v -1.65355 1.04645 4.66000
v -1.47678 1.04645 4.35381
v -1.12322 1.04645 4.35381
v -0.80000 1.40000 4.66000
v -1.05000 1.40000 5.09301
v -1.55000 1.40000 5.09301
v -1.80000 1.40000 4.66000
v -1.55000 1.40000 4.22699
v -1.05000 1.40000 4.22699
v -0.94645 1.75355 4.66000
v -1.12322 1.75355 4.96619
v -1.47678 1.75355 4.96619
v -1.65355 1.75355 4.66000
v -1.47678 1.75355 4.35381
v -1.12322 1.75355 4.35381
v -1.30000 0.90000 4.66000
v -1.30000 1.90000 4.66000
v -0.76645 0.94645 5.60000
v -0.94322 0.94645 5.90619
v -1.29678 0.94645 5.90619
v -1.47355 0.94645 5.60000
v -1.29678 0.94645 5.29381
v -0.94322 0.94645 5.29381
v -0.62000 1.30000 5.60000
v -0.87000 1.30000 6.03301
v -1.37000 1.30000 6.03301
v -1.62000 1.30000 5.60000
v -1.37000 1.30000 5.16699
v -0.87000 1.30000 5.16699
v -0.76645 1.65355 5.60000
v -0.94322 1.65355 5.90619
v -1.29678 1.65355 5.90619
v -1.47355 1.65355 5.60000
v -1.29678 1.65355 5.29381
v -0.94322 1.65355 5.29381
v -1.12000 0.80000 5.60000
v -1.12000 1.80000 5.60000
v 1.65355 0.94645 -5.78000
v 1.47678 0.94645 -5.47381
v 1.12322 0.94645 -5.47381
v 0.94645 0.94645 -5.78000
v 1.12322 0.94645 -6.08619
v 1.47678 0.94645 -6.08619
v 1.80000 1.30000 -5.78000
v 1.55000 1.30000 -5.34699
v 1.05000 1.30000 -5.34699
v 0.80000 1.30000 -5.78000
v 1.05000 1.30000 -6.21301
v 1.55000 1.30000 -6.21301
v 1.65355 1.65355 -5.78000
v 1.47678 1.65355 -5.47381
v 1.12322 1.65355 -5.47381
v 0.94645 1.65355 -5.78000
v 1.12322 1.65355 -6.08619
v 1.47678 1.65355 -6.08619
v 1.30000 0.80000 -5.78000
v 1.30000 1.80000 -5.78000
v 1.29355 1.04645 -4.30000
v 1.11678 1.04645 -3.99381
v 0.76322 1.04645 -3.99381
v 0.58645 1.04645 -4.30000
v 0.76322 1.04645 -4.60619
v 1.11678 1.04645 -4.60619
v 1.44000 1.40000 -4.30000
v 1.19000 1.40000 -3.86699
v 0.69000 1.40000 -3.86699
v 0.44000 1.40000 -4.30000
v 0.69000 1.40000 -4.73301
v 1.19000 1.40000 -4.73301
v 1.29355 1.75355 -4.30000
v 1.11678 1.75355 -3.99381
v 0.76322 1.75355 -3.99381
v 0.58645 1.75355 -4.30000
v 0.76322 1.75355 -4.60619
v 1.11678 1.75355 -4.60619
v 0.94000 0.90000 -4.30000
v 0.94000 1.90000 -4.30000
v 1.47355 0.84645 -3.36000
v 1.29678 0.84645 -3.05381
v 0.94322 0.84645 -3.05381
v 0.76645 0.84645 -3.36000
v 0.94322 0.84645 -3.66619
v 1.29678 0.84645 -3.66619
v 1.62000 1.20000 -3.36000
v 1.37000 1.20000 -2.92699
v 0.87000 1.20000 -2.92699
v 0.62000 1.20000 -3.36000
v 0.87000 1.20000 -3.79301
v 1.37000 1.20000 -3.79301
v 1.47355 1.55355 -3.36000
v 1.29678 1.55355 -3.05381
v 0.94322 1.55355 -3.05381
v 0.76645 1.55355 -3.36000
v 0.94322 1.55355 -3.66619
v 1.29678 1.55355 -3.66619
v 1.12000 0.70000 -3.36000
v 1.12000 1.70000 -3.36000
v 1.65355 0.94645 -2.42000
v 1.47678 0.94645 -2.11381
v 1.12322 0.94645 -2.11381
v 0.94645 0.94645 -2.42000
v 1.12322 0.94645 -2.72619
v 1.47678 0.94645 -2.72619
v 1.80000 1.30000 -2.42000
v 1.55000 1.30000 -1.98699
v 1.05000 1.30000 -1.98699
v 0.80000 1.30000 -2.42000
v 1.05000 1.30000 -2.85301
v 1.55000 1.30000 -2.85301
v 1.65355 1.65355 -2.42000
v 1.47678 1.65355 -2.11381
v 1.12322 1.65355 -2.11381
v 0.94645 1.65355 -2.42000
v 1.12322 1.65355 -2.72619
v 1.47678 1.65355 -2.72619
v 1.30000 0.80000 -2.42000
v 1.30000 1.80000 -2.42000
v 1.29355 1.04645 -0.94000
v 1.11678 1.04645 -0.63381
v 0.76322 1.04645 -0.63381
v 0.58645 1.04645 -0.94000
v 0.76322 1.04645 -1.24619
v 1.11678 1.04645 -1.24619
v 1.44000 1.40000 -0.94000
v 1.19000 1.40000 -0.50699
v 0.69000 1.40000 -0.50699
v 0.44000 1.40000 -0.94000
v 0.69000 1.40000 -1.37301
v 1.19000 1.40000 -1.37301
v 1.29355 1.75355 -0.94000
v 1.11678 1.75355 -0.63381
v 0.76322 1.75355 -0.63381
v 0.58645 1.75355 -0.94000
v 0.76322 1.75355 -1.24619
v 1.11678 1.75355 -1.24619
v 0.94000 0.90000 -0.94000
v 0.94000 1.90000 -0.94000
v 1.47355 0.84645 0.00000
v 1.29678 0.84645 0.30619
v 0.94322 0.84645 0.30619
v 0.76645 0.84645 0.00000
v 0.94322 0.84645 -0.30619
v 1.29678 0.84645 -0.30619
v 1.62000 1.20000 0.00000
v 1.37000 1.20000 0.43301
v 0.87000 1.20000 0.43301
v 0.62000 1.20000 0.00000
v 0.87000 1.20000 -0.43301
v 1.37000 1.20000 -0.43301
v 1.47355 1.55355 0.00000
v 1.29678 1.55355 0.30619
v 0.94322 1.55355 0.30619
v 0.76645 1.55355 0.00000
v 0.94322 1.55355 -0.30619
v 1.29678 1.55355 -0.30619
v 1.12000 0.70000 0.00000
v 1.12000 1.70000 0.00000
v 1.65355 0.94645 0.94000
v 1.47678 0.94645 1.24619
v 1.12322 0.94645 1.24619
v 0.94645 0.94645 0.94000
v 1.12322 0.94645 0.63381
v 1.47678 0.94645 0.63381
v 1.80000 1.30000 0.94000
v 1.55000 1.30000 1.37301
v 1.05000 1.30000 1.37301
v 0.80000 1.30000 0.94000
v 1.05000 1.30000 0.50699
v 1.55000 1.30000 0.50699
v 1.65355 1.65355 0.94000
v 1.47678 1.65355 1.24619
v 1.12322 1.65355 1.24619
v 0.94645 1.65355 0.94000
v 1.12322 1.65355 0.63381
v 1.47678 1.65355 0.63381
v 1.30000 0.80000 0.94000
v 1.30000 1.80000 0.94000
v 1.29355 1.04645 2.42000
v 1.11678 1.04645 2.72619
v 0.76322 1.04645 2.72619
v 0.58645 1.04645 2.42000
v 0.76322 1.04645 2.11381
v 1.11678 1.04645 2.11381
v 1.44000 1.40000 2.42000
v 1.19000 1.40000 2.85301
v 0.69000 1.40000 2.85301
v 0.44000 1.40000 2.42000
v 0.69000 1.40000 1.98699
v 1.19000 1.40000 1.98699
v 1.29355 1.75355 2.42000
v 1.11678 1.75355 2.72619
v 0.76322 1.75355 2.72619
v 0.58645 1.75355 2.42000
v 0.76322 1.75355 2.11381
v 1.11678 1.75355 2.11381
v 0.94000 0.90000 2.42000
v 0.94000 1.90000 2.42000
v 1.47355 0.84645 3.36000
v 1.29678 0.84645 3.66619
v 0.94322 0.84645 3.66619
v 0.76645 0.84645 3.36000
v 0.94322 0.84645 3.05381
v 1.29678 0.84645 3.05381
v 1.62000 1.20000 3.36000
v 1.37000 1.20000 3.79301
v 0.87000 1.20000 3.79301
v 0.62000 1.20000 3.36000
v 0.87000 1.20000 2.92699
v 1.37000 1.20000 2.92699
v 1.47355 1.55355 3.36000
v 1.29678 1.55355 3.66619
v 0.94322 1.55355 3.66619
v 0.76645 1.55355 3.36000
v 0.94322 1.55355 3.05381
v 1.29678 1.55355 3.05381
v 1.12000 0.70000 3.36000
v 1.12000 1.70000 3.36000
v 1.65355 0.94645 4.30000
v 1.47678 0.94645 4.60619
v 1.12322 0.94645 4.60619
v 0.94645 0.94645 4.30000
v 1.12322 0.94645 3.99381
v 1.47678 0.94645 3.99381
v 1.80000 1.30000 4.30000
v 1.55000 1.30000 4.73301
v 1.05000 1.30000 4.73301
v 0.80000 1.30000 4.30000
v 1.05000 1.30000 3.86699
v 1.55000 1.30000 3.86699
v 1.65355 1.65355 4.30000
v 1.47678 1.65355 4.60619
v 1.12322 1.65355 4.60619
v 0.94645 1.65355 4.30000
v 1.12322 1.65355 3.99381
v 1.47678 1.65355 3.99381
v 1.30000 0.80000 4.30000
v 1.30000 1.80000 4.30000
v 1.29355 1.04645 5.78000
v 1.11678 1.04645 6.08619
v 0.76322 1.04645 6.08619
v 0.58645 1.04645 5.78000
v 0.76322 1.04645 5.47381
v 1.11678 1.04645 5.47381
v 1.44000 1.40000 5.78000
v 1.19000 1.40000 6.21301
v 0.69000 1.40000 6.21301
v 0.44000 1.40000 5.78000
v 0.69000 1.40000 5.34699
v 1.19000 1.40000 5.34699
v 1.29355 1.75355 5.78000
v 1.11678 1.75355 6.08619
v 0.76322 1.75355 6.08619
v 0.58645 1.75355 5.78000
v 0.76322 1.75355 5.47381
v 1.11678 1.75355 5.47381
v 0.94000 0.90000 5.78000
v 0.94000 1.90000 5.78000
v 2.41355 1.04645 -5.42000
v 2.23678 1.04645 -5.11381
v 1.88322 1.04645 -5.11381
v 1.70645 1.04645 -5.42000
v 1.88322 1.04645 -5.72619
v 2.23678 1.04645 -5.72619
v 2.56000 1.40000 -5.42000
v 2.31000 1.40000 -4.98699
v 1.81000 1.40000 -4.98699
v 1.56000 1.40000 -5.42000
v 1.81000 1.40000 -5.85301
v 2.31000 1.40000 -5.85301
v 2.41355 1.75355 -5.42000
v 2.23678 1.75355 -5.11381
v 1.88322 1.75355 -5.11381
v 1.70645 1.75355 -5.42000
v 1.88322 1.75355 -5.72619
v 2.23678 1.75355 -5.72619
v 2.06000 0.90000 -5.42000
v 2.06000 1.90000 -5.42000
v 2.59355 0.94645 -4.48000
v 2.41678 0.94645 -4.17381
v 2.06322 0.94645 -4.17381
v 1.88645 0.94645 -4.48000
v 2.06322 0.94645 -4.78619
v 2.41678 0.94645 -4.78619
v 2.74000 1.30000 -4.48000
v 2.49000 1.30000 -4.04699
v 1.99000 1.30000 -4.04699
v 1.74000 1.30000 -4.48000
v 1.99000 1.30000 -4.91301
v 2.49000 1.30000 -4.91301
v 2.59355 1.65355 -4.48000
v 2.41678 1.65355 -4.17381
v 2.06322 1.65355 -4.17381
v 1.88645 1.65355 -4.48000
v 2.06322 1.65355 -4.78619
v 2.41678 1.65355 -4.78619
v 2.24000 0.80000 -4.48000
v 2.24000 1.80000 -4.48000
v 2.77355 0.84645 -3.54000
v 2.59678 0.84645 -3.23381
v 2.24322 0.84645 -3.23381
v 2.06645 0.84645 -3.54000
v 2.24322 0.84645 -3.84619
v 2.59678 0.84645 -3.84619
v 2.92000 1.20000 -3.54000
v 2.67000 1.20000 -3.10699
v 2.17000 1.20000 -3.10699
v 1.92000 1.20000 -3.54000
v 2.17000 1.20000 -3.97301
v 2.67000 1.20000 -3.97301
v 2.77355 1.55355 -3.54000
v 2.59678 1.55355 -3.23381
v 2.24322 1.55355 -3.23381
v 2.06645 1.55355 -3.54000
v 2.24322 1.55355 -3.84619
v 2.59678 1.55355 -3.84619
v 2.42000 0.70000 -3.54000
v 2.42000 1.70000 -3.54000
v 2.41355 1.04645 -2.06000
v 2.23678 1.04645 -1.75381
v 1.88322 1.04645 -1.75381
v 1.70645 1.04645 -2.06000
v 1.88322 1.04645 -2.36619
v 2.23678 1.04645 -2.36619
v 2.56000 1.40000 -2.06000
v 2.31000 1.40000 -1.62699
v 1.81000 1.40000 -1.62699
v 1.56000 1.40000 -2.06000
v 1.81000 1.40000 -2.49301
v 2.31000 1.40000 -2.49301
v 2.41355 1.75355 -2.06000
v 2.23678 1.75355 -1.75381
v 1.88322 1.75355 -1.75381
v 1.70645 1.75355 -2.06000
v 1.88322 1.75355 -2.36619
v 2.23678 1.75355 -2.36619
v 2.06000 0.90000 -2.06000
v 2.06000 1.90000 -2.06000
v 2.59355 0.94645 -1.12000
v 2.41678 0.94645 -0.81381
v 2.06322 0.94645 -0.81381
v 1.88645 0.94645 -1.12000
v 2.06322 0.94645 -1.42619
v 2.41678 0.94645 -1.42619
v 2.74000 1.30000 -1.12000
v 2.49000 1.30000 -0.68699
v 1.99000 1.30000 -0.68699
v 1.74000 1.30000 -1.12000
v 1.99000 1.30000 -1.55301
v 2.49000 1.30000 -1.55301
v 2.59355 1.65355 -1.12000
v 2.41678 1.65355 -0.81381
v 2.06322 1.65355 -0.81381
v 1.88645 1.65355 -1.12000
v 2.06322 1.65355 -1.42619
v 2.41678 1.65355 -1.42619
v 2.24000 0.80000 -1.12000
v 2.24000 1.80000 -1.12000
v 2.77355 0.84645 -0.18000
v 2.59678 0.84645 0.12619
v 2.24322 0.84645 0.12619
v 2.06645 0.84645 -0.18000
v 2.24322 0.84645 -0.48619
v 2.59678 0.84645 -0.48619
v 2.92000 1.20000 -0.18000
v 2.67000 1.20000 0.25301
v 2.17000 1.20000 0.25301
v 1.92000 1.20000 -0.18000
v 2.17000 1.20000 -0.61301
v 2.67000 1.20000 -0.61301
v 2.77355 1.55355 -0.18000
v 2.59678 1.55355 0.12619
v 2.24322 1.55355 0.12619
v 2.06645 1.55355 -0.18000
v 2.24322 1.55355 -0.48619
v 2.59678 1.55355 -0.48619
v 2.42000 0.70000 -0.18000
v 2.42000 1.70000 -0.18000
v 2.41355 1.04645 1.30000
v 2.23678 1.04645 1.60619
v 1.88322 1.04645 1.60619
v 1.70645 1.04645 1.30000
v 1.88322 1.04645 0.99381
v 2.23678 1.04645 0.99381
v 2.56000 1.40000 1.30000
v 2.31000 1.40000 1.73301
v 1.81000 1.40000 1.73301
v 1.56000 1.40000 1.30000
v 1.81000 1.40000 0.86699
v 2.31000 1.40000 0.86699
v 2.41355 1.75355 1.30000
v 2.23678 1.75355 1.60619
v 1.88322 1.75355 1.60619
v 1.70645 1.75355 1.30000
v 1.88322 1.75355 0.99381
v 2.23678 1.75355 0.99381
v 2.06000 0.90000 1.30000
v 2.06000 1.90000 1.30000
v 2.59355 0.94645 2.24000
v 2.41678 0.94645 2.54619
v 2.06322 0.94645 2.54619
v 1.88645 0.94645 2.24000
v 2.06322 0.94645 1.93381
v 2.41678 0.94645 1.93381
v 2.74000 1.30000 2.24000
v 2.49000 1.30000 2.67301
v 1.99000 1.30000 2.67301
v 1.74000 1.30000 2.24000
v 1.99000 1.30000 1.80699
v 2.49000 1.30000 1.80699
v 2.59355 1.65355 2.24000
v 2.41678 1.65355 2.54619
v 2.06322 1.65355 2.54619
v 1.88645 1.65355 2.24000
v 2.06322 1.65355 1.93381
v 2.41678 1.65355 1.93381
v 2.24000 0.80000 2.24000
v 2.24000 1.80000 2.24000
v 2.77355 0.84645 3.18000
v 2.59678 0.84645 3.48619
v 2.24322 0.84645 3.48619
v 2.06645 0.84645 3.18000
v 2.24322 0.84645 2.87381
v 2.59678 0.84645 2.87381
v 2.92000 1.20000 3.18000
v 2.67000 1.20000 3.61301
v 2.17000 1.20000 3.61301
v 1.92000 1.20000 3.18000
v 2.17000 1.20000 2.74699
v 2.67000 1.20000 2.74699
v 2.77355 1.55355 3.18000
v 2.59678 1.55355 3.48619
v 2.24322 1.55355 3.48619
v 2.06645 1.55355 3.18000
v 2.24322 1.55355 2.87381
v 2.59678 1.55355 2.87381
v 2.42000 0.70000 3.18000
v 2.42000 1.70000 3.18000
v 2.41355 1.04645 4.66000
v 2.23678 1.04645 4.96619
v 1.88322 1.04645 4.96619
v 1.70645 1.04645 4.66000
v 1.88322 1.04645 4.35381
v 2.23678 1.04645 4.35381
v 2.56000 1.40000 4.66000
v 2.31000 1.40000 5.09301
v 1.81000 1.40000 5.09301
v 1.56000 1.40000 4.66000
v 1.81000 1.40000 4.22699
v 2.31000 1.40000 4.22699
v 2.41355 1.75355 4.66000
v 2.23678 1.75355 4.96619
v 1.88322 1.75355 4.96619
v 1.70645 1.75355 4.66000
v 1.88322 1.75355 4.35381
v 2.23678 1.75355 4.35381
v 2.06000 0.90000 4.66000
v 2.06000 1.90000 4.66000
v 2.59355 0.94645 5.60000
v 2.41678 0.94645 5.90619
v 2.06322 0.94645 5.90619
v 1.88645 0.94645 5.60000
v 2.06322 0.94645 5.29381
v 2.41678 0.94645 5.29381
v 2.74000 1.30000 5.60000
v 2.49000 1.30000 6.03301
v 1.99000 1.30000 6.03301
v 1.74000 1.30000 5.60000
v 1.99000 1.30000 5.16699
v 2.49000 1.30000 5.16699
v 2.59355 1.65355 5.60000
v 2.41678 1.65355 5.90619
v 2.06322 1.65355 5.90619
v 1.88645 1.65355 5.60000
v 2.06322 1.65355 5.29381
v 2.41678 1.65355 5.29381
v 2.24000 0.80000 5.60000
v 2.24000 1.80000 5.60000
v 5.01355 0.94645 -5.78000
v 4.83678 0.94645 -5.47381
v 4.48322 0.94645 -5.47381
v 4.30645 0.94645 -5.78000
v 4.48322 0.94645 -6.08619
v 4.83678 0.94645 -6.08619
v 5.16000 1.30000 -5.78000
v 4.91000 1.30000 -5.34699
v 4.41000 1.30000 -5.34699
v 4.16000 1.30000 -5.78000
v 4.41000 1.30000 -6.21301
v 4.91000 1.30000 -6.21301
v 5.01355 1.65355 -5.78000
v 4.83678 1.65355 -5.47381
v 4.48322 1.65355 -5.47381
v 4.30645 1.65355 -5.78000
v 4.48322 1.65355 -6.08619
v 4.83678 1.65355 -6.08619
v 4.66000 0.80000 -5.78000
v 4.66000 1.80000 -5.78000
v 4.65355 1.04645 -4.30000
v 4.47678 1.04645 -3.99381
v 4.12322 1.04645 -3.99381
v 3.94645 1.04645 -4.30000
v 4.12322 1.04645 -4.60619
v 4.47678 1.04645 -4.60619
v 4.80000 1.40000 -4.30000
v 4.55000 1.40000 -3.86699
v 4.05000 1.40000 -3.86699
v 3.80000 1.40000 -4.30000
v 4.05000 1.40000 -4.73301
v 4.55000 1.40000 -4.73301
v 4.65355 1.75355 -4.30000
v 4.47678 1.75355 -3.99381
v 4.12322 1.75355 -3.99381
v 3.94645 1.75355 -4.30000
v 4.12322 1.75355 -4.60619
v 4.47678 1.75355 -4.60619
v 4.30000 0.90000 -4.30000
v 4.30000 1.90000 -4.30000
v 4.83355 0.84645 -3.36000
v 4.65678 0.84645 -3.05381
v 4.30322 0.84645 -3.05381
v 4.12645 0.84645 -3.36000
v 4.30322 0.84645 -3.66619
v 4.65678 0.84645 -3.66619
v 4.98000 1.20000 -3.36000
v 4.73000 1.20000 -2.92699
v 4.23000 1.20000 -2.92699
v 3.98000 1.20000 -3.36000
v 4.23000 1.20000 -3.79301
v 4.73000 1.20000 -3.79301
v 4.83355 1.55355 -3.36000
v 4.65678 1.55355 -3.05381
v 4.30322 1.55355 -3.05381
v 4.12645 1.55355 -3.36000
v 4.30322 1.55355 -3.66619
v 4.65678 1.55355 -3.66619
v 4.48000 0.70000 -3.36000
v 4.48000 1.70000 -3.36000
v 5.01355 0.94645 -2.42000
v 4.83678 0.94645 -2.11381
v 4.48322 0.94645 -2.11381
v 4.30645 0.94645 -2.42000
v 4.48322 0.94645 -2.72619
v 4.83678 0.94645 -2.72619
v 5.16000 1.30000 -2.42000
v 4.91000 1.30000 -1.98699
v 4.41000 1.30000 -1.98699
v 4.16000 1.30000 -2.42000
v 4.41000 1.30000 -2.85301
v 4.91000 1.30000 -2.85301
v 5.01355 1.65355 -2.42000
v 4.83678 1.65355 -2.11381
v 4.48322 1.65355 -2.11381
v 4.30645 1.65355 -2.42000
v 4.48322 1.65355 -2.72619
v 4.83678 1.65355 -2.72619
v 4.66000 0.80000 -2.42000
v 4.66000 1.80000 -2.42000
v 4.65355 1.04645 -0.94000
v 4.47678 1.04645 -0.63381
v 4.12322 1.04645 -0.63381
v 3.94645 1.04645 -0.94000
v 4.12322 1.04645 -1.24619
v 4.47678 1.04645 -1.24619
v 4.80000 1.40000 -0.94000
v 4.55000 1.40000 -0.50699
v 4.05000 1.40000 -0.50699
v 3.80000 1.40000 -0.94000
v 4.05000 1.40000 -1.37301
v 4.55000 1.40000 -1.37301
v 4.65355 1.75355 -0.94000
v 4.47678 1.75355 -0.63381
v 4.12322 1.75355 -0.63381
v 3.94645 1.75355 -0.94000
v 4.12322 1.75355 -1.24619
v 4.47678 1.75355 -1.24619
v 4.30000 0.90000 -0.94000
v 4.30000 1.90000 -0.94000
v 4.83355 0.84645 0.00000
v 4.65678 0.84645 0.30619
v 4.30322 0.84645 0.30619
v 4.12645 0.84645 0.00000
v 4.30322 0.84645 -0.30619
v 4.65678 0.84645 -0.30619
v 4.98000 1.20000 0.00000
v 4.73000 1.20000 0.43301
v 4.23000 1.20000 0.43301
v 3.98000 1.20000 0.00000
v 4.23000 1.20000 -0.43301
v 4.73000 1.20000 -0.43301
v 4.83355 1.55355 0.00000
v 4.65678 1.55355 0.30619
v 4.30322 1.55355 0.30619
v 4.12645 1.55355 0.00000
v 4.30322 1.55355 -0.30619
v 4.65678 1.55355 -0.30619
v 4.48000 0.70000 0.00000
v 4.48000 1.70000 0.00000
v 5.01355 0.94645 0.94000
v 4.83678 0.94645 1.24619
v 4.48322 0.94645 1.24619
v 4.30645 0.94645 0.94000
v 4.48322 0.94645 0.63381
v 4.83678 0.94645 0.63381
v 5.16000 1.30000 0.94000
v 4.91000 1.30000 1.37301
v 4.41000 1.30000 1.37301
v 4.16000 1.30000 0.94000
v 4.41000 1.30000 0.50699
v 4.91000 1.30000 0.50699
v 5.01355 1.65355 0.94000
v 4.83678 1.65355 1.24619
v 4.48322 1.65355 1.24619
v 4.30645 1.65355 0.94000
v 4.48322 1.65355 0.63381
v 4.83678 1.65355 0.63381
v 4.66000 0.80000 0.94000
v 4.66000 1.80000 0.94000
v 4.65355 1.04645 2.42000
v 4.47678 1.04645 2.72619
v 4.12322 1.04645 2.72619
v 3.94645 1.04645 2.42000
v 4.12322 1.04645 2.11381
v 4.47678 1.04645 2.11381
v 4.80000 1.40000 2.42000
v 4.55000 1.40000 2.85301
v 4.05000 1.40000 2.85301
v 3.80000 1.40000 2.42000
v 4.05000 1.40000 1.98699
v 4.55000 1.40000 1.98699
v 4.65355 1.75355 2.42000
v 4.47678 1.75355 2.72619
v 4.12322 1.75355 2.72619
v 3.94645 1.75355 2.42000
v 4.12322 1.75355 2.11381
v 4.47678 1.75355 2.11381
v 4.30000 0.90000 2.42000
v 4.30000 1.90000 2.42000
v 4.83355 0.84645 3.36000
v 4.65678 0.84645 3.66619
v 4.30322 0.84645 3.66619
v 4.12645 0.84645 3.36000
v 4.30322 0.84645 3.05381
v 4.65678 0.84645 3.05381
v 4.98000 1.20000 3.36000
v 4.73000 1.20000 3.79301
v 4.23000 1.20000 3.79301
v 3.98000 1.20000 3.36000
v 4.23000 1.20000 2.92699
v 4.73000 1.20000 2.92699
v 4.83355 1.55355 3.36000
v 4.65678 1.55355 3.66619
v 4.30322 1.55355 3.66619
v 4.12645 1.55355 3.36000
v 4.30322 1.55355 3.05381
v 4.65678 1.55355 3.05381
v 4.48000 0.70000 3.36000
v 4.48000 1.70000 3.36000
v 5.01355 0.94645 4.30000
v 4.83678 0.94645 4.60619
v 4.48322 0.94645 4.60619
v 4.30645 0.94645 4.30000
v 4.48322 0.94645 3.99381
v 4.83678 0.94645 3.99381
v 5.16000 1.30000 4.30000
v 4.91000 1.30000 4.73301
v 4.41000 1.30000 4.73301
v 4.16000 1.30000 4.30000
v 4.41000 1.30000 3.86699
v 4.91000 1.30000 3.86699
v 5.01355 1.65355 4.30000
v 4.83678 1.65355 4.60619
v 4.48322 1.65355 4.60619
v 4.30645 1.65355 4.30000
v 4.48322 1.65355 3.99381
v 4.83678 1.65355 3.99381
v 4.66000 0.80000 4.30000
v 4.66000 1.80000 4.30000
v 4.65355 1.04645 5.78000
v 4.47678 1.04645 6.08619
v 4.12322 1.04645 6.08619
v 3.94645 1.04645 5.78000
v 4.12322 1.04645 5.47381
v 4.47678 1.04645 5.47381
v 4.80000 1.40000 5.78000
v 4.55000 1.40000 6.21301
v 4.05000 1.40000 6.21301
v 3.80000 1.40000 5.78000
v 4.05000 1.40000 5.34699
v 4.55000 1.40000 5.34699
v 4.65355 1.75355 5.78000
v 4.47678 1.75355 6.08619
v 4.12322 1.75355 6.08619
v 3.94645 1.75355 5.78000
v 4.12322 1.75355 5.47381
v 4.47678 1.75355 5.47381
v 4.30000 0.90000 5.78000
v 4.30000 1.90000 5.78000
v 5.77355 1.04645 -5.42000
v 5.59678 1.04645 -5.11381
v 5.24322 1.04645 -5.11381
v 5.06645 1.04645 -5.42000
v 5.24322 1.04645 -5.72619
v 5.59678 1.04645 -5.72619
v 5.92000 1.40000 -5.42000
v 5.67000 1.40000 -4.98699
v 5.17000 1.40000 -4.98699
v 4.92000 1.40000 -5.42000
v 5.17000 1.40000 -5.85301
v 5.67000 1.40000 -5.85301
v 5.77355 1.75355 -5.42000
v 5.59678 1.75355 -5.11381
v 5.24322 1.75355 -5.11381
v 5.06645 1.75355 -5.42000
v 5.24322 1.75355 -5.72619
v 5.59678 1.75355 -5.72619
v 5.42000 0.90000 -5.42000
v 5.42000 1.90000 -5.42000
v 5.95355 0.94645 -4.48000
v 5.77678 0.94645 -4.17381
v 5.42322 0.94645 -4.17381
v 5.24645 0.94645 -4.48000
v 5.42322 0.94645 -4.78619
v 5.77678 0.94645 -4.78619
v 6.10000 1.30000 -4.48000
v 5.85000 1.30000 -4.04699
v 5.35000 1.30000 -4.04699
v 5.10000 1.30000 -4.48000
v 5.35000 1.30000 -4.91301
v 5.85000 1.30000 -4.91301
v 5.95355 1.65355 -4.48000
v 5.77678 1.65355 -4.17381
v 5.42322 1.65355 -4.17381
v 5.24645 1.65355 -4.48000
v 5.42322 1.65355 -4.78619
v 5.77678 1.65355 -4.78619
v 5.60000 0.80000 -4.48000
v 5.60000 1.80000 -4.48000
v 6.13355 0.84645 -3.54000
v 5.95678 0.84645 -3.23381
v 5.60322 0.84645 -3.23381
v 5.42645 0.84645 -3.54000
v 5.60322 0.84645 -3.84619
v 5.95678 0.84645 -3.84619
v 6.28000 1.20000 -3.54000
v 6.03000 1.20000 -3.10699
v 5.53000 1.20000 -3.10699
v 5.28000 1.20000 -3.54000
v 5.53000 1.20000 -3.97301
v 6.03000 1.20000 -3.97301
v 6.13355 1.55355 -3.54000
v 5.95678 1.55355 -3.23381
v 5.60322 1.55355 -3.23381
v 5.42645 1.55355 -3.54000
v 5.60322 1.55355 -3.84619
v 5.95678 1.55355 -3.84619
v 5.78000 0.70000 -3.54000
v 5.78000 1.70000 -3.54000
v 5.77355 1.04645 -2.06000
v 5.59678 1.04645 -1.75381
v 5.24322 1.04645 -1.75381
v 5.06645 1.04645 -2.06000
v 5.24322 1.04645 -2.36619
v 5.59678 1.04645 -2.36619
v 5.92000 1.40000 -2.06000
v 5.67000 1.40000 -1.62699
v 5.17000 1.40000 -1.62699
v 4.92000 1.40000 -2.06000
v 5.17000 1.40000 -2.49301
v 5.67000 1.40000 -2.49301
v 5.77355 1.75355 -2.06000
v 5.59678 1.75355 -1.75381
v 5.24322 1.75355 -1.75381
v 5.06645 1.75355 -2.06000
v 5.24322 1.75355 -2.36619
v 5.59678 1.75355 -2.36619
v 5.42000 0.90000 -2.06000
v 5.42000 1.90000 -2.06000
v 5.95355 0.94645 -1.12000
v 5.77678 0.94645 -0.81381
v 5.42322 0.94645 -0.81381
v 5.24645 0.94645 -1.12000
v 5.42322 0.94645 -1.42619
v 5.77678 0.94645 -1.42619
v 6.10000 1.30000 -1.12000
v 5.85000 1.30000 -0.68699
v 5.35000 1.30000 -0.68699
v 5.10000 1.30000 -1.12000
v 5.35000 1.30000 -1.55301
v 5.85000 1.30000 -1.55301
v 5.95355 1.65355 -1.12000
v 5.77678 1.65355 -0.81381
v 5.42322 1.65355 -0.81381
v 5.24645 1.65355 -1.12000
v 5.42322 1.65355 -1.42619
v 5.77678 1.65355 -1.42619
v 5.60000 0.80000 -1.12000
v 5.60000 1.80000 -1.12000
v 6.13355 0.84645 -0.18000
v 5.95678 0.84645 0.12619
v 5.60322 0.84645 0.12619
v 5.42645 0.84645 -0.18000
v 5.60322 0.84645 -0.48619
v 5.95678 0.84645 -0.48619
v 6.28000 1.20000 -0.18000
v 6.03000 1.20000 0.25301
v 5.53000 1.20000 0.25301
v 5.28000 1.20000 -0.18000
v 5.53000 1.20000 -0.61301
v 6.03000 1.20000 -0.61301
v 6.13355 1.55355 -0.18000
v 5.95678 1.55355 0.12619
v 5.60322 1.55355 0.12619
v 5.42645 1.55355 -0.18000
v 5.60322 1.55355 -0.48619
v 5.95678 1.55355 -0.48619
v 5.78000 0.70000 -0.18000
v 5.78000 1.70000 -0.18000
v 5.77355 1.04645 1.30000
v 5.59678 1.04645 1.60619
v 5.24322 1.04645 1.60619
v 5.06645 1.04645 1.30000
v 5.24322 1.04645 0.99381
v 5.59678 1.04645 0.99381
v 5.92000 1.40000 1.30000
v 5.67000 1.40000 1.73301
v 5.17000 1.40000 1.73301
v 4.92000 1.40000 1.30000
v 5.17000 1.40000 0.86699
v 5.67000 1.40000 0.86699
v 5.77355 1.75355 1.30000
v 5.59678 1.75355 1.60619
v 5.24322 1.75355 1.60619
v 5.06645 1.75355 1.30000
v 5.24322 1.75355 0.99381
v 5.59678 1.75355 0.99381
v 5.42000 0.90000 1.30000
v 5.42000 1.90000 1.30000
v 5.95355 0.94645 2.24000
v 5.77678 0.94645 2.54619
v 5.42322 0.94645 2.54619
v 5.24645 0.94645 2.24000
v 5.42322 0.94645 1.93381
v 5.77678 0.94645 1.93381
v 6.10000 1.30000 2.24000
v 5.85000 1.30000 2.67301
v 5.35000 1.30000 2.67301
v 5.10000 1.30000 2.24000
v 5.35000 1.30000 1.80699
v 5.85000 1.30000 1.80699
v 5.95355 1.65355 2.24000
v 5.77678 1.65355 2.54619
v 5.42322 1.65355 2.54619
v 5.24645 1.65355 2.24000
v 5.42322 1.65355 1.93381
v 5.77678 1.65355 1.93381
v 5.60000 0.80000 2.24000
v 5.60000 1.80000 2.24000
v 6.13355 0.84645 3.18000
v 5.95678 0.84645 3.48619
v 5.60322 0.84645 3.48619
v 5.42645 0.84645 3.18000
v 5.60322 0.84645 2.87381
v 5.95678 0.84645 2.87381
v 6.28000 1.20000 3.18000
v 6.03000 1.20000 3.61301
v 5.53000 1.20000 3.61301
v 5.28000 1.20000 3.18000
v 5.53000 1.20000 2.74699
v 6.03000 1.20000 2.74699
v 6.13355 1.55355 3.18000
v 5.95678 1.55355 3.48619
v 5.60322 1.55355 3.48619
v 5.42645 1.55355 3.18000
v 5.60322 1.55355 2.87381
v 5.95678 1.55355 2.87381
v 5.78000 0.70000 3.18000
v 5.78000 1.70000 3.18000
v 5.77355 1.04645 4.66000
v 5.59678 1.04645 4.96619
v 5.24322 1.04645 4.96619
v 5.06645 1.04645 4.66000
v 5.24322 1.04645 4.35381
v 5.59678 1.04645 4.35381
v 5.92000 1.40000 4.66000
v 5.67000 1.40000 5.09301
v 5.17000 1.40000 5.09301
v 4.92000 1.40000 4.66000
v 5.17000 1.40000 4.22699
v 5.67000 1.40000 4.22699
v 5.77355 1.75355 4.66000
v 5.59678 1.75355 4.96619
v 5.24322 1.75355 4.96619
v 5.06645 1.75355 4.66000
v 5.24322 1.75355 4.35381
v 5.59678 1.75355 4.35381
v 5.42000 0.90000 4.66000
v 5.42000 1.90000 4.66000
v 5.95355 0.94645 5.60000
v 5.77678 0.94645 5.90619
v 5.42322 0.94645 5.90619
v 5.24645 0.94645 5.60000
v 5.42322 0.94645 5.29381
v 5.77678 0.94645 5.29381
v 6.10000 1.30000 5.60000
v 5.85000 1.30000 6.03301
v 5.35000 1.30000 6.03301
v 5.10000 1.30000 5.60000
v 5.35000 1.30000 5.16699
v 5.85000 1.30000 5.16699
v 5.95355 1.65355 5.60000
v 5.77678 1.65355 5.90619
v 5.42322 1.65355 5.90619
v 5.24645 1.65355 5.60000
v 5.42322 1.65355 5.29381
v 5.77678 1.65355 5.29381
v 5.60000 0.80000 5.60000
v 5.60000 1.80000 5.60000
v -6.15000 0.80000 -6.50000
v -6.15000 4.40000 -6.50000
v -6.25251 0.80000 -6.25251
v -6.25251 4.40000 -6.25251
v -6.50000 0.80000 -6.15000
v -6.50000 4.40000 -6.15000
v -6.74749 0.80000 -6.25251
v -6.74749 4.40000 -6.25251
v -6.85000 0.80000 -6.50000
v -6.85000 4.40000 -6.50000
v -6.74749 0.80000 -6.74749
v -6.74749 4.40000 -6.74749
v -6.50000 0.80000 -6.85000
v -6.50000 4.40000 -6.85000
v -6.25251 0.80000 -6.74749
v -6.25251 4.40000 -6.74749
v -6.50000 0.80000 -6.50000
v -6.50000 4.40000 -6.50000
v -6.08855 4.47188 -6.50000
v -6.20906 4.47188 -6.20906
v -6.50000 4.47188 -6.08855
v -6.79094 4.47188 -6.20906
v -6.91145 4.47188 -6.50000
v -6.79094 4.47188 -6.79094
v -6.50000 4.47188 -6.91145
v -6.20906 4.47188 -6.79094
v -5.83426 4.92188 -6.50000
v -6.02925 4.92188 -6.02925
v -6.50000 4.92188 -5.83426
v -6.97075 4.92188 -6.02925
v -7.16574 4.92188 -6.50000
v -6.97075 4.92188 -6.97075
v -6.50000 4.92188 -7.16574
v -6.02925 4.92188 -6.97075
v -5.83426 5.47812 -6.50000
v -6.02925 5.47812 -6.02925
v -6.50000 5.47812 -5.83426
v -6.97075 5.47812 -6.02925
v -7.16574 5.47812 -6.50000
v -6.97075 5.47812 -6.97075
v -6.50000 5.47812 -7.16574
v -6.02925 5.47812 -6.97075
v -6.08855 5.92812 -6.50000
v -6.20906 5.92812 -6.20906
v -6.50000 5.92812 -6.08855
v -6.79094 5.92812 -6.20906
v -6.91145 5.92812 -6.50000
v -6.79094 5.92812 -6.79094
v -6.50000 5.92812 -6.91145
v -6.20906 5.92812 -6.79094
v -6.50000 4.30000 -6.50000
v -6.50000 6.10000 -6.50000
v 6.85000 0.80000 -6.50000
v 6.85000 4.40000 -6.50000
v 6.74749 0.80000 -6.25251
v 6.74749 4.40000 -6.25251
v 6.50000 0.80000 -6.15000
v 6.50000 4.40000 -6.15000
v 6.25251 0.80000 -6.25251
v 6.25251 4.40000 -6.25251
v 6.15000 0.80000 -6.50000
v 6.15000 4.40000 -6.50000
v 6.25251 0.80000 -6.74749
v 6.25251 4.40000 -6.74749
v 6.50000 0.80000 -6.85000
v 6.50000 4.40000 -6.85000
v 6.74749 0.80000 -6.74749
v 6.74749 4.40000 -6.74749
v 6.50000 0.80000 -6.50000
v 6.50000 4.40000 -6.50000
v 6.91145 4.47188 -6.50000
v 6.79094 4.47188 -6.20906
v 6.50000 4.47188 -6.08855
v 6.20906 4.47188 -6.20906
v 6.08855 4.47188 -6.50000
v 6.20906 4.47188 -6.79094
v 6.50000 4.47188 -6.91145
v 6.79094 4.47188 -6.79094
v 7.16574 4.92188 -6.50000
v 6.97075 4.92188 -6.02925
v 6.50000 4.92188 -5.83426
v 6.02925 4.92188 -6.02925
v 5.83426 4.92188 -6.50000
v 6.02925 4.92188 -6.97075
v 6.50000 4.92188 -7.16574
v 6.97075 4.92188 -6.97075
v 7.16574 5.47812 -6.50000
v 6.97075 5.47812 -6.02925
v 6.50000 5.47812 -5.83426
v 6.02925 5.47812 -6.02925
v 5.83426 5.47812 -6.50000
v 6.02925 5.47812 -6.97075
v 6.50000 5.47812 -7.16574
v 6.97075 5.47812 -6.97075
v 6.91145 5.92812 -6.50000
v 6.79094 5.92812 -6.20906
v 6.50000 5.92812 -6.08855
v 6.20906 5.92812 -6.20906
v 6.08855 5.92812 -6.50000
v 6.20906 5.92812 -6.79094
v 6.50000 5.92812 -6.91145
v 6.79094 5.92812 -6.79094
v 6.50000 4.30000 -6.50000
v 6.50000 6.10000 -6.50000
v -6.15000 0.80000 6.50000
v -6.15000 4.40000 6.50000
v -6.25251 0.80000 6.74749
v -6.25251 4.40000 6.74749
v -6.50000 0.80000 6.85000
v -6.50000 4.40000 6.85000
v -6.74749 0.80000 6.74749
v -6.74749 4.40000 6.74749
v -6.85000 0.80000 6.50000
v -6.85000 4.40000 6.50000
v -6.74749 0.80000 6.25251
v -6.74749 4.40000 6.25251
v -6.50000 0.80000 6.15000
v -6.50000 4.40000 6.15000
v -6.25251 0.80000 6.25251
v -6.25251 4.40000 6.25251
v -6.50000 0.80000 6.50000
v -6.50000 4.40000 6.50000
v -6.08855 4.47188 6.50000
v -6.20906 4.47188 6.79094
v -6.50000 4.47188 6.91145
v -6.79094 4.47188 6.79094
v -6.91145 4.47188 6.50000
v -6.79094 4.47188 6.20906
v -6.50000 4.47188 6.08855
v -6.20906 4.47188 6.20906
v -5.83426 4.92188 6.50000
v -6.02925 4.92188 6.97075
v -6.50000 4.92188 7.16574
v -6.97075 4.92188 6.97075
v -7.16574 4.92188 6.50000
v -6.97075 4.92188 6.02925
v -6.50000 4.92188 5.83426
v -6.02925 4.92188 6.02925
v -5.83426 5.47812 6.50000
v -6.02925 5.47812 6.97075
v -6.50000 5.47812 7.16574
v -6.97075 5.47812 6.97075
v -7.16574 5.47812 6.50000
v -6.97075 5.47812 6.02925
v -6.50000 5.47812 5.83426
v -6.02925 5.47812 6.02925
v -6.08855 5.92812 6.50000
v -6.20906 5.92812 6.79094
v -6.50000 5.92812 6.91145
v -6.79094 5.92812 6.79094
v -6.91145 5.92812 6.50000
v -6.79094 5.92812 6.20906
v -6.50000 5.92812 6.08855
v -6.20906 5.92812 6.20906
v -6.50000 4.30000 6.50000
v -6.50000 6.10000 6.50000
v 6.85000 0.80000 6.50000
v 6.85000 4.40000 6.50000
v 6.74749 0.80000 6.74749
v 6.74749 4.40000 6.74749
v 6.50000 0.80000 6.85000
v 6.50000 4.40000 6.85000
v 6.25251 0.80000 6.74749
v 6.25251 4.40000 6.74749
v 6.15000 0.80000 6.50000
v 6.15000 4.40000 6.50000
v 6.25251 0.80000 6.25251
v 6.25251 4.40000 6.25251
v 6.50000 0.80000 6.15000
v 6.50000 4.40000 6.15000
v 6.74749 0.80000 6.25251
v 6.74749 4.40000 6.25251
v 6.50000 0.80000 6.50000
v 6.50000 4.40000 6.50000
v 6.91145 4.47188 6.50000
v 6.79094 4.47188 6.79094
v 6.50000 4.47188 6.91145
v 6.20906 4.47188 6.79094
v 6.08855 4.47188 6.50000
v 6.20906 4.47188 6.20906
v 6.50000 4.47188 6.08855
v 6.79094 4.47188 6.20906
v 7.16574 4.92188 6.50000
v 6.97075 4.92188 6.97075
v 6.50000 4.92188 7.16574
v 6.02925 4.92188 6.97075
v 5.83426 4.92188 6.50000
v 6.02925 4.92188 6.02925
v 6.50000 4.92188 5.83426
v 6.97075 4.92188 6.02925
v 7.16574 5.47812 6.50000
v 6.97075 5.47812 6.97075
v 6.50000 5.47812 7.16574
v 6.02925 5.47812 6.97075
v 5.83426 5.47812 6.50000
v 6.02925 5.47812 6.02925
v 6.50000 5.47812 5.83426
v 6.97075 5.47812 6.02925
v 6.91145 5.92812 6.50000
v 6.79094 5.92812 6.79094
v 6.50000 5.92812 6.91145
v 6.20906 5.92812 6.79094
v 6.08855 5.92812 6.50000
v 6.20906 5.92812 6.20906
v 6.50000 5.92812 6.08855
v 6.79094 5.92812 6.20906
v 6.50000 4.30000 6.50000
v 6.50000 6.10000 6.50000
vt 0.05000 0.50000
vt 0.15000 0.50000
vt 0.25000 0.50000
vt 0.35000 0.50000
vt 0.45000 0.50000
vt 0.55000 0.50000
vt 0.65000 0.50000
vt 0.75000 0.50000
vt 0.85000 0.50000
vt 0.95000 0.50000
usemtl gold
f 1/4 4/4 3/4 2/4
f 5/4 6/4 7/4 8/4
f 1/4 5/4 8/4 4/4
f 2/4 3/4 7/4 6/4
f 1/4 2/4 6/4 5/4
f 4/4 8/4 7/4 3/4
f 297/4 298/4 315/4
f 310/4 309/4 316/4
f 298/4 299/4 315/4
f 311/4 310/4 316/4
f 299/4 300/4 315/4
f 312/4 311/4 316/4
f 300/4 301/4 315/4
f 313/4 312/4 316/4
f 301/4 302/4 315/4
f 314/4 313/4 316/4
f 302/4 297/4 315/4
f 309/4 314/4 316/4
f 303/4 304/4 298/4 297/4
f 304/4 305/4 299/4 298/4
f 305/4 306/4 300/4 299/4
f 306/4 307/4 301/4 300/4
f 307/4 308/4 302/4 301/4
f 308/4 303/4 297/4 302/4
f 309/4 310/4 304/4 303/4
f 310/4 311/4 305/4 304/4
f 311/4 312/4 306/4 305/4
f 312/4 313/4 307/4 306/4
f 313/4 314/4 308/4 307/4
f 314/4 309/4 303/4 308/4
f 377/4 378/4 395/4
f 390/4 389/4 396/4
f 378/4 379/4 395/4
f 391/4 390/4 396/4
f 379/4 380/4 395/4
f 392/4 391/4 396/4
f 380/4 381/4 395/4
f 393/4 392/4 396/4
f 381/4 382/4 395/4
f 394/4 393/4 396/4
f 382/4 377/4 395/4
f 389/4 394/4 396/4
f 383/4 384/4 378/4 377/4
f 384/4 385/4 379/4 378/4
f 385/4 386/4 380/4 379/4
f 386/4 387/4 381/4 380/4
f 387/4 388/4 382/4 381/4
f 388/4 383/4 377/4 382/4
f 389/4 390/4 384/4 383/4
f 390/4 391/4 385/4 384/4
f 391/4 392/4 386/4 385/4
f 392/4 393/4 387/4 386/4
f 393/4 394/4 388/4 387/4
f 394/4 389/4 383/4 388/4
f 457/4 458/4 475/4
f 470/4 469/4 476/4
f 458/4 459/4 475/4
f 471/4 470/4 476/4
f 459/4 460/4 475/4
f 472/4 471/4 476/4
f 460/4 461/4 475/4
f 473/4 472/4 476/4
f 461/4 462/4 475/4
f 474/4 473/4 476/4
f 462/4 457/4 475/4
f 469/4 474/4 476/4
f 463/4 464/4 458/4 457/4
f 464/4 465/4 459/4 458/4
f 465/4 466/4 460/4 459/4
f 466/4 467/4 461/4 460/4
f 467/4 468/4 462/4 461/4
f 468/4 463/4 457/4 462/4
f 469/4 470/4 464/4 463/4
f 470/4 471/4 465/4 464/4
f 471/4 472/4 466/4 465/4
f 472/4 473/4 467/4 466/4
f 473/4 474/4 468/4 467/4
f 474/4 469/4 463/4 468/4
f 537/4 538/4 555/4
f 550/4 549/4 556/4
f 538/4 539/4 555/4
f 551/4 550/4 556/4
f 539/4 540/4 555/4
f 552/4 551/4 556/4
f 540/4 541/4 555/4
f 553/4 552/4 556/4
f 541/4 542/4 555/4
f 554/4 553/4 556/4
f 542/4 537/4 555/4
f 549/4 554/4 556/4
f 543/4 544/4 538/4 537/4
f 544/4 545/4 539/4 538/4
f 545/4 546/4 540/4 539/4
f 546/4 547/4 541/4 540/4
f 547/4 548/4 542/4 541/4
f 548/4 543/4 537/4 542/4
f 549/4 550/4 544/4 543/4
f 550/4 551/4 545/4 544/4
f 551/4 552/4 546/4 545/4
f 552/4 553/4 547/4 546/4
f 553/4 554/4 548/4 547/4
f 554/4 549/4 543/4 548/4
f 617/4 618/4 635/4
f 630/4 629/4 636/4
f 618/4 619/4 635/4
f 631/4 630/4 636/4
f 619/4 620/4 635/4
f 632/4 631/4 636/4
f 620/4 621/4 635/4
f 633/4 632/4 636/4
f 621/4 622/4 635/4
f 634/4 633/4 636/4
f 622/4 617/4 635/4
f 629/4 634/4 636/4
f 623/4 624/4 618/4 617/4
f 624/4 625/4 619/4 618/4
f 625/4 626/4 620/4 619/4
f 626/4 627/4 621/4 620/4
f 627/4 628/4 622/4 621/4
f 628/4 623/4 617/4 622/4
f 629/4 630/4 624/4 623/4
f 630/4 631/4 625/4 624/4
f 631/4 632/4 626/4 625/4
f 632/4 633/4 627/4 626/4
f 633/4 634/4 628/4 627/4
f 634/4 629/4 623/4 628/4
f 717/4 718/4 735/4
f 730/4 729/4 736/4
f 718/4 719/4 735/4
f 731/4 730/4 736/4
f 719/4 720/4 735/4
f 732/4 731/4 736/4
f 720/4 721/4 735/4
f 733/4 732/4 736/4
f 721/4 722/4 735/4
f 734/4 733/4 736/4
f 722/4 717/4 735/4
f 729/4 734/4 736/4
f 723/4 724/4 718/4 717/4
f 724/4 725/4 719/4 718/4
f 725/4 726/4 720/4 719/4
f 726/4 727/4 721/4 720/4
f 727/4 728/4 722/4 721/4
f 728/4 723/4 717/4 722/4
f 729/4 730/4 724/4 723/4
f 730/4 731/4 725/4 724/4
f 731/4 732/4 726/4 725/4
f 732/4 733/4 727/4 726/4
f 733/4 734/4 728/4 727/4
f 734/4 729/4 723/4 728/4
f 797/4 798/4 815/4
f 810/4 809/4 816/4
f 798/4 799/4 815/4
f 811/4 810/4 816/4
f 799/4 800/4 815/4
f 812/4 811/4 816/4
f 800/4 801/4 815/4
f 813/4 812/4 816/4
f 801/4 802/4 815/4
f 814/4 813/4 816/4
f 802/4 797/4 815/4
f 809/4 814/4 816/4
f 803/4 804/4 798/4 797/4
f 804/4 805/4 799/4 798/4
f 805/4 806/4 800/4 799/4
f 806/4 807/4 801/4 800/4
f 807/4 808/4 802/4 801/4
f 808/4 803/4 797/4 802/4
f 809/4 810/4 804/4 803/4
f 810/4 811/4 805/4 804/4
f 811/4 812/4 806/4 805/4
f 812/4 813/4 807/4 806/4
f 813/4 814/4 808/4 807/4
f 814/4 809/4 803/4 808/4
f 877/4 878/4 895/4
f 890/4 889/4 896/4
f 878/4 879/4 895/4
f 891/4 890/4 896/4
f 879/4 880/4 895/4
f 892/4 891/4 896/4
f 880/4 881/4 895/4
f 893/4 892/4 896/4
f 881/4 882/4 895/4
f 894/4 893/4 896/4
f 882/4 877/4 895/4
f 889/4 894/4 896/4
f 883/4 884/4 878/4 877/4
f 884/4 885/4 879/4 878/4
f 885/4 886/4 880/4 879/4
f 886/4 887/4 881/4 880/4
f 887/4 888/4 882/4 881/4
f 888/4 883/4 877/4 882/4
f 889/4 890/4 884/4 883/4
f 890/4 891/4 885/4 884/4
f 891/4 892/4 886/4 885/4
f 892/4 893/4 887/4 886/4
f 893/4 894/4 888/4 887/4
f 894/4 889/4 883/4 888/4
f 957/4 958/4 975/4
f 970/4 969/4 976/4
f 958/4 959/4 975/4
f 971/4 970/4 976/4
f 959/4 960/4 975/4
f 972/4 971/4 976/4
f 960/4 961/4 975/4
f 973/4 972/4 976/4
f 961/4 962/4 975/4
f 974/4 973/4 976/4
f 962/4 957/4 975/4
f 969/4 974/4 976/4
f 963/4 964/4 958/4 957/4
f 964/4 965/4 959/4 958/4
f 965/4 966/4 960/4 959/4
f 966/4 967/4 961/4 960/4
f 967/4 968/4 962/4 961/4
f 968/4 963/4 957/4 962/4
f 969/4 970/4 964/4 963/4
f 970/4 971/4 965/4 964/4
f 971/4 972/4 966/4 965/4
f 972/4 973/4 967/4 966/4
f 973/4 974/4 968/4 967/4
f 974/4 969/4 963/4 968/4
f 1037/4 1038/4 1055/4
f 1050/4 1049/4 1056/4
f 1038/4 1039/4 1055/4
f 1051/4 1050/4 1056/4
f 1039/4 1040/4 1055/4
f 1052/4 1051/4 1056/4
f 1040/4 1041/4 1055/4
f 1053/4 1052/4 1056/4
f 1041/4 1042/4 1055/4
f 1054/4 1053/4 1056/4
f 1042/4 1037/4 1055/4
f 1049/4 1054/4 1056/4
f 1043/4 1044/4 1038/4 1037/4
f 1044/4 1045/4 1039/4 1038/4
f 1045/4 1046/4 1040/4 1039/4
f 1046/4 1047/4 1041/4 1040/4
f 1047/4 1048/4 1042/4 1041/4
f 1048/4 1043/4 1037/4 1042/4
f 1049/4 1050/4 1044/4 1043/4
f 1050/4 1051/4 1045/4 1044/4
f 1051/4 1052/4 1046/4 1045/4
f 1052/4 1053/4 1047/4 1046/4
f 1053/4 1054/4 1048/4 1047/4
f 1054/4 1049/4 1043/4 1048/4
f 1137/4 1138/4 1155/4
f 1150/4 1149/4 1156/4
f 1138/4 1139/4 1155/4
f 1151/4 1150/4 1156/4
f 1139/4 1140/4 1155/4
f 1152/4 1151/4 1156/4
f 1140/4 1141/4 1155/4
f 1153/4 1152/4 1156/4
f 1141/4 1142/4 1155/4
f 1154/4 1153/4 1156/4
f 1142/4 1137/4 1155/4
f 1149/4 1154/4 1156/4
f 1143/4 1144/4 1138/4 1137/4
f 1144/4 1145/4 1139/4 1138/4
f 1145/4 1146/4 1140/4 1139/4
f 1146/4 1147/4 1141/4 1140/4
f 1147/4 1148/4 1142/4 1141/4
f 1148/4 1143/4 1137/4 1142/4
f 1149/4 1150/4 1144/4 1143/4
f 1150/4 1151/4 1145/4 1144/4
f 1151/4 1152/4 1146/4 1145/4
f 1152/4 1153/4 1147/4 1146/4
f 1153/4 1154/4 1148/4 1147/4
f 1154/4 1149/4 1143/4 1148/4
f 1217/4 1218/4 1235/4
f 1230/4 1229/4 1236/4
f 1218/4 1219/4 1235/4
f 1231/4 1230/4 1236/4
f 1219/4 1220/4 1235/4
f 1232/4 1231/4 1236/4
f 1220/4 1221/4 1235/4
f 1233/4 1232/4 1236/4
f 1221/4 1222/4 1235/4
f 1234/4 1233/4 1236/4
f 1222/4 1217/4 1235/4
f 1229/4 1234/4 1236/4
f 1223/4 1224/4 1218/4 1217/4
f 1224/4 1225/4 1219/4 1218/4
f 1225/4 1226/4 1220/4 1219/4
f 1226/4 1227/4 1221/4 1220/4
f 1227/4 1228/4 1222/4 1221/4
f 1228/4 1223/4 1217/4 1222/4
f 1229/4 1230/4 1224/4 1223/4
f 1230/4 1231/4 1225/4 1224/4
f 1231/4 1232/4 1226/4 1225/4
f 1232/4 1233/4 1227/4 1226/4
f 1233/4 1234/4 1228/4 1227/4
f 1234/4 1229/4 1223/4 1228/4
f 1297/4 1298/4 1315/4
f 1310/4 1309/4 1316/4
f 1298/4 1299/4 1315/4
f 1311/4 1310/4 1316/4
f 1299/4 1300/4 1315/4
f 1312/4 1311/4 1316/4
f 1300/4 1301/4 1315/4
f 1313/4 1312/4 1316/4
f 1301/4 1302/4 1315/4
f 1314/4 1313/4 1316/4
f 1302/4 1297/4 1315/4
f 1309/4 1314/4 1316/4
f 1303/4 1304/4 1298/4 1297/4
f 1304/4 1305/4 1299/4 1298/4
f 1305/4 1306/4 1300/4 1299/4
f 1306/4 1307/4 1301/4 1300/4
f 1307/4 1308/4 1302/4 1301/4
f 1308/4 1303/4 1297/4 1302/4
f 1309/4 1310/4 1304/4 1303/4
f 1310/4 1311/4 1305/4 1304/4
f 1311/4 1312/4 1306/4 1305/4
f 1312/4 1313/4 1307/4 1306/4
f 1313/4 1314/4 1308/4 1307/4
f 1314/4 1309/4 1303/4 1308/4
f 1377/4 1378/4 1395/4
f 1390/4 1389/4 1396/4
f 1378/4 1379/4 1395/4
f 1391/4 1390/4 1396/4
f 1379/4 1380/4 1395/4
f 1392/4 1391/4 1396/4
f 1380/4 1381/4 1395/4
f 1393/4 1392/4 1396/4
f 1381/4 1382/4 1395/4
f 1394/4 1393/4 1396/4
f 1382/4 1377/4 1395/4
f 1389/4 1394/4 1396/4
f 1383/4 1384/4 1378/4 1377/4
f 1384/4 1385/4 1379/4 1378/4
f 1385/4 1386/4 1380/4 1379/4
f 1386/4 1387/4 1381/4 1380/4
f 1387/4 1388/4 1382/4 1381/4
f 1388/4 1383/4 1377/4 1382/4
f 1389/4 1390/4 1384/4 1383/4
f 1390/4 1391/4 1385/4 1384/4
f 1391/4 1392/4 1386/4 1385/4
f 1392/4 1393/4 1387/4 1386/4
f 1393/4 1394/4 1388/4 1387/4
f 1394/4 1389/4 1383/4 1388/4
f 1457/4 1458/4 1475/4
f 1470/4 1469/4 1476/4
f 1458/4 1459/4 1475/4
f 1471/4 1470/4 1476/4
f 1459/4 1460/4 1475/4
f 1472/4 1471/4 1476/4
f 1460/4 1461/4 1475/4
f 1473/4 1472/4 1476/4
f 1461/4 1462/4 1475/4
f 1474/4 1473/4 1476/4
f 1462/4 1457/4 1475/4
f 1469/4 1474/4 1476/4
f 1463/4 1464/4 1458/4 1457/4
f 1464/4 1465/4 1459/4 1458/4
f 1465/4 1466/4 1460/4 1459/4
f 1466/4 1467/4 1461/4 1460/4
f 1467/4 1468/4 1462/4 1461/4
f 1468/4 1463/4 1457/4 1462/4
f 1469/4 1470/4 1464/4 1463/4
f 1470/4 1471/4 1465/4 1464/4
f 1471/4 1472/4 1466/4 1465/4
f 1472/4 1473/4 1467/4 1466/4
f 1473/4 1474/4 1468/4 1467/4
f 1474/4 1469/4 1463/4 1468/4
f 1537/4 1538/4 1555/4
f 1550/4 1549/4 1556/4
f 1538/4 1539/4 1555/4
f 1551/4 1550/4 1556/4
f 1539/4 1540/4 1555/4
f 1552/4 1551/4 1556/4
f 1540/4 1541/4 1555/4
f 1553/4 1552/4 1556/4
f 1541/4 1542/4 1555/4
f 1554/4 1553/4 1556/4
f 1542/4 1537/4 1555/4
f 1549/4 1554/4 1556/4
f 1543/4 1544/4 1538/4 1537/4
f 1544/4 1545/4 1539/4 1538/4
f 1545/4 1546/4 1540/4 1539/4
f 1546/4 1547/4 1541/4 1540/4
f 1547/4 1548/4 1542/4 1541/4
f 1548/4 1543/4 1537/4 1542/4
f 1549/4 1550/4 1544/4 1543/4
f 1550/4 1551/4 1545/4 1544/4
f 1551/4 1552/4 1546/4 1545/4
f 1552/4 1553/4 1547/4 1546/4
f 1553/4 1554/4 1548/4 1547/4
f 1554/4 1549/4 1543/4 1548/4
f 1557/4 1558/4 1575/4
f 1570/4 1569/4 1576/4
f 1558/4 1559/4 1575/4
f 1571/4 1570/4 1576/4
f 1559/4 1560/4 1575/4
f 1572/4 1571/4 1576/4
f 1560/4 1561/4 1575/4
f 1573/4 1572/4 1576/4
f 1561/4 1562/4 1575/4
f 1574/4 1573/4 1576/4
f 1562/4 1557/4 1575/4
f 1569/4 1574/4 1576/4
f 1563/4 1564/4 1558/4 1557/4
f 1564/4 1565/4 1559/4 1558/4
f 1565/4 1566/4 1560/4 1559/4
f 1566/4 1567/4 1561/4 1560/4
f 1567/4 1568/4 1562/4 1561/4
f 1568/4 1563/4 1557/4 1562/4
f 1569/4 1570/4 1564/4 1563/4
f 1570/4 1571/4 1565/4 1564/4
f 1571/4 1572/4 1566/4 1565/4
f 1572/4 1573/4 1567/4 1566/4
f 1573/4 1574/4 1568/4 1567/4
f 1574/4 1569/4 1563/4 1568/4
f 1637/4 1638/4 1655/4
f 1650/4 1649/4 1656/4
f 1638/4 1639/4 1655/4
f 1651/4 1650/4 1656/4
f 1639/4 1640/4 1655/4
f 1652/4 1651/4 1656/4
f 1640/4 1641/4 1655/4
f 1653/4 1652/4 1656/4
f 1641/4 1642/4 1655/4
f 1654/4 1653/4 1656/4
f 1642/4 1637/4 1655/4
f 1649/4 1654/4 1656/4
f 1643/4 1644/4 1638/4 1637/4
f 1644/4 1645/4 1639/4 1638/4
f 1645/4 1646/4 1640/4 1639/4
f 1646/4 1647/4 1641/4 1640/4
f 1647/4 1648/4 1642/4 1641/4
f 1648/4 1643/4 1637/4 1642/4
f 1649/4 1650/4 1644/4 1643/4
f 1650/4 1651/4 1645/4 1644/4
f 1651/4 1652/4 1646/4 1645/4
f 1652/4 1653/4 1647/4 1646/4
f 1653/4 1654/4 1648/4 1647/4
f 1654/4 1649/4 1643/4 1648/4
f 1717/4 1718/4 1735/4
f 1730/4 1729/4 1736/4
f 1718/4 1719/4 1735/4
f 1731/4 1730/4 1736/4
f 1719/4 1720/4 1735/4
f 1732/4 1731/4 1736/4
f 1720/4 1721/4 1735/4
f 1733/4 1732/4 1736/4
f 1721/4 1722/4 1735/4
f 1734/4 1733/4 1736/4
f 1722/4 1717/4 1735/4
f 1729/4 1734/4 1736/4
f 1723/4 1724/4 1718/4 1717/4
f 1724/4 1725/4 1719/4 1718/4
f 1725/4 1726/4 1720/4 1719/4
f 1726/4 1727/4 1721/4 1720/4
f 1727/4 1728/4 1722/4 1721/4
f 1728/4 1723/4 1717/4 1722/4
f 1729/4 1730/4 1724/4 1723/4
f 1730/4 1731/4 1725/4 1724/4
f 1731/4 1732/4 1726/4 1725/4
f 1732/4 1733/4 1727/4 1726/4
f 1733/4 1734/4 1728/4 1727/4
f 1734/4 1729/4 1723/4 1728/4
f 1797/4 1798/4 1815/4
f 1810/4 1809/4 1816/4
f 1798/4 1799/4 1815/4
f 1811/4 1810/4 1816/4
f 1799/4 1800/4 1815/4
f 1812/4 1811/4 1816/4
f 1800/4 1801/4 1815/4
f 1813/4 1812/4 1816/4
f 1801/4 1802/4 1815/4
f 1814/4 1813/4 1816/4
f 1802/4 1797/4 1815/4
f 1809/4 1814/4 1816/4
f 1803/4 1804/4 1798/4 1797/4
f 1804/4 1805/4 1799/4 1798/4
f 1805/4 1806/4 1800/4 1799/4
f 1806/4 1807/4 1801/4 1800/4
f 1807/4 1808/4 1802/4 1801/4
f 1808/4 1803/4 1797/4 1802/4
f 1809/4 1810/4 1804/4 1803/4
f 1810/4 1811/4 1805/4 1804/4
f 1811/4 1812/4 1806/4 1805/4
f 1812/4 1813/4 1807/4 1806/4
f 1813/4 1814/4 1808/4 1807/4
f 1814/4 1809/4 1803/4 1808/4
f 1877/4 1878/4 1895/4
f 1890/4 1889/4 1896/4
f 1878/4 1879/4 1895/4
f 1891/4 1890/4 1896/4
f 1879/4 1880/4 1895/4
f 1892/4 1891/4 1896/4
f 1880/4 1881/4 1895/4
f 1893/4 1892/4 1896/4
f 1881/4 1882/4 1895/4
f 1894/4 1893/4 1896/4
f 1882/4 1877/4 1895/4
f 1889/4 1894/4 1896/4
f 1883/4 1884/4 1878/4 1877/4
f 1884/4 1885/4 1879/4 1878/4
f 1885/4 1886/4 1880/4 1879/4
f 1886/4 1887/4 1881/4 1880/4
f 1887/4 1888/4 1882/4 1881/4
f 1888/4 1883/4 1877/4 1882/4
f 1889/4 1890/4 1884/4 1883/4
f 1890/4 1891/4 1885/4 1884/4
f 1891/4 1892/4 1886/4 1885/4
f 1892/4 1893/4 1887/4 1886/4
f 1893/4 1894/4 1888/4 1887/4
f 1894/4 1889/4 1883/4 1888/4
f 1957/4 1958/4 1975/4
f 1970/4 1969/4 1976/4
f 1958/4 1959/4 1975/4
f 1971/4 1970/4 1976/4
f 1959/4 1960/4 1975/4
f 1972/4 1971/4 1976/4
f 1960/4 1961/4 1975/4
f 1973/4 1972/4 1976/4
f 1961/4 1962/4 1975/4
f 1974/4 1973/4 1976/4
f 1962/4 1957/4 1975/4
f 1969/4 1974/4 1976/4
f 1963/4 1964/4 1958/4 1957/4
f 1964/4 1965/4 1959/4 1958/4
f 1965/4 1966/4 1960/4 1959/4
f 1966/4 1967/4 1961/4 1960/4
f 1967/4 1968/4 1962/4 1961/4
f 1968/4 1963/4 1957/4 1962/4
f 1969/4 1970/4 1964/4 1963/4
f 1970/4 1971/4 1965/4 1964/4
f 1971/4 1972/4 1966/4 1965/4
f 1972/4 1973/4 1967/4 1966/4
f 1973/4 1974/4 1968/4 1967/4
f 1974/4 1969/4 1963/4 1968/4
f 2067/4 2068/4 2099/4
f 2092/4 2091/4 2100/4
f 2068/4 2069/4 2099/4
f 2093/4 2092/4 2100/4
f 2069/4 2070/4 2099/4
f 2094/4 2093/4 2100/4
f 2070/4 2071/4 2099/4
f 2095/4 2094/4 2100/4
f 2071/4 2072/4 2099/4
f 2096/4 2095/4 2100/4
f 2072/4 2073/4 2099/4
f 2097/4 2096/4 2100/4
f 2073/4 2074/4 2099/4
f 2098/4 2097/4 2100/4
f 2074/4 2067/4 2099/4
f 2091/4 2098/4 2100/4
f 2075/4 2076/4 2068/4 2067/4
f 2076/4 2077/4 2069/4 2068/4
f 2077/4 2078/4 2070/4 2069/4
f 2078/4 2079/4 2071/4 2070/4
f 2079/4 2080/4 2072/4 2071/4
f 2080/4 2081/4 2073/4 2072/4
f 2081/4 2082/4 2074/4 2073/4
f 2082/4 2075/4 2067/4 2074/4
f 2083/4 2084/4 2076/4 2075/4
f 2084/4 2085/4 2077/4 2076/4
f 2085/4 2086/4 2078/4 2077/4
f 2086/4 2087/4 2079/4 2078/4
f 2087/4 2088/4 2080/4 2079/4
f 2088/4 2089/4 2081/4 2080/4
f 2089/4 2090/4 2082/4 2081/4
f 2090/4 2083/4 2075/4 2082/4
f 2091/4 2092/4 2084/4 2083/4
f 2092/4 2093/4 2085/4 2084/4
f 2093/4 2094/4 2086/4 2085/4
f 2094/4 2095/4 2087/4 2086/4
f 2095/4 2096/4 2088/4 2087/4
f 2096/4 2097/4 2089/4 2088/4
f 2097/4 2098/4 2090/4 2089/4
f 2098/4 2091/4 2083/4 2090/4
f 2119/4 2120/4 2151/4
f 2144/4 2143/4 2152/4
f 2120/4 2121/4 2151/4
f 2145/4 2144/4 2152/4
f 2121/4 2122/4 2151/4
f 2146/4 2145/4 2152/4
f 2122/4 2123/4 2151/4
f 2147/4 2146/4 2152/4
f 2123/4 2124/4 2151/4
f 2148/4 2147/4 2152/4
f 2124/4 2125/4 2151/4
f 2149/4 2148/4 2152/4
f 2125/4 2126/4 2151/4
f 2150/4 2149/4 2152/4
f 2126/4 2119/4 2151/4
f 2143/4 2150/4 2152/4
f 2127/4 2128/4 2120/4 2119/4
f 2128/4 2129/4 2121/4 2120/4
f 2129/4 2130/4 2122/4 2121/4
f 2130/4 2131/4 2123/4 2122/4
f 2131/4 2132/4 2124/4 2123/4
f 2132/4 2133/4 2125/4 2124/4
f 2133/4 2134/4 2126/4 2125/4
f 2134/4 2127/4 2119/4 2126/4
f 2135/4 2136/4 2128/4 2127/4
f 2136/4 2137/4 2129/4 2128/4
f 2137/4 2138/4 2130/4 2129/4
f 2138/4 2139/4 2131/4 2130/4
f 2139/4 2140/4 2132/4 2131/4
f 2140/4 2141/4 2133/4 2132/4
f 2141/4 2142/4 2134/4 2133/4
f 2142/4 2135/4 2127/4 2134/4
f 2143/4 2144/4 2136/4 2135/4
f 2144/4 2145/4 2137/4 2136/4
f 2145/4 2146/4 2138/4 2137/4
f 2146/4 2147/4 2139/4 2138/4
f 2147/4 2148/4 2140/4 2139/4
f 2148/4 2149/4 2141/4 2140/4
f 2149/4 2150/4 2142/4 2141/4
f 2150/4 2143/4 2135/4 2142/4
usemtl mint
f 9/3 12/3 11/3 10/3
f 13/3 14/3 15/3 16/3
f 9/3 13/3 16/3 12/3
f 10/3 11/3 15/3 14/3
f 9/3 10/3 14/3 13/3
f 12/3 16/3 15/3 11/3
f 277/3 278/3 295/3
f 290/3 289/3 296/3
f 278/3 279/3 295/3
f 291/3 290/3 296/3
f 279/3 280/3 295/3
f 292/3 291/3 296/3
f 280/3 281/3 295/3
f 293/3 292/3 296/3
f 281/3 282/3 295/3
f 294/3 293/3 296/3
f 282/3 277/3 295/3
f 289/3 294/3 296/3
f 283/3 284/3 278/3 277/3
f 284/3 285/3 279/3 278/3
f 285/3 286/3 280/3 279/3
f 286/3 287/3 281/3 280/3
f 287/3 288/3 282/3 281/3
f 288/3 283/3 277/3 282/3
f 289/3 290/3 284/3 283/3
f 290/3 291/3 285/3 284/3
f 291/3 292/3 286/3 285/3
f 292/3 293/3 287/3 286/3
f 293/3 294/3 288/3 287/3
f 294/3 289/3 283/3 288/3
f 357/3 358/3 375/3
f 370/3 369/3 376/3
f 358/3 359/3 375/3
f 371/3 370/3 376/3
f 359/3 360/3 375/3
f 372/3 371/3 376/3
f 360/3 361/3 375/3
f 373/3 372/3 376/3
f 361/3 362/3 375/3
f 374/3 373/3 376/3
f 362/3 357/3 375/3
f 369/3 374/3 376/3
f 363/3 364/3 358/3 357/3
f 364/3 365/3 359/3 358/3
f 365/3 366/3 360/3 359/3
f 366/3 367/3 361/3 360/3
f 367/3 368/3 362/3 361/3
f 368/3 363/3 357/3 362/3
f 369/3 370/3 364/3 363/3
f 370/3 371/3 365/3 364/3
f 371/3 372/3 366/3 365/3
f 372/3 373/3 367/3 366/3
f 373/3 374/3 368/3 367/3
f 374/3 369/3 363/3 368/3
f 437/3 438/3 455/3
f 450/3 449/3 456/3
f 438/3 439/3 455/3
f 451/3 450/3 456/3
f 439/3 440/3 455/3
f 452/3 451/3 456/3
f 440/3 441/3 455/3
f 453/3 452/3 456/3
f 441/3 442/3 455/3
f 454/3 453/3 456/3
f 442/3 437/3 455/3
f 449/3 454/3 456/3
f 443/3 444/3 438/3 437/3
f 444/3 445/3 439/3 438/3
f 445/3 446/3 440/3 439/3
f 446/3 447/3 441/3 440/3
f 447/3 448/3 442/3 441/3
f 448/3 443/3 437/3 442/3
f 449/3 450/3 444/3 443/3
f 450/3 451/3 445/3 444/3
f 451/3 452/3 446/3 445/3
f 452/3 453/3 447/3 446/3
f 453/3 454/3 448/3 447/3
f 454/3 449/3 443/3 448/3
f 517/3 518/3 535/3
f 530/3 529/3 536/3
f 518/3 519/3 535/3
f 531/3 530/3 536/3
f 519/3 520/3 535/3
f 532/3 531/3 536/3
f 520/3 521/3 535/3
f 533/3 532/3 536/3
f 521/3 522/3 535/3
f 534/3 533/3 536/3
f 522/3 517/3 535/3
f 529/3 534/3 536/3
f 523/3 524/3 518/3 517/3
f 524/3 525/3 519/3 518/3
f 525/3 526/3 520/3 519/3
f 526/3 527/3 521/3 520/3
f 527/3 528/3 522/3 521/3
f 528/3 523/3 517/3 522/3
f 529/3 530/3 524/3 523/3
f 530/3 531/3 525/3 524/3
f 531/3 532/3 526/3 525/3
f 532/3 533/3 527/3 526/3
f 533/3 534/3 528/3 527/3
f 534/3 529/3 523/3 528/3
f 597/3 598/3 615/3
f 610/3 609/3 616/3
f 598/3 599/3 615/3
f 611/3 610/3 616/3
f 599/3 600/3 615/3
f 612/3 611/3 616/3
f 600/3 601/3 615/3
f 613/3 612/3 616/3
f 601/3 602/3 615/3
f 614/3 613/3 616/3
f 602/3 597/3 615/3
f 609/3 614/3 616/3
f 603/3 604/3 598/3 597/3
f 604/3 605/3 599/3 598/3
f 605/3 606/3 600/3 599/3
f 606/3 607/3 601/3 600/3
f 607/3 608/3 602/3 601/3
f 608/3 603/3 597/3 602/3
f 609/3 610/3 604/3 603/3
f 610/3 611/3 605/3 604/3
f 611/3 612/3 606/3 605/3
f 612/3 613/3 607/3 606/3
f 613/3 614/3 608/3 607/3
f 614/3 609/3 603/3 608/3
f 697/3 698/3 715/3
f 710/3 709/3 716/3
f 698/3 699/3 715/3
f 711/3 710/3 716/3
f 699/3 700/3 715/3
f 712/3 711/3 716/3
f 700/3 701/3 715/3
f 713/3 712/3 716/3
f 701/3 702/3 715/3
f 714/3 713/3 716/3
f 702/3 697/3 715/3
f 709/3 714/3 716/3
f 703/3 704/3 698/3 697/3
f 704/3 705/3 699/3 698/3
f 705/3 706/3 700/3 699/3
f 706/3 707/3 701/3 700/3
f 707/3 708/3 702/3 701/3
f 708/3 703/3 697/3 702/3
f 709/3 710/3 704/3 703/3
f 710/3 711/3 705/3 704/3
f 711/3 712/3 706/3 705/3
f 712/3 713/3 707/3 706/3
f 713/3 714/3 708/3 707/3
f 714/3 709/3 703/3 708/3
f 777/3 778/3 795/3
f 790/3 789/3 796/3
f 778/3 779/3 795/3
f 791/3 790/3 796/3
f 779/3 780/3 795/3
f 792/3 791/3 796/3
f 780/3 781/3 795/3
f 793/3 792/3 796/3
f 781/3 782/3 795/3
f 794/3 793/3 796/3
f 782/3 777/3 795/3
f 789/3 794/3 796/3
f 783/3 784/3 778/3 777/3
f 784/3 785/3 779/3 778/3
f 785/3 786/3 780/3 779/3
f 786/3 787/3 781/3 780/3
f 787/3 788/3 782/3 781/3
f 788/3 783/3 777/3 782/3
f 789/3 790/3 784/3 783/3
f 790/3 791/3 785/3 784/3
f 791/3 792/3 786/3 785/3
f 792/3 793/3 787/3 786/3
f 793/3 794/3 788/3 787/3
f 794/3 789/3 783/3 788/3
f 857/3 858/3 875/3
f 870/3 869/3 876/3
f 858/3 859/3 875/3
f 871/3 870/3 876/3
f 859/3 860/3 875/3
f 872/3 871/3 876/3
f 860/3 861/3 875/3
f 873/3 872/3 876/3
f 861/3 862/3 875/3
f 874/3 873/3 876/3
f 862/3 857/3 875/3
f 869/3 874/3 876/3
f 863/3 864/3 858/3 857/3
f 864/3 865/3 859/3 858/3
f 865/3 866/3 860/3 859/3
f 866/3 867/3 861/3 860/3
f 867/3 868/3 862/3 861/3
f 868/3 863/3 857/3 862/3
f 869/3 870/3 864/3 863/3
f 870/3 871/3 865/3 864/3
f 871/3 872/3 866/3 865/3
f 872/3 873/3 867/3 866/3
f 873/3 874/3 868/3 867/3
f 874/3 869/3 863/3 868/3
f 937/3 938/3 955/3
f 950/3 949/3 956/3
f 938/3 939/3 955/3
f 951/3 950/3 956/3
f 939/3 940/3 955/3
f 952/3 951/3 956/3
f 940/3 941/3 955/3
f 953/3 952/3 956/3
f 941/3 942/3 955/3
f 954/3 953/3 956/3
f 942/3 937/3 955/3
f 949/3 954/3 956/3
f 943/3 944/3 938/3 937/3
f 944/3 945/3 939/3 938/3
f 945/3 946/3 940/3 939/3
f 946/3 947/3 941/3 940/3
f 947/3 948/3 942/3 941/3
f 948/3 943/3 937/3 942/3
f 949/3 950/3 944/3 943/3
f 950/3 951/3 945/3 944/3
f 951/3 952/3 946/3 945/3
f 952/3 953/3 947/3 946/3
f 953/3 954/3 948/3 947/3
f 954/3 949/3 943/3 948/3
f 1017/3 1018/3 1035/3
f 1030/3 1029/3 1036/3
f 1018/3 1019/3 1035/3
f 1031/3 1030/3 1036/3
f 1019/3 1020/3 1035/3
f 1032/3 1031/3 1036/3
f 1020/3 1021/3 1035/3
f 1033/3 1032/3 1036/3
f 1021/3 1022/3 1035/3
f 1034/3 1033/3 1036/3
f 1022/3 1017/3 1035/3
f 1029/3 1034/3 1036/3
f 1023/3 1024/3 1018/3 1017/3
f 1024/3 1025/3 1019/3 1018/3
f 1025/3 1026/3 1020/3 1019/3
f 1026/3 1027/3 1021/3 1020/3
f 1027/3 1028/3 1022/3 1021/3
f 1028/3 1023/3 1017/3 1022/3
f 1029/3 1030/3 1024/3 1023/3
f 1030/3 1031/3 1025/3 1024/3
f 1031/3 1032/3 1026/3 1025/3
f 1032/3 1033/3 1027/3 1026/3
f 1033/3 1034/3 1028/3 1027/3
f 1034/3 1029/3 1023/3 1028/3
f 1097/3 1098/3 1115/3
f 1110/3 1109/3 1116/3
f 1098/3 1099/3 1115/3
f 1111/3 1110/3 1116/3
f 1099/3 1100/3 1115/3
f 1112/3 1111/3 1116/3
f 1100/3 1101/3 1115/3
f 1113/3 1112/3 1116/3
f 1101/3 1102/3 1115/3
f 1114/3 1113/3 1116/3
f 1102/3 1097/3 1115/3
f 1109/3 1114/3 1116/3
f 1103/3 1104/3 1098/3 1097/3
f 1104/3 1105/3 1099/3 1098/3
f 1105/3 1106/3 1100/3 1099/3
f 1106/3 1107/3 1101/3 1100/3
f 1107/3 1108/3 1102/3 1101/3
f 1108/3 1103/3 1097/3 1102/3
f 1109/3 1110/3 1104/3 1103/3
f 1110/3 1111/3 1105/3 1104/3
f 1111/3 1112/3 1106/3 1105/3
f 1112/3 1113/3 1107/3 1106/3
f 1113/3 1114/3 1108/3 1107/3
f 1114/3 1109/3 1103/3 1108/3
f 1117/3 1118/3 1135/3
f 1130/3 1129/3 1136/3
f 1118/3 1119/3 1135/3
f 1131/3 1130/3 1136/3
f 1119/3 1120/3 1135/3
f 1132/3 1131/3 1136/3
f 1120/3 1121/3 1135/3
f 1133/3 1132/3 1136/3
f 1121/3 1122/3 1135/3
f 1134/3 1133/3 1136/3
f 1122/3 1117/3 1135/3
f 1129/3 1134/3 1136/3
f 1123/3 1124/3 1118/3 1117/3
f 1124/3 1125/3 1119/3 1118/3
f 1125/3 1126/3 1120/3 1119/3
f 1126/3 1127/3 1121/3 1120/3
f 1127/3 1128/3 1122/3 1121/3
f 1128/3 1123/3 1117/3 1122/3
f 1129/3 1130/3 1124/3 1123/3
f 1130/3 1131/3 1125/3 1124/3
f 1131/3 1132/3 1126/3 1125/3
f 1132/3 1133/3 1127/3 1126/3
f 1133/3 1134/3 1128/3 1127/3
f 1134/3 1129/3 1123/3 1128/3
f 1197/3 1198/3 1215/3
f 1210/3 1209/3 1216/3
f 1198/3 1199/3 1215/3
f 1211/3 1210/3 1216/3
f 1199/3 1200/3 1215/3
f 1212/3 1211/3 1216/3
f 1200/3 1201/3 1215/3
f 1213/3 1212/3 1216/3
f 1201/3 1202/3 1215/3
f 1214/3 1213/3 1216/3
f 1202/3 1197/3 1215/3
f 1209/3 1214/3 1216/3
f 1203/3 1204/3 1198/3 1197/3
f 1204/3 1205/3 1199/3 1198/3
f 1205/3 1206/3 1200/3 1199/3
f 1206/3 1207/3 1201/3 1200/3
f 1207/3 1208/3 1202/3 1201/3
f 1208/3 1203/3 1197/3 1202/3
f 1209/3 1210/3 1204/3 1203/3
f 1210/3 1211/3 1205/3 1204/3
f 1211/3 1212/3 1206/3 1205/3
f 1212/3 1213/3 1207/3 1206/3
f 1213/3 1214/3 1208/3 1207/3
f 1214/3 1209/3 1203/3 1208/3
f 1277/3 1278/3 1295/3
f 1290/3 1289/3 1296/3
f 1278/3 1279/3 1295/3
f 1291/3 1290/3 1296/3
f 1279/3 1280/3 1295/3
f 1292/3 1291/3 1296/3
f 1280/3 1281/3 1295/3
f 1293/3 1292/3 1296/3
f 1281/3 1282/3 1295/3
f 1294/3 1293/3 1296/3
f 1282/3 1277/3 1295/3
f 1289/3 1294/3 1296/3
f 1283/3 1284/3 1278/3 1277/3
f 1284/3 1285/3 1279/3 1278/3
f 1285/3 1286/3 1280/3 1279/3
f 1286/3 1287/3 1281/3 1280/3
f 1287/3 1288/3 1282/3 1281/3
f 1288/3 1283/3 1277/3 1282/3
f 1289/3 1290/3 1284/3 1283/3
f 1290/3 1291/3 1285/3 1284/3
f 1291/3 1292/3 1286/3 1285/3
f 1292/3 1293/3 1287/3 1286/3
f 1293/3 1294/3 1288/3 1287/3
f 1294/3 1289/3 1283/3 1288/3
f 1357/3 1358/3 1375/3
f 1370/3 1369/3 1376/3
f 1358/3 1359/3 1375/3
f 1371/3 1370/3 1376/3
f 1359/3 1360/3 1375/3
f 1372/3 1371/3 1376/3
f 1360/3 1361/3 1375/3
f 1373/3 1372/3 1376/3
f 1361/3 1362/3 1375/3
f 1374/3 1373/3 1376/3
f 1362/3 1357/3 1375/3
f 1369/3 1374/3 1376/3
f 1363/3 1364/3 1358/3 1357/3
f 1364/3 1365/3 1359/3 1358/3
f 1365/3 1366/3 1360/3 1359/3
f 1366/3 1367/3 1361/3 1360/3
f 1367/3 1368/3 1362/3 1361/3
f 1368/3 1363/3 1357/3 1362/3
f 1369/3 1370/3 1364/3 1363/3
f 1370/3 1371/3 1365/3 1364/3
f 1371/3 1372/3 1366/3 1365/3
f 1372/3 1373/3 1367/3 1366/3
f 1373/3 1374/3 1368/3 1367/3
f 1374/3 1369/3 1363/3 1368/3
f 1437/3 1438/3 1455/3
f 1450/3 1449/3 1456/3
f 1438/3 1439/3 1455/3
f 1451/3 1450/3 1456/3
f 1439/3 1440/3 1455/3
f 1452/3 1451/3 1456/3
f 1440/3 1441/3 1455/3
f 1453/3 1452/3 1456/3
f 1441/3 1442/3 1455/3
f 1454/3 1453/3 1456/3
f 1442/3 1437/3 1455/3
f 1449/3 1454/3 1456/3
f 1443/3 1444/3 1438/3 1437/3
f 1444/3 1445/3 1439/3 1438/3
f 1445/3 1446/3 1440/3 1439/3
f 1446/3 1447/3 1441/3 1440/3
f 1447/3 1448/3 1442/3 1441/3
f 1448/3 1443/3 1437/3 1442/3
f 1449/3 1450/3 1444/3 1443/3
f 1450/3 1451/3 1445/3 1444/3
f 1451/3 1452/3 1446/3 1445/3
f 1452/3 1453/3 1447/3 1446/3
f 1453/3 1454/3 1448/3 1447/3
f 1454/3 1449/3 1443/3 1448/3
f 1517/3 1518/3 1535/3
f 1530/3 1529/3 1536/3
f 1518/3 1519/3 1535/3
f 1531/3 1530/3 1536/3
f 1519/3 1520/3 1535/3
f 1532/3 1531/3 1536/3
f 1520/3 1521/3 1535/3
f 1533/3 1532/3 1536/3
f 1521/3 1522/3 1535/3
f 1534/3 1533/3 1536/3
f 1522/3 1517/3 1535/3
f 1529/3 1534/3 1536/3
f 1523/3 1524/3 1518/3 1517/3
f 1524/3 1525/3 1519/3 1518/3
f 1525/3 1526/3 1520/3 1519/3
f 1526/3 1527/3 1521/3 1520/3
f 1527/3 1528/3 1522/3 1521/3
f 1528/3 1523/3 1517/3 1522/3
f 1529/3 1530/3 1524/3 1523/3
f 1530/3 1531/3 1525/3 1524/3
f 1531/3 1532/3 1526/3 1525/3
f 1532/3 1533/3 1527/3 1526/3
f 1533/3 1534/3 1528/3 1527/3
f 1534/3 1529/3 1523/3 1528/3
f 1617/3 1618/3 1635/3
f 1630/3 1629/3 1636/3
f 1618/3 1619/3 1635/3
f 1631/3 1630/3 1636/3
f 1619/3 1620/3 1635/3
f 1632/3 1631/3 1636/3
f 1620/3 1621/3 1635/3
f 1633/3 1632/3 1636/3
f 1621/3 1622/3 1635/3
f 1634/3 1633/3 1636/3
f 1622/3 1617/3 1635/3
f 1629/3 1634/3 1636/3
f 1623/3 1624/3 1618/3 1617/3
f 1624/3 1625/3 1619/3 1618/3
f 1625/3 1626/3 1620/3 1619/3
f 1626/3 1627/3 1621/3 1620/3
f 1627/3 1628/3 1622/3 1621/3
f 1628/3 1623/3 1617/3 1622/3
f 1629/3 1630/3 1624/3 1623/3
f 1630/3 1631/3 1625/3 1624/3
f 1631/3 1632/3 1626/3 1625/3
f 1632/3 1633/3 1627/3 1626/3
f 1633/3 1634/3 1628/3 1627/3
f 1634/3 1629/3 1623/3 1628/3
f 1697/3 1698/3 1715/3
f 1710/3 1709/3 1716/3
f 1698/3 1699/3 1715/3
f 1711/3 1710/3 1716/3
f 1699/3 1700/3 1715/3
f 1712/3 1711/3 1716/3
f 1700/3 1701/3 1715/3
f 1713/3 1712/3 1716/3
f 1701/3 1702/3 1715/3
f 1714/3 1713/3 1716/3
f 1702/3 1697/3 1715/3
f 1709/3 1714/3 1716/3
f 1703/3 1704/3 1698/3 1697/3
f 1704/3 1705/3 1699/3 1698/3
f 1705/3 1706/3 1700/3 1699/3
f 1706/3 1707/3 1701/3 1700/3
f 1707/3 1708/3 1702/3 1701/3
f 1708/3 1703/3 1697/3 1702/3
f 1709/3 1710/3 1704/3 1703/3
f 1710/3 1711/3 1705/3 1704/3
f 1711/3 1712/3 1706/3 1705/3
f 1712/3 1713/3 1707/3 1706/3
f 1713/3 1714/3 1708/3 1707/3
f 1714/3 1709/3 1703/3 1708/3
f 1777/3 1778/3 1795/3
f 1790/3 1789/3 1796/3
f 1778/3 1779/3 1795/3
f 1791/3 1790/3 1796/3
f 1779/3 1780/3 1795/3
f 1792/3 1791/3 1796/3
f 1780/3 1781/3 1795/3
f 1793/3 1792/3 1796/3
f 1781/3 1782/3 1795/3
f 1794/3 1793/3 1796/3
f 1782/3 1777/3 1795/3
f 1789/3 1794/3 1796/3
f 1783/3 1784/3 1778/3 1777/3
f 1784/3 1785/3 1779/3 1778/3
f 1785/3 1786/3 1780/3 1779/3
f 1786/3 1787/3 1781/3 1780/3
f 1787/3 1788/3 1782/3 1781/3
f 1788/3 1783/3 1777/3 1782/3
f 1789/3 1790/3 1784/3 1783/3
f 1790/3 1791/3 1785/3 1784/3
f 1791/3 1792/3 1786/3 1785/3
f 1792/3 1793/3 1787/3 1786/3
f 1793/3 1794/3 1788/3 1787/3
f 1794/3 1789/3 1783/3 1788/3
f 1857/3 1858/3 1875/3
f 1870/3 1869/3 1876/3
f 1858/3 1859/3 1875/3
f 1871/3 1870/3 1876/3
f 1859/3 1860/3 1875/3
f 1872/3 1871/3 1876/3
f 1860/3 1861/3 1875/3
f 1873/3 1872/3 1876/3
f 1861/3 1862/3 1875/3
f 1874/3 1873/3 1876/3
f 1862/3 1857/3 1875/3
f 1869/3 1874/3 1876/3
f 1863/3 1864/3 1858/3 1857/3
f 1864/3 1865/3 1859/3 1858/3
f 1865/3 1866/3 1860/3 1859/3
f 1866/3 1867/3 1861/3 1860/3
f 1867/3 1868/3 1862/3 1861/3
f 1868/3 1863/3 1857/3 1862/3
f 1869/3 1870/3 1864/3 1863/3
f 1870/3 1871/3 1865/3 1864/3
f 1871/3 1872/3 1866/3 1865/3
f 1872/3 1873/3 1867/3 1866/3
f 1873/3 1874/3 1868/3 1867/3
f 1874/3 1869/3 1863/3 1868/3
f 1937/3 1938/3 1955/3
f 1950/3 1949/3 1956/3
f 1938/3 1939/3 1955/3
f 1951/3 1950/3 1956/3
f 1939/3 1940/3 1955/3
f 1952/3 1951/3 1956/3
f 1940/3 1941/3 1955/3
f 1953/3 1952/3 1956/3
f 1941/3 1942/3 1955/3
f 1954/3 1953/3 1956/3
f 1942/3 1937/3 1955/3
f 1949/3 1954/3 1956/3
f 1943/3 1944/3 1938/3 1937/3
f 1944/3 1945/3 1939/3 1938/3
f 1945/3 1946/3 1940/3 1939/3
f 1946/3 1947/3 1941/3 1940/3
f 1947/3 1948/3 1942/3 1941/3
f 1948/3 1943/3 1937/3 1942/3
f 1949/3 1950/3 1944/3 1943/3
f 1950/3 1951/3 1945/3 1944/3
f 1951/3 1952/3 1946/3 1945/3
f 1952/3 1953/3 1947/3 1946/3
f 1953/3 1954/3 1948/3 1947/3
f 1954/3 1949/3 1943/3 1948/3
usemtl coral
f 17/2 18/2 28/2 27/2
f 37/2 18/2 17/2
f 38/2 27/2 28/2
f 18/2 19/2 29/2 28/2
f 37/2 19/2 18/2
f 38/2 28/2 29/2
f 19/2 20/2 30/2 29/2
f 37/2 20/2 19/2
f 38/2 29/2 30/2
f 20/2 21/2 31/2 30/2
f 37/2 21/2 20/2
f 38/2 30/2 31/2
f 21/2 22/2 32/2 31/2
f 37/2 22/2 21/2
f 38/2 31/2 32/2
f 22/2 23/2 33/2 32/2
f 37/2 23/2 22/2
f 38/2 32/2 33/2
f 23/2 24/2 34/2 33/2
f 37/2 24/2 23/2
f 38/2 33/2 34/2
f 24/2 25/2 35/2 34/2
f 37/2 25/2 24/2
f 38/2 34/2 35/2
f 25/2 26/2 36/2 35/2
f 37/2 26/2 25/2
f 38/2 35/2 36/2
f 26/2 17/2 27/2 36/2
f 37/2 17/2 26/2
f 38/2 36/2 27/2
f 39/2 40/2 50/2 49/2
f 59/2 40/2 39/2
f 60/2 49/2 50/2
f 40/2 41/2 51/2 50/2
f 59/2 41/2 40/2
f 60/2 50/2 51/2
f 41/2 42/2 52/2 51/2
f 59/2 42/2 41/2
f 60/2 51/2 52/2
f 42/2 43/2 53/2 52/2
f 59/2 43/2 42/2
f 60/2 52/2 53/2
f 43/2 44/2 54/2 53/2
f 59/2 44/2 43/2
f 60/2 53/2 54/2
f 44/2 45/2 55/2 54/2
f 59/2 45/2 44/2
f 60/2 54/2 55/2
f 45/2 46/2 56/2 55/2
f 59/2 46/2 45/2
f 60/2 55/2 56/2
f 46/2 47/2 57/2 56/2
f 59/2 47/2 46/2
f 60/2 56/2 57/2
f 47/2 48/2 58/2 57/2
f 59/2 48/2 47/2
f 60/2 57/2 58/2
f 48/2 39/2 49/2 58/2
f 59/2 39/2 48/2
f 60/2 58/2 49/2
f 61/2 62/2 72/2 71/2
f 81/2 62/2 61/2
f 82/2 71/2 72/2
f 62/2 63/2 73/2 72/2
f 81/2 63/2 62/2
f 82/2 72/2 73/2
f 63/2 64/2 74/2 73/2
f 81/2 64/2 63/2
f 82/2 73/2 74/2
f 64/2 65/2 75/2 74/2
f 81/2 65/2 64/2
f 82/2 74/2 75/2
f 65/2 66/2 76/2 75/2
f 81/2 66/2 65/2
f 82/2 75/2 76/2
f 66/2 67/2 77/2 76/2
f 81/2 67/2 66/2
f 82/2 76/2 77/2
f 67/2 68/2 78/2 77/2
f 81/2 68/2 67/2
f 82/2 77/2 78/2
f 68/2 69/2 79/2 78/2
f 81/2 69/2 68/2
f 82/2 78/2 79/2
f 69/2 70/2 80/2 79/2
f 81/2 70/2 69/2
f 82/2 79/2 80/2
f 70/2 61/2 71/2 80/2
f 81/2 61/2 70/2
f 82/2 80/2 71/2
f 83/2 84/2 94/2 93/2
f 103/2 84/2 83/2
f 104/2 93/2 94/2
f 84/2 85/2 95/2 94/2
f 103/2 85/2 84/2
f 104/2 94/2 95/2
f 85/2 86/2 96/2 95/2
f 103/2 86/2 85/2
f 104/2 95/2 96/2
f 86/2 87/2 97/2 96/2
f 103/2 87/2 86/2
f 104/2 96/2 97/2
f 87/2 88/2 98/2 97/2
f 103/2 88/2 87/2
f 104/2 97/2 98/2
f 88/2 89/2 99/2 98/2
f 103/2 89/2 88/2
f 104/2 98/2 99/2
f 89/2 90/2 100/2 99/2
f 103/2 90/2 89/2
f 104/2 99/2 100/2
f 90/2 91/2 101/2 100/2
f 103/2 91/2 90/2
f 104/2 100/2 101/2
f 91/2 92/2 102/2 101/2
f 103/2 92/2 91/2
f 104/2 101/2 102/2
f 92/2 83/2 93/2 102/2
f 103/2 83/2 92/2
f 104/2 102/2 93/2
f 105/2 106/2 116/2 115/2
f 125/2 106/2 105/2
f 126/2 115/2 116/2
f 106/2 107/2 117/2 116/2
f 125/2 107/2 106/2
f 126/2 116/2 117/2
f 107/2 108/2 118/2 117/2
f 125/2 108/2 107/2
f 126/2 117/2 118/2
f 108/2 109/2 119/2 118/2
f 125/2 109/2 108/2
f 126/2 118/2 119/2
f 109/2 110/2 120/2 119/2
f 125/2 110/2 109/2
f 126/2 119/2 120/2
f 110/2 111/2 121/2 120/2
f 125/2 111/2 110/2
f 126/2 120/2 121/2
f 111/2 112/2 122/2 121/2
f 125/2 112/2 111/2
f 126/2 121/2 122/2
f 112/2 113/2 123/2 122/2
f 125/2 113/2 112/2
f 126/2 122/2 123/2
f 113/2 114/2 124/2 123/2
f 125/2 114/2 113/2
f 126/2 123/2 124/2
f 114/2 105/2 115/2 124/2
f 125/2 105/2 114/2
f 126/2 124/2 115/2
f 237/2 238/2 255/2
f 250/2 249/2 256/2
f 238/2 239/2 255/2
f 251/2 250/2 256/2
f 239/2 240/2 255/2
f 252/2 251/2 256/2
f 240/2 241/2 255/2
f 253/2 252/2 256/2
f 241/2 242/2 255/2
f 254/2 253/2 256/2
f 242/2 237/2 255/2
f 249/2 254/2 256/2
f 243/2 244/2 238/2 237/2
f 244/2 245/2 239/2 238/2
f 245/2 246/2 240/2 239/2
f 246/2 247/2 241/2 240/2
f 247/2 248/2 242/2 241/2
f 248/2 243/2 237/2 242/2
f 249/2 250/2 244/2 243/2
f 250/2 251/2 245/2 244/2
f 251/2 252/2 246/2 245/2
f 252/2 253/2 247/2 246/2
f 253/2 254/2 248/2 247/2
f 254/2 249/2 243/2 248/2
f 317/2 318/2 335/2
f 330/2 329/2 336/2
f 318/2 319/2 335/2
f 331/2 330/2 336/2
f 319/2 320/2 335/2
f 332/2 331/2 336/2
f 320/2 321/2 335/2
f 333/2 332/2 336/2
f 321/2 322/2 335/2
f 334/2 333/2 336/2
f 322/2 317/2 335/2
f 329/2 334/2 336/2
f 323/2 324/2 318/2 317/2
f 324/2 325/2 319/2 318/2
f 325/2 326/2 320/2 319/2
f 326/2 327/2 321/2 320/2
f 327/2 328/2 322/2 321/2
f 328/2 323/2 317/2 322/2
f 329/2 330/2 324/2 323/2
f 330/2 331/2 325/2 324/2
f 331/2 332/2 326/2 325/2
f 332/2 333/2 327/2 326/2
f 333/2 334/2 328/2 327/2
f 334/2 329/2 323/2 328/2
f 397/2 398/2 415/2
f 410/2 409/2 416/2
f 398/2 399/2 415/2
f 411/2 410/2 416/2
f 399/2 400/2 415/2
f 412/2 411/2 416/2
f 400/2 401/2 415/2
f 413/2 412/2 416/2
f 401/2 402/2 415/2
f 414/2 413/2 416/2
f 402/2 397/2 415/2
f 409/2 414/2 416/2
f 403/2 404/2 398/2 397/2
f 404/2 405/2 399/2 398/2
f 405/2 406/2 400/2 399/2
f 406/2 407/2 401/2 400/2
f 407/2 408/2 402/2 401/2
f 408/2 403/2 397/2 402/2
f 409/2 410/2 404/2 403/2
f 410/2 411/2 405/2 404/2
f 411/2 412/2 406/2 405/2
f 412/2 413/2 407/2 406/2
f 413/2 414/2 408/2 407/2
f 414/2 409/2 403/2 408/2
f 477/2 478/2 495/2
f 490/2 489/2 496/2
f 478/2 479/2 495/2
f 491/2 490/2 496/2
f 479/2 480/2 495/2
f 492/2 491/2 496/2
f 480/2 481/2 495/2
f 493/2 492/2 496/2
f 481/2 482/2 495/2
f 494/2 493/2 496/2
f 482/2 477/2 495/2
f 489/2 494/2 496/2
f 483/2 484/2 478/2 477/2
f 484/2 485/2 479/2 478/2
f 485/2 486/2 480/2 479/2
f 486/2 487/2 481/2 480/2
f 487/2 488/2 482/2 481/2
f 488/2 483/2 477/2 482/2
f 489/2 490/2 484/2 483/2
f 490/2 491/2 485/2 484/2
f 491/2 492/2 486/2 485/2
f 492/2 493/2 487/2 486/2
f 493/2 494/2 488/2 487/2
f 494/2 489/2 483/2 488/2
f 557/2 558/2 575/2
f 570/2 569/2 576/2
f 558/2 559/2 575/2
f 571/2 570/2 576/2
f 559/2 560/2 575/2
f 572/2 571/2 576/2
f 560/2 561/2 575/2
f 573/2 572/2 576/2
f 561/2 562/2 575/2
f 574/2 573/2 576/2
f 562/2 557/2 575/2
f 569/2 574/2 576/2
f 563/2 564/2 558/2 557/2
f 564/2 565/2 559/2 558/2
f 565/2 566/2 560/2 559/2
f 566/2 567/2 561/2 560/2
f 567/2 568/2 562/2 561/2
f 568/2 563/2 557/2 562/2
f 569/2 570/2 564/2 563/2
f 570/2 571/2 565/2 564/2
f 571/2 572/2 566/2 565/2
f 572/2 573/2 567/2 566/2
f 573/2 574/2 568/2 567/2
f 574/2 569/2 563/2 568/2
f 637/2 638/2 655/2
f 650/2 649/2 656/2
f 638/2 639/2 655/2
f 651/2 650/2 656/2
f 639/2 640/2 655/2
f 652/2 651/2 656/2
f 640/2 641/2 655/2
f 653/2 652/2 656/2
f 641/2 642/2 655/2
f 654/2 653/2 656/2
f 642/2 637/2 655/2
f 649/2 654/2 656/2
f 643/2 644/2 638/2 637/2
f 644/2 645/2 639/2 638/2
f 645/2 646/2 640/2 639/2
f 646/2 647/2 641/2 640/2
f 647/2 648/2 642/2 641/2
f 648/2 643/2 637/2 642/2
f 649/2 650/2 644/2 643/2
f 650/2 651/2 645/2 644/2
f 651/2 652/2 646/2 645/2
f 652/2 653/2 647/2 646/2
f 653/2 654/2 648/2 647/2
f 654/2 649/2 643/2 648/2
f 737/2 738/2 755/2
f 750/2 749/2 756/2
f 738/2 739/2 755/2
f 751/2 750/2 756/2
f 739/2 740/2 755/2
f 752/2 751/2 756/2
f 740/2 741/2 755/2
f 753/2 752/2 756/2
f 741/2 742/2 755/2
f 754/2 753/2 756/2
f 742/2 737/2 755/2
f 749/2 754/2 756/2
f 743/2 744/2 738/2 737/2
f 744/2 745/2 739/2 738/2
f 745/2 746/2 740/2 739/2
f 746/2 747/2 741/2 740/2
f 747/2 748/2 742/2 741/2
f 748/2 743/2 737/2 742/2
f 749/2 750/2 744/2 743/2
f 750/2 751/2 745/2 744/2
f 751/2 752/2 746/2 745/2
f 752/2 753/2 747/2 746/2
f 753/2 754/2 748/2 747/2
f 754/2 749/2 743/2 748/2
f 817/2 818/2 835/2
f 830/2 829/2 836/2
f 818/2 819/2 835/2
f 831/2 830/2 836/2
f 819/2 820/2 835/2
f 832/2 831/2 836/2
f 820/2 821/2 835/2
f 833/2 832/2 836/2
f 821/2 822/2 835/2
f 834/2 833/2 836/2
f 822/2 817/2 835/2
f 829/2 834/2 836/2
f 823/2 824/2 818/2 817/2
f 824/2 825/2 819/2 818/2
f 825/2 826/2 820/2 819/2
f 826/2 827/2 821/2 820/2
f 827/2 828/2 822/2 821/2
f 828/2 823/2 817/2 822/2
f 829/2 830/2 824/2 823/2
f 830/2 831/2 825/2 824/2
f 831/2 832/2 826/2 825/2
f 832/2 833/2 827/2 826/2
f 833/2 834/2 828/2 827/2
f 834/2 829/2 823/2 828/2
f 897/2 898/2 915/2
f 910/2 909/2 916/2
f 898/2 899/2 915/2
f 911/2 910/2 916/2
f 899/2 900/2 915/2
f 912/2 911/2 916/2
f 900/2 901/2 915/2
f 913/2 912/2 916/2
f 901/2 902/2 915/2
f 914/2 913/2 916/2
f 902/2 897/2 915/2
f 909/2 914/2 916/2
f 903/2 904/2 898/2 897/2
f 904/2 905/2 899/2 898/2
f 905/2 906/2 900/2 899/2
f 906/2 907/2 901/2 900/2
f 907/2 908/2 902/2 901/2
f 908/2 903/2 897/2 902/2
f 909/2 910/2 904/2 903/2
f 910/2 911/2 905/2 904/2
f 911/2 912/2 906/2 905/2
f 912/2 913/2 907/2 906/2
f 913/2 914/2 908/2 907/2
f 914/2 909/2 903/2 908/2
f 977/2 978/2 995/2
f 990/2 989/2 996/2
f 978/2 979/2 995/2
f 991/2 990/2 996/2
f 979/2 980/2 995/2
f 992/2 991/2 996/2
f 980/2 981/2 995/2
f 993/2 992/2 996/2
f 981/2 982/2 995/2
f 994/2 993/2 996/2
f 982/2 977/2 995/2
f 989/2 994/2 996/2
f 983/2 984/2 978/2 977/2
f 984/2 985/2 979/2 978/2
f 985/2 986/2 980/2 979/2
f 986/2 987/2 981/2 980/2
f 987/2 988/2 982/2 981/2
f 988/2 983/2 977/2 982/2
f 989/2 990/2 984/2 983/2
f 990/2 991/2 985/2 984/2
f 991/2 992/2 986/2 985/2
f 992/2 993/2 987/2 986/2
f 993/2 994/2 988/2 987/2
f 994/2 989/2 983/2 988/2
f 1057/2 1058/2 1075/2
f 1070/2 1069/2 1076/2
f 1058/2 1059/2 1075/2
f 1071/2 1070/2 1076/2
f 1059/2 1060/2 1075/2
f 1072/2 1071/2 1076/2
f 1060/2 1061/2 1075/2
f 1073/2 1072/2 1076/2
f 1061/2 1062/2 1075/2
f 1074/2 1073/2 1076/2
f 1062/2 1057/2 1075/2
f 1069/2 1074/2 1076/2
f 1063/2 1064/2 1058/2 1057/2
f 1064/2 1065/2 1059/2 1058/2
f 1065/2 1066/2 1060/2 1059/2
f 1066/2 1067/2 1061/2 1060/2
f 1067/2 1068/2 1062/2 1061/2
f 1068/2 1063/2 1057/2 1062/2
f 1069/2 1070/2 1064/2 1063/2
f 1070/2 1071/2 1065/2 1064/2
f 1071/2 1072/2 1066/2 1065/2
f 1072/2 1073/2 1067/2 1066/2
f 1073/2 1074/2 1068/2 1067/2
f 1074/2 1069/2 1063/2 1068/2
f 1157/2 1158/2 1175/2
f 1170/2 1169/2 1176/2
f 1158/2 1159/2 1175/2
f 1171/2 1170/2 1176/2
f 1159/2 1160/2 1175/2
f 1172/2 1171/2 1176/2
f 1160/2 1161/2 1175/2
f 1173/2 1172/2 1176/2
f 1161/2 1162/2 1175/2
f 1174/2 1173/2 1176/2
f 1162/2 1157/2 1175/2
f 1169/2 1174/2 1176/2
f 1163/2 1164/2 1158/2 1157/2
f 1164/2 1165/2 1159/2 1158/2
f 1165/2 1166/2 1160/2 1159/2
f 1166/2 1167/2 1161/2 1160/2
f 1167/2 1168/2 1162/2 1161/2
f 1168/2 1163/2 1157/2 1162/2
f 1169/2 1170/2 1164/2 1163/2
f 1170/2 1171/2 1165/2 1164/2
f 1171/2 1172/2 1166/2 1165/2
f 1172/2 1173/2 1167/2 1166/2
f 1173/2 1174/2 1168/2 1167/2
f 1174/2 1169/2 1163/2 1168/2
f 1237/2 1238/2 1255/2
f 1250/2 1249/2 1256/2
f 1238/2 1239/2 1255/2
f 1251/2 1250/2 1256/2
f 1239/2 1240/2 1255/2
f 1252/2 1251/2 1256/2
f 1240/2 1241/2 1255/2
f 1253/2 1252/2 1256/2
f 1241/2 1242/2 1255/2
f 1254/2 1253/2 1256/2
f 1242/2 1237/2 1255/2
f 1249/2 1254/2 1256/2
f 1243/2 1244/2 1238/2 1237/2
f 1244/2 1245/2 1239/2 1238/2
f 1245/2 1246/2 1240/2 1239/2
f 1246/2 1247/2 1241/2 1240/2
f 1247/2 1248/2 1242/2 1241/2
f 1248/2 1243/2 1237/2 1242/2
f 1249/2 1250/2 1244/2 1243/2
f 1250/2 1251/2 1245/2 1244/2
f 1251/2 1252/2 1246/2 1245/2
f 1252/2 1253/2 1247/2 1246/2
f 1253/2 1254/2 1248/2 1247/2
f 1254/2 1249/2 1243/2 1248/2
f 1317/2 1318/2 1335/2
f 1330/2 1329/2 1336/2
f 1318/2 1319/2 1335/2
f 1331/2 1330/2 1336/2
f 1319/2 1320/2 1335/2
f 1332/2 1331/2 1336/2
f 1320/2 1321/2 1335/2
f 1333/2 1332/2 1336/2
f 1321/2 1322/2 1335/2
f 1334/2 1333/2 1336/2
f 1322/2 1317/2 1335/2
f 1329/2 1334/2 1336/2
f 1323/2 1324/2 1318/2 1317/2
f 1324/2 1325/2 1319/2 1318/2
f 1325/2 1326/2 1320/2 1319/2
f 1326/2 1327/2 1321/2 1320/2
f 1327/2 1328/2 1322/2 1321/2
f 1328/2 1323/2 1317/2 1322/2
f 1329/2 1330/2 1324/2 1323/2
f 1330/2 1331/2 1325/2 1324/2
f 1331/2 1332/2 1326/2 1325/2
f 1332/2 1333/2 1327/2 1326/2
f 1333/2 1334/2 1328/2 1327/2
f 1334/2 1329/2 1323/2 1328/2
f 1397/2 1398/2 1415/2
f 1410/2 1409/2 1416/2
f 1398/2 1399/2 1415/2
f 1411/2 1410/2 1416/2
f 1399/2 1400/2 1415/2
f 1412/2 1411/2 1416/2
f 1400/2 1401/2 1415/2
f 1413/2 1412/2 1416/2
f 1401/2 1402/2 1415/2
f 1414/2 1413/2 1416/2
f 1402/2 1397/2 1415/2
f 1409/2 1414/2 1416/2
f 1403/2 1404/2 1398/2 1397/2
f 1404/2 1405/2 1399/2 1398/2
f 1405/2 1406/2 1400/2 1399/2
f 1406/2 1407/2 1401/2 1400/2
f 1407/2 1408/2 1402/2 1401/2
f 1408/2 1403/2 1397/2 1402/2
f 1409/2 1410/2 1404/2 1403/2
f 1410/2 1411/2 1405/2 1404/2
f 1411/2 1412/2 1406/2 1405/2
f 1412/2 1413/2 1407/2 1406/2
f 1413/2 1414/2 1408/2 1407/2
f 1414/2 1409/2 1403/2 1408/2
f 1477/2 1478/2 1495/2
f 1490/2 1489/2 1496/2
f 1478/2 1479/2 1495/2
f 1491/2 1490/2 1496/2
f 1479/2 1480/2 1495/2
f 1492/2 1491/2 1496/2
f 1480/2 1481/2 1495/2
f 1493/2 1492/2 1496/2
f 1481/2 1482/2 1495/2
f 1494/2 1493/2 1496/2
f 1482/2 1477/2 1495/2
f 1489/2 1494/2 1496/2
f 1483/2 1484/2 1478/2 1477/2
f 1484/2 1485/2 1479/2 1478/2
f 1485/2 1486/2 1480/2 1479/2
f 1486/2 1487/2 1481/2 1480/2
f 1487/2 1488/2 1482/2 1481/2
f 1488/2 1483/2 1477/2 1482/2
f 1489/2 1490/2 1484/2 1483/2
f 1490/2 1491/2 1485/2 1484/2
f 1491/2 1492/2 1486/2 1485/2
f 1492/2 1493/2 1487/2 1486/2
f 1493/2 1494/2 1488/2 1487/2
f 1494/2 1489/2 1483/2 1488/2
f 1577/2 1578/2 1595/2
f 1590/2 1589/2 1596/2
f 1578/2 1579/2 1595/2
f 1591/2 1590/2 1596/2
f 1579/2 1580/2 1595/2
f 1592/2 1591/2 1596/2
f 1580/2 1581/2 1595/2
f 1593/2 1592/2 1596/2
f 1581/2 1582/2 1595/2
f 1594/2 1593/2 1596/2
f 1582/2 1577/2 1595/2
f 1589/2 1594/2 1596/2
f 1583/2 1584/2 1578/2 1577/2
f 1584/2 1585/2 1579/2 1578/2
f 1585/2 1586/2 1580/2 1579/2
f 1586/2 1587/2 1581/2 1580/2
f 1587/2 1588/2 1582/2 1581/2
f 1588/2 1583/2 1577/2 1582/2
f 1589/2 1590/2 1584/2 1583/2
f 1590/2 1591/2 1585/2 1584/2
f 1591/2 1592/2 1586/2 1585/2
f 1592/2 1593/2 1587/2 1586/2
f 1593/2 1594/2 1588/2 1587/2
f 1594/2 1589/2 1583/2 1588/2
f 1657/2 1658/2 1675/2
f 1670/2 1669/2 1676/2
f 1658/2 1659/2 1675/2
f 1671/2 1670/2 1676/2
f 1659/2 1660/2 1675/2
f 1672/2 1671/2 1676/2
f 1660/2 1661/2 1675/2
f 1673/2 1672/2 1676/2
f 1661/2 1662/2 1675/2
f 1674/2 1673/2 1676/2
f 1662/2 1657/2 1675/2
f 1669/2 1674/2 1676/2
f 1663/2 1664/2 1658/2 1657/2
f 1664/2 1665/2 1659/2 1658/2
f 1665/2 1666/2 1660/2 1659/2
f 1666/2 1667/2 1661/2 1660/2
f 1667/2 1668/2 1662/2 1661/2
f 1668/2 1663/2 1657/2 1662/2
f 1669/2 1670/2 1664/2 1663/2
f 1670/2 1671/2 1665/2 1664/2
f 1671/2 1672/2 1666/2 1665/2
f 1672/2 1673/2 1667/2 1666/2
f 1673/2 1674/2 1668/2 1667/2
f 1674/2 1669/2 1663/2 1668/2
f 1737/2 1738/2 1755/2
f 1750/2 1749/2 1756/2
f 1738/2 1739/2 1755/2
f 1751/2 1750/2 1756/2
f 1739/2 1740/2 1755/2
f 1752/2 1751/2 1756/2
f 1740/2 1741/2 1755/2
f 1753/2 1752/2 1756/2
f 1741/2 1742/2 1755/2
f 1754/2 1753/2 1756/2
f 1742/2 1737/2 1755/2
f 1749/2 1754/2 1756/2
f 1743/2 1744/2 1738/2 1737/2
f 1744/2 1745/2 1739/2 1738/2
f 1745/2 1746/2 1740/2 1739/2
f 1746/2 1747/2 1741/2 1740/2
f 1747/2 1748/2 1742/2 1741/2
f 1748/2 1743/2 1737/2 1742/2
f 1749/2 1750/2 1744/2 1743/2
f 1750/2 1751/2 1745/2 1744/2
f 1751/2 1752/2 1746/2 1745/2
f 1752/2 1753/2 1747/2 1746/2
f 1753/2 1754/2 1748/2 1747/2
f 1754/2 1749/2 1743/2 1748/2
f 1817/2 1818/2 1835/2
f 1830/2 1829/2 1836/2
f 1818/2 1819/2 1835/2
f 1831/2 1830/2 1836/2
f 1819/2 1820/2 1835/2
f 1832/2 1831/2 1836/2
f 1820/2 1821/2 1835/2
f 1833/2 1832/2 1836/2
f 1821/2 1822/2 1835/2
f 1834/2 1833/2 1836/2
f 1822/2 1817/2 1835/2
f 1829/2 1834/2 1836/2
f 1823/2 1824/2 1818/2 1817/2
f 1824/2 1825/2 1819/2 1818/2
f 1825/2 1826/2 1820/2 1819/2
f 1826/2 1827/2 1821/2 1820/2
f 1827/2 1828/2 1822/2 1821/2
f 1828/2 1823/2 1817/2 1822/2
f 1829/2 1830/2 1824/2 1823/2
f 1830/2 1831/2 1825/2 1824/2
f 1831/2 1832/2 1826/2 1825/2
f 1832/2 1833/2 1827/2 1826/2
f 1833/2 1834/2 1828/2 1827/2
f 1834/2 1829/2 1823/2 1828/2
f 1897/2 1898/2 1915/2
f 1910/2 1909/2 1916/2
f 1898/2 1899/2 1915/2
f 1911/2 1910/2 1916/2
f 1899/2 1900/2 1915/2
f 1912/2 1911/2 1916/2
f 1900/2 1901/2 1915/2
f 1913/2 1912/2 1916/2
f 1901/2 1902/2 1915/2
f 1914/2 1913/2 1916/2
f 1902/2 1897/2 1915/2
f 1909/2 1914/2 1916/2
f 1903/2 1904/2 1898/2 1897/2
f 1904/2 1905/2 1899/2 1898/2
f 1905/2 1906/2 1900/2 1899/2
f 1906/2 1907/2 1901/2 1900/2
f 1907/2 1908/2 1902/2 1901/2
f 1908/2 1903/2 1897/2 1902/2
f 1909/2 1910/2 1904/2 1903/2
f 1910/2 1911/2 1905/2 1904/2
f 1911/2 1912/2 1906/2 1905/2
f 1912/2 1913/2 1907/2 1906/2
f 1913/2 1914/2 1908/2 1907/2
f 1914/2 1909/2 1903/2 1908/2
f 1977/2 1978/2 1995/2
f 1990/2 1989/2 1996/2
f 1978/2 1979/2 1995/2
f 1991/2 1990/2 1996/2
f 1979/2 1980/2 1995/2
f 1992/2 1991/2 1996/2
f 1980/2 1981/2 1995/2
f 1993/2 1992/2 1996/2
f 1981/2 1982/2 1995/2
f 1994/2 1993/2 1996/2
f 1982/2 1977/2 1995/2
f 1989/2 1994/2 1996/2
f 1983/2 1984/2 1978/2 1977/2
f 1984/2 1985/2 1979/2 1978/2
f 1985/2 1986/2 1980/2 1979/2
f 1986/2 1987/2 1981/2 1980/2
f 1987/2 1988/2 1982/2 1981/2
f 1988/2 1983/2 1977/2 1982/2
f 1989/2 1990/2 1984/2 1983/2
f 1990/2 1991/2 1985/2 1984/2
f 1991/2 1992/2 1986/2 1985/2
f 1992/2 1993/2 1987/2 1986/2
f 1993/2 1994/2 1988/2 1987/2
f 1994/2 1989/2 1983/2 1988/2
f 2015/2 2016/2 2047/2
f 2040/2 2039/2 2048/2
f 2016/2 2017/2 2047/2
f 2041/2 2040/2 2048/2
f 2017/2 2018/2 2047/2
f 2042/2 2041/2 2048/2
f 2018/2 2019/2 2047/2
f 2043/2 2042/2 2048/2
f 2019/2 2020/2 2047/2
f 2044/2 2043/2 2048/2
f 2020/2 2021/2 2047/2
f 2045/2 2044/2 2048/2
f 2021/2 2022/2 2047/2
f 2046/2 2045/2 2048/2
f 2022/2 2015/2 2047/2
f 2039/2 2046/2 2048/2
f 2023/2 2024/2 2016/2 2015/2
f 2024/2 2025/2 2017/2 2016/2
f 2025/2 2026/2 2018/2 2017/2
f 2026/2 2027/2 2019/2 2018/2
f 2027/2 2028/2 2020/2 2019/2
f 2028/2 2029/2 2021/2 2020/2
f 2029/2 2030/2 2022/2 2021/2
f 2030/2 2023/2 2015/2 2022/2
f 2031/2 2032/2 2024/2 2023/2
f 2032/2 2033/2 2025/2 2024/2
f 2033/2 2034/2 2026/2 2025/2
f 2034/2 2035/2 2027/2 2026/2
f 2035/2 2036/2 2028/2 2027/2
f 2036/2 2037/2 2029/2 2028/2
f 2037/2 2038/2 2030/2 2029/2
f 2038/2 2031/2 2023/2 2030/2
f 2039/2 2040/2 2032/2 2031/2
f 2040/2 2041/2 2033/2 2032/2
f 2041/2 2042/2 2034/2 2033/2
f 2042/2 2043/2 2035/2 2034/2
f 2043/2 2044/2 2036/2 2035/2
f 2044/2 2045/2 2037/2 2036/2
f 2045/2 2046/2 2038/2 2037/2
f 2046/2 2039/2 2031/2 2038/2
f 2171/2 2172/2 2203/2
f 2196/2 2195/2 2204/2
f 2172/2 2173/2 2203/2
f 2197/2 2196/2 2204/2
f 2173/2 2174/2 2203/2
f 2198/2 2197/2 2204/2
f 2174/2 2175/2 2203/2
f 2199/2 2198/2 2204/2
f 2175/2 2176/2 2203/2
f 2200/2 2199/2 2204/2
f 2176/2 2177/2 2203/2
f 2201/2 2200/2 2204/2
f 2177/2 2178/2 2203/2
f 2202/2 2201/2 2204/2
f 2178/2 2171/2 2203/2
f 2195/2 2202/2 2204/2
f 2179/2 2180/2 2172/2 2171/2
f 2180/2 2181/2 2173/2 2172/2
f 2181/2 2182/2 2174/2 2173/2
f 2182/2 2183/2 2175/2 2174/2
f 2183/2 2184/2 2176/2 2175/2
f 2184/2 2185/2 2177/2 2176/2
f 2185/2 2186/2 2178/2 2177/2
f 2186/2 2179/2 2171/2 2178/2
f 2187/2 2188/2 2180/2 2179/2
f 2188/2 2189/2 2181/2 2180/2
f 2189/2 2190/2 2182/2 2181/2
f 2190/2 2191/2 2183/2 2182/2
f 2191/2 2192/2 2184/2 2183/2
f 2192/2 2193/2 2185/2 2184/2
f 2193/2 2194/2 2186/2 2185/2
f 2194/2 2187/2 2179/2 2186/2
f 2195/2 2196/2 2188/2 2187/2
f 2196/2 2197/2 2189/2 2188/2
f 2197/2 2198/2 2190/2 2189/2
f 2198/2 2199/2 2191/2 2190/2
f 2199/2 2200/2 2192/2 2191/2
f 2200/2 2201/2 2193/2 2192/2
f 2201/2 2202/2 2194/2 2193/2
f 2202/2 2195/2 2187/2 2194/2
usemtl cream
f 127/1 128/1 138/1 137/1
f 147/1 128/1 127/1
f 148/1 137/1 138/1
f 128/1 129/1 139/1 138/1
f 147/1 129/1 128/1
f 148/1 138/1 139/1
f 129/1 130/1 140/1 139/1
f 147/1 130/1 129/1
f 148/1 139/1 140/1
f 130/1 131/1 141/1 140/1
f 147/1 131/1 130/1
f 148/1 140/1 141/1
f 131/1 132/1 142/1 141/1
f 147/1 132/1 131/1
f 148/1 141/1 142/1
f 132/1 133/1 143/1 142/1
f 147/1 133/1 132/1
f 148/1 142/1 143/1
f 133/1 134/1 144/1 143/1
f 147/1 134/1 133/1
f 148/1 143/1 144/1
f 134/1 135/1 145/1 144/1
f 147/1 135/1 134/1
f 148/1 144/1 145/1
f 135/1 136/1 146/1 145/1
f 147/1 136/1 135/1
f 148/1 145/1 146/1
f 136/1 127/1 137/1 146/1
f 147/1 127/1 136/1
f 148/1 146/1 137/1
f 149/1 150/1 160/1 159/1
f 169/1 150/1 149/1
f 170/1 159/1 160/1
f 150/1 151/1 161/1 160/1
f 169/1 151/1 150/1
f 170/1 160/1 161/1
f 151/1 152/1 162/1 161/1
f 169/1 152/1 151/1
f 170/1 161/1 162/1
f 152/1 153/1 163/1 162/1
f 169/1 153/1 152/1
f 170/1 162/1 163/1
f 153/1 154/1 164/1 163/1
f 169/1 154/1 153/1
f 170/1 163/1 164/1
f 154/1 155/1 165/1 164/1
f 169/1 155/1 154/1
f 170/1 164/1 165/1
f 155/1 156/1 166/1 165/1
f 169/1 156/1 155/1
f 170/1 165/1 166/1
f 156/1 157/1 167/1 166/1
f 169/1 157/1 156/1
f 170/1 166/1 167/1
f 157/1 158/1 168/1 167/1
f 169/1 158/1 157/1
f 170/1 167/1 168/1
f 158/1 149/1 159/1 168/1
f 169/1 149/1 158/1
f 170/1 168/1 159/1
f 171/1 172/1 182/1 181/1
f 191/1 172/1 171/1
f 192/1 181/1 182/1
f 172/1 173/1 183/1 182/1
f 191/1 173/1 172/1
f 192/1 182/1 183/1
f 173/1 174/1 184/1 183/1
f 191/1 174/1 173/1
f 192/1 183/1 184/1
f 174/1 175/1 185/1 184/1
f 191/1 175/1 174/1
f 192/1 184/1 185/1
f 175/1 176/1 186/1 185/1
f 191/1 176/1 175/1
f 192/1 185/1 186/1
f 176/1 177/1 187/1 186/1
f 191/1 177/1 176/1
f 192/1 186/1 187/1
f 177/1 178/1 188/1 187/1
f 191/1 178/1 177/1
f 192/1 187/1 188/1
f 178/1 179/1 189/1 188/1
f 191/1 179/1 178/1
f 192/1 188/1 189/1
f 179/1 180/1 190/1 189/1
f 191/1 180/1 179/1
f 192/1 189/1 190/1
f 180/1 171/1 181/1 190/1
f 191/1 171/1 180/1
f 192/1 190/1 181/1
f 193/1 194/1 204/1 203/1
f 213/1 194/1 193/1
f 214/1 203/1 204/1
f 194/1 195/1 205/1 204/1
f 213/1 195/1 194/1
f 214/1 204/1 205/1
f 195/1 196/1 206/1 205/1
f 213/1 196/1 195/1
f 214/1 205/1 206/1
f 196/1 197/1 207/1 206/1
f 213/1 197/1 196/1
f 214/1 206/1 207/1
f 197/1 198/1 208/1 207/1
f 213/1 198/1 197/1
f 214/1 207/1 208/1
f 198/1 199/1 209/1 208/1
f 213/1 199/1 198/1
f 214/1 208/1 209/1
f 199/1 200/1 210/1 209/1
f 213/1 200/1 199/1
f 214/1 209/1 210/1
f 200/1 201/1 211/1 210/1
f 213/1 201/1 200/1
f 214/1 210/1 211/1
f 201/1 202/1 212/1 211/1
f 213/1 202/1 201/1
f 214/1 211/1 212/1
f 202/1 193/1 203/1 212/1
f 213/1 193/1 202/1
f 214/1 212/1 203/1
f 215/1 216/1 226/1 225/1
f 235/1 216/1 215/1
f 236/1 225/1 226/1
f 216/1 217/1 227/1 226/1
f 235/1 217/1 216/1
f 236/1 226/1 227/1
f 217/1 218/1 228/1 227/1
f 235/1 218/1 217/1
f 236/1 227/1 228/1
f 218/1 219/1 229/1 228/1
f 235/1 219/1 218/1
f 236/1 228/1 229/1
f 219/1 220/1 230/1 229/1
f 235/1 220/1 219/1
f 236/1 229/1 230/1
f 220/1 221/1 231/1 230/1
f 235/1 221/1 220/1
f 236/1 230/1 231/1
f 221/1 222/1 232/1 231/1
f 235/1 222/1 221/1
f 236/1 231/1 232/1
f 222/1 223/1 233/1 232/1
f 235/1 223/1 222/1
f 236/1 232/1 233/1
f 223/1 224/1 234/1 233/1
f 235/1 224/1 223/1
f 236/1 233/1 234/1
f 224/1 215/1 225/1 234/1
f 235/1 215/1 224/1
f 236/1 234/1 225/1
f 257/1 258/1 275/1
f 270/1 269/1 276/1
f 258/1 259/1 275/1
f 271/1 270/1 276/1
f 259/1 260/1 275/1
f 272/1 271/1 276/1
f 260/1 261/1 275/1
f 273/1 272/1 276/1
f 261/1 262/1 275/1
f 274/1 273/1 276/1
f 262/1 257/1 275/1
f 269/1 274/1 276/1
f 263/1 264/1 258/1 257/1
f 264/1 265/1 259/1 258/1
f 265/1 266/1 260/1 259/1
f 266/1 267/1 261/1 260/1
f 267/1 268/1 262/1 261/1
f 268/1 263/1 257/1 262/1
f 269/1 270/1 264/1 263/1
f 270/1 271/1 265/1 264/1
f 271/1 272/1 266/1 265/1
f 272/1 273/1 267/1 266/1
f 273/1 274/1 268/1 267/1
f 274/1 269/1 263/1 268/1
f 337/1 338/1 355/1
f 350/1 349/1 356/1
f 338/1 339/1 355/1
f 351/1 350/1 356/1
f 339/1 340/1 355/1
f 352/1 351/1 356/1
f 340/1 341/1 355/1
f 353/1 352/1 356/1
f 341/1 342/1 355/1
f 354/1 353/1 356/1
f 342/1 337/1 355/1
f 349/1 354/1 356/1
f 343/1 344/1 338/1 337/1
f 344/1 345/1 339/1 338/1
f 345/1 346/1 340/1 339/1
f 346/1 347/1 341/1 340/1
f 347/1 348/1 342/1 341/1
f 348/1 343/1 337/1 342/1
f 349/1 350/1 344/1 343/1
f 350/1 351/1 345/1 344/1
f 351/1 352/1 346/1 345/1
f 352/1 353/1 347/1 346/1
f 353/1 354/1 348/1 347/1
f 354/1 349/1 343/1 348/1
f 417/1 418/1 435/1
f 430/1 429/1 436/1
f 418/1 419/1 435/1
f 431/1 430/1 436/1
f 419/1 420/1 435/1
f 432/1 431/1 436/1
f 420/1 421/1 435/1
f 433/1 432/1 436/1
f 421/1 422/1 435/1
f 434/1 433/1 436/1
f 422/1 417/1 435/1
f 429/1 434/1 436/1
f 423/1 424/1 418/1 417/1
f 424/1 425/1 419/1 418/1
f 425/1 426/1 420/1 419/1
f 426/1 427/1 421/1 420/1
f 427/1 428/1 422/1 421/1
f 428/1 423/1 417/1 422/1
f 429/1 430/1 424/1 423/1
f 430/1 431/1 425/1 424/1
f 431/1 432/1 426/1 425/1
f 432/1 433/1 427/1 426/1
f 433/1 434/1 428/1 427/1
f 434/1 429/1 423/1 428/1
f 497/1 498/1 515/1
f 510/1 509/1 516/1
f 498/1 499/1 515/1
f 511/1 510/1 516/1
f 499/1 500/1 515/1
f 512/1 511/1 516/1
f 500/1 501/1 515/1
f 513/1 512/1 516/1
f 501/1 502/1 515/1
f 514/1 513/1 516/1
f 502/1 497/1 515/1
f 509/1 514/1 516/1
f 503/1 504/1 498/1 497/1
f 504/1 505/1 499/1 498/1
f 505/1 506/1 500/1 499/1
f 506/1 507/1 501/1 500/1
f 507/1 508/1 502/1 501/1
f 508/1 503/1 497/1 502/1
f 509/1 510/1 504/1 503/1
f 510/1 511/1 505/1 504/1
f 511/1 512/1 506/1 505/1
f 512/1 513/1 507/1 506/1
f 513/1 514/1 508/1 507/1
f 514/1 509/1 503/1 508/1
f 577/1 578/1 595/1
f 590/1 589/1 596/1
f 578/1 579/1 595/1
f 591/1 590/1 596/1
f 579/1 580/1 595/1
f 592/1 591/1 596/1
f 580/1 581/1 595/1
f 593/1 592/1 596/1
f 581/1 582/1 595/1
f 594/1 593/1 596/1
f 582/1 577/1 595/1
f 589/1 594/1 596/1
f 583/1 584/1 578/1 577/1
f 584/1 585/1 579/1 578/1
f 585/1 586/1 580/1 579/1
f 586/1 587/1 581/1 580/1
f 587/1 588/1 582/1 581/1
f 588/1 583/1 577/1 582/1
f 589/1 590/1 584/1 583/1
f 590/1 591/1 585/1 584/1
f 591/1 592/1 586/1 585/1
f 592/1 593/1 587/1 586/1
f 593/1 594/1 588/1 587/1
f 594/1 589/1 583/1 588/1
f 657/1 658/1 675/1
f 670/1 669/1 676/1
f 658/1 659/1 675/1
f 671/1 670/1 676/1
f 659/1 660/1 675/1
f 672/1 671/1 676/1
f 660/1 661/1 675/1
f 673/1 672/1 676/1
f 661/1 662/1 675/1
f 674/1 673/1 676/1
f 662/1 657/1 675/1
f 669/1 674/1 676/1
f 663/1 664/1 658/1 657/1
f 664/1 665/1 659/1 658/1
f 665/1 666/1 660/1 659/1
f 666/1 667/1 661/1 660/1
f 667/1 668/1 662/1 661/1
f 668/1 663/1 657/1 662/1
f 669/1 670/1 664/1 663/1
f 670/1 671/1 665/1 664/1
f 671/1 672/1 666/1 665/1
f 672/1 673/1 667/1 666/1
f 673/1 674/1 668/1 667/1
f 674/1 669/1 663/1 668/1
f 677/1 678/1 695/1
f 690/1 689/1 696/1
f 678/1 679/1 695/1
f 691/1 690/1 696/1
f 679/1 680/1 695/1
f 692/1 691/1 696/1
f 680/1 681/1 695/1
f 693/1 692/1 696/1
f 681/1 682/1 695/1
f 694/1 693/1 696/1
f 682/1 677/1 695/1
f 689/1 694/1 696/1
f 683/1 684/1 678/1 677/1
f 684/1 685/1 679/1 678/1
f 685/1 686/1 680/1 679/1
f 686/1 687/1 681/1 680/1
f 687/1 688/1 682/1 681/1
f 688/1 683/1 677/1 682/1
f 689/1 690/1 684/1 683/1
f 690/1 691/1 685/1 684/1
f 691/1 692/1 686/1 685/1
f 692/1 693/1 687/1 686/1
f 693/1 694/1 688/1 687/1
f 694/1 689/1 683/1 688/1
f 757/1 758/1 775/1
f 770/1 769/1 776/1
f 758/1 759/1 775/1
f 771/1 770/1 776/1
f 759/1 760/1 775/1
f 772/1 771/1 776/1
f 760/1 761/1 775/1
f 773/1 772/1 776/1
f 761/1 762/1 775/1
f 774/1 773/1 776/1
f 762/1 757/1 775/1
f 769/1 774/1 776/1
f 763/1 764/1 758/1 757/1
f 764/1 765/1 759/1 758/1
f 765/1 766/1 760/1 759/1
f 766/1 767/1 761/1 760/1
f 767/1 768/1 762/1 761/1
f 768/1 763/1 757/1 762/1
f 769/1 770/1 764/1 763/1
f 770/1 771/1 765/1 764/1
f 771/1 772/1 766/1 765/1
f 772/1 773/1 767/1 766/1
f 773/1 774/1 768/1 767/1
f 774/1 769/1 763/1 768/1
f 837/1 838/1 855/1
f 850/1 849/1 856/1
f 838/1 839/1 855/1
f 851/1 850/1 856/1
f 839/1 840/1 855/1
f 852/1 851/1 856/1
f 840/1 841/1 855/1
f 853/1 852/1 856/1
f 841/1 842/1 855/1
f 854/1 853/1 856/1
f 842/1 837/1 855/1
f 849/1 854/1 856/1
f 843/1 844/1 838/1 837/1
f 844/1 845/1 839/1 838/1
f 845/1 846/1 840/1 839/1
f 846/1 847/1 841/1 840/1
f 847/1 848/1 842/1 841/1
f 848/1 843/1 837/1 842/1
f 849/1 850/1 844/1 843/1
f 850/1 851/1 845/1 844/1
f 851/1 852/1 846/1 845/1
f 852/1 853/1 847/1 846/1
f 853/1 854/1 848/1 847/1
f 854/1 849/1 843/1 848/1
f 917/1 918/1 935/1
f 930/1 929/1 936/1
f 918/1 919/1 935/1
f 931/1 930/1 936/1
f 919/1 920/1 935/1
f 932/1 931/1 936/1
f 920/1 921/1 935/1
f 933/1 932/1 936/1
f 921/1 922/1 935/1
f 934/1 933/1 936/1
f 922/1 917/1 935/1
f 929/1 934/1 936/1
f 923/1 924/1 918/1 917/1
f 924/1 925/1 919/1 918/1
f 925/1 926/1 920/1 919/1
f 926/1 927/1 921/1 920/1
f 927/1 928/1 922/1 921/1
f 928/1 923/1 917/1 922/1
f 929/1 930/1 924/1 923/1
f 930/1 931/1 925/1 924/1
f 931/1 932/1 926/1 925/1
f 932/1 933/1 927/1 926/1
f 933/1 934/1 928/1 927/1
f 934/1 929/1 923/1 928/1
f 997/1 998/1 1015/1
f 1010/1 1009/1 1016/1
f 998/1 999/1 1015/1
f 1011/1 1010/1 1016/1
f 999/1 1000/1 1015/1
f 1012/1 1011/1 1016/1
f 1000/1 1001/1 1015/1
f 1013/1 1012/1 1016/1
f 1001/1 1002/1 1015/1
f 1014/1 1013/1 1016/1
f 1002/1 997/1 1015/1
f 1009/1 1014/1 1016/1
f 1003/1 1004/1 998/1 997/1
f 1004/1 1005/1 999/1 998/1
f 1005/1 1006/1 1000/1 999/1
f 1006/1 1007/1 1001/1 1000/1
f 1007/1 1008/1 1002/1 1001/1
f 1008/1 1003/1 997/1 1002/1
f 1009/1 1010/1 1004/1 1003/1
f 1010/1 1011/1 1005/1 1004/1
f 1011/1 1012/1 1006/1 1005/1
f 1012/1 1013/1 1007/1 1006/1
f 1013/1 1014/1 1008/1 1007/1
f 1014/1 1009/1 1003/1 1008/1
f 1077/1 1078/1 1095/1
f 1090/1 1089/1 1096/1
f 1078/1 1079/1 1095/1
f 1091/1 1090/1 1096/1
f 1079/1 1080/1 1095/1
f 1092/1 1091/1 1096/1
f 1080/1 1081/1 1095/1
f 1093/1 1092/1 1096/1
f 1081/1 1082/1 1095/1
f 1094/1 1093/1 1096/1
f 1082/1 1077/1 1095/1
f 1089/1 1094/1 1096/1
f 1083/1 1084/1 1078/1 1077/1
f 1084/1 1085/1 1079/1 1078/1
f 1085/1 1086/1 1080/1 1079/1
f 1086/1 1087/1 1081/1 1080/1
f 1087/1 1088/1 1082/1 1081/1
f 1088/1 1083/1 1077/1 1082/1
f 1089/1 1090/1 1084/1 1083/1
f 1090/1 1091/1 1085/1 1084/1
f 1091/1 1092/1 1086/1 1085/1
f 1092/1 1093/1 1087/1 1086/1
f 1093/1 1094/1 1088/1 1087/1
f 1094/1 1089/1 1083/1 1088/1
f 1177/1 1178/1 1195/1
f 1190/1 1189/1 1196/1
f 1178/1 1179/1 1195/1
f 1191/1 1190/1 1196/1
f 1179/1 1180/1 1195/1
f 1192/1 1191/1 1196/1
f 1180/1 1181/1 1195/1
f 1193/1 1192/1 1196/1
f 1181/1 1182/1 1195/1
f 1194/1 1193/1 1196/1
f 1182/1 1177/1 1195/1
f 1189/1 1194/1 1196/1
f 1183/1 1184/1 1178/1 1177/1
f 1184/1 1185/1 1179/1 1178/1
f 1185/1 1186/1 1180/1 1179/1
f 1186/1 1187/1 1181/1 1180/1
f 1187/1 1188/1 1182/1 1181/1
f 1188/1 1183/1 1177/1 1182/1
f 1189/1 1190/1 1184/1 1183/1
f 1190/1 1191/1 1185/1 1184/1
f 1191/1 1192/1 1186/1 1185/1
f 1192/1 1193/1 1187/1 1186/1
f 1193/1 1194/1 1188/1 1187/1
f 1194/1 1189/1 1183/1 1188/1
f 1257/1 1258/1 1275/1
f 1270/1 1269/1 1276/1
f 1258/1 1259/1 1275/1
f 1271/1 1270/1 1276/1
f 1259/1 1260/1 1275/1
f 1272/1 1271/1 1276/1
f 1260/1 1261/1 1275/1
f 1273/1 1272/1 1276/1
f 1261/1 1262/1 1275/1
f 1274/1 1273/1 1276/1
f 1262/1 1257/1 1275/1
f 1269/1 1274/1 1276/1
f 1263/1 1264/1 1258/1 1257/1
f 1264/1 1265/1 1259/1 1258/1
f 1265/1 1266/1 1260/1 1259/1
f 1266/1 1267/1 1261/1 1260/1
f 1267/1 1268/1 1262/1 1261/1
f 1268/1 1263/1 1257/1 1262/1
f 1269/1 1270/1 1264/1 1263/1
f 1270/1 1271/1 1265/1 1264/1
f 1271/1 1272/1 1266/1 1265/1
f 1272/1 1273/1 1267/1 1266/1
f 1273/1 1274/1 1268/1 1267/1
f 1274/1 1269/1 1263/1 1268/1
f 1337/1 1338/1 1355/1
f 1350/1 1349/1 1356/1
f 1338/1 1339/1 1355/1
f 1351/1 1350/1 1356/1
f 1339/1 1340/1 1355/1
f 1352/1 1351/1 1356/1
f 1340/1 1341/1 1355/1
f 1353/1 1352/1 1356/1
f 1341/1 1342/1 1355/1
f 1354/1 1353/1 1356/1
f 1342/1 1337/1 1355/1
f 1349/1 1354/1 1356/1
f 1343/1 1344/1 1338/1 1337/1
f 1344/1 1345/1 1339/1 1338/1
f 1345/1 1346/1 1340/1 1339/1
f 1346/1 1347/1 1341/1 1340/1
f 1347/1 1348/1 1342/1 1341/1
f 1348/1 1343/1 1337/1 1342/1
f 1349/1 1350/1 1344/1 1343/1
f 1350/1 1351/1 1345/1 1344/1
f 1351/1 1352/1 1346/1 1345/1
f 1352/1 1353/1 1347/1 1346/1
f 1353/1 1354/1 1348/1 1347/1
f 1354/1 1349/1 1343/1 1348/1
f 1417/1 1418/1 1435/1
f 1430/1 1429/1 1436/1
f 1418/1 1419/1 1435/1
f 1431/1 1430/1 1436/1
f 1419/1 1420/1 1435/1
f 1432/1 1431/1 1436/1
f 1420/1 1421/1 1435/1
f 1433/1 1432/1 1436/1
f 1421/1 1422/1 1435/1
f 1434/1 1433/1 1436/1
f 1422/1 1417/1 1435/1
f 1429/1 1434/1 1436/1
f 1423/1 1424/1 1418/1 1417/1
f 1424/1 1425/1 1419/1 1418/1
f 1425/1 1426/1 1420/1 1419/1
f 1426/1 1427/1 1421/1 1420/1
f 1427/1 1428/1 1422/1 1421/1
f 1428/1 1423/1 1417/1 1422/1
f 1429/1 1430/1 1424/1 1423/1
f 1430/1 1431/1 1425/1 1424/1
f 1431/1 1432/1 1426/1 1425/1
f 1432/1 1433/1 1427/1 1426/1
f 1433/1 1434/1 1428/1 1427/1
f 1434/1 1429/1 1423/1 1428/1
f 1497/1 1498/1 1515/1
f 1510/1 1509/1 1516/1
f 1498/1 1499/1 1515/1
f 1511/1 1510/1 1516/1
f 1499/1 1500/1 1515/1
f 1512/1 1511/1 1516/1
f 1500/1 1501/1 1515/1
f 1513/1 1512/1 1516/1
f 1501/1 1502/1 1515/1
f 1514/1 1513/1 1516/1
f 1502/1 1497/1 1515/1
f 1509/1 1514/1 1516/1
f 1503/1 1504/1 1498/1 1497/1
f 1504/1 1505/1 1499/1 1498/1
f 1505/1 1506/1 1500/1 1499/1
f 1506/1 1507/1 1501/1 1500/1
f 1507/1 1508/1 1502/1 1501/1
f 1508/1 1503/1 1497/1 1502/1
f 1509/1 1510/1 1504/1 1503/1
f 1510/1 1511/1 1505/1 1504/1
f 1511/1 1512/1 1506/1 1505/1
f 1512/1 1513/1 1507/1 1506/1
f 1513/1 1514/1 1508/1 1507/1
f 1514/1 1509/1 1503/1 1508/1
f 1597/1 1598/1 1615/1
f 1610/1 1609/1 1616/1
f 1598/1 1599/1 1615/1
f 1611/1 1610/1 1616/1
f 1599/1 1600/1 1615/1
f 1612/1 1611/1 1616/1
f 1600/1 1601/1 1615/1
f 1613/1 1612/1 1616/1
f 1601/1 1602/1 1615/1
f 1614/1 1613/1 1616/1
f 1602/1 1597/1 1615/1
f 1609/1 1614/1 1616/1
f 1603/1 1604/1 1598/1 1597/1
f 1604/1 1605/1 1599/1 1598/1
f 1605/1 1606/1 1600/1 1599/1
f 1606/1 1607/1 1601/1 1600/1
f 1607/1 1608/1 1602/1 1601/1
f 1608/1 1603/1 1597/1 1602/1
f 1609/1 1610/1 1604/1 1603/1
f 1610/1 1611/1 1605/1 1604/1
f 1611/1 1612/1 1606/1 1605/1
f 1612/1 1613/1 1607/1 1606/1
f 1613/1 1614/1 1608/1 1607/1
f 1614/1 1609/1 1603/1 1608/1
f 1677/1 1678/1 1695/1
f 1690/1 1689/1 1696/1
f 1678/1 1679/1 1695/1
f 1691/1 1690/1 1696/1
f 1679/1 1680/1 1695/1
f 1692/1 1691/1 1696/1
f 1680/1 1681/1 1695/1
f 1693/1 1692/1 1696/1
f 1681/1 1682/1 1695/1
f 1694/1 1693/1 1696/1
f 1682/1 1677/1 1695/1
f 1689/1 1694/1 1696/1
f 1683/1 1684/1 1678/1 1677/1
f 1684/1 1685/1 1679/1 1678/1
f 1685/1 1686/1 1680/1 1679/1
f 1686/1 1687/1 1681/1 1680/1
f 1687/1 1688/1 1682/1 1681/1
f 1688/1 1683/1 1677/1 1682/1
f 1689/1 1690/1 1684/1 1683/1
f 1690/1 1691/1 1685/1 1684/1
f 1691/1 1692/1 1686/1 1685/1
f 1692/1 1693/1 1687/1 1686/1
f 1693/1 1694/1 1688/1 1687/1
f 1694/1 1689/1 1683/1 1688/1
f 1757/1 1758/1 1775/1
f 1770/1 1769/1 1776/1
f 1758/1 1759/1 1775/1
f 1771/1 1770/1 1776/1
f 1759/1 1760/1 1775/1
f 1772/1 1771/1 1776/1
f 1760/1 1761/1 1775/1
f 1773/1 1772/1 1776/1
f 1761/1 1762/1 1775/1
f 1774/1 1773/1 1776/1
f 1762/1 1757/1 1775/1
f 1769/1 1774/1 1776/1
f 1763/1 1764/1 1758/1 1757/1
f 1764/1 1765/1 1759/1 1758/1
f 1765/1 1766/1 1760/1 1759/1
f 1766/1 1767/1 1761/1 1760/1
f 1767/1 1768/1 1762/1 1761/1
f 1768/1 1763/1 1757/1 1762/1
f 1769/1 1770/1 1764/1 1763/1
f 1770/1 1771/1 1765/1 1764/1
f 1771/1 1772/1 1766/1 1765/1
f 1772/1 1773/1 1767/1 1766/1
f 1773/1 1774/1 1768/1 1767/1
f 1774/1 1769/1 1763/1 1768/1
f 1837/1 1838/1 1855/1
f 1850/1 1849/1 1856/1
f 1838/1 1839/1 1855/1
f 1851/1 1850/1 1856/1
f 1839/1 1840/1 1855/1
f 1852/1 1851/1 1856/1
f 1840/1 1841/1 1855/1
f 1853/1 1852/1 1856/1
f 1841/1 1842/1 1855/1
f 1854/1 1853/1 1856/1
f 1842/1 1837/1 1855/1
f 1849/1 1854/1 1856/1
f 1843/1 1844/1 1838/1 1837/1
f 1844/1 1845/1 1839/1 1838/1
f 1845/1 1846/1 1840/1 1839/1
f 1846/1 1847/1 1841/1 1840/1
f 1847/1 1848/1 1842/1 1841/1
f 1848/1 1843/1 1837/1 1842/1
f 1849/1 1850/1 1844/1 1843/1
f 1850/1 1851/1 1845/1 1844/1
f 1851/1 1852/1 1846/1 1845/1
f 1852/1 1853/1 1847/1 1846/1
f 1853/1 1854/1 1848/1 1847/1
f 1854/1 1849/1 1843/1 1848/1
f 1917/1 1918/1 1935/1
f 1930/1 1929/1 1936/1
f 1918/1 1919/1 1935/1
f 1931/1 1930/1 1936/1
f 1919/1 1920/1 1935/1
f 1932/1 1931/1 1936/1
f 1920/1 1921/1 1935/1
f 1933/1 1932/1 1936/1
f 1921/1 1922/1 1935/1
f 1934/1 1933/1 1936/1
f 1922/1 1917/1 1935/1
f 1929/1 1934/1 1936/1
f 1923/1 1924/1 1918/1 1917/1
f 1924/1 1925/1 1919/1 1918/1
f 1925/1 1926/1 1920/1 1919/1
f 1926/1 1927/1 1921/1 1920/1
f 1927/1 1928/1 1922/1 1921/1
f 1928/1 1923/1 1917/1 1922/1
f 1929/1 1930/1 1924/1 1923/1
f 1930/1 1931/1 1925/1 1924/1
f 1931/1 1932/1 1926/1 1925/1
f 1932/1 1933/1 1927/1 1926/1
f 1933/1 1934/1 1928/1 1927/1
f 1934/1 1929/1 1923/1 1928/1
usemtl wood
f 1998/5 2000/5 1999/5 1997/5
f 1997/5 1999/5 2013/5
f 2000/5 1998/5 2014/5
f 2000/5 2002/5 2001/5 1999/5
f 1999/5 2001/5 2013/5
f 2002/5 2000/5 2014/5
f 2002/5 2004/5 2003/5 2001/5
f 2001/5 2003/5 2013/5
f 2004/5 2002/5 2014/5
f 2004/5 2006/5 2005/5 2003/5
f 2003/5 2005/5 2013/5
f 2006/5 2004/5 2014/5
f 2006/5 2008/5 2007/5 2005/5
f 2005/5 2007/5 2013/5
f 2008/5 2006/5 2014/5
f 2008/5 2010/5 2009/5 2007/5
f 2007/5 2009/5 2013/5
f 2010/5 2008/5 2014/5
f 2010/5 2012/5 2011/5 2009/5
f 2009/5 2011/5 2013/5
f 2012/5 2010/5 2014/5
f 2012/5 1998/5 1997/5 2011/5
f 2011/5 1997/5 2013/5
f 1998/5 2012/5 2014/5
f 2050/5 2052/5 2051/5 2049/5
f 2049/5 2051/5 2065/5
f 2052/5 2050/5 2066/5
f 2052/5 2054/5 2053/5 2051/5
f 2051/5 2053/5 2065/5
f 2054/5 2052/5 2066/5
f 2054/5 2056/5 2055/5 2053/5
f 2053/5 2055/5 2065/5
f 2056/5 2054/5 2066/5
f 2056/5 2058/5 2057/5 2055/5
f 2055/5 2057/5 2065/5
f 2058/5 2056/5 2066/5
f 2058/5 2060/5 2059/5 2057/5
f 2057/5 2059/5 2065/5
f 2060/5 2058/5 2066/5
f 2060/5 2062/5 2061/5 2059/5
f 2059/5 2061/5 2065/5
f 2062/5 2060/5 2066/5
f 2062/5 2064/5 2063/5 2061/5
f 2061/5 2063/5 2065/5
f 2064/5 2062/5 2066/5
f 2064/5 2050/5 2049/5 2063/5
f 2063/5 2049/5 2065/5
f 2050/5 2064/5 2066/5
f 2102/5 2104/5 2103/5 2101/5
f 2101/5 2103/5 2117/5
f 2104/5 2102/5 2118/5
f 2104/5 2106/5 2105/5 2103/5
f 2103/5 2105/5 2117/5
f 2106/5 2104/5 2118/5
f 2106/5 2108/5 2107/5 2105/5
f 2105/5 2107/5 2117/5
f 2108/5 2106/5 2118/5
f 2108/5 2110/5 2109/5 2107/5
f 2107/5 2109/5 2117/5
f 2110/5 2108/5 2118/5
f 2110/5 2112/5 2111/5 2109/5
f 2109/5 2111/5 2117/5
f 2112/5 2110/5 2118/5
f 2112/5 2114/5 2113/5 2111/5
f 2111/5 2113/5 2117/5
f 2114/5 2112/5 2118/5
f 2114/5 2116/5 2115/5 2113/5
f 2113/5 2115/5 2117/5
f 2116/5 2114/5 2118/5
f 2116/5 2102/5 2101/5 2115/5
f 2115/5 2101/5 2117/5
f 2102/5 2116/5 2118/5
f 2154/5 2156/5 2155/5 2153/5
f 2153/5 2155/5 2169/5
f 2156/5 2154/5 2170/5
f 2156/5 2158/5 2157/5 2155/5
f 2155/5 2157/5 2169/5
f 2158/5 2156/5 2170/5
f 2158/5 2160/5 2159/5 2157/5
f 2157/5 2159/5 2169/5
f 2160/5 2158/5 2170/5
f 2160/5 2162/5 2161/5 2159/5
f 2159/5 2161/5 2169/5
f 2162/5 2160/5 2170/5
f 2162/5 2164/5 2163/5 2161/5
f 2161/5 2163/5 2169/5
f 2164/5 2162/5 2170/5
f 2164/5 2166/5 2165/5 2163/5
f 2163/5 2165/5 2169/5
f 2166/5 2164/5 2170/5
f 2166/5 2168/5 2167/5 2165/5
f 2165/5 2167/5 2169/5
f 2168/5 2166/5 2170/5
f 2168/5 2154/5 2153/5 2167/5
f 2167/5 2153/5 2169/5
f 2154/5 2168/5 2170/5
