# ParkParkTeacupsRotor — ParkPark original fairground mesh
mtllib ParkParkFairground.mtl
o ParkParkTeacupsRotor
v 0.00000 0.62000 0.00000
v 0.00000 0.62000 0.00000
v 0.00000 0.62000 0.00000
v 0.00000 0.62000 0.00000
v 0.00000 0.62000 0.00000
v 0.00000 0.62000 0.00000
v 0.00000 0.62000 0.00000
v 0.00000 0.62000 0.00000
v 0.00000 0.62000 0.00000
v -0.00000 0.62000 0.00000
v -0.00000 0.62000 0.00000
v -0.00000 0.62000 0.00000
v -0.00000 0.62000 0.00000
v -0.00000 0.62000 0.00000
v -0.00000 0.62000 0.00000
v -0.00000 0.62000 0.00000
v -0.00000 0.62000 0.00000
v -0.00000 0.62000 -0.00000
v -0.00000 0.62000 -0.00000
v -0.00000 0.62000 -0.00000
v -0.00000 0.62000 -0.00000
v -0.00000 0.62000 -0.00000
v -0.00000 0.62000 -0.00000
v -0.00000 0.62000 -0.00000
v -0.00000 0.62000 -0.00000
v 0.00000 0.62000 -0.00000
v 0.00000 0.62000 -0.00000
v 0.00000 0.62000 -0.00000
v 0.00000 0.62000 -0.00000
v 0.00000 0.62000 -0.00000
v 0.00000 0.62000 -0.00000
v 0.00000 0.62000 -0.00000
v 0.76000 0.62000 0.00000
v 0.74540 0.62000 0.14827
v 0.70215 0.62000 0.29084
v 0.63192 0.62000 0.42223
v 0.53740 0.62000 0.53740
v 0.42223 0.62000 0.63192
v 0.29084 0.62000 0.70215
v 0.14827 0.62000 0.74540
v 0.00000 0.62000 0.76000
v -0.14827 0.62000 0.74540
v -0.29084 0.62000 0.70215
v -0.42223 0.62000 0.63192
v -0.53740 0.62000 0.53740
v -0.63192 0.62000 0.42223
v -0.70215 0.62000 0.29084
v -0.74540 0.62000 0.14827
v -0.76000 0.62000 0.00000
v -0.74540 0.62000 -0.14827
v -0.70215 0.62000 -0.29084
v -0.63192 0.62000 -0.42223
v -0.53740 0.62000 -0.53740
v -0.42223 0.62000 -0.63192
v -0.29084 0.62000 -0.70215
v -0.14827 0.62000 -0.74540
v -0.00000 0.62000 -0.76000
v 0.14827 0.62000 -0.74540
v 0.29084 0.62000 -0.70215
v 0.42223 0.62000 -0.63192
v 0.53740 0.62000 -0.53740
v 0.63192 0.62000 -0.42223
v 0.70215 0.62000 -0.29084
v 0.74540 0.62000 -0.14827
v 0.94000 0.90000 0.00000
v 0.92194 0.90000 0.18338
v 0.86845 0.90000 0.35972
v 0.78158 0.90000 0.52224
v 0.66468 0.90000 0.66468
v 0.52224 0.90000 0.78158
v 0.35972 0.90000 0.86845
v 0.18338 0.90000 0.92194
v 0.00000 0.90000 0.94000
v -0.18338 0.90000 0.92194
v -0.35972 0.90000 0.86845
v -0.52224 0.90000 0.78158
v -0.66468 0.90000 0.66468
v -0.78158 0.90000 0.52224
v -0.86845 0.90000 0.35972
v -0.92194 0.90000 0.18338
v -0.94000 0.90000 0.00000
v -0.92194 0.90000 -0.18338
v -0.86845 0.90000 -0.35972
v -0.78158 0.90000 -0.52224
v -0.66468 0.90000 -0.66468
v -0.52224 0.90000 -0.78158
v -0.35972 0.90000 -0.86845
v -0.18338 0.90000 -0.92194
v -0.00000 0.90000 -0.94000
v 0.18338 0.90000 -0.92194
v 0.35972 0.90000 -0.86845
v 0.52224 0.90000 -0.78158
v 0.66468 0.90000 -0.66468
v 0.78158 0.90000 -0.52224
v 0.86845 0.90000 -0.35972
v 0.92194 0.90000 -0.18338
v 0.66000 1.20000 0.00000
v 0.64732 1.20000 0.12876
v 0.60976 1.20000 0.25257
v 0.54877 1.20000 0.36668
v 0.46669 1.20000 0.46669
v 0.36668 1.20000 0.54877
v 0.25257 1.20000 0.60976
v 0.12876 1.20000 0.64732
v 0.00000 1.20000 0.66000
v -0.12876 1.20000 0.64732
v -0.25257 1.20000 0.60976
v -0.36668 1.20000 0.54877
v -0.46669 1.20000 0.46669
v -0.54877 1.20000 0.36668
v -0.60976 1.20000 0.25257
v -0.64732 1.20000 0.12876
v -0.66000 1.20000 0.00000
v -0.64732 1.20000 -0.12876
v -0.60976 1.20000 -0.25257
v -0.54877 1.20000 -0.36668
v -0.46669 1.20000 -0.46669
v -0.36668 1.20000 -0.54877
v -0.25257 1.20000 -0.60976
v -0.12876 1.20000 -0.64732
v -0.00000 1.20000 -0.66000
v 0.12876 1.20000 -0.64732
v 0.25257 1.20000 -0.60976
v 0.36668 1.20000 -0.54877
v 0.46669 1.20000 -0.46669
v 0.54877 1.20000 -0.36668
v 0.60976 1.20000 -0.25257
v 0.64732 1.20000 -0.12876
v 0.55000 4.00000 0.00000
v 0.53943 4.00000 0.10730
v 0.50813 4.00000 0.21048
v 0.45731 4.00000 0.30556
v 0.38891 4.00000 0.38891
v 0.30556 4.00000 0.45731
v 0.21048 4.00000 0.50813
v 0.10730 4.00000 0.53943
v 0.00000 4.00000 0.55000
v -0.10730 4.00000 0.53943
v -0.21048 4.00000 0.50813
v -0.30556 4.00000 0.45731
v -0.38891 4.00000 0.38891
v -0.45731 4.00000 0.30556
v -0.50813 4.00000 0.21048
v -0.53943 4.00000 0.10730
v -0.55000 4.00000 0.00000
v -0.53943 4.00000 -0.10730
v -0.50813 4.00000 -0.21048
v -0.45731 4.00000 -0.30556
v -0.38891 4.00000 -0.38891
v -0.30556 4.00000 -0.45731
v -0.21048 4.00000 -0.50813
v -0.10730 4.00000 -0.53943
v -0.00000 4.00000 -0.55000
v 0.10730 4.00000 -0.53943
v 0.21048 4.00000 -0.50813
v 0.30556 4.00000 -0.45731
v 0.38891 4.00000 -0.38891
v 0.45731 4.00000 -0.30556
v 0.50813 4.00000 -0.21048
v 0.53943 4.00000 -0.10730
v 0.78000 4.20000 0.00000
v 0.76501 4.20000 0.15217
v 0.72063 4.20000 0.29849
v 0.64855 4.20000 0.43334
v 0.55154 4.20000 0.55154
v 0.43334 4.20000 0.64855
v 0.29849 4.20000 0.72063
v 0.15217 4.20000 0.76501
v 0.00000 4.20000 0.78000
v -0.15217 4.20000 0.76501
v -0.29849 4.20000 0.72063
v -0.43334 4.20000 0.64855
v -0.55154 4.20000 0.55154
v -0.64855 4.20000 0.43334
v -0.72063 4.20000 0.29849
v -0.76501 4.20000 0.15217
v -0.78000 4.20000 0.00000
v -0.76501 4.20000 -0.15217
v -0.72063 4.20000 -0.29849
v -0.64855 4.20000 -0.43334
v -0.55154 4.20000 -0.55154
v -0.43334 4.20000 -0.64855
v -0.29849 4.20000 -0.72063
v -0.15217 4.20000 -0.76501
v -0.00000 4.20000 -0.78000
v 0.15217 4.20000 -0.76501
v 0.29849 4.20000 -0.72063
v 0.43334 4.20000 -0.64855
v 0.55154 4.20000 -0.55154
v 0.64855 4.20000 -0.43334
v 0.72063 4.20000 -0.29849
v 0.76501 4.20000 -0.15217
v 0.55000 4.48000 0.00000
v 0.53943 4.48000 0.10730
v 0.50813 4.48000 0.21048
v 0.45731 4.48000 0.30556
v 0.38891 4.48000 0.38891
v 0.30556 4.48000 0.45731
v 0.21048 4.48000 0.50813
v 0.10730 4.48000 0.53943
v 0.00000 4.48000 0.55000
v -0.10730 4.48000 0.53943
v -0.21048 4.48000 0.50813
v -0.30556 4.48000 0.45731
v -0.38891 4.48000 0.38891
v -0.45731 4.48000 0.30556
v -0.50813 4.48000 0.21048
v -0.53943 4.48000 0.10730
v -0.55000 4.48000 0.00000
v -0.53943 4.48000 -0.10730
v -0.50813 4.48000 -0.21048
v -0.45731 4.48000 -0.30556
v -0.38891 4.48000 -0.38891
v -0.30556 4.48000 -0.45731
v -0.21048 4.48000 -0.50813
v -0.10730 4.48000 -0.53943
v -0.00000 4.48000 -0.55000
v 0.10730 4.48000 -0.53943
v 0.21048 4.48000 -0.50813
v 0.30556 4.48000 -0.45731
v 0.38891 4.48000 -0.38891
v 0.45731 4.48000 -0.30556
v 0.50813 4.48000 -0.21048
v 0.53943 4.48000 -0.10730
v 0.48000 7.18000 0.00000
v 0.47078 7.18000 0.09364
v 0.44346 7.18000 0.18369
v 0.39911 7.18000 0.26667
v 0.33941 7.18000 0.33941
v 0.26667 7.18000 0.39911
v 0.18369 7.18000 0.44346
v 0.09364 7.18000 0.47078
v 0.00000 7.18000 0.48000
v -0.09364 7.18000 0.47078
v -0.18369 7.18000 0.44346
v -0.26667 7.18000 0.39911
v -0.33941 7.18000 0.33941
v -0.39911 7.18000 0.26667
v -0.44346 7.18000 0.18369
v -0.47078 7.18000 0.09364
v -0.48000 7.18000 0.00000
v -0.47078 7.18000 -0.09364
v -0.44346 7.18000 -0.18369
v -0.39911 7.18000 -0.26667
v -0.33941 7.18000 -0.33941
v -0.26667 7.18000 -0.39911
v -0.18369 7.18000 -0.44346
v -0.09364 7.18000 -0.47078
v -0.00000 7.18000 -0.48000
v 0.09364 7.18000 -0.47078
v 0.18369 7.18000 -0.44346
v 0.26667 7.18000 -0.39911
v 0.33941 7.18000 -0.33941
v 0.39911 7.18000 -0.26667
v 0.44346 7.18000 -0.18369
v 0.47078 7.18000 -0.09364
v 0.80000 7.42000 0.00000
v 0.78463 7.42000 0.15607
v 0.73910 7.42000 0.30615
v 0.66518 7.42000 0.44446
v 0.56569 7.42000 0.56569
v 0.44446 7.42000 0.66518
v 0.30615 7.42000 0.73910
v 0.15607 7.42000 0.78463
v 0.00000 7.42000 0.80000
v -0.15607 7.42000 0.78463
v -0.30615 7.42000 0.73910
v -0.44446 7.42000 0.66518
v -0.56569 7.42000 0.56569
v -0.66518 7.42000 0.44446
v -0.73910 7.42000 0.30615
v -0.78463 7.42000 0.15607
v -0.80000 7.42000 0.00000
v -0.78463 7.42000 -0.15607
v -0.73910 7.42000 -0.30615
v -0.66518 7.42000 -0.44446
v -0.56569 7.42000 -0.56569
v -0.44446 7.42000 -0.66518
v -0.30615 7.42000 -0.73910
v -0.15607 7.42000 -0.78463
v -0.00000 7.42000 -0.80000
v 0.15607 7.42000 -0.78463
v 0.30615 7.42000 -0.73910
v 0.44446 7.42000 -0.66518
v 0.56569 7.42000 -0.56569
v 0.66518 7.42000 -0.44446
v 0.73910 7.42000 -0.30615
v 0.78463 7.42000 -0.15607
v 0.50000 7.68000 0.00000
v 0.49039 7.68000 0.09755
v 0.46194 7.68000 0.19134
v 0.41573 7.68000 0.27779
v 0.35355 7.68000 0.35355
v 0.27779 7.68000 0.41573
v 0.19134 7.68000 0.46194
v 0.09755 7.68000 0.49039
v 0.00000 7.68000 0.50000
v -0.09755 7.68000 0.49039
v -0.19134 7.68000 0.46194
v -0.27779 7.68000 0.41573
v -0.35355 7.68000 0.35355
v -0.41573 7.68000 0.27779
v -0.46194 7.68000 0.19134
v -0.49039 7.68000 0.09755
v -0.50000 7.68000 0.00000
v -0.49039 7.68000 -0.09755
v -0.46194 7.68000 -0.19134
v -0.41573 7.68000 -0.27779
v -0.35355 7.68000 -0.35355
v -0.27779 7.68000 -0.41573
v -0.19134 7.68000 -0.46194
v -0.09755 7.68000 -0.49039
v -0.00000 7.68000 -0.50000
v 0.09755 7.68000 -0.49039
v 0.19134 7.68000 -0.46194
v 0.27779 7.68000 -0.41573
v 0.35355 7.68000 -0.35355
v 0.41573 7.68000 -0.27779
v 0.46194 7.68000 -0.19134
v 0.49039 7.68000 -0.09755
v 0.00000 7.82000 0.00000
v 0.00000 7.82000 0.00000
v 0.00000 7.82000 0.00000
v 0.00000 7.82000 0.00000
v 0.00000 7.82000 0.00000
v 0.00000 7.82000 0.00000
v 0.00000 7.82000 0.00000
v 0.00000 7.82000 0.00000
v 0.00000 7.82000 0.00000
v -0.00000 7.82000 0.00000
v -0.00000 7.82000 0.00000
v -0.00000 7.82000 0.00000
v -0.00000 7.82000 0.00000
v -0.00000 7.82000 0.00000
v -0.00000 7.82000 0.00000
v -0.00000 7.82000 0.00000
v -0.00000 7.82000 0.00000
v -0.00000 7.82000 -0.00000
v -0.00000 7.82000 -0.00000
v -0.00000 7.82000 -0.00000
v -0.00000 7.82000 -0.00000
v -0.00000 7.82000 -0.00000
v -0.00000 7.82000 -0.00000
v -0.00000 7.82000 -0.00000
v -0.00000 7.82000 -0.00000
v 0.00000 7.82000 -0.00000
v 0.00000 7.82000 -0.00000
v 0.00000 7.82000 -0.00000
v 0.00000 7.82000 -0.00000
v 0.00000 7.82000 -0.00000
v 0.00000 7.82000 -0.00000
v 0.00000 7.82000 -0.00000
v 0.89000 1.02000 0.00000
v 0.84858 1.10600 0.00000
v 0.75552 1.12724 0.00000
v 0.68089 1.06773 0.00000
v 0.68089 0.97227 0.00000
v 0.75552 0.91276 0.00000
v 0.84858 0.93400 0.00000
v 0.87290 1.02000 0.17363
v 0.83228 1.10600 0.16555
v 0.74101 1.12724 0.14740
v 0.66781 1.06773 0.13284
v 0.66781 0.97227 0.13284
v 0.74101 0.91276 0.14740
v 0.83228 0.93400 0.16555
v 0.82225 1.02000 0.34059
v 0.78399 1.10600 0.32474
v 0.69801 1.12724 0.28913
v 0.62906 1.06773 0.26057
v 0.62906 0.97227 0.26057
v 0.69801 0.91276 0.28913
v 0.78399 0.93400 0.32474
v 0.74001 1.02000 0.49446
v 0.70557 1.10600 0.47145
v 0.62819 1.12724 0.41975
v 0.56614 1.06773 0.37828
v 0.56614 0.97227 0.37828
v 0.62819 0.91276 0.41975
v 0.70557 0.93400 0.47145
v 0.62933 1.02000 0.62933
v 0.60004 1.10600 0.60004
v 0.53424 1.12724 0.53424
v 0.48146 1.06773 0.48146
v 0.48146 0.97227 0.48146
v 0.53424 0.91276 0.53424
v 0.60004 0.93400 0.60004
v 0.49446 1.02000 0.74001
v 0.47145 1.10600 0.70557
v 0.41975 1.12724 0.62819
v 0.37828 1.06773 0.56614
v 0.37828 0.97227 0.56614
v 0.41975 0.91276 0.62819
v 0.47145 0.93400 0.70557
v 0.34059 1.02000 0.82225
v 0.32474 1.10600 0.78399
v 0.28913 1.12724 0.69801
v 0.26057 1.06773 0.62906
v 0.26057 0.97227 0.62906
v 0.28913 0.91276 0.69801
v 0.32474 0.93400 0.78399
v 0.17363 1.02000 0.87290
v 0.16555 1.10600 0.83228
v 0.14740 1.12724 0.74101
v 0.13284 1.06773 0.66781
v 0.13284 0.97227 0.66781
v 0.14740 0.91276 0.74101
v 0.16555 0.93400 0.83228
v 0.00000 1.02000 0.89000
v 0.00000 1.10600 0.84858
v 0.00000 1.12724 0.75552
v 0.00000 1.06773 0.68089
v 0.00000 0.97227 0.68089
v 0.00000 0.91276 0.75552
v 0.00000 0.93400 0.84858
v -0.17363 1.02000 0.87290
v -0.16555 1.10600 0.83228
v -0.14740 1.12724 0.74101
v -0.13284 1.06773 0.66781
v -0.13284 0.97227 0.66781
v -0.14740 0.91276 0.74101
v -0.16555 0.93400 0.83228
v -0.34059 1.02000 0.82225
v -0.32474 1.10600 0.78399
v -0.28913 1.12724 0.69801
v -0.26057 1.06773 0.62906
v -0.26057 0.97227 0.62906
v -0.28913 0.91276 0.69801
v -0.32474 0.93400 0.78399
v -0.49446 1.02000 0.74001
v -0.47145 1.10600 0.70557
v -0.41975 1.12724 0.62819
v -0.37828 1.06773 0.56614
v -0.37828 0.97227 0.56614
v -0.41975 0.91276 0.62819
v -0.47145 0.93400 0.70557
v -0.62933 1.02000 0.62933
v -0.60004 1.10600 0.60004
v -0.53424 1.12724 0.53424
v -0.48146 1.06773 0.48146
v -0.48146 0.97227 0.48146
v -0.53424 0.91276 0.53424
v -0.60004 0.93400 0.60004
v -0.74001 1.02000 0.49446
v -0.70557 1.10600 0.47145
v -0.62819 1.12724 0.41975
v -0.56614 1.06773 0.37828
v -0.56614 0.97227 0.37828
v -0.62819 0.91276 0.41975
v -0.70557 0.93400 0.47145
v -0.82225 1.02000 0.34059
v -0.78399 1.10600 0.32474
v -0.69801 1.12724 0.28913
v -0.62906 1.06773 0.26057
v -0.62906 0.97227 0.26057
v -0.69801 0.91276 0.28913
v -0.78399 0.93400 0.32474
v -0.87290 1.02000 0.17363
v -0.83228 1.10600 0.16555
v -0.74101 1.12724 0.14740
v -0.66781 1.06773 0.13284
v -0.66781 0.97227 0.13284
v -0.74101 0.91276 0.14740
v -0.83228 0.93400 0.16555
v -0.89000 1.02000 0.00000
v -0.84858 1.10600 0.00000
v -0.75552 1.12724 0.00000
v -0.68089 1.06773 0.00000
v -0.68089 0.97227 0.00000
v -0.75552 0.91276 0.00000
v -0.84858 0.93400 0.00000
v -0.87290 1.02000 -0.17363
v -0.83228 1.10600 -0.16555
v -0.74101 1.12724 -0.14740
v -0.66781 1.06773 -0.13284
v -0.66781 0.97227 -0.13284
v -0.74101 0.91276 -0.14740
v -0.83228 0.93400 -0.16555
v -0.82225 1.02000 -0.34059
v -0.78399 1.10600 -0.32474
v -0.69801 1.12724 -0.28913
v -0.62906 1.06773 -0.26057
v -0.62906 0.97227 -0.26057
v -0.69801 0.91276 -0.28913
v -0.78399 0.93400 -0.32474
v -0.74001 1.02000 -0.49446
v -0.70557 1.10600 -0.47145
v -0.62819 1.12724 -0.41975
v -0.56614 1.06773 -0.37828
v -0.56614 0.97227 -0.37828
v -0.62819 0.91276 -0.41975
v -0.70557 0.93400 -0.47145
v -0.62933 1.02000 -0.62933
v -0.60004 1.10600 -0.60004
v -0.53424 1.12724 -0.53424
v -0.48146 1.06773 -0.48146
v -0.48146 0.97227 -0.48146
v -0.53424 0.91276 -0.53424
v -0.60004 0.93400 -0.60004
v -0.49446 1.02000 -0.74001
v -0.47145 1.10600 -0.70557
v -0.41975 1.12724 -0.62819
v -0.37828 1.06773 -0.56614
v -0.37828 0.97227 -0.56614
v -0.41975 0.91276 -0.62819
v -0.47145 0.93400 -0.70557
v -0.34059 1.02000 -0.82225
v -0.32474 1.10600 -0.78399
v -0.28913 1.12724 -0.69801
v -0.26057 1.06773 -0.62906
v -0.26057 0.97227 -0.62906
v -0.28913 0.91276 -0.69801
v -0.32474 0.93400 -0.78399
v -0.17363 1.02000 -0.87290
v -0.16555 1.10600 -0.83228
v -0.14740 1.12724 -0.74101
v -0.13284 1.06773 -0.66781
v -0.13284 0.97227 -0.66781
v -0.14740 0.91276 -0.74101
v -0.16555 0.93400 -0.83228
v -0.00000 1.02000 -0.89000
v -0.00000 1.10600 -0.84858
v -0.00000 1.12724 -0.75552
v -0.00000 1.06773 -0.68089
v -0.00000 0.97227 -0.68089
v -0.00000 0.91276 -0.75552
v -0.00000 0.93400 -0.84858
v 0.17363 1.02000 -0.87290
v 0.16555 1.10600 -0.83228
v 0.14740 1.12724 -0.74101
v 0.13284 1.06773 -0.66781
v 0.13284 0.97227 -0.66781
v 0.14740 0.91276 -0.74101
v 0.16555 0.93400 -0.83228
v 0.34059 1.02000 -0.82225
v 0.32474 1.10600 -0.78399
v 0.28913 1.12724 -0.69801
v 0.26057 1.06773 -0.62906
v 0.26057 0.97227 -0.62906
v 0.28913 0.91276 -0.69801
v 0.32474 0.93400 -0.78399
v 0.49446 1.02000 -0.74001
v 0.47145 1.10600 -0.70557
v 0.41975 1.12724 -0.62819
v 0.37828 1.06773 -0.56614
v 0.37828 0.97227 -0.56614
v 0.41975 0.91276 -0.62819
v 0.47145 0.93400 -0.70557
v 0.62933 1.02000 -0.62933
v 0.60004 1.10600 -0.60004
v 0.53424 1.12724 -0.53424
v 0.48146 1.06773 -0.48146
v 0.48146 0.97227 -0.48146
v 0.53424 0.91276 -0.53424
v 0.60004 0.93400 -0.60004
v 0.74001 1.02000 -0.49446
v 0.70557 1.10600 -0.47145
v 0.62819 1.12724 -0.41975
v 0.56614 1.06773 -0.37828
v 0.56614 0.97227 -0.37828
v 0.62819 0.91276 -0.41975
v 0.70557 0.93400 -0.47145
v 0.82225 1.02000 -0.34059
v 0.78399 1.10600 -0.32474
v 0.69801 1.12724 -0.28913
v 0.62906 1.06773 -0.26057
v 0.62906 0.97227 -0.26057
v 0.69801 0.91276 -0.28913
v 0.78399 0.93400 -0.32474
v 0.87290 1.02000 -0.17363
v 0.83228 1.10600 -0.16555
v 0.74101 1.12724 -0.14740
v 0.66781 1.06773 -0.13284
v 0.66781 0.97227 -0.13284
v 0.74101 0.91276 -0.14740
v 0.83228 0.93400 -0.16555
v 0.81000 4.34000 0.00000
v 0.76858 4.42600 0.00000
v 0.67552 4.44724 0.00000
v 0.60089 4.38773 0.00000
v 0.60089 4.29227 0.00000
v 0.67552 4.23276 0.00000
v 0.76858 4.25400 0.00000
v 0.79444 4.34000 0.15802
v 0.75382 4.42600 0.14994
v 0.66254 4.44724 0.13179
v 0.58935 4.38773 0.11723
v 0.58935 4.29227 0.11723
v 0.66254 4.23276 0.13179
v 0.75382 4.25400 0.14994
v 0.74834 4.34000 0.30997
v 0.71008 4.42600 0.29412
v 0.62410 4.44724 0.25851
v 0.55515 4.38773 0.22995
v 0.55515 4.29227 0.22995
v 0.62410 4.23276 0.25851
v 0.71008 4.25400 0.29412
v 0.67349 4.34000 0.45001
v 0.63905 4.42600 0.42700
v 0.56168 4.44724 0.37530
v 0.49962 4.38773 0.33384
v 0.49962 4.29227 0.33384
v 0.56168 4.23276 0.37530
v 0.63905 4.25400 0.42700
v 0.57276 4.34000 0.57276
v 0.54347 4.42600 0.54347
v 0.47767 4.44724 0.47767
v 0.42490 4.38773 0.42490
v 0.42490 4.29227 0.42490
v 0.47767 4.23276 0.47767
v 0.54347 4.25400 0.54347
v 0.45001 4.34000 0.67349
v 0.42700 4.42600 0.63905
v 0.37530 4.44724 0.56168
v 0.33384 4.38773 0.49962
v 0.33384 4.29227 0.49962
v 0.37530 4.23276 0.56168
v 0.42700 4.25400 0.63905
v 0.30997 4.34000 0.74834
v 0.29412 4.42600 0.71008
v 0.25851 4.44724 0.62410
v 0.22995 4.38773 0.55515
v 0.22995 4.29227 0.55515
v 0.25851 4.23276 0.62410
v 0.29412 4.25400 0.71008
v 0.15802 4.34000 0.79444
v 0.14994 4.42600 0.75382
v 0.13179 4.44724 0.66254
v 0.11723 4.38773 0.58935
v 0.11723 4.29227 0.58935
v 0.13179 4.23276 0.66254
v 0.14994 4.25400 0.75382
v 0.00000 4.34000 0.81000
v 0.00000 4.42600 0.76858
v 0.00000 4.44724 0.67552
v 0.00000 4.38773 0.60089
v 0.00000 4.29227 0.60089
v 0.00000 4.23276 0.67552
v 0.00000 4.25400 0.76858
v -0.15802 4.34000 0.79444
v -0.14994 4.42600 0.75382
v -0.13179 4.44724 0.66254
v -0.11723 4.38773 0.58935
v -0.11723 4.29227 0.58935
v -0.13179 4.23276 0.66254
v -0.14994 4.25400 0.75382
v -0.30997 4.34000 0.74834
v -0.29412 4.42600 0.71008
v -0.25851 4.44724 0.62410
v -0.22995 4.38773 0.55515
v -0.22995 4.29227 0.55515
v -0.25851 4.23276 0.62410
v -0.29412 4.25400 0.71008
v -0.45001 4.34000 0.67349
v -0.42700 4.42600 0.63905
v -0.37530 4.44724 0.56168
v -0.33384 4.38773 0.49962
v -0.33384 4.29227 0.49962
v -0.37530 4.23276 0.56168
v -0.42700 4.25400 0.63905
v -0.57276 4.34000 0.57276
v -0.54347 4.42600 0.54347
v -0.47767 4.44724 0.47767
v -0.42490 4.38773 0.42490
v -0.42490 4.29227 0.42490
v -0.47767 4.23276 0.47767
v -0.54347 4.25400 0.54347
v -0.67349 4.34000 0.45001
v -0.63905 4.42600 0.42700
v -0.56168 4.44724 0.37530
v -0.49962 4.38773 0.33384
v -0.49962 4.29227 0.33384
v -0.56168 4.23276 0.37530
v -0.63905 4.25400 0.42700
v -0.74834 4.34000 0.30997
v -0.71008 4.42600 0.29412
v -0.62410 4.44724 0.25851
v -0.55515 4.38773 0.22995
v -0.55515 4.29227 0.22995
v -0.62410 4.23276 0.25851
v -0.71008 4.25400 0.29412
v -0.79444 4.34000 0.15802
v -0.75382 4.42600 0.14994
v -0.66254 4.44724 0.13179
v -0.58935 4.38773 0.11723
v -0.58935 4.29227 0.11723
v -0.66254 4.23276 0.13179
v -0.75382 4.25400 0.14994
v -0.81000 4.34000 0.00000
v -0.76858 4.42600 0.00000
v -0.67552 4.44724 0.00000
v -0.60089 4.38773 0.00000
v -0.60089 4.29227 0.00000
v -0.67552 4.23276 0.00000
v -0.76858 4.25400 0.00000
v -0.79444 4.34000 -0.15802
v -0.75382 4.42600 -0.14994
v -0.66254 4.44724 -0.13179
v -0.58935 4.38773 -0.11723
v -0.58935 4.29227 -0.11723
v -0.66254 4.23276 -0.13179
v -0.75382 4.25400 -0.14994
v -0.74834 4.34000 -0.30997
v -0.71008 4.42600 -0.29412
v -0.62410 4.44724 -0.25851
v -0.55515 4.38773 -0.22995
v -0.55515 4.29227 -0.22995
v -0.62410 4.23276 -0.25851
v -0.71008 4.25400 -0.29412
v -0.67349 4.34000 -0.45001
v -0.63905 4.42600 -0.42700
v -0.56168 4.44724 -0.37530
v -0.49962 4.38773 -0.33384
v -0.49962 4.29227 -0.33384
v -0.56168 4.23276 -0.37530
v -0.63905 4.25400 -0.42700
v -0.57276 4.34000 -0.57276
v -0.54347 4.42600 -0.54347
v -0.47767 4.44724 -0.47767
v -0.42490 4.38773 -0.42490
v -0.42490 4.29227 -0.42490
v -0.47767 4.23276 -0.47767
v -0.54347 4.25400 -0.54347
v -0.45001 4.34000 -0.67349
v -0.42700 4.42600 -0.63905
v -0.37530 4.44724 -0.56168
v -0.33384 4.38773 -0.49962
v -0.33384 4.29227 -0.49962
v -0.37530 4.23276 -0.56168
v -0.42700 4.25400 -0.63905
v -0.30997 4.34000 -0.74834
v -0.29412 4.42600 -0.71008
v -0.25851 4.44724 -0.62410
v -0.22995 4.38773 -0.55515
v -0.22995 4.29227 -0.55515
v -0.25851 4.23276 -0.62410
v -0.29412 4.25400 -0.71008
v -0.15802 4.34000 -0.79444
v -0.14994 4.42600 -0.75382
v -0.13179 4.44724 -0.66254
v -0.11723 4.38773 -0.58935
v -0.11723 4.29227 -0.58935
v -0.13179 4.23276 -0.66254
v -0.14994 4.25400 -0.75382
v -0.00000 4.34000 -0.81000
v -0.00000 4.42600 -0.76858
v -0.00000 4.44724 -0.67552
v -0.00000 4.38773 -0.60089
v -0.00000 4.29227 -0.60089
v -0.00000 4.23276 -0.67552
v -0.00000 4.25400 -0.76858
v 0.15802 4.34000 -0.79444
v 0.14994 4.42600 -0.75382
v 0.13179 4.44724 -0.66254
v 0.11723 4.38773 -0.58935
v 0.11723 4.29227 -0.58935
v 0.13179 4.23276 -0.66254
v 0.14994 4.25400 -0.75382
v 0.30997 4.34000 -0.74834
v 0.29412 4.42600 -0.71008
v 0.25851 4.44724 -0.62410
v 0.22995 4.38773 -0.55515
v 0.22995 4.29227 -0.55515
v 0.25851 4.23276 -0.62410
v 0.29412 4.25400 -0.71008
v 0.45001 4.34000 -0.67349
v 0.42700 4.42600 -0.63905
v 0.37530 4.44724 -0.56168
v 0.33384 4.38773 -0.49962
v 0.33384 4.29227 -0.49962
v 0.37530 4.23276 -0.56168
v 0.42700 4.25400 -0.63905
v 0.57276 4.34000 -0.57276
v 0.54347 4.42600 -0.54347
v 0.47767 4.44724 -0.47767
v 0.42490 4.38773 -0.42490
v 0.42490 4.29227 -0.42490
v 0.47767 4.23276 -0.47767
v 0.54347 4.25400 -0.54347
v 0.67349 4.34000 -0.45001
v 0.63905 4.42600 -0.42700
v 0.56168 4.44724 -0.37530
v 0.49962 4.38773 -0.33384
v 0.49962 4.29227 -0.33384
v 0.56168 4.23276 -0.37530
v 0.63905 4.25400 -0.42700
v 0.74834 4.34000 -0.30997
v 0.71008 4.42600 -0.29412
v 0.62410 4.44724 -0.25851
v 0.55515 4.38773 -0.22995
v 0.55515 4.29227 -0.22995
v 0.62410 4.23276 -0.25851
v 0.71008 4.25400 -0.29412
v 0.79444 4.34000 -0.15802
v 0.75382 4.42600 -0.14994
v 0.66254 4.44724 -0.13179
v 0.58935 4.38773 -0.11723
v 0.58935 4.29227 -0.11723
v 0.66254 4.23276 -0.13179
v 0.75382 4.25400 -0.14994
v 0.79000 7.52000 0.00000
v 0.74858 7.60600 0.00000
v 0.65552 7.62724 0.00000
v 0.58089 7.56773 0.00000
v 0.58089 7.47227 0.00000
v 0.65552 7.41276 0.00000
v 0.74858 7.43400 0.00000
v 0.77482 7.52000 0.15412
v 0.73420 7.60600 0.14604
v 0.64293 7.62724 0.12789
v 0.56973 7.56773 0.11333
v 0.56973 7.47227 0.11333
v 0.64293 7.41276 0.12789
v 0.73420 7.43400 0.14604
v 0.72986 7.52000 0.30232
v 0.69160 7.60600 0.28647
v 0.60562 7.62724 0.25086
v 0.53668 7.56773 0.22230
v 0.53668 7.47227 0.22230
v 0.60562 7.41276 0.25086
v 0.69160 7.43400 0.28647
v 0.65686 7.52000 0.43890
v 0.62242 7.60600 0.41589
v 0.54505 7.62724 0.36419
v 0.48300 7.56773 0.32273
v 0.48300 7.47227 0.32273
v 0.54505 7.41276 0.36419
v 0.62242 7.43400 0.41589
v 0.55861 7.52000 0.55861
v 0.52933 7.60600 0.52933
v 0.46352 7.62724 0.46352
v 0.41075 7.56773 0.41075
v 0.41075 7.47227 0.41075
v 0.46352 7.41276 0.46352
v 0.52933 7.43400 0.52933
v 0.43890 7.52000 0.65686
v 0.41589 7.60600 0.62242
v 0.36419 7.62724 0.54505
v 0.32273 7.56773 0.48300
v 0.32273 7.47227 0.48300
v 0.36419 7.41276 0.54505
v 0.41589 7.43400 0.62242
v 0.30232 7.52000 0.72986
v 0.28647 7.60600 0.69160
v 0.25086 7.62724 0.60562
v 0.22230 7.56773 0.53668
v 0.22230 7.47227 0.53668
v 0.25086 7.41276 0.60562
v 0.28647 7.43400 0.69160
v 0.15412 7.52000 0.77482
v 0.14604 7.60600 0.73420
v 0.12789 7.62724 0.64293
v 0.11333 7.56773 0.56973
v 0.11333 7.47227 0.56973
v 0.12789 7.41276 0.64293
v 0.14604 7.43400 0.73420
v 0.00000 7.52000 0.79000
v 0.00000 7.60600 0.74858
v 0.00000 7.62724 0.65552
v 0.00000 7.56773 0.58089
v 0.00000 7.47227 0.58089
v 0.00000 7.41276 0.65552
v 0.00000 7.43400 0.74858
v -0.15412 7.52000 0.77482
v -0.14604 7.60600 0.73420
v -0.12789 7.62724 0.64293
v -0.11333 7.56773 0.56973
v -0.11333 7.47227 0.56973
v -0.12789 7.41276 0.64293
v -0.14604 7.43400 0.73420
v -0.30232 7.52000 0.72986
v -0.28647 7.60600 0.69160
v -0.25086 7.62724 0.60562
v -0.22230 7.56773 0.53668
v -0.22230 7.47227 0.53668
v -0.25086 7.41276 0.60562
v -0.28647 7.43400 0.69160
v -0.43890 7.52000 0.65686
v -0.41589 7.60600 0.62242
v -0.36419 7.62724 0.54505
v -0.32273 7.56773 0.48300
v -0.32273 7.47227 0.48300
v -0.36419 7.41276 0.54505
v -0.41589 7.43400 0.62242
v -0.55861 7.52000 0.55861
v -0.52933 7.60600 0.52933
v -0.46352 7.62724 0.46352
v -0.41075 7.56773 0.41075
v -0.41075 7.47227 0.41075
v -0.46352 7.41276 0.46352
v -0.52933 7.43400 0.52933
v -0.65686 7.52000 0.43890
v -0.62242 7.60600 0.41589
v -0.54505 7.62724 0.36419
v -0.48300 7.56773 0.32273
v -0.48300 7.47227 0.32273
v -0.54505 7.41276 0.36419
v -0.62242 7.43400 0.41589
v -0.72986 7.52000 0.30232
v -0.69160 7.60600 0.28647
v -0.60562 7.62724 0.25086
v -0.53668 7.56773 0.22230
v -0.53668 7.47227 0.22230
v -0.60562 7.41276 0.25086
v -0.69160 7.43400 0.28647
v -0.77482 7.52000 0.15412
v -0.73420 7.60600 0.14604
v -0.64293 7.62724 0.12789
v -0.56973 7.56773 0.11333
v -0.56973 7.47227 0.11333
v -0.64293 7.41276 0.12789
v -0.73420 7.43400 0.14604
v -0.79000 7.52000 0.00000
v -0.74858 7.60600 0.00000
v -0.65552 7.62724 0.00000
v -0.58089 7.56773 0.00000
v -0.58089 7.47227 0.00000
v -0.65552 7.41276 0.00000
v -0.74858 7.43400 0.00000
v -0.77482 7.52000 -0.15412
v -0.73420 7.60600 -0.14604
v -0.64293 7.62724 -0.12789
v -0.56973 7.56773 -0.11333
v -0.56973 7.47227 -0.11333
v -0.64293 7.41276 -0.12789
v -0.73420 7.43400 -0.14604
v -0.72986 7.52000 -0.30232
v -0.69160 7.60600 -0.28647
v -0.60562 7.62724 -0.25086
v -0.53668 7.56773 -0.22230
v -0.53668 7.47227 -0.22230
v -0.60562 7.41276 -0.25086
v -0.69160 7.43400 -0.28647
v -0.65686 7.52000 -0.43890
v -0.62242 7.60600 -0.41589
v -0.54505 7.62724 -0.36419
v -0.48300 7.56773 -0.32273
v -0.48300 7.47227 -0.32273
v -0.54505 7.41276 -0.36419
v -0.62242 7.43400 -0.41589
v -0.55861 7.52000 -0.55861
v -0.52933 7.60600 -0.52933
v -0.46352 7.62724 -0.46352
v -0.41075 7.56773 -0.41075
v -0.41075 7.47227 -0.41075
v -0.46352 7.41276 -0.46352
v -0.52933 7.43400 -0.52933
v -0.43890 7.52000 -0.65686
v -0.41589 7.60600 -0.62242
v -0.36419 7.62724 -0.54505
v -0.32273 7.56773 -0.48300
v -0.32273 7.47227 -0.48300
v -0.36419 7.41276 -0.54505
v -0.41589 7.43400 -0.62242
v -0.30232 7.52000 -0.72986
v -0.28647 7.60600 -0.69160
v -0.25086 7.62724 -0.60562
v -0.22230 7.56773 -0.53668
v -0.22230 7.47227 -0.53668
v -0.25086 7.41276 -0.60562
v -0.28647 7.43400 -0.69160
v -0.15412 7.52000 -0.77482
v -0.14604 7.60600 -0.73420
v -0.12789 7.62724 -0.64293
v -0.11333 7.56773 -0.56973
v -0.11333 7.47227 -0.56973
v -0.12789 7.41276 -0.64293
v -0.14604 7.43400 -0.73420
v -0.00000 7.52000 -0.79000
v -0.00000 7.60600 -0.74858
v -0.00000 7.62724 -0.65552
v -0.00000 7.56773 -0.58089
v -0.00000 7.47227 -0.58089
v -0.00000 7.41276 -0.65552
v -0.00000 7.43400 -0.74858
v 0.15412 7.52000 -0.77482
v 0.14604 7.60600 -0.73420
v 0.12789 7.62724 -0.64293
v 0.11333 7.56773 -0.56973
v 0.11333 7.47227 -0.56973
v 0.12789 7.41276 -0.64293
v 0.14604 7.43400 -0.73420
v 0.30232 7.52000 -0.72986
v 0.28647 7.60600 -0.69160
v 0.25086 7.62724 -0.60562
v 0.22230 7.56773 -0.53668
v 0.22230 7.47227 -0.53668
v 0.25086 7.41276 -0.60562
v 0.28647 7.43400 -0.69160
v 0.43890 7.52000 -0.65686
v 0.41589 7.60600 -0.62242
v 0.36419 7.62724 -0.54505
v 0.32273 7.56773 -0.48300
v 0.32273 7.47227 -0.48300
v 0.36419 7.41276 -0.54505
v 0.41589 7.43400 -0.62242
v 0.55861 7.52000 -0.55861
v 0.52933 7.60600 -0.52933
v 0.46352 7.62724 -0.46352
v 0.41075 7.56773 -0.41075
v 0.41075 7.47227 -0.41075
v 0.46352 7.41276 -0.46352
v 0.52933 7.43400 -0.52933
v 0.65686 7.52000 -0.43890
v 0.62242 7.60600 -0.41589
v 0.54505 7.62724 -0.36419
v 0.48300 7.56773 -0.32273
v 0.48300 7.47227 -0.32273
v 0.54505 7.41276 -0.36419
v 0.62242 7.43400 -0.41589
v 0.72986 7.52000 -0.30232
v 0.69160 7.60600 -0.28647
v 0.60562 7.62724 -0.25086
v 0.53668 7.56773 -0.22230
v 0.53668 7.47227 -0.22230
v 0.60562 7.41276 -0.25086
v 0.69160 7.43400 -0.28647
v 0.77482 7.52000 -0.15412
v 0.73420 7.60600 -0.14604
v 0.64293 7.62724 -0.12789
v 0.56973 7.56773 -0.11333
v 0.56973 7.47227 -0.11333
v 0.64293 7.41276 -0.12789
v 0.73420 7.43400 -0.14604
v 6.00000 0.77000 -0.52000
v 5.69435 0.77000 -0.42069
v 5.50545 0.77000 -0.16069
v 5.50545 0.77000 0.16069
v 5.69435 0.77000 0.42069
v 6.00000 0.77000 0.52000
v 6.30565 0.77000 0.42069
v 6.49455 0.77000 0.16069
v 6.49455 0.77000 -0.16069
v 6.30565 0.77000 -0.42069
v 6.00000 1.12000 -0.39000
v 5.77076 1.12000 -0.31552
v 5.62909 1.12000 -0.12052
v 5.62909 1.12000 0.12052
v 5.77076 1.12000 0.31552
v 6.00000 1.12000 0.39000
v 6.22924 1.12000 0.31552
v 6.37091 1.12000 0.12052
v 6.37091 1.12000 -0.12052
v 6.22924 1.12000 -0.31552
v 6.00000 0.77000 0.00000
v 6.00000 1.12000 0.00000
v 0.00000 1.18000 0.16000
v 0.00000 1.06686 0.11314
v 0.00000 1.02000 0.00000
v 0.00000 1.06686 -0.11314
v 0.00000 1.18000 -0.16000
v 0.00000 1.29314 -0.11314
v 0.00000 1.34000 -0.00000
v 0.00000 1.29314 0.11314
v 6.00000 1.18000 0.11000
v 6.00000 1.10222 0.07778
v 6.00000 1.07000 0.00000
v 6.00000 1.10222 -0.07778
v 6.00000 1.18000 -0.11000
v 6.00000 1.25778 -0.07778
v 6.00000 1.29000 -0.00000
v 6.00000 1.25778 0.07778
v 0.00000 1.18000 0.00000
v 6.00000 1.18000 0.00000
v 0.00000 5.35000 0.15000
v -0.05068 5.25683 0.10607
v -0.07168 5.21823 0.00000
v -0.05068 5.25683 -0.10607
v -0.00000 5.35000 -0.15000
v 0.05068 5.44317 -0.10607
v 0.07168 5.48177 -0.00000
v 0.05068 5.44317 0.10607
v 4.32000 3.00000 0.09000
v 4.28959 2.94410 0.06364
v 4.27699 2.92094 0.00000
v 4.28959 2.94410 -0.06364
v 4.32000 3.00000 -0.09000
v 4.35041 3.05590 -0.06364
v 4.36301 3.07906 -0.00000
v 4.35041 3.05590 0.06364
v 0.00000 5.35000 0.00000
v 4.32000 3.00000 0.00000
v 0.00000 7.18000 0.12000
v -0.04035 7.10536 0.08485
v -0.05707 7.07444 0.00000
v -0.04035 7.10536 -0.08485
v -0.00000 7.18000 -0.12000
v 0.04035 7.25464 -0.08485
v 0.05707 7.28556 -0.00000
v 0.04035 7.25464 0.08485
v 4.68000 4.65000 0.07500
v 4.65478 4.60335 0.05303
v 4.64433 4.58402 0.00000
v 4.65478 4.60335 -0.05303
v 4.68000 4.65000 -0.07500
v 4.70522 4.69665 -0.05303
v 4.71567 4.71598 -0.00000
v 4.70522 4.69665 0.05303
v 0.00000 7.18000 0.00000
v 4.68000 4.65000 0.00000
v 6.43000 1.06000 0.00000
v 6.41922 1.06000 0.09568
v 6.38742 1.06000 0.18657
v 6.33619 1.06000 0.26810
v 6.26810 1.06000 0.33619
v 6.18657 1.06000 0.38742
v 6.09568 1.06000 0.41922
v 6.00000 1.06000 0.43000
v 5.90432 1.06000 0.41922
v 5.81343 1.06000 0.38742
v 5.73190 1.06000 0.33619
v 5.66381 1.06000 0.26810
v 5.61258 1.06000 0.18657
v 5.58078 1.06000 0.09568
v 5.57000 1.06000 0.00000
v 5.58078 1.06000 -0.09568
v 5.61258 1.06000 -0.18657
v 5.66381 1.06000 -0.26810
v 5.73190 1.06000 -0.33619
v 5.81343 1.06000 -0.38742
v 5.90432 1.06000 -0.41922
v 6.00000 1.06000 -0.43000
v 6.09568 1.06000 -0.41922
v 6.18657 1.06000 -0.38742
v 6.26810 1.06000 -0.33619
v 6.33619 1.06000 -0.26810
v 6.38742 1.06000 -0.18657
v 6.41922 1.06000 -0.09568
v 6.76000 1.08000 0.00000
v 6.74095 1.08000 0.16912
v 6.68474 1.08000 0.32975
v 6.59419 1.08000 0.47385
v 6.47385 1.08000 0.59419
v 6.32975 1.08000 0.68474
v 6.16912 1.08000 0.74095
v 6.00000 1.08000 0.76000
v 5.83088 1.08000 0.74095
v 5.67025 1.08000 0.68474
v 5.52615 1.08000 0.59419
v 5.40581 1.08000 0.47385
v 5.31526 1.08000 0.32975
v 5.25905 1.08000 0.16912
v 5.24000 1.08000 0.00000
v 5.25905 1.08000 -0.16912
v 5.31526 1.08000 -0.32975
v 5.40581 1.08000 -0.47385
v 5.52615 1.08000 -0.59419
v 5.67025 1.08000 -0.68474
v 5.83088 1.08000 -0.74095
v 6.00000 1.08000 -0.76000
v 6.16912 1.08000 -0.74095
v 6.32975 1.08000 -0.68474
v 6.47385 1.08000 -0.59419
v 6.59419 1.08000 -0.47385
v 6.68474 1.08000 -0.32975
v 6.74095 1.08000 -0.16912
v 7.02000 1.30000 0.00000
v 6.99443 1.30000 0.22697
v 6.91899 1.30000 0.44256
v 6.79747 1.30000 0.63596
v 6.63596 1.30000 0.79747
v 6.44256 1.30000 0.91899
v 6.22697 1.30000 0.99443
v 6.00000 1.30000 1.02000
v 5.77303 1.30000 0.99443
v 5.55744 1.30000 0.91899
v 5.36404 1.30000 0.79747
v 5.20253 1.30000 0.63596
v 5.08101 1.30000 0.44256
v 5.00557 1.30000 0.22697
v 4.98000 1.30000 0.00000
v 5.00557 1.30000 -0.22697
v 5.08101 1.30000 -0.44256
v 5.20253 1.30000 -0.63596
v 5.36404 1.30000 -0.79747
v 5.55744 1.30000 -0.91899
v 5.77303 1.30000 -0.99443
v 6.00000 1.30000 -1.02000
v 6.22697 1.30000 -0.99443
v 6.44256 1.30000 -0.91899
v 6.63596 1.30000 -0.79747
v 6.79747 1.30000 -0.63596
v 6.91899 1.30000 -0.44256
v 6.99443 1.30000 -0.22697
v 7.24000 1.78000 0.00000
v 7.20891 1.78000 0.27593
v 7.11720 1.78000 0.53802
v 6.96947 1.78000 0.77313
v 6.77313 1.78000 0.96947
v 6.53802 1.78000 1.11720
v 6.27593 1.78000 1.20891
v 6.00000 1.78000 1.24000
v 5.72407 1.78000 1.20891
v 5.46198 1.78000 1.11720
v 5.22687 1.78000 0.96947
v 5.03053 1.78000 0.77313
v 4.88280 1.78000 0.53802
v 4.79109 1.78000 0.27593
v 4.76000 1.78000 0.00000
v 4.79109 1.78000 -0.27593
v 4.88280 1.78000 -0.53802
v 5.03053 1.78000 -0.77313
v 5.22687 1.78000 -0.96947
v 5.46198 1.78000 -1.11720
v 5.72407 1.78000 -1.20891
v 6.00000 1.78000 -1.24000
v 6.27593 1.78000 -1.20891
v 6.53802 1.78000 -1.11720
v 6.77313 1.78000 -0.96947
v 6.96947 1.78000 -0.77313
v 7.11720 1.78000 -0.53802
v 7.20891 1.78000 -0.27593
v 7.34000 2.32000 0.00000
v 7.30640 2.32000 0.29818
v 7.20730 2.32000 0.58140
v 7.04765 2.32000 0.83548
v 6.83548 2.32000 1.04765
v 6.58140 2.32000 1.20730
v 6.29818 2.32000 1.30640
v 6.00000 2.32000 1.34000
v 5.70182 2.32000 1.30640
v 5.41860 2.32000 1.20730
v 5.16452 2.32000 1.04765
v 4.95235 2.32000 0.83548
v 4.79270 2.32000 0.58140
v 4.69360 2.32000 0.29818
v 4.66000 2.32000 0.00000
v 4.69360 2.32000 -0.29818
v 4.79270 2.32000 -0.58140
v 4.95235 2.32000 -0.83548
v 5.16452 2.32000 -1.04765
v 5.41860 2.32000 -1.20730
v 5.70182 2.32000 -1.30640
v 6.00000 2.32000 -1.34000
v 6.29818 2.32000 -1.30640
v 6.58140 2.32000 -1.20730
v 6.83548 2.32000 -1.04765
v 7.04765 2.32000 -0.83548
v 7.20730 2.32000 -0.58140
v 7.30640 2.32000 -0.29818
v 7.28000 2.43000 0.00000
v 7.24791 2.43000 0.28483
v 7.15324 2.43000 0.55537
v 7.00074 2.43000 0.79807
v 6.79807 2.43000 1.00074
v 6.55537 2.43000 1.15324
v 6.28483 2.43000 1.24791
v 6.00000 2.43000 1.28000
v 5.71517 2.43000 1.24791
v 5.44463 2.43000 1.15324
v 5.20193 2.43000 1.00074
v 4.99926 2.43000 0.79807
v 4.84676 2.43000 0.55537
v 4.75209 2.43000 0.28483
v 4.72000 2.43000 0.00000
v 4.75209 2.43000 -0.28483
v 4.84676 2.43000 -0.55537
v 4.99926 2.43000 -0.79807
v 5.20193 2.43000 -1.00074
v 5.44463 2.43000 -1.15324
v 5.71517 2.43000 -1.24791
v 6.00000 2.43000 -1.28000
v 6.28483 2.43000 -1.24791
v 6.55537 2.43000 -1.15324
v 6.79807 2.43000 -1.00074
v 7.00074 2.43000 -0.79807
v 7.15324 2.43000 -0.55537
v 7.24791 2.43000 -0.28483
v 7.08000 2.38000 0.00000
v 7.05292 2.38000 0.24032
v 6.97305 2.38000 0.46859
v 6.84438 2.38000 0.67337
v 6.67337 2.38000 0.84438
v 6.46859 2.38000 0.97305
v 6.24032 2.38000 1.05292
v 6.00000 2.38000 1.08000
v 5.75968 2.38000 1.05292
v 5.53141 2.38000 0.97305
v 5.32663 2.38000 0.84438
v 5.15562 2.38000 0.67337
v 5.02695 2.38000 0.46859
v 4.94708 2.38000 0.24032
v 4.92000 2.38000 0.00000
v 4.94708 2.38000 -0.24032
v 5.02695 2.38000 -0.46859
v 5.15562 2.38000 -0.67337
v 5.32663 2.38000 -0.84438
v 5.53141 2.38000 -0.97305
v 5.75968 2.38000 -1.05292
v 6.00000 2.38000 -1.08000
v 6.24032 2.38000 -1.05292
v 6.46859 2.38000 -0.97305
v 6.67337 2.38000 -0.84438
v 6.84438 2.38000 -0.67337
v 6.97305 2.38000 -0.46859
v 7.05292 2.38000 -0.24032
v 6.96000 1.66000 0.00000
v 6.93593 1.66000 0.21362
v 6.86493 1.66000 0.41653
v 6.75056 1.66000 0.59855
v 6.59855 1.66000 0.75056
v 6.41653 1.66000 0.86493
v 6.21362 1.66000 0.93593
v 6.00000 1.66000 0.96000
v 5.78638 1.66000 0.93593
v 5.58347 1.66000 0.86493
v 5.40145 1.66000 0.75056
v 5.24944 1.66000 0.59855
v 5.13507 1.66000 0.41653
v 5.06407 1.66000 0.21362
v 5.04000 1.66000 0.00000
v 5.06407 1.66000 -0.21362
v 5.13507 1.66000 -0.41653
v 5.24944 1.66000 -0.59855
v 5.40145 1.66000 -0.75056
v 5.58347 1.66000 -0.86493
v 5.78638 1.66000 -0.93593
v 6.00000 1.66000 -0.96000
v 6.21362 1.66000 -0.93593
v 6.41653 1.66000 -0.86493
v 6.59855 1.66000 -0.75056
v 6.75056 1.66000 -0.59855
v 6.86493 1.66000 -0.41653
v 6.93593 1.66000 -0.21362
v 6.64000 1.39000 0.00000
v 6.62395 1.39000 0.14241
v 6.57662 1.39000 0.27769
v 6.50037 1.39000 0.39903
v 6.39903 1.39000 0.50037
v 6.27769 1.39000 0.57662
v 6.14241 1.39000 0.62395
v 6.00000 1.39000 0.64000
v 5.85759 1.39000 0.62395
v 5.72231 1.39000 0.57662
v 5.60097 1.39000 0.50037
v 5.49963 1.39000 0.39903
v 5.42338 1.39000 0.27769
v 5.37605 1.39000 0.14241
v 5.36000 1.39000 0.00000
v 5.37605 1.39000 -0.14241
v 5.42338 1.39000 -0.27769
v 5.49963 1.39000 -0.39903
v 5.60097 1.39000 -0.50037
v 5.72231 1.39000 -0.57662
v 5.85759 1.39000 -0.62395
v 6.00000 1.39000 -0.64000
v 6.14241 1.39000 -0.62395
v 6.27769 1.39000 -0.57662
v 6.39903 1.39000 -0.50037
v 6.50037 1.39000 -0.39903
v 6.57662 1.39000 -0.27769
v 6.62395 1.39000 -0.14241
v 6.36000 1.34000 0.00000
v 6.35097 1.34000 0.08011
v 6.32435 1.34000 0.15620
v 6.28146 1.34000 0.22446
v 6.22446 1.34000 0.28146
v 6.15620 1.34000 0.32435
v 6.08011 1.34000 0.35097
v 6.00000 1.34000 0.36000
v 5.91989 1.34000 0.35097
v 5.84380 1.34000 0.32435
v 5.77554 1.34000 0.28146
v 5.71854 1.34000 0.22446
v 5.67565 1.34000 0.15620
v 5.64903 1.34000 0.08011
v 5.64000 1.34000 0.00000
v 5.64903 1.34000 -0.08011
v 5.67565 1.34000 -0.15620
v 5.71854 1.34000 -0.22446
v 5.77554 1.34000 -0.28146
v 5.84380 1.34000 -0.32435
v 5.91989 1.34000 -0.35097
v 6.00000 1.34000 -0.36000
v 6.08011 1.34000 -0.35097
v 6.15620 1.34000 -0.32435
v 6.22446 1.34000 -0.28146
v 6.28146 1.34000 -0.22446
v 6.32435 1.34000 -0.15620
v 6.35097 1.34000 -0.08011
v 6.70000 1.05000 0.00000
v 6.70000 1.22000 0.00000
v 6.67615 1.05000 0.18117
v 6.67615 1.22000 0.18117
v 6.60622 1.05000 0.35000
v 6.60622 1.22000 0.35000
v 6.49497 1.05000 0.49497
v 6.49497 1.22000 0.49497
v 6.35000 1.05000 0.60622
v 6.35000 1.22000 0.60622
v 6.18117 1.05000 0.67615
v 6.18117 1.22000 0.67615
v 6.00000 1.05000 0.70000
v 6.00000 1.22000 0.70000
v 5.81883 1.05000 0.67615
v 5.81883 1.22000 0.67615
v 5.65000 1.05000 0.60622
v 5.65000 1.22000 0.60622
v 5.50503 1.05000 0.49497
v 5.50503 1.22000 0.49497
v 5.39378 1.05000 0.35000
v 5.39378 1.22000 0.35000
v 5.32385 1.05000 0.18117
v 5.32385 1.22000 0.18117
v 5.30000 1.05000 0.00000
v 5.30000 1.22000 0.00000
v 5.32385 1.05000 -0.18117
v 5.32385 1.22000 -0.18117
v 5.39378 1.05000 -0.35000
v 5.39378 1.22000 -0.35000
v 5.50503 1.05000 -0.49497
v 5.50503 1.22000 -0.49497
v 5.65000 1.05000 -0.60622
v 5.65000 1.22000 -0.60622
v 5.81883 1.05000 -0.67615
v 5.81883 1.22000 -0.67615
v 6.00000 1.05000 -0.70000
v 6.00000 1.22000 -0.70000
v 6.18117 1.05000 -0.67615
v 6.18117 1.22000 -0.67615
v 6.35000 1.05000 -0.60622
v 6.35000 1.22000 -0.60622
v 6.49497 1.05000 -0.49497
v 6.49497 1.22000 -0.49497
v 6.60622 1.05000 -0.35000
v 6.60622 1.22000 -0.35000
v 6.67615 1.05000 -0.18117
v 6.67615 1.22000 -0.18117
v 6.00000 1.05000 0.00000
v 6.00000 1.22000 0.00000
v 7.07000 1.13000 0.00000
v 7.00500 1.24258 0.00000
v 6.87500 1.24258 0.00000
v 6.81000 1.13000 0.00000
v 6.87500 1.01742 0.00000
v 7.00500 1.01742 0.00000
v 7.03354 1.13000 0.27694
v 6.97076 1.24258 0.26011
v 6.84519 1.24258 0.22647
v 6.78240 1.13000 0.20964
v 6.84519 1.01742 0.22647
v 6.97076 1.01742 0.26011
v 6.92665 1.13000 0.53500
v 6.87036 1.24258 0.50250
v 6.75777 1.24258 0.43750
v 6.70148 1.13000 0.40500
v 6.75777 1.01742 0.43750
v 6.87036 1.01742 0.50250
v 6.75660 1.13000 0.75660
v 6.71064 1.24258 0.71064
v 6.61872 1.24258 0.61872
v 6.57276 1.13000 0.57276
v 6.61872 1.01742 0.61872
v 6.71064 1.01742 0.71064
v 6.53500 1.13000 0.92665
v 6.50250 1.24258 0.87036
v 6.43750 1.24258 0.75777
v 6.40500 1.13000 0.70148
v 6.43750 1.01742 0.75777
v 6.50250 1.01742 0.87036
v 6.27694 1.13000 1.03354
v 6.26011 1.24258 0.97076
v 6.22647 1.24258 0.84519
v 6.20964 1.13000 0.78240
v 6.22647 1.01742 0.84519
v 6.26011 1.01742 0.97076
v 6.00000 1.13000 1.07000
v 6.00000 1.24258 1.00500
v 6.00000 1.24258 0.87500
v 6.00000 1.13000 0.81000
v 6.00000 1.01742 0.87500
v 6.00000 1.01742 1.00500
v 5.72306 1.13000 1.03354
v 5.73989 1.24258 0.97076
v 5.77353 1.24258 0.84519
v 5.79036 1.13000 0.78240
v 5.77353 1.01742 0.84519
v 5.73989 1.01742 0.97076
v 5.46500 1.13000 0.92665
v 5.49750 1.24258 0.87036
v 5.56250 1.24258 0.75777
v 5.59500 1.13000 0.70148
v 5.56250 1.01742 0.75777
v 5.49750 1.01742 0.87036
v 5.24340 1.13000 0.75660
v 5.28936 1.24258 0.71064
v 5.38128 1.24258 0.61872
v 5.42724 1.13000 0.57276
v 5.38128 1.01742 0.61872
v 5.28936 1.01742 0.71064
v 5.07335 1.13000 0.53500
v 5.12964 1.24258 0.50250
v 5.24223 1.24258 0.43750
v 5.29852 1.13000 0.40500
v 5.24223 1.01742 0.43750
v 5.12964 1.01742 0.50250
v 4.96646 1.13000 0.27694
v 5.02924 1.24258 0.26011
v 5.15481 1.24258 0.22647
v 5.21760 1.13000 0.20964
v 5.15481 1.01742 0.22647
v 5.02924 1.01742 0.26011
v 4.93000 1.13000 0.00000
v 4.99500 1.24258 0.00000
v 5.12500 1.24258 0.00000
v 5.19000 1.13000 0.00000
v 5.12500 1.01742 0.00000
v 4.99500 1.01742 0.00000
v 4.96646 1.13000 -0.27694
v 5.02924 1.24258 -0.26011
v 5.15481 1.24258 -0.22647
v 5.21760 1.13000 -0.20964
v 5.15481 1.01742 -0.22647
v 5.02924 1.01742 -0.26011
v 5.07335 1.13000 -0.53500
v 5.12964 1.24258 -0.50250
v 5.24223 1.24258 -0.43750
v 5.29852 1.13000 -0.40500
v 5.24223 1.01742 -0.43750
v 5.12964 1.01742 -0.50250
v 5.24340 1.13000 -0.75660
v 5.28936 1.24258 -0.71064
v 5.38128 1.24258 -0.61872
v 5.42724 1.13000 -0.57276
v 5.38128 1.01742 -0.61872
v 5.28936 1.01742 -0.71064
v 5.46500 1.13000 -0.92665
v 5.49750 1.24258 -0.87036
v 5.56250 1.24258 -0.75777
v 5.59500 1.13000 -0.70148
v 5.56250 1.01742 -0.75777
v 5.49750 1.01742 -0.87036
v 5.72306 1.13000 -1.03354
v 5.73989 1.24258 -0.97076
v 5.77353 1.24258 -0.84519
v 5.79036 1.13000 -0.78240
v 5.77353 1.01742 -0.84519
v 5.73989 1.01742 -0.97076
v 6.00000 1.13000 -1.07000
v 6.00000 1.24258 -1.00500
v 6.00000 1.24258 -0.87500
v 6.00000 1.13000 -0.81000
v 6.00000 1.01742 -0.87500
v 6.00000 1.01742 -1.00500
v 6.27694 1.13000 -1.03354
v 6.26011 1.24258 -0.97076
v 6.22647 1.24258 -0.84519
v 6.20964 1.13000 -0.78240
v 6.22647 1.01742 -0.84519
v 6.26011 1.01742 -0.97076
v 6.53500 1.13000 -0.92665
v 6.50250 1.24258 -0.87036
v 6.43750 1.24258 -0.75777
v 6.40500 1.13000 -0.70148
v 6.43750 1.01742 -0.75777
v 6.50250 1.01742 -0.87036
v 6.75660 1.13000 -0.75660
v 6.71064 1.24258 -0.71064
v 6.61872 1.24258 -0.61872
v 6.57276 1.13000 -0.57276
v 6.61872 1.01742 -0.61872
v 6.71064 1.01742 -0.71064
v 6.92665 1.13000 -0.53500
v 6.87036 1.24258 -0.50250
v 6.75777 1.24258 -0.43750
v 6.70148 1.13000 -0.40500
v 6.75777 1.01742 -0.43750
v 6.87036 1.01742 -0.50250
v 7.03354 1.13000 -0.27694
v 6.97076 1.24258 -0.26011
v 6.84519 1.24258 -0.22647
v 6.78240 1.13000 -0.20964
v 6.84519 1.01742 -0.22647
v 6.97076 1.01742 -0.26011
v 4.82000 2.18000 -0.07500
v 4.82216 2.11508 -0.03750
v 4.82216 2.11508 0.03750
v 4.82000 2.18000 0.07500
v 4.81784 2.24492 0.03750
v 4.81784 2.24492 -0.03750
v 4.52000 2.17000 -0.07500
v 4.52216 2.10508 -0.03750
v 4.52216 2.10508 0.03750
v 4.52000 2.17000 0.07500
v 4.51784 2.23492 0.03750
v 4.51784 2.23492 -0.03750
v 4.82000 2.18000 0.00000
v 4.52000 2.17000 0.00000
v 4.52000 2.17000 -0.07500
v 4.56593 2.12407 -0.03750
v 4.56593 2.12407 0.03750
v 4.52000 2.17000 0.07500
v 4.47407 2.21593 0.03750
v 4.47407 2.21593 -0.03750
v 4.33000 1.98000 -0.07500
v 4.37593 1.93407 -0.03750
v 4.37593 1.93407 0.03750
v 4.33000 1.98000 0.07500
v 4.28407 2.02593 0.03750
v 4.28407 2.02593 -0.03750
v 4.52000 2.17000 0.00000
v 4.33000 1.98000 0.00000
v 4.33000 1.98000 0.07500
v 4.27679 1.94275 0.03750
v 4.27679 1.94275 -0.03750
v 4.33000 1.98000 -0.07500
v 4.38321 2.01725 -0.03750
v 4.38321 2.01725 0.03750
v 4.47000 1.78000 0.07500
v 4.41679 1.74275 0.03750
v 4.41679 1.74275 -0.03750
v 4.47000 1.78000 -0.07500
v 4.52321 1.81725 -0.03750
v 4.52321 1.81725 0.03750
v 4.33000 1.98000 0.00000
v 4.47000 1.78000 0.00000
v 4.47000 1.78000 0.07500
v 4.47000 1.71505 0.03750
v 4.47000 1.71505 -0.03750
v 4.47000 1.78000 -0.07500
v 4.47000 1.84495 -0.03750
v 4.47000 1.84495 0.03750
v 4.79000 1.78000 0.07500
v 4.79000 1.71505 0.03750
v 4.79000 1.71505 -0.03750
v 4.79000 1.78000 -0.07500
v 4.79000 1.84495 -0.03750
v 4.79000 1.84495 0.03750
v 4.47000 1.78000 0.00000
v 4.79000 1.78000 0.00000
v 7.18000 2.18000 0.07500
v 7.17784 2.11508 0.03750
v 7.17784 2.11508 -0.03750
v 7.18000 2.18000 -0.07500
v 7.18216 2.24492 -0.03750
v 7.18216 2.24492 0.03750
v 7.48000 2.17000 0.07500
v 7.47784 2.10508 0.03750
v 7.47784 2.10508 -0.03750
v 7.48000 2.17000 -0.07500
v 7.48216 2.23492 -0.03750
v 7.48216 2.23492 0.03750
v 7.18000 2.18000 0.00000
v 7.48000 2.17000 0.00000
v 7.48000 2.17000 0.07500
v 7.43407 2.12407 0.03750
v 7.43407 2.12407 -0.03750
v 7.48000 2.17000 -0.07500
v 7.52593 2.21593 -0.03750
v 7.52593 2.21593 0.03750
v 7.67000 1.98000 0.07500
v 7.62407 1.93407 0.03750
v 7.62407 1.93407 -0.03750
v 7.67000 1.98000 -0.07500
v 7.71593 2.02593 -0.03750
v 7.71593 2.02593 0.03750
v 7.48000 2.17000 0.00000
v 7.67000 1.98000 0.00000
v 7.67000 1.98000 -0.07500
v 7.72321 1.94275 -0.03750
v 7.72321 1.94275 0.03750
v 7.67000 1.98000 0.07500
v 7.61679 2.01725 0.03750
v 7.61679 2.01725 -0.03750
v 7.53000 1.78000 -0.07500
v 7.58321 1.74275 -0.03750
v 7.58321 1.74275 0.03750
v 7.53000 1.78000 0.07500
v 7.47679 1.81725 0.03750
v 7.47679 1.81725 -0.03750
v 7.67000 1.98000 0.00000
v 7.53000 1.78000 0.00000
v 7.53000 1.78000 -0.07500
v 7.53000 1.71505 -0.03750
v 7.53000 1.71505 0.03750
v 7.53000 1.78000 0.07500
v 7.53000 1.84495 0.03750
v 7.53000 1.84495 -0.03750
v 7.21000 1.78000 -0.07500
v 7.21000 1.71505 -0.03750
v 7.21000 1.71505 0.03750
v 7.21000 1.78000 0.07500
v 7.21000 1.84495 0.03750
v 7.21000 1.84495 -0.03750
v 7.53000 1.78000 0.00000
v 7.21000 1.78000 0.00000
v 7.19778 2.10929 0.00000
v 7.15889 2.10929 0.06736
v 7.08111 2.10929 0.06736
v 7.04222 2.10929 0.00000
v 7.08111 2.10929 -0.06736
v 7.15889 2.10929 -0.06736
v 7.23000 2.18000 0.00000
v 7.17500 2.18000 0.09526
v 7.06500 2.18000 0.09526
v 7.01000 2.18000 0.00000
v 7.06500 2.18000 -0.09526
v 7.17500 2.18000 -0.09526
v 7.19778 2.25071 0.00000
v 7.15889 2.25071 0.06736
v 7.08111 2.25071 0.06736
v 7.04222 2.25071 0.00000
v 7.08111 2.25071 -0.06736
v 7.15889 2.25071 -0.06736
v 7.12000 2.08000 0.00000
v 7.12000 2.28000 0.00000
v 6.86974 2.10929 0.79196
v 6.83085 2.10929 0.85932
v 6.75307 2.10929 0.85932
v 6.71418 2.10929 0.79196
v 6.75307 2.10929 0.72460
v 6.83085 2.10929 0.72460
v 6.90196 2.18000 0.79196
v 6.84696 2.18000 0.88722
v 6.73696 2.18000 0.88722
v 6.68196 2.18000 0.79196
v 6.73696 2.18000 0.69670
v 6.84696 2.18000 0.69670
v 6.86974 2.25071 0.79196
v 6.83085 2.25071 0.85932
v 6.75307 2.25071 0.85932
v 6.71418 2.25071 0.79196
v 6.75307 2.25071 0.72460
v 6.83085 2.25071 0.72460
v 6.79196 2.08000 0.79196
v 6.79196 2.28000 0.79196
v 6.07778 2.10929 1.12000
v 6.03889 2.10929 1.18736
v 5.96111 2.10929 1.18736
v 5.92222 2.10929 1.12000
v 5.96111 2.10929 1.05264
v 6.03889 2.10929 1.05264
v 6.11000 2.18000 1.12000
v 6.05500 2.18000 1.21526
v 5.94500 2.18000 1.21526
v 5.89000 2.18000 1.12000
v 5.94500 2.18000 1.02474
v 6.05500 2.18000 1.02474
v 6.07778 2.25071 1.12000
v 6.03889 2.25071 1.18736
v 5.96111 2.25071 1.18736
v 5.92222 2.25071 1.12000
v 5.96111 2.25071 1.05264
v 6.03889 2.25071 1.05264
v 6.00000 2.08000 1.12000
v 6.00000 2.28000 1.12000
v 5.28582 2.10929 0.79196
v 5.24693 2.10929 0.85932
v 5.16915 2.10929 0.85932
v 5.13026 2.10929 0.79196
v 5.16915 2.10929 0.72460
v 5.24693 2.10929 0.72460
v 5.31804 2.18000 0.79196
v 5.26304 2.18000 0.88722
v 5.15304 2.18000 0.88722
v 5.09804 2.18000 0.79196
v 5.15304 2.18000 0.69670
v 5.26304 2.18000 0.69670
v 5.28582 2.25071 0.79196
v 5.24693 2.25071 0.85932
v 5.16915 2.25071 0.85932
v 5.13026 2.25071 0.79196
v 5.16915 2.25071 0.72460
v 5.24693 2.25071 0.72460
v 5.20804 2.08000 0.79196
v 5.20804 2.28000 0.79196
v 4.95778 2.10929 0.00000
v 4.91889 2.10929 0.06736
v 4.84111 2.10929 0.06736
v 4.80222 2.10929 0.00000
v 4.84111 2.10929 -0.06736
v 4.91889 2.10929 -0.06736
v 4.99000 2.18000 0.00000
v 4.93500 2.18000 0.09526
v 4.82500 2.18000 0.09526
v 4.77000 2.18000 0.00000
v 4.82500 2.18000 -0.09526
v 4.93500 2.18000 -0.09526
v 4.95778 2.25071 0.00000
v 4.91889 2.25071 0.06736
v 4.84111 2.25071 0.06736
v 4.80222 2.25071 0.00000
v 4.84111 2.25071 -0.06736
v 4.91889 2.25071 -0.06736
v 4.88000 2.08000 0.00000
v 4.88000 2.28000 0.00000
v 5.28582 2.10929 -0.79196
v 5.24693 2.10929 -0.72460
v 5.16915 2.10929 -0.72460
v 5.13026 2.10929 -0.79196
v 5.16915 2.10929 -0.85932
v 5.24693 2.10929 -0.85932
v 5.31804 2.18000 -0.79196
v 5.26304 2.18000 -0.69670
v 5.15304 2.18000 -0.69670
v 5.09804 2.18000 -0.79196
v 5.15304 2.18000 -0.88722
v 5.26304 2.18000 -0.88722
v 5.28582 2.25071 -0.79196
v 5.24693 2.25071 -0.72460
v 5.16915 2.25071 -0.72460
v 5.13026 2.25071 -0.79196
v 5.16915 2.25071 -0.85932
v 5.24693 2.25071 -0.85932
v 5.20804 2.08000 -0.79196
v 5.20804 2.28000 -0.79196
v 6.07778 2.10929 -1.12000
v 6.03889 2.10929 -1.05264
v 5.96111 2.10929 -1.05264
v 5.92222 2.10929 -1.12000
v 5.96111 2.10929 -1.18736
v 6.03889 2.10929 -1.18736
v 6.11000 2.18000 -1.12000
v 6.05500 2.18000 -1.02474
v 5.94500 2.18000 -1.02474
v 5.89000 2.18000 -1.12000
v 5.94500 2.18000 -1.21526
v 6.05500 2.18000 -1.21526
v 6.07778 2.25071 -1.12000
v 6.03889 2.25071 -1.05264
v 5.96111 2.25071 -1.05264
v 5.92222 2.25071 -1.12000
v 5.96111 2.25071 -1.18736
v 6.03889 2.25071 -1.18736
v 6.00000 2.08000 -1.12000
v 6.00000 2.28000 -1.12000
v 6.86974 2.10929 -0.79196
v 6.83085 2.10929 -0.72460
v 6.75307 2.10929 -0.72460
v 6.71418 2.10929 -0.79196
v 6.75307 2.10929 -0.85932
v 6.83085 2.10929 -0.85932
v 6.90196 2.18000 -0.79196
v 6.84696 2.18000 -0.69670
v 6.73696 2.18000 -0.69670
v 6.68196 2.18000 -0.79196
v 6.73696 2.18000 -0.88722
v 6.84696 2.18000 -0.88722
v 6.86974 2.25071 -0.79196
v 6.83085 2.25071 -0.72460
v 6.75307 2.25071 -0.72460
v 6.71418 2.25071 -0.79196
v 6.75307 2.25071 -0.85932
v 6.83085 2.25071 -0.85932
v 6.79196 2.08000 -0.79196
v 6.79196 2.28000 -0.79196
v 3.00000 0.77000 4.67615
v 2.69435 0.77000 4.77546
v 2.50545 0.77000 5.03546
v 2.50545 0.77000 5.35684
v 2.69435 0.77000 5.61684
v 3.00000 0.77000 5.71615
v 3.30565 0.77000 5.61684
v 3.49455 0.77000 5.35684
v 3.49455 0.77000 5.03546
v 3.30565 0.77000 4.77546
v 3.00000 1.12000 4.80615
v 2.77076 1.12000 4.88064
v 2.62909 1.12000 5.07564
v 2.62909 1.12000 5.31667
v 2.77076 1.12000 5.51167
v 3.00000 1.12000 5.58615
v 3.22924 1.12000 5.51167
v 3.37091 1.12000 5.31667
v 3.37091 1.12000 5.07564
v 3.22924 1.12000 4.88064
v 3.00000 0.77000 5.19615
v 3.00000 1.12000 5.19615
v -0.13856 1.18000 0.08000
v -0.09798 1.06686 0.05657
v -0.00000 1.02000 0.00000
v 0.09798 1.06686 -0.05657
v 0.13856 1.18000 -0.08000
v 0.09798 1.29314 -0.05657
v 0.00000 1.34000 -0.00000
v -0.09798 1.29314 0.05657
v 2.90474 1.18000 5.25115
v 2.93264 1.10222 5.23504
v 3.00000 1.07000 5.19615
v 3.06736 1.10222 5.15726
v 3.09526 1.18000 5.14115
v 3.06736 1.25778 5.15726
v 3.00000 1.29000 5.19615
v 2.93264 1.25778 5.23504
v 0.00000 1.18000 0.00000
v 3.00000 1.18000 5.19615
v -0.12990 5.35000 0.07500
v -0.11720 5.25683 0.00914
v -0.03584 5.21823 -0.06208
v 0.06651 5.25683 -0.09693
v 0.12990 5.35000 -0.07500
v 0.11720 5.44317 -0.00914
v 0.03584 5.48177 0.06208
v -0.06651 5.44317 0.09693
v 2.08206 3.00000 3.78623
v 2.08968 2.94410 3.74671
v 2.13850 2.92094 3.70398
v 2.19991 2.94410 3.68307
v 2.23794 3.00000 3.69623
v 2.23032 3.05590 3.73575
v 2.18150 3.07906 3.77847
v 2.12009 3.05590 3.79939
v 0.00000 5.35000 0.00000
v 2.16000 3.00000 3.74123
v -0.10392 7.18000 0.06000
v -0.09366 7.10536 0.00748
v -0.02853 7.07444 -0.04942
v 0.05331 7.10536 -0.07737
v 0.10392 7.18000 -0.06000
v 0.09366 7.25464 -0.00748
v 0.02853 7.28556 0.04942
v -0.05331 7.25464 0.07737
v 2.27505 4.65000 4.09050
v 2.28146 4.60335 4.05767
v 2.32217 4.58402 4.02211
v 2.37332 4.60335 4.00464
v 2.40495 4.65000 4.01550
v 2.39854 4.69665 4.04832
v 2.35783 4.71598 4.08389
v 2.30668 4.69665 4.10136
v 0.00000 7.18000 0.00000
v 2.34000 4.65000 4.05300
v 3.21500 1.06000 5.56854
v 3.12674 1.06000 5.60705
v 3.03213 1.06000 5.62495
v 2.93591 1.06000 5.62135
v 2.84290 1.06000 5.59643
v 2.75777 1.06000 5.55144
v 2.68479 1.06000 5.48863
v 2.62761 1.06000 5.41115
v 2.58910 1.06000 5.32290
v 2.57120 1.06000 5.22829
v 2.57480 1.06000 5.13206
v 2.59972 1.06000 5.03906
v 2.64472 1.06000 4.95392
v 2.70753 1.06000 4.88094
v 2.78500 1.06000 4.82376
v 2.87326 1.06000 4.78526
v 2.96787 1.06000 4.76735
v 3.06409 1.06000 4.77096
v 3.15710 1.06000 4.79588
v 3.24223 1.06000 4.84087
v 3.31521 1.06000 4.90368
v 3.37239 1.06000 4.98115
v 3.41090 1.06000 5.06941
v 3.42880 1.06000 5.16402
v 3.42520 1.06000 5.26024
v 3.40028 1.06000 5.35325
v 3.35528 1.06000 5.43838
v 3.29247 1.06000 5.51136
v 3.38000 1.08000 5.85433
v 3.22401 1.08000 5.92239
v 3.05679 1.08000 5.95403
v 2.88673 1.08000 5.94766
v 2.72234 1.08000 5.90362
v 2.57188 1.08000 5.82409
v 2.44288 1.08000 5.71308
v 2.34182 1.08000 5.57615
v 2.27376 1.08000 5.42017
v 2.24213 1.08000 5.25295
v 2.24849 1.08000 5.08288
v 2.29254 1.08000 4.91849
v 2.37206 1.08000 4.76803
v 2.48307 1.08000 4.63903
v 2.62000 1.08000 4.53797
v 2.77599 1.08000 4.46992
v 2.94321 1.08000 4.43828
v 3.11327 1.08000 4.44464
v 3.27766 1.08000 4.48869
v 3.42812 1.08000 4.56821
v 3.55712 1.08000 4.67922
v 3.65818 1.08000 4.81615
v 3.72624 1.08000 4.97214
v 3.75787 1.08000 5.13936
v 3.75151 1.08000 5.30942
v 3.70746 1.08000 5.47381
v 3.62794 1.08000 5.62428
v 3.51693 1.08000 5.75327
v 3.51000 1.30000 6.07950
v 3.30065 1.30000 6.17084
v 3.07622 1.30000 6.21330
v 2.84798 1.30000 6.20476
v 2.62735 1.30000 6.14564
v 2.42541 1.30000 6.03892
v 2.25229 1.30000 5.88993
v 2.11665 1.30000 5.70615
v 2.02532 1.30000 5.49680
v 1.98285 1.30000 5.27238
v 1.99139 1.30000 5.04413
v 2.05051 1.30000 4.82350
v 2.15724 1.30000 4.62157
v 2.30622 1.30000 4.44844
v 2.49000 1.30000 4.31281
v 2.69935 1.30000 4.22147
v 2.92378 1.30000 4.17900
v 3.15202 1.30000 4.18754
v 3.37265 1.30000 4.24666
v 3.57459 1.30000 4.35339
v 3.74771 1.30000 4.50238
v 3.88335 1.30000 4.68615
v 3.97468 1.30000 4.89550
v 4.01715 1.30000 5.11993
v 4.00861 1.30000 5.34818
v 3.94949 1.30000 5.56880
v 3.84276 1.30000 5.77074
v 3.69378 1.30000 5.94387
v 3.62000 1.78000 6.27002
v 3.36550 1.78000 6.38106
v 3.09267 1.78000 6.43269
v 2.81519 1.78000 6.42230
v 2.54698 1.78000 6.35044
v 2.30148 1.78000 6.22069
v 2.09102 1.78000 6.03957
v 1.92613 1.78000 5.81615
v 1.81509 1.78000 5.56165
v 1.76347 1.78000 5.28882
v 1.77385 1.78000 5.01134
v 1.84572 1.78000 4.74313
v 1.97546 1.78000 4.49764
v 2.15659 1.78000 4.28717
v 2.38000 1.78000 4.12228
v 2.63450 1.78000 4.01124
v 2.90733 1.78000 3.95962
v 3.18481 1.78000 3.97000
v 3.45302 1.78000 4.04187
v 3.69852 1.78000 4.17162
v 3.90898 1.78000 4.35274
v 4.07387 1.78000 4.57615
v 4.18491 1.78000 4.83066
v 4.23653 1.78000 5.10349
v 4.22615 1.78000 5.38096
v 4.15428 1.78000 5.64918
v 4.02454 1.78000 5.89467
v 3.84341 1.78000 6.10514
v 3.67000 2.32000 6.35663
v 3.39497 2.32000 6.47662
v 3.10014 2.32000 6.53241
v 2.80028 2.32000 6.52119
v 2.51044 2.32000 6.44352
v 2.24515 2.32000 6.30331
v 2.01771 2.32000 6.10758
v 1.83953 2.32000 5.86615
v 1.71953 2.32000 5.59112
v 1.66375 2.32000 5.29629
v 1.67497 2.32000 4.99644
v 1.75263 2.32000 4.70660
v 1.89284 2.32000 4.44130
v 2.08857 2.32000 4.21386
v 2.33000 2.32000 4.03568
v 2.60503 2.32000 3.91568
v 2.89986 2.32000 3.85990
v 3.19972 2.32000 3.87112
v 3.48956 2.32000 3.94878
v 3.75485 2.32000 4.08899
v 3.98229 2.32000 4.28472
v 4.16047 2.32000 4.52615
v 4.28047 2.32000 4.80118
v 4.33625 2.32000 5.09601
v 4.32503 2.32000 5.39587
v 4.24737 2.32000 5.68571
v 4.10716 2.32000 5.95100
v 3.91143 2.32000 6.17844
v 3.64000 2.43000 6.30466
v 3.37729 2.43000 6.41929
v 3.09565 2.43000 6.47257
v 2.80923 2.43000 6.46186
v 2.53236 2.43000 6.38767
v 2.27895 2.43000 6.25374
v 2.06169 2.43000 6.06677
v 1.89149 2.43000 5.83615
v 1.77687 2.43000 5.57344
v 1.72358 2.43000 5.29181
v 1.73430 2.43000 5.00538
v 1.80848 2.43000 4.72852
v 1.94241 2.43000 4.47510
v 2.12938 2.43000 4.25785
v 2.36000 2.43000 4.08764
v 2.62271 2.43000 3.97302
v 2.90435 2.43000 3.91973
v 3.19077 2.43000 3.93045
v 3.46764 2.43000 4.00463
v 3.72105 2.43000 4.13857
v 3.93831 2.43000 4.32553
v 4.10851 2.43000 4.55615
v 4.22313 2.43000 4.81887
v 4.27642 2.43000 5.10050
v 4.26570 2.43000 5.38693
v 4.19152 2.43000 5.66379
v 4.05759 2.43000 5.91720
v 3.87062 2.43000 6.13446
v 3.54000 2.38000 6.13146
v 3.31834 2.38000 6.22817
v 3.08071 2.38000 6.27313
v 2.83903 2.38000 6.26409
v 2.60543 2.38000 6.20150
v 2.39161 2.38000 6.08849
v 2.20830 2.38000 5.93074
v 2.06469 2.38000 5.73615
v 1.96798 2.38000 5.51449
v 1.92302 2.38000 5.27686
v 1.93206 2.38000 5.03519
v 1.99466 2.38000 4.80158
v 2.10766 2.38000 4.58777
v 2.26541 2.38000 4.40446
v 2.46000 2.38000 4.26084
v 2.68166 2.38000 4.16413
v 2.91929 2.38000 4.11917
v 3.16097 2.38000 4.12822
v 3.39457 2.38000 4.19081
v 3.60839 2.38000 4.30381
v 3.79170 2.38000 4.46157
v 3.93531 2.38000 4.65615
v 4.03202 2.38000 4.87782
v 4.07698 2.38000 5.11544
v 4.06794 2.38000 5.35712
v 4.00534 2.38000 5.59072
v 3.89234 2.38000 5.80454
v 3.73459 2.38000 5.98785
v 3.48000 1.66000 6.02754
v 3.28296 1.66000 6.11350
v 3.07174 1.66000 6.15347
v 2.85692 1.66000 6.14543
v 2.64927 1.66000 6.08979
v 2.45921 1.66000 5.98934
v 2.29627 1.66000 5.84912
v 2.16862 1.66000 5.67615
v 2.08265 1.66000 5.47912
v 2.04268 1.66000 5.26789
v 2.05072 1.66000 5.05307
v 2.10636 1.66000 4.84543
v 2.20681 1.66000 4.65537
v 2.34703 1.66000 4.49242
v 2.52000 1.66000 4.36477
v 2.71704 1.66000 4.27880
v 2.92826 1.66000 4.23884
v 3.14308 1.66000 4.24687
v 3.35073 1.66000 4.30251
v 3.54079 1.66000 4.40296
v 3.70373 1.66000 4.54319
v 3.83138 1.66000 4.71615
v 3.91735 1.66000 4.91319
v 3.95732 1.66000 5.12441
v 3.94928 1.66000 5.33923
v 3.89364 1.66000 5.54688
v 3.79319 1.66000 5.73694
v 3.65297 1.66000 5.89988
v 3.32000 1.39000 5.75041
v 3.18864 1.39000 5.80772
v 3.04783 1.39000 5.83436
v 2.90461 1.39000 5.82900
v 2.76618 1.39000 5.79191
v 2.63948 1.39000 5.72495
v 2.53085 1.39000 5.63146
v 2.44574 1.39000 5.51615
v 2.38843 1.39000 5.38480
v 2.36179 1.39000 5.24398
v 2.36715 1.39000 5.10077
v 2.40424 1.39000 4.96233
v 2.47121 1.39000 4.83563
v 2.56469 1.39000 4.72700
v 2.68000 1.39000 4.64190
v 2.81136 1.39000 4.58459
v 2.95217 1.39000 4.55794
v 3.09539 1.39000 4.56330
v 3.23382 1.39000 4.60039
v 3.36052 1.39000 4.66736
v 3.46915 1.39000 4.76084
v 3.55426 1.39000 4.87615
v 3.61157 1.39000 5.00751
v 3.63821 1.39000 5.14833
v 3.63285 1.39000 5.29154
v 3.59576 1.39000 5.42997
v 3.52879 1.39000 5.55668
v 3.43531 1.39000 5.66531
v 3.18000 1.34000 5.50792
v 3.10611 1.34000 5.54016
v 3.02690 1.34000 5.55515
v 2.94634 1.34000 5.55213
v 2.86848 1.34000 5.53127
v 2.79720 1.34000 5.49360
v 2.73610 1.34000 5.44101
v 2.68823 1.34000 5.37615
v 2.65599 1.34000 5.30226
v 2.64101 1.34000 5.22306
v 2.64402 1.34000 5.14250
v 2.66489 1.34000 5.06463
v 2.70255 1.34000 4.99336
v 2.75514 1.34000 4.93225
v 2.82000 1.34000 4.88438
v 2.89389 1.34000 4.85215
v 2.97310 1.34000 4.83716
v 3.05366 1.34000 4.84017
v 3.13152 1.34000 4.86104
v 3.20280 1.34000 4.89871
v 3.26390 1.34000 4.95129
v 3.31177 1.34000 5.01615
v 3.34401 1.34000 5.09004
v 3.35899 1.34000 5.16925
v 3.35598 1.34000 5.24981
v 3.33511 1.34000 5.32768
v 3.29745 1.34000 5.39895
v 3.24486 1.34000 5.46005
v 3.35000 1.05000 5.80237
v 3.35000 1.22000 5.80237
v 3.18117 1.05000 5.87230
v 3.18117 1.22000 5.87230
v 3.00000 1.05000 5.89615
v 3.00000 1.22000 5.89615
v 2.81883 1.05000 5.87230
v 2.81883 1.22000 5.87230
v 2.65000 1.05000 5.80237
v 2.65000 1.22000 5.80237
v 2.50503 1.05000 5.69113
v 2.50503 1.22000 5.69113
v 2.39378 1.05000 5.54615
v 2.39378 1.22000 5.54615
v 2.32385 1.05000 5.37733
v 2.32385 1.22000 5.37733
v 2.30000 1.05000 5.19615
v 2.30000 1.22000 5.19615
v 2.32385 1.05000 5.01498
v 2.32385 1.22000 5.01498
v 2.39378 1.05000 4.84615
v 2.39378 1.22000 4.84615
v 2.50503 1.05000 4.70118
v 2.50503 1.22000 4.70118
v 2.65000 1.05000 4.58993
v 2.65000 1.22000 4.58993
v 2.81883 1.05000 4.52000
v 2.81883 1.22000 4.52000
v 3.00000 1.05000 4.49615
v 3.00000 1.22000 4.49615
v 3.18117 1.05000 4.52000
v 3.18117 1.22000 4.52000
v 3.35000 1.05000 4.58993
v 3.35000 1.22000 4.58993
v 3.49497 1.05000 4.70118
v 3.49497 1.22000 4.70118
v 3.60622 1.05000 4.84615
v 3.60622 1.22000 4.84615
v 3.67615 1.05000 5.01498
v 3.67615 1.22000 5.01498
v 3.70000 1.05000 5.19615
v 3.70000 1.22000 5.19615
v 3.67615 1.05000 5.37733
v 3.67615 1.22000 5.37733
v 3.60622 1.05000 5.54615
v 3.60622 1.22000 5.54615
v 3.49497 1.05000 5.69113
v 3.49497 1.22000 5.69113
v 3.00000 1.05000 5.19615
v 3.00000 1.22000 5.19615
v 3.53500 1.13000 6.12280
v 3.50250 1.24258 6.06651
v 3.43750 1.24258 5.95392
v 3.40500 1.13000 5.89763
v 3.43750 1.01742 5.95392
v 3.50250 1.01742 6.06651
v 3.27694 1.13000 6.22969
v 3.26011 1.24258 6.16691
v 3.22647 1.24258 6.04134
v 3.20964 1.13000 5.97855
v 3.22647 1.01742 6.04134
v 3.26011 1.01742 6.16691
v 3.00000 1.13000 6.26615
v 3.00000 1.24258 6.20115
v 3.00000 1.24258 6.07115
v 3.00000 1.13000 6.00615
v 3.00000 1.01742 6.07115
v 3.00000 1.01742 6.20115
v 2.72306 1.13000 6.22969
v 2.73989 1.24258 6.16691
v 2.77353 1.24258 6.04134
v 2.79036 1.13000 5.97855
v 2.77353 1.01742 6.04134
v 2.73989 1.01742 6.16691
v 2.46500 1.13000 6.12280
v 2.49750 1.24258 6.06651
v 2.56250 1.24258 5.95392
v 2.59500 1.13000 5.89763
v 2.56250 1.01742 5.95392
v 2.49750 1.01742 6.06651
v 2.24340 1.13000 5.95276
v 2.28936 1.24258 5.90679
v 2.38128 1.24258 5.81487
v 2.42724 1.13000 5.76891
v 2.38128 1.01742 5.81487
v 2.28936 1.01742 5.90679
v 2.07335 1.13000 5.73115
v 2.12964 1.24258 5.69865
v 2.24223 1.24258 5.63365
v 2.29852 1.13000 5.60115
v 2.24223 1.01742 5.63365
v 2.12964 1.01742 5.69865
v 1.96646 1.13000 5.47309
v 2.02924 1.24258 5.45627
v 2.15481 1.24258 5.42262
v 2.21760 1.13000 5.40580
v 2.15481 1.01742 5.42262
v 2.02924 1.01742 5.45627
v 1.93000 1.13000 5.19615
v 1.99500 1.24258 5.19615
v 2.12500 1.24258 5.19615
v 2.19000 1.13000 5.19615
v 2.12500 1.01742 5.19615
v 1.99500 1.01742 5.19615
v 1.96646 1.13000 4.91922
v 2.02924 1.24258 4.93604
v 2.15481 1.24258 4.96969
v 2.21760 1.13000 4.98651
v 2.15481 1.01742 4.96969
v 2.02924 1.01742 4.93604
v 2.07335 1.13000 4.66115
v 2.12964 1.24258 4.69365
v 2.24223 1.24258 4.75865
v 2.29852 1.13000 4.79115
v 2.24223 1.01742 4.75865
v 2.12964 1.01742 4.69365
v 2.24340 1.13000 4.43955
v 2.28936 1.24258 4.48551
v 2.38128 1.24258 4.57743
v 2.42724 1.13000 4.62340
v 2.38128 1.01742 4.57743
v 2.28936 1.01742 4.48551
v 2.46500 1.13000 4.26951
v 2.49750 1.24258 4.32580
v 2.56250 1.24258 4.43838
v 2.59500 1.13000 4.49467
v 2.56250 1.01742 4.43838
v 2.49750 1.01742 4.32580
v 2.72306 1.13000 4.16261
v 2.73989 1.24258 4.22540
v 2.77353 1.24258 4.35097
v 2.79036 1.13000 4.41375
v 2.77353 1.01742 4.35097
v 2.73989 1.01742 4.22540
v 3.00000 1.13000 4.12615
v 3.00000 1.24258 4.19115
v 3.00000 1.24258 4.32115
v 3.00000 1.13000 4.38615
v 3.00000 1.01742 4.32115
v 3.00000 1.01742 4.19115
v 3.27694 1.13000 4.16261
v 3.26011 1.24258 4.22540
v 3.22647 1.24258 4.35097
v 3.20964 1.13000 4.41375
v 3.22647 1.01742 4.35097
v 3.26011 1.01742 4.22540
v 3.53500 1.13000 4.26951
v 3.50250 1.24258 4.32580
v 3.43750 1.24258 4.43838
v 3.40500 1.13000 4.49467
v 3.43750 1.01742 4.43838
v 3.50250 1.01742 4.32580
v 3.75660 1.13000 4.43955
v 3.71064 1.24258 4.48551
v 3.61872 1.24258 4.57743
v 3.57276 1.13000 4.62340
v 3.61872 1.01742 4.57743
v 3.71064 1.01742 4.48551
v 3.92665 1.13000 4.66115
v 3.87036 1.24258 4.69365
v 3.75777 1.24258 4.75865
v 3.70148 1.13000 4.79115
v 3.75777 1.01742 4.75865
v 3.87036 1.01742 4.69365
v 4.03354 1.13000 4.91922
v 3.97076 1.24258 4.93604
v 3.84519 1.24258 4.96969
v 3.78240 1.13000 4.98651
v 3.84519 1.01742 4.96969
v 3.97076 1.01742 4.93604
v 4.07000 1.13000 5.19615
v 4.00500 1.24258 5.19615
v 3.87500 1.24258 5.19615
v 3.81000 1.13000 5.19615
v 3.87500 1.01742 5.19615
v 4.00500 1.01742 5.19615
v 4.03354 1.13000 5.47309
v 3.97076 1.24258 5.45627
v 3.84519 1.24258 5.42262
v 3.78240 1.13000 5.40580
v 3.84519 1.01742 5.42262
v 3.97076 1.01742 5.45627
v 3.92665 1.13000 5.73115
v 3.87036 1.24258 5.69865
v 3.75777 1.24258 5.63365
v 3.70148 1.13000 5.60115
v 3.75777 1.01742 5.63365
v 3.87036 1.01742 5.69865
v 3.75660 1.13000 5.95276
v 3.71064 1.24258 5.90679
v 3.61872 1.24258 5.81487
v 3.57276 1.13000 5.76891
v 3.61872 1.01742 5.81487
v 3.71064 1.01742 5.90679
v 2.47495 2.18000 4.13674
v 2.44356 2.11508 4.15737
v 2.37861 2.11508 4.19487
v 2.34505 2.18000 4.21174
v 2.37644 2.24492 4.19112
v 2.44139 2.24492 4.15362
v 2.32495 2.17000 3.87693
v 2.29356 2.10508 3.89756
v 2.22861 2.10508 3.93506
v 2.19505 2.17000 3.95193
v 2.22644 2.23492 3.93131
v 2.29139 2.23492 3.89381
v 2.41000 2.18000 4.17424
v 2.26000 2.17000 3.91443
v 2.32495 2.17000 3.87693
v 2.31544 2.12407 3.93546
v 2.25049 2.12407 3.97296
v 2.19505 2.17000 3.95193
v 2.20456 2.21593 3.89341
v 2.26951 2.21593 3.85591
v 2.22995 1.98000 3.71239
v 2.22044 1.93407 3.77091
v 2.15549 1.93407 3.80841
v 2.10005 1.98000 3.78739
v 2.10956 2.02593 3.72887
v 2.17451 2.02593 3.69137
v 2.26000 2.17000 3.91443
v 2.16500 1.98000 3.74989
v 2.10005 1.98000 3.78739
v 2.10592 1.94275 3.72256
v 2.17087 1.94275 3.68506
v 2.22995 1.98000 3.71239
v 2.22408 2.01725 3.77722
v 2.15913 2.01725 3.81472
v 2.17005 1.78000 3.90863
v 2.17592 1.74275 3.84380
v 2.24087 1.74275 3.80630
v 2.29995 1.78000 3.83363
v 2.29408 1.81725 3.89847
v 2.22913 1.81725 3.93597
v 2.16500 1.98000 3.74989
v 2.23500 1.78000 3.87113
v 2.17005 1.78000 3.90863
v 2.20252 1.71505 3.88988
v 2.26748 1.71505 3.85238
v 2.29995 1.78000 3.83363
v 2.26748 1.84495 3.85238
v 2.20252 1.84495 3.88988
v 2.33005 1.78000 4.18576
v 2.36252 1.71505 4.16701
v 2.42748 1.71505 4.12951
v 2.45995 1.78000 4.11076
v 2.42748 1.84495 4.12951
v 2.36252 1.84495 4.16701
v 2.23500 1.78000 3.87113
v 2.39500 1.78000 4.14826
v 3.52505 2.18000 6.25556
v 3.55644 2.11508 6.23494
v 3.62139 2.11508 6.19744
v 3.65495 2.18000 6.18056
v 3.62356 2.24492 6.20119
v 3.55861 2.24492 6.23869
v 3.67505 2.17000 6.51537
v 3.70644 2.10508 6.49475
v 3.77139 2.10508 6.45725
v 3.80495 2.17000 6.44037
v 3.77356 2.23492 6.46099
v 3.70861 2.23492 6.49849
v 3.59000 2.18000 6.21806
v 3.74000 2.17000 6.47787
v 3.67505 2.17000 6.51537
v 3.68456 2.12407 6.45685
v 3.74951 2.12407 6.41935
v 3.80495 2.17000 6.44037
v 3.79544 2.21593 6.49889
v 3.73049 2.21593 6.53639
v 3.77005 1.98000 6.67991
v 3.77956 1.93407 6.62139
v 3.84451 1.93407 6.58389
v 3.89995 1.98000 6.60491
v 3.89044 2.02593 6.66344
v 3.82549 2.02593 6.70094
v 3.74000 2.17000 6.47787
v 3.83500 1.98000 6.64241
v 3.89995 1.98000 6.60491
v 3.89408 1.94275 6.66975
v 3.82913 1.94275 6.70725
v 3.77005 1.98000 6.67991
v 3.77592 2.01725 6.61508
v 3.84087 2.01725 6.57758
v 3.82995 1.78000 6.48367
v 3.82408 1.74275 6.54850
v 3.75913 1.74275 6.58600
v 3.70005 1.78000 6.55867
v 3.70592 1.81725 6.49384
v 3.77087 1.81725 6.45634
v 3.83500 1.98000 6.64241
v 3.76500 1.78000 6.52117
v 3.82995 1.78000 6.48367
v 3.79748 1.71505 6.50242
v 3.73252 1.71505 6.53992
v 3.70005 1.78000 6.55867
v 3.73252 1.84495 6.53992
v 3.79748 1.84495 6.50242
v 3.66995 1.78000 6.20654
v 3.63748 1.71505 6.22529
v 3.57252 1.71505 6.26279
v 3.54005 1.78000 6.28154
v 3.57252 1.84495 6.26279
v 3.63748 1.84495 6.22529
v 3.76500 1.78000 6.52117
v 3.60500 1.78000 6.24404
v 3.59889 2.10929 6.23346
v 3.52111 2.10929 6.23346
v 3.48222 2.10929 6.16610
v 3.52111 2.10929 6.09874
v 3.59889 2.10929 6.09874
v 3.63778 2.10929 6.16610
v 3.61500 2.18000 6.26136
v 3.50500 2.18000 6.26136
v 3.45000 2.18000 6.16610
v 3.50500 2.18000 6.07084
v 3.61500 2.18000 6.07084
v 3.67000 2.18000 6.16610
v 3.59889 2.25071 6.23346
v 3.52111 2.25071 6.23346
v 3.48222 2.25071 6.16610
v 3.52111 2.25071 6.09874
v 3.59889 2.25071 6.09874
v 3.63778 2.25071 6.16610
v 3.56000 2.08000 6.16610
v 3.56000 2.28000 6.16610
v 2.74901 2.10929 6.34535
v 2.67123 2.10929 6.34535
v 2.63234 2.10929 6.27799
v 2.67123 2.10929 6.21063
v 2.74901 2.10929 6.21063
v 2.78790 2.10929 6.27799
v 2.76512 2.18000 6.37325
v 2.65512 2.18000 6.37325
v 2.60012 2.18000 6.27799
v 2.65512 2.18000 6.18273
v 2.76512 2.18000 6.18273
v 2.82012 2.18000 6.27799
v 2.74901 2.25071 6.34535
v 2.67123 2.25071 6.34535
v 2.63234 2.25071 6.27799
v 2.67123 2.25071 6.21063
v 2.74901 2.25071 6.21063
v 2.78790 2.25071 6.27799
v 2.71012 2.08000 6.27799
v 2.71012 2.28000 6.27799
v 2.06894 2.10929 5.82351
v 1.99116 2.10929 5.82351
v 1.95227 2.10929 5.75615
v 1.99116 2.10929 5.68879
v 2.06894 2.10929 5.68879
v 2.10783 2.10929 5.75615
v 2.08505 2.18000 5.85142
v 1.97505 2.18000 5.85142
v 1.92005 2.18000 5.75615
v 1.97505 2.18000 5.66089
v 2.08505 2.18000 5.66089
v 2.14005 2.18000 5.75615
v 2.06894 2.25071 5.82351
v 1.99116 2.25071 5.82351
v 1.95227 2.25071 5.75615
v 1.99116 2.25071 5.68879
v 2.06894 2.25071 5.68879
v 2.10783 2.25071 5.75615
v 2.03005 2.08000 5.75615
v 2.03005 2.28000 5.75615
v 1.95705 2.10929 4.97364
v 1.87927 2.10929 4.97364
v 1.84038 2.10929 4.90628
v 1.87927 2.10929 4.83891
v 1.95705 2.10929 4.83891
v 1.99594 2.10929 4.90628
v 1.97316 2.18000 5.00154
v 1.86316 2.18000 5.00154
v 1.80816 2.18000 4.90628
v 1.86316 2.18000 4.81101
v 1.97316 2.18000 4.81101
v 2.02816 2.18000 4.90628
v 1.95705 2.25071 4.97364
v 1.87927 2.25071 4.97364
v 1.84038 2.25071 4.90628
v 1.87927 2.25071 4.83891
v 1.95705 2.25071 4.83891
v 1.99594 2.25071 4.90628
v 1.91816 2.08000 4.90628
v 1.91816 2.28000 4.90628
v 2.47889 2.10929 4.29356
v 2.40111 2.10929 4.29356
v 2.36222 2.10929 4.22620
v 2.40111 2.10929 4.15884
v 2.47889 2.10929 4.15884
v 2.51778 2.10929 4.22620
v 2.49500 2.18000 4.32147
v 2.38500 2.18000 4.32147
v 2.33000 2.18000 4.22620
v 2.38500 2.18000 4.13094
v 2.49500 2.18000 4.13094
v 2.55000 2.18000 4.22620
v 2.47889 2.25071 4.29356
v 2.40111 2.25071 4.29356
v 2.36222 2.25071 4.22620
v 2.40111 2.25071 4.15884
v 2.47889 2.25071 4.15884
v 2.51778 2.25071 4.22620
v 2.44000 2.08000 4.22620
v 2.44000 2.28000 4.22620
v 3.32877 2.10929 4.18168
v 3.25099 2.10929 4.18168
v 3.21210 2.10929 4.11432
v 3.25099 2.10929 4.04695
v 3.32877 2.10929 4.04695
v 3.36766 2.10929 4.11432
v 3.34488 2.18000 4.20958
v 3.23488 2.18000 4.20958
v 3.17988 2.18000 4.11432
v 3.23488 2.18000 4.01905
v 3.34488 2.18000 4.01905
v 3.39988 2.18000 4.11432
v 3.32877 2.25071 4.18168
v 3.25099 2.25071 4.18168
v 3.21210 2.25071 4.11432
v 3.25099 2.25071 4.04695
v 3.32877 2.25071 4.04695
v 3.36766 2.25071 4.11432
v 3.28988 2.08000 4.11432
v 3.28988 2.28000 4.11432
v 4.00884 2.10929 4.70351
v 3.93106 2.10929 4.70351
v 3.89217 2.10929 4.63615
v 3.93106 2.10929 4.56879
v 4.00884 2.10929 4.56879
v 4.04773 2.10929 4.63615
v 4.02495 2.18000 4.73142
v 3.91495 2.18000 4.73142
v 3.85995 2.18000 4.63615
v 3.91495 2.18000 4.54089
v 4.02495 2.18000 4.54089
v 4.07995 2.18000 4.63615
v 4.00884 2.25071 4.70351
v 3.93106 2.25071 4.70351
v 3.89217 2.25071 4.63615
v 3.93106 2.25071 4.56879
v 4.00884 2.25071 4.56879
v 4.04773 2.25071 4.63615
v 3.96995 2.08000 4.63615
v 3.96995 2.28000 4.63615
v 4.12073 2.10929 5.55339
v 4.04295 2.10929 5.55339
v 4.00406 2.10929 5.48603
v 4.04295 2.10929 5.41867
v 4.12073 2.10929 5.41867
v 4.15962 2.10929 5.48603
v 4.13684 2.18000 5.58129
v 4.02684 2.18000 5.58129
v 3.97184 2.18000 5.48603
v 4.02684 2.18000 5.39077
v 4.13684 2.18000 5.39077
v 4.19184 2.18000 5.48603
v 4.12073 2.25071 5.55339
v 4.04295 2.25071 5.55339
v 4.00406 2.25071 5.48603
v 4.04295 2.25071 5.41867
v 4.12073 2.25071 5.41867
v 4.15962 2.25071 5.48603
v 4.08184 2.08000 5.48603
v 4.08184 2.28000 5.48603
v -3.00000 0.77000 4.67615
v -3.30565 0.77000 4.77546
v -3.49455 0.77000 5.03546
v -3.49455 0.77000 5.35684
v -3.30565 0.77000 5.61684
v -3.00000 0.77000 5.71615
v -2.69435 0.77000 5.61684
v -2.50545 0.77000 5.35684
v -2.50545 0.77000 5.03546
v -2.69435 0.77000 4.77546
v -3.00000 1.12000 4.80615
v -3.22924 1.12000 4.88064
v -3.37091 1.12000 5.07564
v -3.37091 1.12000 5.31667
v -3.22924 1.12000 5.51167
v -3.00000 1.12000 5.58615
v -2.77076 1.12000 5.51167
v -2.62909 1.12000 5.31667
v -2.62909 1.12000 5.07564
v -2.77076 1.12000 4.88064
v -3.00000 0.77000 5.19615
v -3.00000 1.12000 5.19615
v -0.13856 1.18000 -0.08000
v -0.09798 1.06686 -0.05657
v -0.00000 1.02000 -0.00000
v 0.09798 1.06686 0.05657
v 0.13856 1.18000 0.08000
v 0.09798 1.29314 0.05657
v 0.00000 1.34000 0.00000
v -0.09798 1.29314 -0.05657
v -3.09526 1.18000 5.14115
v -3.06736 1.10222 5.15726
v -3.00000 1.07000 5.19615
v -2.93264 1.10222 5.23504
v -2.90474 1.18000 5.25115
v -2.93264 1.25778 5.23504
v -3.00000 1.29000 5.19615
v -3.06736 1.25778 5.15726
v 0.00000 1.18000 0.00000
v -3.00000 1.18000 5.19615
v -0.12990 5.35000 -0.07500
v -0.06651 5.25683 -0.09693
v 0.03584 5.21823 -0.06208
v 0.11720 5.25683 0.00914
v 0.12990 5.35000 0.07500
v 0.06651 5.44317 0.09693
v -0.03584 5.48177 0.06208
v -0.11720 5.44317 -0.00914
v -2.23794 3.00000 3.69623
v -2.19991 2.94410 3.68307
v -2.13850 2.92094 3.70398
v -2.08968 2.94410 3.74671
v -2.08206 3.00000 3.78623
v -2.12009 3.05590 3.79939
v -2.18150 3.07906 3.77847
v -2.23032 3.05590 3.73575
v 0.00000 5.35000 0.00000
v -2.16000 3.00000 3.74123
v -0.10392 7.18000 -0.06000
v -0.05331 7.10536 -0.07737
v 0.02853 7.07444 -0.04942
v 0.09366 7.10536 0.00748
v 0.10392 7.18000 0.06000
v 0.05331 7.25464 0.07737
v -0.02853 7.28556 0.04942
v -0.09366 7.25464 -0.00748
v -2.40495 4.65000 4.01550
v -2.37332 4.60335 4.00464
v -2.32217 4.58402 4.02211
v -2.28146 4.60335 4.05767
v -2.27505 4.65000 4.09050
v -2.30668 4.69665 4.10136
v -2.35783 4.71598 4.08389
v -2.39854 4.69665 4.04832
v 0.00000 7.18000 0.00000
v -2.34000 4.65000 4.05300
v -3.21500 1.06000 5.56854
v -3.29247 1.06000 5.51136
v -3.35528 1.06000 5.43838
v -3.40028 1.06000 5.35325
v -3.42520 1.06000 5.26024
v -3.42880 1.06000 5.16402
v -3.41090 1.06000 5.06941
v -3.37239 1.06000 4.98115
v -3.31521 1.06000 4.90368
v -3.24223 1.06000 4.84087
v -3.15710 1.06000 4.79588
v -3.06409 1.06000 4.77096
v -2.96787 1.06000 4.76735
v -2.87326 1.06000 4.78526
v -2.78500 1.06000 4.82376
v -2.70753 1.06000 4.88094
v -2.64472 1.06000 4.95392
v -2.59972 1.06000 5.03906
v -2.57480 1.06000 5.13206
v -2.57120 1.06000 5.22829
v -2.58910 1.06000 5.32290
v -2.62761 1.06000 5.41115
v -2.68479 1.06000 5.48863
v -2.75777 1.06000 5.55144
v -2.84290 1.06000 5.59643
v -2.93591 1.06000 5.62135
v -3.03213 1.06000 5.62495
v -3.12674 1.06000 5.60705
v -3.38000 1.08000 5.85433
v -3.51693 1.08000 5.75327
v -3.62794 1.08000 5.62428
v -3.70746 1.08000 5.47381
v -3.75151 1.08000 5.30942
v -3.75787 1.08000 5.13936
v -3.72624 1.08000 4.97214
v -3.65818 1.08000 4.81615
v -3.55712 1.08000 4.67922
v -3.42812 1.08000 4.56821
v -3.27766 1.08000 4.48869
v -3.11327 1.08000 4.44464
v -2.94321 1.08000 4.43828
v -2.77599 1.08000 4.46992
v -2.62000 1.08000 4.53797
v -2.48307 1.08000 4.63903
v -2.37206 1.08000 4.76803
v -2.29254 1.08000 4.91849
v -2.24849 1.08000 5.08288
v -2.24213 1.08000 5.25295
v -2.27376 1.08000 5.42017
v -2.34182 1.08000 5.57615
v -2.44288 1.08000 5.71308
v -2.57188 1.08000 5.82409
v -2.72234 1.08000 5.90362
v -2.88673 1.08000 5.94766
v -3.05679 1.08000 5.95403
v -3.22401 1.08000 5.92239
v -3.51000 1.30000 6.07950
v -3.69378 1.30000 5.94387
v -3.84276 1.30000 5.77074
v -3.94949 1.30000 5.56880
v -4.00861 1.30000 5.34818
v -4.01715 1.30000 5.11993
v -3.97468 1.30000 4.89550
v -3.88335 1.30000 4.68615
v -3.74771 1.30000 4.50238
v -3.57459 1.30000 4.35339
v -3.37265 1.30000 4.24666
v -3.15202 1.30000 4.18754
v -2.92378 1.30000 4.17900
v -2.69935 1.30000 4.22147
v -2.49000 1.30000 4.31281
v -2.30622 1.30000 4.44844
v -2.15724 1.30000 4.62157
v -2.05051 1.30000 4.82350
v -1.99139 1.30000 5.04413
v -1.98285 1.30000 5.27238
v -2.02532 1.30000 5.49680
v -2.11665 1.30000 5.70615
v -2.25229 1.30000 5.88993
v -2.42541 1.30000 6.03892
v -2.62735 1.30000 6.14564
v -2.84798 1.30000 6.20476
v -3.07622 1.30000 6.21330
v -3.30065 1.30000 6.17084
v -3.62000 1.78000 6.27002
v -3.84341 1.78000 6.10514
v -4.02454 1.78000 5.89467
v -4.15428 1.78000 5.64918
v -4.22615 1.78000 5.38096
v -4.23653 1.78000 5.10349
v -4.18491 1.78000 4.83066
v -4.07387 1.78000 4.57615
v -3.90898 1.78000 4.35274
v -3.69852 1.78000 4.17162
v -3.45302 1.78000 4.04187
v -3.18481 1.78000 3.97000
v -2.90733 1.78000 3.95962
v -2.63450 1.78000 4.01124
v -2.38000 1.78000 4.12228
v -2.15659 1.78000 4.28717
v -1.97546 1.78000 4.49764
v -1.84572 1.78000 4.74313
v -1.77385 1.78000 5.01134
v -1.76347 1.78000 5.28882
v -1.81509 1.78000 5.56165
v -1.92613 1.78000 5.81615
v -2.09102 1.78000 6.03957
v -2.30148 1.78000 6.22069
v -2.54698 1.78000 6.35044
v -2.81519 1.78000 6.42230
v -3.09267 1.78000 6.43269
v -3.36550 1.78000 6.38106
v -3.67000 2.32000 6.35663
v -3.91143 2.32000 6.17844
v -4.10716 2.32000 5.95100
v -4.24737 2.32000 5.68571
v -4.32503 2.32000 5.39587
v -4.33625 2.32000 5.09601
v -4.28047 2.32000 4.80118
v -4.16047 2.32000 4.52615
v -3.98229 2.32000 4.28472
v -3.75485 2.32000 4.08899
v -3.48956 2.32000 3.94878
v -3.19972 2.32000 3.87112
v -2.89986 2.32000 3.85990
v -2.60503 2.32000 3.91568
v -2.33000 2.32000 4.03568
v -2.08857 2.32000 4.21386
v -1.89284 2.32000 4.44130
v -1.75263 2.32000 4.70660
v -1.67497 2.32000 4.99644
v -1.66375 2.32000 5.29629
v -1.71953 2.32000 5.59112
v -1.83953 2.32000 5.86615
v -2.01771 2.32000 6.10758
v -2.24515 2.32000 6.30331
v -2.51044 2.32000 6.44352
v -2.80028 2.32000 6.52119
v -3.10014 2.32000 6.53241
v -3.39497 2.32000 6.47662
v -3.64000 2.43000 6.30466
v -3.87062 2.43000 6.13446
v -4.05759 2.43000 5.91720
v -4.19152 2.43000 5.66379
v -4.26570 2.43000 5.38693
v -4.27642 2.43000 5.10050
v -4.22313 2.43000 4.81887
v -4.10851 2.43000 4.55615
v -3.93831 2.43000 4.32553
v -3.72105 2.43000 4.13857
v -3.46764 2.43000 4.00463
v -3.19077 2.43000 3.93045
v -2.90435 2.43000 3.91973
v -2.62271 2.43000 3.97302
v -2.36000 2.43000 4.08764
v -2.12938 2.43000 4.25785
v -1.94241 2.43000 4.47510
v -1.80848 2.43000 4.72852
v -1.73430 2.43000 5.00538
v -1.72358 2.43000 5.29181
v -1.77687 2.43000 5.57344
v -1.89149 2.43000 5.83615
v -2.06169 2.43000 6.06677
v -2.27895 2.43000 6.25374
v -2.53236 2.43000 6.38767
v -2.80923 2.43000 6.46186
v -3.09565 2.43000 6.47257
v -3.37729 2.43000 6.41929
v -3.54000 2.38000 6.13146
v -3.73459 2.38000 5.98785
v -3.89234 2.38000 5.80454
v -4.00534 2.38000 5.59072
v -4.06794 2.38000 5.35712
v -4.07698 2.38000 5.11544
v -4.03202 2.38000 4.87782
v -3.93531 2.38000 4.65615
v -3.79170 2.38000 4.46157
v -3.60839 2.38000 4.30381
v -3.39457 2.38000 4.19081
v -3.16097 2.38000 4.12822
v -2.91929 2.38000 4.11917
v -2.68166 2.38000 4.16413
v -2.46000 2.38000 4.26084
v -2.26541 2.38000 4.40446
v -2.10766 2.38000 4.58777
v -1.99466 2.38000 4.80158
v -1.93206 2.38000 5.03519
v -1.92302 2.38000 5.27686
v -1.96798 2.38000 5.51449
v -2.06469 2.38000 5.73615
v -2.20830 2.38000 5.93074
v -2.39161 2.38000 6.08849
v -2.60543 2.38000 6.20150
v -2.83903 2.38000 6.26409
v -3.08071 2.38000 6.27313
v -3.31834 2.38000 6.22817
v -3.48000 1.66000 6.02754
v -3.65297 1.66000 5.89988
v -3.79319 1.66000 5.73694
v -3.89364 1.66000 5.54688
v -3.94928 1.66000 5.33923
v -3.95732 1.66000 5.12441
v -3.91735 1.66000 4.91319
v -3.83138 1.66000 4.71615
v -3.70373 1.66000 4.54319
v -3.54079 1.66000 4.40296
v -3.35073 1.66000 4.30251
v -3.14308 1.66000 4.24687
v -2.92826 1.66000 4.23884
v -2.71704 1.66000 4.27880
v -2.52000 1.66000 4.36477
v -2.34703 1.66000 4.49242
v -2.20681 1.66000 4.65537
v -2.10636 1.66000 4.84543
v -2.05072 1.66000 5.05307
v -2.04268 1.66000 5.26789
v -2.08265 1.66000 5.47912
v -2.16862 1.66000 5.67615
v -2.29627 1.66000 5.84912
v -2.45921 1.66000 5.98934
v -2.64927 1.66000 6.08979
v -2.85692 1.66000 6.14543
v -3.07174 1.66000 6.15347
v -3.28296 1.66000 6.11350
v -3.32000 1.39000 5.75041
v -3.43531 1.39000 5.66531
v -3.52879 1.39000 5.55668
v -3.59576 1.39000 5.42997
v -3.63285 1.39000 5.29154
v -3.63821 1.39000 5.14833
v -3.61157 1.39000 5.00751
v -3.55426 1.39000 4.87615
v -3.46915 1.39000 4.76084
v -3.36052 1.39000 4.66736
v -3.23382 1.39000 4.60039
v -3.09539 1.39000 4.56330
v -2.95217 1.39000 4.55794
v -2.81136 1.39000 4.58459
v -2.68000 1.39000 4.64190
v -2.56469 1.39000 4.72700
v -2.47121 1.39000 4.83563
v -2.40424 1.39000 4.96233
v -2.36715 1.39000 5.10077
v -2.36179 1.39000 5.24398
v -2.38843 1.39000 5.38480
v -2.44574 1.39000 5.51615
v -2.53085 1.39000 5.63146
v -2.63948 1.39000 5.72495
v -2.76618 1.39000 5.79191
v -2.90461 1.39000 5.82900
v -3.04783 1.39000 5.83436
v -3.18864 1.39000 5.80772
v -3.18000 1.34000 5.50792
v -3.24486 1.34000 5.46005
v -3.29745 1.34000 5.39895
v -3.33511 1.34000 5.32768
v -3.35598 1.34000 5.24981
v -3.35899 1.34000 5.16925
v -3.34401 1.34000 5.09004
v -3.31177 1.34000 5.01615
v -3.26390 1.34000 4.95129
v -3.20280 1.34000 4.89871
v -3.13152 1.34000 4.86104
v -3.05366 1.34000 4.84017
v -2.97310 1.34000 4.83716
v -2.89389 1.34000 4.85215
v -2.82000 1.34000 4.88438
v -2.75514 1.34000 4.93225
v -2.70255 1.34000 4.99336
v -2.66489 1.34000 5.06463
v -2.64402 1.34000 5.14250
v -2.64101 1.34000 5.22306
v -2.65599 1.34000 5.30226
v -2.68823 1.34000 5.37615
v -2.73610 1.34000 5.44101
v -2.79720 1.34000 5.49360
v -2.86848 1.34000 5.53127
v -2.94634 1.34000 5.55213
v -3.02690 1.34000 5.55515
v -3.10611 1.34000 5.54016
v -3.35000 1.05000 5.80237
v -3.35000 1.22000 5.80237
v -3.49497 1.05000 5.69113
v -3.49497 1.22000 5.69113
v -3.60622 1.05000 5.54615
v -3.60622 1.22000 5.54615
v -3.67615 1.05000 5.37733
v -3.67615 1.22000 5.37733
v -3.70000 1.05000 5.19615
v -3.70000 1.22000 5.19615
v -3.67615 1.05000 5.01498
v -3.67615 1.22000 5.01498
v -3.60622 1.05000 4.84615
v -3.60622 1.22000 4.84615
v -3.49497 1.05000 4.70118
v -3.49497 1.22000 4.70118
v -3.35000 1.05000 4.58993
v -3.35000 1.22000 4.58993
v -3.18117 1.05000 4.52000
v -3.18117 1.22000 4.52000
v -3.00000 1.05000 4.49615
v -3.00000 1.22000 4.49615
v -2.81883 1.05000 4.52000
v -2.81883 1.22000 4.52000
v -2.65000 1.05000 4.58993
v -2.65000 1.22000 4.58993
v -2.50503 1.05000 4.70118
v -2.50503 1.22000 4.70118
v -2.39378 1.05000 4.84615
v -2.39378 1.22000 4.84615
v -2.32385 1.05000 5.01498
v -2.32385 1.22000 5.01498
v -2.30000 1.05000 5.19615
v -2.30000 1.22000 5.19615
v -2.32385 1.05000 5.37733
v -2.32385 1.22000 5.37733
v -2.39378 1.05000 5.54615
v -2.39378 1.22000 5.54615
v -2.50503 1.05000 5.69113
v -2.50503 1.22000 5.69113
v -2.65000 1.05000 5.80237
v -2.65000 1.22000 5.80237
v -2.81883 1.05000 5.87230
v -2.81883 1.22000 5.87230
v -3.00000 1.05000 5.89615
v -3.00000 1.22000 5.89615
v -3.18117 1.05000 5.87230
v -3.18117 1.22000 5.87230
v -3.00000 1.05000 5.19615
v -3.00000 1.22000 5.19615
v -3.53500 1.13000 6.12280
v -3.50250 1.24258 6.06651
v -3.43750 1.24258 5.95392
v -3.40500 1.13000 5.89763
v -3.43750 1.01742 5.95392
v -3.50250 1.01742 6.06651
v -3.75660 1.13000 5.95276
v -3.71064 1.24258 5.90679
v -3.61872 1.24258 5.81487
v -3.57276 1.13000 5.76891
v -3.61872 1.01742 5.81487
v -3.71064 1.01742 5.90679
v -3.92665 1.13000 5.73115
v -3.87036 1.24258 5.69865
v -3.75777 1.24258 5.63365
v -3.70148 1.13000 5.60115
v -3.75777 1.01742 5.63365
v -3.87036 1.01742 5.69865
v -4.03354 1.13000 5.47309
v -3.97076 1.24258 5.45627
v -3.84519 1.24258 5.42262
v -3.78240 1.13000 5.40580
v -3.84519 1.01742 5.42262
v -3.97076 1.01742 5.45627
v -4.07000 1.13000 5.19615
v -4.00500 1.24258 5.19615
v -3.87500 1.24258 5.19615
v -3.81000 1.13000 5.19615
v -3.87500 1.01742 5.19615
v -4.00500 1.01742 5.19615
v -4.03354 1.13000 4.91922
v -3.97076 1.24258 4.93604
v -3.84519 1.24258 4.96969
v -3.78240 1.13000 4.98651
v -3.84519 1.01742 4.96969
v -3.97076 1.01742 4.93604
v -3.92665 1.13000 4.66115
v -3.87036 1.24258 4.69365
v -3.75777 1.24258 4.75865
v -3.70148 1.13000 4.79115
v -3.75777 1.01742 4.75865
v -3.87036 1.01742 4.69365
v -3.75660 1.13000 4.43955
v -3.71064 1.24258 4.48551
v -3.61872 1.24258 4.57743
v -3.57276 1.13000 4.62340
v -3.61872 1.01742 4.57743
v -3.71064 1.01742 4.48551
v -3.53500 1.13000 4.26951
v -3.50250 1.24258 4.32580
v -3.43750 1.24258 4.43838
v -3.40500 1.13000 4.49467
v -3.43750 1.01742 4.43838
v -3.50250 1.01742 4.32580
v -3.27694 1.13000 4.16261
v -3.26011 1.24258 4.22540
v -3.22647 1.24258 4.35097
v -3.20964 1.13000 4.41375
v -3.22647 1.01742 4.35097
v -3.26011 1.01742 4.22540
v -3.00000 1.13000 4.12615
v -3.00000 1.24258 4.19115
v -3.00000 1.24258 4.32115
v -3.00000 1.13000 4.38615
v -3.00000 1.01742 4.32115
v -3.00000 1.01742 4.19115
v -2.72306 1.13000 4.16261
v -2.73989 1.24258 4.22540
v -2.77353 1.24258 4.35097
v -2.79036 1.13000 4.41375
v -2.77353 1.01742 4.35097
v -2.73989 1.01742 4.22540
v -2.46500 1.13000 4.26951
v -2.49750 1.24258 4.32580
v -2.56250 1.24258 4.43838
v -2.59500 1.13000 4.49467
v -2.56250 1.01742 4.43838
v -2.49750 1.01742 4.32580
v -2.24340 1.13000 4.43955
v -2.28936 1.24258 4.48551
v -2.38128 1.24258 4.57743
v -2.42724 1.13000 4.62340
v -2.38128 1.01742 4.57743
v -2.28936 1.01742 4.48551
v -2.07335 1.13000 4.66115
v -2.12964 1.24258 4.69365
v -2.24223 1.24258 4.75865
v -2.29852 1.13000 4.79115
v -2.24223 1.01742 4.75865
v -2.12964 1.01742 4.69365
v -1.96646 1.13000 4.91922
v -2.02924 1.24258 4.93604
v -2.15481 1.24258 4.96969
v -2.21760 1.13000 4.98651
v -2.15481 1.01742 4.96969
v -2.02924 1.01742 4.93604
v -1.93000 1.13000 5.19615
v -1.99500 1.24258 5.19615
v -2.12500 1.24258 5.19615
v -2.19000 1.13000 5.19615
v -2.12500 1.01742 5.19615
v -1.99500 1.01742 5.19615
v -1.96646 1.13000 5.47309
v -2.02924 1.24258 5.45627
v -2.15481 1.24258 5.42262
v -2.21760 1.13000 5.40580
v -2.15481 1.01742 5.42262
v -2.02924 1.01742 5.45627
v -2.07335 1.13000 5.73115
v -2.12964 1.24258 5.69865
v -2.24223 1.24258 5.63365
v -2.29852 1.13000 5.60115
v -2.24223 1.01742 5.63365
v -2.12964 1.01742 5.69865
v -2.24340 1.13000 5.95276
v -2.28936 1.24258 5.90679
v -2.38128 1.24258 5.81487
v -2.42724 1.13000 5.76891
v -2.38128 1.01742 5.81487
v -2.28936 1.01742 5.90679
v -2.46500 1.13000 6.12280
v -2.49750 1.24258 6.06651
v -2.56250 1.24258 5.95392
v -2.59500 1.13000 5.89763
v -2.56250 1.01742 5.95392
v -2.49750 1.01742 6.06651
v -2.72306 1.13000 6.22969
v -2.73989 1.24258 6.16691
v -2.77353 1.24258 6.04134
v -2.79036 1.13000 5.97855
v -2.77353 1.01742 6.04134
v -2.73989 1.01742 6.16691
v -3.00000 1.13000 6.26615
v -3.00000 1.24258 6.20115
v -3.00000 1.24258 6.07115
v -3.00000 1.13000 6.00615
v -3.00000 1.01742 6.07115
v -3.00000 1.01742 6.20115
v -3.27694 1.13000 6.22969
v -3.26011 1.24258 6.16691
v -3.22647 1.24258 6.04134
v -3.20964 1.13000 5.97855
v -3.22647 1.01742 6.04134
v -3.26011 1.01742 6.16691
v -2.34505 2.18000 4.21174
v -2.37861 2.11508 4.19487
v -2.44356 2.11508 4.15737
v -2.47495 2.18000 4.13674
v -2.44139 2.24492 4.15362
v -2.37644 2.24492 4.19112
v -2.19505 2.17000 3.95193
v -2.22861 2.10508 3.93506
v -2.29356 2.10508 3.89756
v -2.32495 2.17000 3.87693
v -2.29139 2.23492 3.89381
v -2.22644 2.23492 3.93131
v -2.41000 2.18000 4.17424
v -2.26000 2.17000 3.91443
v -2.19505 2.17000 3.95193
v -2.25049 2.12407 3.97296
v -2.31544 2.12407 3.93546
v -2.32495 2.17000 3.87693
v -2.26951 2.21593 3.85591
v -2.20456 2.21593 3.89341
v -2.10005 1.98000 3.78739
v -2.15549 1.93407 3.80841
v -2.22044 1.93407 3.77091
v -2.22995 1.98000 3.71239
v -2.17451 2.02593 3.69137
v -2.10956 2.02593 3.72887
v -2.26000 2.17000 3.91443
v -2.16500 1.98000 3.74989
v -2.22995 1.98000 3.71239
v -2.17087 1.94275 3.68506
v -2.10592 1.94275 3.72256
v -2.10005 1.98000 3.78739
v -2.15913 2.01725 3.81472
v -2.22408 2.01725 3.77722
v -2.29995 1.78000 3.83363
v -2.24087 1.74275 3.80630
v -2.17592 1.74275 3.84380
v -2.17005 1.78000 3.90863
v -2.22913 1.81725 3.93597
v -2.29408 1.81725 3.89847
v -2.16500 1.98000 3.74989
v -2.23500 1.78000 3.87113
v -2.29995 1.78000 3.83363
v -2.26748 1.71505 3.85238
v -2.20252 1.71505 3.88988
v -2.17005 1.78000 3.90863
v -2.20252 1.84495 3.88988
v -2.26748 1.84495 3.85238
v -2.45995 1.78000 4.11076
v -2.42748 1.71505 4.12951
v -2.36252 1.71505 4.16701
v -2.33005 1.78000 4.18576
v -2.36252 1.84495 4.16701
v -2.42748 1.84495 4.12951
v -2.23500 1.78000 3.87113
v -2.39500 1.78000 4.14826
v -3.65495 2.18000 6.18056
v -3.62139 2.11508 6.19744
v -3.55644 2.11508 6.23494
v -3.52505 2.18000 6.25556
v -3.55861 2.24492 6.23869
v -3.62356 2.24492 6.20119
v -3.80495 2.17000 6.44037
v -3.77139 2.10508 6.45725
v -3.70644 2.10508 6.49475
v -3.67505 2.17000 6.51537
v -3.70861 2.23492 6.49849
v -3.77356 2.23492 6.46099
v -3.59000 2.18000 6.21806
v -3.74000 2.17000 6.47787
v -3.80495 2.17000 6.44037
v -3.74951 2.12407 6.41935
v -3.68456 2.12407 6.45685
v -3.67505 2.17000 6.51537
v -3.73049 2.21593 6.53639
v -3.79544 2.21593 6.49889
v -3.89995 1.98000 6.60491
v -3.84451 1.93407 6.58389
v -3.77956 1.93407 6.62139
v -3.77005 1.98000 6.67991
v -3.82549 2.02593 6.70094
v -3.89044 2.02593 6.66344
v -3.74000 2.17000 6.47787
v -3.83500 1.98000 6.64241
v -3.77005 1.98000 6.67991
v -3.82913 1.94275 6.70725
v -3.89408 1.94275 6.66975
v -3.89995 1.98000 6.60491
v -3.84087 2.01725 6.57758
v -3.77592 2.01725 6.61508
v -3.70005 1.78000 6.55867
v -3.75913 1.74275 6.58600
v -3.82408 1.74275 6.54850
v -3.82995 1.78000 6.48367
v -3.77087 1.81725 6.45634
v -3.70592 1.81725 6.49384
v -3.83500 1.98000 6.64241
v -3.76500 1.78000 6.52117
v -3.70005 1.78000 6.55867
v -3.73252 1.71505 6.53992
v -3.79748 1.71505 6.50242
v -3.82995 1.78000 6.48367
v -3.79748 1.84495 6.50242
v -3.73252 1.84495 6.53992
v -3.54005 1.78000 6.28154
v -3.57252 1.71505 6.26279
v -3.63748 1.71505 6.22529
v -3.66995 1.78000 6.20654
v -3.63748 1.84495 6.22529
v -3.57252 1.84495 6.26279
v -3.76500 1.78000 6.52117
v -3.60500 1.78000 6.24404
v -3.59889 2.10929 6.23346
v -3.63778 2.10929 6.16610
v -3.59889 2.10929 6.09874
v -3.52111 2.10929 6.09874
v -3.48222 2.10929 6.16610
v -3.52111 2.10929 6.23346
v -3.61500 2.18000 6.26136
v -3.67000 2.18000 6.16610
v -3.61500 2.18000 6.07084
v -3.50500 2.18000 6.07084
v -3.45000 2.18000 6.16610
v -3.50500 2.18000 6.26136
v -3.59889 2.25071 6.23346
v -3.63778 2.25071 6.16610
v -3.59889 2.25071 6.09874
v -3.52111 2.25071 6.09874
v -3.48222 2.25071 6.16610
v -3.52111 2.25071 6.23346
v -3.56000 2.08000 6.16610
v -3.56000 2.28000 6.16610
v -4.12073 2.10929 5.55339
v -4.15962 2.10929 5.48603
v -4.12073 2.10929 5.41867
v -4.04295 2.10929 5.41867
v -4.00406 2.10929 5.48603
v -4.04295 2.10929 5.55339
v -4.13684 2.18000 5.58129
v -4.19184 2.18000 5.48603
v -4.13684 2.18000 5.39077
v -4.02684 2.18000 5.39077
v -3.97184 2.18000 5.48603
v -4.02684 2.18000 5.58129
v -4.12073 2.25071 5.55339
v -4.15962 2.25071 5.48603
v -4.12073 2.25071 5.41867
v -4.04295 2.25071 5.41867
v -4.00406 2.25071 5.48603
v -4.04295 2.25071 5.55339
v -4.08184 2.08000 5.48603
v -4.08184 2.28000 5.48603
v -4.00884 2.10929 4.70351
v -4.04773 2.10929 4.63615
v -4.00884 2.10929 4.56879
v -3.93106 2.10929 4.56879
v -3.89217 2.10929 4.63615
v -3.93106 2.10929 4.70351
v -4.02495 2.18000 4.73142
v -4.07995 2.18000 4.63615
v -4.02495 2.18000 4.54089
v -3.91495 2.18000 4.54089
v -3.85995 2.18000 4.63615
v -3.91495 2.18000 4.73142
v -4.00884 2.25071 4.70351
v -4.04773 2.25071 4.63615
v -4.00884 2.25071 4.56879
v -3.93106 2.25071 4.56879
v -3.89217 2.25071 4.63615
v -3.93106 2.25071 4.70351
v -3.96995 2.08000 4.63615
v -3.96995 2.28000 4.63615
v -3.32877 2.10929 4.18168
v -3.36766 2.10929 4.11432
v -3.32877 2.10929 4.04695
v -3.25099 2.10929 4.04695
v -3.21210 2.10929 4.11432
v -3.25099 2.10929 4.18168
v -3.34488 2.18000 4.20958
v -3.39988 2.18000 4.11432
v -3.34488 2.18000 4.01905
v -3.23488 2.18000 4.01905
v -3.17988 2.18000 4.11432
v -3.23488 2.18000 4.20958
v -3.32877 2.25071 4.18168
v -3.36766 2.25071 4.11432
v -3.32877 2.25071 4.04695
v -3.25099 2.25071 4.04695
v -3.21210 2.25071 4.11432
v -3.25099 2.25071 4.18168
v -3.28988 2.08000 4.11432
v -3.28988 2.28000 4.11432
v -2.47889 2.10929 4.29356
v -2.51778 2.10929 4.22620
v -2.47889 2.10929 4.15884
v -2.40111 2.10929 4.15884
v -2.36222 2.10929 4.22620
v -2.40111 2.10929 4.29356
v -2.49500 2.18000 4.32147
v -2.55000 2.18000 4.22620
v -2.49500 2.18000 4.13094
v -2.38500 2.18000 4.13094
v -2.33000 2.18000 4.22620
v -2.38500 2.18000 4.32147
v -2.47889 2.25071 4.29356
v -2.51778 2.25071 4.22620
v -2.47889 2.25071 4.15884
v -2.40111 2.25071 4.15884
v -2.36222 2.25071 4.22620
v -2.40111 2.25071 4.29356
v -2.44000 2.08000 4.22620
v -2.44000 2.28000 4.22620
v -1.95705 2.10929 4.97364
v -1.99594 2.10929 4.90628
v -1.95705 2.10929 4.83891
v -1.87927 2.10929 4.83891
v -1.84038 2.10929 4.90628
v -1.87927 2.10929 4.97364
v -1.97316 2.18000 5.00154
v -2.02816 2.18000 4.90628
v -1.97316 2.18000 4.81101
v -1.86316 2.18000 4.81101
v -1.80816 2.18000 4.90628
v -1.86316 2.18000 5.00154
v -1.95705 2.25071 4.97364
v -1.99594 2.25071 4.90628
v -1.95705 2.25071 4.83891
v -1.87927 2.25071 4.83891
v -1.84038 2.25071 4.90628
v -1.87927 2.25071 4.97364
v -1.91816 2.08000 4.90628
v -1.91816 2.28000 4.90628
v -2.06894 2.10929 5.82351
v -2.10783 2.10929 5.75615
v -2.06894 2.10929 5.68879
v -1.99116 2.10929 5.68879
v -1.95227 2.10929 5.75615
v -1.99116 2.10929 5.82351
v -2.08505 2.18000 5.85142
v -2.14005 2.18000 5.75615
v -2.08505 2.18000 5.66089
v -1.97505 2.18000 5.66089
v -1.92005 2.18000 5.75615
v -1.97505 2.18000 5.85142
v -2.06894 2.25071 5.82351
v -2.10783 2.25071 5.75615
v -2.06894 2.25071 5.68879
v -1.99116 2.25071 5.68879
v -1.95227 2.25071 5.75615
v -1.99116 2.25071 5.82351
v -2.03005 2.08000 5.75615
v -2.03005 2.28000 5.75615
v -2.74901 2.10929 6.34535
v -2.78790 2.10929 6.27799
v -2.74901 2.10929 6.21063
v -2.67123 2.10929 6.21063
v -2.63234 2.10929 6.27799
v -2.67123 2.10929 6.34535
v -2.76512 2.18000 6.37325
v -2.82012 2.18000 6.27799
v -2.76512 2.18000 6.18273
v -2.65512 2.18000 6.18273
v -2.60012 2.18000 6.27799
v -2.65512 2.18000 6.37325
v -2.74901 2.25071 6.34535
v -2.78790 2.25071 6.27799
v -2.74901 2.25071 6.21063
v -2.67123 2.25071 6.21063
v -2.63234 2.25071 6.27799
v -2.67123 2.25071 6.34535
v -2.71012 2.08000 6.27799
v -2.71012 2.28000 6.27799
v -6.00000 0.77000 -0.52000
v -6.30565 0.77000 -0.42069
v -6.49455 0.77000 -0.16069
v -6.49455 0.77000 0.16069
v -6.30565 0.77000 0.42069
v -6.00000 0.77000 0.52000
v -5.69435 0.77000 0.42069
v -5.50545 0.77000 0.16069
v -5.50545 0.77000 -0.16069
v -5.69435 0.77000 -0.42069
v -6.00000 1.12000 -0.39000
v -6.22924 1.12000 -0.31552
v -6.37091 1.12000 -0.12052
v -6.37091 1.12000 0.12052
v -6.22924 1.12000 0.31552
v -6.00000 1.12000 0.39000
v -5.77076 1.12000 0.31552
v -5.62909 1.12000 0.12052
v -5.62909 1.12000 -0.12052
v -5.77076 1.12000 -0.31552
v -6.00000 0.77000 0.00000
v -6.00000 1.12000 0.00000
v -0.00000 1.18000 -0.16000
v -0.00000 1.06686 -0.11314
v -0.00000 1.02000 -0.00000
v 0.00000 1.06686 0.11314
v 0.00000 1.18000 0.16000
v 0.00000 1.29314 0.11314
v 0.00000 1.34000 0.00000
v -0.00000 1.29314 -0.11314
v -6.00000 1.18000 -0.11000
v -6.00000 1.10222 -0.07778
v -6.00000 1.07000 0.00000
v -6.00000 1.10222 0.07778
v -6.00000 1.18000 0.11000
v -6.00000 1.25778 0.07778
v -6.00000 1.29000 0.00000
v -6.00000 1.25778 -0.07778
v 0.00000 1.18000 0.00000
v -6.00000 1.18000 0.00000
v -0.00000 5.35000 -0.15000
v 0.05068 5.25683 -0.10607
v 0.07168 5.21823 -0.00000
v 0.05068 5.25683 0.10607
v 0.00000 5.35000 0.15000
v -0.05068 5.44317 0.10607
v -0.07168 5.48177 0.00000
v -0.05068 5.44317 -0.10607
v -4.32000 3.00000 -0.09000
v -4.28959 2.94410 -0.06364
v -4.27699 2.92094 0.00000
v -4.28959 2.94410 0.06364
v -4.32000 3.00000 0.09000
v -4.35041 3.05590 0.06364
v -4.36301 3.07906 0.00000
v -4.35041 3.05590 -0.06364
v 0.00000 5.35000 0.00000
v -4.32000 3.00000 0.00000
v -0.00000 7.18000 -0.12000
v 0.04035 7.10536 -0.08485
v 0.05707 7.07444 -0.00000
v 0.04035 7.10536 0.08485
v 0.00000 7.18000 0.12000
v -0.04035 7.25464 0.08485
v -0.05707 7.28556 0.00000
v -0.04035 7.25464 -0.08485
v -4.68000 4.65000 -0.07500
v -4.65478 4.60335 -0.05303
v -4.64433 4.58402 0.00000
v -4.65478 4.60335 0.05303
v -4.68000 4.65000 0.07500
v -4.70522 4.69665 0.05303
v -4.71567 4.71598 0.00000
v -4.70522 4.69665 -0.05303
v 0.00000 7.18000 0.00000
v -4.68000 4.65000 0.00000
v -6.43000 1.06000 0.00000
v -6.41922 1.06000 -0.09568
v -6.38742 1.06000 -0.18657
v -6.33619 1.06000 -0.26810
v -6.26810 1.06000 -0.33619
v -6.18657 1.06000 -0.38742
v -6.09568 1.06000 -0.41922
v -6.00000 1.06000 -0.43000
v -5.90432 1.06000 -0.41922
v -5.81343 1.06000 -0.38742
v -5.73190 1.06000 -0.33619
v -5.66381 1.06000 -0.26810
v -5.61258 1.06000 -0.18657
v -5.58078 1.06000 -0.09568
v -5.57000 1.06000 0.00000
v -5.58078 1.06000 0.09568
v -5.61258 1.06000 0.18657
v -5.66381 1.06000 0.26810
v -5.73190 1.06000 0.33619
v -5.81343 1.06000 0.38742
v -5.90432 1.06000 0.41922
v -6.00000 1.06000 0.43000
v -6.09568 1.06000 0.41922
v -6.18657 1.06000 0.38742
v -6.26810 1.06000 0.33619
v -6.33619 1.06000 0.26810
v -6.38742 1.06000 0.18657
v -6.41922 1.06000 0.09568
v -6.76000 1.08000 0.00000
v -6.74095 1.08000 -0.16912
v -6.68474 1.08000 -0.32975
v -6.59419 1.08000 -0.47385
v -6.47385 1.08000 -0.59419
v -6.32975 1.08000 -0.68474
v -6.16912 1.08000 -0.74095
v -6.00000 1.08000 -0.76000
v -5.83088 1.08000 -0.74095
v -5.67025 1.08000 -0.68474
v -5.52615 1.08000 -0.59419
v -5.40581 1.08000 -0.47385
v -5.31526 1.08000 -0.32975
v -5.25905 1.08000 -0.16912
v -5.24000 1.08000 0.00000
v -5.25905 1.08000 0.16912
v -5.31526 1.08000 0.32975
v -5.40581 1.08000 0.47385
v -5.52615 1.08000 0.59419
v -5.67025 1.08000 0.68474
v -5.83088 1.08000 0.74095
v -6.00000 1.08000 0.76000
v -6.16912 1.08000 0.74095
v -6.32975 1.08000 0.68474
v -6.47385 1.08000 0.59419
v -6.59419 1.08000 0.47385
v -6.68474 1.08000 0.32975
v -6.74095 1.08000 0.16912
v -7.02000 1.30000 0.00000
v -6.99443 1.30000 -0.22697
v -6.91899 1.30000 -0.44256
v -6.79747 1.30000 -0.63596
v -6.63596 1.30000 -0.79747
v -6.44256 1.30000 -0.91899
v -6.22697 1.30000 -0.99443
v -6.00000 1.30000 -1.02000
v -5.77303 1.30000 -0.99443
v -5.55744 1.30000 -0.91899
v -5.36404 1.30000 -0.79747
v -5.20253 1.30000 -0.63596
v -5.08101 1.30000 -0.44256
v -5.00557 1.30000 -0.22697
v -4.98000 1.30000 0.00000
v -5.00557 1.30000 0.22697
v -5.08101 1.30000 0.44256
v -5.20253 1.30000 0.63596
v -5.36404 1.30000 0.79747
v -5.55744 1.30000 0.91899
v -5.77303 1.30000 0.99443
v -6.00000 1.30000 1.02000
v -6.22697 1.30000 0.99443
v -6.44256 1.30000 0.91899
v -6.63596 1.30000 0.79747
v -6.79747 1.30000 0.63596
v -6.91899 1.30000 0.44256
v -6.99443 1.30000 0.22697
v -7.24000 1.78000 0.00000
v -7.20891 1.78000 -0.27593
v -7.11720 1.78000 -0.53802
v -6.96947 1.78000 -0.77313
v -6.77313 1.78000 -0.96947
v -6.53802 1.78000 -1.11720
v -6.27593 1.78000 -1.20891
v -6.00000 1.78000 -1.24000
v -5.72407 1.78000 -1.20891
v -5.46198 1.78000 -1.11720
v -5.22687 1.78000 -0.96947
v -5.03053 1.78000 -0.77313
v -4.88280 1.78000 -0.53802
v -4.79109 1.78000 -0.27593
v -4.76000 1.78000 0.00000
v -4.79109 1.78000 0.27593
v -4.88280 1.78000 0.53802
v -5.03053 1.78000 0.77313
v -5.22687 1.78000 0.96947
v -5.46198 1.78000 1.11720
v -5.72407 1.78000 1.20891
v -6.00000 1.78000 1.24000
v -6.27593 1.78000 1.20891
v -6.53802 1.78000 1.11720
v -6.77313 1.78000 0.96947
v -6.96947 1.78000 0.77313
v -7.11720 1.78000 0.53802
v -7.20891 1.78000 0.27593
v -7.34000 2.32000 0.00000
v -7.30640 2.32000 -0.29818
v -7.20730 2.32000 -0.58140
v -7.04765 2.32000 -0.83548
v -6.83548 2.32000 -1.04765
v -6.58140 2.32000 -1.20730
v -6.29818 2.32000 -1.30640
v -6.00000 2.32000 -1.34000
v -5.70182 2.32000 -1.30640
v -5.41860 2.32000 -1.20730
v -5.16452 2.32000 -1.04765
v -4.95235 2.32000 -0.83548
v -4.79270 2.32000 -0.58140
v -4.69360 2.32000 -0.29818
v -4.66000 2.32000 0.00000
v -4.69360 2.32000 0.29818
v -4.79270 2.32000 0.58140
v -4.95235 2.32000 0.83548
v -5.16452 2.32000 1.04765
v -5.41860 2.32000 1.20730
v -5.70182 2.32000 1.30640
v -6.00000 2.32000 1.34000
v -6.29818 2.32000 1.30640
v -6.58140 2.32000 1.20730
v -6.83548 2.32000 1.04765
v -7.04765 2.32000 0.83548
v -7.20730 2.32000 0.58140
v -7.30640 2.32000 0.29818
v -7.28000 2.43000 0.00000
v -7.24791 2.43000 -0.28483
v -7.15324 2.43000 -0.55537
v -7.00074 2.43000 -0.79807
v -6.79807 2.43000 -1.00074
v -6.55537 2.43000 -1.15324
v -6.28483 2.43000 -1.24791
v -6.00000 2.43000 -1.28000
v -5.71517 2.43000 -1.24791
v -5.44463 2.43000 -1.15324
v -5.20193 2.43000 -1.00074
v -4.99926 2.43000 -0.79807
v -4.84676 2.43000 -0.55537
v -4.75209 2.43000 -0.28483
v -4.72000 2.43000 0.00000
v -4.75209 2.43000 0.28483
v -4.84676 2.43000 0.55537
v -4.99926 2.43000 0.79807
v -5.20193 2.43000 1.00074
v -5.44463 2.43000 1.15324
v -5.71517 2.43000 1.24791
v -6.00000 2.43000 1.28000
v -6.28483 2.43000 1.24791
v -6.55537 2.43000 1.15324
v -6.79807 2.43000 1.00074
v -7.00074 2.43000 0.79807
v -7.15324 2.43000 0.55537
v -7.24791 2.43000 0.28483
v -7.08000 2.38000 0.00000
v -7.05292 2.38000 -0.24032
v -6.97305 2.38000 -0.46859
v -6.84438 2.38000 -0.67337
v -6.67337 2.38000 -0.84438
v -6.46859 2.38000 -0.97305
v -6.24032 2.38000 -1.05292
v -6.00000 2.38000 -1.08000
v -5.75968 2.38000 -1.05292
v -5.53141 2.38000 -0.97305
v -5.32663 2.38000 -0.84438
v -5.15562 2.38000 -0.67337
v -5.02695 2.38000 -0.46859
v -4.94708 2.38000 -0.24032
v -4.92000 2.38000 0.00000
v -4.94708 2.38000 0.24032
v -5.02695 2.38000 0.46859
v -5.15562 2.38000 0.67337
v -5.32663 2.38000 0.84438
v -5.53141 2.38000 0.97305
v -5.75968 2.38000 1.05292
v -6.00000 2.38000 1.08000
v -6.24032 2.38000 1.05292
v -6.46859 2.38000 0.97305
v -6.67337 2.38000 0.84438
v -6.84438 2.38000 0.67337
v -6.97305 2.38000 0.46859
v -7.05292 2.38000 0.24032
v -6.96000 1.66000 0.00000
v -6.93593 1.66000 -0.21362
v -6.86493 1.66000 -0.41653
v -6.75056 1.66000 -0.59855
v -6.59855 1.66000 -0.75056
v -6.41653 1.66000 -0.86493
v -6.21362 1.66000 -0.93593
v -6.00000 1.66000 -0.96000
v -5.78638 1.66000 -0.93593
v -5.58347 1.66000 -0.86493
v -5.40145 1.66000 -0.75056
v -5.24944 1.66000 -0.59855
v -5.13507 1.66000 -0.41653
v -5.06407 1.66000 -0.21362
v -5.04000 1.66000 0.00000
v -5.06407 1.66000 0.21362
v -5.13507 1.66000 0.41653
v -5.24944 1.66000 0.59855
v -5.40145 1.66000 0.75056
v -5.58347 1.66000 0.86493
v -5.78638 1.66000 0.93593
v -6.00000 1.66000 0.96000
v -6.21362 1.66000 0.93593
v -6.41653 1.66000 0.86493
v -6.59855 1.66000 0.75056
v -6.75056 1.66000 0.59855
v -6.86493 1.66000 0.41653
v -6.93593 1.66000 0.21362
v -6.64000 1.39000 0.00000
v -6.62395 1.39000 -0.14241
v -6.57662 1.39000 -0.27769
v -6.50037 1.39000 -0.39903
v -6.39903 1.39000 -0.50037
v -6.27769 1.39000 -0.57662
v -6.14241 1.39000 -0.62395
v -6.00000 1.39000 -0.64000
v -5.85759 1.39000 -0.62395
v -5.72231 1.39000 -0.57662
v -5.60097 1.39000 -0.50037
v -5.49963 1.39000 -0.39903
v -5.42338 1.39000 -0.27769
v -5.37605 1.39000 -0.14241
v -5.36000 1.39000 0.00000
v -5.37605 1.39000 0.14241
v -5.42338 1.39000 0.27769
v -5.49963 1.39000 0.39903
v -5.60097 1.39000 0.50037
v -5.72231 1.39000 0.57662
v -5.85759 1.39000 0.62395
v -6.00000 1.39000 0.64000
v -6.14241 1.39000 0.62395
v -6.27769 1.39000 0.57662
v -6.39903 1.39000 0.50037
v -6.50037 1.39000 0.39903
v -6.57662 1.39000 0.27769
v -6.62395 1.39000 0.14241
v -6.36000 1.34000 0.00000
v -6.35097 1.34000 -0.08011
v -6.32435 1.34000 -0.15620
v -6.28146 1.34000 -0.22446
v -6.22446 1.34000 -0.28146
v -6.15620 1.34000 -0.32435
v -6.08011 1.34000 -0.35097
v -6.00000 1.34000 -0.36000
v -5.91989 1.34000 -0.35097
v -5.84380 1.34000 -0.32435
v -5.77554 1.34000 -0.28146
v -5.71854 1.34000 -0.22446
v -5.67565 1.34000 -0.15620
v -5.64903 1.34000 -0.08011
v -5.64000 1.34000 0.00000
v -5.64903 1.34000 0.08011
v -5.67565 1.34000 0.15620
v -5.71854 1.34000 0.22446
v -5.77554 1.34000 0.28146
v -5.84380 1.34000 0.32435
v -5.91989 1.34000 0.35097
v -6.00000 1.34000 0.36000
v -6.08011 1.34000 0.35097
v -6.15620 1.34000 0.32435
v -6.22446 1.34000 0.28146
v -6.28146 1.34000 0.22446
v -6.32435 1.34000 0.15620
v -6.35097 1.34000 0.08011
v -6.70000 1.05000 0.00000
v -6.70000 1.22000 0.00000
v -6.67615 1.05000 -0.18117
v -6.67615 1.22000 -0.18117
v -6.60622 1.05000 -0.35000
v -6.60622 1.22000 -0.35000
v -6.49497 1.05000 -0.49497
v -6.49497 1.22000 -0.49497
v -6.35000 1.05000 -0.60622
v -6.35000 1.22000 -0.60622
v -6.18117 1.05000 -0.67615
v -6.18117 1.22000 -0.67615
v -6.00000 1.05000 -0.70000
v -6.00000 1.22000 -0.70000
v -5.81883 1.05000 -0.67615
v -5.81883 1.22000 -0.67615
v -5.65000 1.05000 -0.60622
v -5.65000 1.22000 -0.60622
v -5.50503 1.05000 -0.49497
v -5.50503 1.22000 -0.49497
v -5.39378 1.05000 -0.35000
v -5.39378 1.22000 -0.35000
v -5.32385 1.05000 -0.18117
v -5.32385 1.22000 -0.18117
v -5.30000 1.05000 0.00000
v -5.30000 1.22000 0.00000
v -5.32385 1.05000 0.18117
v -5.32385 1.22000 0.18117
v -5.39378 1.05000 0.35000
v -5.39378 1.22000 0.35000
v -5.50503 1.05000 0.49497
v -5.50503 1.22000 0.49497
v -5.65000 1.05000 0.60622
v -5.65000 1.22000 0.60622
v -5.81883 1.05000 0.67615
v -5.81883 1.22000 0.67615
v -6.00000 1.05000 0.70000
v -6.00000 1.22000 0.70000
v -6.18117 1.05000 0.67615
v -6.18117 1.22000 0.67615
v -6.35000 1.05000 0.60622
v -6.35000 1.22000 0.60622
v -6.49497 1.05000 0.49497
v -6.49497 1.22000 0.49497
v -6.60622 1.05000 0.35000
v -6.60622 1.22000 0.35000
v -6.67615 1.05000 0.18117
v -6.67615 1.22000 0.18117
v -6.00000 1.05000 0.00000
v -6.00000 1.22000 0.00000
v -7.07000 1.13000 0.00000
v -7.00500 1.24258 0.00000
v -6.87500 1.24258 0.00000
v -6.81000 1.13000 0.00000
v -6.87500 1.01742 0.00000
v -7.00500 1.01742 0.00000
v -7.03354 1.13000 -0.27694
v -6.97076 1.24258 -0.26011
v -6.84519 1.24258 -0.22647
v -6.78240 1.13000 -0.20964
v -6.84519 1.01742 -0.22647
v -6.97076 1.01742 -0.26011
v -6.92665 1.13000 -0.53500
v -6.87036 1.24258 -0.50250
v -6.75777 1.24258 -0.43750
v -6.70148 1.13000 -0.40500
v -6.75777 1.01742 -0.43750
v -6.87036 1.01742 -0.50250
v -6.75660 1.13000 -0.75660
v -6.71064 1.24258 -0.71064
v -6.61872 1.24258 -0.61872
v -6.57276 1.13000 -0.57276
v -6.61872 1.01742 -0.61872
v -6.71064 1.01742 -0.71064
v -6.53500 1.13000 -0.92665
v -6.50250 1.24258 -0.87036
v -6.43750 1.24258 -0.75777
v -6.40500 1.13000 -0.70148
v -6.43750 1.01742 -0.75777
v -6.50250 1.01742 -0.87036
v -6.27694 1.13000 -1.03354
v -6.26011 1.24258 -0.97076
v -6.22647 1.24258 -0.84519
v -6.20964 1.13000 -0.78240
v -6.22647 1.01742 -0.84519
v -6.26011 1.01742 -0.97076
v -6.00000 1.13000 -1.07000
v -6.00000 1.24258 -1.00500
v -6.00000 1.24258 -0.87500
v -6.00000 1.13000 -0.81000
v -6.00000 1.01742 -0.87500
v -6.00000 1.01742 -1.00500
v -5.72306 1.13000 -1.03354
v -5.73989 1.24258 -0.97076
v -5.77353 1.24258 -0.84519
v -5.79036 1.13000 -0.78240
v -5.77353 1.01742 -0.84519
v -5.73989 1.01742 -0.97076
v -5.46500 1.13000 -0.92665
v -5.49750 1.24258 -0.87036
v -5.56250 1.24258 -0.75777
v -5.59500 1.13000 -0.70148
v -5.56250 1.01742 -0.75777
v -5.49750 1.01742 -0.87036
v -5.24340 1.13000 -0.75660
v -5.28936 1.24258 -0.71064
v -5.38128 1.24258 -0.61872
v -5.42724 1.13000 -0.57276
v -5.38128 1.01742 -0.61872
v -5.28936 1.01742 -0.71064
v -5.07335 1.13000 -0.53500
v -5.12964 1.24258 -0.50250
v -5.24223 1.24258 -0.43750
v -5.29852 1.13000 -0.40500
v -5.24223 1.01742 -0.43750
v -5.12964 1.01742 -0.50250
v -4.96646 1.13000 -0.27694
v -5.02924 1.24258 -0.26011
v -5.15481 1.24258 -0.22647
v -5.21760 1.13000 -0.20964
v -5.15481 1.01742 -0.22647
v -5.02924 1.01742 -0.26011
v -4.93000 1.13000 0.00000
v -4.99500 1.24258 0.00000
v -5.12500 1.24258 0.00000
v -5.19000 1.13000 0.00000
v -5.12500 1.01742 0.00000
v -4.99500 1.01742 0.00000
v -4.96646 1.13000 0.27694
v -5.02924 1.24258 0.26011
v -5.15481 1.24258 0.22647
v -5.21760 1.13000 0.20964
v -5.15481 1.01742 0.22647
v -5.02924 1.01742 0.26011
v -5.07335 1.13000 0.53500
v -5.12964 1.24258 0.50250
v -5.24223 1.24258 0.43750
v -5.29852 1.13000 0.40500
v -5.24223 1.01742 0.43750
v -5.12964 1.01742 0.50250
v -5.24340 1.13000 0.75660
v -5.28936 1.24258 0.71064
v -5.38128 1.24258 0.61872
v -5.42724 1.13000 0.57276
v -5.38128 1.01742 0.61872
v -5.28936 1.01742 0.71064
v -5.46500 1.13000 0.92665
v -5.49750 1.24258 0.87036
v -5.56250 1.24258 0.75777
v -5.59500 1.13000 0.70148
v -5.56250 1.01742 0.75777
v -5.49750 1.01742 0.87036
v -5.72306 1.13000 1.03354
v -5.73989 1.24258 0.97076
v -5.77353 1.24258 0.84519
v -5.79036 1.13000 0.78240
v -5.77353 1.01742 0.84519
v -5.73989 1.01742 0.97076
v -6.00000 1.13000 1.07000
v -6.00000 1.24258 1.00500
v -6.00000 1.24258 0.87500
v -6.00000 1.13000 0.81000
v -6.00000 1.01742 0.87500
v -6.00000 1.01742 1.00500
v -6.27694 1.13000 1.03354
v -6.26011 1.24258 0.97076
v -6.22647 1.24258 0.84519
v -6.20964 1.13000 0.78240
v -6.22647 1.01742 0.84519
v -6.26011 1.01742 0.97076
v -6.53500 1.13000 0.92665
v -6.50250 1.24258 0.87036
v -6.43750 1.24258 0.75777
v -6.40500 1.13000 0.70148
v -6.43750 1.01742 0.75777
v -6.50250 1.01742 0.87036
v -6.75660 1.13000 0.75660
v -6.71064 1.24258 0.71064
v -6.61872 1.24258 0.61872
v -6.57276 1.13000 0.57276
v -6.61872 1.01742 0.61872
v -6.71064 1.01742 0.71064
v -6.92665 1.13000 0.53500
v -6.87036 1.24258 0.50250
v -6.75777 1.24258 0.43750
v -6.70148 1.13000 0.40500
v -6.75777 1.01742 0.43750
v -6.87036 1.01742 0.50250
v -7.03354 1.13000 0.27694
v -6.97076 1.24258 0.26011
v -6.84519 1.24258 0.22647
v -6.78240 1.13000 0.20964
v -6.84519 1.01742 0.22647
v -6.97076 1.01742 0.26011
v -4.82000 2.18000 0.07500
v -4.82216 2.11508 0.03750
v -4.82216 2.11508 -0.03750
v -4.82000 2.18000 -0.07500
v -4.81784 2.24492 -0.03750
v -4.81784 2.24492 0.03750
v -4.52000 2.17000 0.07500
v -4.52216 2.10508 0.03750
v -4.52216 2.10508 -0.03750
v -4.52000 2.17000 -0.07500
v -4.51784 2.23492 -0.03750
v -4.51784 2.23492 0.03750
v -4.82000 2.18000 0.00000
v -4.52000 2.17000 0.00000
v -4.52000 2.17000 0.07500
v -4.56593 2.12407 0.03750
v -4.56593 2.12407 -0.03750
v -4.52000 2.17000 -0.07500
v -4.47407 2.21593 -0.03750
v -4.47407 2.21593 0.03750
v -4.33000 1.98000 0.07500
v -4.37593 1.93407 0.03750
v -4.37593 1.93407 -0.03750
v -4.33000 1.98000 -0.07500
v -4.28407 2.02593 -0.03750
v -4.28407 2.02593 0.03750
v -4.52000 2.17000 0.00000
v -4.33000 1.98000 0.00000
v -4.33000 1.98000 -0.07500
v -4.27679 1.94275 -0.03750
v -4.27679 1.94275 0.03750
v -4.33000 1.98000 0.07500
v -4.38321 2.01725 0.03750
v -4.38321 2.01725 -0.03750
v -4.47000 1.78000 -0.07500
v -4.41679 1.74275 -0.03750
v -4.41679 1.74275 0.03750
v -4.47000 1.78000 0.07500
v -4.52321 1.81725 0.03750
v -4.52321 1.81725 -0.03750
v -4.33000 1.98000 0.00000
v -4.47000 1.78000 0.00000
v -4.47000 1.78000 -0.07500
v -4.47000 1.71505 -0.03750
v -4.47000 1.71505 0.03750
v -4.47000 1.78000 0.07500
v -4.47000 1.84495 0.03750
v -4.47000 1.84495 -0.03750
v -4.79000 1.78000 -0.07500
v -4.79000 1.71505 -0.03750
v -4.79000 1.71505 0.03750
v -4.79000 1.78000 0.07500
v -4.79000 1.84495 0.03750
v -4.79000 1.84495 -0.03750
v -4.47000 1.78000 0.00000
v -4.79000 1.78000 0.00000
v -7.18000 2.18000 -0.07500
v -7.17784 2.11508 -0.03750
v -7.17784 2.11508 0.03750
v -7.18000 2.18000 0.07500
v -7.18216 2.24492 0.03750
v -7.18216 2.24492 -0.03750
v -7.48000 2.17000 -0.07500
v -7.47784 2.10508 -0.03750
v -7.47784 2.10508 0.03750
v -7.48000 2.17000 0.07500
v -7.48216 2.23492 0.03750
v -7.48216 2.23492 -0.03750
v -7.18000 2.18000 0.00000
v -7.48000 2.17000 0.00000
v -7.48000 2.17000 -0.07500
v -7.43407 2.12407 -0.03750
v -7.43407 2.12407 0.03750
v -7.48000 2.17000 0.07500
v -7.52593 2.21593 0.03750
v -7.52593 2.21593 -0.03750
v -7.67000 1.98000 -0.07500
v -7.62407 1.93407 -0.03750
v -7.62407 1.93407 0.03750
v -7.67000 1.98000 0.07500
v -7.71593 2.02593 0.03750
v -7.71593 2.02593 -0.03750
v -7.48000 2.17000 0.00000
v -7.67000 1.98000 0.00000
v -7.67000 1.98000 0.07500
v -7.72321 1.94275 0.03750
v -7.72321 1.94275 -0.03750
v -7.67000 1.98000 -0.07500
v -7.61679 2.01725 -0.03750
v -7.61679 2.01725 0.03750
v -7.53000 1.78000 0.07500
v -7.58321 1.74275 0.03750
v -7.58321 1.74275 -0.03750
v -7.53000 1.78000 -0.07500
v -7.47679 1.81725 -0.03750
v -7.47679 1.81725 0.03750
v -7.67000 1.98000 0.00000
v -7.53000 1.78000 0.00000
v -7.53000 1.78000 0.07500
v -7.53000 1.71505 0.03750
v -7.53000 1.71505 -0.03750
v -7.53000 1.78000 -0.07500
v -7.53000 1.84495 -0.03750
v -7.53000 1.84495 0.03750
v -7.21000 1.78000 0.07500
v -7.21000 1.71505 0.03750
v -7.21000 1.71505 -0.03750
v -7.21000 1.78000 -0.07500
v -7.21000 1.84495 -0.03750
v -7.21000 1.84495 0.03750
v -7.53000 1.78000 0.00000
v -7.21000 1.78000 0.00000
v -7.19778 2.10929 0.00000
v -7.15889 2.10929 -0.06736
v -7.08111 2.10929 -0.06736
v -7.04222 2.10929 0.00000
v -7.08111 2.10929 0.06736
v -7.15889 2.10929 0.06736
v -7.23000 2.18000 0.00000
v -7.17500 2.18000 -0.09526
v -7.06500 2.18000 -0.09526
v -7.01000 2.18000 0.00000
v -7.06500 2.18000 0.09526
v -7.17500 2.18000 0.09526
v -7.19778 2.25071 0.00000
v -7.15889 2.25071 -0.06736
v -7.08111 2.25071 -0.06736
v -7.04222 2.25071 0.00000
v -7.08111 2.25071 0.06736
v -7.15889 2.25071 0.06736
v -7.12000 2.08000 0.00000
v -7.12000 2.28000 0.00000
v -6.86974 2.10929 -0.79196
v -6.83085 2.10929 -0.85932
v -6.75307 2.10929 -0.85932
v -6.71418 2.10929 -0.79196
v -6.75307 2.10929 -0.72460
v -6.83085 2.10929 -0.72460
v -6.90196 2.18000 -0.79196
v -6.84696 2.18000 -0.88722
v -6.73696 2.18000 -0.88722
v -6.68196 2.18000 -0.79196
v -6.73696 2.18000 -0.69670
v -6.84696 2.18000 -0.69670
v -6.86974 2.25071 -0.79196
v -6.83085 2.25071 -0.85932
v -6.75307 2.25071 -0.85932
v -6.71418 2.25071 -0.79196
v -6.75307 2.25071 -0.72460
v -6.83085 2.25071 -0.72460
v -6.79196 2.08000 -0.79196
v -6.79196 2.28000 -0.79196
v -6.07778 2.10929 -1.12000
v -6.03889 2.10929 -1.18736
v -5.96111 2.10929 -1.18736
v -5.92222 2.10929 -1.12000
v -5.96111 2.10929 -1.05264
v -6.03889 2.10929 -1.05264
v -6.11000 2.18000 -1.12000
v -6.05500 2.18000 -1.21526
v -5.94500 2.18000 -1.21526
v -5.89000 2.18000 -1.12000
v -5.94500 2.18000 -1.02474
v -6.05500 2.18000 -1.02474
v -6.07778 2.25071 -1.12000
v -6.03889 2.25071 -1.18736
v -5.96111 2.25071 -1.18736
v -5.92222 2.25071 -1.12000
v -5.96111 2.25071 -1.05264
v -6.03889 2.25071 -1.05264
v -6.00000 2.08000 -1.12000
v -6.00000 2.28000 -1.12000
v -5.28582 2.10929 -0.79196
v -5.24693 2.10929 -0.85932
v -5.16915 2.10929 -0.85932
v -5.13026 2.10929 -0.79196
v -5.16915 2.10929 -0.72460
v -5.24693 2.10929 -0.72460
v -5.31804 2.18000 -0.79196
v -5.26304 2.18000 -0.88722
v -5.15304 2.18000 -0.88722
v -5.09804 2.18000 -0.79196
v -5.15304 2.18000 -0.69670
v -5.26304 2.18000 -0.69670
v -5.28582 2.25071 -0.79196
v -5.24693 2.25071 -0.85932
v -5.16915 2.25071 -0.85932
v -5.13026 2.25071 -0.79196
v -5.16915 2.25071 -0.72460
v -5.24693 2.25071 -0.72460
v -5.20804 2.08000 -0.79196
v -5.20804 2.28000 -0.79196
v -4.95778 2.10929 0.00000
v -4.91889 2.10929 -0.06736
v -4.84111 2.10929 -0.06736
v -4.80222 2.10929 0.00000
v -4.84111 2.10929 0.06736
v -4.91889 2.10929 0.06736
v -4.99000 2.18000 0.00000
v -4.93500 2.18000 -0.09526
v -4.82500 2.18000 -0.09526
v -4.77000 2.18000 0.00000
v -4.82500 2.18000 0.09526
v -4.93500 2.18000 0.09526
v -4.95778 2.25071 0.00000
v -4.91889 2.25071 -0.06736
v -4.84111 2.25071 -0.06736
v -4.80222 2.25071 0.00000
v -4.84111 2.25071 0.06736
v -4.91889 2.25071 0.06736
v -4.88000 2.08000 0.00000
v -4.88000 2.28000 0.00000
v -5.28582 2.10929 0.79196
v -5.24693 2.10929 0.72460
v -5.16915 2.10929 0.72460
v -5.13026 2.10929 0.79196
v -5.16915 2.10929 0.85932
v -5.24693 2.10929 0.85932
v -5.31804 2.18000 0.79196
v -5.26304 2.18000 0.69670
v -5.15304 2.18000 0.69670
v -5.09804 2.18000 0.79196
v -5.15304 2.18000 0.88722
v -5.26304 2.18000 0.88722
v -5.28582 2.25071 0.79196
v -5.24693 2.25071 0.72460
v -5.16915 2.25071 0.72460
v -5.13026 2.25071 0.79196
v -5.16915 2.25071 0.85932
v -5.24693 2.25071 0.85932
v -5.20804 2.08000 0.79196
v -5.20804 2.28000 0.79196
v -6.07778 2.10929 1.12000
v -6.03889 2.10929 1.05264
v -5.96111 2.10929 1.05264
v -5.92222 2.10929 1.12000
v -5.96111 2.10929 1.18736
v -6.03889 2.10929 1.18736
v -6.11000 2.18000 1.12000
v -6.05500 2.18000 1.02474
v -5.94500 2.18000 1.02474
v -5.89000 2.18000 1.12000
v -5.94500 2.18000 1.21526
v -6.05500 2.18000 1.21526
v -6.07778 2.25071 1.12000
v -6.03889 2.25071 1.05264
v -5.96111 2.25071 1.05264
v -5.92222 2.25071 1.12000
v -5.96111 2.25071 1.18736
v -6.03889 2.25071 1.18736
v -6.00000 2.08000 1.12000
v -6.00000 2.28000 1.12000
v -6.86974 2.10929 0.79196
v -6.83085 2.10929 0.72460
v -6.75307 2.10929 0.72460
v -6.71418 2.10929 0.79196
v -6.75307 2.10929 0.85932
v -6.83085 2.10929 0.85932
v -6.90196 2.18000 0.79196
v -6.84696 2.18000 0.69670
v -6.73696 2.18000 0.69670
v -6.68196 2.18000 0.79196
v -6.73696 2.18000 0.88722
v -6.84696 2.18000 0.88722
v -6.86974 2.25071 0.79196
v -6.83085 2.25071 0.72460
v -6.75307 2.25071 0.72460
v -6.71418 2.25071 0.79196
v -6.75307 2.25071 0.85932
v -6.83085 2.25071 0.85932
v -6.79196 2.08000 0.79196
v -6.79196 2.28000 0.79196
v -3.00000 0.77000 -5.71615
v -3.30565 0.77000 -5.61684
v -3.49455 0.77000 -5.35684
v -3.49455 0.77000 -5.03546
v -3.30565 0.77000 -4.77546
v -3.00000 0.77000 -4.67615
v -2.69435 0.77000 -4.77546
v -2.50545 0.77000 -5.03546
v -2.50545 0.77000 -5.35684
v -2.69435 0.77000 -5.61684
v -3.00000 1.12000 -5.58615
v -3.22924 1.12000 -5.51167
v -3.37091 1.12000 -5.31667
v -3.37091 1.12000 -5.07564
v -3.22924 1.12000 -4.88064
v -3.00000 1.12000 -4.80615
v -2.77076 1.12000 -4.88064
v -2.62909 1.12000 -5.07564
v -2.62909 1.12000 -5.31667
v -2.77076 1.12000 -5.51167
v -3.00000 0.77000 -5.19615
v -3.00000 1.12000 -5.19615
v 0.13856 1.18000 -0.08000
v 0.09798 1.06686 -0.05657
v 0.00000 1.02000 -0.00000
v -0.09798 1.06686 0.05657
v -0.13856 1.18000 0.08000
v -0.09798 1.29314 0.05657
v -0.00000 1.34000 0.00000
v 0.09798 1.29314 -0.05657
v -2.90474 1.18000 -5.25115
v -2.93264 1.10222 -5.23504
v -3.00000 1.07000 -5.19615
v -3.06736 1.10222 -5.15726
v -3.09526 1.18000 -5.14115
v -3.06736 1.25778 -5.15726
v -3.00000 1.29000 -5.19615
v -2.93264 1.25778 -5.23504
v 0.00000 1.18000 0.00000
v -3.00000 1.18000 -5.19615
v 0.12990 5.35000 -0.07500
v 0.11720 5.25683 -0.00914
v 0.03584 5.21823 0.06208
v -0.06651 5.25683 0.09693
v -0.12990 5.35000 0.07500
v -0.11720 5.44317 0.00914
v -0.03584 5.48177 -0.06208
v 0.06651 5.44317 -0.09693
v -2.08206 3.00000 -3.78623
v -2.08968 2.94410 -3.74671
v -2.13850 2.92094 -3.70398
v -2.19991 2.94410 -3.68307
v -2.23794 3.00000 -3.69623
v -2.23032 3.05590 -3.73575
v -2.18150 3.07906 -3.77847
v -2.12009 3.05590 -3.79939
v 0.00000 5.35000 0.00000
v -2.16000 3.00000 -3.74123
v 0.10392 7.18000 -0.06000
v 0.09366 7.10536 -0.00748
v 0.02853 7.07444 0.04942
v -0.05331 7.10536 0.07737
v -0.10392 7.18000 0.06000
v -0.09366 7.25464 0.00748
v -0.02853 7.28556 -0.04942
v 0.05331 7.25464 -0.07737
v -2.27505 4.65000 -4.09050
v -2.28146 4.60335 -4.05767
v -2.32217 4.58402 -4.02211
v -2.37332 4.60335 -4.00464
v -2.40495 4.65000 -4.01550
v -2.39854 4.69665 -4.04832
v -2.35783 4.71598 -4.08389
v -2.30668 4.69665 -4.10136
v 0.00000 7.18000 0.00000
v -2.34000 4.65000 -4.05300
v -3.21500 1.06000 -5.56854
v -3.12674 1.06000 -5.60705
v -3.03213 1.06000 -5.62495
v -2.93591 1.06000 -5.62135
v -2.84290 1.06000 -5.59643
v -2.75777 1.06000 -5.55144
v -2.68479 1.06000 -5.48863
v -2.62761 1.06000 -5.41115
v -2.58910 1.06000 -5.32290
v -2.57120 1.06000 -5.22829
v -2.57480 1.06000 -5.13206
v -2.59972 1.06000 -5.03906
v -2.64472 1.06000 -4.95392
v -2.70753 1.06000 -4.88094
v -2.78500 1.06000 -4.82376
v -2.87326 1.06000 -4.78526
v -2.96787 1.06000 -4.76735
v -3.06409 1.06000 -4.77096
v -3.15710 1.06000 -4.79588
v -3.24223 1.06000 -4.84087
v -3.31521 1.06000 -4.90368
v -3.37239 1.06000 -4.98115
v -3.41090 1.06000 -5.06941
v -3.42880 1.06000 -5.16402
v -3.42520 1.06000 -5.26024
v -3.40028 1.06000 -5.35325
v -3.35528 1.06000 -5.43838
v -3.29247 1.06000 -5.51136
v -3.38000 1.08000 -5.85433
v -3.22401 1.08000 -5.92239
v -3.05679 1.08000 -5.95403
v -2.88673 1.08000 -5.94766
v -2.72234 1.08000 -5.90362
v -2.57188 1.08000 -5.82409
v -2.44288 1.08000 -5.71308
v -2.34182 1.08000 -5.57615
v -2.27376 1.08000 -5.42017
v -2.24213 1.08000 -5.25295
v -2.24849 1.08000 -5.08288
v -2.29254 1.08000 -4.91849
v -2.37206 1.08000 -4.76803
v -2.48307 1.08000 -4.63903
v -2.62000 1.08000 -4.53797
v -2.77599 1.08000 -4.46992
v -2.94321 1.08000 -4.43828
v -3.11327 1.08000 -4.44464
v -3.27766 1.08000 -4.48869
v -3.42812 1.08000 -4.56821
v -3.55712 1.08000 -4.67922
v -3.65818 1.08000 -4.81615
v -3.72624 1.08000 -4.97214
v -3.75787 1.08000 -5.13936
v -3.75151 1.08000 -5.30942
v -3.70746 1.08000 -5.47381
v -3.62794 1.08000 -5.62428
v -3.51693 1.08000 -5.75327
v -3.51000 1.30000 -6.07950
v -3.30065 1.30000 -6.17084
v -3.07622 1.30000 -6.21330
v -2.84798 1.30000 -6.20476
v -2.62735 1.30000 -6.14564
v -2.42541 1.30000 -6.03892
v -2.25229 1.30000 -5.88993
v -2.11665 1.30000 -5.70615
v -2.02532 1.30000 -5.49680
v -1.98285 1.30000 -5.27238
v -1.99139 1.30000 -5.04413
v -2.05051 1.30000 -4.82350
v -2.15724 1.30000 -4.62157
v -2.30622 1.30000 -4.44844
v -2.49000 1.30000 -4.31281
v -2.69935 1.30000 -4.22147
v -2.92378 1.30000 -4.17900
v -3.15202 1.30000 -4.18754
v -3.37265 1.30000 -4.24666
v -3.57459 1.30000 -4.35339
v -3.74771 1.30000 -4.50238
v -3.88335 1.30000 -4.68615
v -3.97468 1.30000 -4.89550
v -4.01715 1.30000 -5.11993
v -4.00861 1.30000 -5.34818
v -3.94949 1.30000 -5.56880
v -3.84276 1.30000 -5.77074
v -3.69378 1.30000 -5.94387
v -3.62000 1.78000 -6.27002
v -3.36550 1.78000 -6.38106
v -3.09267 1.78000 -6.43269
v -2.81519 1.78000 -6.42230
v -2.54698 1.78000 -6.35044
v -2.30148 1.78000 -6.22069
v -2.09102 1.78000 -6.03957
v -1.92613 1.78000 -5.81615
v -1.81509 1.78000 -5.56165
v -1.76347 1.78000 -5.28882
v -1.77385 1.78000 -5.01134
v -1.84572 1.78000 -4.74313
v -1.97546 1.78000 -4.49764
v -2.15659 1.78000 -4.28717
v -2.38000 1.78000 -4.12228
v -2.63450 1.78000 -4.01124
v -2.90733 1.78000 -3.95962
v -3.18481 1.78000 -3.97000
v -3.45302 1.78000 -4.04187
v -3.69852 1.78000 -4.17162
v -3.90898 1.78000 -4.35274
v -4.07387 1.78000 -4.57615
v -4.18491 1.78000 -4.83066
v -4.23653 1.78000 -5.10349
v -4.22615 1.78000 -5.38096
v -4.15428 1.78000 -5.64918
v -4.02454 1.78000 -5.89467
v -3.84341 1.78000 -6.10514
v -3.67000 2.32000 -6.35663
v -3.39497 2.32000 -6.47662
v -3.10014 2.32000 -6.53241
v -2.80028 2.32000 -6.52119
v -2.51044 2.32000 -6.44352
v -2.24515 2.32000 -6.30331
v -2.01771 2.32000 -6.10758
v -1.83953 2.32000 -5.86615
v -1.71953 2.32000 -5.59112
v -1.66375 2.32000 -5.29629
v -1.67497 2.32000 -4.99644
v -1.75263 2.32000 -4.70660
v -1.89284 2.32000 -4.44130
v -2.08857 2.32000 -4.21386
v -2.33000 2.32000 -4.03568
v -2.60503 2.32000 -3.91568
v -2.89986 2.32000 -3.85990
v -3.19972 2.32000 -3.87112
v -3.48956 2.32000 -3.94878
v -3.75485 2.32000 -4.08899
v -3.98229 2.32000 -4.28472
v -4.16047 2.32000 -4.52615
v -4.28047 2.32000 -4.80118
v -4.33625 2.32000 -5.09601
v -4.32503 2.32000 -5.39587
v -4.24737 2.32000 -5.68571
v -4.10716 2.32000 -5.95100
v -3.91143 2.32000 -6.17844
v -3.64000 2.43000 -6.30466
v -3.37729 2.43000 -6.41929
v -3.09565 2.43000 -6.47257
v -2.80923 2.43000 -6.46186
v -2.53236 2.43000 -6.38767
v -2.27895 2.43000 -6.25374
v -2.06169 2.43000 -6.06677
v -1.89149 2.43000 -5.83615
v -1.77687 2.43000 -5.57344
v -1.72358 2.43000 -5.29181
v -1.73430 2.43000 -5.00538
v -1.80848 2.43000 -4.72852
v -1.94241 2.43000 -4.47510
v -2.12938 2.43000 -4.25785
v -2.36000 2.43000 -4.08764
v -2.62271 2.43000 -3.97302
v -2.90435 2.43000 -3.91973
v -3.19077 2.43000 -3.93045
v -3.46764 2.43000 -4.00463
v -3.72105 2.43000 -4.13857
v -3.93831 2.43000 -4.32553
v -4.10851 2.43000 -4.55615
v -4.22313 2.43000 -4.81887
v -4.27642 2.43000 -5.10050
v -4.26570 2.43000 -5.38693
v -4.19152 2.43000 -5.66379
v -4.05759 2.43000 -5.91720
v -3.87062 2.43000 -6.13446
v -3.54000 2.38000 -6.13146
v -3.31834 2.38000 -6.22817
v -3.08071 2.38000 -6.27313
v -2.83903 2.38000 -6.26409
v -2.60543 2.38000 -6.20150
v -2.39161 2.38000 -6.08849
v -2.20830 2.38000 -5.93074
v -2.06469 2.38000 -5.73615
v -1.96798 2.38000 -5.51449
v -1.92302 2.38000 -5.27686
v -1.93206 2.38000 -5.03519
v -1.99466 2.38000 -4.80158
v -2.10766 2.38000 -4.58777
v -2.26541 2.38000 -4.40446
v -2.46000 2.38000 -4.26084
v -2.68166 2.38000 -4.16413
v -2.91929 2.38000 -4.11917
v -3.16097 2.38000 -4.12822
v -3.39457 2.38000 -4.19081
v -3.60839 2.38000 -4.30381
v -3.79170 2.38000 -4.46157
v -3.93531 2.38000 -4.65615
v -4.03202 2.38000 -4.87782
v -4.07698 2.38000 -5.11544
v -4.06794 2.38000 -5.35712
v -4.00534 2.38000 -5.59072
v -3.89234 2.38000 -5.80454
v -3.73459 2.38000 -5.98785
v -3.48000 1.66000 -6.02754
v -3.28296 1.66000 -6.11350
v -3.07174 1.66000 -6.15347
v -2.85692 1.66000 -6.14543
v -2.64927 1.66000 -6.08979
v -2.45921 1.66000 -5.98934
v -2.29627 1.66000 -5.84912
v -2.16862 1.66000 -5.67615
v -2.08265 1.66000 -5.47912
v -2.04268 1.66000 -5.26789
v -2.05072 1.66000 -5.05307
v -2.10636 1.66000 -4.84543
v -2.20681 1.66000 -4.65537
v -2.34703 1.66000 -4.49242
v -2.52000 1.66000 -4.36477
v -2.71704 1.66000 -4.27880
v -2.92826 1.66000 -4.23884
v -3.14308 1.66000 -4.24687
v -3.35073 1.66000 -4.30251
v -3.54079 1.66000 -4.40296
v -3.70373 1.66000 -4.54319
v -3.83138 1.66000 -4.71615
v -3.91735 1.66000 -4.91319
v -3.95732 1.66000 -5.12441
v -3.94928 1.66000 -5.33923
v -3.89364 1.66000 -5.54688
v -3.79319 1.66000 -5.73694
v -3.65297 1.66000 -5.89988
v -3.32000 1.39000 -5.75041
v -3.18864 1.39000 -5.80772
v -3.04783 1.39000 -5.83436
v -2.90461 1.39000 -5.82900
v -2.76618 1.39000 -5.79191
v -2.63948 1.39000 -5.72495
v -2.53085 1.39000 -5.63146
v -2.44574 1.39000 -5.51615
v -2.38843 1.39000 -5.38480
v -2.36179 1.39000 -5.24398
v -2.36715 1.39000 -5.10077
v -2.40424 1.39000 -4.96233
v -2.47121 1.39000 -4.83563
v -2.56469 1.39000 -4.72700
v -2.68000 1.39000 -4.64190
v -2.81136 1.39000 -4.58459
v -2.95217 1.39000 -4.55794
v -3.09539 1.39000 -4.56330
v -3.23382 1.39000 -4.60039
v -3.36052 1.39000 -4.66736
v -3.46915 1.39000 -4.76084
v -3.55426 1.39000 -4.87615
v -3.61157 1.39000 -5.00751
v -3.63821 1.39000 -5.14833
v -3.63285 1.39000 -5.29154
v -3.59576 1.39000 -5.42997
v -3.52879 1.39000 -5.55668
v -3.43531 1.39000 -5.66531
v -3.18000 1.34000 -5.50792
v -3.10611 1.34000 -5.54016
v -3.02690 1.34000 -5.55515
v -2.94634 1.34000 -5.55213
v -2.86848 1.34000 -5.53127
v -2.79720 1.34000 -5.49360
v -2.73610 1.34000 -5.44101
v -2.68823 1.34000 -5.37615
v -2.65599 1.34000 -5.30226
v -2.64101 1.34000 -5.22306
v -2.64402 1.34000 -5.14250
v -2.66489 1.34000 -5.06463
v -2.70255 1.34000 -4.99336
v -2.75514 1.34000 -4.93225
v -2.82000 1.34000 -4.88438
v -2.89389 1.34000 -4.85215
v -2.97310 1.34000 -4.83716
v -3.05366 1.34000 -4.84017
v -3.13152 1.34000 -4.86104
v -3.20280 1.34000 -4.89871
v -3.26390 1.34000 -4.95129
v -3.31177 1.34000 -5.01615
v -3.34401 1.34000 -5.09004
v -3.35899 1.34000 -5.16925
v -3.35598 1.34000 -5.24981
v -3.33511 1.34000 -5.32768
v -3.29745 1.34000 -5.39895
v -3.24486 1.34000 -5.46005
v -3.35000 1.05000 -5.80237
v -3.35000 1.22000 -5.80237
v -3.18117 1.05000 -5.87230
v -3.18117 1.22000 -5.87230
v -3.00000 1.05000 -5.89615
v -3.00000 1.22000 -5.89615
v -2.81883 1.05000 -5.87230
v -2.81883 1.22000 -5.87230
v -2.65000 1.05000 -5.80237
v -2.65000 1.22000 -5.80237
v -2.50503 1.05000 -5.69113
v -2.50503 1.22000 -5.69113
v -2.39378 1.05000 -5.54615
v -2.39378 1.22000 -5.54615
v -2.32385 1.05000 -5.37733
v -2.32385 1.22000 -5.37733
v -2.30000 1.05000 -5.19615
v -2.30000 1.22000 -5.19615
v -2.32385 1.05000 -5.01498
v -2.32385 1.22000 -5.01498
v -2.39378 1.05000 -4.84615
v -2.39378 1.22000 -4.84615
v -2.50503 1.05000 -4.70118
v -2.50503 1.22000 -4.70118
v -2.65000 1.05000 -4.58993
v -2.65000 1.22000 -4.58993
v -2.81883 1.05000 -4.52000
v -2.81883 1.22000 -4.52000
v -3.00000 1.05000 -4.49615
v -3.00000 1.22000 -4.49615
v -3.18117 1.05000 -4.52000
v -3.18117 1.22000 -4.52000
v -3.35000 1.05000 -4.58993
v -3.35000 1.22000 -4.58993
v -3.49497 1.05000 -4.70118
v -3.49497 1.22000 -4.70118
v -3.60622 1.05000 -4.84615
v -3.60622 1.22000 -4.84615
v -3.67615 1.05000 -5.01498
v -3.67615 1.22000 -5.01498
v -3.70000 1.05000 -5.19615
v -3.70000 1.22000 -5.19615
v -3.67615 1.05000 -5.37733
v -3.67615 1.22000 -5.37733
v -3.60622 1.05000 -5.54615
v -3.60622 1.22000 -5.54615
v -3.49497 1.05000 -5.69113
v -3.49497 1.22000 -5.69113
v -3.00000 1.05000 -5.19615
v -3.00000 1.22000 -5.19615
v -3.53500 1.13000 -6.12280
v -3.50250 1.24258 -6.06651
v -3.43750 1.24258 -5.95392
v -3.40500 1.13000 -5.89763
v -3.43750 1.01742 -5.95392
v -3.50250 1.01742 -6.06651
v -3.27694 1.13000 -6.22969
v -3.26011 1.24258 -6.16691
v -3.22647 1.24258 -6.04134
v -3.20964 1.13000 -5.97855
v -3.22647 1.01742 -6.04134
v -3.26011 1.01742 -6.16691
v -3.00000 1.13000 -6.26615
v -3.00000 1.24258 -6.20115
v -3.00000 1.24258 -6.07115
v -3.00000 1.13000 -6.00615
v -3.00000 1.01742 -6.07115
v -3.00000 1.01742 -6.20115
v -2.72306 1.13000 -6.22969
v -2.73989 1.24258 -6.16691
v -2.77353 1.24258 -6.04134
v -2.79036 1.13000 -5.97855
v -2.77353 1.01742 -6.04134
v -2.73989 1.01742 -6.16691
v -2.46500 1.13000 -6.12280
v -2.49750 1.24258 -6.06651
v -2.56250 1.24258 -5.95392
v -2.59500 1.13000 -5.89763
v -2.56250 1.01742 -5.95392
v -2.49750 1.01742 -6.06651
v -2.24340 1.13000 -5.95276
v -2.28936 1.24258 -5.90679
v -2.38128 1.24258 -5.81487
v -2.42724 1.13000 -5.76891
v -2.38128 1.01742 -5.81487
v -2.28936 1.01742 -5.90679
v -2.07335 1.13000 -5.73115
v -2.12964 1.24258 -5.69865
v -2.24223 1.24258 -5.63365
v -2.29852 1.13000 -5.60115
v -2.24223 1.01742 -5.63365
v -2.12964 1.01742 -5.69865
v -1.96646 1.13000 -5.47309
v -2.02924 1.24258 -5.45627
v -2.15481 1.24258 -5.42262
v -2.21760 1.13000 -5.40580
v -2.15481 1.01742 -5.42262
v -2.02924 1.01742 -5.45627
v -1.93000 1.13000 -5.19615
v -1.99500 1.24258 -5.19615
v -2.12500 1.24258 -5.19615
v -2.19000 1.13000 -5.19615
v -2.12500 1.01742 -5.19615
v -1.99500 1.01742 -5.19615
v -1.96646 1.13000 -4.91922
v -2.02924 1.24258 -4.93604
v -2.15481 1.24258 -4.96969
v -2.21760 1.13000 -4.98651
v -2.15481 1.01742 -4.96969
v -2.02924 1.01742 -4.93604
v -2.07335 1.13000 -4.66115
v -2.12964 1.24258 -4.69365
v -2.24223 1.24258 -4.75865
v -2.29852 1.13000 -4.79115
v -2.24223 1.01742 -4.75865
v -2.12964 1.01742 -4.69365
v -2.24340 1.13000 -4.43955
v -2.28936 1.24258 -4.48551
v -2.38128 1.24258 -4.57743
v -2.42724 1.13000 -4.62340
v -2.38128 1.01742 -4.57743
v -2.28936 1.01742 -4.48551
v -2.46500 1.13000 -4.26951
v -2.49750 1.24258 -4.32580
v -2.56250 1.24258 -4.43838
v -2.59500 1.13000 -4.49467
v -2.56250 1.01742 -4.43838
v -2.49750 1.01742 -4.32580
v -2.72306 1.13000 -4.16261
v -2.73989 1.24258 -4.22540
v -2.77353 1.24258 -4.35097
v -2.79036 1.13000 -4.41375
v -2.77353 1.01742 -4.35097
v -2.73989 1.01742 -4.22540
v -3.00000 1.13000 -4.12615
v -3.00000 1.24258 -4.19115
v -3.00000 1.24258 -4.32115
v -3.00000 1.13000 -4.38615
v -3.00000 1.01742 -4.32115
v -3.00000 1.01742 -4.19115
v -3.27694 1.13000 -4.16261
v -3.26011 1.24258 -4.22540
v -3.22647 1.24258 -4.35097
v -3.20964 1.13000 -4.41375
v -3.22647 1.01742 -4.35097
v -3.26011 1.01742 -4.22540
v -3.53500 1.13000 -4.26951
v -3.50250 1.24258 -4.32580
v -3.43750 1.24258 -4.43838
v -3.40500 1.13000 -4.49467
v -3.43750 1.01742 -4.43838
v -3.50250 1.01742 -4.32580
v -3.75660 1.13000 -4.43955
v -3.71064 1.24258 -4.48551
v -3.61872 1.24258 -4.57743
v -3.57276 1.13000 -4.62340
v -3.61872 1.01742 -4.57743
v -3.71064 1.01742 -4.48551
v -3.92665 1.13000 -4.66115
v -3.87036 1.24258 -4.69365
v -3.75777 1.24258 -4.75865
v -3.70148 1.13000 -4.79115
v -3.75777 1.01742 -4.75865
v -3.87036 1.01742 -4.69365
v -4.03354 1.13000 -4.91922
v -3.97076 1.24258 -4.93604
v -3.84519 1.24258 -4.96969
v -3.78240 1.13000 -4.98651
v -3.84519 1.01742 -4.96969
v -3.97076 1.01742 -4.93604
v -4.07000 1.13000 -5.19615
v -4.00500 1.24258 -5.19615
v -3.87500 1.24258 -5.19615
v -3.81000 1.13000 -5.19615
v -3.87500 1.01742 -5.19615
v -4.00500 1.01742 -5.19615
v -4.03354 1.13000 -5.47309
v -3.97076 1.24258 -5.45627
v -3.84519 1.24258 -5.42262
v -3.78240 1.13000 -5.40580
v -3.84519 1.01742 -5.42262
v -3.97076 1.01742 -5.45627
v -3.92665 1.13000 -5.73115
v -3.87036 1.24258 -5.69865
v -3.75777 1.24258 -5.63365
v -3.70148 1.13000 -5.60115
v -3.75777 1.01742 -5.63365
v -3.87036 1.01742 -5.69865
v -3.75660 1.13000 -5.95276
v -3.71064 1.24258 -5.90679
v -3.61872 1.24258 -5.81487
v -3.57276 1.13000 -5.76891
v -3.61872 1.01742 -5.81487
v -3.71064 1.01742 -5.90679
v -2.47495 2.18000 -4.13674
v -2.44356 2.11508 -4.15737
v -2.37861 2.11508 -4.19487
v -2.34505 2.18000 -4.21174
v -2.37644 2.24492 -4.19112
v -2.44139 2.24492 -4.15362
v -2.32495 2.17000 -3.87693
v -2.29356 2.10508 -3.89756
v -2.22861 2.10508 -3.93506
v -2.19505 2.17000 -3.95193
v -2.22644 2.23492 -3.93131
v -2.29139 2.23492 -3.89381
v -2.41000 2.18000 -4.17424
v -2.26000 2.17000 -3.91443
v -2.32495 2.17000 -3.87693
v -2.31544 2.12407 -3.93546
v -2.25049 2.12407 -3.97296
v -2.19505 2.17000 -3.95193
v -2.20456 2.21593 -3.89341
v -2.26951 2.21593 -3.85591
v -2.22995 1.98000 -3.71239
v -2.22044 1.93407 -3.77091
v -2.15549 1.93407 -3.80841
v -2.10005 1.98000 -3.78739
v -2.10956 2.02593 -3.72887
v -2.17451 2.02593 -3.69137
v -2.26000 2.17000 -3.91443
v -2.16500 1.98000 -3.74989
v -2.10005 1.98000 -3.78739
v -2.10592 1.94275 -3.72256
v -2.17087 1.94275 -3.68506
v -2.22995 1.98000 -3.71239
v -2.22408 2.01725 -3.77722
v -2.15913 2.01725 -3.81472
v -2.17005 1.78000 -3.90863
v -2.17592 1.74275 -3.84380
v -2.24087 1.74275 -3.80630
v -2.29995 1.78000 -3.83363
v -2.29408 1.81725 -3.89847
v -2.22913 1.81725 -3.93597
v -2.16500 1.98000 -3.74989
v -2.23500 1.78000 -3.87113
v -2.17005 1.78000 -3.90863
v -2.20252 1.71505 -3.88988
v -2.26748 1.71505 -3.85238
v -2.29995 1.78000 -3.83363
v -2.26748 1.84495 -3.85238
v -2.20252 1.84495 -3.88988
v -2.33005 1.78000 -4.18576
v -2.36252 1.71505 -4.16701
v -2.42748 1.71505 -4.12951
v -2.45995 1.78000 -4.11076
v -2.42748 1.84495 -4.12951
v -2.36252 1.84495 -4.16701
v -2.23500 1.78000 -3.87113
v -2.39500 1.78000 -4.14826
v -3.52505 2.18000 -6.25556
v -3.55644 2.11508 -6.23494
v -3.62139 2.11508 -6.19744
v -3.65495 2.18000 -6.18056
v -3.62356 2.24492 -6.20119
v -3.55861 2.24492 -6.23869
v -3.67505 2.17000 -6.51537
v -3.70644 2.10508 -6.49475
v -3.77139 2.10508 -6.45725
v -3.80495 2.17000 -6.44037
v -3.77356 2.23492 -6.46099
v -3.70861 2.23492 -6.49849
v -3.59000 2.18000 -6.21806
v -3.74000 2.17000 -6.47787
v -3.67505 2.17000 -6.51537
v -3.68456 2.12407 -6.45685
v -3.74951 2.12407 -6.41935
v -3.80495 2.17000 -6.44037
v -3.79544 2.21593 -6.49889
v -3.73049 2.21593 -6.53639
v -3.77005 1.98000 -6.67991
v -3.77956 1.93407 -6.62139
v -3.84451 1.93407 -6.58389
v -3.89995 1.98000 -6.60491
v -3.89044 2.02593 -6.66344
v -3.82549 2.02593 -6.70094
v -3.74000 2.17000 -6.47787
v -3.83500 1.98000 -6.64241
v -3.89995 1.98000 -6.60491
v -3.89408 1.94275 -6.66975
v -3.82913 1.94275 -6.70725
v -3.77005 1.98000 -6.67991
v -3.77592 2.01725 -6.61508
v -3.84087 2.01725 -6.57758
v -3.82995 1.78000 -6.48367
v -3.82408 1.74275 -6.54850
v -3.75913 1.74275 -6.58600
v -3.70005 1.78000 -6.55867
v -3.70592 1.81725 -6.49384
v -3.77087 1.81725 -6.45634
v -3.83500 1.98000 -6.64241
v -3.76500 1.78000 -6.52117
v -3.82995 1.78000 -6.48367
v -3.79748 1.71505 -6.50242
v -3.73252 1.71505 -6.53992
v -3.70005 1.78000 -6.55867
v -3.73252 1.84495 -6.53992
v -3.79748 1.84495 -6.50242
v -3.66995 1.78000 -6.20654
v -3.63748 1.71505 -6.22529
v -3.57252 1.71505 -6.26279
v -3.54005 1.78000 -6.28154
v -3.57252 1.84495 -6.26279
v -3.63748 1.84495 -6.22529
v -3.76500 1.78000 -6.52117
v -3.60500 1.78000 -6.24404
v -3.59889 2.10929 -6.23346
v -3.52111 2.10929 -6.23346
v -3.48222 2.10929 -6.16610
v -3.52111 2.10929 -6.09874
v -3.59889 2.10929 -6.09874
v -3.63778 2.10929 -6.16610
v -3.61500 2.18000 -6.26136
v -3.50500 2.18000 -6.26136
v -3.45000 2.18000 -6.16610
v -3.50500 2.18000 -6.07084
v -3.61500 2.18000 -6.07084
v -3.67000 2.18000 -6.16610
v -3.59889 2.25071 -6.23346
v -3.52111 2.25071 -6.23346
v -3.48222 2.25071 -6.16610
v -3.52111 2.25071 -6.09874
v -3.59889 2.25071 -6.09874
v -3.63778 2.25071 -6.16610
v -3.56000 2.08000 -6.16610
v -3.56000 2.28000 -6.16610
v -2.74901 2.10929 -6.34535
v -2.67123 2.10929 -6.34535
v -2.63234 2.10929 -6.27799
v -2.67123 2.10929 -6.21063
v -2.74901 2.10929 -6.21063
v -2.78790 2.10929 -6.27799
v -2.76512 2.18000 -6.37325
v -2.65512 2.18000 -6.37325
v -2.60012 2.18000 -6.27799
v -2.65512 2.18000 -6.18273
v -2.76512 2.18000 -6.18273
v -2.82012 2.18000 -6.27799
v -2.74901 2.25071 -6.34535
v -2.67123 2.25071 -6.34535
v -2.63234 2.25071 -6.27799
v -2.67123 2.25071 -6.21063
v -2.74901 2.25071 -6.21063
v -2.78790 2.25071 -6.27799
v -2.71012 2.08000 -6.27799
v -2.71012 2.28000 -6.27799
v -2.06894 2.10929 -5.82351
v -1.99116 2.10929 -5.82351
v -1.95227 2.10929 -5.75615
v -1.99116 2.10929 -5.68879
v -2.06894 2.10929 -5.68879
v -2.10783 2.10929 -5.75615
v -2.08505 2.18000 -5.85142
v -1.97505 2.18000 -5.85142
v -1.92005 2.18000 -5.75615
v -1.97505 2.18000 -5.66089
v -2.08505 2.18000 -5.66089
v -2.14005 2.18000 -5.75615
v -2.06894 2.25071 -5.82351
v -1.99116 2.25071 -5.82351
v -1.95227 2.25071 -5.75615
v -1.99116 2.25071 -5.68879
v -2.06894 2.25071 -5.68879
v -2.10783 2.25071 -5.75615
v -2.03005 2.08000 -5.75615
v -2.03005 2.28000 -5.75615
v -1.95705 2.10929 -4.97364
v -1.87927 2.10929 -4.97364
v -1.84038 2.10929 -4.90628
v -1.87927 2.10929 -4.83891
v -1.95705 2.10929 -4.83891
v -1.99594 2.10929 -4.90628
v -1.97316 2.18000 -5.00154
v -1.86316 2.18000 -5.00154
v -1.80816 2.18000 -4.90628
v -1.86316 2.18000 -4.81101
v -1.97316 2.18000 -4.81101
v -2.02816 2.18000 -4.90628
v -1.95705 2.25071 -4.97364
v -1.87927 2.25071 -4.97364
v -1.84038 2.25071 -4.90628
v -1.87927 2.25071 -4.83891
v -1.95705 2.25071 -4.83891
v -1.99594 2.25071 -4.90628
v -1.91816 2.08000 -4.90628
v -1.91816 2.28000 -4.90628
v -2.47889 2.10929 -4.29356
v -2.40111 2.10929 -4.29356
v -2.36222 2.10929 -4.22620
v -2.40111 2.10929 -4.15884
v -2.47889 2.10929 -4.15884
v -2.51778 2.10929 -4.22620
v -2.49500 2.18000 -4.32147
v -2.38500 2.18000 -4.32147
v -2.33000 2.18000 -4.22620
v -2.38500 2.18000 -4.13094
v -2.49500 2.18000 -4.13094
v -2.55000 2.18000 -4.22620
v -2.47889 2.25071 -4.29356
v -2.40111 2.25071 -4.29356
v -2.36222 2.25071 -4.22620
v -2.40111 2.25071 -4.15884
v -2.47889 2.25071 -4.15884
v -2.51778 2.25071 -4.22620
v -2.44000 2.08000 -4.22620
v -2.44000 2.28000 -4.22620
v -3.32877 2.10929 -4.18168
v -3.25099 2.10929 -4.18168
v -3.21210 2.10929 -4.11432
v -3.25099 2.10929 -4.04695
v -3.32877 2.10929 -4.04695
v -3.36766 2.10929 -4.11432
v -3.34488 2.18000 -4.20958
v -3.23488 2.18000 -4.20958
v -3.17988 2.18000 -4.11432
v -3.23488 2.18000 -4.01905
v -3.34488 2.18000 -4.01905
v -3.39988 2.18000 -4.11432
v -3.32877 2.25071 -4.18168
v -3.25099 2.25071 -4.18168
v -3.21210 2.25071 -4.11432
v -3.25099 2.25071 -4.04695
v -3.32877 2.25071 -4.04695
v -3.36766 2.25071 -4.11432
v -3.28988 2.08000 -4.11432
v -3.28988 2.28000 -4.11432
v -4.00884 2.10929 -4.70351
v -3.93106 2.10929 -4.70351
v -3.89217 2.10929 -4.63615
v -3.93106 2.10929 -4.56879
v -4.00884 2.10929 -4.56879
v -4.04773 2.10929 -4.63615
v -4.02495 2.18000 -4.73142
v -3.91495 2.18000 -4.73142
v -3.85995 2.18000 -4.63615
v -3.91495 2.18000 -4.54089
v -4.02495 2.18000 -4.54089
v -4.07995 2.18000 -4.63615
v -4.00884 2.25071 -4.70351
v -3.93106 2.25071 -4.70351
v -3.89217 2.25071 -4.63615
v -3.93106 2.25071 -4.56879
v -4.00884 2.25071 -4.56879
v -4.04773 2.25071 -4.63615
v -3.96995 2.08000 -4.63615
v -3.96995 2.28000 -4.63615
v -4.12073 2.10929 -5.55339
v -4.04295 2.10929 -5.55339
v -4.00406 2.10929 -5.48603
v -4.04295 2.10929 -5.41867
v -4.12073 2.10929 -5.41867
v -4.15962 2.10929 -5.48603
v -4.13684 2.18000 -5.58129
v -4.02684 2.18000 -5.58129
v -3.97184 2.18000 -5.48603
v -4.02684 2.18000 -5.39077
v -4.13684 2.18000 -5.39077
v -4.19184 2.18000 -5.48603
v -4.12073 2.25071 -5.55339
v -4.04295 2.25071 -5.55339
v -4.00406 2.25071 -5.48603
v -4.04295 2.25071 -5.41867
v -4.12073 2.25071 -5.41867
v -4.15962 2.25071 -5.48603
v -4.08184 2.08000 -5.48603
v -4.08184 2.28000 -5.48603
v 3.00000 0.77000 -5.71615
v 2.69435 0.77000 -5.61684
v 2.50545 0.77000 -5.35684
v 2.50545 0.77000 -5.03546
v 2.69435 0.77000 -4.77546
v 3.00000 0.77000 -4.67615
v 3.30565 0.77000 -4.77546
v 3.49455 0.77000 -5.03546
v 3.49455 0.77000 -5.35684
v 3.30565 0.77000 -5.61684
v 3.00000 1.12000 -5.58615
v 2.77076 1.12000 -5.51167
v 2.62909 1.12000 -5.31667
v 2.62909 1.12000 -5.07564
v 2.77076 1.12000 -4.88064
v 3.00000 1.12000 -4.80615
v 3.22924 1.12000 -4.88064
v 3.37091 1.12000 -5.07564
v 3.37091 1.12000 -5.31667
v 3.22924 1.12000 -5.51167
v 3.00000 0.77000 -5.19615
v 3.00000 1.12000 -5.19615
v 0.13856 1.18000 0.08000
v 0.09798 1.06686 0.05657
v 0.00000 1.02000 0.00000
v -0.09798 1.06686 -0.05657
v -0.13856 1.18000 -0.08000
v -0.09798 1.29314 -0.05657
v -0.00000 1.34000 -0.00000
v 0.09798 1.29314 0.05657
v 3.09526 1.18000 -5.14115
v 3.06736 1.10222 -5.15726
v 3.00000 1.07000 -5.19615
v 2.93264 1.10222 -5.23504
v 2.90474 1.18000 -5.25115
v 2.93264 1.25778 -5.23504
v 3.00000 1.29000 -5.19615
v 3.06736 1.25778 -5.15726
v 0.00000 1.18000 0.00000
v 3.00000 1.18000 -5.19615
v 0.12990 5.35000 0.07500
v 0.06651 5.25683 0.09693
v -0.03584 5.21823 0.06208
v -0.11720 5.25683 -0.00914
v -0.12990 5.35000 -0.07500
v -0.06651 5.44317 -0.09693
v 0.03584 5.48177 -0.06208
v 0.11720 5.44317 0.00914
v 2.23794 3.00000 -3.69623
v 2.19991 2.94410 -3.68307
v 2.13850 2.92094 -3.70398
v 2.08968 2.94410 -3.74671
v 2.08206 3.00000 -3.78623
v 2.12009 3.05590 -3.79939
v 2.18150 3.07906 -3.77847
v 2.23032 3.05590 -3.73575
v 0.00000 5.35000 0.00000
v 2.16000 3.00000 -3.74123
v 0.10392 7.18000 0.06000
v 0.05331 7.10536 0.07737
v -0.02853 7.07444 0.04942
v -0.09366 7.10536 -0.00748
v -0.10392 7.18000 -0.06000
v -0.05331 7.25464 -0.07737
v 0.02853 7.28556 -0.04942
v 0.09366 7.25464 0.00748
v 2.40495 4.65000 -4.01550
v 2.37332 4.60335 -4.00464
v 2.32217 4.58402 -4.02211
v 2.28146 4.60335 -4.05767
v 2.27505 4.65000 -4.09050
v 2.30668 4.69665 -4.10136
v 2.35783 4.71598 -4.08389
v 2.39854 4.69665 -4.04832
v 0.00000 7.18000 0.00000
v 2.34000 4.65000 -4.05300
v 3.21500 1.06000 -5.56854
v 3.29247 1.06000 -5.51136
v 3.35528 1.06000 -5.43838
v 3.40028 1.06000 -5.35325
v 3.42520 1.06000 -5.26024
v 3.42880 1.06000 -5.16402
v 3.41090 1.06000 -5.06941
v 3.37239 1.06000 -4.98115
v 3.31521 1.06000 -4.90368
v 3.24223 1.06000 -4.84087
v 3.15710 1.06000 -4.79588
v 3.06409 1.06000 -4.77096
v 2.96787 1.06000 -4.76735
v 2.87326 1.06000 -4.78526
v 2.78500 1.06000 -4.82376
v 2.70753 1.06000 -4.88094
v 2.64472 1.06000 -4.95392
v 2.59972 1.06000 -5.03906
v 2.57480 1.06000 -5.13206
v 2.57120 1.06000 -5.22829
v 2.58910 1.06000 -5.32290
v 2.62761 1.06000 -5.41115
v 2.68479 1.06000 -5.48863
v 2.75777 1.06000 -5.55144
v 2.84290 1.06000 -5.59643
v 2.93591 1.06000 -5.62135
v 3.03213 1.06000 -5.62495
v 3.12674 1.06000 -5.60705
v 3.38000 1.08000 -5.85433
v 3.51693 1.08000 -5.75327
v 3.62794 1.08000 -5.62428
v 3.70746 1.08000 -5.47381
v 3.75151 1.08000 -5.30942
v 3.75787 1.08000 -5.13936
v 3.72624 1.08000 -4.97214
v 3.65818 1.08000 -4.81615
v 3.55712 1.08000 -4.67922
v 3.42812 1.08000 -4.56821
v 3.27766 1.08000 -4.48869
v 3.11327 1.08000 -4.44464
v 2.94321 1.08000 -4.43828
v 2.77599 1.08000 -4.46992
v 2.62000 1.08000 -4.53797
v 2.48307 1.08000 -4.63903
v 2.37206 1.08000 -4.76803
v 2.29254 1.08000 -4.91849
v 2.24849 1.08000 -5.08288
v 2.24213 1.08000 -5.25295
v 2.27376 1.08000 -5.42017
v 2.34182 1.08000 -5.57615
v 2.44288 1.08000 -5.71308
v 2.57188 1.08000 -5.82409
v 2.72234 1.08000 -5.90362
v 2.88673 1.08000 -5.94766
v 3.05679 1.08000 -5.95403
v 3.22401 1.08000 -5.92239
v 3.51000 1.30000 -6.07950
v 3.69378 1.30000 -5.94387
v 3.84276 1.30000 -5.77074
v 3.94949 1.30000 -5.56880
v 4.00861 1.30000 -5.34818
v 4.01715 1.30000 -5.11993
v 3.97468 1.30000 -4.89550
v 3.88335 1.30000 -4.68615
v 3.74771 1.30000 -4.50238
v 3.57459 1.30000 -4.35339
v 3.37265 1.30000 -4.24666
v 3.15202 1.30000 -4.18754
v 2.92378 1.30000 -4.17900
v 2.69935 1.30000 -4.22147
v 2.49000 1.30000 -4.31281
v 2.30622 1.30000 -4.44844
v 2.15724 1.30000 -4.62157
v 2.05051 1.30000 -4.82350
v 1.99139 1.30000 -5.04413
v 1.98285 1.30000 -5.27238
v 2.02532 1.30000 -5.49680
v 2.11665 1.30000 -5.70615
v 2.25229 1.30000 -5.88993
v 2.42541 1.30000 -6.03892
v 2.62735 1.30000 -6.14564
v 2.84798 1.30000 -6.20476
v 3.07622 1.30000 -6.21330
v 3.30065 1.30000 -6.17084
v 3.62000 1.78000 -6.27002
v 3.84341 1.78000 -6.10514
v 4.02454 1.78000 -5.89467
v 4.15428 1.78000 -5.64918
v 4.22615 1.78000 -5.38096
v 4.23653 1.78000 -5.10349
v 4.18491 1.78000 -4.83066
v 4.07387 1.78000 -4.57615
v 3.90898 1.78000 -4.35274
v 3.69852 1.78000 -4.17162
v 3.45302 1.78000 -4.04187
v 3.18481 1.78000 -3.97000
v 2.90733 1.78000 -3.95962
v 2.63450 1.78000 -4.01124
v 2.38000 1.78000 -4.12228
v 2.15659 1.78000 -4.28717
v 1.97546 1.78000 -4.49764
v 1.84572 1.78000 -4.74313
v 1.77385 1.78000 -5.01134
v 1.76347 1.78000 -5.28882
v 1.81509 1.78000 -5.56165
v 1.92613 1.78000 -5.81615
v 2.09102 1.78000 -6.03957
v 2.30148 1.78000 -6.22069
v 2.54698 1.78000 -6.35044
v 2.81519 1.78000 -6.42230
v 3.09267 1.78000 -6.43269
v 3.36550 1.78000 -6.38106
v 3.67000 2.32000 -6.35663
v 3.91143 2.32000 -6.17844
v 4.10716 2.32000 -5.95100
v 4.24737 2.32000 -5.68571
v 4.32503 2.32000 -5.39587
v 4.33625 2.32000 -5.09601
v 4.28047 2.32000 -4.80118
v 4.16047 2.32000 -4.52615
v 3.98229 2.32000 -4.28472
v 3.75485 2.32000 -4.08899
v 3.48956 2.32000 -3.94878
v 3.19972 2.32000 -3.87112
v 2.89986 2.32000 -3.85990
v 2.60503 2.32000 -3.91568
v 2.33000 2.32000 -4.03568
v 2.08857 2.32000 -4.21386
v 1.89284 2.32000 -4.44130
v 1.75263 2.32000 -4.70660
v 1.67497 2.32000 -4.99644
v 1.66375 2.32000 -5.29629
v 1.71953 2.32000 -5.59112
v 1.83953 2.32000 -5.86615
v 2.01771 2.32000 -6.10758
v 2.24515 2.32000 -6.30331
v 2.51044 2.32000 -6.44352
v 2.80028 2.32000 -6.52119
v 3.10014 2.32000 -6.53241
v 3.39497 2.32000 -6.47662
v 3.64000 2.43000 -6.30466
v 3.87062 2.43000 -6.13446
v 4.05759 2.43000 -5.91720
v 4.19152 2.43000 -5.66379
v 4.26570 2.43000 -5.38693
v 4.27642 2.43000 -5.10050
v 4.22313 2.43000 -4.81887
v 4.10851 2.43000 -4.55615
v 3.93831 2.43000 -4.32553
v 3.72105 2.43000 -4.13857
v 3.46764 2.43000 -4.00463
v 3.19077 2.43000 -3.93045
v 2.90435 2.43000 -3.91973
v 2.62271 2.43000 -3.97302
v 2.36000 2.43000 -4.08764
v 2.12938 2.43000 -4.25785
v 1.94241 2.43000 -4.47510
v 1.80848 2.43000 -4.72852
v 1.73430 2.43000 -5.00538
v 1.72358 2.43000 -5.29181
v 1.77687 2.43000 -5.57344
v 1.89149 2.43000 -5.83615
v 2.06169 2.43000 -6.06677
v 2.27895 2.43000 -6.25374
v 2.53236 2.43000 -6.38767
v 2.80923 2.43000 -6.46186
v 3.09565 2.43000 -6.47257
v 3.37729 2.43000 -6.41929
v 3.54000 2.38000 -6.13146
v 3.73459 2.38000 -5.98785
v 3.89234 2.38000 -5.80454
v 4.00534 2.38000 -5.59072
v 4.06794 2.38000 -5.35712
v 4.07698 2.38000 -5.11544
v 4.03202 2.38000 -4.87782
v 3.93531 2.38000 -4.65615
v 3.79170 2.38000 -4.46157
v 3.60839 2.38000 -4.30381
v 3.39457 2.38000 -4.19081
v 3.16097 2.38000 -4.12822
v 2.91929 2.38000 -4.11917
v 2.68166 2.38000 -4.16413
v 2.46000 2.38000 -4.26084
v 2.26541 2.38000 -4.40446
v 2.10766 2.38000 -4.58777
v 1.99466 2.38000 -4.80158
v 1.93206 2.38000 -5.03519
v 1.92302 2.38000 -5.27686
v 1.96798 2.38000 -5.51449
v 2.06469 2.38000 -5.73615
v 2.20830 2.38000 -5.93074
v 2.39161 2.38000 -6.08849
v 2.60543 2.38000 -6.20150
v 2.83903 2.38000 -6.26409
v 3.08071 2.38000 -6.27313
v 3.31834 2.38000 -6.22817
v 3.48000 1.66000 -6.02754
v 3.65297 1.66000 -5.89988
v 3.79319 1.66000 -5.73694
v 3.89364 1.66000 -5.54688
v 3.94928 1.66000 -5.33923
v 3.95732 1.66000 -5.12441
v 3.91735 1.66000 -4.91319
v 3.83138 1.66000 -4.71615
v 3.70373 1.66000 -4.54319
v 3.54079 1.66000 -4.40296
v 3.35073 1.66000 -4.30251
v 3.14308 1.66000 -4.24687
v 2.92826 1.66000 -4.23884
v 2.71704 1.66000 -4.27880
v 2.52000 1.66000 -4.36477
v 2.34703 1.66000 -4.49242
v 2.20681 1.66000 -4.65537
v 2.10636 1.66000 -4.84543
v 2.05072 1.66000 -5.05307
v 2.04268 1.66000 -5.26789
v 2.08265 1.66000 -5.47912
v 2.16862 1.66000 -5.67615
v 2.29627 1.66000 -5.84912
v 2.45921 1.66000 -5.98934
v 2.64927 1.66000 -6.08979
v 2.85692 1.66000 -6.14543
v 3.07174 1.66000 -6.15347
v 3.28296 1.66000 -6.11350
v 3.32000 1.39000 -5.75041
v 3.43531 1.39000 -5.66531
v 3.52879 1.39000 -5.55668
v 3.59576 1.39000 -5.42997
v 3.63285 1.39000 -5.29154
v 3.63821 1.39000 -5.14833
v 3.61157 1.39000 -5.00751
v 3.55426 1.39000 -4.87615
v 3.46915 1.39000 -4.76084
v 3.36052 1.39000 -4.66736
v 3.23382 1.39000 -4.60039
v 3.09539 1.39000 -4.56330
v 2.95217 1.39000 -4.55794
v 2.81136 1.39000 -4.58459
v 2.68000 1.39000 -4.64190
v 2.56469 1.39000 -4.72700
v 2.47121 1.39000 -4.83563
v 2.40424 1.39000 -4.96233
v 2.36715 1.39000 -5.10077
v 2.36179 1.39000 -5.24398
v 2.38843 1.39000 -5.38480
v 2.44574 1.39000 -5.51615
v 2.53085 1.39000 -5.63146
v 2.63948 1.39000 -5.72495
v 2.76618 1.39000 -5.79191
v 2.90461 1.39000 -5.82900
v 3.04783 1.39000 -5.83436
v 3.18864 1.39000 -5.80772
v 3.18000 1.34000 -5.50792
v 3.24486 1.34000 -5.46005
v 3.29745 1.34000 -5.39895
v 3.33511 1.34000 -5.32768
v 3.35598 1.34000 -5.24981
v 3.35899 1.34000 -5.16925
v 3.34401 1.34000 -5.09004
v 3.31177 1.34000 -5.01615
v 3.26390 1.34000 -4.95129
v 3.20280 1.34000 -4.89871
v 3.13152 1.34000 -4.86104
v 3.05366 1.34000 -4.84017
v 2.97310 1.34000 -4.83716
v 2.89389 1.34000 -4.85215
v 2.82000 1.34000 -4.88438
v 2.75514 1.34000 -4.93225
v 2.70255 1.34000 -4.99336
v 2.66489 1.34000 -5.06463
v 2.64402 1.34000 -5.14250
v 2.64101 1.34000 -5.22306
v 2.65599 1.34000 -5.30226
v 2.68823 1.34000 -5.37615
v 2.73610 1.34000 -5.44101
v 2.79720 1.34000 -5.49360
v 2.86848 1.34000 -5.53127
v 2.94634 1.34000 -5.55213
v 3.02690 1.34000 -5.55515
v 3.10611 1.34000 -5.54016
v 3.35000 1.05000 -5.80237
v 3.35000 1.22000 -5.80237
v 3.49497 1.05000 -5.69113
v 3.49497 1.22000 -5.69113
v 3.60622 1.05000 -5.54615
v 3.60622 1.22000 -5.54615
v 3.67615 1.05000 -5.37733
v 3.67615 1.22000 -5.37733
v 3.70000 1.05000 -5.19615
v 3.70000 1.22000 -5.19615
v 3.67615 1.05000 -5.01498
v 3.67615 1.22000 -5.01498
v 3.60622 1.05000 -4.84615
v 3.60622 1.22000 -4.84615
v 3.49497 1.05000 -4.70118
v 3.49497 1.22000 -4.70118
v 3.35000 1.05000 -4.58993
v 3.35000 1.22000 -4.58993
v 3.18117 1.05000 -4.52000
v 3.18117 1.22000 -4.52000
v 3.00000 1.05000 -4.49615
v 3.00000 1.22000 -4.49615
v 2.81883 1.05000 -4.52000
v 2.81883 1.22000 -4.52000
v 2.65000 1.05000 -4.58993
v 2.65000 1.22000 -4.58993
v 2.50503 1.05000 -4.70118
v 2.50503 1.22000 -4.70118
v 2.39378 1.05000 -4.84615
v 2.39378 1.22000 -4.84615
v 2.32385 1.05000 -5.01498
v 2.32385 1.22000 -5.01498
v 2.30000 1.05000 -5.19615
v 2.30000 1.22000 -5.19615
v 2.32385 1.05000 -5.37733
v 2.32385 1.22000 -5.37733
v 2.39378 1.05000 -5.54615
v 2.39378 1.22000 -5.54615
v 2.50503 1.05000 -5.69113
v 2.50503 1.22000 -5.69113
v 2.65000 1.05000 -5.80237
v 2.65000 1.22000 -5.80237
v 2.81883 1.05000 -5.87230
v 2.81883 1.22000 -5.87230
v 3.00000 1.05000 -5.89615
v 3.00000 1.22000 -5.89615
v 3.18117 1.05000 -5.87230
v 3.18117 1.22000 -5.87230
v 3.00000 1.05000 -5.19615
v 3.00000 1.22000 -5.19615
v 3.53500 1.13000 -6.12280
v 3.50250 1.24258 -6.06651
v 3.43750 1.24258 -5.95392
v 3.40500 1.13000 -5.89763
v 3.43750 1.01742 -5.95392
v 3.50250 1.01742 -6.06651
v 3.75660 1.13000 -5.95276
v 3.71064 1.24258 -5.90679
v 3.61872 1.24258 -5.81487
v 3.57276 1.13000 -5.76891
v 3.61872 1.01742 -5.81487
v 3.71064 1.01742 -5.90679
v 3.92665 1.13000 -5.73115
v 3.87036 1.24258 -5.69865
v 3.75777 1.24258 -5.63365
v 3.70148 1.13000 -5.60115
v 3.75777 1.01742 -5.63365
v 3.87036 1.01742 -5.69865
v 4.03354 1.13000 -5.47309
v 3.97076 1.24258 -5.45627
v 3.84519 1.24258 -5.42262
v 3.78240 1.13000 -5.40580
v 3.84519 1.01742 -5.42262
v 3.97076 1.01742 -5.45627
v 4.07000 1.13000 -5.19615
v 4.00500 1.24258 -5.19615
v 3.87500 1.24258 -5.19615
v 3.81000 1.13000 -5.19615
v 3.87500 1.01742 -5.19615
v 4.00500 1.01742 -5.19615
v 4.03354 1.13000 -4.91922
v 3.97076 1.24258 -4.93604
v 3.84519 1.24258 -4.96969
v 3.78240 1.13000 -4.98651
v 3.84519 1.01742 -4.96969
v 3.97076 1.01742 -4.93604
v 3.92665 1.13000 -4.66115
v 3.87036 1.24258 -4.69365
v 3.75777 1.24258 -4.75865
v 3.70148 1.13000 -4.79115
v 3.75777 1.01742 -4.75865
v 3.87036 1.01742 -4.69365
v 3.75660 1.13000 -4.43955
v 3.71064 1.24258 -4.48551
v 3.61872 1.24258 -4.57743
v 3.57276 1.13000 -4.62340
v 3.61872 1.01742 -4.57743
v 3.71064 1.01742 -4.48551
v 3.53500 1.13000 -4.26951
v 3.50250 1.24258 -4.32580
v 3.43750 1.24258 -4.43838
v 3.40500 1.13000 -4.49467
v 3.43750 1.01742 -4.43838
v 3.50250 1.01742 -4.32580
v 3.27694 1.13000 -4.16261
v 3.26011 1.24258 -4.22540
v 3.22647 1.24258 -4.35097
v 3.20964 1.13000 -4.41375
v 3.22647 1.01742 -4.35097
v 3.26011 1.01742 -4.22540
v 3.00000 1.13000 -4.12615
v 3.00000 1.24258 -4.19115
v 3.00000 1.24258 -4.32115
v 3.00000 1.13000 -4.38615
v 3.00000 1.01742 -4.32115
v 3.00000 1.01742 -4.19115
v 2.72306 1.13000 -4.16261
v 2.73989 1.24258 -4.22540
v 2.77353 1.24258 -4.35097
v 2.79036 1.13000 -4.41375
v 2.77353 1.01742 -4.35097
v 2.73989 1.01742 -4.22540
v 2.46500 1.13000 -4.26951
v 2.49750 1.24258 -4.32580
v 2.56250 1.24258 -4.43838
v 2.59500 1.13000 -4.49467
v 2.56250 1.01742 -4.43838
v 2.49750 1.01742 -4.32580
v 2.24340 1.13000 -4.43955
v 2.28936 1.24258 -4.48551
v 2.38128 1.24258 -4.57743
v 2.42724 1.13000 -4.62340
v 2.38128 1.01742 -4.57743
v 2.28936 1.01742 -4.48551
v 2.07335 1.13000 -4.66115
v 2.12964 1.24258 -4.69365
v 2.24223 1.24258 -4.75865
v 2.29852 1.13000 -4.79115
v 2.24223 1.01742 -4.75865
v 2.12964 1.01742 -4.69365
v 1.96646 1.13000 -4.91922
v 2.02924 1.24258 -4.93604
v 2.15481 1.24258 -4.96969
v 2.21760 1.13000 -4.98651
v 2.15481 1.01742 -4.96969
v 2.02924 1.01742 -4.93604
v 1.93000 1.13000 -5.19615
v 1.99500 1.24258 -5.19615
v 2.12500 1.24258 -5.19615
v 2.19000 1.13000 -5.19615
v 2.12500 1.01742 -5.19615
v 1.99500 1.01742 -5.19615
v 1.96646 1.13000 -5.47309
v 2.02924 1.24258 -5.45627
v 2.15481 1.24258 -5.42262
v 2.21760 1.13000 -5.40580
v 2.15481 1.01742 -5.42262
v 2.02924 1.01742 -5.45627
v 2.07335 1.13000 -5.73115
v 2.12964 1.24258 -5.69865
v 2.24223 1.24258 -5.63365
v 2.29852 1.13000 -5.60115
v 2.24223 1.01742 -5.63365
v 2.12964 1.01742 -5.69865
v 2.24340 1.13000 -5.95276
v 2.28936 1.24258 -5.90679
v 2.38128 1.24258 -5.81487
v 2.42724 1.13000 -5.76891
v 2.38128 1.01742 -5.81487
v 2.28936 1.01742 -5.90679
v 2.46500 1.13000 -6.12280
v 2.49750 1.24258 -6.06651
v 2.56250 1.24258 -5.95392
v 2.59500 1.13000 -5.89763
v 2.56250 1.01742 -5.95392
v 2.49750 1.01742 -6.06651
v 2.72306 1.13000 -6.22969
v 2.73989 1.24258 -6.16691
v 2.77353 1.24258 -6.04134
v 2.79036 1.13000 -5.97855
v 2.77353 1.01742 -6.04134
v 2.73989 1.01742 -6.16691
v 3.00000 1.13000 -6.26615
v 3.00000 1.24258 -6.20115
v 3.00000 1.24258 -6.07115
v 3.00000 1.13000 -6.00615
v 3.00000 1.01742 -6.07115
v 3.00000 1.01742 -6.20115
v 3.27694 1.13000 -6.22969
v 3.26011 1.24258 -6.16691
v 3.22647 1.24258 -6.04134
v 3.20964 1.13000 -5.97855
v 3.22647 1.01742 -6.04134
v 3.26011 1.01742 -6.16691
v 2.34505 2.18000 -4.21174
v 2.37861 2.11508 -4.19487
v 2.44356 2.11508 -4.15737
v 2.47495 2.18000 -4.13674
v 2.44139 2.24492 -4.15362
v 2.37644 2.24492 -4.19112
v 2.19505 2.17000 -3.95193
v 2.22861 2.10508 -3.93506
v 2.29356 2.10508 -3.89756
v 2.32495 2.17000 -3.87693
v 2.29139 2.23492 -3.89381
v 2.22644 2.23492 -3.93131
v 2.41000 2.18000 -4.17424
v 2.26000 2.17000 -3.91443
v 2.19505 2.17000 -3.95193
v 2.25049 2.12407 -3.97296
v 2.31544 2.12407 -3.93546
v 2.32495 2.17000 -3.87693
v 2.26951 2.21593 -3.85591
v 2.20456 2.21593 -3.89341
v 2.10005 1.98000 -3.78739
v 2.15549 1.93407 -3.80841
v 2.22044 1.93407 -3.77091
v 2.22995 1.98000 -3.71239
v 2.17451 2.02593 -3.69137
v 2.10956 2.02593 -3.72887
v 2.26000 2.17000 -3.91443
v 2.16500 1.98000 -3.74989
v 2.22995 1.98000 -3.71239
v 2.17087 1.94275 -3.68506
v 2.10592 1.94275 -3.72256
v 2.10005 1.98000 -3.78739
v 2.15913 2.01725 -3.81472
v 2.22408 2.01725 -3.77722
v 2.29995 1.78000 -3.83363
v 2.24087 1.74275 -3.80630
v 2.17592 1.74275 -3.84380
v 2.17005 1.78000 -3.90863
v 2.22913 1.81725 -3.93597
v 2.29408 1.81725 -3.89847
v 2.16500 1.98000 -3.74989
v 2.23500 1.78000 -3.87113
v 2.29995 1.78000 -3.83363
v 2.26748 1.71505 -3.85238
v 2.20252 1.71505 -3.88988
v 2.17005 1.78000 -3.90863
v 2.20252 1.84495 -3.88988
v 2.26748 1.84495 -3.85238
v 2.45995 1.78000 -4.11076
v 2.42748 1.71505 -4.12951
v 2.36252 1.71505 -4.16701
v 2.33005 1.78000 -4.18576
v 2.36252 1.84495 -4.16701
v 2.42748 1.84495 -4.12951
v 2.23500 1.78000 -3.87113
v 2.39500 1.78000 -4.14826
v 3.65495 2.18000 -6.18056
v 3.62139 2.11508 -6.19744
v 3.55644 2.11508 -6.23494
v 3.52505 2.18000 -6.25556
v 3.55861 2.24492 -6.23869
v 3.62356 2.24492 -6.20119
v 3.80495 2.17000 -6.44037
v 3.77139 2.10508 -6.45725
v 3.70644 2.10508 -6.49475
v 3.67505 2.17000 -6.51537
v 3.70861 2.23492 -6.49849
v 3.77356 2.23492 -6.46099
v 3.59000 2.18000 -6.21806
v 3.74000 2.17000 -6.47787
v 3.80495 2.17000 -6.44037
v 3.74951 2.12407 -6.41935
v 3.68456 2.12407 -6.45685
v 3.67505 2.17000 -6.51537
v 3.73049 2.21593 -6.53639
v 3.79544 2.21593 -6.49889
v 3.89995 1.98000 -6.60491
v 3.84451 1.93407 -6.58389
v 3.77956 1.93407 -6.62139
v 3.77005 1.98000 -6.67991
v 3.82549 2.02593 -6.70094
v 3.89044 2.02593 -6.66344
v 3.74000 2.17000 -6.47787
v 3.83500 1.98000 -6.64241
v 3.77005 1.98000 -6.67991
v 3.82913 1.94275 -6.70725
v 3.89408 1.94275 -6.66975
v 3.89995 1.98000 -6.60491
v 3.84087 2.01725 -6.57758
v 3.77592 2.01725 -6.61508
v 3.70005 1.78000 -6.55867
v 3.75913 1.74275 -6.58600
v 3.82408 1.74275 -6.54850
v 3.82995 1.78000 -6.48367
v 3.77087 1.81725 -6.45634
v 3.70592 1.81725 -6.49384
v 3.83500 1.98000 -6.64241
v 3.76500 1.78000 -6.52117
v 3.70005 1.78000 -6.55867
v 3.73252 1.71505 -6.53992
v 3.79748 1.71505 -6.50242
v 3.82995 1.78000 -6.48367
v 3.79748 1.84495 -6.50242
v 3.73252 1.84495 -6.53992
v 3.54005 1.78000 -6.28154
v 3.57252 1.71505 -6.26279
v 3.63748 1.71505 -6.22529
v 3.66995 1.78000 -6.20654
v 3.63748 1.84495 -6.22529
v 3.57252 1.84495 -6.26279
v 3.76500 1.78000 -6.52117
v 3.60500 1.78000 -6.24404
v 3.59889 2.10929 -6.23346
v 3.63778 2.10929 -6.16610
v 3.59889 2.10929 -6.09874
v 3.52111 2.10929 -6.09874
v 3.48222 2.10929 -6.16610
v 3.52111 2.10929 -6.23346
v 3.61500 2.18000 -6.26136
v 3.67000 2.18000 -6.16610
v 3.61500 2.18000 -6.07084
v 3.50500 2.18000 -6.07084
v 3.45000 2.18000 -6.16610
v 3.50500 2.18000 -6.26136
v 3.59889 2.25071 -6.23346
v 3.63778 2.25071 -6.16610
v 3.59889 2.25071 -6.09874
v 3.52111 2.25071 -6.09874
v 3.48222 2.25071 -6.16610
v 3.52111 2.25071 -6.23346
v 3.56000 2.08000 -6.16610
v 3.56000 2.28000 -6.16610
v 4.12073 2.10929 -5.55339
v 4.15962 2.10929 -5.48603
v 4.12073 2.10929 -5.41867
v 4.04295 2.10929 -5.41867
v 4.00406 2.10929 -5.48603
v 4.04295 2.10929 -5.55339
v 4.13684 2.18000 -5.58129
v 4.19184 2.18000 -5.48603
v 4.13684 2.18000 -5.39077
v 4.02684 2.18000 -5.39077
v 3.97184 2.18000 -5.48603
v 4.02684 2.18000 -5.58129
v 4.12073 2.25071 -5.55339
v 4.15962 2.25071 -5.48603
v 4.12073 2.25071 -5.41867
v 4.04295 2.25071 -5.41867
v 4.00406 2.25071 -5.48603
v 4.04295 2.25071 -5.55339
v 4.08184 2.08000 -5.48603
v 4.08184 2.28000 -5.48603
v 4.00884 2.10929 -4.70351
v 4.04773 2.10929 -4.63615
v 4.00884 2.10929 -4.56879
v 3.93106 2.10929 -4.56879
v 3.89217 2.10929 -4.63615
v 3.93106 2.10929 -4.70351
v 4.02495 2.18000 -4.73142
v 4.07995 2.18000 -4.63615
v 4.02495 2.18000 -4.54089
v 3.91495 2.18000 -4.54089
v 3.85995 2.18000 -4.63615
v 3.91495 2.18000 -4.73142
v 4.00884 2.25071 -4.70351
v 4.04773 2.25071 -4.63615
v 4.00884 2.25071 -4.56879
v 3.93106 2.25071 -4.56879
v 3.89217 2.25071 -4.63615
v 3.93106 2.25071 -4.70351
v 3.96995 2.08000 -4.63615
v 3.96995 2.28000 -4.63615
v 3.32877 2.10929 -4.18168
v 3.36766 2.10929 -4.11432
v 3.32877 2.10929 -4.04695
v 3.25099 2.10929 -4.04695
v 3.21210 2.10929 -4.11432
v 3.25099 2.10929 -4.18168
v 3.34488 2.18000 -4.20958
v 3.39988 2.18000 -4.11432
v 3.34488 2.18000 -4.01905
v 3.23488 2.18000 -4.01905
v 3.17988 2.18000 -4.11432
v 3.23488 2.18000 -4.20958
v 3.32877 2.25071 -4.18168
v 3.36766 2.25071 -4.11432
v 3.32877 2.25071 -4.04695
v 3.25099 2.25071 -4.04695
v 3.21210 2.25071 -4.11432
v 3.25099 2.25071 -4.18168
v 3.28988 2.08000 -4.11432
v 3.28988 2.28000 -4.11432
v 2.47889 2.10929 -4.29356
v 2.51778 2.10929 -4.22620
v 2.47889 2.10929 -4.15884
v 2.40111 2.10929 -4.15884
v 2.36222 2.10929 -4.22620
v 2.40111 2.10929 -4.29356
v 2.49500 2.18000 -4.32147
v 2.55000 2.18000 -4.22620
v 2.49500 2.18000 -4.13094
v 2.38500 2.18000 -4.13094
v 2.33000 2.18000 -4.22620
v 2.38500 2.18000 -4.32147
v 2.47889 2.25071 -4.29356
v 2.51778 2.25071 -4.22620
v 2.47889 2.25071 -4.15884
v 2.40111 2.25071 -4.15884
v 2.36222 2.25071 -4.22620
v 2.40111 2.25071 -4.29356
v 2.44000 2.08000 -4.22620
v 2.44000 2.28000 -4.22620
v 1.95705 2.10929 -4.97364
v 1.99594 2.10929 -4.90628
v 1.95705 2.10929 -4.83891
v 1.87927 2.10929 -4.83891
v 1.84038 2.10929 -4.90628
v 1.87927 2.10929 -4.97364
v 1.97316 2.18000 -5.00154
v 2.02816 2.18000 -4.90628
v 1.97316 2.18000 -4.81101
v 1.86316 2.18000 -4.81101
v 1.80816 2.18000 -4.90628
v 1.86316 2.18000 -5.00154
v 1.95705 2.25071 -4.97364
v 1.99594 2.25071 -4.90628
v 1.95705 2.25071 -4.83891
v 1.87927 2.25071 -4.83891
v 1.84038 2.25071 -4.90628
v 1.87927 2.25071 -4.97364
v 1.91816 2.08000 -4.90628
v 1.91816 2.28000 -4.90628
v 2.06894 2.10929 -5.82351
v 2.10783 2.10929 -5.75615
v 2.06894 2.10929 -5.68879
v 1.99116 2.10929 -5.68879
v 1.95227 2.10929 -5.75615
v 1.99116 2.10929 -5.82351
v 2.08505 2.18000 -5.85142
v 2.14005 2.18000 -5.75615
v 2.08505 2.18000 -5.66089
v 1.97505 2.18000 -5.66089
v 1.92005 2.18000 -5.75615
v 1.97505 2.18000 -5.85142
v 2.06894 2.25071 -5.82351
v 2.10783 2.25071 -5.75615
v 2.06894 2.25071 -5.68879
v 1.99116 2.25071 -5.68879
v 1.95227 2.25071 -5.75615
v 1.99116 2.25071 -5.82351
v 2.03005 2.08000 -5.75615
v 2.03005 2.28000 -5.75615
v 2.74901 2.10929 -6.34535
v 2.78790 2.10929 -6.27799
v 2.74901 2.10929 -6.21063
v 2.67123 2.10929 -6.21063
v 2.63234 2.10929 -6.27799
v 2.67123 2.10929 -6.34535
v 2.76512 2.18000 -6.37325
v 2.82012 2.18000 -6.27799
v 2.76512 2.18000 -6.18273
v 2.65512 2.18000 -6.18273
v 2.60012 2.18000 -6.27799
v 2.65512 2.18000 -6.37325
v 2.74901 2.25071 -6.34535
v 2.78790 2.25071 -6.27799
v 2.74901 2.25071 -6.21063
v 2.67123 2.25071 -6.21063
v 2.63234 2.25071 -6.27799
v 2.67123 2.25071 -6.34535
v 2.71012 2.08000 -6.27799
v 2.71012 2.28000 -6.27799
v 6.96000 3.02000 0.00000
v 6.91858 3.10600 0.00000
v 6.82552 3.12724 0.00000
v 6.75089 3.06773 0.00000
v 6.75089 2.97227 0.00000
v 6.82552 2.91276 0.00000
v 6.91858 2.93400 0.00000
v 6.90046 3.02000 0.90846
v 6.85939 3.10600 0.90306
v 6.76713 3.12724 0.89091
v 6.69314 3.06773 0.88117
v 6.69314 2.97227 0.88117
v 6.76713 2.91276 0.89091
v 6.85939 2.93400 0.90306
v 6.72284 3.02000 1.80138
v 6.68284 3.10600 1.79066
v 6.59295 3.12724 1.76658
v 6.52086 3.06773 1.74726
v 6.52086 2.97227 1.74726
v 6.59295 2.91276 1.76658
v 6.68284 2.93400 1.79066
v 6.43020 3.02000 2.66348
v 6.39194 3.10600 2.64763
v 6.30596 3.12724 2.61201
v 6.23701 3.06773 2.58346
v 6.23701 2.97227 2.58346
v 6.30596 2.91276 2.61201
v 6.39194 2.93400 2.64763
v 6.02754 3.02000 3.48000
v 5.99167 3.10600 3.45929
v 5.91108 3.12724 3.41276
v 5.84645 3.06773 3.37545
v 5.84645 2.97227 3.37545
v 5.91108 2.91276 3.41276
v 5.99167 2.93400 3.45929
v 5.52174 3.02000 4.23698
v 5.48888 3.10600 4.21177
v 5.41505 3.12724 4.15511
v 5.35584 3.06773 4.10968
v 5.35584 2.97227 4.10968
v 5.41505 2.91276 4.15511
v 5.48888 2.93400 4.21177
v 4.92146 3.02000 4.92146
v 4.89218 3.10600 4.89218
v 4.82637 3.12724 4.82637
v 4.77360 3.06773 4.77360
v 4.77360 2.97227 4.77360
v 4.82637 2.91276 4.82637
v 4.89218 2.93400 4.89218
v 4.23698 3.02000 5.52174
v 4.21177 3.10600 5.48888
v 4.15511 3.12724 5.41505
v 4.10968 3.06773 5.35584
v 4.10968 2.97227 5.35584
v 4.15511 2.91276 5.41505
v 4.21177 2.93400 5.48888
v 3.48000 3.02000 6.02754
v 3.45929 3.10600 5.99167
v 3.41276 3.12724 5.91108
v 3.37545 3.06773 5.84645
v 3.37545 2.97227 5.84645
v 3.41276 2.91276 5.91108
v 3.45929 2.93400 5.99167
v 2.66348 3.02000 6.43020
v 2.64763 3.10600 6.39194
v 2.61201 3.12724 6.30596
v 2.58346 3.06773 6.23701
v 2.58346 2.97227 6.23701
v 2.61201 2.91276 6.30596
v 2.64763 2.93400 6.39194
v 1.80138 3.02000 6.72284
v 1.79066 3.10600 6.68284
v 1.76658 3.12724 6.59295
v 1.74726 3.06773 6.52086
v 1.74726 2.97227 6.52086
v 1.76658 2.91276 6.59295
v 1.79066 2.93400 6.68284
v 0.90846 3.02000 6.90046
v 0.90306 3.10600 6.85939
v 0.89091 3.12724 6.76713
v 0.88117 3.06773 6.69314
v 0.88117 2.97227 6.69314
v 0.89091 2.91276 6.76713
v 0.90306 2.93400 6.85939
v 0.00000 3.02000 6.96000
v 0.00000 3.10600 6.91858
v 0.00000 3.12724 6.82552
v 0.00000 3.06773 6.75089
v 0.00000 2.97227 6.75089
v 0.00000 2.91276 6.82552
v 0.00000 2.93400 6.91858
v -0.90846 3.02000 6.90046
v -0.90306 3.10600 6.85939
v -0.89091 3.12724 6.76713
v -0.88117 3.06773 6.69314
v -0.88117 2.97227 6.69314
v -0.89091 2.91276 6.76713
v -0.90306 2.93400 6.85939
v -1.80138 3.02000 6.72284
v -1.79066 3.10600 6.68284
v -1.76658 3.12724 6.59295
v -1.74726 3.06773 6.52086
v -1.74726 2.97227 6.52086
v -1.76658 2.91276 6.59295
v -1.79066 2.93400 6.68284
v -2.66348 3.02000 6.43020
v -2.64763 3.10600 6.39194
v -2.61201 3.12724 6.30596
v -2.58346 3.06773 6.23701
v -2.58346 2.97227 6.23701
v -2.61201 2.91276 6.30596
v -2.64763 2.93400 6.39194
v -3.48000 3.02000 6.02754
v -3.45929 3.10600 5.99167
v -3.41276 3.12724 5.91108
v -3.37545 3.06773 5.84645
v -3.37545 2.97227 5.84645
v -3.41276 2.91276 5.91108
v -3.45929 2.93400 5.99167
v -4.23698 3.02000 5.52174
v -4.21177 3.10600 5.48888
v -4.15511 3.12724 5.41505
v -4.10968 3.06773 5.35584
v -4.10968 2.97227 5.35584
v -4.15511 2.91276 5.41505
v -4.21177 2.93400 5.48888
v -4.92146 3.02000 4.92146
v -4.89218 3.10600 4.89218
v -4.82637 3.12724 4.82637
v -4.77360 3.06773 4.77360
v -4.77360 2.97227 4.77360
v -4.82637 2.91276 4.82637
v -4.89218 2.93400 4.89218
v -5.52174 3.02000 4.23698
v -5.48888 3.10600 4.21177
v -5.41505 3.12724 4.15511
v -5.35584 3.06773 4.10968
v -5.35584 2.97227 4.10968
v -5.41505 2.91276 4.15511
v -5.48888 2.93400 4.21177
v -6.02754 3.02000 3.48000
v -5.99167 3.10600 3.45929
v -5.91108 3.12724 3.41276
v -5.84645 3.06773 3.37545
v -5.84645 2.97227 3.37545
v -5.91108 2.91276 3.41276
v -5.99167 2.93400 3.45929
v -6.43020 3.02000 2.66348
v -6.39194 3.10600 2.64763
v -6.30596 3.12724 2.61201
v -6.23701 3.06773 2.58346
v -6.23701 2.97227 2.58346
v -6.30596 2.91276 2.61201
v -6.39194 2.93400 2.64763
v -6.72284 3.02000 1.80138
v -6.68284 3.10600 1.79066
v -6.59295 3.12724 1.76658
v -6.52086 3.06773 1.74726
v -6.52086 2.97227 1.74726
v -6.59295 2.91276 1.76658
v -6.68284 2.93400 1.79066
v -6.90046 3.02000 0.90846
v -6.85939 3.10600 0.90306
v -6.76713 3.12724 0.89091
v -6.69314 3.06773 0.88117
v -6.69314 2.97227 0.88117
v -6.76713 2.91276 0.89091
v -6.85939 2.93400 0.90306
v -6.96000 3.02000 0.00000
v -6.91858 3.10600 0.00000
v -6.82552 3.12724 0.00000
v -6.75089 3.06773 0.00000
v -6.75089 2.97227 0.00000
v -6.82552 2.91276 0.00000
v -6.91858 2.93400 0.00000
v -6.90046 3.02000 -0.90846
v -6.85939 3.10600 -0.90306
v -6.76713 3.12724 -0.89091
v -6.69314 3.06773 -0.88117
v -6.69314 2.97227 -0.88117
v -6.76713 2.91276 -0.89091
v -6.85939 2.93400 -0.90306
v -6.72284 3.02000 -1.80138
v -6.68284 3.10600 -1.79066
v -6.59295 3.12724 -1.76658
v -6.52086 3.06773 -1.74726
v -6.52086 2.97227 -1.74726
v -6.59295 2.91276 -1.76658
v -6.68284 2.93400 -1.79066
v -6.43020 3.02000 -2.66348
v -6.39194 3.10600 -2.64763
v -6.30596 3.12724 -2.61201
v -6.23701 3.06773 -2.58346
v -6.23701 2.97227 -2.58346
v -6.30596 2.91276 -2.61201
v -6.39194 2.93400 -2.64763
v -6.02754 3.02000 -3.48000
v -5.99167 3.10600 -3.45929
v -5.91108 3.12724 -3.41276
v -5.84645 3.06773 -3.37545
v -5.84645 2.97227 -3.37545
v -5.91108 2.91276 -3.41276
v -5.99167 2.93400 -3.45929
v -5.52174 3.02000 -4.23698
v -5.48888 3.10600 -4.21177
v -5.41505 3.12724 -4.15511
v -5.35584 3.06773 -4.10968
v -5.35584 2.97227 -4.10968
v -5.41505 2.91276 -4.15511
v -5.48888 2.93400 -4.21177
v -4.92146 3.02000 -4.92146
v -4.89218 3.10600 -4.89218
v -4.82637 3.12724 -4.82637
v -4.77360 3.06773 -4.77360
v -4.77360 2.97227 -4.77360
v -4.82637 2.91276 -4.82637
v -4.89218 2.93400 -4.89218
v -4.23698 3.02000 -5.52174
v -4.21177 3.10600 -5.48888
v -4.15511 3.12724 -5.41505
v -4.10968 3.06773 -5.35584
v -4.10968 2.97227 -5.35584
v -4.15511 2.91276 -5.41505
v -4.21177 2.93400 -5.48888
v -3.48000 3.02000 -6.02754
v -3.45929 3.10600 -5.99167
v -3.41276 3.12724 -5.91108
v -3.37545 3.06773 -5.84645
v -3.37545 2.97227 -5.84645
v -3.41276 2.91276 -5.91108
v -3.45929 2.93400 -5.99167
v -2.66348 3.02000 -6.43020
v -2.64763 3.10600 -6.39194
v -2.61201 3.12724 -6.30596
v -2.58346 3.06773 -6.23701
v -2.58346 2.97227 -6.23701
v -2.61201 2.91276 -6.30596
v -2.64763 2.93400 -6.39194
v -1.80138 3.02000 -6.72284
v -1.79066 3.10600 -6.68284
v -1.76658 3.12724 -6.59295
v -1.74726 3.06773 -6.52086
v -1.74726 2.97227 -6.52086
v -1.76658 2.91276 -6.59295
v -1.79066 2.93400 -6.68284
v -0.90846 3.02000 -6.90046
v -0.90306 3.10600 -6.85939
v -0.89091 3.12724 -6.76713
v -0.88117 3.06773 -6.69314
v -0.88117 2.97227 -6.69314
v -0.89091 2.91276 -6.76713
v -0.90306 2.93400 -6.85939
v -0.00000 3.02000 -6.96000
v -0.00000 3.10600 -6.91858
v -0.00000 3.12724 -6.82552
v -0.00000 3.06773 -6.75089
v -0.00000 2.97227 -6.75089
v -0.00000 2.91276 -6.82552
v -0.00000 2.93400 -6.91858
v 0.90846 3.02000 -6.90046
v 0.90306 3.10600 -6.85939
v 0.89091 3.12724 -6.76713
v 0.88117 3.06773 -6.69314
v 0.88117 2.97227 -6.69314
v 0.89091 2.91276 -6.76713
v 0.90306 2.93400 -6.85939
v 1.80138 3.02000 -6.72284
v 1.79066 3.10600 -6.68284
v 1.76658 3.12724 -6.59295
v 1.74726 3.06773 -6.52086
v 1.74726 2.97227 -6.52086
v 1.76658 2.91276 -6.59295
v 1.79066 2.93400 -6.68284
v 2.66348 3.02000 -6.43020
v 2.64763 3.10600 -6.39194
v 2.61201 3.12724 -6.30596
v 2.58346 3.06773 -6.23701
v 2.58346 2.97227 -6.23701
v 2.61201 2.91276 -6.30596
v 2.64763 2.93400 -6.39194
v 3.48000 3.02000 -6.02754
v 3.45929 3.10600 -5.99167
v 3.41276 3.12724 -5.91108
v 3.37545 3.06773 -5.84645
v 3.37545 2.97227 -5.84645
v 3.41276 2.91276 -5.91108
v 3.45929 2.93400 -5.99167
v 4.23698 3.02000 -5.52174
v 4.21177 3.10600 -5.48888
v 4.15511 3.12724 -5.41505
v 4.10968 3.06773 -5.35584
v 4.10968 2.97227 -5.35584
v 4.15511 2.91276 -5.41505
v 4.21177 2.93400 -5.48888
v 4.92146 3.02000 -4.92146
v 4.89218 3.10600 -4.89218
v 4.82637 3.12724 -4.82637
v 4.77360 3.06773 -4.77360
v 4.77360 2.97227 -4.77360
v 4.82637 2.91276 -4.82637
v 4.89218 2.93400 -4.89218
v 5.52174 3.02000 -4.23698
v 5.48888 3.10600 -4.21177
v 5.41505 3.12724 -4.15511
v 5.35584 3.06773 -4.10968
v 5.35584 2.97227 -4.10968
v 5.41505 2.91276 -4.15511
v 5.48888 2.93400 -4.21177
v 6.02754 3.02000 -3.48000
v 5.99167 3.10600 -3.45929
v 5.91108 3.12724 -3.41276
v 5.84645 3.06773 -3.37545
v 5.84645 2.97227 -3.37545
v 5.91108 2.91276 -3.41276
v 5.99167 2.93400 -3.45929
v 6.43020 3.02000 -2.66348
v 6.39194 3.10600 -2.64763
v 6.30596 3.12724 -2.61201
v 6.23701 3.06773 -2.58346
v 6.23701 2.97227 -2.58346
v 6.30596 2.91276 -2.61201
v 6.39194 2.93400 -2.64763
v 6.72284 3.02000 -1.80138
v 6.68284 3.10600 -1.79066
v 6.59295 3.12724 -1.76658
v 6.52086 3.06773 -1.74726
v 6.52086 2.97227 -1.74726
v 6.59295 2.91276 -1.76658
v 6.68284 2.93400 -1.79066
v 6.90046 3.02000 -0.90846
v 6.85939 3.10600 -0.90306
v 6.76713 3.12724 -0.89091
v 6.69314 3.06773 -0.88117
v 6.69314 2.97227 -0.88117
v 6.76713 2.91276 -0.89091
v 6.85939 2.93400 -0.90306
v 0.00000 8.82000 -0.12000
v -0.13648 8.46785 -0.12000
v -0.51357 8.44687 -0.12000
v -0.22084 8.20825 -0.12000
v -0.31740 7.84313 -0.12000
v -0.00000 8.04780 -0.12000
v 0.31740 7.84313 -0.12000
v 0.22084 8.20825 -0.12000
v 0.51357 8.44687 -0.12000
v 0.13648 8.46785 -0.12000
v 0.00000 8.82000 0.12000
v -0.13648 8.46785 0.12000
v -0.51357 8.44687 0.12000
v -0.22084 8.20825 0.12000
v -0.31740 7.84313 0.12000
v -0.00000 8.04780 0.12000
v 0.31740 7.84313 0.12000
v 0.22084 8.20825 0.12000
v 0.51357 8.44687 0.12000
v 0.13648 8.46785 0.12000
v 0.00000 8.28000 -0.12000
v 0.00000 8.28000 0.12000
vt 0.05000 0.50000
vt 0.15000 0.50000
vt 0.25000 0.50000
vt 0.35000 0.50000
vt 0.45000 0.50000
vt 0.55000 0.50000
vt 0.65000 0.50000
vt 0.75000 0.50000
vt 0.85000 0.50000
vt 0.95000 0.50000
usemtl wood
f 33/5 34/5 2/5 1/5
f 34/5 35/5 3/5 2/5
f 35/5 36/5 4/5 3/5
f 36/5 37/5 5/5 4/5
f 37/5 38/5 6/5 5/5
f 38/5 39/5 7/5 6/5
f 39/5 40/5 8/5 7/5
f 40/5 41/5 9/5 8/5
f 41/5 42/5 10/5 9/5
f 42/5 43/5 11/5 10/5
f 43/5 44/5 12/5 11/5
f 44/5 45/5 13/5 12/5
f 45/5 46/5 14/5 13/5
f 46/5 47/5 15/5 14/5
f 47/5 48/5 16/5 15/5
f 48/5 49/5 17/5 16/5
f 49/5 50/5 18/5 17/5
f 50/5 51/5 19/5 18/5
f 51/5 52/5 20/5 19/5
f 52/5 53/5 21/5 20/5
f 53/5 54/5 22/5 21/5
f 54/5 55/5 23/5 22/5
f 55/5 56/5 24/5 23/5
f 56/5 57/5 25/5 24/5
f 57/5 58/5 26/5 25/5
f 58/5 59/5 27/5 26/5
f 59/5 60/5 28/5 27/5
f 60/5 61/5 29/5 28/5
f 61/5 62/5 30/5 29/5
f 62/5 63/5 31/5 30/5
f 63/5 64/5 32/5 31/5
f 64/5 33/5 1/5 32/5
usemtl gold
f 65/4 66/4 34/4 33/4
f 66/4 67/4 35/4 34/4
f 67/4 68/4 36/4 35/4
f 68/4 69/4 37/4 36/4
f 69/4 70/4 38/4 37/4
f 70/4 71/4 39/4 38/4
f 71/4 72/4 40/4 39/4
f 72/4 73/4 41/4 40/4
f 73/4 74/4 42/4 41/4
f 74/4 75/4 43/4 42/4
f 75/4 76/4 44/4 43/4
f 76/4 77/4 45/4 44/4
f 77/4 78/4 46/4 45/4
f 78/4 79/4 47/4 46/4
f 79/4 80/4 48/4 47/4
f 80/4 81/4 49/4 48/4
f 81/4 82/4 50/4 49/4
f 82/4 83/4 51/4 50/4
f 83/4 84/4 52/4 51/4
f 84/4 85/4 53/4 52/4
f 85/4 86/4 54/4 53/4
f 86/4 87/4 55/4 54/4
f 87/4 88/4 56/4 55/4
f 88/4 89/4 57/4 56/4
f 89/4 90/4 58/4 57/4
f 90/4 91/4 59/4 58/4
f 91/4 92/4 60/4 59/4
f 92/4 93/4 61/4 60/4
f 93/4 94/4 62/4 61/4
f 94/4 95/4 63/4 62/4
f 95/4 96/4 64/4 63/4
f 96/4 65/4 33/4 64/4
f 161/4 162/4 130/4 129/4
f 162/4 163/4 131/4 130/4
f 163/4 164/4 132/4 131/4
f 164/4 165/4 133/4 132/4
f 165/4 166/4 134/4 133/4
f 166/4 167/4 135/4 134/4
f 167/4 168/4 136/4 135/4
f 168/4 169/4 137/4 136/4
f 169/4 170/4 138/4 137/4
f 170/4 171/4 139/4 138/4
f 171/4 172/4 140/4 139/4
f 172/4 173/4 141/4 140/4
f 173/4 174/4 142/4 141/4
f 174/4 175/4 143/4 142/4
f 175/4 176/4 144/4 143/4
f 176/4 177/4 145/4 144/4
f 177/4 178/4 146/4 145/4
f 178/4 179/4 147/4 146/4
f 179/4 180/4 148/4 147/4
f 180/4 181/4 149/4 148/4
f 181/4 182/4 150/4 149/4
f 182/4 183/4 151/4 150/4
f 183/4 184/4 152/4 151/4
f 184/4 185/4 153/4 152/4
f 185/4 186/4 154/4 153/4
f 186/4 187/4 155/4 154/4
f 187/4 188/4 156/4 155/4
f 188/4 189/4 157/4 156/4
f 189/4 190/4 158/4 157/4
f 190/4 191/4 159/4 158/4
f 191/4 192/4 160/4 159/4
f 192/4 161/4 129/4 160/4
f 257/4 258/4 226/4 225/4
f 258/4 259/4 227/4 226/4
f 259/4 260/4 228/4 227/4
f 260/4 261/4 229/4 228/4
f 261/4 262/4 230/4 229/4
f 262/4 263/4 231/4 230/4
f 263/4 264/4 232/4 231/4
f 264/4 265/4 233/4 232/4
f 265/4 266/4 234/4 233/4
f 266/4 267/4 235/4 234/4
f 267/4 268/4 236/4 235/4
f 268/4 269/4 237/4 236/4
f 269/4 270/4 238/4 237/4
f 270/4 271/4 239/4 238/4
f 271/4 272/4 240/4 239/4
f 272/4 273/4 241/4 240/4
f 273/4 274/4 242/4 241/4
f 274/4 275/4 243/4 242/4
f 275/4 276/4 244/4 243/4
f 276/4 277/4 245/4 244/4
f 277/4 278/4 246/4 245/4
f 278/4 279/4 247/4 246/4
f 279/4 280/4 248/4 247/4
f 280/4 281/4 249/4 248/4
f 281/4 282/4 250/4 249/4
f 282/4 283/4 251/4 250/4
f 283/4 284/4 252/4 251/4
f 284/4 285/4 253/4 252/4
f 285/4 286/4 254/4 253/4
f 286/4 287/4 255/4 254/4
f 287/4 288/4 256/4 255/4
f 288/4 257/4 225/4 256/4
f 321/4 322/4 290/4 289/4
f 322/4 323/4 291/4 290/4
f 323/4 324/4 292/4 291/4
f 324/4 325/4 293/4 292/4
f 325/4 326/4 294/4 293/4
f 326/4 327/4 295/4 294/4
f 327/4 328/4 296/4 295/4
f 328/4 329/4 297/4 296/4
f 329/4 330/4 298/4 297/4
f 330/4 331/4 299/4 298/4
f 331/4 332/4 300/4 299/4
f 332/4 333/4 301/4 300/4
f 333/4 334/4 302/4 301/4
f 334/4 335/4 303/4 302/4
f 335/4 336/4 304/4 303/4
f 336/4 337/4 305/4 304/4
f 337/4 338/4 306/4 305/4
f 338/4 339/4 307/4 306/4
f 339/4 340/4 308/4 307/4
f 340/4 341/4 309/4 308/4
f 341/4 342/4 310/4 309/4
f 342/4 343/4 311/4 310/4
f 343/4 344/4 312/4 311/4
f 344/4 345/4 313/4 312/4
f 345/4 346/4 314/4 313/4
f 346/4 347/4 315/4 314/4
f 347/4 348/4 316/4 315/4
f 348/4 349/4 317/4 316/4
f 349/4 350/4 318/4 317/4
f 350/4 351/4 319/4 318/4
f 351/4 352/4 320/4 319/4
f 352/4 321/4 289/4 320/4
f 801/4 802/4 809/4 808/4
f 802/4 803/4 810/4 809/4
f 803/4 804/4 811/4 810/4
f 804/4 805/4 812/4 811/4
f 805/4 806/4 813/4 812/4
f 806/4 807/4 814/4 813/4
f 807/4 801/4 808/4 814/4
f 808/4 809/4 816/4 815/4
f 809/4 810/4 817/4 816/4
f 810/4 811/4 818/4 817/4
f 811/4 812/4 819/4 818/4
f 812/4 813/4 820/4 819/4
f 813/4 814/4 821/4 820/4
f 814/4 808/4 815/4 821/4
f 815/4 816/4 823/4 822/4
f 816/4 817/4 824/4 823/4
f 817/4 818/4 825/4 824/4
f 818/4 819/4 826/4 825/4
f 819/4 820/4 827/4 826/4
f 820/4 821/4 828/4 827/4
f 821/4 815/4 822/4 828/4
f 822/4 823/4 830/4 829/4
f 823/4 824/4 831/4 830/4
f 824/4 825/4 832/4 831/4
f 825/4 826/4 833/4 832/4
f 826/4 827/4 834/4 833/4
f 827/4 828/4 835/4 834/4
f 828/4 822/4 829/4 835/4
f 829/4 830/4 837/4 836/4
f 830/4 831/4 838/4 837/4
f 831/4 832/4 839/4 838/4
f 832/4 833/4 840/4 839/4
f 833/4 834/4 841/4 840/4
f 834/4 835/4 842/4 841/4
f 835/4 829/4 836/4 842/4
f 836/4 837/4 844/4 843/4
f 837/4 838/4 845/4 844/4
f 838/4 839/4 846/4 845/4
f 839/4 840/4 847/4 846/4
f 840/4 841/4 848/4 847/4
f 841/4 842/4 849/4 848/4
f 842/4 836/4 843/4 849/4
f 843/4 844/4 851/4 850/4
f 844/4 845/4 852/4 851/4
f 845/4 846/4 853/4 852/4
f 846/4 847/4 854/4 853/4
f 847/4 848/4 855/4 854/4
f 848/4 849/4 856/4 855/4
f 849/4 843/4 850/4 856/4
f 850/4 851/4 858/4 857/4
f 851/4 852/4 859/4 858/4
f 852/4 853/4 860/4 859/4
f 853/4 854/4 861/4 860/4
f 854/4 855/4 862/4 861/4
f 855/4 856/4 863/4 862/4
f 856/4 850/4 857/4 863/4
f 857/4 858/4 865/4 864/4
f 858/4 859/4 866/4 865/4
f 859/4 860/4 867/4 866/4
f 860/4 861/4 868/4 867/4
f 861/4 862/4 869/4 868/4
f 862/4 863/4 870/4 869/4
f 863/4 857/4 864/4 870/4
f 864/4 865/4 872/4 871/4
f 865/4 866/4 873/4 872/4
f 866/4 867/4 874/4 873/4
f 867/4 868/4 875/4 874/4
f 868/4 869/4 876/4 875/4
f 869/4 870/4 877/4 876/4
f 870/4 864/4 871/4 877/4
f 871/4 872/4 879/4 878/4
f 872/4 873/4 880/4 879/4
f 873/4 874/4 881/4 880/4
f 874/4 875/4 882/4 881/4
f 875/4 876/4 883/4 882/4
f 876/4 877/4 884/4 883/4
f 877/4 871/4 878/4 884/4
f 878/4 879/4 886/4 885/4
f 879/4 880/4 887/4 886/4
f 880/4 881/4 888/4 887/4
f 881/4 882/4 889/4 888/4
f 882/4 883/4 890/4 889/4
f 883/4 884/4 891/4 890/4
f 884/4 878/4 885/4 891/4
f 885/4 886/4 893/4 892/4
f 886/4 887/4 894/4 893/4
f 887/4 888/4 895/4 894/4
f 888/4 889/4 896/4 895/4
f 889/4 890/4 897/4 896/4
f 890/4 891/4 898/4 897/4
f 891/4 885/4 892/4 898/4
f 892/4 893/4 900/4 899/4
f 893/4 894/4 901/4 900/4
f 894/4 895/4 902/4 901/4
f 895/4 896/4 903/4 902/4
f 896/4 897/4 904/4 903/4
f 897/4 898/4 905/4 904/4
f 898/4 892/4 899/4 905/4
f 899/4 900/4 907/4 906/4
f 900/4 901/4 908/4 907/4
f 901/4 902/4 909/4 908/4
f 902/4 903/4 910/4 909/4
f 903/4 904/4 911/4 910/4
f 904/4 905/4 912/4 911/4
f 905/4 899/4 906/4 912/4
f 906/4 907/4 914/4 913/4
f 907/4 908/4 915/4 914/4
f 908/4 909/4 916/4 915/4
f 909/4 910/4 917/4 916/4
f 910/4 911/4 918/4 917/4
f 911/4 912/4 919/4 918/4
f 912/4 906/4 913/4 919/4
f 913/4 914/4 921/4 920/4
f 914/4 915/4 922/4 921/4
f 915/4 916/4 923/4 922/4
f 916/4 917/4 924/4 923/4
f 917/4 918/4 925/4 924/4
f 918/4 919/4 926/4 925/4
f 919/4 913/4 920/4 926/4
f 920/4 921/4 928/4 927/4
f 921/4 922/4 929/4 928/4
f 922/4 923/4 930/4 929/4
f 923/4 924/4 931/4 930/4
f 924/4 925/4 932/4 931/4
f 925/4 926/4 933/4 932/4
f 926/4 920/4 927/4 933/4
f 927/4 928/4 935/4 934/4
f 928/4 929/4 936/4 935/4
f 929/4 930/4 937/4 936/4
f 930/4 931/4 938/4 937/4
f 931/4 932/4 939/4 938/4
f 932/4 933/4 940/4 939/4
f 933/4 927/4 934/4 940/4
f 934/4 935/4 942/4 941/4
f 935/4 936/4 943/4 942/4
f 936/4 937/4 944/4 943/4
f 937/4 938/4 945/4 944/4
f 938/4 939/4 946/4 945/4
f 939/4 940/4 947/4 946/4
f 940/4 934/4 941/4 947/4
f 941/4 942/4 949/4 948/4
f 942/4 943/4 950/4 949/4
f 943/4 944/4 951/4 950/4
f 944/4 945/4 952/4 951/4
f 945/4 946/4 953/4 952/4
f 946/4 947/4 954/4 953/4
f 947/4 941/4 948/4 954/4
f 948/4 949/4 956/4 955/4
f 949/4 950/4 957/4 956/4
f 950/4 951/4 958/4 957/4
f 951/4 952/4 959/4 958/4
f 952/4 953/4 960/4 959/4
f 953/4 954/4 961/4 960/4
f 954/4 948/4 955/4 961/4
f 955/4 956/4 963/4 962/4
f 956/4 957/4 964/4 963/4
f 957/4 958/4 965/4 964/4
f 958/4 959/4 966/4 965/4
f 959/4 960/4 967/4 966/4
f 960/4 961/4 968/4 967/4
f 961/4 955/4 962/4 968/4
f 962/4 963/4 970/4 969/4
f 963/4 964/4 971/4 970/4
f 964/4 965/4 972/4 971/4
f 965/4 966/4 973/4 972/4
f 966/4 967/4 974/4 973/4
f 967/4 968/4 975/4 974/4
f 968/4 962/4 969/4 975/4
f 969/4 970/4 977/4 976/4
f 970/4 971/4 978/4 977/4
f 971/4 972/4 979/4 978/4
f 972/4 973/4 980/4 979/4
f 973/4 974/4 981/4 980/4
f 974/4 975/4 982/4 981/4
f 975/4 969/4 976/4 982/4
f 976/4 977/4 984/4 983/4
f 977/4 978/4 985/4 984/4
f 978/4 979/4 986/4 985/4
f 979/4 980/4 987/4 986/4
f 980/4 981/4 988/4 987/4
f 981/4 982/4 989/4 988/4
f 982/4 976/4 983/4 989/4
f 983/4 984/4 991/4 990/4
f 984/4 985/4 992/4 991/4
f 985/4 986/4 993/4 992/4
f 986/4 987/4 994/4 993/4
f 987/4 988/4 995/4 994/4
f 988/4 989/4 996/4 995/4
f 989/4 983/4 990/4 996/4
f 990/4 991/4 998/4 997/4
f 991/4 992/4 999/4 998/4
f 992/4 993/4 1000/4 999/4
f 993/4 994/4 1001/4 1000/4
f 994/4 995/4 1002/4 1001/4
f 995/4 996/4 1003/4 1002/4
f 996/4 990/4 997/4 1003/4
f 997/4 998/4 1005/4 1004/4
f 998/4 999/4 1006/4 1005/4
f 999/4 1000/4 1007/4 1006/4
f 1000/4 1001/4 1008/4 1007/4
f 1001/4 1002/4 1009/4 1008/4
f 1002/4 1003/4 1010/4 1009/4
f 1003/4 997/4 1004/4 1010/4
f 1004/4 1005/4 1012/4 1011/4
f 1005/4 1006/4 1013/4 1012/4
f 1006/4 1007/4 1014/4 1013/4
f 1007/4 1008/4 1015/4 1014/4
f 1008/4 1009/4 1016/4 1015/4
f 1009/4 1010/4 1017/4 1016/4
f 1010/4 1004/4 1011/4 1017/4
f 1011/4 1012/4 1019/4 1018/4
f 1012/4 1013/4 1020/4 1019/4
f 1013/4 1014/4 1021/4 1020/4
f 1014/4 1015/4 1022/4 1021/4
f 1015/4 1016/4 1023/4 1022/4
f 1016/4 1017/4 1024/4 1023/4
f 1017/4 1011/4 1018/4 1024/4
f 1018/4 1019/4 802/4 801/4
f 1019/4 1020/4 803/4 802/4
f 1020/4 1021/4 804/4 803/4
f 1021/4 1022/4 805/4 804/4
f 1022/4 1023/4 806/4 805/4
f 1023/4 1024/4 807/4 806/4
f 1024/4 1018/4 801/4 807/4
f 1025/4 1026/4 1036/4 1035/4
f 1045/4 1026/4 1025/4
f 1046/4 1035/4 1036/4
f 1026/4 1027/4 1037/4 1036/4
f 1045/4 1027/4 1026/4
f 1046/4 1036/4 1037/4
f 1027/4 1028/4 1038/4 1037/4
f 1045/4 1028/4 1027/4
f 1046/4 1037/4 1038/4
f 1028/4 1029/4 1039/4 1038/4
f 1045/4 1029/4 1028/4
f 1046/4 1038/4 1039/4
f 1029/4 1030/4 1040/4 1039/4
f 1045/4 1030/4 1029/4
f 1046/4 1039/4 1040/4
f 1030/4 1031/4 1041/4 1040/4
f 1045/4 1031/4 1030/4
f 1046/4 1040/4 1041/4
f 1031/4 1032/4 1042/4 1041/4
f 1045/4 1032/4 1031/4
f 1046/4 1041/4 1042/4
f 1032/4 1033/4 1043/4 1042/4
f 1045/4 1033/4 1032/4
f 1046/4 1042/4 1043/4
f 1033/4 1034/4 1044/4 1043/4
f 1045/4 1034/4 1033/4
f 1046/4 1043/4 1044/4
f 1034/4 1025/4 1035/4 1044/4
f 1045/4 1025/4 1034/4
f 1046/4 1044/4 1035/4
f 1065/4 1066/4 1074/4 1073/4
f 1081/4 1066/4 1065/4
f 1082/4 1073/4 1074/4
f 1066/4 1067/4 1075/4 1074/4
f 1081/4 1067/4 1066/4
f 1082/4 1074/4 1075/4
f 1067/4 1068/4 1076/4 1075/4
f 1081/4 1068/4 1067/4
f 1082/4 1075/4 1076/4
f 1068/4 1069/4 1077/4 1076/4
f 1081/4 1069/4 1068/4
f 1082/4 1076/4 1077/4
f 1069/4 1070/4 1078/4 1077/4
f 1081/4 1070/4 1069/4
f 1082/4 1077/4 1078/4
f 1070/4 1071/4 1079/4 1078/4
f 1081/4 1071/4 1070/4
f 1082/4 1078/4 1079/4
f 1071/4 1072/4 1080/4 1079/4
f 1081/4 1072/4 1071/4
f 1082/4 1079/4 1080/4
f 1072/4 1065/4 1073/4 1080/4
f 1081/4 1065/4 1072/4
f 1082/4 1080/4 1073/4
f 1129/4 1130/4 1102/4 1101/4
f 1130/4 1131/4 1103/4 1102/4
f 1131/4 1132/4 1104/4 1103/4
f 1132/4 1133/4 1105/4 1104/4
f 1133/4 1134/4 1106/4 1105/4
f 1134/4 1135/4 1107/4 1106/4
f 1135/4 1136/4 1108/4 1107/4
f 1136/4 1137/4 1109/4 1108/4
f 1137/4 1138/4 1110/4 1109/4
f 1138/4 1139/4 1111/4 1110/4
f 1139/4 1140/4 1112/4 1111/4
f 1140/4 1141/4 1113/4 1112/4
f 1141/4 1142/4 1114/4 1113/4
f 1142/4 1143/4 1115/4 1114/4
f 1143/4 1144/4 1116/4 1115/4
f 1144/4 1145/4 1117/4 1116/4
f 1145/4 1146/4 1118/4 1117/4
f 1146/4 1147/4 1119/4 1118/4
f 1147/4 1148/4 1120/4 1119/4
f 1148/4 1149/4 1121/4 1120/4
f 1149/4 1150/4 1122/4 1121/4
f 1150/4 1151/4 1123/4 1122/4
f 1151/4 1152/4 1124/4 1123/4
f 1152/4 1153/4 1125/4 1124/4
f 1153/4 1154/4 1126/4 1125/4
f 1154/4 1155/4 1127/4 1126/4
f 1155/4 1156/4 1128/4 1127/4
f 1156/4 1129/4 1101/4 1128/4
f 1241/4 1242/4 1214/4 1213/4
f 1242/4 1243/4 1215/4 1214/4
f 1243/4 1244/4 1216/4 1215/4
f 1244/4 1245/4 1217/4 1216/4
f 1245/4 1246/4 1218/4 1217/4
f 1246/4 1247/4 1219/4 1218/4
f 1247/4 1248/4 1220/4 1219/4
f 1248/4 1249/4 1221/4 1220/4
f 1249/4 1250/4 1222/4 1221/4
f 1250/4 1251/4 1223/4 1222/4
f 1251/4 1252/4 1224/4 1223/4
f 1252/4 1253/4 1225/4 1224/4
f 1253/4 1254/4 1226/4 1225/4
f 1254/4 1255/4 1227/4 1226/4
f 1255/4 1256/4 1228/4 1227/4
f 1256/4 1257/4 1229/4 1228/4
f 1257/4 1258/4 1230/4 1229/4
f 1258/4 1259/4 1231/4 1230/4
f 1259/4 1260/4 1232/4 1231/4
f 1260/4 1261/4 1233/4 1232/4
f 1261/4 1262/4 1234/4 1233/4
f 1262/4 1263/4 1235/4 1234/4
f 1263/4 1264/4 1236/4 1235/4
f 1264/4 1265/4 1237/4 1236/4
f 1265/4 1266/4 1238/4 1237/4
f 1266/4 1267/4 1239/4 1238/4
f 1267/4 1268/4 1240/4 1239/4
f 1268/4 1241/4 1213/4 1240/4
f 1575/4 1576/4 1582/4 1581/4
f 1587/4 1576/4 1575/4
f 1588/4 1581/4 1582/4
f 1576/4 1577/4 1583/4 1582/4
f 1587/4 1577/4 1576/4
f 1588/4 1582/4 1583/4
f 1577/4 1578/4 1584/4 1583/4
f 1587/4 1578/4 1577/4
f 1588/4 1583/4 1584/4
f 1578/4 1579/4 1585/4 1584/4
f 1587/4 1579/4 1578/4
f 1588/4 1584/4 1585/4
f 1579/4 1580/4 1586/4 1585/4
f 1587/4 1580/4 1579/4
f 1588/4 1585/4 1586/4
f 1580/4 1575/4 1581/4 1586/4
f 1587/4 1575/4 1580/4
f 1588/4 1586/4 1581/4
f 1589/4 1590/4 1596/4 1595/4
f 1601/4 1590/4 1589/4
f 1602/4 1595/4 1596/4
f 1590/4 1591/4 1597/4 1596/4
f 1601/4 1591/4 1590/4
f 1602/4 1596/4 1597/4
f 1591/4 1592/4 1598/4 1597/4
f 1601/4 1592/4 1591/4
f 1602/4 1597/4 1598/4
f 1592/4 1593/4 1599/4 1598/4
f 1601/4 1593/4 1592/4
f 1602/4 1598/4 1599/4
f 1593/4 1594/4 1600/4 1599/4
f 1601/4 1594/4 1593/4
f 1602/4 1599/4 1600/4
f 1594/4 1589/4 1595/4 1600/4
f 1601/4 1589/4 1594/4
f 1602/4 1600/4 1595/4
f 1603/4 1604/4 1610/4 1609/4
f 1615/4 1604/4 1603/4
f 1616/4 1609/4 1610/4
f 1604/4 1605/4 1611/4 1610/4
f 1615/4 1605/4 1604/4
f 1616/4 1610/4 1611/4
f 1605/4 1606/4 1612/4 1611/4
f 1615/4 1606/4 1605/4
f 1616/4 1611/4 1612/4
f 1606/4 1607/4 1613/4 1612/4
f 1615/4 1607/4 1606/4
f 1616/4 1612/4 1613/4
f 1607/4 1608/4 1614/4 1613/4
f 1615/4 1608/4 1607/4
f 1616/4 1613/4 1614/4
f 1608/4 1603/4 1609/4 1614/4
f 1615/4 1603/4 1608/4
f 1616/4 1614/4 1609/4
f 1617/4 1618/4 1624/4 1623/4
f 1629/4 1618/4 1617/4
f 1630/4 1623/4 1624/4
f 1618/4 1619/4 1625/4 1624/4
f 1629/4 1619/4 1618/4
f 1630/4 1624/4 1625/4
f 1619/4 1620/4 1626/4 1625/4
f 1629/4 1620/4 1619/4
f 1630/4 1625/4 1626/4
f 1620/4 1621/4 1627/4 1626/4
f 1629/4 1621/4 1620/4
f 1630/4 1626/4 1627/4
f 1621/4 1622/4 1628/4 1627/4
f 1629/4 1622/4 1621/4
f 1630/4 1627/4 1628/4
f 1622/4 1617/4 1623/4 1628/4
f 1629/4 1617/4 1622/4
f 1630/4 1628/4 1623/4
f 1631/4 1632/4 1638/4 1637/4
f 1643/4 1632/4 1631/4
f 1644/4 1637/4 1638/4
f 1632/4 1633/4 1639/4 1638/4
f 1643/4 1633/4 1632/4
f 1644/4 1638/4 1639/4
f 1633/4 1634/4 1640/4 1639/4
f 1643/4 1634/4 1633/4
f 1644/4 1639/4 1640/4
f 1634/4 1635/4 1641/4 1640/4
f 1643/4 1635/4 1634/4
f 1644/4 1640/4 1641/4
f 1635/4 1636/4 1642/4 1641/4
f 1643/4 1636/4 1635/4
f 1644/4 1641/4 1642/4
f 1636/4 1631/4 1637/4 1642/4
f 1643/4 1631/4 1636/4
f 1644/4 1642/4 1637/4
f 1645/4 1646/4 1652/4 1651/4
f 1657/4 1646/4 1645/4
f 1658/4 1651/4 1652/4
f 1646/4 1647/4 1653/4 1652/4
f 1657/4 1647/4 1646/4
f 1658/4 1652/4 1653/4
f 1647/4 1648/4 1654/4 1653/4
f 1657/4 1648/4 1647/4
f 1658/4 1653/4 1654/4
f 1648/4 1649/4 1655/4 1654/4
f 1657/4 1649/4 1648/4
f 1658/4 1654/4 1655/4
f 1649/4 1650/4 1656/4 1655/4
f 1657/4 1650/4 1649/4
f 1658/4 1655/4 1656/4
f 1650/4 1645/4 1651/4 1656/4
f 1657/4 1645/4 1650/4
f 1658/4 1656/4 1651/4
f 1659/4 1660/4 1666/4 1665/4
f 1671/4 1660/4 1659/4
f 1672/4 1665/4 1666/4
f 1660/4 1661/4 1667/4 1666/4
f 1671/4 1661/4 1660/4
f 1672/4 1666/4 1667/4
f 1661/4 1662/4 1668/4 1667/4
f 1671/4 1662/4 1661/4
f 1672/4 1667/4 1668/4
f 1662/4 1663/4 1669/4 1668/4
f 1671/4 1663/4 1662/4
f 1672/4 1668/4 1669/4
f 1663/4 1664/4 1670/4 1669/4
f 1671/4 1664/4 1663/4
f 1672/4 1669/4 1670/4
f 1664/4 1659/4 1665/4 1670/4
f 1671/4 1659/4 1664/4
f 1672/4 1670/4 1665/4
f 1673/4 1674/4 1680/4 1679/4
f 1685/4 1674/4 1673/4
f 1686/4 1679/4 1680/4
f 1674/4 1675/4 1681/4 1680/4
f 1685/4 1675/4 1674/4
f 1686/4 1680/4 1681/4
f 1675/4 1676/4 1682/4 1681/4
f 1685/4 1676/4 1675/4
f 1686/4 1681/4 1682/4
f 1676/4 1677/4 1683/4 1682/4
f 1685/4 1677/4 1676/4
f 1686/4 1682/4 1683/4
f 1677/4 1678/4 1684/4 1683/4
f 1685/4 1678/4 1677/4
f 1686/4 1683/4 1684/4
f 1678/4 1673/4 1679/4 1684/4
f 1685/4 1673/4 1678/4
f 1686/4 1684/4 1679/4
f 1847/4 1848/4 1858/4 1857/4
f 1867/4 1848/4 1847/4
f 1868/4 1857/4 1858/4
f 1848/4 1849/4 1859/4 1858/4
f 1867/4 1849/4 1848/4
f 1868/4 1858/4 1859/4
f 1849/4 1850/4 1860/4 1859/4
f 1867/4 1850/4 1849/4
f 1868/4 1859/4 1860/4
f 1850/4 1851/4 1861/4 1860/4
f 1867/4 1851/4 1850/4
f 1868/4 1860/4 1861/4
f 1851/4 1852/4 1862/4 1861/4
f 1867/4 1852/4 1851/4
f 1868/4 1861/4 1862/4
f 1852/4 1853/4 1863/4 1862/4
f 1867/4 1853/4 1852/4
f 1868/4 1862/4 1863/4
f 1853/4 1854/4 1864/4 1863/4
f 1867/4 1854/4 1853/4
f 1868/4 1863/4 1864/4
f 1854/4 1855/4 1865/4 1864/4
f 1867/4 1855/4 1854/4
f 1868/4 1864/4 1865/4
f 1855/4 1856/4 1866/4 1865/4
f 1867/4 1856/4 1855/4
f 1868/4 1865/4 1866/4
f 1856/4 1847/4 1857/4 1866/4
f 1867/4 1847/4 1856/4
f 1868/4 1866/4 1857/4
f 1887/4 1888/4 1896/4 1895/4
f 1903/4 1888/4 1887/4
f 1904/4 1895/4 1896/4
f 1888/4 1889/4 1897/4 1896/4
f 1903/4 1889/4 1888/4
f 1904/4 1896/4 1897/4
f 1889/4 1890/4 1898/4 1897/4
f 1903/4 1890/4 1889/4
f 1904/4 1897/4 1898/4
f 1890/4 1891/4 1899/4 1898/4
f 1903/4 1891/4 1890/4
f 1904/4 1898/4 1899/4
f 1891/4 1892/4 1900/4 1899/4
f 1903/4 1892/4 1891/4
f 1904/4 1899/4 1900/4
f 1892/4 1893/4 1901/4 1900/4
f 1903/4 1893/4 1892/4
f 1904/4 1900/4 1901/4
f 1893/4 1894/4 1902/4 1901/4
f 1903/4 1894/4 1893/4
f 1904/4 1901/4 1902/4
f 1894/4 1887/4 1895/4 1902/4
f 1903/4 1887/4 1894/4
f 1904/4 1902/4 1895/4
f 1951/4 1952/4 1924/4 1923/4
f 1952/4 1953/4 1925/4 1924/4
f 1953/4 1954/4 1926/4 1925/4
f 1954/4 1955/4 1927/4 1926/4
f 1955/4 1956/4 1928/4 1927/4
f 1956/4 1957/4 1929/4 1928/4
f 1957/4 1958/4 1930/4 1929/4
f 1958/4 1959/4 1931/4 1930/4
f 1959/4 1960/4 1932/4 1931/4
f 1960/4 1961/4 1933/4 1932/4
f 1961/4 1962/4 1934/4 1933/4
f 1962/4 1963/4 1935/4 1934/4
f 1963/4 1964/4 1936/4 1935/4
f 1964/4 1965/4 1937/4 1936/4
f 1965/4 1966/4 1938/4 1937/4
f 1966/4 1967/4 1939/4 1938/4
f 1967/4 1968/4 1940/4 1939/4
f 1968/4 1969/4 1941/4 1940/4
f 1969/4 1970/4 1942/4 1941/4
f 1970/4 1971/4 1943/4 1942/4
f 1971/4 1972/4 1944/4 1943/4
f 1972/4 1973/4 1945/4 1944/4
f 1973/4 1974/4 1946/4 1945/4
f 1974/4 1975/4 1947/4 1946/4
f 1975/4 1976/4 1948/4 1947/4
f 1976/4 1977/4 1949/4 1948/4
f 1977/4 1978/4 1950/4 1949/4
f 1978/4 1951/4 1923/4 1950/4
f 2063/4 2064/4 2036/4 2035/4
f 2064/4 2065/4 2037/4 2036/4
f 2065/4 2066/4 2038/4 2037/4
f 2066/4 2067/4 2039/4 2038/4
f 2067/4 2068/4 2040/4 2039/4
f 2068/4 2069/4 2041/4 2040/4
f 2069/4 2070/4 2042/4 2041/4
f 2070/4 2071/4 2043/4 2042/4
f 2071/4 2072/4 2044/4 2043/4
f 2072/4 2073/4 2045/4 2044/4
f 2073/4 2074/4 2046/4 2045/4
f 2074/4 2075/4 2047/4 2046/4
f 2075/4 2076/4 2048/4 2047/4
f 2076/4 2077/4 2049/4 2048/4
f 2077/4 2078/4 2050/4 2049/4
f 2078/4 2079/4 2051/4 2050/4
f 2079/4 2080/4 2052/4 2051/4
f 2080/4 2081/4 2053/4 2052/4
f 2081/4 2082/4 2054/4 2053/4
f 2082/4 2083/4 2055/4 2054/4
f 2083/4 2084/4 2056/4 2055/4
f 2084/4 2085/4 2057/4 2056/4
f 2085/4 2086/4 2058/4 2057/4
f 2086/4 2087/4 2059/4 2058/4
f 2087/4 2088/4 2060/4 2059/4
f 2088/4 2089/4 2061/4 2060/4
f 2089/4 2090/4 2062/4 2061/4
f 2090/4 2063/4 2035/4 2062/4
f 2397/4 2398/4 2404/4 2403/4
f 2409/4 2398/4 2397/4
f 2410/4 2403/4 2404/4
f 2398/4 2399/4 2405/4 2404/4
f 2409/4 2399/4 2398/4
f 2410/4 2404/4 2405/4
f 2399/4 2400/4 2406/4 2405/4
f 2409/4 2400/4 2399/4
f 2410/4 2405/4 2406/4
f 2400/4 2401/4 2407/4 2406/4
f 2409/4 2401/4 2400/4
f 2410/4 2406/4 2407/4
f 2401/4 2402/4 2408/4 2407/4
f 2409/4 2402/4 2401/4
f 2410/4 2407/4 2408/4
f 2402/4 2397/4 2403/4 2408/4
f 2409/4 2397/4 2402/4
f 2410/4 2408/4 2403/4
f 2411/4 2412/4 2418/4 2417/4
f 2423/4 2412/4 2411/4
f 2424/4 2417/4 2418/4
f 2412/4 2413/4 2419/4 2418/4
f 2423/4 2413/4 2412/4
f 2424/4 2418/4 2419/4
f 2413/4 2414/4 2420/4 2419/4
f 2423/4 2414/4 2413/4
f 2424/4 2419/4 2420/4
f 2414/4 2415/4 2421/4 2420/4
f 2423/4 2415/4 2414/4
f 2424/4 2420/4 2421/4
f 2415/4 2416/4 2422/4 2421/4
f 2423/4 2416/4 2415/4
f 2424/4 2421/4 2422/4
f 2416/4 2411/4 2417/4 2422/4
f 2423/4 2411/4 2416/4
f 2424/4 2422/4 2417/4
f 2425/4 2426/4 2432/4 2431/4
f 2437/4 2426/4 2425/4
f 2438/4 2431/4 2432/4
f 2426/4 2427/4 2433/4 2432/4
f 2437/4 2427/4 2426/4
f 2438/4 2432/4 2433/4
f 2427/4 2428/4 2434/4 2433/4
f 2437/4 2428/4 2427/4
f 2438/4 2433/4 2434/4
f 2428/4 2429/4 2435/4 2434/4
f 2437/4 2429/4 2428/4
f 2438/4 2434/4 2435/4
f 2429/4 2430/4 2436/4 2435/4
f 2437/4 2430/4 2429/4
f 2438/4 2435/4 2436/4
f 2430/4 2425/4 2431/4 2436/4
f 2437/4 2425/4 2430/4
f 2438/4 2436/4 2431/4
f 2439/4 2440/4 2446/4 2445/4
f 2451/4 2440/4 2439/4
f 2452/4 2445/4 2446/4
f 2440/4 2441/4 2447/4 2446/4
f 2451/4 2441/4 2440/4
f 2452/4 2446/4 2447/4
f 2441/4 2442/4 2448/4 2447/4
f 2451/4 2442/4 2441/4
f 2452/4 2447/4 2448/4
f 2442/4 2443/4 2449/4 2448/4
f 2451/4 2443/4 2442/4
f 2452/4 2448/4 2449/4
f 2443/4 2444/4 2450/4 2449/4
f 2451/4 2444/4 2443/4
f 2452/4 2449/4 2450/4
f 2444/4 2439/4 2445/4 2450/4
f 2451/4 2439/4 2444/4
f 2452/4 2450/4 2445/4
f 2453/4 2454/4 2460/4 2459/4
f 2465/4 2454/4 2453/4
f 2466/4 2459/4 2460/4
f 2454/4 2455/4 2461/4 2460/4
f 2465/4 2455/4 2454/4
f 2466/4 2460/4 2461/4
f 2455/4 2456/4 2462/4 2461/4
f 2465/4 2456/4 2455/4
f 2466/4 2461/4 2462/4
f 2456/4 2457/4 2463/4 2462/4
f 2465/4 2457/4 2456/4
f 2466/4 2462/4 2463/4
f 2457/4 2458/4 2464/4 2463/4
f 2465/4 2458/4 2457/4
f 2466/4 2463/4 2464/4
f 2458/4 2453/4 2459/4 2464/4
f 2465/4 2453/4 2458/4
f 2466/4 2464/4 2459/4
f 2467/4 2468/4 2474/4 2473/4
f 2479/4 2468/4 2467/4
f 2480/4 2473/4 2474/4
f 2468/4 2469/4 2475/4 2474/4
f 2479/4 2469/4 2468/4
f 2480/4 2474/4 2475/4
f 2469/4 2470/4 2476/4 2475/4
f 2479/4 2470/4 2469/4
f 2480/4 2475/4 2476/4
f 2470/4 2471/4 2477/4 2476/4
f 2479/4 2471/4 2470/4
f 2480/4 2476/4 2477/4
f 2471/4 2472/4 2478/4 2477/4
f 2479/4 2472/4 2471/4
f 2480/4 2477/4 2478/4
f 2472/4 2467/4 2473/4 2478/4
f 2479/4 2467/4 2472/4
f 2480/4 2478/4 2473/4
f 2481/4 2482/4 2488/4 2487/4
f 2493/4 2482/4 2481/4
f 2494/4 2487/4 2488/4
f 2482/4 2483/4 2489/4 2488/4
f 2493/4 2483/4 2482/4
f 2494/4 2488/4 2489/4
f 2483/4 2484/4 2490/4 2489/4
f 2493/4 2484/4 2483/4
f 2494/4 2489/4 2490/4
f 2484/4 2485/4 2491/4 2490/4
f 2493/4 2485/4 2484/4
f 2494/4 2490/4 2491/4
f 2485/4 2486/4 2492/4 2491/4
f 2493/4 2486/4 2485/4
f 2494/4 2491/4 2492/4
f 2486/4 2481/4 2487/4 2492/4
f 2493/4 2481/4 2486/4
f 2494/4 2492/4 2487/4
f 2495/4 2496/4 2502/4 2501/4
f 2507/4 2496/4 2495/4
f 2508/4 2501/4 2502/4
f 2496/4 2497/4 2503/4 2502/4
f 2507/4 2497/4 2496/4
f 2508/4 2502/4 2503/4
f 2497/4 2498/4 2504/4 2503/4
f 2507/4 2498/4 2497/4
f 2508/4 2503/4 2504/4
f 2498/4 2499/4 2505/4 2504/4
f 2507/4 2499/4 2498/4
f 2508/4 2504/4 2505/4
f 2499/4 2500/4 2506/4 2505/4
f 2507/4 2500/4 2499/4
f 2508/4 2505/4 2506/4
f 2500/4 2495/4 2501/4 2506/4
f 2507/4 2495/4 2500/4
f 2508/4 2506/4 2501/4
f 2669/4 2670/4 2680/4 2679/4
f 2689/4 2670/4 2669/4
f 2690/4 2679/4 2680/4
f 2670/4 2671/4 2681/4 2680/4
f 2689/4 2671/4 2670/4
f 2690/4 2680/4 2681/4
f 2671/4 2672/4 2682/4 2681/4
f 2689/4 2672/4 2671/4
f 2690/4 2681/4 2682/4
f 2672/4 2673/4 2683/4 2682/4
f 2689/4 2673/4 2672/4
f 2690/4 2682/4 2683/4
f 2673/4 2674/4 2684/4 2683/4
f 2689/4 2674/4 2673/4
f 2690/4 2683/4 2684/4
f 2674/4 2675/4 2685/4 2684/4
f 2689/4 2675/4 2674/4
f 2690/4 2684/4 2685/4
f 2675/4 2676/4 2686/4 2685/4
f 2689/4 2676/4 2675/4
f 2690/4 2685/4 2686/4
f 2676/4 2677/4 2687/4 2686/4
f 2689/4 2677/4 2676/4
f 2690/4 2686/4 2687/4
f 2677/4 2678/4 2688/4 2687/4
f 2689/4 2678/4 2677/4
f 2690/4 2687/4 2688/4
f 2678/4 2669/4 2679/4 2688/4
f 2689/4 2669/4 2678/4
f 2690/4 2688/4 2679/4
f 2709/4 2710/4 2718/4 2717/4
f 2725/4 2710/4 2709/4
f 2726/4 2717/4 2718/4
f 2710/4 2711/4 2719/4 2718/4
f 2725/4 2711/4 2710/4
f 2726/4 2718/4 2719/4
f 2711/4 2712/4 2720/4 2719/4
f 2725/4 2712/4 2711/4
f 2726/4 2719/4 2720/4
f 2712/4 2713/4 2721/4 2720/4
f 2725/4 2713/4 2712/4
f 2726/4 2720/4 2721/4
f 2713/4 2714/4 2722/4 2721/4
f 2725/4 2714/4 2713/4
f 2726/4 2721/4 2722/4
f 2714/4 2715/4 2723/4 2722/4
f 2725/4 2715/4 2714/4
f 2726/4 2722/4 2723/4
f 2715/4 2716/4 2724/4 2723/4
f 2725/4 2716/4 2715/4
f 2726/4 2723/4 2724/4
f 2716/4 2709/4 2717/4 2724/4
f 2725/4 2709/4 2716/4
f 2726/4 2724/4 2717/4
f 2773/4 2774/4 2746/4 2745/4
f 2774/4 2775/4 2747/4 2746/4
f 2775/4 2776/4 2748/4 2747/4
f 2776/4 2777/4 2749/4 2748/4
f 2777/4 2778/4 2750/4 2749/4
f 2778/4 2779/4 2751/4 2750/4
f 2779/4 2780/4 2752/4 2751/4
f 2780/4 2781/4 2753/4 2752/4
f 2781/4 2782/4 2754/4 2753/4
f 2782/4 2783/4 2755/4 2754/4
f 2783/4 2784/4 2756/4 2755/4
f 2784/4 2785/4 2757/4 2756/4
f 2785/4 2786/4 2758/4 2757/4
f 2786/4 2787/4 2759/4 2758/4
f 2787/4 2788/4 2760/4 2759/4
f 2788/4 2789/4 2761/4 2760/4
f 2789/4 2790/4 2762/4 2761/4
f 2790/4 2791/4 2763/4 2762/4
f 2791/4 2792/4 2764/4 2763/4
f 2792/4 2793/4 2765/4 2764/4
f 2793/4 2794/4 2766/4 2765/4
f 2794/4 2795/4 2767/4 2766/4
f 2795/4 2796/4 2768/4 2767/4
f 2796/4 2797/4 2769/4 2768/4
f 2797/4 2798/4 2770/4 2769/4
f 2798/4 2799/4 2771/4 2770/4
f 2799/4 2800/4 2772/4 2771/4
f 2800/4 2773/4 2745/4 2772/4
f 2885/4 2886/4 2858/4 2857/4
f 2886/4 2887/4 2859/4 2858/4
f 2887/4 2888/4 2860/4 2859/4
f 2888/4 2889/4 2861/4 2860/4
f 2889/4 2890/4 2862/4 2861/4
f 2890/4 2891/4 2863/4 2862/4
f 2891/4 2892/4 2864/4 2863/4
f 2892/4 2893/4 2865/4 2864/4
f 2893/4 2894/4 2866/4 2865/4
f 2894/4 2895/4 2867/4 2866/4
f 2895/4 2896/4 2868/4 2867/4
f 2896/4 2897/4 2869/4 2868/4
f 2897/4 2898/4 2870/4 2869/4
f 2898/4 2899/4 2871/4 2870/4
f 2899/4 2900/4 2872/4 2871/4
f 2900/4 2901/4 2873/4 2872/4
f 2901/4 2902/4 2874/4 2873/4
f 2902/4 2903/4 2875/4 2874/4
f 2903/4 2904/4 2876/4 2875/4
f 2904/4 2905/4 2877/4 2876/4
f 2905/4 2906/4 2878/4 2877/4
f 2906/4 2907/4 2879/4 2878/4
f 2907/4 2908/4 2880/4 2879/4
f 2908/4 2909/4 2881/4 2880/4
f 2909/4 2910/4 2882/4 2881/4
f 2910/4 2911/4 2883/4 2882/4
f 2911/4 2912/4 2884/4 2883/4
f 2912/4 2885/4 2857/4 2884/4
f 3219/4 3220/4 3226/4 3225/4
f 3231/4 3220/4 3219/4
f 3232/4 3225/4 3226/4
f 3220/4 3221/4 3227/4 3226/4
f 3231/4 3221/4 3220/4
f 3232/4 3226/4 3227/4
f 3221/4 3222/4 3228/4 3227/4
f 3231/4 3222/4 3221/4
f 3232/4 3227/4 3228/4
f 3222/4 3223/4 3229/4 3228/4
f 3231/4 3223/4 3222/4
f 3232/4 3228/4 3229/4
f 3223/4 3224/4 3230/4 3229/4
f 3231/4 3224/4 3223/4
f 3232/4 3229/4 3230/4
f 3224/4 3219/4 3225/4 3230/4
f 3231/4 3219/4 3224/4
f 3232/4 3230/4 3225/4
f 3233/4 3234/4 3240/4 3239/4
f 3245/4 3234/4 3233/4
f 3246/4 3239/4 3240/4
f 3234/4 3235/4 3241/4 3240/4
f 3245/4 3235/4 3234/4
f 3246/4 3240/4 3241/4
f 3235/4 3236/4 3242/4 3241/4
f 3245/4 3236/4 3235/4
f 3246/4 3241/4 3242/4
f 3236/4 3237/4 3243/4 3242/4
f 3245/4 3237/4 3236/4
f 3246/4 3242/4 3243/4
f 3237/4 3238/4 3244/4 3243/4
f 3245/4 3238/4 3237/4
f 3246/4 3243/4 3244/4
f 3238/4 3233/4 3239/4 3244/4
f 3245/4 3233/4 3238/4
f 3246/4 3244/4 3239/4
f 3247/4 3248/4 3254/4 3253/4
f 3259/4 3248/4 3247/4
f 3260/4 3253/4 3254/4
f 3248/4 3249/4 3255/4 3254/4
f 3259/4 3249/4 3248/4
f 3260/4 3254/4 3255/4
f 3249/4 3250/4 3256/4 3255/4
f 3259/4 3250/4 3249/4
f 3260/4 3255/4 3256/4
f 3250/4 3251/4 3257/4 3256/4
f 3259/4 3251/4 3250/4
f 3260/4 3256/4 3257/4
f 3251/4 3252/4 3258/4 3257/4
f 3259/4 3252/4 3251/4
f 3260/4 3257/4 3258/4
f 3252/4 3247/4 3253/4 3258/4
f 3259/4 3247/4 3252/4
f 3260/4 3258/4 3253/4
f 3261/4 3262/4 3268/4 3267/4
f 3273/4 3262/4 3261/4
f 3274/4 3267/4 3268/4
f 3262/4 3263/4 3269/4 3268/4
f 3273/4 3263/4 3262/4
f 3274/4 3268/4 3269/4
f 3263/4 3264/4 3270/4 3269/4
f 3273/4 3264/4 3263/4
f 3274/4 3269/4 3270/4
f 3264/4 3265/4 3271/4 3270/4
f 3273/4 3265/4 3264/4
f 3274/4 3270/4 3271/4
f 3265/4 3266/4 3272/4 3271/4
f 3273/4 3266/4 3265/4
f 3274/4 3271/4 3272/4
f 3266/4 3261/4 3267/4 3272/4
f 3273/4 3261/4 3266/4
f 3274/4 3272/4 3267/4
f 3275/4 3276/4 3282/4 3281/4
f 3287/4 3276/4 3275/4
f 3288/4 3281/4 3282/4
f 3276/4 3277/4 3283/4 3282/4
f 3287/4 3277/4 3276/4
f 3288/4 3282/4 3283/4
f 3277/4 3278/4 3284/4 3283/4
f 3287/4 3278/4 3277/4
f 3288/4 3283/4 3284/4
f 3278/4 3279/4 3285/4 3284/4
f 3287/4 3279/4 3278/4
f 3288/4 3284/4 3285/4
f 3279/4 3280/4 3286/4 3285/4
f 3287/4 3280/4 3279/4
f 3288/4 3285/4 3286/4
f 3280/4 3275/4 3281/4 3286/4
f 3287/4 3275/4 3280/4
f 3288/4 3286/4 3281/4
f 3289/4 3290/4 3296/4 3295/4
f 3301/4 3290/4 3289/4
f 3302/4 3295/4 3296/4
f 3290/4 3291/4 3297/4 3296/4
f 3301/4 3291/4 3290/4
f 3302/4 3296/4 3297/4
f 3291/4 3292/4 3298/4 3297/4
f 3301/4 3292/4 3291/4
f 3302/4 3297/4 3298/4
f 3292/4 3293/4 3299/4 3298/4
f 3301/4 3293/4 3292/4
f 3302/4 3298/4 3299/4
f 3293/4 3294/4 3300/4 3299/4
f 3301/4 3294/4 3293/4
f 3302/4 3299/4 3300/4
f 3294/4 3289/4 3295/4 3300/4
f 3301/4 3289/4 3294/4
f 3302/4 3300/4 3295/4
f 3303/4 3304/4 3310/4 3309/4
f 3315/4 3304/4 3303/4
f 3316/4 3309/4 3310/4
f 3304/4 3305/4 3311/4 3310/4
f 3315/4 3305/4 3304/4
f 3316/4 3310/4 3311/4
f 3305/4 3306/4 3312/4 3311/4
f 3315/4 3306/4 3305/4
f 3316/4 3311/4 3312/4
f 3306/4 3307/4 3313/4 3312/4
f 3315/4 3307/4 3306/4
f 3316/4 3312/4 3313/4
f 3307/4 3308/4 3314/4 3313/4
f 3315/4 3308/4 3307/4
f 3316/4 3313/4 3314/4
f 3308/4 3303/4 3309/4 3314/4
f 3315/4 3303/4 3308/4
f 3316/4 3314/4 3309/4
f 3317/4 3318/4 3324/4 3323/4
f 3329/4 3318/4 3317/4
f 3330/4 3323/4 3324/4
f 3318/4 3319/4 3325/4 3324/4
f 3329/4 3319/4 3318/4
f 3330/4 3324/4 3325/4
f 3319/4 3320/4 3326/4 3325/4
f 3329/4 3320/4 3319/4
f 3330/4 3325/4 3326/4
f 3320/4 3321/4 3327/4 3326/4
f 3329/4 3321/4 3320/4
f 3330/4 3326/4 3327/4
f 3321/4 3322/4 3328/4 3327/4
f 3329/4 3322/4 3321/4
f 3330/4 3327/4 3328/4
f 3322/4 3317/4 3323/4 3328/4
f 3329/4 3317/4 3322/4
f 3330/4 3328/4 3323/4
f 3491/4 3492/4 3502/4 3501/4
f 3511/4 3492/4 3491/4
f 3512/4 3501/4 3502/4
f 3492/4 3493/4 3503/4 3502/4
f 3511/4 3493/4 3492/4
f 3512/4 3502/4 3503/4
f 3493/4 3494/4 3504/4 3503/4
f 3511/4 3494/4 3493/4
f 3512/4 3503/4 3504/4
f 3494/4 3495/4 3505/4 3504/4
f 3511/4 3495/4 3494/4
f 3512/4 3504/4 3505/4
f 3495/4 3496/4 3506/4 3505/4
f 3511/4 3496/4 3495/4
f 3512/4 3505/4 3506/4
f 3496/4 3497/4 3507/4 3506/4
f 3511/4 3497/4 3496/4
f 3512/4 3506/4 3507/4
f 3497/4 3498/4 3508/4 3507/4
f 3511/4 3498/4 3497/4
f 3512/4 3507/4 3508/4
f 3498/4 3499/4 3509/4 3508/4
f 3511/4 3499/4 3498/4
f 3512/4 3508/4 3509/4
f 3499/4 3500/4 3510/4 3509/4
f 3511/4 3500/4 3499/4
f 3512/4 3509/4 3510/4
f 3500/4 3491/4 3501/4 3510/4
f 3511/4 3491/4 3500/4
f 3512/4 3510/4 3501/4
f 3531/4 3532/4 3540/4 3539/4
f 3547/4 3532/4 3531/4
f 3548/4 3539/4 3540/4
f 3532/4 3533/4 3541/4 3540/4
f 3547/4 3533/4 3532/4
f 3548/4 3540/4 3541/4
f 3533/4 3534/4 3542/4 3541/4
f 3547/4 3534/4 3533/4
f 3548/4 3541/4 3542/4
f 3534/4 3535/4 3543/4 3542/4
f 3547/4 3535/4 3534/4
f 3548/4 3542/4 3543/4
f 3535/4 3536/4 3544/4 3543/4
f 3547/4 3536/4 3535/4
f 3548/4 3543/4 3544/4
f 3536/4 3537/4 3545/4 3544/4
f 3547/4 3537/4 3536/4
f 3548/4 3544/4 3545/4
f 3537/4 3538/4 3546/4 3545/4
f 3547/4 3538/4 3537/4
f 3548/4 3545/4 3546/4
f 3538/4 3531/4 3539/4 3546/4
f 3547/4 3531/4 3538/4
f 3548/4 3546/4 3539/4
f 3595/4 3596/4 3568/4 3567/4
f 3596/4 3597/4 3569/4 3568/4
f 3597/4 3598/4 3570/4 3569/4
f 3598/4 3599/4 3571/4 3570/4
f 3599/4 3600/4 3572/4 3571/4
f 3600/4 3601/4 3573/4 3572/4
f 3601/4 3602/4 3574/4 3573/4
f 3602/4 3603/4 3575/4 3574/4
f 3603/4 3604/4 3576/4 3575/4
f 3604/4 3605/4 3577/4 3576/4
f 3605/4 3606/4 3578/4 3577/4
f 3606/4 3607/4 3579/4 3578/4
f 3607/4 3608/4 3580/4 3579/4
f 3608/4 3609/4 3581/4 3580/4
f 3609/4 3610/4 3582/4 3581/4
f 3610/4 3611/4 3583/4 3582/4
f 3611/4 3612/4 3584/4 3583/4
f 3612/4 3613/4 3585/4 3584/4
f 3613/4 3614/4 3586/4 3585/4
f 3614/4 3615/4 3587/4 3586/4
f 3615/4 3616/4 3588/4 3587/4
f 3616/4 3617/4 3589/4 3588/4
f 3617/4 3618/4 3590/4 3589/4
f 3618/4 3619/4 3591/4 3590/4
f 3619/4 3620/4 3592/4 3591/4
f 3620/4 3621/4 3593/4 3592/4
f 3621/4 3622/4 3594/4 3593/4
f 3622/4 3595/4 3567/4 3594/4
f 3707/4 3708/4 3680/4 3679/4
f 3708/4 3709/4 3681/4 3680/4
f 3709/4 3710/4 3682/4 3681/4
f 3710/4 3711/4 3683/4 3682/4
f 3711/4 3712/4 3684/4 3683/4
f 3712/4 3713/4 3685/4 3684/4
f 3713/4 3714/4 3686/4 3685/4
f 3714/4 3715/4 3687/4 3686/4
f 3715/4 3716/4 3688/4 3687/4
f 3716/4 3717/4 3689/4 3688/4
f 3717/4 3718/4 3690/4 3689/4
f 3718/4 3719/4 3691/4 3690/4
f 3719/4 3720/4 3692/4 3691/4
f 3720/4 3721/4 3693/4 3692/4
f 3721/4 3722/4 3694/4 3693/4
f 3722/4 3723/4 3695/4 3694/4
f 3723/4 3724/4 3696/4 3695/4
f 3724/4 3725/4 3697/4 3696/4
f 3725/4 3726/4 3698/4 3697/4
f 3726/4 3727/4 3699/4 3698/4
f 3727/4 3728/4 3700/4 3699/4
f 3728/4 3729/4 3701/4 3700/4
f 3729/4 3730/4 3702/4 3701/4
f 3730/4 3731/4 3703/4 3702/4
f 3731/4 3732/4 3704/4 3703/4
f 3732/4 3733/4 3705/4 3704/4
f 3733/4 3734/4 3706/4 3705/4
f 3734/4 3707/4 3679/4 3706/4
f 4041/4 4042/4 4048/4 4047/4
f 4053/4 4042/4 4041/4
f 4054/4 4047/4 4048/4
f 4042/4 4043/4 4049/4 4048/4
f 4053/4 4043/4 4042/4
f 4054/4 4048/4 4049/4
f 4043/4 4044/4 4050/4 4049/4
f 4053/4 4044/4 4043/4
f 4054/4 4049/4 4050/4
f 4044/4 4045/4 4051/4 4050/4
f 4053/4 4045/4 4044/4
f 4054/4 4050/4 4051/4
f 4045/4 4046/4 4052/4 4051/4
f 4053/4 4046/4 4045/4
f 4054/4 4051/4 4052/4
f 4046/4 4041/4 4047/4 4052/4
f 4053/4 4041/4 4046/4
f 4054/4 4052/4 4047/4
f 4055/4 4056/4 4062/4 4061/4
f 4067/4 4056/4 4055/4
f 4068/4 4061/4 4062/4
f 4056/4 4057/4 4063/4 4062/4
f 4067/4 4057/4 4056/4
f 4068/4 4062/4 4063/4
f 4057/4 4058/4 4064/4 4063/4
f 4067/4 4058/4 4057/4
f 4068/4 4063/4 4064/4
f 4058/4 4059/4 4065/4 4064/4
f 4067/4 4059/4 4058/4
f 4068/4 4064/4 4065/4
f 4059/4 4060/4 4066/4 4065/4
f 4067/4 4060/4 4059/4
f 4068/4 4065/4 4066/4
f 4060/4 4055/4 4061/4 4066/4
f 4067/4 4055/4 4060/4
f 4068/4 4066/4 4061/4
f 4069/4 4070/4 4076/4 4075/4
f 4081/4 4070/4 4069/4
f 4082/4 4075/4 4076/4
f 4070/4 4071/4 4077/4 4076/4
f 4081/4 4071/4 4070/4
f 4082/4 4076/4 4077/4
f 4071/4 4072/4 4078/4 4077/4
f 4081/4 4072/4 4071/4
f 4082/4 4077/4 4078/4
f 4072/4 4073/4 4079/4 4078/4
f 4081/4 4073/4 4072/4
f 4082/4 4078/4 4079/4
f 4073/4 4074/4 4080/4 4079/4
f 4081/4 4074/4 4073/4
f 4082/4 4079/4 4080/4
f 4074/4 4069/4 4075/4 4080/4
f 4081/4 4069/4 4074/4
f 4082/4 4080/4 4075/4
f 4083/4 4084/4 4090/4 4089/4
f 4095/4 4084/4 4083/4
f 4096/4 4089/4 4090/4
f 4084/4 4085/4 4091/4 4090/4
f 4095/4 4085/4 4084/4
f 4096/4 4090/4 4091/4
f 4085/4 4086/4 4092/4 4091/4
f 4095/4 4086/4 4085/4
f 4096/4 4091/4 4092/4
f 4086/4 4087/4 4093/4 4092/4
f 4095/4 4087/4 4086/4
f 4096/4 4092/4 4093/4
f 4087/4 4088/4 4094/4 4093/4
f 4095/4 4088/4 4087/4
f 4096/4 4093/4 4094/4
f 4088/4 4083/4 4089/4 4094/4
f 4095/4 4083/4 4088/4
f 4096/4 4094/4 4089/4
f 4097/4 4098/4 4104/4 4103/4
f 4109/4 4098/4 4097/4
f 4110/4 4103/4 4104/4
f 4098/4 4099/4 4105/4 4104/4
f 4109/4 4099/4 4098/4
f 4110/4 4104/4 4105/4
f 4099/4 4100/4 4106/4 4105/4
f 4109/4 4100/4 4099/4
f 4110/4 4105/4 4106/4
f 4100/4 4101/4 4107/4 4106/4
f 4109/4 4101/4 4100/4
f 4110/4 4106/4 4107/4
f 4101/4 4102/4 4108/4 4107/4
f 4109/4 4102/4 4101/4
f 4110/4 4107/4 4108/4
f 4102/4 4097/4 4103/4 4108/4
f 4109/4 4097/4 4102/4
f 4110/4 4108/4 4103/4
f 4111/4 4112/4 4118/4 4117/4
f 4123/4 4112/4 4111/4
f 4124/4 4117/4 4118/4
f 4112/4 4113/4 4119/4 4118/4
f 4123/4 4113/4 4112/4
f 4124/4 4118/4 4119/4
f 4113/4 4114/4 4120/4 4119/4
f 4123/4 4114/4 4113/4
f 4124/4 4119/4 4120/4
f 4114/4 4115/4 4121/4 4120/4
f 4123/4 4115/4 4114/4
f 4124/4 4120/4 4121/4
f 4115/4 4116/4 4122/4 4121/4
f 4123/4 4116/4 4115/4
f 4124/4 4121/4 4122/4
f 4116/4 4111/4 4117/4 4122/4
f 4123/4 4111/4 4116/4
f 4124/4 4122/4 4117/4
f 4125/4 4126/4 4132/4 4131/4
f 4137/4 4126/4 4125/4
f 4138/4 4131/4 4132/4
f 4126/4 4127/4 4133/4 4132/4
f 4137/4 4127/4 4126/4
f 4138/4 4132/4 4133/4
f 4127/4 4128/4 4134/4 4133/4
f 4137/4 4128/4 4127/4
f 4138/4 4133/4 4134/4
f 4128/4 4129/4 4135/4 4134/4
f 4137/4 4129/4 4128/4
f 4138/4 4134/4 4135/4
f 4129/4 4130/4 4136/4 4135/4
f 4137/4 4130/4 4129/4
f 4138/4 4135/4 4136/4
f 4130/4 4125/4 4131/4 4136/4
f 4137/4 4125/4 4130/4
f 4138/4 4136/4 4131/4
f 4139/4 4140/4 4146/4 4145/4
f 4151/4 4140/4 4139/4
f 4152/4 4145/4 4146/4
f 4140/4 4141/4 4147/4 4146/4
f 4151/4 4141/4 4140/4
f 4152/4 4146/4 4147/4
f 4141/4 4142/4 4148/4 4147/4
f 4151/4 4142/4 4141/4
f 4152/4 4147/4 4148/4
f 4142/4 4143/4 4149/4 4148/4
f 4151/4 4143/4 4142/4
f 4152/4 4148/4 4149/4
f 4143/4 4144/4 4150/4 4149/4
f 4151/4 4144/4 4143/4
f 4152/4 4149/4 4150/4
f 4144/4 4139/4 4145/4 4150/4
f 4151/4 4139/4 4144/4
f 4152/4 4150/4 4145/4
f 4313/4 4314/4 4324/4 4323/4
f 4333/4 4314/4 4313/4
f 4334/4 4323/4 4324/4
f 4314/4 4315/4 4325/4 4324/4
f 4333/4 4315/4 4314/4
f 4334/4 4324/4 4325/4
f 4315/4 4316/4 4326/4 4325/4
f 4333/4 4316/4 4315/4
f 4334/4 4325/4 4326/4
f 4316/4 4317/4 4327/4 4326/4
f 4333/4 4317/4 4316/4
f 4334/4 4326/4 4327/4
f 4317/4 4318/4 4328/4 4327/4
f 4333/4 4318/4 4317/4
f 4334/4 4327/4 4328/4
f 4318/4 4319/4 4329/4 4328/4
f 4333/4 4319/4 4318/4
f 4334/4 4328/4 4329/4
f 4319/4 4320/4 4330/4 4329/4
f 4333/4 4320/4 4319/4
f 4334/4 4329/4 4330/4
f 4320/4 4321/4 4331/4 4330/4
f 4333/4 4321/4 4320/4
f 4334/4 4330/4 4331/4
f 4321/4 4322/4 4332/4 4331/4
f 4333/4 4322/4 4321/4
f 4334/4 4331/4 4332/4
f 4322/4 4313/4 4323/4 4332/4
f 4333/4 4313/4 4322/4
f 4334/4 4332/4 4323/4
f 4353/4 4354/4 4362/4 4361/4
f 4369/4 4354/4 4353/4
f 4370/4 4361/4 4362/4
f 4354/4 4355/4 4363/4 4362/4
f 4369/4 4355/4 4354/4
f 4370/4 4362/4 4363/4
f 4355/4 4356/4 4364/4 4363/4
f 4369/4 4356/4 4355/4
f 4370/4 4363/4 4364/4
f 4356/4 4357/4 4365/4 4364/4
f 4369/4 4357/4 4356/4
f 4370/4 4364/4 4365/4
f 4357/4 4358/4 4366/4 4365/4
f 4369/4 4358/4 4357/4
f 4370/4 4365/4 4366/4
f 4358/4 4359/4 4367/4 4366/4
f 4369/4 4359/4 4358/4
f 4370/4 4366/4 4367/4
f 4359/4 4360/4 4368/4 4367/4
f 4369/4 4360/4 4359/4
f 4370/4 4367/4 4368/4
f 4360/4 4353/4 4361/4 4368/4
f 4369/4 4353/4 4360/4
f 4370/4 4368/4 4361/4
f 4417/4 4418/4 4390/4 4389/4
f 4418/4 4419/4 4391/4 4390/4
f 4419/4 4420/4 4392/4 4391/4
f 4420/4 4421/4 4393/4 4392/4
f 4421/4 4422/4 4394/4 4393/4
f 4422/4 4423/4 4395/4 4394/4
f 4423/4 4424/4 4396/4 4395/4
f 4424/4 4425/4 4397/4 4396/4
f 4425/4 4426/4 4398/4 4397/4
f 4426/4 4427/4 4399/4 4398/4
f 4427/4 4428/4 4400/4 4399/4
f 4428/4 4429/4 4401/4 4400/4
f 4429/4 4430/4 4402/4 4401/4
f 4430/4 4431/4 4403/4 4402/4
f 4431/4 4432/4 4404/4 4403/4
f 4432/4 4433/4 4405/4 4404/4
f 4433/4 4434/4 4406/4 4405/4
f 4434/4 4435/4 4407/4 4406/4
f 4435/4 4436/4 4408/4 4407/4
f 4436/4 4437/4 4409/4 4408/4
f 4437/4 4438/4 4410/4 4409/4
f 4438/4 4439/4 4411/4 4410/4
f 4439/4 4440/4 4412/4 4411/4
f 4440/4 4441/4 4413/4 4412/4
f 4441/4 4442/4 4414/4 4413/4
f 4442/4 4443/4 4415/4 4414/4
f 4443/4 4444/4 4416/4 4415/4
f 4444/4 4417/4 4389/4 4416/4
f 4529/4 4530/4 4502/4 4501/4
f 4530/4 4531/4 4503/4 4502/4
f 4531/4 4532/4 4504/4 4503/4
f 4532/4 4533/4 4505/4 4504/4
f 4533/4 4534/4 4506/4 4505/4
f 4534/4 4535/4 4507/4 4506/4
f 4535/4 4536/4 4508/4 4507/4
f 4536/4 4537/4 4509/4 4508/4
f 4537/4 4538/4 4510/4 4509/4
f 4538/4 4539/4 4511/4 4510/4
f 4539/4 4540/4 4512/4 4511/4
f 4540/4 4541/4 4513/4 4512/4
f 4541/4 4542/4 4514/4 4513/4
f 4542/4 4543/4 4515/4 4514/4
f 4543/4 4544/4 4516/4 4515/4
f 4544/4 4545/4 4517/4 4516/4
f 4545/4 4546/4 4518/4 4517/4
f 4546/4 4547/4 4519/4 4518/4
f 4547/4 4548/4 4520/4 4519/4
f 4548/4 4549/4 4521/4 4520/4
f 4549/4 4550/4 4522/4 4521/4
f 4550/4 4551/4 4523/4 4522/4
f 4551/4 4552/4 4524/4 4523/4
f 4552/4 4553/4 4525/4 4524/4
f 4553/4 4554/4 4526/4 4525/4
f 4554/4 4555/4 4527/4 4526/4
f 4555/4 4556/4 4528/4 4527/4
f 4556/4 4529/4 4501/4 4528/4
f 4863/4 4864/4 4870/4 4869/4
f 4875/4 4864/4 4863/4
f 4876/4 4869/4 4870/4
f 4864/4 4865/4 4871/4 4870/4
f 4875/4 4865/4 4864/4
f 4876/4 4870/4 4871/4
f 4865/4 4866/4 4872/4 4871/4
f 4875/4 4866/4 4865/4
f 4876/4 4871/4 4872/4
f 4866/4 4867/4 4873/4 4872/4
f 4875/4 4867/4 4866/4
f 4876/4 4872/4 4873/4
f 4867/4 4868/4 4874/4 4873/4
f 4875/4 4868/4 4867/4
f 4876/4 4873/4 4874/4
f 4868/4 4863/4 4869/4 4874/4
f 4875/4 4863/4 4868/4
f 4876/4 4874/4 4869/4
f 4877/4 4878/4 4884/4 4883/4
f 4889/4 4878/4 4877/4
f 4890/4 4883/4 4884/4
f 4878/4 4879/4 4885/4 4884/4
f 4889/4 4879/4 4878/4
f 4890/4 4884/4 4885/4
f 4879/4 4880/4 4886/4 4885/4
f 4889/4 4880/4 4879/4
f 4890/4 4885/4 4886/4
f 4880/4 4881/4 4887/4 4886/4
f 4889/4 4881/4 4880/4
f 4890/4 4886/4 4887/4
f 4881/4 4882/4 4888/4 4887/4
f 4889/4 4882/4 4881/4
f 4890/4 4887/4 4888/4
f 4882/4 4877/4 4883/4 4888/4
f 4889/4 4877/4 4882/4
f 4890/4 4888/4 4883/4
f 4891/4 4892/4 4898/4 4897/4
f 4903/4 4892/4 4891/4
f 4904/4 4897/4 4898/4
f 4892/4 4893/4 4899/4 4898/4
f 4903/4 4893/4 4892/4
f 4904/4 4898/4 4899/4
f 4893/4 4894/4 4900/4 4899/4
f 4903/4 4894/4 4893/4
f 4904/4 4899/4 4900/4
f 4894/4 4895/4 4901/4 4900/4
f 4903/4 4895/4 4894/4
f 4904/4 4900/4 4901/4
f 4895/4 4896/4 4902/4 4901/4
f 4903/4 4896/4 4895/4
f 4904/4 4901/4 4902/4
f 4896/4 4891/4 4897/4 4902/4
f 4903/4 4891/4 4896/4
f 4904/4 4902/4 4897/4
f 4905/4 4906/4 4912/4 4911/4
f 4917/4 4906/4 4905/4
f 4918/4 4911/4 4912/4
f 4906/4 4907/4 4913/4 4912/4
f 4917/4 4907/4 4906/4
f 4918/4 4912/4 4913/4
f 4907/4 4908/4 4914/4 4913/4
f 4917/4 4908/4 4907/4
f 4918/4 4913/4 4914/4
f 4908/4 4909/4 4915/4 4914/4
f 4917/4 4909/4 4908/4
f 4918/4 4914/4 4915/4
f 4909/4 4910/4 4916/4 4915/4
f 4917/4 4910/4 4909/4
f 4918/4 4915/4 4916/4
f 4910/4 4905/4 4911/4 4916/4
f 4917/4 4905/4 4910/4
f 4918/4 4916/4 4911/4
f 4919/4 4920/4 4926/4 4925/4
f 4931/4 4920/4 4919/4
f 4932/4 4925/4 4926/4
f 4920/4 4921/4 4927/4 4926/4
f 4931/4 4921/4 4920/4
f 4932/4 4926/4 4927/4
f 4921/4 4922/4 4928/4 4927/4
f 4931/4 4922/4 4921/4
f 4932/4 4927/4 4928/4
f 4922/4 4923/4 4929/4 4928/4
f 4931/4 4923/4 4922/4
f 4932/4 4928/4 4929/4
f 4923/4 4924/4 4930/4 4929/4
f 4931/4 4924/4 4923/4
f 4932/4 4929/4 4930/4
f 4924/4 4919/4 4925/4 4930/4
f 4931/4 4919/4 4924/4
f 4932/4 4930/4 4925/4
f 4933/4 4934/4 4940/4 4939/4
f 4945/4 4934/4 4933/4
f 4946/4 4939/4 4940/4
f 4934/4 4935/4 4941/4 4940/4
f 4945/4 4935/4 4934/4
f 4946/4 4940/4 4941/4
f 4935/4 4936/4 4942/4 4941/4
f 4945/4 4936/4 4935/4
f 4946/4 4941/4 4942/4
f 4936/4 4937/4 4943/4 4942/4
f 4945/4 4937/4 4936/4
f 4946/4 4942/4 4943/4
f 4937/4 4938/4 4944/4 4943/4
f 4945/4 4938/4 4937/4
f 4946/4 4943/4 4944/4
f 4938/4 4933/4 4939/4 4944/4
f 4945/4 4933/4 4938/4
f 4946/4 4944/4 4939/4
f 4947/4 4948/4 4954/4 4953/4
f 4959/4 4948/4 4947/4
f 4960/4 4953/4 4954/4
f 4948/4 4949/4 4955/4 4954/4
f 4959/4 4949/4 4948/4
f 4960/4 4954/4 4955/4
f 4949/4 4950/4 4956/4 4955/4
f 4959/4 4950/4 4949/4
f 4960/4 4955/4 4956/4
f 4950/4 4951/4 4957/4 4956/4
f 4959/4 4951/4 4950/4
f 4960/4 4956/4 4957/4
f 4951/4 4952/4 4958/4 4957/4
f 4959/4 4952/4 4951/4
f 4960/4 4957/4 4958/4
f 4952/4 4947/4 4953/4 4958/4
f 4959/4 4947/4 4952/4
f 4960/4 4958/4 4953/4
f 4961/4 4962/4 4968/4 4967/4
f 4973/4 4962/4 4961/4
f 4974/4 4967/4 4968/4
f 4962/4 4963/4 4969/4 4968/4
f 4973/4 4963/4 4962/4
f 4974/4 4968/4 4969/4
f 4963/4 4964/4 4970/4 4969/4
f 4973/4 4964/4 4963/4
f 4974/4 4969/4 4970/4
f 4964/4 4965/4 4971/4 4970/4
f 4973/4 4965/4 4964/4
f 4974/4 4970/4 4971/4
f 4965/4 4966/4 4972/4 4971/4
f 4973/4 4966/4 4965/4
f 4974/4 4971/4 4972/4
f 4966/4 4961/4 4967/4 4972/4
f 4973/4 4961/4 4966/4
f 4974/4 4972/4 4967/4
f 5135/4 5136/4 5146/4 5145/4
f 5155/4 5136/4 5135/4
f 5156/4 5145/4 5146/4
f 5136/4 5137/4 5147/4 5146/4
f 5155/4 5137/4 5136/4
f 5156/4 5146/4 5147/4
f 5137/4 5138/4 5148/4 5147/4
f 5155/4 5138/4 5137/4
f 5156/4 5147/4 5148/4
f 5138/4 5139/4 5149/4 5148/4
f 5155/4 5139/4 5138/4
f 5156/4 5148/4 5149/4
f 5139/4 5140/4 5150/4 5149/4
f 5155/4 5140/4 5139/4
f 5156/4 5149/4 5150/4
f 5140/4 5141/4 5151/4 5150/4
f 5155/4 5141/4 5140/4
f 5156/4 5150/4 5151/4
f 5141/4 5142/4 5152/4 5151/4
f 5155/4 5142/4 5141/4
f 5156/4 5151/4 5152/4
f 5142/4 5143/4 5153/4 5152/4
f 5155/4 5143/4 5142/4
f 5156/4 5152/4 5153/4
f 5143/4 5144/4 5154/4 5153/4
f 5155/4 5144/4 5143/4
f 5156/4 5153/4 5154/4
f 5144/4 5135/4 5145/4 5154/4
f 5155/4 5135/4 5144/4
f 5156/4 5154/4 5145/4
f 5175/4 5176/4 5184/4 5183/4
f 5191/4 5176/4 5175/4
f 5192/4 5183/4 5184/4
f 5176/4 5177/4 5185/4 5184/4
f 5191/4 5177/4 5176/4
f 5192/4 5184/4 5185/4
f 5177/4 5178/4 5186/4 5185/4
f 5191/4 5178/4 5177/4
f 5192/4 5185/4 5186/4
f 5178/4 5179/4 5187/4 5186/4
f 5191/4 5179/4 5178/4
f 5192/4 5186/4 5187/4
f 5179/4 5180/4 5188/4 5187/4
f 5191/4 5180/4 5179/4
f 5192/4 5187/4 5188/4
f 5180/4 5181/4 5189/4 5188/4
f 5191/4 5181/4 5180/4
f 5192/4 5188/4 5189/4
f 5181/4 5182/4 5190/4 5189/4
f 5191/4 5182/4 5181/4
f 5192/4 5189/4 5190/4
f 5182/4 5175/4 5183/4 5190/4
f 5191/4 5175/4 5182/4
f 5192/4 5190/4 5183/4
f 5239/4 5240/4 5212/4 5211/4
f 5240/4 5241/4 5213/4 5212/4
f 5241/4 5242/4 5214/4 5213/4
f 5242/4 5243/4 5215/4 5214/4
f 5243/4 5244/4 5216/4 5215/4
f 5244/4 5245/4 5217/4 5216/4
f 5245/4 5246/4 5218/4 5217/4
f 5246/4 5247/4 5219/4 5218/4
f 5247/4 5248/4 5220/4 5219/4
f 5248/4 5249/4 5221/4 5220/4
f 5249/4 5250/4 5222/4 5221/4
f 5250/4 5251/4 5223/4 5222/4
f 5251/4 5252/4 5224/4 5223/4
f 5252/4 5253/4 5225/4 5224/4
f 5253/4 5254/4 5226/4 5225/4
f 5254/4 5255/4 5227/4 5226/4
f 5255/4 5256/4 5228/4 5227/4
f 5256/4 5257/4 5229/4 5228/4
f 5257/4 5258/4 5230/4 5229/4
f 5258/4 5259/4 5231/4 5230/4
f 5259/4 5260/4 5232/4 5231/4
f 5260/4 5261/4 5233/4 5232/4
f 5261/4 5262/4 5234/4 5233/4
f 5262/4 5263/4 5235/4 5234/4
f 5263/4 5264/4 5236/4 5235/4
f 5264/4 5265/4 5237/4 5236/4
f 5265/4 5266/4 5238/4 5237/4
f 5266/4 5239/4 5211/4 5238/4
f 5351/4 5352/4 5324/4 5323/4
f 5352/4 5353/4 5325/4 5324/4
f 5353/4 5354/4 5326/4 5325/4
f 5354/4 5355/4 5327/4 5326/4
f 5355/4 5356/4 5328/4 5327/4
f 5356/4 5357/4 5329/4 5328/4
f 5357/4 5358/4 5330/4 5329/4
f 5358/4 5359/4 5331/4 5330/4
f 5359/4 5360/4 5332/4 5331/4
f 5360/4 5361/4 5333/4 5332/4
f 5361/4 5362/4 5334/4 5333/4
f 5362/4 5363/4 5335/4 5334/4
f 5363/4 5364/4 5336/4 5335/4
f 5364/4 5365/4 5337/4 5336/4
f 5365/4 5366/4 5338/4 5337/4
f 5366/4 5367/4 5339/4 5338/4
f 5367/4 5368/4 5340/4 5339/4
f 5368/4 5369/4 5341/4 5340/4
f 5369/4 5370/4 5342/4 5341/4
f 5370/4 5371/4 5343/4 5342/4
f 5371/4 5372/4 5344/4 5343/4
f 5372/4 5373/4 5345/4 5344/4
f 5373/4 5374/4 5346/4 5345/4
f 5374/4 5375/4 5347/4 5346/4
f 5375/4 5376/4 5348/4 5347/4
f 5376/4 5377/4 5349/4 5348/4
f 5377/4 5378/4 5350/4 5349/4
f 5378/4 5351/4 5323/4 5350/4
f 5685/4 5686/4 5692/4 5691/4
f 5697/4 5686/4 5685/4
f 5698/4 5691/4 5692/4
f 5686/4 5687/4 5693/4 5692/4
f 5697/4 5687/4 5686/4
f 5698/4 5692/4 5693/4
f 5687/4 5688/4 5694/4 5693/4
f 5697/4 5688/4 5687/4
f 5698/4 5693/4 5694/4
f 5688/4 5689/4 5695/4 5694/4
f 5697/4 5689/4 5688/4
f 5698/4 5694/4 5695/4
f 5689/4 5690/4 5696/4 5695/4
f 5697/4 5690/4 5689/4
f 5698/4 5695/4 5696/4
f 5690/4 5685/4 5691/4 5696/4
f 5697/4 5685/4 5690/4
f 5698/4 5696/4 5691/4
f 5699/4 5700/4 5706/4 5705/4
f 5711/4 5700/4 5699/4
f 5712/4 5705/4 5706/4
f 5700/4 5701/4 5707/4 5706/4
f 5711/4 5701/4 5700/4
f 5712/4 5706/4 5707/4
f 5701/4 5702/4 5708/4 5707/4
f 5711/4 5702/4 5701/4
f 5712/4 5707/4 5708/4
f 5702/4 5703/4 5709/4 5708/4
f 5711/4 5703/4 5702/4
f 5712/4 5708/4 5709/4
f 5703/4 5704/4 5710/4 5709/4
f 5711/4 5704/4 5703/4
f 5712/4 5709/4 5710/4
f 5704/4 5699/4 5705/4 5710/4
f 5711/4 5699/4 5704/4
f 5712/4 5710/4 5705/4
f 5713/4 5714/4 5720/4 5719/4
f 5725/4 5714/4 5713/4
f 5726/4 5719/4 5720/4
f 5714/4 5715/4 5721/4 5720/4
f 5725/4 5715/4 5714/4
f 5726/4 5720/4 5721/4
f 5715/4 5716/4 5722/4 5721/4
f 5725/4 5716/4 5715/4
f 5726/4 5721/4 5722/4
f 5716/4 5717/4 5723/4 5722/4
f 5725/4 5717/4 5716/4
f 5726/4 5722/4 5723/4
f 5717/4 5718/4 5724/4 5723/4
f 5725/4 5718/4 5717/4
f 5726/4 5723/4 5724/4
f 5718/4 5713/4 5719/4 5724/4
f 5725/4 5713/4 5718/4
f 5726/4 5724/4 5719/4
f 5727/4 5728/4 5734/4 5733/4
f 5739/4 5728/4 5727/4
f 5740/4 5733/4 5734/4
f 5728/4 5729/4 5735/4 5734/4
f 5739/4 5729/4 5728/4
f 5740/4 5734/4 5735/4
f 5729/4 5730/4 5736/4 5735/4
f 5739/4 5730/4 5729/4
f 5740/4 5735/4 5736/4
f 5730/4 5731/4 5737/4 5736/4
f 5739/4 5731/4 5730/4
f 5740/4 5736/4 5737/4
f 5731/4 5732/4 5738/4 5737/4
f 5739/4 5732/4 5731/4
f 5740/4 5737/4 5738/4
f 5732/4 5727/4 5733/4 5738/4
f 5739/4 5727/4 5732/4
f 5740/4 5738/4 5733/4
f 5741/4 5742/4 5748/4 5747/4
f 5753/4 5742/4 5741/4
f 5754/4 5747/4 5748/4
f 5742/4 5743/4 5749/4 5748/4
f 5753/4 5743/4 5742/4
f 5754/4 5748/4 5749/4
f 5743/4 5744/4 5750/4 5749/4
f 5753/4 5744/4 5743/4
f 5754/4 5749/4 5750/4
f 5744/4 5745/4 5751/4 5750/4
f 5753/4 5745/4 5744/4
f 5754/4 5750/4 5751/4
f 5745/4 5746/4 5752/4 5751/4
f 5753/4 5746/4 5745/4
f 5754/4 5751/4 5752/4
f 5746/4 5741/4 5747/4 5752/4
f 5753/4 5741/4 5746/4
f 5754/4 5752/4 5747/4
f 5755/4 5756/4 5762/4 5761/4
f 5767/4 5756/4 5755/4
f 5768/4 5761/4 5762/4
f 5756/4 5757/4 5763/4 5762/4
f 5767/4 5757/4 5756/4
f 5768/4 5762/4 5763/4
f 5757/4 5758/4 5764/4 5763/4
f 5767/4 5758/4 5757/4
f 5768/4 5763/4 5764/4
f 5758/4 5759/4 5765/4 5764/4
f 5767/4 5759/4 5758/4
f 5768/4 5764/4 5765/4
f 5759/4 5760/4 5766/4 5765/4
f 5767/4 5760/4 5759/4
f 5768/4 5765/4 5766/4
f 5760/4 5755/4 5761/4 5766/4
f 5767/4 5755/4 5760/4
f 5768/4 5766/4 5761/4
f 5769/4 5770/4 5776/4 5775/4
f 5781/4 5770/4 5769/4
f 5782/4 5775/4 5776/4
f 5770/4 5771/4 5777/4 5776/4
f 5781/4 5771/4 5770/4
f 5782/4 5776/4 5777/4
f 5771/4 5772/4 5778/4 5777/4
f 5781/4 5772/4 5771/4
f 5782/4 5777/4 5778/4
f 5772/4 5773/4 5779/4 5778/4
f 5781/4 5773/4 5772/4
f 5782/4 5778/4 5779/4
f 5773/4 5774/4 5780/4 5779/4
f 5781/4 5774/4 5773/4
f 5782/4 5779/4 5780/4
f 5774/4 5769/4 5775/4 5780/4
f 5781/4 5769/4 5774/4
f 5782/4 5780/4 5775/4
f 5783/4 5784/4 5790/4 5789/4
f 5795/4 5784/4 5783/4
f 5796/4 5789/4 5790/4
f 5784/4 5785/4 5791/4 5790/4
f 5795/4 5785/4 5784/4
f 5796/4 5790/4 5791/4
f 5785/4 5786/4 5792/4 5791/4
f 5795/4 5786/4 5785/4
f 5796/4 5791/4 5792/4
f 5786/4 5787/4 5793/4 5792/4
f 5795/4 5787/4 5786/4
f 5796/4 5792/4 5793/4
f 5787/4 5788/4 5794/4 5793/4
f 5795/4 5788/4 5787/4
f 5796/4 5793/4 5794/4
f 5788/4 5783/4 5789/4 5794/4
f 5795/4 5783/4 5788/4
f 5796/4 5794/4 5789/4
f 5957/4 5958/4 5965/4 5964/4
f 5958/4 5959/4 5966/4 5965/4
f 5959/4 5960/4 5967/4 5966/4
f 5960/4 5961/4 5968/4 5967/4
f 5961/4 5962/4 5969/4 5968/4
f 5962/4 5963/4 5970/4 5969/4
f 5963/4 5957/4 5964/4 5970/4
f 5964/4 5965/4 5972/4 5971/4
f 5965/4 5966/4 5973/4 5972/4
f 5966/4 5967/4 5974/4 5973/4
f 5967/4 5968/4 5975/4 5974/4
f 5968/4 5969/4 5976/4 5975/4
f 5969/4 5970/4 5977/4 5976/4
f 5970/4 5964/4 5971/4 5977/4
f 5971/4 5972/4 5979/4 5978/4
f 5972/4 5973/4 5980/4 5979/4
f 5973/4 5974/4 5981/4 5980/4
f 5974/4 5975/4 5982/4 5981/4
f 5975/4 5976/4 5983/4 5982/4
f 5976/4 5977/4 5984/4 5983/4
f 5977/4 5971/4 5978/4 5984/4
f 5978/4 5979/4 5986/4 5985/4
f 5979/4 5980/4 5987/4 5986/4
f 5980/4 5981/4 5988/4 5987/4
f 5981/4 5982/4 5989/4 5988/4
f 5982/4 5983/4 5990/4 5989/4
f 5983/4 5984/4 5991/4 5990/4
f 5984/4 5978/4 5985/4 5991/4
f 5985/4 5986/4 5993/4 5992/4
f 5986/4 5987/4 5994/4 5993/4
f 5987/4 5988/4 5995/4 5994/4
f 5988/4 5989/4 5996/4 5995/4
f 5989/4 5990/4 5997/4 5996/4
f 5990/4 5991/4 5998/4 5997/4
f 5991/4 5985/4 5992/4 5998/4
f 5992/4 5993/4 6000/4 5999/4
f 5993/4 5994/4 6001/4 6000/4
f 5994/4 5995/4 6002/4 6001/4
f 5995/4 5996/4 6003/4 6002/4
f 5996/4 5997/4 6004/4 6003/4
f 5997/4 5998/4 6005/4 6004/4
f 5998/4 5992/4 5999/4 6005/4
f 5999/4 6000/4 6007/4 6006/4
f 6000/4 6001/4 6008/4 6007/4
f 6001/4 6002/4 6009/4 6008/4
f 6002/4 6003/4 6010/4 6009/4
f 6003/4 6004/4 6011/4 6010/4
f 6004/4 6005/4 6012/4 6011/4
f 6005/4 5999/4 6006/4 6012/4
f 6006/4 6007/4 6014/4 6013/4
f 6007/4 6008/4 6015/4 6014/4
f 6008/4 6009/4 6016/4 6015/4
f 6009/4 6010/4 6017/4 6016/4
f 6010/4 6011/4 6018/4 6017/4
f 6011/4 6012/4 6019/4 6018/4
f 6012/4 6006/4 6013/4 6019/4
f 6013/4 6014/4 6021/4 6020/4
f 6014/4 6015/4 6022/4 6021/4
f 6015/4 6016/4 6023/4 6022/4
f 6016/4 6017/4 6024/4 6023/4
f 6017/4 6018/4 6025/4 6024/4
f 6018/4 6019/4 6026/4 6025/4
f 6019/4 6013/4 6020/4 6026/4
f 6020/4 6021/4 6028/4 6027/4
f 6021/4 6022/4 6029/4 6028/4
f 6022/4 6023/4 6030/4 6029/4
f 6023/4 6024/4 6031/4 6030/4
f 6024/4 6025/4 6032/4 6031/4
f 6025/4 6026/4 6033/4 6032/4
f 6026/4 6020/4 6027/4 6033/4
f 6027/4 6028/4 6035/4 6034/4
f 6028/4 6029/4 6036/4 6035/4
f 6029/4 6030/4 6037/4 6036/4
f 6030/4 6031/4 6038/4 6037/4
f 6031/4 6032/4 6039/4 6038/4
f 6032/4 6033/4 6040/4 6039/4
f 6033/4 6027/4 6034/4 6040/4
f 6034/4 6035/4 6042/4 6041/4
f 6035/4 6036/4 6043/4 6042/4
f 6036/4 6037/4 6044/4 6043/4
f 6037/4 6038/4 6045/4 6044/4
f 6038/4 6039/4 6046/4 6045/4
f 6039/4 6040/4 6047/4 6046/4
f 6040/4 6034/4 6041/4 6047/4
f 6041/4 6042/4 6049/4 6048/4
f 6042/4 6043/4 6050/4 6049/4
f 6043/4 6044/4 6051/4 6050/4
f 6044/4 6045/4 6052/4 6051/4
f 6045/4 6046/4 6053/4 6052/4
f 6046/4 6047/4 6054/4 6053/4
f 6047/4 6041/4 6048/4 6054/4
f 6048/4 6049/4 6056/4 6055/4
f 6049/4 6050/4 6057/4 6056/4
f 6050/4 6051/4 6058/4 6057/4
f 6051/4 6052/4 6059/4 6058/4
f 6052/4 6053/4 6060/4 6059/4
f 6053/4 6054/4 6061/4 6060/4
f 6054/4 6048/4 6055/4 6061/4
f 6055/4 6056/4 6063/4 6062/4
f 6056/4 6057/4 6064/4 6063/4
f 6057/4 6058/4 6065/4 6064/4
f 6058/4 6059/4 6066/4 6065/4
f 6059/4 6060/4 6067/4 6066/4
f 6060/4 6061/4 6068/4 6067/4
f 6061/4 6055/4 6062/4 6068/4
f 6062/4 6063/4 6070/4 6069/4
f 6063/4 6064/4 6071/4 6070/4
f 6064/4 6065/4 6072/4 6071/4
f 6065/4 6066/4 6073/4 6072/4
f 6066/4 6067/4 6074/4 6073/4
f 6067/4 6068/4 6075/4 6074/4
f 6068/4 6062/4 6069/4 6075/4
f 6069/4 6070/4 6077/4 6076/4
f 6070/4 6071/4 6078/4 6077/4
f 6071/4 6072/4 6079/4 6078/4
f 6072/4 6073/4 6080/4 6079/4
f 6073/4 6074/4 6081/4 6080/4
f 6074/4 6075/4 6082/4 6081/4
f 6075/4 6069/4 6076/4 6082/4
f 6076/4 6077/4 6084/4 6083/4
f 6077/4 6078/4 6085/4 6084/4
f 6078/4 6079/4 6086/4 6085/4
f 6079/4 6080/4 6087/4 6086/4
f 6080/4 6081/4 6088/4 6087/4
f 6081/4 6082/4 6089/4 6088/4
f 6082/4 6076/4 6083/4 6089/4
f 6083/4 6084/4 6091/4 6090/4
f 6084/4 6085/4 6092/4 6091/4
f 6085/4 6086/4 6093/4 6092/4
f 6086/4 6087/4 6094/4 6093/4
f 6087/4 6088/4 6095/4 6094/4
f 6088/4 6089/4 6096/4 6095/4
f 6089/4 6083/4 6090/4 6096/4
f 6090/4 6091/4 6098/4 6097/4
f 6091/4 6092/4 6099/4 6098/4
f 6092/4 6093/4 6100/4 6099/4
f 6093/4 6094/4 6101/4 6100/4
f 6094/4 6095/4 6102/4 6101/4
f 6095/4 6096/4 6103/4 6102/4
f 6096/4 6090/4 6097/4 6103/4
f 6097/4 6098/4 6105/4 6104/4
f 6098/4 6099/4 6106/4 6105/4
f 6099/4 6100/4 6107/4 6106/4
f 6100/4 6101/4 6108/4 6107/4
f 6101/4 6102/4 6109/4 6108/4
f 6102/4 6103/4 6110/4 6109/4
f 6103/4 6097/4 6104/4 6110/4
f 6104/4 6105/4 6112/4 6111/4
f 6105/4 6106/4 6113/4 6112/4
f 6106/4 6107/4 6114/4 6113/4
f 6107/4 6108/4 6115/4 6114/4
f 6108/4 6109/4 6116/4 6115/4
f 6109/4 6110/4 6117/4 6116/4
f 6110/4 6104/4 6111/4 6117/4
f 6111/4 6112/4 6119/4 6118/4
f 6112/4 6113/4 6120/4 6119/4
f 6113/4 6114/4 6121/4 6120/4
f 6114/4 6115/4 6122/4 6121/4
f 6115/4 6116/4 6123/4 6122/4
f 6116/4 6117/4 6124/4 6123/4
f 6117/4 6111/4 6118/4 6124/4
f 6118/4 6119/4 6126/4 6125/4
f 6119/4 6120/4 6127/4 6126/4
f 6120/4 6121/4 6128/4 6127/4
f 6121/4 6122/4 6129/4 6128/4
f 6122/4 6123/4 6130/4 6129/4
f 6123/4 6124/4 6131/4 6130/4
f 6124/4 6118/4 6125/4 6131/4
f 6125/4 6126/4 6133/4 6132/4
f 6126/4 6127/4 6134/4 6133/4
f 6127/4 6128/4 6135/4 6134/4
f 6128/4 6129/4 6136/4 6135/4
f 6129/4 6130/4 6137/4 6136/4
f 6130/4 6131/4 6138/4 6137/4
f 6131/4 6125/4 6132/4 6138/4
f 6132/4 6133/4 6140/4 6139/4
f 6133/4 6134/4 6141/4 6140/4
f 6134/4 6135/4 6142/4 6141/4
f 6135/4 6136/4 6143/4 6142/4
f 6136/4 6137/4 6144/4 6143/4
f 6137/4 6138/4 6145/4 6144/4
f 6138/4 6132/4 6139/4 6145/4
f 6139/4 6140/4 6147/4 6146/4
f 6140/4 6141/4 6148/4 6147/4
f 6141/4 6142/4 6149/4 6148/4
f 6142/4 6143/4 6150/4 6149/4
f 6143/4 6144/4 6151/4 6150/4
f 6144/4 6145/4 6152/4 6151/4
f 6145/4 6139/4 6146/4 6152/4
f 6146/4 6147/4 6154/4 6153/4
f 6147/4 6148/4 6155/4 6154/4
f 6148/4 6149/4 6156/4 6155/4
f 6149/4 6150/4 6157/4 6156/4
f 6150/4 6151/4 6158/4 6157/4
f 6151/4 6152/4 6159/4 6158/4
f 6152/4 6146/4 6153/4 6159/4
f 6153/4 6154/4 6161/4 6160/4
f 6154/4 6155/4 6162/4 6161/4
f 6155/4 6156/4 6163/4 6162/4
f 6156/4 6157/4 6164/4 6163/4
f 6157/4 6158/4 6165/4 6164/4
f 6158/4 6159/4 6166/4 6165/4
f 6159/4 6153/4 6160/4 6166/4
f 6160/4 6161/4 6168/4 6167/4
f 6161/4 6162/4 6169/4 6168/4
f 6162/4 6163/4 6170/4 6169/4
f 6163/4 6164/4 6171/4 6170/4
f 6164/4 6165/4 6172/4 6171/4
f 6165/4 6166/4 6173/4 6172/4
f 6166/4 6160/4 6167/4 6173/4
f 6167/4 6168/4 6175/4 6174/4
f 6168/4 6169/4 6176/4 6175/4
f 6169/4 6170/4 6177/4 6176/4
f 6170/4 6171/4 6178/4 6177/4
f 6171/4 6172/4 6179/4 6178/4
f 6172/4 6173/4 6180/4 6179/4
f 6173/4 6167/4 6174/4 6180/4
f 6174/4 6175/4 6182/4 6181/4
f 6175/4 6176/4 6183/4 6182/4
f 6176/4 6177/4 6184/4 6183/4
f 6177/4 6178/4 6185/4 6184/4
f 6178/4 6179/4 6186/4 6185/4
f 6179/4 6180/4 6187/4 6186/4
f 6180/4 6174/4 6181/4 6187/4
f 6181/4 6182/4 6189/4 6188/4
f 6182/4 6183/4 6190/4 6189/4
f 6183/4 6184/4 6191/4 6190/4
f 6184/4 6185/4 6192/4 6191/4
f 6185/4 6186/4 6193/4 6192/4
f 6186/4 6187/4 6194/4 6193/4
f 6187/4 6181/4 6188/4 6194/4
f 6188/4 6189/4 6196/4 6195/4
f 6189/4 6190/4 6197/4 6196/4
f 6190/4 6191/4 6198/4 6197/4
f 6191/4 6192/4 6199/4 6198/4
f 6192/4 6193/4 6200/4 6199/4
f 6193/4 6194/4 6201/4 6200/4
f 6194/4 6188/4 6195/4 6201/4
f 6195/4 6196/4 6203/4 6202/4
f 6196/4 6197/4 6204/4 6203/4
f 6197/4 6198/4 6205/4 6204/4
f 6198/4 6199/4 6206/4 6205/4
f 6199/4 6200/4 6207/4 6206/4
f 6200/4 6201/4 6208/4 6207/4
f 6201/4 6195/4 6202/4 6208/4
f 6202/4 6203/4 6210/4 6209/4
f 6203/4 6204/4 6211/4 6210/4
f 6204/4 6205/4 6212/4 6211/4
f 6205/4 6206/4 6213/4 6212/4
f 6206/4 6207/4 6214/4 6213/4
f 6207/4 6208/4 6215/4 6214/4
f 6208/4 6202/4 6209/4 6215/4
f 6209/4 6210/4 6217/4 6216/4
f 6210/4 6211/4 6218/4 6217/4
f 6211/4 6212/4 6219/4 6218/4
f 6212/4 6213/4 6220/4 6219/4
f 6213/4 6214/4 6221/4 6220/4
f 6214/4 6215/4 6222/4 6221/4
f 6215/4 6209/4 6216/4 6222/4
f 6216/4 6217/4 6224/4 6223/4
f 6217/4 6218/4 6225/4 6224/4
f 6218/4 6219/4 6226/4 6225/4
f 6219/4 6220/4 6227/4 6226/4
f 6220/4 6221/4 6228/4 6227/4
f 6221/4 6222/4 6229/4 6228/4
f 6222/4 6216/4 6223/4 6229/4
f 6223/4 6224/4 6231/4 6230/4
f 6224/4 6225/4 6232/4 6231/4
f 6225/4 6226/4 6233/4 6232/4
f 6226/4 6227/4 6234/4 6233/4
f 6227/4 6228/4 6235/4 6234/4
f 6228/4 6229/4 6236/4 6235/4
f 6229/4 6223/4 6230/4 6236/4
f 6230/4 6231/4 6238/4 6237/4
f 6231/4 6232/4 6239/4 6238/4
f 6232/4 6233/4 6240/4 6239/4
f 6233/4 6234/4 6241/4 6240/4
f 6234/4 6235/4 6242/4 6241/4
f 6235/4 6236/4 6243/4 6242/4
f 6236/4 6230/4 6237/4 6243/4
f 6237/4 6238/4 6245/4 6244/4
f 6238/4 6239/4 6246/4 6245/4
f 6239/4 6240/4 6247/4 6246/4
f 6240/4 6241/4 6248/4 6247/4
f 6241/4 6242/4 6249/4 6248/4
f 6242/4 6243/4 6250/4 6249/4
f 6243/4 6237/4 6244/4 6250/4
f 6244/4 6245/4 6252/4 6251/4
f 6245/4 6246/4 6253/4 6252/4
f 6246/4 6247/4 6254/4 6253/4
f 6247/4 6248/4 6255/4 6254/4
f 6248/4 6249/4 6256/4 6255/4
f 6249/4 6250/4 6257/4 6256/4
f 6250/4 6244/4 6251/4 6257/4
f 6251/4 6252/4 6259/4 6258/4
f 6252/4 6253/4 6260/4 6259/4
f 6253/4 6254/4 6261/4 6260/4
f 6254/4 6255/4 6262/4 6261/4
f 6255/4 6256/4 6263/4 6262/4
f 6256/4 6257/4 6264/4 6263/4
f 6257/4 6251/4 6258/4 6264/4
f 6258/4 6259/4 6266/4 6265/4
f 6259/4 6260/4 6267/4 6266/4
f 6260/4 6261/4 6268/4 6267/4
f 6261/4 6262/4 6269/4 6268/4
f 6262/4 6263/4 6270/4 6269/4
f 6263/4 6264/4 6271/4 6270/4
f 6264/4 6258/4 6265/4 6271/4
f 6265/4 6266/4 6273/4 6272/4
f 6266/4 6267/4 6274/4 6273/4
f 6267/4 6268/4 6275/4 6274/4
f 6268/4 6269/4 6276/4 6275/4
f 6269/4 6270/4 6277/4 6276/4
f 6270/4 6271/4 6278/4 6277/4
f 6271/4 6265/4 6272/4 6278/4
f 6272/4 6273/4 6280/4 6279/4
f 6273/4 6274/4 6281/4 6280/4
f 6274/4 6275/4 6282/4 6281/4
f 6275/4 6276/4 6283/4 6282/4
f 6276/4 6277/4 6284/4 6283/4
f 6277/4 6278/4 6285/4 6284/4
f 6278/4 6272/4 6279/4 6285/4
f 6279/4 6280/4 6287/4 6286/4
f 6280/4 6281/4 6288/4 6287/4
f 6281/4 6282/4 6289/4 6288/4
f 6282/4 6283/4 6290/4 6289/4
f 6283/4 6284/4 6291/4 6290/4
f 6284/4 6285/4 6292/4 6291/4
f 6285/4 6279/4 6286/4 6292/4
f 6286/4 6287/4 5958/4 5957/4
f 6287/4 6288/4 5959/4 5958/4
f 6288/4 6289/4 5960/4 5959/4
f 6289/4 6290/4 5961/4 5960/4
f 6290/4 6291/4 5962/4 5961/4
f 6291/4 6292/4 5963/4 5962/4
f 6292/4 6286/4 5957/4 5963/4
f 6294/4 6293/4 6313/4
f 6303/4 6304/4 6314/4
f 6294/4 6304/4 6303/4 6293/4
f 6295/4 6294/4 6313/4
f 6304/4 6305/4 6314/4
f 6295/4 6305/4 6304/4 6294/4
f 6296/4 6295/4 6313/4
f 6305/4 6306/4 6314/4
f 6296/4 6306/4 6305/4 6295/4
f 6297/4 6296/4 6313/4
f 6306/4 6307/4 6314/4
f 6297/4 6307/4 6306/4 6296/4
f 6298/4 6297/4 6313/4
f 6307/4 6308/4 6314/4
f 6298/4 6308/4 6307/4 6297/4
f 6299/4 6298/4 6313/4
f 6308/4 6309/4 6314/4
f 6299/4 6309/4 6308/4 6298/4
f 6300/4 6299/4 6313/4
f 6309/4 6310/4 6314/4
f 6300/4 6310/4 6309/4 6299/4
f 6301/4 6300/4 6313/4
f 6310/4 6311/4 6314/4
f 6301/4 6311/4 6310/4 6300/4
f 6302/4 6301/4 6313/4
f 6311/4 6312/4 6314/4
f 6302/4 6312/4 6311/4 6301/4
f 6293/4 6302/4 6313/4
f 6312/4 6303/4 6314/4
f 6293/4 6303/4 6312/4 6302/4
usemtl coral
f 97/2 98/2 66/2 65/2
f 98/2 99/2 67/2 66/2
f 99/2 100/2 68/2 67/2
f 100/2 101/2 69/2 68/2
f 101/2 102/2 70/2 69/2
f 102/2 103/2 71/2 70/2
f 103/2 104/2 72/2 71/2
f 104/2 105/2 73/2 72/2
f 105/2 106/2 74/2 73/2
f 106/2 107/2 75/2 74/2
f 107/2 108/2 76/2 75/2
f 108/2 109/2 77/2 76/2
f 109/2 110/2 78/2 77/2
f 110/2 111/2 79/2 78/2
f 111/2 112/2 80/2 79/2
f 112/2 113/2 81/2 80/2
f 113/2 114/2 82/2 81/2
f 114/2 115/2 83/2 82/2
f 115/2 116/2 84/2 83/2
f 116/2 117/2 85/2 84/2
f 117/2 118/2 86/2 85/2
f 118/2 119/2 87/2 86/2
f 119/2 120/2 88/2 87/2
f 120/2 121/2 89/2 88/2
f 121/2 122/2 90/2 89/2
f 122/2 123/2 91/2 90/2
f 123/2 124/2 92/2 91/2
f 124/2 125/2 93/2 92/2
f 125/2 126/2 94/2 93/2
f 126/2 127/2 95/2 94/2
f 127/2 128/2 96/2 95/2
f 128/2 97/2 65/2 96/2
f 289/2 290/2 258/2 257/2
f 290/2 291/2 259/2 258/2
f 291/2 292/2 260/2 259/2
f 292/2 293/2 261/2 260/2
f 293/2 294/2 262/2 261/2
f 294/2 295/2 263/2 262/2
f 295/2 296/2 264/2 263/2
f 296/2 297/2 265/2 264/2
f 297/2 298/2 266/2 265/2
f 298/2 299/2 267/2 266/2
f 299/2 300/2 268/2 267/2
f 300/2 301/2 269/2 268/2
f 301/2 302/2 270/2 269/2
f 302/2 303/2 271/2 270/2
f 303/2 304/2 272/2 271/2
f 304/2 305/2 273/2 272/2
f 305/2 306/2 274/2 273/2
f 306/2 307/2 275/2 274/2
f 307/2 308/2 276/2 275/2
f 308/2 309/2 277/2 276/2
f 309/2 310/2 278/2 277/2
f 310/2 311/2 279/2 278/2
f 311/2 312/2 280/2 279/2
f 312/2 313/2 281/2 280/2
f 313/2 314/2 282/2 281/2
f 314/2 315/2 283/2 282/2
f 315/2 316/2 284/2 283/2
f 316/2 317/2 285/2 284/2
f 317/2 318/2 286/2 285/2
f 318/2 319/2 287/2 286/2
f 319/2 320/2 288/2 287/2
f 320/2 289/2 257/2 288/2
f 577/2 578/2 585/2 584/2
f 578/2 579/2 586/2 585/2
f 579/2 580/2 587/2 586/2
f 580/2 581/2 588/2 587/2
f 581/2 582/2 589/2 588/2
f 582/2 583/2 590/2 589/2
f 583/2 577/2 584/2 590/2
f 584/2 585/2 592/2 591/2
f 585/2 586/2 593/2 592/2
f 586/2 587/2 594/2 593/2
f 587/2 588/2 595/2 594/2
f 588/2 589/2 596/2 595/2
f 589/2 590/2 597/2 596/2
f 590/2 584/2 591/2 597/2
f 591/2 592/2 599/2 598/2
f 592/2 593/2 600/2 599/2
f 593/2 594/2 601/2 600/2
f 594/2 595/2 602/2 601/2
f 595/2 596/2 603/2 602/2
f 596/2 597/2 604/2 603/2
f 597/2 591/2 598/2 604/2
f 598/2 599/2 606/2 605/2
f 599/2 600/2 607/2 606/2
f 600/2 601/2 608/2 607/2
f 601/2 602/2 609/2 608/2
f 602/2 603/2 610/2 609/2
f 603/2 604/2 611/2 610/2
f 604/2 598/2 605/2 611/2
f 605/2 606/2 613/2 612/2
f 606/2 607/2 614/2 613/2
f 607/2 608/2 615/2 614/2
f 608/2 609/2 616/2 615/2
f 609/2 610/2 617/2 616/2
f 610/2 611/2 618/2 617/2
f 611/2 605/2 612/2 618/2
f 612/2 613/2 620/2 619/2
f 613/2 614/2 621/2 620/2
f 614/2 615/2 622/2 621/2
f 615/2 616/2 623/2 622/2
f 616/2 617/2 624/2 623/2
f 617/2 618/2 625/2 624/2
f 618/2 612/2 619/2 625/2
f 619/2 620/2 627/2 626/2
f 620/2 621/2 628/2 627/2
f 621/2 622/2 629/2 628/2
f 622/2 623/2 630/2 629/2
f 623/2 624/2 631/2 630/2
f 624/2 625/2 632/2 631/2
f 625/2 619/2 626/2 632/2
f 626/2 627/2 634/2 633/2
f 627/2 628/2 635/2 634/2
f 628/2 629/2 636/2 635/2
f 629/2 630/2 637/2 636/2
f 630/2 631/2 638/2 637/2
f 631/2 632/2 639/2 638/2
f 632/2 626/2 633/2 639/2
f 633/2 634/2 641/2 640/2
f 634/2 635/2 642/2 641/2
f 635/2 636/2 643/2 642/2
f 636/2 637/2 644/2 643/2
f 637/2 638/2 645/2 644/2
f 638/2 639/2 646/2 645/2
f 639/2 633/2 640/2 646/2
f 640/2 641/2 648/2 647/2
f 641/2 642/2 649/2 648/2
f 642/2 643/2 650/2 649/2
f 643/2 644/2 651/2 650/2
f 644/2 645/2 652/2 651/2
f 645/2 646/2 653/2 652/2
f 646/2 640/2 647/2 653/2
f 647/2 648/2 655/2 654/2
f 648/2 649/2 656/2 655/2
f 649/2 650/2 657/2 656/2
f 650/2 651/2 658/2 657/2
f 651/2 652/2 659/2 658/2
f 652/2 653/2 660/2 659/2
f 653/2 647/2 654/2 660/2
f 654/2 655/2 662/2 661/2
f 655/2 656/2 663/2 662/2
f 656/2 657/2 664/2 663/2
f 657/2 658/2 665/2 664/2
f 658/2 659/2 666/2 665/2
f 659/2 660/2 667/2 666/2
f 660/2 654/2 661/2 667/2
f 661/2 662/2 669/2 668/2
f 662/2 663/2 670/2 669/2
f 663/2 664/2 671/2 670/2
f 664/2 665/2 672/2 671/2
f 665/2 666/2 673/2 672/2
f 666/2 667/2 674/2 673/2
f 667/2 661/2 668/2 674/2
f 668/2 669/2 676/2 675/2
f 669/2 670/2 677/2 676/2
f 670/2 671/2 678/2 677/2
f 671/2 672/2 679/2 678/2
f 672/2 673/2 680/2 679/2
f 673/2 674/2 681/2 680/2
f 674/2 668/2 675/2 681/2
f 675/2 676/2 683/2 682/2
f 676/2 677/2 684/2 683/2
f 677/2 678/2 685/2 684/2
f 678/2 679/2 686/2 685/2
f 679/2 680/2 687/2 686/2
f 680/2 681/2 688/2 687/2
f 681/2 675/2 682/2 688/2
f 682/2 683/2 690/2 689/2
f 683/2 684/2 691/2 690/2
f 684/2 685/2 692/2 691/2
f 685/2 686/2 693/2 692/2
f 686/2 687/2 694/2 693/2
f 687/2 688/2 695/2 694/2
f 688/2 682/2 689/2 695/2
f 689/2 690/2 697/2 696/2
f 690/2 691/2 698/2 697/2
f 691/2 692/2 699/2 698/2
f 692/2 693/2 700/2 699/2
f 693/2 694/2 701/2 700/2
f 694/2 695/2 702/2 701/2
f 695/2 689/2 696/2 702/2
f 696/2 697/2 704/2 703/2
f 697/2 698/2 705/2 704/2
f 698/2 699/2 706/2 705/2
f 699/2 700/2 707/2 706/2
f 700/2 701/2 708/2 707/2
f 701/2 702/2 709/2 708/2
f 702/2 696/2 703/2 709/2
f 703/2 704/2 711/2 710/2
f 704/2 705/2 712/2 711/2
f 705/2 706/2 713/2 712/2
f 706/2 707/2 714/2 713/2
f 707/2 708/2 715/2 714/2
f 708/2 709/2 716/2 715/2
f 709/2 703/2 710/2 716/2
f 710/2 711/2 718/2 717/2
f 711/2 712/2 719/2 718/2
f 712/2 713/2 720/2 719/2
f 713/2 714/2 721/2 720/2
f 714/2 715/2 722/2 721/2
f 715/2 716/2 723/2 722/2
f 716/2 710/2 717/2 723/2
f 717/2 718/2 725/2 724/2
f 718/2 719/2 726/2 725/2
f 719/2 720/2 727/2 726/2
f 720/2 721/2 728/2 727/2
f 721/2 722/2 729/2 728/2
f 722/2 723/2 730/2 729/2
f 723/2 717/2 724/2 730/2
f 724/2 725/2 732/2 731/2
f 725/2 726/2 733/2 732/2
f 726/2 727/2 734/2 733/2
f 727/2 728/2 735/2 734/2
f 728/2 729/2 736/2 735/2
f 729/2 730/2 737/2 736/2
f 730/2 724/2 731/2 737/2
f 731/2 732/2 739/2 738/2
f 732/2 733/2 740/2 739/2
f 733/2 734/2 741/2 740/2
f 734/2 735/2 742/2 741/2
f 735/2 736/2 743/2 742/2
f 736/2 737/2 744/2 743/2
f 737/2 731/2 738/2 744/2
f 738/2 739/2 746/2 745/2
f 739/2 740/2 747/2 746/2
f 740/2 741/2 748/2 747/2
f 741/2 742/2 749/2 748/2
f 742/2 743/2 750/2 749/2
f 743/2 744/2 751/2 750/2
f 744/2 738/2 745/2 751/2
f 745/2 746/2 753/2 752/2
f 746/2 747/2 754/2 753/2
f 747/2 748/2 755/2 754/2
f 748/2 749/2 756/2 755/2
f 749/2 750/2 757/2 756/2
f 750/2 751/2 758/2 757/2
f 751/2 745/2 752/2 758/2
f 752/2 753/2 760/2 759/2
f 753/2 754/2 761/2 760/2
f 754/2 755/2 762/2 761/2
f 755/2 756/2 763/2 762/2
f 756/2 757/2 764/2 763/2
f 757/2 758/2 765/2 764/2
f 758/2 752/2 759/2 765/2
f 759/2 760/2 767/2 766/2
f 760/2 761/2 768/2 767/2
f 761/2 762/2 769/2 768/2
f 762/2 763/2 770/2 769/2
f 763/2 764/2 771/2 770/2
f 764/2 765/2 772/2 771/2
f 765/2 759/2 766/2 772/2
f 766/2 767/2 774/2 773/2
f 767/2 768/2 775/2 774/2
f 768/2 769/2 776/2 775/2
f 769/2 770/2 777/2 776/2
f 770/2 771/2 778/2 777/2
f 771/2 772/2 779/2 778/2
f 772/2 766/2 773/2 779/2
f 773/2 774/2 781/2 780/2
f 774/2 775/2 782/2 781/2
f 775/2 776/2 783/2 782/2
f 776/2 777/2 784/2 783/2
f 777/2 778/2 785/2 784/2
f 778/2 779/2 786/2 785/2
f 779/2 773/2 780/2 786/2
f 780/2 781/2 788/2 787/2
f 781/2 782/2 789/2 788/2
f 782/2 783/2 790/2 789/2
f 783/2 784/2 791/2 790/2
f 784/2 785/2 792/2 791/2
f 785/2 786/2 793/2 792/2
f 786/2 780/2 787/2 793/2
f 787/2 788/2 795/2 794/2
f 788/2 789/2 796/2 795/2
f 789/2 790/2 797/2 796/2
f 790/2 791/2 798/2 797/2
f 791/2 792/2 799/2 798/2
f 792/2 793/2 800/2 799/2
f 793/2 787/2 794/2 800/2
f 794/2 795/2 578/2 577/2
f 795/2 796/2 579/2 578/2
f 796/2 797/2 580/2 579/2
f 797/2 798/2 581/2 580/2
f 798/2 799/2 582/2 581/2
f 799/2 800/2 583/2 582/2
f 800/2 794/2 577/2 583/2
f 1047/2 1048/2 1056/2 1055/2
f 1063/2 1048/2 1047/2
f 1064/2 1055/2 1056/2
f 1048/2 1049/2 1057/2 1056/2
f 1063/2 1049/2 1048/2
f 1064/2 1056/2 1057/2
f 1049/2 1050/2 1058/2 1057/2
f 1063/2 1050/2 1049/2
f 1064/2 1057/2 1058/2
f 1050/2 1051/2 1059/2 1058/2
f 1063/2 1051/2 1050/2
f 1064/2 1058/2 1059/2
f 1051/2 1052/2 1060/2 1059/2
f 1063/2 1052/2 1051/2
f 1064/2 1059/2 1060/2
f 1052/2 1053/2 1061/2 1060/2
f 1063/2 1053/2 1052/2
f 1064/2 1060/2 1061/2
f 1053/2 1054/2 1062/2 1061/2
f 1063/2 1054/2 1053/2
f 1064/2 1061/2 1062/2
f 1054/2 1047/2 1055/2 1062/2
f 1063/2 1047/2 1054/2
f 1064/2 1062/2 1055/2
f 1157/2 1158/2 1130/2 1129/2
f 1158/2 1159/2 1131/2 1130/2
f 1159/2 1160/2 1132/2 1131/2
f 1160/2 1161/2 1133/2 1132/2
f 1161/2 1162/2 1134/2 1133/2
f 1162/2 1163/2 1135/2 1134/2
f 1163/2 1164/2 1136/2 1135/2
f 1164/2 1165/2 1137/2 1136/2
f 1165/2 1166/2 1138/2 1137/2
f 1166/2 1167/2 1139/2 1138/2
f 1167/2 1168/2 1140/2 1139/2
f 1168/2 1169/2 1141/2 1140/2
f 1169/2 1170/2 1142/2 1141/2
f 1170/2 1171/2 1143/2 1142/2
f 1171/2 1172/2 1144/2 1143/2
f 1172/2 1173/2 1145/2 1144/2
f 1173/2 1174/2 1146/2 1145/2
f 1174/2 1175/2 1147/2 1146/2
f 1175/2 1176/2 1148/2 1147/2
f 1176/2 1177/2 1149/2 1148/2
f 1177/2 1178/2 1150/2 1149/2
f 1178/2 1179/2 1151/2 1150/2
f 1179/2 1180/2 1152/2 1151/2
f 1180/2 1181/2 1153/2 1152/2
f 1181/2 1182/2 1154/2 1153/2
f 1182/2 1183/2 1155/2 1154/2
f 1183/2 1184/2 1156/2 1155/2
f 1184/2 1157/2 1129/2 1156/2
f 1185/2 1186/2 1158/2 1157/2
f 1186/2 1187/2 1159/2 1158/2
f 1187/2 1188/2 1160/2 1159/2
f 1188/2 1189/2 1161/2 1160/2
f 1189/2 1190/2 1162/2 1161/2
f 1190/2 1191/2 1163/2 1162/2
f 1191/2 1192/2 1164/2 1163/2
f 1192/2 1193/2 1165/2 1164/2
f 1193/2 1194/2 1166/2 1165/2
f 1194/2 1195/2 1167/2 1166/2
f 1195/2 1196/2 1168/2 1167/2
f 1196/2 1197/2 1169/2 1168/2
f 1197/2 1198/2 1170/2 1169/2
f 1198/2 1199/2 1171/2 1170/2
f 1199/2 1200/2 1172/2 1171/2
f 1200/2 1201/2 1173/2 1172/2
f 1201/2 1202/2 1174/2 1173/2
f 1202/2 1203/2 1175/2 1174/2
f 1203/2 1204/2 1176/2 1175/2
f 1204/2 1205/2 1177/2 1176/2
f 1205/2 1206/2 1178/2 1177/2
f 1206/2 1207/2 1179/2 1178/2
f 1207/2 1208/2 1180/2 1179/2
f 1208/2 1209/2 1181/2 1180/2
f 1209/2 1210/2 1182/2 1181/2
f 1210/2 1211/2 1183/2 1182/2
f 1211/2 1212/2 1184/2 1183/2
f 1212/2 1185/2 1157/2 1184/2
f 1213/2 1214/2 1186/2 1185/2
f 1214/2 1215/2 1187/2 1186/2
f 1215/2 1216/2 1188/2 1187/2
f 1216/2 1217/2 1189/2 1188/2
f 1217/2 1218/2 1190/2 1189/2
f 1218/2 1219/2 1191/2 1190/2
f 1219/2 1220/2 1192/2 1191/2
f 1220/2 1221/2 1193/2 1192/2
f 1221/2 1222/2 1194/2 1193/2
f 1222/2 1223/2 1195/2 1194/2
f 1223/2 1224/2 1196/2 1195/2
f 1224/2 1225/2 1197/2 1196/2
f 1225/2 1226/2 1198/2 1197/2
f 1226/2 1227/2 1199/2 1198/2
f 1227/2 1228/2 1200/2 1199/2
f 1228/2 1229/2 1201/2 1200/2
f 1229/2 1230/2 1202/2 1201/2
f 1230/2 1231/2 1203/2 1202/2
f 1231/2 1232/2 1204/2 1203/2
f 1232/2 1233/2 1205/2 1204/2
f 1233/2 1234/2 1206/2 1205/2
f 1234/2 1235/2 1207/2 1206/2
f 1235/2 1236/2 1208/2 1207/2
f 1236/2 1237/2 1209/2 1208/2
f 1237/2 1238/2 1210/2 1209/2
f 1238/2 1239/2 1211/2 1210/2
f 1239/2 1240/2 1212/2 1211/2
f 1240/2 1213/2 1185/2 1212/2
f 1869/2 1870/2 1878/2 1877/2
f 1885/2 1870/2 1869/2
f 1886/2 1877/2 1878/2
f 1870/2 1871/2 1879/2 1878/2
f 1885/2 1871/2 1870/2
f 1886/2 1878/2 1879/2
f 1871/2 1872/2 1880/2 1879/2
f 1885/2 1872/2 1871/2
f 1886/2 1879/2 1880/2
f 1872/2 1873/2 1881/2 1880/2
f 1885/2 1873/2 1872/2
f 1886/2 1880/2 1881/2
f 1873/2 1874/2 1882/2 1881/2
f 1885/2 1874/2 1873/2
f 1886/2 1881/2 1882/2
f 1874/2 1875/2 1883/2 1882/2
f 1885/2 1875/2 1874/2
f 1886/2 1882/2 1883/2
f 1875/2 1876/2 1884/2 1883/2
f 1885/2 1876/2 1875/2
f 1886/2 1883/2 1884/2
f 1876/2 1869/2 1877/2 1884/2
f 1885/2 1869/2 1876/2
f 1886/2 1884/2 1877/2
f 2691/2 2692/2 2700/2 2699/2
f 2707/2 2692/2 2691/2
f 2708/2 2699/2 2700/2
f 2692/2 2693/2 2701/2 2700/2
f 2707/2 2693/2 2692/2
f 2708/2 2700/2 2701/2
f 2693/2 2694/2 2702/2 2701/2
f 2707/2 2694/2 2693/2
f 2708/2 2701/2 2702/2
f 2694/2 2695/2 2703/2 2702/2
f 2707/2 2695/2 2694/2
f 2708/2 2702/2 2703/2
f 2695/2 2696/2 2704/2 2703/2
f 2707/2 2696/2 2695/2
f 2708/2 2703/2 2704/2
f 2696/2 2697/2 2705/2 2704/2
f 2707/2 2697/2 2696/2
f 2708/2 2704/2 2705/2
f 2697/2 2698/2 2706/2 2705/2
f 2707/2 2698/2 2697/2
f 2708/2 2705/2 2706/2
f 2698/2 2691/2 2699/2 2706/2
f 2707/2 2691/2 2698/2
f 2708/2 2706/2 2699/2
f 3513/2 3514/2 3522/2 3521/2
f 3529/2 3514/2 3513/2
f 3530/2 3521/2 3522/2
f 3514/2 3515/2 3523/2 3522/2
f 3529/2 3515/2 3514/2
f 3530/2 3522/2 3523/2
f 3515/2 3516/2 3524/2 3523/2
f 3529/2 3516/2 3515/2
f 3530/2 3523/2 3524/2
f 3516/2 3517/2 3525/2 3524/2
f 3529/2 3517/2 3516/2
f 3530/2 3524/2 3525/2
f 3517/2 3518/2 3526/2 3525/2
f 3529/2 3518/2 3517/2
f 3530/2 3525/2 3526/2
f 3518/2 3519/2 3527/2 3526/2
f 3529/2 3519/2 3518/2
f 3530/2 3526/2 3527/2
f 3519/2 3520/2 3528/2 3527/2
f 3529/2 3520/2 3519/2
f 3530/2 3527/2 3528/2
f 3520/2 3513/2 3521/2 3528/2
f 3529/2 3513/2 3520/2
f 3530/2 3528/2 3521/2
f 3623/2 3624/2 3596/2 3595/2
f 3624/2 3625/2 3597/2 3596/2
f 3625/2 3626/2 3598/2 3597/2
f 3626/2 3627/2 3599/2 3598/2
f 3627/2 3628/2 3600/2 3599/2
f 3628/2 3629/2 3601/2 3600/2
f 3629/2 3630/2 3602/2 3601/2
f 3630/2 3631/2 3603/2 3602/2
f 3631/2 3632/2 3604/2 3603/2
f 3632/2 3633/2 3605/2 3604/2
f 3633/2 3634/2 3606/2 3605/2
f 3634/2 3635/2 3607/2 3606/2
f 3635/2 3636/2 3608/2 3607/2
f 3636/2 3637/2 3609/2 3608/2
f 3637/2 3638/2 3610/2 3609/2
f 3638/2 3639/2 3611/2 3610/2
f 3639/2 3640/2 3612/2 3611/2
f 3640/2 3641/2 3613/2 3612/2
f 3641/2 3642/2 3614/2 3613/2
f 3642/2 3643/2 3615/2 3614/2
f 3643/2 3644/2 3616/2 3615/2
f 3644/2 3645/2 3617/2 3616/2
f 3645/2 3646/2 3618/2 3617/2
f 3646/2 3647/2 3619/2 3618/2
f 3647/2 3648/2 3620/2 3619/2
f 3648/2 3649/2 3621/2 3620/2
f 3649/2 3650/2 3622/2 3621/2
f 3650/2 3623/2 3595/2 3622/2
f 3651/2 3652/2 3624/2 3623/2
f 3652/2 3653/2 3625/2 3624/2
f 3653/2 3654/2 3626/2 3625/2
f 3654/2 3655/2 3627/2 3626/2
f 3655/2 3656/2 3628/2 3627/2
f 3656/2 3657/2 3629/2 3628/2
f 3657/2 3658/2 3630/2 3629/2
f 3658/2 3659/2 3631/2 3630/2
f 3659/2 3660/2 3632/2 3631/2
f 3660/2 3661/2 3633/2 3632/2
f 3661/2 3662/2 3634/2 3633/2
f 3662/2 3663/2 3635/2 3634/2
f 3663/2 3664/2 3636/2 3635/2
f 3664/2 3665/2 3637/2 3636/2
f 3665/2 3666/2 3638/2 3637/2
f 3666/2 3667/2 3639/2 3638/2
f 3667/2 3668/2 3640/2 3639/2
f 3668/2 3669/2 3641/2 3640/2
f 3669/2 3670/2 3642/2 3641/2
f 3670/2 3671/2 3643/2 3642/2
f 3671/2 3672/2 3644/2 3643/2
f 3672/2 3673/2 3645/2 3644/2
f 3673/2 3674/2 3646/2 3645/2
f 3674/2 3675/2 3647/2 3646/2
f 3675/2 3676/2 3648/2 3647/2
f 3676/2 3677/2 3649/2 3648/2
f 3677/2 3678/2 3650/2 3649/2
f 3678/2 3651/2 3623/2 3650/2
f 3679/2 3680/2 3652/2 3651/2
f 3680/2 3681/2 3653/2 3652/2
f 3681/2 3682/2 3654/2 3653/2
f 3682/2 3683/2 3655/2 3654/2
f 3683/2 3684/2 3656/2 3655/2
f 3684/2 3685/2 3657/2 3656/2
f 3685/2 3686/2 3658/2 3657/2
f 3686/2 3687/2 3659/2 3658/2
f 3687/2 3688/2 3660/2 3659/2
f 3688/2 3689/2 3661/2 3660/2
f 3689/2 3690/2 3662/2 3661/2
f 3690/2 3691/2 3663/2 3662/2
f 3691/2 3692/2 3664/2 3663/2
f 3692/2 3693/2 3665/2 3664/2
f 3693/2 3694/2 3666/2 3665/2
f 3694/2 3695/2 3667/2 3666/2
f 3695/2 3696/2 3668/2 3667/2
f 3696/2 3697/2 3669/2 3668/2
f 3697/2 3698/2 3670/2 3669/2
f 3698/2 3699/2 3671/2 3670/2
f 3699/2 3700/2 3672/2 3671/2
f 3700/2 3701/2 3673/2 3672/2
f 3701/2 3702/2 3674/2 3673/2
f 3702/2 3703/2 3675/2 3674/2
f 3703/2 3704/2 3676/2 3675/2
f 3704/2 3705/2 3677/2 3676/2
f 3705/2 3706/2 3678/2 3677/2
f 3706/2 3679/2 3651/2 3678/2
f 4335/2 4336/2 4344/2 4343/2
f 4351/2 4336/2 4335/2
f 4352/2 4343/2 4344/2
f 4336/2 4337/2 4345/2 4344/2
f 4351/2 4337/2 4336/2
f 4352/2 4344/2 4345/2
f 4337/2 4338/2 4346/2 4345/2
f 4351/2 4338/2 4337/2
f 4352/2 4345/2 4346/2
f 4338/2 4339/2 4347/2 4346/2
f 4351/2 4339/2 4338/2
f 4352/2 4346/2 4347/2
f 4339/2 4340/2 4348/2 4347/2
f 4351/2 4340/2 4339/2
f 4352/2 4347/2 4348/2
f 4340/2 4341/2 4349/2 4348/2
f 4351/2 4341/2 4340/2
f 4352/2 4348/2 4349/2
f 4341/2 4342/2 4350/2 4349/2
f 4351/2 4342/2 4341/2
f 4352/2 4349/2 4350/2
f 4342/2 4335/2 4343/2 4350/2
f 4351/2 4335/2 4342/2
f 4352/2 4350/2 4343/2
f 5157/2 5158/2 5166/2 5165/2
f 5173/2 5158/2 5157/2
f 5174/2 5165/2 5166/2
f 5158/2 5159/2 5167/2 5166/2
f 5173/2 5159/2 5158/2
f 5174/2 5166/2 5167/2
f 5159/2 5160/2 5168/2 5167/2
f 5173/2 5160/2 5159/2
f 5174/2 5167/2 5168/2
f 5160/2 5161/2 5169/2 5168/2
f 5173/2 5161/2 5160/2
f 5174/2 5168/2 5169/2
f 5161/2 5162/2 5170/2 5169/2
f 5173/2 5162/2 5161/2
f 5174/2 5169/2 5170/2
f 5162/2 5163/2 5171/2 5170/2
f 5173/2 5163/2 5162/2
f 5174/2 5170/2 5171/2
f 5163/2 5164/2 5172/2 5171/2
f 5173/2 5164/2 5163/2
f 5174/2 5171/2 5172/2
f 5164/2 5157/2 5165/2 5172/2
f 5173/2 5157/2 5164/2
f 5174/2 5172/2 5165/2
usemtl cream
f 129/1 130/1 98/1 97/1
f 130/1 131/1 99/1 98/1
f 131/1 132/1 100/1 99/1
f 132/1 133/1 101/1 100/1
f 133/1 134/1 102/1 101/1
f 134/1 135/1 103/1 102/1
f 135/1 136/1 104/1 103/1
f 136/1 137/1 105/1 104/1
f 137/1 138/1 106/1 105/1
f 138/1 139/1 107/1 106/1
f 139/1 140/1 108/1 107/1
f 140/1 141/1 109/1 108/1
f 141/1 142/1 110/1 109/1
f 142/1 143/1 111/1 110/1
f 143/1 144/1 112/1 111/1
f 144/1 145/1 113/1 112/1
f 145/1 146/1 114/1 113/1
f 146/1 147/1 115/1 114/1
f 147/1 148/1 116/1 115/1
f 148/1 149/1 117/1 116/1
f 149/1 150/1 118/1 117/1
f 150/1 151/1 119/1 118/1
f 151/1 152/1 120/1 119/1
f 152/1 153/1 121/1 120/1
f 153/1 154/1 122/1 121/1
f 154/1 155/1 123/1 122/1
f 155/1 156/1 124/1 123/1
f 156/1 157/1 125/1 124/1
f 157/1 158/1 126/1 125/1
f 158/1 159/1 127/1 126/1
f 159/1 160/1 128/1 127/1
f 160/1 129/1 97/1 128/1
f 225/1 226/1 194/1 193/1
f 226/1 227/1 195/1 194/1
f 227/1 228/1 196/1 195/1
f 228/1 229/1 197/1 196/1
f 229/1 230/1 198/1 197/1
f 230/1 231/1 199/1 198/1
f 231/1 232/1 200/1 199/1
f 232/1 233/1 201/1 200/1
f 233/1 234/1 202/1 201/1
f 234/1 235/1 203/1 202/1
f 235/1 236/1 204/1 203/1
f 236/1 237/1 205/1 204/1
f 237/1 238/1 206/1 205/1
f 238/1 239/1 207/1 206/1
f 239/1 240/1 208/1 207/1
f 240/1 241/1 209/1 208/1
f 241/1 242/1 210/1 209/1
f 242/1 243/1 211/1 210/1
f 243/1 244/1 212/1 211/1
f 244/1 245/1 213/1 212/1
f 245/1 246/1 214/1 213/1
f 246/1 247/1 215/1 214/1
f 247/1 248/1 216/1 215/1
f 248/1 249/1 217/1 216/1
f 249/1 250/1 218/1 217/1
f 250/1 251/1 219/1 218/1
f 251/1 252/1 220/1 219/1
f 252/1 253/1 221/1 220/1
f 253/1 254/1 222/1 221/1
f 254/1 255/1 223/1 222/1
f 255/1 256/1 224/1 223/1
f 256/1 225/1 193/1 224/1
f 353/1 354/1 361/1 360/1
f 354/1 355/1 362/1 361/1
f 355/1 356/1 363/1 362/1
f 356/1 357/1 364/1 363/1
f 357/1 358/1 365/1 364/1
f 358/1 359/1 366/1 365/1
f 359/1 353/1 360/1 366/1
f 360/1 361/1 368/1 367/1
f 361/1 362/1 369/1 368/1
f 362/1 363/1 370/1 369/1
f 363/1 364/1 371/1 370/1
f 364/1 365/1 372/1 371/1
f 365/1 366/1 373/1 372/1
f 366/1 360/1 367/1 373/1
f 367/1 368/1 375/1 374/1
f 368/1 369/1 376/1 375/1
f 369/1 370/1 377/1 376/1
f 370/1 371/1 378/1 377/1
f 371/1 372/1 379/1 378/1
f 372/1 373/1 380/1 379/1
f 373/1 367/1 374/1 380/1
f 374/1 375/1 382/1 381/1
f 375/1 376/1 383/1 382/1
f 376/1 377/1 384/1 383/1
f 377/1 378/1 385/1 384/1
f 378/1 379/1 386/1 385/1
f 379/1 380/1 387/1 386/1
f 380/1 374/1 381/1 387/1
f 381/1 382/1 389/1 388/1
f 382/1 383/1 390/1 389/1
f 383/1 384/1 391/1 390/1
f 384/1 385/1 392/1 391/1
f 385/1 386/1 393/1 392/1
f 386/1 387/1 394/1 393/1
f 387/1 381/1 388/1 394/1
f 388/1 389/1 396/1 395/1
f 389/1 390/1 397/1 396/1
f 390/1 391/1 398/1 397/1
f 391/1 392/1 399/1 398/1
f 392/1 393/1 400/1 399/1
f 393/1 394/1 401/1 400/1
f 394/1 388/1 395/1 401/1
f 395/1 396/1 403/1 402/1
f 396/1 397/1 404/1 403/1
f 397/1 398/1 405/1 404/1
f 398/1 399/1 406/1 405/1
f 399/1 400/1 407/1 406/1
f 400/1 401/1 408/1 407/1
f 401/1 395/1 402/1 408/1
f 402/1 403/1 410/1 409/1
f 403/1 404/1 411/1 410/1
f 404/1 405/1 412/1 411/1
f 405/1 406/1 413/1 412/1
f 406/1 407/1 414/1 413/1
f 407/1 408/1 415/1 414/1
f 408/1 402/1 409/1 415/1
f 409/1 410/1 417/1 416/1
f 410/1 411/1 418/1 417/1
f 411/1 412/1 419/1 418/1
f 412/1 413/1 420/1 419/1
f 413/1 414/1 421/1 420/1
f 414/1 415/1 422/1 421/1
f 415/1 409/1 416/1 422/1
f 416/1 417/1 424/1 423/1
f 417/1 418/1 425/1 424/1
f 418/1 419/1 426/1 425/1
f 419/1 420/1 427/1 426/1
f 420/1 421/1 428/1 427/1
f 421/1 422/1 429/1 428/1
f 422/1 416/1 423/1 429/1
f 423/1 424/1 431/1 430/1
f 424/1 425/1 432/1 431/1
f 425/1 426/1 433/1 432/1
f 426/1 427/1 434/1 433/1
f 427/1 428/1 435/1 434/1
f 428/1 429/1 436/1 435/1
f 429/1 423/1 430/1 436/1
f 430/1 431/1 438/1 437/1
f 431/1 432/1 439/1 438/1
f 432/1 433/1 440/1 439/1
f 433/1 434/1 441/1 440/1
f 434/1 435/1 442/1 441/1
f 435/1 436/1 443/1 442/1
f 436/1 430/1 437/1 443/1
f 437/1 438/1 445/1 444/1
f 438/1 439/1 446/1 445/1
f 439/1 440/1 447/1 446/1
f 440/1 441/1 448/1 447/1
f 441/1 442/1 449/1 448/1
f 442/1 443/1 450/1 449/1
f 443/1 437/1 444/1 450/1
f 444/1 445/1 452/1 451/1
f 445/1 446/1 453/1 452/1
f 446/1 447/1 454/1 453/1
f 447/1 448/1 455/1 454/1
f 448/1 449/1 456/1 455/1
f 449/1 450/1 457/1 456/1
f 450/1 444/1 451/1 457/1
f 451/1 452/1 459/1 458/1
f 452/1 453/1 460/1 459/1
f 453/1 454/1 461/1 460/1
f 454/1 455/1 462/1 461/1
f 455/1 456/1 463/1 462/1
f 456/1 457/1 464/1 463/1
f 457/1 451/1 458/1 464/1
f 458/1 459/1 466/1 465/1
f 459/1 460/1 467/1 466/1
f 460/1 461/1 468/1 467/1
f 461/1 462/1 469/1 468/1
f 462/1 463/1 470/1 469/1
f 463/1 464/1 471/1 470/1
f 464/1 458/1 465/1 471/1
f 465/1 466/1 473/1 472/1
f 466/1 467/1 474/1 473/1
f 467/1 468/1 475/1 474/1
f 468/1 469/1 476/1 475/1
f 469/1 470/1 477/1 476/1
f 470/1 471/1 478/1 477/1
f 471/1 465/1 472/1 478/1
f 472/1 473/1 480/1 479/1
f 473/1 474/1 481/1 480/1
f 474/1 475/1 482/1 481/1
f 475/1 476/1 483/1 482/1
f 476/1 477/1 484/1 483/1
f 477/1 478/1 485/1 484/1
f 478/1 472/1 479/1 485/1
f 479/1 480/1 487/1 486/1
f 480/1 481/1 488/1 487/1
f 481/1 482/1 489/1 488/1
f 482/1 483/1 490/1 489/1
f 483/1 484/1 491/1 490/1
f 484/1 485/1 492/1 491/1
f 485/1 479/1 486/1 492/1
f 486/1 487/1 494/1 493/1
f 487/1 488/1 495/1 494/1
f 488/1 489/1 496/1 495/1
f 489/1 490/1 497/1 496/1
f 490/1 491/1 498/1 497/1
f 491/1 492/1 499/1 498/1
f 492/1 486/1 493/1 499/1
f 493/1 494/1 501/1 500/1
f 494/1 495/1 502/1 501/1
f 495/1 496/1 503/1 502/1
f 496/1 497/1 504/1 503/1
f 497/1 498/1 505/1 504/1
f 498/1 499/1 506/1 505/1
f 499/1 493/1 500/1 506/1
f 500/1 501/1 508/1 507/1
f 501/1 502/1 509/1 508/1
f 502/1 503/1 510/1 509/1
f 503/1 504/1 511/1 510/1
f 504/1 505/1 512/1 511/1
f 505/1 506/1 513/1 512/1
f 506/1 500/1 507/1 513/1
f 507/1 508/1 515/1 514/1
f 508/1 509/1 516/1 515/1
f 509/1 510/1 517/1 516/1
f 510/1 511/1 518/1 517/1
f 511/1 512/1 519/1 518/1
f 512/1 513/1 520/1 519/1
f 513/1 507/1 514/1 520/1
f 514/1 515/1 522/1 521/1
f 515/1 516/1 523/1 522/1
f 516/1 517/1 524/1 523/1
f 517/1 518/1 525/1 524/1
f 518/1 519/1 526/1 525/1
f 519/1 520/1 527/1 526/1
f 520/1 514/1 521/1 527/1
f 521/1 522/1 529/1 528/1
f 522/1 523/1 530/1 529/1
f 523/1 524/1 531/1 530/1
f 524/1 525/1 532/1 531/1
f 525/1 526/1 533/1 532/1
f 526/1 527/1 534/1 533/1
f 527/1 521/1 528/1 534/1
f 528/1 529/1 536/1 535/1
f 529/1 530/1 537/1 536/1
f 530/1 531/1 538/1 537/1
f 531/1 532/1 539/1 538/1
f 532/1 533/1 540/1 539/1
f 533/1 534/1 541/1 540/1
f 534/1 528/1 535/1 541/1
f 535/1 536/1 543/1 542/1
f 536/1 537/1 544/1 543/1
f 537/1 538/1 545/1 544/1
f 538/1 539/1 546/1 545/1
f 539/1 540/1 547/1 546/1
f 540/1 541/1 548/1 547/1
f 541/1 535/1 542/1 548/1
f 542/1 543/1 550/1 549/1
f 543/1 544/1 551/1 550/1
f 544/1 545/1 552/1 551/1
f 545/1 546/1 553/1 552/1
f 546/1 547/1 554/1 553/1
f 547/1 548/1 555/1 554/1
f 548/1 542/1 549/1 555/1
f 549/1 550/1 557/1 556/1
f 550/1 551/1 558/1 557/1
f 551/1 552/1 559/1 558/1
f 552/1 553/1 560/1 559/1
f 553/1 554/1 561/1 560/1
f 554/1 555/1 562/1 561/1
f 555/1 549/1 556/1 562/1
f 556/1 557/1 564/1 563/1
f 557/1 558/1 565/1 564/1
f 558/1 559/1 566/1 565/1
f 559/1 560/1 567/1 566/1
f 560/1 561/1 568/1 567/1
f 561/1 562/1 569/1 568/1
f 562/1 556/1 563/1 569/1
f 563/1 564/1 571/1 570/1
f 564/1 565/1 572/1 571/1
f 565/1 566/1 573/1 572/1
f 566/1 567/1 574/1 573/1
f 567/1 568/1 575/1 574/1
f 568/1 569/1 576/1 575/1
f 569/1 563/1 570/1 576/1
f 570/1 571/1 354/1 353/1
f 571/1 572/1 355/1 354/1
f 572/1 573/1 356/1 355/1
f 573/1 574/1 357/1 356/1
f 574/1 575/1 358/1 357/1
f 575/1 576/1 359/1 358/1
f 576/1 570/1 353/1 359/1
f 1083/1 1084/1 1092/1 1091/1
f 1099/1 1084/1 1083/1
f 1100/1 1091/1 1092/1
f 1084/1 1085/1 1093/1 1092/1
f 1099/1 1085/1 1084/1
f 1100/1 1092/1 1093/1
f 1085/1 1086/1 1094/1 1093/1
f 1099/1 1086/1 1085/1
f 1100/1 1093/1 1094/1
f 1086/1 1087/1 1095/1 1094/1
f 1099/1 1087/1 1086/1
f 1100/1 1094/1 1095/1
f 1087/1 1088/1 1096/1 1095/1
f 1099/1 1088/1 1087/1
f 1100/1 1095/1 1096/1
f 1088/1 1089/1 1097/1 1096/1
f 1099/1 1089/1 1088/1
f 1100/1 1096/1 1097/1
f 1089/1 1090/1 1098/1 1097/1
f 1099/1 1090/1 1089/1
f 1100/1 1097/1 1098/1
f 1090/1 1083/1 1091/1 1098/1
f 1099/1 1083/1 1090/1
f 1100/1 1098/1 1091/1
f 1269/1 1270/1 1242/1 1241/1
f 1270/1 1271/1 1243/1 1242/1
f 1271/1 1272/1 1244/1 1243/1
f 1272/1 1273/1 1245/1 1244/1
f 1273/1 1274/1 1246/1 1245/1
f 1274/1 1275/1 1247/1 1246/1
f 1275/1 1276/1 1248/1 1247/1
f 1276/1 1277/1 1249/1 1248/1
f 1277/1 1278/1 1250/1 1249/1
f 1278/1 1279/1 1251/1 1250/1
f 1279/1 1280/1 1252/1 1251/1
f 1280/1 1281/1 1253/1 1252/1
f 1281/1 1282/1 1254/1 1253/1
f 1282/1 1283/1 1255/1 1254/1
f 1283/1 1284/1 1256/1 1255/1
f 1284/1 1285/1 1257/1 1256/1
f 1285/1 1286/1 1258/1 1257/1
f 1286/1 1287/1 1259/1 1258/1
f 1287/1 1288/1 1260/1 1259/1
f 1288/1 1289/1 1261/1 1260/1
f 1289/1 1290/1 1262/1 1261/1
f 1290/1 1291/1 1263/1 1262/1
f 1291/1 1292/1 1264/1 1263/1
f 1292/1 1293/1 1265/1 1264/1
f 1293/1 1294/1 1266/1 1265/1
f 1294/1 1295/1 1267/1 1266/1
f 1295/1 1296/1 1268/1 1267/1
f 1296/1 1269/1 1241/1 1268/1
f 1431/1 1432/1 1438/1 1437/1
f 1432/1 1433/1 1439/1 1438/1
f 1433/1 1434/1 1440/1 1439/1
f 1434/1 1435/1 1441/1 1440/1
f 1435/1 1436/1 1442/1 1441/1
f 1436/1 1431/1 1437/1 1442/1
f 1437/1 1438/1 1444/1 1443/1
f 1438/1 1439/1 1445/1 1444/1
f 1439/1 1440/1 1446/1 1445/1
f 1440/1 1441/1 1447/1 1446/1
f 1441/1 1442/1 1448/1 1447/1
f 1442/1 1437/1 1443/1 1448/1
f 1443/1 1444/1 1450/1 1449/1
f 1444/1 1445/1 1451/1 1450/1
f 1445/1 1446/1 1452/1 1451/1
f 1446/1 1447/1 1453/1 1452/1
f 1447/1 1448/1 1454/1 1453/1
f 1448/1 1443/1 1449/1 1454/1
f 1449/1 1450/1 1456/1 1455/1
f 1450/1 1451/1 1457/1 1456/1
f 1451/1 1452/1 1458/1 1457/1
f 1452/1 1453/1 1459/1 1458/1
f 1453/1 1454/1 1460/1 1459/1
f 1454/1 1449/1 1455/1 1460/1
f 1455/1 1456/1 1462/1 1461/1
f 1456/1 1457/1 1463/1 1462/1
f 1457/1 1458/1 1464/1 1463/1
f 1458/1 1459/1 1465/1 1464/1
f 1459/1 1460/1 1466/1 1465/1
f 1460/1 1455/1 1461/1 1466/1
f 1461/1 1462/1 1468/1 1467/1
f 1462/1 1463/1 1469/1 1468/1
f 1463/1 1464/1 1470/1 1469/1
f 1464/1 1465/1 1471/1 1470/1
f 1465/1 1466/1 1472/1 1471/1
f 1466/1 1461/1 1467/1 1472/1
f 1467/1 1468/1 1474/1 1473/1
f 1468/1 1469/1 1475/1 1474/1
f 1469/1 1470/1 1476/1 1475/1
f 1470/1 1471/1 1477/1 1476/1
f 1471/1 1472/1 1478/1 1477/1
f 1472/1 1467/1 1473/1 1478/1
f 1473/1 1474/1 1480/1 1479/1
f 1474/1 1475/1 1481/1 1480/1
f 1475/1 1476/1 1482/1 1481/1
f 1476/1 1477/1 1483/1 1482/1
f 1477/1 1478/1 1484/1 1483/1
f 1478/1 1473/1 1479/1 1484/1
f 1479/1 1480/1 1486/1 1485/1
f 1480/1 1481/1 1487/1 1486/1
f 1481/1 1482/1 1488/1 1487/1
f 1482/1 1483/1 1489/1 1488/1
f 1483/1 1484/1 1490/1 1489/1
f 1484/1 1479/1 1485/1 1490/1
f 1485/1 1486/1 1492/1 1491/1
f 1486/1 1487/1 1493/1 1492/1
f 1487/1 1488/1 1494/1 1493/1
f 1488/1 1489/1 1495/1 1494/1
f 1489/1 1490/1 1496/1 1495/1
f 1490/1 1485/1 1491/1 1496/1
f 1491/1 1492/1 1498/1 1497/1
f 1492/1 1493/1 1499/1 1498/1
f 1493/1 1494/1 1500/1 1499/1
f 1494/1 1495/1 1501/1 1500/1
f 1495/1 1496/1 1502/1 1501/1
f 1496/1 1491/1 1497/1 1502/1
f 1497/1 1498/1 1504/1 1503/1
f 1498/1 1499/1 1505/1 1504/1
f 1499/1 1500/1 1506/1 1505/1
f 1500/1 1501/1 1507/1 1506/1
f 1501/1 1502/1 1508/1 1507/1
f 1502/1 1497/1 1503/1 1508/1
f 1503/1 1504/1 1510/1 1509/1
f 1504/1 1505/1 1511/1 1510/1
f 1505/1 1506/1 1512/1 1511/1
f 1506/1 1507/1 1513/1 1512/1
f 1507/1 1508/1 1514/1 1513/1
f 1508/1 1503/1 1509/1 1514/1
f 1509/1 1510/1 1516/1 1515/1
f 1510/1 1511/1 1517/1 1516/1
f 1511/1 1512/1 1518/1 1517/1
f 1512/1 1513/1 1519/1 1518/1
f 1513/1 1514/1 1520/1 1519/1
f 1514/1 1509/1 1515/1 1520/1
f 1515/1 1516/1 1522/1 1521/1
f 1516/1 1517/1 1523/1 1522/1
f 1517/1 1518/1 1524/1 1523/1
f 1518/1 1519/1 1525/1 1524/1
f 1519/1 1520/1 1526/1 1525/1
f 1520/1 1515/1 1521/1 1526/1
f 1521/1 1522/1 1528/1 1527/1
f 1522/1 1523/1 1529/1 1528/1
f 1523/1 1524/1 1530/1 1529/1
f 1524/1 1525/1 1531/1 1530/1
f 1525/1 1526/1 1532/1 1531/1
f 1526/1 1521/1 1527/1 1532/1
f 1527/1 1528/1 1534/1 1533/1
f 1528/1 1529/1 1535/1 1534/1
f 1529/1 1530/1 1536/1 1535/1
f 1530/1 1531/1 1537/1 1536/1
f 1531/1 1532/1 1538/1 1537/1
f 1532/1 1527/1 1533/1 1538/1
f 1533/1 1534/1 1540/1 1539/1
f 1534/1 1535/1 1541/1 1540/1
f 1535/1 1536/1 1542/1 1541/1
f 1536/1 1537/1 1543/1 1542/1
f 1537/1 1538/1 1544/1 1543/1
f 1538/1 1533/1 1539/1 1544/1
f 1539/1 1540/1 1546/1 1545/1
f 1540/1 1541/1 1547/1 1546/1
f 1541/1 1542/1 1548/1 1547/1
f 1542/1 1543/1 1549/1 1548/1
f 1543/1 1544/1 1550/1 1549/1
f 1544/1 1539/1 1545/1 1550/1
f 1545/1 1546/1 1552/1 1551/1
f 1546/1 1547/1 1553/1 1552/1
f 1547/1 1548/1 1554/1 1553/1
f 1548/1 1549/1 1555/1 1554/1
f 1549/1 1550/1 1556/1 1555/1
f 1550/1 1545/1 1551/1 1556/1
f 1551/1 1552/1 1558/1 1557/1
f 1552/1 1553/1 1559/1 1558/1
f 1553/1 1554/1 1560/1 1559/1
f 1554/1 1555/1 1561/1 1560/1
f 1555/1 1556/1 1562/1 1561/1
f 1556/1 1551/1 1557/1 1562/1
f 1557/1 1558/1 1564/1 1563/1
f 1558/1 1559/1 1565/1 1564/1
f 1559/1 1560/1 1566/1 1565/1
f 1560/1 1561/1 1567/1 1566/1
f 1561/1 1562/1 1568/1 1567/1
f 1562/1 1557/1 1563/1 1568/1
f 1563/1 1564/1 1570/1 1569/1
f 1564/1 1565/1 1571/1 1570/1
f 1565/1 1566/1 1572/1 1571/1
f 1566/1 1567/1 1573/1 1572/1
f 1567/1 1568/1 1574/1 1573/1
f 1568/1 1563/1 1569/1 1574/1
f 1569/1 1570/1 1432/1 1431/1
f 1570/1 1571/1 1433/1 1432/1
f 1571/1 1572/1 1434/1 1433/1
f 1572/1 1573/1 1435/1 1434/1
f 1573/1 1574/1 1436/1 1435/1
f 1574/1 1569/1 1431/1 1436/1
f 1687/1 1688/1 1705/1
f 1700/1 1699/1 1706/1
f 1688/1 1689/1 1705/1
f 1701/1 1700/1 1706/1
f 1689/1 1690/1 1705/1
f 1702/1 1701/1 1706/1
f 1690/1 1691/1 1705/1
f 1703/1 1702/1 1706/1
f 1691/1 1692/1 1705/1
f 1704/1 1703/1 1706/1
f 1692/1 1687/1 1705/1
f 1699/1 1704/1 1706/1
f 1693/1 1694/1 1688/1 1687/1
f 1694/1 1695/1 1689/1 1688/1
f 1695/1 1696/1 1690/1 1689/1
f 1696/1 1697/1 1691/1 1690/1
f 1697/1 1698/1 1692/1 1691/1
f 1698/1 1693/1 1687/1 1692/1
f 1699/1 1700/1 1694/1 1693/1
f 1700/1 1701/1 1695/1 1694/1
f 1701/1 1702/1 1696/1 1695/1
f 1702/1 1703/1 1697/1 1696/1
f 1703/1 1704/1 1698/1 1697/1
f 1704/1 1699/1 1693/1 1698/1
f 1707/1 1708/1 1725/1
f 1720/1 1719/1 1726/1
f 1708/1 1709/1 1725/1
f 1721/1 1720/1 1726/1
f 1709/1 1710/1 1725/1
f 1722/1 1721/1 1726/1
f 1710/1 1711/1 1725/1
f 1723/1 1722/1 1726/1
f 1711/1 1712/1 1725/1
f 1724/1 1723/1 1726/1
f 1712/1 1707/1 1725/1
f 1719/1 1724/1 1726/1
f 1713/1 1714/1 1708/1 1707/1
f 1714/1 1715/1 1709/1 1708/1
f 1715/1 1716/1 1710/1 1709/1
f 1716/1 1717/1 1711/1 1710/1
f 1717/1 1718/1 1712/1 1711/1
f 1718/1 1713/1 1707/1 1712/1
f 1719/1 1720/1 1714/1 1713/1
f 1720/1 1721/1 1715/1 1714/1
f 1721/1 1722/1 1716/1 1715/1
f 1722/1 1723/1 1717/1 1716/1
f 1723/1 1724/1 1718/1 1717/1
f 1724/1 1719/1 1713/1 1718/1
f 1727/1 1728/1 1745/1
f 1740/1 1739/1 1746/1
f 1728/1 1729/1 1745/1
f 1741/1 1740/1 1746/1
f 1729/1 1730/1 1745/1
f 1742/1 1741/1 1746/1
f 1730/1 1731/1 1745/1
f 1743/1 1742/1 1746/1
f 1731/1 1732/1 1745/1
f 1744/1 1743/1 1746/1
f 1732/1 1727/1 1745/1
f 1739/1 1744/1 1746/1
f 1733/1 1734/1 1728/1 1727/1
f 1734/1 1735/1 1729/1 1728/1
f 1735/1 1736/1 1730/1 1729/1
f 1736/1 1737/1 1731/1 1730/1
f 1737/1 1738/1 1732/1 1731/1
f 1738/1 1733/1 1727/1 1732/1
f 1739/1 1740/1 1734/1 1733/1
f 1740/1 1741/1 1735/1 1734/1
f 1741/1 1742/1 1736/1 1735/1
f 1742/1 1743/1 1737/1 1736/1
f 1743/1 1744/1 1738/1 1737/1
f 1744/1 1739/1 1733/1 1738/1
f 1747/1 1748/1 1765/1
f 1760/1 1759/1 1766/1
f 1748/1 1749/1 1765/1
f 1761/1 1760/1 1766/1
f 1749/1 1750/1 1765/1
f 1762/1 1761/1 1766/1
f 1750/1 1751/1 1765/1
f 1763/1 1762/1 1766/1
f 1751/1 1752/1 1765/1
f 1764/1 1763/1 1766/1
f 1752/1 1747/1 1765/1
f 1759/1 1764/1 1766/1
f 1753/1 1754/1 1748/1 1747/1
f 1754/1 1755/1 1749/1 1748/1
f 1755/1 1756/1 1750/1 1749/1
f 1756/1 1757/1 1751/1 1750/1
f 1757/1 1758/1 1752/1 1751/1
f 1758/1 1753/1 1747/1 1752/1
f 1759/1 1760/1 1754/1 1753/1
f 1760/1 1761/1 1755/1 1754/1
f 1761/1 1762/1 1756/1 1755/1
f 1762/1 1763/1 1757/1 1756/1
f 1763/1 1764/1 1758/1 1757/1
f 1764/1 1759/1 1753/1 1758/1
f 1767/1 1768/1 1785/1
f 1780/1 1779/1 1786/1
f 1768/1 1769/1 1785/1
f 1781/1 1780/1 1786/1
f 1769/1 1770/1 1785/1
f 1782/1 1781/1 1786/1
f 1770/1 1771/1 1785/1
f 1783/1 1782/1 1786/1
f 1771/1 1772/1 1785/1
f 1784/1 1783/1 1786/1
f 1772/1 1767/1 1785/1
f 1779/1 1784/1 1786/1
f 1773/1 1774/1 1768/1 1767/1
f 1774/1 1775/1 1769/1 1768/1
f 1775/1 1776/1 1770/1 1769/1
f 1776/1 1777/1 1771/1 1770/1
f 1777/1 1778/1 1772/1 1771/1
f 1778/1 1773/1 1767/1 1772/1
f 1779/1 1780/1 1774/1 1773/1
f 1780/1 1781/1 1775/1 1774/1
f 1781/1 1782/1 1776/1 1775/1
f 1782/1 1783/1 1777/1 1776/1
f 1783/1 1784/1 1778/1 1777/1
f 1784/1 1779/1 1773/1 1778/1
f 1787/1 1788/1 1805/1
f 1800/1 1799/1 1806/1
f 1788/1 1789/1 1805/1
f 1801/1 1800/1 1806/1
f 1789/1 1790/1 1805/1
f 1802/1 1801/1 1806/1
f 1790/1 1791/1 1805/1
f 1803/1 1802/1 1806/1
f 1791/1 1792/1 1805/1
f 1804/1 1803/1 1806/1
f 1792/1 1787/1 1805/1
f 1799/1 1804/1 1806/1
f 1793/1 1794/1 1788/1 1787/1
f 1794/1 1795/1 1789/1 1788/1
f 1795/1 1796/1 1790/1 1789/1
f 1796/1 1797/1 1791/1 1790/1
f 1797/1 1798/1 1792/1 1791/1
f 1798/1 1793/1 1787/1 1792/1
f 1799/1 1800/1 1794/1 1793/1
f 1800/1 1801/1 1795/1 1794/1
f 1801/1 1802/1 1796/1 1795/1
f 1802/1 1803/1 1797/1 1796/1
f 1803/1 1804/1 1798/1 1797/1
f 1804/1 1799/1 1793/1 1798/1
f 1807/1 1808/1 1825/1
f 1820/1 1819/1 1826/1
f 1808/1 1809/1 1825/1
f 1821/1 1820/1 1826/1
f 1809/1 1810/1 1825/1
f 1822/1 1821/1 1826/1
f 1810/1 1811/1 1825/1
f 1823/1 1822/1 1826/1
f 1811/1 1812/1 1825/1
f 1824/1 1823/1 1826/1
f 1812/1 1807/1 1825/1
f 1819/1 1824/1 1826/1
f 1813/1 1814/1 1808/1 1807/1
f 1814/1 1815/1 1809/1 1808/1
f 1815/1 1816/1 1810/1 1809/1
f 1816/1 1817/1 1811/1 1810/1
f 1817/1 1818/1 1812/1 1811/1
f 1818/1 1813/1 1807/1 1812/1
f 1819/1 1820/1 1814/1 1813/1
f 1820/1 1821/1 1815/1 1814/1
f 1821/1 1822/1 1816/1 1815/1
f 1822/1 1823/1 1817/1 1816/1
f 1823/1 1824/1 1818/1 1817/1
f 1824/1 1819/1 1813/1 1818/1
f 1827/1 1828/1 1845/1
f 1840/1 1839/1 1846/1
f 1828/1 1829/1 1845/1
f 1841/1 1840/1 1846/1
f 1829/1 1830/1 1845/1
f 1842/1 1841/1 1846/1
f 1830/1 1831/1 1845/1
f 1843/1 1842/1 1846/1
f 1831/1 1832/1 1845/1
f 1844/1 1843/1 1846/1
f 1832/1 1827/1 1845/1
f 1839/1 1844/1 1846/1
f 1833/1 1834/1 1828/1 1827/1
f 1834/1 1835/1 1829/1 1828/1
f 1835/1 1836/1 1830/1 1829/1
f 1836/1 1837/1 1831/1 1830/1
f 1837/1 1838/1 1832/1 1831/1
f 1838/1 1833/1 1827/1 1832/1
f 1839/1 1840/1 1834/1 1833/1
f 1840/1 1841/1 1835/1 1834/1
f 1841/1 1842/1 1836/1 1835/1
f 1842/1 1843/1 1837/1 1836/1
f 1843/1 1844/1 1838/1 1837/1
f 1844/1 1839/1 1833/1 1838/1
f 1905/1 1906/1 1914/1 1913/1
f 1921/1 1906/1 1905/1
f 1922/1 1913/1 1914/1
f 1906/1 1907/1 1915/1 1914/1
f 1921/1 1907/1 1906/1
f 1922/1 1914/1 1915/1
f 1907/1 1908/1 1916/1 1915/1
f 1921/1 1908/1 1907/1
f 1922/1 1915/1 1916/1
f 1908/1 1909/1 1917/1 1916/1
f 1921/1 1909/1 1908/1
f 1922/1 1916/1 1917/1
f 1909/1 1910/1 1918/1 1917/1
f 1921/1 1910/1 1909/1
f 1922/1 1917/1 1918/1
f 1910/1 1911/1 1919/1 1918/1
f 1921/1 1911/1 1910/1
f 1922/1 1918/1 1919/1
f 1911/1 1912/1 1920/1 1919/1
f 1921/1 1912/1 1911/1
f 1922/1 1919/1 1920/1
f 1912/1 1905/1 1913/1 1920/1
f 1921/1 1905/1 1912/1
f 1922/1 1920/1 1913/1
f 2091/1 2092/1 2064/1 2063/1
f 2092/1 2093/1 2065/1 2064/1
f 2093/1 2094/1 2066/1 2065/1
f 2094/1 2095/1 2067/1 2066/1
f 2095/1 2096/1 2068/1 2067/1
f 2096/1 2097/1 2069/1 2068/1
f 2097/1 2098/1 2070/1 2069/1
f 2098/1 2099/1 2071/1 2070/1
f 2099/1 2100/1 2072/1 2071/1
f 2100/1 2101/1 2073/1 2072/1
f 2101/1 2102/1 2074/1 2073/1
f 2102/1 2103/1 2075/1 2074/1
f 2103/1 2104/1 2076/1 2075/1
f 2104/1 2105/1 2077/1 2076/1
f 2105/1 2106/1 2078/1 2077/1
f 2106/1 2107/1 2079/1 2078/1
f 2107/1 2108/1 2080/1 2079/1
f 2108/1 2109/1 2081/1 2080/1
f 2109/1 2110/1 2082/1 2081/1
f 2110/1 2111/1 2083/1 2082/1
f 2111/1 2112/1 2084/1 2083/1
f 2112/1 2113/1 2085/1 2084/1
f 2113/1 2114/1 2086/1 2085/1
f 2114/1 2115/1 2087/1 2086/1
f 2115/1 2116/1 2088/1 2087/1
f 2116/1 2117/1 2089/1 2088/1
f 2117/1 2118/1 2090/1 2089/1
f 2118/1 2091/1 2063/1 2090/1
f 2253/1 2254/1 2260/1 2259/1
f 2254/1 2255/1 2261/1 2260/1
f 2255/1 2256/1 2262/1 2261/1
f 2256/1 2257/1 2263/1 2262/1
f 2257/1 2258/1 2264/1 2263/1
f 2258/1 2253/1 2259/1 2264/1
f 2259/1 2260/1 2266/1 2265/1
f 2260/1 2261/1 2267/1 2266/1
f 2261/1 2262/1 2268/1 2267/1
f 2262/1 2263/1 2269/1 2268/1
f 2263/1 2264/1 2270/1 2269/1
f 2264/1 2259/1 2265/1 2270/1
f 2265/1 2266/1 2272/1 2271/1
f 2266/1 2267/1 2273/1 2272/1
f 2267/1 2268/1 2274/1 2273/1
f 2268/1 2269/1 2275/1 2274/1
f 2269/1 2270/1 2276/1 2275/1
f 2270/1 2265/1 2271/1 2276/1
f 2271/1 2272/1 2278/1 2277/1
f 2272/1 2273/1 2279/1 2278/1
f 2273/1 2274/1 2280/1 2279/1
f 2274/1 2275/1 2281/1 2280/1
f 2275/1 2276/1 2282/1 2281/1
f 2276/1 2271/1 2277/1 2282/1
f 2277/1 2278/1 2284/1 2283/1
f 2278/1 2279/1 2285/1 2284/1
f 2279/1 2280/1 2286/1 2285/1
f 2280/1 2281/1 2287/1 2286/1
f 2281/1 2282/1 2288/1 2287/1
f 2282/1 2277/1 2283/1 2288/1
f 2283/1 2284/1 2290/1 2289/1
f 2284/1 2285/1 2291/1 2290/1
f 2285/1 2286/1 2292/1 2291/1
f 2286/1 2287/1 2293/1 2292/1
f 2287/1 2288/1 2294/1 2293/1
f 2288/1 2283/1 2289/1 2294/1
f 2289/1 2290/1 2296/1 2295/1
f 2290/1 2291/1 2297/1 2296/1
f 2291/1 2292/1 2298/1 2297/1
f 2292/1 2293/1 2299/1 2298/1
f 2293/1 2294/1 2300/1 2299/1
f 2294/1 2289/1 2295/1 2300/1
f 2295/1 2296/1 2302/1 2301/1
f 2296/1 2297/1 2303/1 2302/1
f 2297/1 2298/1 2304/1 2303/1
f 2298/1 2299/1 2305/1 2304/1
f 2299/1 2300/1 2306/1 2305/1
f 2300/1 2295/1 2301/1 2306/1
f 2301/1 2302/1 2308/1 2307/1
f 2302/1 2303/1 2309/1 2308/1
f 2303/1 2304/1 2310/1 2309/1
f 2304/1 2305/1 2311/1 2310/1
f 2305/1 2306/1 2312/1 2311/1
f 2306/1 2301/1 2307/1 2312/1
f 2307/1 2308/1 2314/1 2313/1
f 2308/1 2309/1 2315/1 2314/1
f 2309/1 2310/1 2316/1 2315/1
f 2310/1 2311/1 2317/1 2316/1
f 2311/1 2312/1 2318/1 2317/1
f 2312/1 2307/1 2313/1 2318/1
f 2313/1 2314/1 2320/1 2319/1
f 2314/1 2315/1 2321/1 2320/1
f 2315/1 2316/1 2322/1 2321/1
f 2316/1 2317/1 2323/1 2322/1
f 2317/1 2318/1 2324/1 2323/1
f 2318/1 2313/1 2319/1 2324/1
f 2319/1 2320/1 2326/1 2325/1
f 2320/1 2321/1 2327/1 2326/1
f 2321/1 2322/1 2328/1 2327/1
f 2322/1 2323/1 2329/1 2328/1
f 2323/1 2324/1 2330/1 2329/1
f 2324/1 2319/1 2325/1 2330/1
f 2325/1 2326/1 2332/1 2331/1
f 2326/1 2327/1 2333/1 2332/1
f 2327/1 2328/1 2334/1 2333/1
f 2328/1 2329/1 2335/1 2334/1
f 2329/1 2330/1 2336/1 2335/1
f 2330/1 2325/1 2331/1 2336/1
f 2331/1 2332/1 2338/1 2337/1
f 2332/1 2333/1 2339/1 2338/1
f 2333/1 2334/1 2340/1 2339/1
f 2334/1 2335/1 2341/1 2340/1
f 2335/1 2336/1 2342/1 2341/1
f 2336/1 2331/1 2337/1 2342/1
f 2337/1 2338/1 2344/1 2343/1
f 2338/1 2339/1 2345/1 2344/1
f 2339/1 2340/1 2346/1 2345/1
f 2340/1 2341/1 2347/1 2346/1
f 2341/1 2342/1 2348/1 2347/1
f 2342/1 2337/1 2343/1 2348/1
f 2343/1 2344/1 2350/1 2349/1
f 2344/1 2345/1 2351/1 2350/1
f 2345/1 2346/1 2352/1 2351/1
f 2346/1 2347/1 2353/1 2352/1
f 2347/1 2348/1 2354/1 2353/1
f 2348/1 2343/1 2349/1 2354/1
f 2349/1 2350/1 2356/1 2355/1
f 2350/1 2351/1 2357/1 2356/1
f 2351/1 2352/1 2358/1 2357/1
f 2352/1 2353/1 2359/1 2358/1
f 2353/1 2354/1 2360/1 2359/1
f 2354/1 2349/1 2355/1 2360/1
f 2355/1 2356/1 2362/1 2361/1
f 2356/1 2357/1 2363/1 2362/1
f 2357/1 2358/1 2364/1 2363/1
f 2358/1 2359/1 2365/1 2364/1
f 2359/1 2360/1 2366/1 2365/1
f 2360/1 2355/1 2361/1 2366/1
f 2361/1 2362/1 2368/1 2367/1
f 2362/1 2363/1 2369/1 2368/1
f 2363/1 2364/1 2370/1 2369/1
f 2364/1 2365/1 2371/1 2370/1
f 2365/1 2366/1 2372/1 2371/1
f 2366/1 2361/1 2367/1 2372/1
f 2367/1 2368/1 2374/1 2373/1
f 2368/1 2369/1 2375/1 2374/1
f 2369/1 2370/1 2376/1 2375/1
f 2370/1 2371/1 2377/1 2376/1
f 2371/1 2372/1 2378/1 2377/1
f 2372/1 2367/1 2373/1 2378/1
f 2373/1 2374/1 2380/1 2379/1
f 2374/1 2375/1 2381/1 2380/1
f 2375/1 2376/1 2382/1 2381/1
f 2376/1 2377/1 2383/1 2382/1
f 2377/1 2378/1 2384/1 2383/1
f 2378/1 2373/1 2379/1 2384/1
f 2379/1 2380/1 2386/1 2385/1
f 2380/1 2381/1 2387/1 2386/1
f 2381/1 2382/1 2388/1 2387/1
f 2382/1 2383/1 2389/1 2388/1
f 2383/1 2384/1 2390/1 2389/1
f 2384/1 2379/1 2385/1 2390/1
f 2385/1 2386/1 2392/1 2391/1
f 2386/1 2387/1 2393/1 2392/1
f 2387/1 2388/1 2394/1 2393/1
f 2388/1 2389/1 2395/1 2394/1
f 2389/1 2390/1 2396/1 2395/1
f 2390/1 2385/1 2391/1 2396/1
f 2391/1 2392/1 2254/1 2253/1
f 2392/1 2393/1 2255/1 2254/1
f 2393/1 2394/1 2256/1 2255/1
f 2394/1 2395/1 2257/1 2256/1
f 2395/1 2396/1 2258/1 2257/1
f 2396/1 2391/1 2253/1 2258/1
f 2509/1 2510/1 2527/1
f 2522/1 2521/1 2528/1
f 2510/1 2511/1 2527/1
f 2523/1 2522/1 2528/1
f 2511/1 2512/1 2527/1
f 2524/1 2523/1 2528/1
f 2512/1 2513/1 2527/1
f 2525/1 2524/1 2528/1
f 2513/1 2514/1 2527/1
f 2526/1 2525/1 2528/1
f 2514/1 2509/1 2527/1
f 2521/1 2526/1 2528/1
f 2515/1 2516/1 2510/1 2509/1
f 2516/1 2517/1 2511/1 2510/1
f 2517/1 2518/1 2512/1 2511/1
f 2518/1 2519/1 2513/1 2512/1
f 2519/1 2520/1 2514/1 2513/1
f 2520/1 2515/1 2509/1 2514/1
f 2521/1 2522/1 2516/1 2515/1
f 2522/1 2523/1 2517/1 2516/1
f 2523/1 2524/1 2518/1 2517/1
f 2524/1 2525/1 2519/1 2518/1
f 2525/1 2526/1 2520/1 2519/1
f 2526/1 2521/1 2515/1 2520/1
f 2529/1 2530/1 2547/1
f 2542/1 2541/1 2548/1
f 2530/1 2531/1 2547/1
f 2543/1 2542/1 2548/1
f 2531/1 2532/1 2547/1
f 2544/1 2543/1 2548/1
f 2532/1 2533/1 2547/1
f 2545/1 2544/1 2548/1
f 2533/1 2534/1 2547/1
f 2546/1 2545/1 2548/1
f 2534/1 2529/1 2547/1
f 2541/1 2546/1 2548/1
f 2535/1 2536/1 2530/1 2529/1
f 2536/1 2537/1 2531/1 2530/1
f 2537/1 2538/1 2532/1 2531/1
f 2538/1 2539/1 2533/1 2532/1
f 2539/1 2540/1 2534/1 2533/1
f 2540/1 2535/1 2529/1 2534/1
f 2541/1 2542/1 2536/1 2535/1
f 2542/1 2543/1 2537/1 2536/1
f 2543/1 2544/1 2538/1 2537/1
f 2544/1 2545/1 2539/1 2538/1
f 2545/1 2546/1 2540/1 2539/1
f 2546/1 2541/1 2535/1 2540/1
f 2549/1 2550/1 2567/1
f 2562/1 2561/1 2568/1
f 2550/1 2551/1 2567/1
f 2563/1 2562/1 2568/1
f 2551/1 2552/1 2567/1
f 2564/1 2563/1 2568/1
f 2552/1 2553/1 2567/1
f 2565/1 2564/1 2568/1
f 2553/1 2554/1 2567/1
f 2566/1 2565/1 2568/1
f 2554/1 2549/1 2567/1
f 2561/1 2566/1 2568/1
f 2555/1 2556/1 2550/1 2549/1
f 2556/1 2557/1 2551/1 2550/1
f 2557/1 2558/1 2552/1 2551/1
f 2558/1 2559/1 2553/1 2552/1
f 2559/1 2560/1 2554/1 2553/1
f 2560/1 2555/1 2549/1 2554/1
f 2561/1 2562/1 2556/1 2555/1
f 2562/1 2563/1 2557/1 2556/1
f 2563/1 2564/1 2558/1 2557/1
f 2564/1 2565/1 2559/1 2558/1
f 2565/1 2566/1 2560/1 2559/1
f 2566/1 2561/1 2555/1 2560/1
f 2569/1 2570/1 2587/1
f 2582/1 2581/1 2588/1
f 2570/1 2571/1 2587/1
f 2583/1 2582/1 2588/1
f 2571/1 2572/1 2587/1
f 2584/1 2583/1 2588/1
f 2572/1 2573/1 2587/1
f 2585/1 2584/1 2588/1
f 2573/1 2574/1 2587/1
f 2586/1 2585/1 2588/1
f 2574/1 2569/1 2587/1
f 2581/1 2586/1 2588/1
f 2575/1 2576/1 2570/1 2569/1
f 2576/1 2577/1 2571/1 2570/1
f 2577/1 2578/1 2572/1 2571/1
f 2578/1 2579/1 2573/1 2572/1
f 2579/1 2580/1 2574/1 2573/1
f 2580/1 2575/1 2569/1 2574/1
f 2581/1 2582/1 2576/1 2575/1
f 2582/1 2583/1 2577/1 2576/1
f 2583/1 2584/1 2578/1 2577/1
f 2584/1 2585/1 2579/1 2578/1
f 2585/1 2586/1 2580/1 2579/1
f 2586/1 2581/1 2575/1 2580/1
f 2589/1 2590/1 2607/1
f 2602/1 2601/1 2608/1
f 2590/1 2591/1 2607/1
f 2603/1 2602/1 2608/1
f 2591/1 2592/1 2607/1
f 2604/1 2603/1 2608/1
f 2592/1 2593/1 2607/1
f 2605/1 2604/1 2608/1
f 2593/1 2594/1 2607/1
f 2606/1 2605/1 2608/1
f 2594/1 2589/1 2607/1
f 2601/1 2606/1 2608/1
f 2595/1 2596/1 2590/1 2589/1
f 2596/1 2597/1 2591/1 2590/1
f 2597/1 2598/1 2592/1 2591/1
f 2598/1 2599/1 2593/1 2592/1
f 2599/1 2600/1 2594/1 2593/1
f 2600/1 2595/1 2589/1 2594/1
f 2601/1 2602/1 2596/1 2595/1
f 2602/1 2603/1 2597/1 2596/1
f 2603/1 2604/1 2598/1 2597/1
f 2604/1 2605/1 2599/1 2598/1
f 2605/1 2606/1 2600/1 2599/1
f 2606/1 2601/1 2595/1 2600/1
f 2609/1 2610/1 2627/1
f 2622/1 2621/1 2628/1
f 2610/1 2611/1 2627/1
f 2623/1 2622/1 2628/1
f 2611/1 2612/1 2627/1
f 2624/1 2623/1 2628/1
f 2612/1 2613/1 2627/1
f 2625/1 2624/1 2628/1
f 2613/1 2614/1 2627/1
f 2626/1 2625/1 2628/1
f 2614/1 2609/1 2627/1
f 2621/1 2626/1 2628/1
f 2615/1 2616/1 2610/1 2609/1
f 2616/1 2617/1 2611/1 2610/1
f 2617/1 2618/1 2612/1 2611/1
f 2618/1 2619/1 2613/1 2612/1
f 2619/1 2620/1 2614/1 2613/1
f 2620/1 2615/1 2609/1 2614/1
f 2621/1 2622/1 2616/1 2615/1
f 2622/1 2623/1 2617/1 2616/1
f 2623/1 2624/1 2618/1 2617/1
f 2624/1 2625/1 2619/1 2618/1
f 2625/1 2626/1 2620/1 2619/1
f 2626/1 2621/1 2615/1 2620/1
f 2629/1 2630/1 2647/1
f 2642/1 2641/1 2648/1
f 2630/1 2631/1 2647/1
f 2643/1 2642/1 2648/1
f 2631/1 2632/1 2647/1
f 2644/1 2643/1 2648/1
f 2632/1 2633/1 2647/1
f 2645/1 2644/1 2648/1
f 2633/1 2634/1 2647/1
f 2646/1 2645/1 2648/1
f 2634/1 2629/1 2647/1
f 2641/1 2646/1 2648/1
f 2635/1 2636/1 2630/1 2629/1
f 2636/1 2637/1 2631/1 2630/1
f 2637/1 2638/1 2632/1 2631/1
f 2638/1 2639/1 2633/1 2632/1
f 2639/1 2640/1 2634/1 2633/1
f 2640/1 2635/1 2629/1 2634/1
f 2641/1 2642/1 2636/1 2635/1
f 2642/1 2643/1 2637/1 2636/1
f 2643/1 2644/1 2638/1 2637/1
f 2644/1 2645/1 2639/1 2638/1
f 2645/1 2646/1 2640/1 2639/1
f 2646/1 2641/1 2635/1 2640/1
f 2649/1 2650/1 2667/1
f 2662/1 2661/1 2668/1
f 2650/1 2651/1 2667/1
f 2663/1 2662/1 2668/1
f 2651/1 2652/1 2667/1
f 2664/1 2663/1 2668/1
f 2652/1 2653/1 2667/1
f 2665/1 2664/1 2668/1
f 2653/1 2654/1 2667/1
f 2666/1 2665/1 2668/1
f 2654/1 2649/1 2667/1
f 2661/1 2666/1 2668/1
f 2655/1 2656/1 2650/1 2649/1
f 2656/1 2657/1 2651/1 2650/1
f 2657/1 2658/1 2652/1 2651/1
f 2658/1 2659/1 2653/1 2652/1
f 2659/1 2660/1 2654/1 2653/1
f 2660/1 2655/1 2649/1 2654/1
f 2661/1 2662/1 2656/1 2655/1
f 2662/1 2663/1 2657/1 2656/1
f 2663/1 2664/1 2658/1 2657/1
f 2664/1 2665/1 2659/1 2658/1
f 2665/1 2666/1 2660/1 2659/1
f 2666/1 2661/1 2655/1 2660/1
f 2727/1 2728/1 2736/1 2735/1
f 2743/1 2728/1 2727/1
f 2744/1 2735/1 2736/1
f 2728/1 2729/1 2737/1 2736/1
f 2743/1 2729/1 2728/1
f 2744/1 2736/1 2737/1
f 2729/1 2730/1 2738/1 2737/1
f 2743/1 2730/1 2729/1
f 2744/1 2737/1 2738/1
f 2730/1 2731/1 2739/1 2738/1
f 2743/1 2731/1 2730/1
f 2744/1 2738/1 2739/1
f 2731/1 2732/1 2740/1 2739/1
f 2743/1 2732/1 2731/1
f 2744/1 2739/1 2740/1
f 2732/1 2733/1 2741/1 2740/1
f 2743/1 2733/1 2732/1
f 2744/1 2740/1 2741/1
f 2733/1 2734/1 2742/1 2741/1
f 2743/1 2734/1 2733/1
f 2744/1 2741/1 2742/1
f 2734/1 2727/1 2735/1 2742/1
f 2743/1 2727/1 2734/1
f 2744/1 2742/1 2735/1
f 2801/1 2802/1 2774/1 2773/1
f 2802/1 2803/1 2775/1 2774/1
f 2803/1 2804/1 2776/1 2775/1
f 2804/1 2805/1 2777/1 2776/1
f 2805/1 2806/1 2778/1 2777/1
f 2806/1 2807/1 2779/1 2778/1
f 2807/1 2808/1 2780/1 2779/1
f 2808/1 2809/1 2781/1 2780/1
f 2809/1 2810/1 2782/1 2781/1
f 2810/1 2811/1 2783/1 2782/1
f 2811/1 2812/1 2784/1 2783/1
f 2812/1 2813/1 2785/1 2784/1
f 2813/1 2814/1 2786/1 2785/1
f 2814/1 2815/1 2787/1 2786/1
f 2815/1 2816/1 2788/1 2787/1
f 2816/1 2817/1 2789/1 2788/1
f 2817/1 2818/1 2790/1 2789/1
f 2818/1 2819/1 2791/1 2790/1
f 2819/1 2820/1 2792/1 2791/1
f 2820/1 2821/1 2793/1 2792/1
f 2821/1 2822/1 2794/1 2793/1
f 2822/1 2823/1 2795/1 2794/1
f 2823/1 2824/1 2796/1 2795/1
f 2824/1 2825/1 2797/1 2796/1
f 2825/1 2826/1 2798/1 2797/1
f 2826/1 2827/1 2799/1 2798/1
f 2827/1 2828/1 2800/1 2799/1
f 2828/1 2801/1 2773/1 2800/1
f 2829/1 2830/1 2802/1 2801/1
f 2830/1 2831/1 2803/1 2802/1
f 2831/1 2832/1 2804/1 2803/1
f 2832/1 2833/1 2805/1 2804/1
f 2833/1 2834/1 2806/1 2805/1
f 2834/1 2835/1 2807/1 2806/1
f 2835/1 2836/1 2808/1 2807/1
f 2836/1 2837/1 2809/1 2808/1
f 2837/1 2838/1 2810/1 2809/1
f 2838/1 2839/1 2811/1 2810/1
f 2839/1 2840/1 2812/1 2811/1
f 2840/1 2841/1 2813/1 2812/1
f 2841/1 2842/1 2814/1 2813/1
f 2842/1 2843/1 2815/1 2814/1
f 2843/1 2844/1 2816/1 2815/1
f 2844/1 2845/1 2817/1 2816/1
f 2845/1 2846/1 2818/1 2817/1
f 2846/1 2847/1 2819/1 2818/1
f 2847/1 2848/1 2820/1 2819/1
f 2848/1 2849/1 2821/1 2820/1
f 2849/1 2850/1 2822/1 2821/1
f 2850/1 2851/1 2823/1 2822/1
f 2851/1 2852/1 2824/1 2823/1
f 2852/1 2853/1 2825/1 2824/1
f 2853/1 2854/1 2826/1 2825/1
f 2854/1 2855/1 2827/1 2826/1
f 2855/1 2856/1 2828/1 2827/1
f 2856/1 2829/1 2801/1 2828/1
f 2857/1 2858/1 2830/1 2829/1
f 2858/1 2859/1 2831/1 2830/1
f 2859/1 2860/1 2832/1 2831/1
f 2860/1 2861/1 2833/1 2832/1
f 2861/1 2862/1 2834/1 2833/1
f 2862/1 2863/1 2835/1 2834/1
f 2863/1 2864/1 2836/1 2835/1
f 2864/1 2865/1 2837/1 2836/1
f 2865/1 2866/1 2838/1 2837/1
f 2866/1 2867/1 2839/1 2838/1
f 2867/1 2868/1 2840/1 2839/1
f 2868/1 2869/1 2841/1 2840/1
f 2869/1 2870/1 2842/1 2841/1
f 2870/1 2871/1 2843/1 2842/1
f 2871/1 2872/1 2844/1 2843/1
f 2872/1 2873/1 2845/1 2844/1
f 2873/1 2874/1 2846/1 2845/1
f 2874/1 2875/1 2847/1 2846/1
f 2875/1 2876/1 2848/1 2847/1
f 2876/1 2877/1 2849/1 2848/1
f 2877/1 2878/1 2850/1 2849/1
f 2878/1 2879/1 2851/1 2850/1
f 2879/1 2880/1 2852/1 2851/1
f 2880/1 2881/1 2853/1 2852/1
f 2881/1 2882/1 2854/1 2853/1
f 2882/1 2883/1 2855/1 2854/1
f 2883/1 2884/1 2856/1 2855/1
f 2884/1 2857/1 2829/1 2856/1
f 2913/1 2914/1 2886/1 2885/1
f 2914/1 2915/1 2887/1 2886/1
f 2915/1 2916/1 2888/1 2887/1
f 2916/1 2917/1 2889/1 2888/1
f 2917/1 2918/1 2890/1 2889/1
f 2918/1 2919/1 2891/1 2890/1
f 2919/1 2920/1 2892/1 2891/1
f 2920/1 2921/1 2893/1 2892/1
f 2921/1 2922/1 2894/1 2893/1
f 2922/1 2923/1 2895/1 2894/1
f 2923/1 2924/1 2896/1 2895/1
f 2924/1 2925/1 2897/1 2896/1
f 2925/1 2926/1 2898/1 2897/1
f 2926/1 2927/1 2899/1 2898/1
f 2927/1 2928/1 2900/1 2899/1
f 2928/1 2929/1 2901/1 2900/1
f 2929/1 2930/1 2902/1 2901/1
f 2930/1 2931/1 2903/1 2902/1
f 2931/1 2932/1 2904/1 2903/1
f 2932/1 2933/1 2905/1 2904/1
f 2933/1 2934/1 2906/1 2905/1
f 2934/1 2935/1 2907/1 2906/1
f 2935/1 2936/1 2908/1 2907/1
f 2936/1 2937/1 2909/1 2908/1
f 2937/1 2938/1 2910/1 2909/1
f 2938/1 2939/1 2911/1 2910/1
f 2939/1 2940/1 2912/1 2911/1
f 2940/1 2913/1 2885/1 2912/1
f 3075/1 3076/1 3082/1 3081/1
f 3076/1 3077/1 3083/1 3082/1
f 3077/1 3078/1 3084/1 3083/1
f 3078/1 3079/1 3085/1 3084/1
f 3079/1 3080/1 3086/1 3085/1
f 3080/1 3075/1 3081/1 3086/1
f 3081/1 3082/1 3088/1 3087/1
f 3082/1 3083/1 3089/1 3088/1
f 3083/1 3084/1 3090/1 3089/1
f 3084/1 3085/1 3091/1 3090/1
f 3085/1 3086/1 3092/1 3091/1
f 3086/1 3081/1 3087/1 3092/1
f 3087/1 3088/1 3094/1 3093/1
f 3088/1 3089/1 3095/1 3094/1
f 3089/1 3090/1 3096/1 3095/1
f 3090/1 3091/1 3097/1 3096/1
f 3091/1 3092/1 3098/1 3097/1
f 3092/1 3087/1 3093/1 3098/1
f 3093/1 3094/1 3100/1 3099/1
f 3094/1 3095/1 3101/1 3100/1
f 3095/1 3096/1 3102/1 3101/1
f 3096/1 3097/1 3103/1 3102/1
f 3097/1 3098/1 3104/1 3103/1
f 3098/1 3093/1 3099/1 3104/1
f 3099/1 3100/1 3106/1 3105/1
f 3100/1 3101/1 3107/1 3106/1
f 3101/1 3102/1 3108/1 3107/1
f 3102/1 3103/1 3109/1 3108/1
f 3103/1 3104/1 3110/1 3109/1
f 3104/1 3099/1 3105/1 3110/1
f 3105/1 3106/1 3112/1 3111/1
f 3106/1 3107/1 3113/1 3112/1
f 3107/1 3108/1 3114/1 3113/1
f 3108/1 3109/1 3115/1 3114/1
f 3109/1 3110/1 3116/1 3115/1
f 3110/1 3105/1 3111/1 3116/1
f 3111/1 3112/1 3118/1 3117/1
f 3112/1 3113/1 3119/1 3118/1
f 3113/1 3114/1 3120/1 3119/1
f 3114/1 3115/1 3121/1 3120/1
f 3115/1 3116/1 3122/1 3121/1
f 3116/1 3111/1 3117/1 3122/1
f 3117/1 3118/1 3124/1 3123/1
f 3118/1 3119/1 3125/1 3124/1
f 3119/1 3120/1 3126/1 3125/1
f 3120/1 3121/1 3127/1 3126/1
f 3121/1 3122/1 3128/1 3127/1
f 3122/1 3117/1 3123/1 3128/1
f 3123/1 3124/1 3130/1 3129/1
f 3124/1 3125/1 3131/1 3130/1
f 3125/1 3126/1 3132/1 3131/1
f 3126/1 3127/1 3133/1 3132/1
f 3127/1 3128/1 3134/1 3133/1
f 3128/1 3123/1 3129/1 3134/1
f 3129/1 3130/1 3136/1 3135/1
f 3130/1 3131/1 3137/1 3136/1
f 3131/1 3132/1 3138/1 3137/1
f 3132/1 3133/1 3139/1 3138/1
f 3133/1 3134/1 3140/1 3139/1
f 3134/1 3129/1 3135/1 3140/1
f 3135/1 3136/1 3142/1 3141/1
f 3136/1 3137/1 3143/1 3142/1
f 3137/1 3138/1 3144/1 3143/1
f 3138/1 3139/1 3145/1 3144/1
f 3139/1 3140/1 3146/1 3145/1
f 3140/1 3135/1 3141/1 3146/1
f 3141/1 3142/1 3148/1 3147/1
f 3142/1 3143/1 3149/1 3148/1
f 3143/1 3144/1 3150/1 3149/1
f 3144/1 3145/1 3151/1 3150/1
f 3145/1 3146/1 3152/1 3151/1
f 3146/1 3141/1 3147/1 3152/1
f 3147/1 3148/1 3154/1 3153/1
f 3148/1 3149/1 3155/1 3154/1
f 3149/1 3150/1 3156/1 3155/1
f 3150/1 3151/1 3157/1 3156/1
f 3151/1 3152/1 3158/1 3157/1
f 3152/1 3147/1 3153/1 3158/1
f 3153/1 3154/1 3160/1 3159/1
f 3154/1 3155/1 3161/1 3160/1
f 3155/1 3156/1 3162/1 3161/1
f 3156/1 3157/1 3163/1 3162/1
f 3157/1 3158/1 3164/1 3163/1
f 3158/1 3153/1 3159/1 3164/1
f 3159/1 3160/1 3166/1 3165/1
f 3160/1 3161/1 3167/1 3166/1
f 3161/1 3162/1 3168/1 3167/1
f 3162/1 3163/1 3169/1 3168/1
f 3163/1 3164/1 3170/1 3169/1
f 3164/1 3159/1 3165/1 3170/1
f 3165/1 3166/1 3172/1 3171/1
f 3166/1 3167/1 3173/1 3172/1
f 3167/1 3168/1 3174/1 3173/1
f 3168/1 3169/1 3175/1 3174/1
f 3169/1 3170/1 3176/1 3175/1
f 3170/1 3165/1 3171/1 3176/1
f 3171/1 3172/1 3178/1 3177/1
f 3172/1 3173/1 3179/1 3178/1
f 3173/1 3174/1 3180/1 3179/1
f 3174/1 3175/1 3181/1 3180/1
f 3175/1 3176/1 3182/1 3181/1
f 3176/1 3171/1 3177/1 3182/1
f 3177/1 3178/1 3184/1 3183/1
f 3178/1 3179/1 3185/1 3184/1
f 3179/1 3180/1 3186/1 3185/1
f 3180/1 3181/1 3187/1 3186/1
f 3181/1 3182/1 3188/1 3187/1
f 3182/1 3177/1 3183/1 3188/1
f 3183/1 3184/1 3190/1 3189/1
f 3184/1 3185/1 3191/1 3190/1
f 3185/1 3186/1 3192/1 3191/1
f 3186/1 3187/1 3193/1 3192/1
f 3187/1 3188/1 3194/1 3193/1
f 3188/1 3183/1 3189/1 3194/1
f 3189/1 3190/1 3196/1 3195/1
f 3190/1 3191/1 3197/1 3196/1
f 3191/1 3192/1 3198/1 3197/1
f 3192/1 3193/1 3199/1 3198/1
f 3193/1 3194/1 3200/1 3199/1
f 3194/1 3189/1 3195/1 3200/1
f 3195/1 3196/1 3202/1 3201/1
f 3196/1 3197/1 3203/1 3202/1
f 3197/1 3198/1 3204/1 3203/1
f 3198/1 3199/1 3205/1 3204/1
f 3199/1 3200/1 3206/1 3205/1
f 3200/1 3195/1 3201/1 3206/1
f 3201/1 3202/1 3208/1 3207/1
f 3202/1 3203/1 3209/1 3208/1
f 3203/1 3204/1 3210/1 3209/1
f 3204/1 3205/1 3211/1 3210/1
f 3205/1 3206/1 3212/1 3211/1
f 3206/1 3201/1 3207/1 3212/1
f 3207/1 3208/1 3214/1 3213/1
f 3208/1 3209/1 3215/1 3214/1
f 3209/1 3210/1 3216/1 3215/1
f 3210/1 3211/1 3217/1 3216/1
f 3211/1 3212/1 3218/1 3217/1
f 3212/1 3207/1 3213/1 3218/1
f 3213/1 3214/1 3076/1 3075/1
f 3214/1 3215/1 3077/1 3076/1
f 3215/1 3216/1 3078/1 3077/1
f 3216/1 3217/1 3079/1 3078/1
f 3217/1 3218/1 3080/1 3079/1
f 3218/1 3213/1 3075/1 3080/1
f 3331/1 3332/1 3349/1
f 3344/1 3343/1 3350/1
f 3332/1 3333/1 3349/1
f 3345/1 3344/1 3350/1
f 3333/1 3334/1 3349/1
f 3346/1 3345/1 3350/1
f 3334/1 3335/1 3349/1
f 3347/1 3346/1 3350/1
f 3335/1 3336/1 3349/1
f 3348/1 3347/1 3350/1
f 3336/1 3331/1 3349/1
f 3343/1 3348/1 3350/1
f 3337/1 3338/1 3332/1 3331/1
f 3338/1 3339/1 3333/1 3332/1
f 3339/1 3340/1 3334/1 3333/1
f 3340/1 3341/1 3335/1 3334/1
f 3341/1 3342/1 3336/1 3335/1
f 3342/1 3337/1 3331/1 3336/1
f 3343/1 3344/1 3338/1 3337/1
f 3344/1 3345/1 3339/1 3338/1
f 3345/1 3346/1 3340/1 3339/1
f 3346/1 3347/1 3341/1 3340/1
f 3347/1 3348/1 3342/1 3341/1
f 3348/1 3343/1 3337/1 3342/1
f 3351/1 3352/1 3369/1
f 3364/1 3363/1 3370/1
f 3352/1 3353/1 3369/1
f 3365/1 3364/1 3370/1
f 3353/1 3354/1 3369/1
f 3366/1 3365/1 3370/1
f 3354/1 3355/1 3369/1
f 3367/1 3366/1 3370/1
f 3355/1 3356/1 3369/1
f 3368/1 3367/1 3370/1
f 3356/1 3351/1 3369/1
f 3363/1 3368/1 3370/1
f 3357/1 3358/1 3352/1 3351/1
f 3358/1 3359/1 3353/1 3352/1
f 3359/1 3360/1 3354/1 3353/1
f 3360/1 3361/1 3355/1 3354/1
f 3361/1 3362/1 3356/1 3355/1
f 3362/1 3357/1 3351/1 3356/1
f 3363/1 3364/1 3358/1 3357/1
f 3364/1 3365/1 3359/1 3358/1
f 3365/1 3366/1 3360/1 3359/1
f 3366/1 3367/1 3361/1 3360/1
f 3367/1 3368/1 3362/1 3361/1
f 3368/1 3363/1 3357/1 3362/1
f 3371/1 3372/1 3389/1
f 3384/1 3383/1 3390/1
f 3372/1 3373/1 3389/1
f 3385/1 3384/1 3390/1
f 3373/1 3374/1 3389/1
f 3386/1 3385/1 3390/1
f 3374/1 3375/1 3389/1
f 3387/1 3386/1 3390/1
f 3375/1 3376/1 3389/1
f 3388/1 3387/1 3390/1
f 3376/1 3371/1 3389/1
f 3383/1 3388/1 3390/1
f 3377/1 3378/1 3372/1 3371/1
f 3378/1 3379/1 3373/1 3372/1
f 3379/1 3380/1 3374/1 3373/1
f 3380/1 3381/1 3375/1 3374/1
f 3381/1 3382/1 3376/1 3375/1
f 3382/1 3377/1 3371/1 3376/1
f 3383/1 3384/1 3378/1 3377/1
f 3384/1 3385/1 3379/1 3378/1
f 3385/1 3386/1 3380/1 3379/1
f 3386/1 3387/1 3381/1 3380/1
f 3387/1 3388/1 3382/1 3381/1
f 3388/1 3383/1 3377/1 3382/1
f 3391/1 3392/1 3409/1
f 3404/1 3403/1 3410/1
f 3392/1 3393/1 3409/1
f 3405/1 3404/1 3410/1
f 3393/1 3394/1 3409/1
f 3406/1 3405/1 3410/1
f 3394/1 3395/1 3409/1
f 3407/1 3406/1 3410/1
f 3395/1 3396/1 3409/1
f 3408/1 3407/1 3410/1
f 3396/1 3391/1 3409/1
f 3403/1 3408/1 3410/1
f 3397/1 3398/1 3392/1 3391/1
f 3398/1 3399/1 3393/1 3392/1
f 3399/1 3400/1 3394/1 3393/1
f 3400/1 3401/1 3395/1 3394/1
f 3401/1 3402/1 3396/1 3395/1
f 3402/1 3397/1 3391/1 3396/1
f 3403/1 3404/1 3398/1 3397/1
f 3404/1 3405/1 3399/1 3398/1
f 3405/1 3406/1 3400/1 3399/1
f 3406/1 3407/1 3401/1 3400/1
f 3407/1 3408/1 3402/1 3401/1
f 3408/1 3403/1 3397/1 3402/1
f 3411/1 3412/1 3429/1
f 3424/1 3423/1 3430/1
f 3412/1 3413/1 3429/1
f 3425/1 3424/1 3430/1
f 3413/1 3414/1 3429/1
f 3426/1 3425/1 3430/1
f 3414/1 3415/1 3429/1
f 3427/1 3426/1 3430/1
f 3415/1 3416/1 3429/1
f 3428/1 3427/1 3430/1
f 3416/1 3411/1 3429/1
f 3423/1 3428/1 3430/1
f 3417/1 3418/1 3412/1 3411/1
f 3418/1 3419/1 3413/1 3412/1
f 3419/1 3420/1 3414/1 3413/1
f 3420/1 3421/1 3415/1 3414/1
f 3421/1 3422/1 3416/1 3415/1
f 3422/1 3417/1 3411/1 3416/1
f 3423/1 3424/1 3418/1 3417/1
f 3424/1 3425/1 3419/1 3418/1
f 3425/1 3426/1 3420/1 3419/1
f 3426/1 3427/1 3421/1 3420/1
f 3427/1 3428/1 3422/1 3421/1
f 3428/1 3423/1 3417/1 3422/1
f 3431/1 3432/1 3449/1
f 3444/1 3443/1 3450/1
f 3432/1 3433/1 3449/1
f 3445/1 3444/1 3450/1
f 3433/1 3434/1 3449/1
f 3446/1 3445/1 3450/1
f 3434/1 3435/1 3449/1
f 3447/1 3446/1 3450/1
f 3435/1 3436/1 3449/1
f 3448/1 3447/1 3450/1
f 3436/1 3431/1 3449/1
f 3443/1 3448/1 3450/1
f 3437/1 3438/1 3432/1 3431/1
f 3438/1 3439/1 3433/1 3432/1
f 3439/1 3440/1 3434/1 3433/1
f 3440/1 3441/1 3435/1 3434/1
f 3441/1 3442/1 3436/1 3435/1
f 3442/1 3437/1 3431/1 3436/1
f 3443/1 3444/1 3438/1 3437/1
f 3444/1 3445/1 3439/1 3438/1
f 3445/1 3446/1 3440/1 3439/1
f 3446/1 3447/1 3441/1 3440/1
f 3447/1 3448/1 3442/1 3441/1
f 3448/1 3443/1 3437/1 3442/1
f 3451/1 3452/1 3469/1
f 3464/1 3463/1 3470/1
f 3452/1 3453/1 3469/1
f 3465/1 3464/1 3470/1
f 3453/1 3454/1 3469/1
f 3466/1 3465/1 3470/1
f 3454/1 3455/1 3469/1
f 3467/1 3466/1 3470/1
f 3455/1 3456/1 3469/1
f 3468/1 3467/1 3470/1
f 3456/1 3451/1 3469/1
f 3463/1 3468/1 3470/1
f 3457/1 3458/1 3452/1 3451/1
f 3458/1 3459/1 3453/1 3452/1
f 3459/1 3460/1 3454/1 3453/1
f 3460/1 3461/1 3455/1 3454/1
f 3461/1 3462/1 3456/1 3455/1
f 3462/1 3457/1 3451/1 3456/1
f 3463/1 3464/1 3458/1 3457/1
f 3464/1 3465/1 3459/1 3458/1
f 3465/1 3466/1 3460/1 3459/1
f 3466/1 3467/1 3461/1 3460/1
f 3467/1 3468/1 3462/1 3461/1
f 3468/1 3463/1 3457/1 3462/1
f 3471/1 3472/1 3489/1
f 3484/1 3483/1 3490/1
f 3472/1 3473/1 3489/1
f 3485/1 3484/1 3490/1
f 3473/1 3474/1 3489/1
f 3486/1 3485/1 3490/1
f 3474/1 3475/1 3489/1
f 3487/1 3486/1 3490/1
f 3475/1 3476/1 3489/1
f 3488/1 3487/1 3490/1
f 3476/1 3471/1 3489/1
f 3483/1 3488/1 3490/1
f 3477/1 3478/1 3472/1 3471/1
f 3478/1 3479/1 3473/1 3472/1
f 3479/1 3480/1 3474/1 3473/1
f 3480/1 3481/1 3475/1 3474/1
f 3481/1 3482/1 3476/1 3475/1
f 3482/1 3477/1 3471/1 3476/1
f 3483/1 3484/1 3478/1 3477/1
f 3484/1 3485/1 3479/1 3478/1
f 3485/1 3486/1 3480/1 3479/1
f 3486/1 3487/1 3481/1 3480/1
f 3487/1 3488/1 3482/1 3481/1
f 3488/1 3483/1 3477/1 3482/1
f 3549/1 3550/1 3558/1 3557/1
f 3565/1 3550/1 3549/1
f 3566/1 3557/1 3558/1
f 3550/1 3551/1 3559/1 3558/1
f 3565/1 3551/1 3550/1
f 3566/1 3558/1 3559/1
f 3551/1 3552/1 3560/1 3559/1
f 3565/1 3552/1 3551/1
f 3566/1 3559/1 3560/1
f 3552/1 3553/1 3561/1 3560/1
f 3565/1 3553/1 3552/1
f 3566/1 3560/1 3561/1
f 3553/1 3554/1 3562/1 3561/1
f 3565/1 3554/1 3553/1
f 3566/1 3561/1 3562/1
f 3554/1 3555/1 3563/1 3562/1
f 3565/1 3555/1 3554/1
f 3566/1 3562/1 3563/1
f 3555/1 3556/1 3564/1 3563/1
f 3565/1 3556/1 3555/1
f 3566/1 3563/1 3564/1
f 3556/1 3549/1 3557/1 3564/1
f 3565/1 3549/1 3556/1
f 3566/1 3564/1 3557/1
f 3735/1 3736/1 3708/1 3707/1
f 3736/1 3737/1 3709/1 3708/1
f 3737/1 3738/1 3710/1 3709/1
f 3738/1 3739/1 3711/1 3710/1
f 3739/1 3740/1 3712/1 3711/1
f 3740/1 3741/1 3713/1 3712/1
f 3741/1 3742/1 3714/1 3713/1
f 3742/1 3743/1 3715/1 3714/1
f 3743/1 3744/1 3716/1 3715/1
f 3744/1 3745/1 3717/1 3716/1
f 3745/1 3746/1 3718/1 3717/1
f 3746/1 3747/1 3719/1 3718/1
f 3747/1 3748/1 3720/1 3719/1
f 3748/1 3749/1 3721/1 3720/1
f 3749/1 3750/1 3722/1 3721/1
f 3750/1 3751/1 3723/1 3722/1
f 3751/1 3752/1 3724/1 3723/1
f 3752/1 3753/1 3725/1 3724/1
f 3753/1 3754/1 3726/1 3725/1
f 3754/1 3755/1 3727/1 3726/1
f 3755/1 3756/1 3728/1 3727/1
f 3756/1 3757/1 3729/1 3728/1
f 3757/1 3758/1 3730/1 3729/1
f 3758/1 3759/1 3731/1 3730/1
f 3759/1 3760/1 3732/1 3731/1
f 3760/1 3761/1 3733/1 3732/1
f 3761/1 3762/1 3734/1 3733/1
f 3762/1 3735/1 3707/1 3734/1
f 3897/1 3898/1 3904/1 3903/1
f 3898/1 3899/1 3905/1 3904/1
f 3899/1 3900/1 3906/1 3905/1
f 3900/1 3901/1 3907/1 3906/1
f 3901/1 3902/1 3908/1 3907/1
f 3902/1 3897/1 3903/1 3908/1
f 3903/1 3904/1 3910/1 3909/1
f 3904/1 3905/1 3911/1 3910/1
f 3905/1 3906/1 3912/1 3911/1
f 3906/1 3907/1 3913/1 3912/1
f 3907/1 3908/1 3914/1 3913/1
f 3908/1 3903/1 3909/1 3914/1
f 3909/1 3910/1 3916/1 3915/1
f 3910/1 3911/1 3917/1 3916/1
f 3911/1 3912/1 3918/1 3917/1
f 3912/1 3913/1 3919/1 3918/1
f 3913/1 3914/1 3920/1 3919/1
f 3914/1 3909/1 3915/1 3920/1
f 3915/1 3916/1 3922/1 3921/1
f 3916/1 3917/1 3923/1 3922/1
f 3917/1 3918/1 3924/1 3923/1
f 3918/1 3919/1 3925/1 3924/1
f 3919/1 3920/1 3926/1 3925/1
f 3920/1 3915/1 3921/1 3926/1
f 3921/1 3922/1 3928/1 3927/1
f 3922/1 3923/1 3929/1 3928/1
f 3923/1 3924/1 3930/1 3929/1
f 3924/1 3925/1 3931/1 3930/1
f 3925/1 3926/1 3932/1 3931/1
f 3926/1 3921/1 3927/1 3932/1
f 3927/1 3928/1 3934/1 3933/1
f 3928/1 3929/1 3935/1 3934/1
f 3929/1 3930/1 3936/1 3935/1
f 3930/1 3931/1 3937/1 3936/1
f 3931/1 3932/1 3938/1 3937/1
f 3932/1 3927/1 3933/1 3938/1
f 3933/1 3934/1 3940/1 3939/1
f 3934/1 3935/1 3941/1 3940/1
f 3935/1 3936/1 3942/1 3941/1
f 3936/1 3937/1 3943/1 3942/1
f 3937/1 3938/1 3944/1 3943/1
f 3938/1 3933/1 3939/1 3944/1
f 3939/1 3940/1 3946/1 3945/1
f 3940/1 3941/1 3947/1 3946/1
f 3941/1 3942/1 3948/1 3947/1
f 3942/1 3943/1 3949/1 3948/1
f 3943/1 3944/1 3950/1 3949/1
f 3944/1 3939/1 3945/1 3950/1
f 3945/1 3946/1 3952/1 3951/1
f 3946/1 3947/1 3953/1 3952/1
f 3947/1 3948/1 3954/1 3953/1
f 3948/1 3949/1 3955/1 3954/1
f 3949/1 3950/1 3956/1 3955/1
f 3950/1 3945/1 3951/1 3956/1
f 3951/1 3952/1 3958/1 3957/1
f 3952/1 3953/1 3959/1 3958/1
f 3953/1 3954/1 3960/1 3959/1
f 3954/1 3955/1 3961/1 3960/1
f 3955/1 3956/1 3962/1 3961/1
f 3956/1 3951/1 3957/1 3962/1
f 3957/1 3958/1 3964/1 3963/1
f 3958/1 3959/1 3965/1 3964/1
f 3959/1 3960/1 3966/1 3965/1
f 3960/1 3961/1 3967/1 3966/1
f 3961/1 3962/1 3968/1 3967/1
f 3962/1 3957/1 3963/1 3968/1
f 3963/1 3964/1 3970/1 3969/1
f 3964/1 3965/1 3971/1 3970/1
f 3965/1 3966/1 3972/1 3971/1
f 3966/1 3967/1 3973/1 3972/1
f 3967/1 3968/1 3974/1 3973/1
f 3968/1 3963/1 3969/1 3974/1
f 3969/1 3970/1 3976/1 3975/1
f 3970/1 3971/1 3977/1 3976/1
f 3971/1 3972/1 3978/1 3977/1
f 3972/1 3973/1 3979/1 3978/1
f 3973/1 3974/1 3980/1 3979/1
f 3974/1 3969/1 3975/1 3980/1
f 3975/1 3976/1 3982/1 3981/1
f 3976/1 3977/1 3983/1 3982/1
f 3977/1 3978/1 3984/1 3983/1
f 3978/1 3979/1 3985/1 3984/1
f 3979/1 3980/1 3986/1 3985/1
f 3980/1 3975/1 3981/1 3986/1
f 3981/1 3982/1 3988/1 3987/1
f 3982/1 3983/1 3989/1 3988/1
f 3983/1 3984/1 3990/1 3989/1
f 3984/1 3985/1 3991/1 3990/1
f 3985/1 3986/1 3992/1 3991/1
f 3986/1 3981/1 3987/1 3992/1
f 3987/1 3988/1 3994/1 3993/1
f 3988/1 3989/1 3995/1 3994/1
f 3989/1 3990/1 3996/1 3995/1
f 3990/1 3991/1 3997/1 3996/1
f 3991/1 3992/1 3998/1 3997/1
f 3992/1 3987/1 3993/1 3998/1
f 3993/1 3994/1 4000/1 3999/1
f 3994/1 3995/1 4001/1 4000/1
f 3995/1 3996/1 4002/1 4001/1
f 3996/1 3997/1 4003/1 4002/1
f 3997/1 3998/1 4004/1 4003/1
f 3998/1 3993/1 3999/1 4004/1
f 3999/1 4000/1 4006/1 4005/1
f 4000/1 4001/1 4007/1 4006/1
f 4001/1 4002/1 4008/1 4007/1
f 4002/1 4003/1 4009/1 4008/1
f 4003/1 4004/1 4010/1 4009/1
f 4004/1 3999/1 4005/1 4010/1
f 4005/1 4006/1 4012/1 4011/1
f 4006/1 4007/1 4013/1 4012/1
f 4007/1 4008/1 4014/1 4013/1
f 4008/1 4009/1 4015/1 4014/1
f 4009/1 4010/1 4016/1 4015/1
f 4010/1 4005/1 4011/1 4016/1
f 4011/1 4012/1 4018/1 4017/1
f 4012/1 4013/1 4019/1 4018/1
f 4013/1 4014/1 4020/1 4019/1
f 4014/1 4015/1 4021/1 4020/1
f 4015/1 4016/1 4022/1 4021/1
f 4016/1 4011/1 4017/1 4022/1
f 4017/1 4018/1 4024/1 4023/1
f 4018/1 4019/1 4025/1 4024/1
f 4019/1 4020/1 4026/1 4025/1
f 4020/1 4021/1 4027/1 4026/1
f 4021/1 4022/1 4028/1 4027/1
f 4022/1 4017/1 4023/1 4028/1
f 4023/1 4024/1 4030/1 4029/1
f 4024/1 4025/1 4031/1 4030/1
f 4025/1 4026/1 4032/1 4031/1
f 4026/1 4027/1 4033/1 4032/1
f 4027/1 4028/1 4034/1 4033/1
f 4028/1 4023/1 4029/1 4034/1
f 4029/1 4030/1 4036/1 4035/1
f 4030/1 4031/1 4037/1 4036/1
f 4031/1 4032/1 4038/1 4037/1
f 4032/1 4033/1 4039/1 4038/1
f 4033/1 4034/1 4040/1 4039/1
f 4034/1 4029/1 4035/1 4040/1
f 4035/1 4036/1 3898/1 3897/1
f 4036/1 4037/1 3899/1 3898/1
f 4037/1 4038/1 3900/1 3899/1
f 4038/1 4039/1 3901/1 3900/1
f 4039/1 4040/1 3902/1 3901/1
f 4040/1 4035/1 3897/1 3902/1
f 4153/1 4154/1 4171/1
f 4166/1 4165/1 4172/1
f 4154/1 4155/1 4171/1
f 4167/1 4166/1 4172/1
f 4155/1 4156/1 4171/1
f 4168/1 4167/1 4172/1
f 4156/1 4157/1 4171/1
f 4169/1 4168/1 4172/1
f 4157/1 4158/1 4171/1
f 4170/1 4169/1 4172/1
f 4158/1 4153/1 4171/1
f 4165/1 4170/1 4172/1
f 4159/1 4160/1 4154/1 4153/1
f 4160/1 4161/1 4155/1 4154/1
f 4161/1 4162/1 4156/1 4155/1
f 4162/1 4163/1 4157/1 4156/1
f 4163/1 4164/1 4158/1 4157/1
f 4164/1 4159/1 4153/1 4158/1
f 4165/1 4166/1 4160/1 4159/1
f 4166/1 4167/1 4161/1 4160/1
f 4167/1 4168/1 4162/1 4161/1
f 4168/1 4169/1 4163/1 4162/1
f 4169/1 4170/1 4164/1 4163/1
f 4170/1 4165/1 4159/1 4164/1
f 4173/1 4174/1 4191/1
f 4186/1 4185/1 4192/1
f 4174/1 4175/1 4191/1
f 4187/1 4186/1 4192/1
f 4175/1 4176/1 4191/1
f 4188/1 4187/1 4192/1
f 4176/1 4177/1 4191/1
f 4189/1 4188/1 4192/1
f 4177/1 4178/1 4191/1
f 4190/1 4189/1 4192/1
f 4178/1 4173/1 4191/1
f 4185/1 4190/1 4192/1
f 4179/1 4180/1 4174/1 4173/1
f 4180/1 4181/1 4175/1 4174/1
f 4181/1 4182/1 4176/1 4175/1
f 4182/1 4183/1 4177/1 4176/1
f 4183/1 4184/1 4178/1 4177/1
f 4184/1 4179/1 4173/1 4178/1
f 4185/1 4186/1 4180/1 4179/1
f 4186/1 4187/1 4181/1 4180/1
f 4187/1 4188/1 4182/1 4181/1
f 4188/1 4189/1 4183/1 4182/1
f 4189/1 4190/1 4184/1 4183/1
f 4190/1 4185/1 4179/1 4184/1
f 4193/1 4194/1 4211/1
f 4206/1 4205/1 4212/1
f 4194/1 4195/1 4211/1
f 4207/1 4206/1 4212/1
f 4195/1 4196/1 4211/1
f 4208/1 4207/1 4212/1
f 4196/1 4197/1 4211/1
f 4209/1 4208/1 4212/1
f 4197/1 4198/1 4211/1
f 4210/1 4209/1 4212/1
f 4198/1 4193/1 4211/1
f 4205/1 4210/1 4212/1
f 4199/1 4200/1 4194/1 4193/1
f 4200/1 4201/1 4195/1 4194/1
f 4201/1 4202/1 4196/1 4195/1
f 4202/1 4203/1 4197/1 4196/1
f 4203/1 4204/1 4198/1 4197/1
f 4204/1 4199/1 4193/1 4198/1
f 4205/1 4206/1 4200/1 4199/1
f 4206/1 4207/1 4201/1 4200/1
f 4207/1 4208/1 4202/1 4201/1
f 4208/1 4209/1 4203/1 4202/1
f 4209/1 4210/1 4204/1 4203/1
f 4210/1 4205/1 4199/1 4204/1
f 4213/1 4214/1 4231/1
f 4226/1 4225/1 4232/1
f 4214/1 4215/1 4231/1
f 4227/1 4226/1 4232/1
f 4215/1 4216/1 4231/1
f 4228/1 4227/1 4232/1
f 4216/1 4217/1 4231/1
f 4229/1 4228/1 4232/1
f 4217/1 4218/1 4231/1
f 4230/1 4229/1 4232/1
f 4218/1 4213/1 4231/1
f 4225/1 4230/1 4232/1
f 4219/1 4220/1 4214/1 4213/1
f 4220/1 4221/1 4215/1 4214/1
f 4221/1 4222/1 4216/1 4215/1
f 4222/1 4223/1 4217/1 4216/1
f 4223/1 4224/1 4218/1 4217/1
f 4224/1 4219/1 4213/1 4218/1
f 4225/1 4226/1 4220/1 4219/1
f 4226/1 4227/1 4221/1 4220/1
f 4227/1 4228/1 4222/1 4221/1
f 4228/1 4229/1 4223/1 4222/1
f 4229/1 4230/1 4224/1 4223/1
f 4230/1 4225/1 4219/1 4224/1
f 4233/1 4234/1 4251/1
f 4246/1 4245/1 4252/1
f 4234/1 4235/1 4251/1
f 4247/1 4246/1 4252/1
f 4235/1 4236/1 4251/1
f 4248/1 4247/1 4252/1
f 4236/1 4237/1 4251/1
f 4249/1 4248/1 4252/1
f 4237/1 4238/1 4251/1
f 4250/1 4249/1 4252/1
f 4238/1 4233/1 4251/1
f 4245/1 4250/1 4252/1
f 4239/1 4240/1 4234/1 4233/1
f 4240/1 4241/1 4235/1 4234/1
f 4241/1 4242/1 4236/1 4235/1
f 4242/1 4243/1 4237/1 4236/1
f 4243/1 4244/1 4238/1 4237/1
f 4244/1 4239/1 4233/1 4238/1
f 4245/1 4246/1 4240/1 4239/1
f 4246/1 4247/1 4241/1 4240/1
f 4247/1 4248/1 4242/1 4241/1
f 4248/1 4249/1 4243/1 4242/1
f 4249/1 4250/1 4244/1 4243/1
f 4250/1 4245/1 4239/1 4244/1
f 4253/1 4254/1 4271/1
f 4266/1 4265/1 4272/1
f 4254/1 4255/1 4271/1
f 4267/1 4266/1 4272/1
f 4255/1 4256/1 4271/1
f 4268/1 4267/1 4272/1
f 4256/1 4257/1 4271/1
f 4269/1 4268/1 4272/1
f 4257/1 4258/1 4271/1
f 4270/1 4269/1 4272/1
f 4258/1 4253/1 4271/1
f 4265/1 4270/1 4272/1
f 4259/1 4260/1 4254/1 4253/1
f 4260/1 4261/1 4255/1 4254/1
f 4261/1 4262/1 4256/1 4255/1
f 4262/1 4263/1 4257/1 4256/1
f 4263/1 4264/1 4258/1 4257/1
f 4264/1 4259/1 4253/1 4258/1
f 4265/1 4266/1 4260/1 4259/1
f 4266/1 4267/1 4261/1 4260/1
f 4267/1 4268/1 4262/1 4261/1
f 4268/1 4269/1 4263/1 4262/1
f 4269/1 4270/1 4264/1 4263/1
f 4270/1 4265/1 4259/1 4264/1
f 4273/1 4274/1 4291/1
f 4286/1 4285/1 4292/1
f 4274/1 4275/1 4291/1
f 4287/1 4286/1 4292/1
f 4275/1 4276/1 4291/1
f 4288/1 4287/1 4292/1
f 4276/1 4277/1 4291/1
f 4289/1 4288/1 4292/1
f 4277/1 4278/1 4291/1
f 4290/1 4289/1 4292/1
f 4278/1 4273/1 4291/1
f 4285/1 4290/1 4292/1
f 4279/1 4280/1 4274/1 4273/1
f 4280/1 4281/1 4275/1 4274/1
f 4281/1 4282/1 4276/1 4275/1
f 4282/1 4283/1 4277/1 4276/1
f 4283/1 4284/1 4278/1 4277/1
f 4284/1 4279/1 4273/1 4278/1
f 4285/1 4286/1 4280/1 4279/1
f 4286/1 4287/1 4281/1 4280/1
f 4287/1 4288/1 4282/1 4281/1
f 4288/1 4289/1 4283/1 4282/1
f 4289/1 4290/1 4284/1 4283/1
f 4290/1 4285/1 4279/1 4284/1
f 4293/1 4294/1 4311/1
f 4306/1 4305/1 4312/1
f 4294/1 4295/1 4311/1
f 4307/1 4306/1 4312/1
f 4295/1 4296/1 4311/1
f 4308/1 4307/1 4312/1
f 4296/1 4297/1 4311/1
f 4309/1 4308/1 4312/1
f 4297/1 4298/1 4311/1
f 4310/1 4309/1 4312/1
f 4298/1 4293/1 4311/1
f 4305/1 4310/1 4312/1
f 4299/1 4300/1 4294/1 4293/1
f 4300/1 4301/1 4295/1 4294/1
f 4301/1 4302/1 4296/1 4295/1
f 4302/1 4303/1 4297/1 4296/1
f 4303/1 4304/1 4298/1 4297/1
f 4304/1 4299/1 4293/1 4298/1
f 4305/1 4306/1 4300/1 4299/1
f 4306/1 4307/1 4301/1 4300/1
f 4307/1 4308/1 4302/1 4301/1
f 4308/1 4309/1 4303/1 4302/1
f 4309/1 4310/1 4304/1 4303/1
f 4310/1 4305/1 4299/1 4304/1
f 4371/1 4372/1 4380/1 4379/1
f 4387/1 4372/1 4371/1
f 4388/1 4379/1 4380/1
f 4372/1 4373/1 4381/1 4380/1
f 4387/1 4373/1 4372/1
f 4388/1 4380/1 4381/1
f 4373/1 4374/1 4382/1 4381/1
f 4387/1 4374/1 4373/1
f 4388/1 4381/1 4382/1
f 4374/1 4375/1 4383/1 4382/1
f 4387/1 4375/1 4374/1
f 4388/1 4382/1 4383/1
f 4375/1 4376/1 4384/1 4383/1
f 4387/1 4376/1 4375/1
f 4388/1 4383/1 4384/1
f 4376/1 4377/1 4385/1 4384/1
f 4387/1 4377/1 4376/1
f 4388/1 4384/1 4385/1
f 4377/1 4378/1 4386/1 4385/1
f 4387/1 4378/1 4377/1
f 4388/1 4385/1 4386/1
f 4378/1 4371/1 4379/1 4386/1
f 4387/1 4371/1 4378/1
f 4388/1 4386/1 4379/1
f 4557/1 4558/1 4530/1 4529/1
f 4558/1 4559/1 4531/1 4530/1
f 4559/1 4560/1 4532/1 4531/1
f 4560/1 4561/1 4533/1 4532/1
f 4561/1 4562/1 4534/1 4533/1
f 4562/1 4563/1 4535/1 4534/1
f 4563/1 4564/1 4536/1 4535/1
f 4564/1 4565/1 4537/1 4536/1
f 4565/1 4566/1 4538/1 4537/1
f 4566/1 4567/1 4539/1 4538/1
f 4567/1 4568/1 4540/1 4539/1
f 4568/1 4569/1 4541/1 4540/1
f 4569/1 4570/1 4542/1 4541/1
f 4570/1 4571/1 4543/1 4542/1
f 4571/1 4572/1 4544/1 4543/1
f 4572/1 4573/1 4545/1 4544/1
f 4573/1 4574/1 4546/1 4545/1
f 4574/1 4575/1 4547/1 4546/1
f 4575/1 4576/1 4548/1 4547/1
f 4576/1 4577/1 4549/1 4548/1
f 4577/1 4578/1 4550/1 4549/1
f 4578/1 4579/1 4551/1 4550/1
f 4579/1 4580/1 4552/1 4551/1
f 4580/1 4581/1 4553/1 4552/1
f 4581/1 4582/1 4554/1 4553/1
f 4582/1 4583/1 4555/1 4554/1
f 4583/1 4584/1 4556/1 4555/1
f 4584/1 4557/1 4529/1 4556/1
f 4719/1 4720/1 4726/1 4725/1
f 4720/1 4721/1 4727/1 4726/1
f 4721/1 4722/1 4728/1 4727/1
f 4722/1 4723/1 4729/1 4728/1
f 4723/1 4724/1 4730/1 4729/1
f 4724/1 4719/1 4725/1 4730/1
f 4725/1 4726/1 4732/1 4731/1
f 4726/1 4727/1 4733/1 4732/1
f 4727/1 4728/1 4734/1 4733/1
f 4728/1 4729/1 4735/1 4734/1
f 4729/1 4730/1 4736/1 4735/1
f 4730/1 4725/1 4731/1 4736/1
f 4731/1 4732/1 4738/1 4737/1
f 4732/1 4733/1 4739/1 4738/1
f 4733/1 4734/1 4740/1 4739/1
f 4734/1 4735/1 4741/1 4740/1
f 4735/1 4736/1 4742/1 4741/1
f 4736/1 4731/1 4737/1 4742/1
f 4737/1 4738/1 4744/1 4743/1
f 4738/1 4739/1 4745/1 4744/1
f 4739/1 4740/1 4746/1 4745/1
f 4740/1 4741/1 4747/1 4746/1
f 4741/1 4742/1 4748/1 4747/1
f 4742/1 4737/1 4743/1 4748/1
f 4743/1 4744/1 4750/1 4749/1
f 4744/1 4745/1 4751/1 4750/1
f 4745/1 4746/1 4752/1 4751/1
f 4746/1 4747/1 4753/1 4752/1
f 4747/1 4748/1 4754/1 4753/1
f 4748/1 4743/1 4749/1 4754/1
f 4749/1 4750/1 4756/1 4755/1
f 4750/1 4751/1 4757/1 4756/1
f 4751/1 4752/1 4758/1 4757/1
f 4752/1 4753/1 4759/1 4758/1
f 4753/1 4754/1 4760/1 4759/1
f 4754/1 4749/1 4755/1 4760/1
f 4755/1 4756/1 4762/1 4761/1
f 4756/1 4757/1 4763/1 4762/1
f 4757/1 4758/1 4764/1 4763/1
f 4758/1 4759/1 4765/1 4764/1
f 4759/1 4760/1 4766/1 4765/1
f 4760/1 4755/1 4761/1 4766/1
f 4761/1 4762/1 4768/1 4767/1
f 4762/1 4763/1 4769/1 4768/1
f 4763/1 4764/1 4770/1 4769/1
f 4764/1 4765/1 4771/1 4770/1
f 4765/1 4766/1 4772/1 4771/1
f 4766/1 4761/1 4767/1 4772/1
f 4767/1 4768/1 4774/1 4773/1
f 4768/1 4769/1 4775/1 4774/1
f 4769/1 4770/1 4776/1 4775/1
f 4770/1 4771/1 4777/1 4776/1
f 4771/1 4772/1 4778/1 4777/1
f 4772/1 4767/1 4773/1 4778/1
f 4773/1 4774/1 4780/1 4779/1
f 4774/1 4775/1 4781/1 4780/1
f 4775/1 4776/1 4782/1 4781/1
f 4776/1 4777/1 4783/1 4782/1
f 4777/1 4778/1 4784/1 4783/1
f 4778/1 4773/1 4779/1 4784/1
f 4779/1 4780/1 4786/1 4785/1
f 4780/1 4781/1 4787/1 4786/1
f 4781/1 4782/1 4788/1 4787/1
f 4782/1 4783/1 4789/1 4788/1
f 4783/1 4784/1 4790/1 4789/1
f 4784/1 4779/1 4785/1 4790/1
f 4785/1 4786/1 4792/1 4791/1
f 4786/1 4787/1 4793/1 4792/1
f 4787/1 4788/1 4794/1 4793/1
f 4788/1 4789/1 4795/1 4794/1
f 4789/1 4790/1 4796/1 4795/1
f 4790/1 4785/1 4791/1 4796/1
f 4791/1 4792/1 4798/1 4797/1
f 4792/1 4793/1 4799/1 4798/1
f 4793/1 4794/1 4800/1 4799/1
f 4794/1 4795/1 4801/1 4800/1
f 4795/1 4796/1 4802/1 4801/1
f 4796/1 4791/1 4797/1 4802/1
f 4797/1 4798/1 4804/1 4803/1
f 4798/1 4799/1 4805/1 4804/1
f 4799/1 4800/1 4806/1 4805/1
f 4800/1 4801/1 4807/1 4806/1
f 4801/1 4802/1 4808/1 4807/1
f 4802/1 4797/1 4803/1 4808/1
f 4803/1 4804/1 4810/1 4809/1
f 4804/1 4805/1 4811/1 4810/1
f 4805/1 4806/1 4812/1 4811/1
f 4806/1 4807/1 4813/1 4812/1
f 4807/1 4808/1 4814/1 4813/1
f 4808/1 4803/1 4809/1 4814/1
f 4809/1 4810/1 4816/1 4815/1
f 4810/1 4811/1 4817/1 4816/1
f 4811/1 4812/1 4818/1 4817/1
f 4812/1 4813/1 4819/1 4818/1
f 4813/1 4814/1 4820/1 4819/1
f 4814/1 4809/1 4815/1 4820/1
f 4815/1 4816/1 4822/1 4821/1
f 4816/1 4817/1 4823/1 4822/1
f 4817/1 4818/1 4824/1 4823/1
f 4818/1 4819/1 4825/1 4824/1
f 4819/1 4820/1 4826/1 4825/1
f 4820/1 4815/1 4821/1 4826/1
f 4821/1 4822/1 4828/1 4827/1
f 4822/1 4823/1 4829/1 4828/1
f 4823/1 4824/1 4830/1 4829/1
f 4824/1 4825/1 4831/1 4830/1
f 4825/1 4826/1 4832/1 4831/1
f 4826/1 4821/1 4827/1 4832/1
f 4827/1 4828/1 4834/1 4833/1
f 4828/1 4829/1 4835/1 4834/1
f 4829/1 4830/1 4836/1 4835/1
f 4830/1 4831/1 4837/1 4836/1
f 4831/1 4832/1 4838/1 4837/1
f 4832/1 4827/1 4833/1 4838/1
f 4833/1 4834/1 4840/1 4839/1
f 4834/1 4835/1 4841/1 4840/1
f 4835/1 4836/1 4842/1 4841/1
f 4836/1 4837/1 4843/1 4842/1
f 4837/1 4838/1 4844/1 4843/1
f 4838/1 4833/1 4839/1 4844/1
f 4839/1 4840/1 4846/1 4845/1
f 4840/1 4841/1 4847/1 4846/1
f 4841/1 4842/1 4848/1 4847/1
f 4842/1 4843/1 4849/1 4848/1
f 4843/1 4844/1 4850/1 4849/1
f 4844/1 4839/1 4845/1 4850/1
f 4845/1 4846/1 4852/1 4851/1
f 4846/1 4847/1 4853/1 4852/1
f 4847/1 4848/1 4854/1 4853/1
f 4848/1 4849/1 4855/1 4854/1
f 4849/1 4850/1 4856/1 4855/1
f 4850/1 4845/1 4851/1 4856/1
f 4851/1 4852/1 4858/1 4857/1
f 4852/1 4853/1 4859/1 4858/1
f 4853/1 4854/1 4860/1 4859/1
f 4854/1 4855/1 4861/1 4860/1
f 4855/1 4856/1 4862/1 4861/1
f 4856/1 4851/1 4857/1 4862/1
f 4857/1 4858/1 4720/1 4719/1
f 4858/1 4859/1 4721/1 4720/1
f 4859/1 4860/1 4722/1 4721/1
f 4860/1 4861/1 4723/1 4722/1
f 4861/1 4862/1 4724/1 4723/1
f 4862/1 4857/1 4719/1 4724/1
f 4975/1 4976/1 4993/1
f 4988/1 4987/1 4994/1
f 4976/1 4977/1 4993/1
f 4989/1 4988/1 4994/1
f 4977/1 4978/1 4993/1
f 4990/1 4989/1 4994/1
f 4978/1 4979/1 4993/1
f 4991/1 4990/1 4994/1
f 4979/1 4980/1 4993/1
f 4992/1 4991/1 4994/1
f 4980/1 4975/1 4993/1
f 4987/1 4992/1 4994/1
f 4981/1 4982/1 4976/1 4975/1
f 4982/1 4983/1 4977/1 4976/1
f 4983/1 4984/1 4978/1 4977/1
f 4984/1 4985/1 4979/1 4978/1
f 4985/1 4986/1 4980/1 4979/1
f 4986/1 4981/1 4975/1 4980/1
f 4987/1 4988/1 4982/1 4981/1
f 4988/1 4989/1 4983/1 4982/1
f 4989/1 4990/1 4984/1 4983/1
f 4990/1 4991/1 4985/1 4984/1
f 4991/1 4992/1 4986/1 4985/1
f 4992/1 4987/1 4981/1 4986/1
f 4995/1 4996/1 5013/1
f 5008/1 5007/1 5014/1
f 4996/1 4997/1 5013/1
f 5009/1 5008/1 5014/1
f 4997/1 4998/1 5013/1
f 5010/1 5009/1 5014/1
f 4998/1 4999/1 5013/1
f 5011/1 5010/1 5014/1
f 4999/1 5000/1 5013/1
f 5012/1 5011/1 5014/1
f 5000/1 4995/1 5013/1
f 5007/1 5012/1 5014/1
f 5001/1 5002/1 4996/1 4995/1
f 5002/1 5003/1 4997/1 4996/1
f 5003/1 5004/1 4998/1 4997/1
f 5004/1 5005/1 4999/1 4998/1
f 5005/1 5006/1 5000/1 4999/1
f 5006/1 5001/1 4995/1 5000/1
f 5007/1 5008/1 5002/1 5001/1
f 5008/1 5009/1 5003/1 5002/1
f 5009/1 5010/1 5004/1 5003/1
f 5010/1 5011/1 5005/1 5004/1
f 5011/1 5012/1 5006/1 5005/1
f 5012/1 5007/1 5001/1 5006/1
f 5015/1 5016/1 5033/1
f 5028/1 5027/1 5034/1
f 5016/1 5017/1 5033/1
f 5029/1 5028/1 5034/1
f 5017/1 5018/1 5033/1
f 5030/1 5029/1 5034/1
f 5018/1 5019/1 5033/1
f 5031/1 5030/1 5034/1
f 5019/1 5020/1 5033/1
f 5032/1 5031/1 5034/1
f 5020/1 5015/1 5033/1
f 5027/1 5032/1 5034/1
f 5021/1 5022/1 5016/1 5015/1
f 5022/1 5023/1 5017/1 5016/1
f 5023/1 5024/1 5018/1 5017/1
f 5024/1 5025/1 5019/1 5018/1
f 5025/1 5026/1 5020/1 5019/1
f 5026/1 5021/1 5015/1 5020/1
f 5027/1 5028/1 5022/1 5021/1
f 5028/1 5029/1 5023/1 5022/1
f 5029/1 5030/1 5024/1 5023/1
f 5030/1 5031/1 5025/1 5024/1
f 5031/1 5032/1 5026/1 5025/1
f 5032/1 5027/1 5021/1 5026/1
f 5035/1 5036/1 5053/1
f 5048/1 5047/1 5054/1
f 5036/1 5037/1 5053/1
f 5049/1 5048/1 5054/1
f 5037/1 5038/1 5053/1
f 5050/1 5049/1 5054/1
f 5038/1 5039/1 5053/1
f 5051/1 5050/1 5054/1
f 5039/1 5040/1 5053/1
f 5052/1 5051/1 5054/1
f 5040/1 5035/1 5053/1
f 5047/1 5052/1 5054/1
f 5041/1 5042/1 5036/1 5035/1
f 5042/1 5043/1 5037/1 5036/1
f 5043/1 5044/1 5038/1 5037/1
f 5044/1 5045/1 5039/1 5038/1
f 5045/1 5046/1 5040/1 5039/1
f 5046/1 5041/1 5035/1 5040/1
f 5047/1 5048/1 5042/1 5041/1
f 5048/1 5049/1 5043/1 5042/1
f 5049/1 5050/1 5044/1 5043/1
f 5050/1 5051/1 5045/1 5044/1
f 5051/1 5052/1 5046/1 5045/1
f 5052/1 5047/1 5041/1 5046/1
f 5055/1 5056/1 5073/1
f 5068/1 5067/1 5074/1
f 5056/1 5057/1 5073/1
f 5069/1 5068/1 5074/1
f 5057/1 5058/1 5073/1
f 5070/1 5069/1 5074/1
f 5058/1 5059/1 5073/1
f 5071/1 5070/1 5074/1
f 5059/1 5060/1 5073/1
f 5072/1 5071/1 5074/1
f 5060/1 5055/1 5073/1
f 5067/1 5072/1 5074/1
f 5061/1 5062/1 5056/1 5055/1
f 5062/1 5063/1 5057/1 5056/1
f 5063/1 5064/1 5058/1 5057/1
f 5064/1 5065/1 5059/1 5058/1
f 5065/1 5066/1 5060/1 5059/1
f 5066/1 5061/1 5055/1 5060/1
f 5067/1 5068/1 5062/1 5061/1
f 5068/1 5069/1 5063/1 5062/1
f 5069/1 5070/1 5064/1 5063/1
f 5070/1 5071/1 5065/1 5064/1
f 5071/1 5072/1 5066/1 5065/1
f 5072/1 5067/1 5061/1 5066/1
f 5075/1 5076/1 5093/1
f 5088/1 5087/1 5094/1
f 5076/1 5077/1 5093/1
f 5089/1 5088/1 5094/1
f 5077/1 5078/1 5093/1
f 5090/1 5089/1 5094/1
f 5078/1 5079/1 5093/1
f 5091/1 5090/1 5094/1
f 5079/1 5080/1 5093/1
f 5092/1 5091/1 5094/1
f 5080/1 5075/1 5093/1
f 5087/1 5092/1 5094/1
f 5081/1 5082/1 5076/1 5075/1
f 5082/1 5083/1 5077/1 5076/1
f 5083/1 5084/1 5078/1 5077/1
f 5084/1 5085/1 5079/1 5078/1
f 5085/1 5086/1 5080/1 5079/1
f 5086/1 5081/1 5075/1 5080/1
f 5087/1 5088/1 5082/1 5081/1
f 5088/1 5089/1 5083/1 5082/1
f 5089/1 5090/1 5084/1 5083/1
f 5090/1 5091/1 5085/1 5084/1
f 5091/1 5092/1 5086/1 5085/1
f 5092/1 5087/1 5081/1 5086/1
f 5095/1 5096/1 5113/1
f 5108/1 5107/1 5114/1
f 5096/1 5097/1 5113/1
f 5109/1 5108/1 5114/1
f 5097/1 5098/1 5113/1
f 5110/1 5109/1 5114/1
f 5098/1 5099/1 5113/1
f 5111/1 5110/1 5114/1
f 5099/1 5100/1 5113/1
f 5112/1 5111/1 5114/1
f 5100/1 5095/1 5113/1
f 5107/1 5112/1 5114/1
f 5101/1 5102/1 5096/1 5095/1
f 5102/1 5103/1 5097/1 5096/1
f 5103/1 5104/1 5098/1 5097/1
f 5104/1 5105/1 5099/1 5098/1
f 5105/1 5106/1 5100/1 5099/1
f 5106/1 5101/1 5095/1 5100/1
f 5107/1 5108/1 5102/1 5101/1
f 5108/1 5109/1 5103/1 5102/1
f 5109/1 5110/1 5104/1 5103/1
f 5110/1 5111/1 5105/1 5104/1
f 5111/1 5112/1 5106/1 5105/1
f 5112/1 5107/1 5101/1 5106/1
f 5115/1 5116/1 5133/1
f 5128/1 5127/1 5134/1
f 5116/1 5117/1 5133/1
f 5129/1 5128/1 5134/1
f 5117/1 5118/1 5133/1
f 5130/1 5129/1 5134/1
f 5118/1 5119/1 5133/1
f 5131/1 5130/1 5134/1
f 5119/1 5120/1 5133/1
f 5132/1 5131/1 5134/1
f 5120/1 5115/1 5133/1
f 5127/1 5132/1 5134/1
f 5121/1 5122/1 5116/1 5115/1
f 5122/1 5123/1 5117/1 5116/1
f 5123/1 5124/1 5118/1 5117/1
f 5124/1 5125/1 5119/1 5118/1
f 5125/1 5126/1 5120/1 5119/1
f 5126/1 5121/1 5115/1 5120/1
f 5127/1 5128/1 5122/1 5121/1
f 5128/1 5129/1 5123/1 5122/1
f 5129/1 5130/1 5124/1 5123/1
f 5130/1 5131/1 5125/1 5124/1
f 5131/1 5132/1 5126/1 5125/1
f 5132/1 5127/1 5121/1 5126/1
f 5193/1 5194/1 5202/1 5201/1
f 5209/1 5194/1 5193/1
f 5210/1 5201/1 5202/1
f 5194/1 5195/1 5203/1 5202/1
f 5209/1 5195/1 5194/1
f 5210/1 5202/1 5203/1
f 5195/1 5196/1 5204/1 5203/1
f 5209/1 5196/1 5195/1
f 5210/1 5203/1 5204/1
f 5196/1 5197/1 5205/1 5204/1
f 5209/1 5197/1 5196/1
f 5210/1 5204/1 5205/1
f 5197/1 5198/1 5206/1 5205/1
f 5209/1 5198/1 5197/1
f 5210/1 5205/1 5206/1
f 5198/1 5199/1 5207/1 5206/1
f 5209/1 5199/1 5198/1
f 5210/1 5206/1 5207/1
f 5199/1 5200/1 5208/1 5207/1
f 5209/1 5200/1 5199/1
f 5210/1 5207/1 5208/1
f 5200/1 5193/1 5201/1 5208/1
f 5209/1 5193/1 5200/1
f 5210/1 5208/1 5201/1
f 5267/1 5268/1 5240/1 5239/1
f 5268/1 5269/1 5241/1 5240/1
f 5269/1 5270/1 5242/1 5241/1
f 5270/1 5271/1 5243/1 5242/1
f 5271/1 5272/1 5244/1 5243/1
f 5272/1 5273/1 5245/1 5244/1
f 5273/1 5274/1 5246/1 5245/1
f 5274/1 5275/1 5247/1 5246/1
f 5275/1 5276/1 5248/1 5247/1
f 5276/1 5277/1 5249/1 5248/1
f 5277/1 5278/1 5250/1 5249/1
f 5278/1 5279/1 5251/1 5250/1
f 5279/1 5280/1 5252/1 5251/1
f 5280/1 5281/1 5253/1 5252/1
f 5281/1 5282/1 5254/1 5253/1
f 5282/1 5283/1 5255/1 5254/1
f 5283/1 5284/1 5256/1 5255/1
f 5284/1 5285/1 5257/1 5256/1
f 5285/1 5286/1 5258/1 5257/1
f 5286/1 5287/1 5259/1 5258/1
f 5287/1 5288/1 5260/1 5259/1
f 5288/1 5289/1 5261/1 5260/1
f 5289/1 5290/1 5262/1 5261/1
f 5290/1 5291/1 5263/1 5262/1
f 5291/1 5292/1 5264/1 5263/1
f 5292/1 5293/1 5265/1 5264/1
f 5293/1 5294/1 5266/1 5265/1
f 5294/1 5267/1 5239/1 5266/1
f 5295/1 5296/1 5268/1 5267/1
f 5296/1 5297/1 5269/1 5268/1
f 5297/1 5298/1 5270/1 5269/1
f 5298/1 5299/1 5271/1 5270/1
f 5299/1 5300/1 5272/1 5271/1
f 5300/1 5301/1 5273/1 5272/1
f 5301/1 5302/1 5274/1 5273/1
f 5302/1 5303/1 5275/1 5274/1
f 5303/1 5304/1 5276/1 5275/1
f 5304/1 5305/1 5277/1 5276/1
f 5305/1 5306/1 5278/1 5277/1
f 5306/1 5307/1 5279/1 5278/1
f 5307/1 5308/1 5280/1 5279/1
f 5308/1 5309/1 5281/1 5280/1
f 5309/1 5310/1 5282/1 5281/1
f 5310/1 5311/1 5283/1 5282/1
f 5311/1 5312/1 5284/1 5283/1
f 5312/1 5313/1 5285/1 5284/1
f 5313/1 5314/1 5286/1 5285/1
f 5314/1 5315/1 5287/1 5286/1
f 5315/1 5316/1 5288/1 5287/1
f 5316/1 5317/1 5289/1 5288/1
f 5317/1 5318/1 5290/1 5289/1
f 5318/1 5319/1 5291/1 5290/1
f 5319/1 5320/1 5292/1 5291/1
f 5320/1 5321/1 5293/1 5292/1
f 5321/1 5322/1 5294/1 5293/1
f 5322/1 5295/1 5267/1 5294/1
f 5323/1 5324/1 5296/1 5295/1
f 5324/1 5325/1 5297/1 5296/1
f 5325/1 5326/1 5298/1 5297/1
f 5326/1 5327/1 5299/1 5298/1
f 5327/1 5328/1 5300/1 5299/1
f 5328/1 5329/1 5301/1 5300/1
f 5329/1 5330/1 5302/1 5301/1
f 5330/1 5331/1 5303/1 5302/1
f 5331/1 5332/1 5304/1 5303/1
f 5332/1 5333/1 5305/1 5304/1
f 5333/1 5334/1 5306/1 5305/1
f 5334/1 5335/1 5307/1 5306/1
f 5335/1 5336/1 5308/1 5307/1
f 5336/1 5337/1 5309/1 5308/1
f 5337/1 5338/1 5310/1 5309/1
f 5338/1 5339/1 5311/1 5310/1
f 5339/1 5340/1 5312/1 5311/1
f 5340/1 5341/1 5313/1 5312/1
f 5341/1 5342/1 5314/1 5313/1
f 5342/1 5343/1 5315/1 5314/1
f 5343/1 5344/1 5316/1 5315/1
f 5344/1 5345/1 5317/1 5316/1
f 5345/1 5346/1 5318/1 5317/1
f 5346/1 5347/1 5319/1 5318/1
f 5347/1 5348/1 5320/1 5319/1
f 5348/1 5349/1 5321/1 5320/1
f 5349/1 5350/1 5322/1 5321/1
f 5350/1 5323/1 5295/1 5322/1
f 5379/1 5380/1 5352/1 5351/1
f 5380/1 5381/1 5353/1 5352/1
f 5381/1 5382/1 5354/1 5353/1
f 5382/1 5383/1 5355/1 5354/1
f 5383/1 5384/1 5356/1 5355/1
f 5384/1 5385/1 5357/1 5356/1
f 5385/1 5386/1 5358/1 5357/1
f 5386/1 5387/1 5359/1 5358/1
f 5387/1 5388/1 5360/1 5359/1
f 5388/1 5389/1 5361/1 5360/1
f 5389/1 5390/1 5362/1 5361/1
f 5390/1 5391/1 5363/1 5362/1
f 5391/1 5392/1 5364/1 5363/1
f 5392/1 5393/1 5365/1 5364/1
f 5393/1 5394/1 5366/1 5365/1
f 5394/1 5395/1 5367/1 5366/1
f 5395/1 5396/1 5368/1 5367/1
f 5396/1 5397/1 5369/1 5368/1
f 5397/1 5398/1 5370/1 5369/1
f 5398/1 5399/1 5371/1 5370/1
f 5399/1 5400/1 5372/1 5371/1
f 5400/1 5401/1 5373/1 5372/1
f 5401/1 5402/1 5374/1 5373/1
f 5402/1 5403/1 5375/1 5374/1
f 5403/1 5404/1 5376/1 5375/1
f 5404/1 5405/1 5377/1 5376/1
f 5405/1 5406/1 5378/1 5377/1
f 5406/1 5379/1 5351/1 5378/1
f 5541/1 5542/1 5548/1 5547/1
f 5542/1 5543/1 5549/1 5548/1
f 5543/1 5544/1 5550/1 5549/1
f 5544/1 5545/1 5551/1 5550/1
f 5545/1 5546/1 5552/1 5551/1
f 5546/1 5541/1 5547/1 5552/1
f 5547/1 5548/1 5554/1 5553/1
f 5548/1 5549/1 5555/1 5554/1
f 5549/1 5550/1 5556/1 5555/1
f 5550/1 5551/1 5557/1 5556/1
f 5551/1 5552/1 5558/1 5557/1
f 5552/1 5547/1 5553/1 5558/1
f 5553/1 5554/1 5560/1 5559/1
f 5554/1 5555/1 5561/1 5560/1
f 5555/1 5556/1 5562/1 5561/1
f 5556/1 5557/1 5563/1 5562/1
f 5557/1 5558/1 5564/1 5563/1
f 5558/1 5553/1 5559/1 5564/1
f 5559/1 5560/1 5566/1 5565/1
f 5560/1 5561/1 5567/1 5566/1
f 5561/1 5562/1 5568/1 5567/1
f 5562/1 5563/1 5569/1 5568/1
f 5563/1 5564/1 5570/1 5569/1
f 5564/1 5559/1 5565/1 5570/1
f 5565/1 5566/1 5572/1 5571/1
f 5566/1 5567/1 5573/1 5572/1
f 5567/1 5568/1 5574/1 5573/1
f 5568/1 5569/1 5575/1 5574/1
f 5569/1 5570/1 5576/1 5575/1
f 5570/1 5565/1 5571/1 5576/1
f 5571/1 5572/1 5578/1 5577/1
f 5572/1 5573/1 5579/1 5578/1
f 5573/1 5574/1 5580/1 5579/1
f 5574/1 5575/1 5581/1 5580/1
f 5575/1 5576/1 5582/1 5581/1
f 5576/1 5571/1 5577/1 5582/1
f 5577/1 5578/1 5584/1 5583/1
f 5578/1 5579/1 5585/1 5584/1
f 5579/1 5580/1 5586/1 5585/1
f 5580/1 5581/1 5587/1 5586/1
f 5581/1 5582/1 5588/1 5587/1
f 5582/1 5577/1 5583/1 5588/1
f 5583/1 5584/1 5590/1 5589/1
f 5584/1 5585/1 5591/1 5590/1
f 5585/1 5586/1 5592/1 5591/1
f 5586/1 5587/1 5593/1 5592/1
f 5587/1 5588/1 5594/1 5593/1
f 5588/1 5583/1 5589/1 5594/1
f 5589/1 5590/1 5596/1 5595/1
f 5590/1 5591/1 5597/1 5596/1
f 5591/1 5592/1 5598/1 5597/1
f 5592/1 5593/1 5599/1 5598/1
f 5593/1 5594/1 5600/1 5599/1
f 5594/1 5589/1 5595/1 5600/1
f 5595/1 5596/1 5602/1 5601/1
f 5596/1 5597/1 5603/1 5602/1
f 5597/1 5598/1 5604/1 5603/1
f 5598/1 5599/1 5605/1 5604/1
f 5599/1 5600/1 5606/1 5605/1
f 5600/1 5595/1 5601/1 5606/1
f 5601/1 5602/1 5608/1 5607/1
f 5602/1 5603/1 5609/1 5608/1
f 5603/1 5604/1 5610/1 5609/1
f 5604/1 5605/1 5611/1 5610/1
f 5605/1 5606/1 5612/1 5611/1
f 5606/1 5601/1 5607/1 5612/1
f 5607/1 5608/1 5614/1 5613/1
f 5608/1 5609/1 5615/1 5614/1
f 5609/1 5610/1 5616/1 5615/1
f 5610/1 5611/1 5617/1 5616/1
f 5611/1 5612/1 5618/1 5617/1
f 5612/1 5607/1 5613/1 5618/1
f 5613/1 5614/1 5620/1 5619/1
f 5614/1 5615/1 5621/1 5620/1
f 5615/1 5616/1 5622/1 5621/1
f 5616/1 5617/1 5623/1 5622/1
f 5617/1 5618/1 5624/1 5623/1
f 5618/1 5613/1 5619/1 5624/1
f 5619/1 5620/1 5626/1 5625/1
f 5620/1 5621/1 5627/1 5626/1
f 5621/1 5622/1 5628/1 5627/1
f 5622/1 5623/1 5629/1 5628/1
f 5623/1 5624/1 5630/1 5629/1
f 5624/1 5619/1 5625/1 5630/1
f 5625/1 5626/1 5632/1 5631/1
f 5626/1 5627/1 5633/1 5632/1
f 5627/1 5628/1 5634/1 5633/1
f 5628/1 5629/1 5635/1 5634/1
f 5629/1 5630/1 5636/1 5635/1
f 5630/1 5625/1 5631/1 5636/1
f 5631/1 5632/1 5638/1 5637/1
f 5632/1 5633/1 5639/1 5638/1
f 5633/1 5634/1 5640/1 5639/1
f 5634/1 5635/1 5641/1 5640/1
f 5635/1 5636/1 5642/1 5641/1
f 5636/1 5631/1 5637/1 5642/1
f 5637/1 5638/1 5644/1 5643/1
f 5638/1 5639/1 5645/1 5644/1
f 5639/1 5640/1 5646/1 5645/1
f 5640/1 5641/1 5647/1 5646/1
f 5641/1 5642/1 5648/1 5647/1
f 5642/1 5637/1 5643/1 5648/1
f 5643/1 5644/1 5650/1 5649/1
f 5644/1 5645/1 5651/1 5650/1
f 5645/1 5646/1 5652/1 5651/1
f 5646/1 5647/1 5653/1 5652/1
f 5647/1 5648/1 5654/1 5653/1
f 5648/1 5643/1 5649/1 5654/1
f 5649/1 5650/1 5656/1 5655/1
f 5650/1 5651/1 5657/1 5656/1
f 5651/1 5652/1 5658/1 5657/1
f 5652/1 5653/1 5659/1 5658/1
f 5653/1 5654/1 5660/1 5659/1
f 5654/1 5649/1 5655/1 5660/1
f 5655/1 5656/1 5662/1 5661/1
f 5656/1 5657/1 5663/1 5662/1
f 5657/1 5658/1 5664/1 5663/1
f 5658/1 5659/1 5665/1 5664/1
f 5659/1 5660/1 5666/1 5665/1
f 5660/1 5655/1 5661/1 5666/1
f 5661/1 5662/1 5668/1 5667/1
f 5662/1 5663/1 5669/1 5668/1
f 5663/1 5664/1 5670/1 5669/1
f 5664/1 5665/1 5671/1 5670/1
f 5665/1 5666/1 5672/1 5671/1
f 5666/1 5661/1 5667/1 5672/1
f 5667/1 5668/1 5674/1 5673/1
f 5668/1 5669/1 5675/1 5674/1
f 5669/1 5670/1 5676/1 5675/1
f 5670/1 5671/1 5677/1 5676/1
f 5671/1 5672/1 5678/1 5677/1
f 5672/1 5667/1 5673/1 5678/1
f 5673/1 5674/1 5680/1 5679/1
f 5674/1 5675/1 5681/1 5680/1
f 5675/1 5676/1 5682/1 5681/1
f 5676/1 5677/1 5683/1 5682/1
f 5677/1 5678/1 5684/1 5683/1
f 5678/1 5673/1 5679/1 5684/1
f 5679/1 5680/1 5542/1 5541/1
f 5680/1 5681/1 5543/1 5542/1
f 5681/1 5682/1 5544/1 5543/1
f 5682/1 5683/1 5545/1 5544/1
f 5683/1 5684/1 5546/1 5545/1
f 5684/1 5679/1 5541/1 5546/1
f 5797/1 5798/1 5815/1
f 5810/1 5809/1 5816/1
f 5798/1 5799/1 5815/1
f 5811/1 5810/1 5816/1
f 5799/1 5800/1 5815/1
f 5812/1 5811/1 5816/1
f 5800/1 5801/1 5815/1
f 5813/1 5812/1 5816/1
f 5801/1 5802/1 5815/1
f 5814/1 5813/1 5816/1
f 5802/1 5797/1 5815/1
f 5809/1 5814/1 5816/1
f 5803/1 5804/1 5798/1 5797/1
f 5804/1 5805/1 5799/1 5798/1
f 5805/1 5806/1 5800/1 5799/1
f 5806/1 5807/1 5801/1 5800/1
f 5807/1 5808/1 5802/1 5801/1
f 5808/1 5803/1 5797/1 5802/1
f 5809/1 5810/1 5804/1 5803/1
f 5810/1 5811/1 5805/1 5804/1
f 5811/1 5812/1 5806/1 5805/1
f 5812/1 5813/1 5807/1 5806/1
f 5813/1 5814/1 5808/1 5807/1
f 5814/1 5809/1 5803/1 5808/1
f 5817/1 5818/1 5835/1
f 5830/1 5829/1 5836/1
f 5818/1 5819/1 5835/1
f 5831/1 5830/1 5836/1
f 5819/1 5820/1 5835/1
f 5832/1 5831/1 5836/1
f 5820/1 5821/1 5835/1
f 5833/1 5832/1 5836/1
f 5821/1 5822/1 5835/1
f 5834/1 5833/1 5836/1
f 5822/1 5817/1 5835/1
f 5829/1 5834/1 5836/1
f 5823/1 5824/1 5818/1 5817/1
f 5824/1 5825/1 5819/1 5818/1
f 5825/1 5826/1 5820/1 5819/1
f 5826/1 5827/1 5821/1 5820/1
f 5827/1 5828/1 5822/1 5821/1
f 5828/1 5823/1 5817/1 5822/1
f 5829/1 5830/1 5824/1 5823/1
f 5830/1 5831/1 5825/1 5824/1
f 5831/1 5832/1 5826/1 5825/1
f 5832/1 5833/1 5827/1 5826/1
f 5833/1 5834/1 5828/1 5827/1
f 5834/1 5829/1 5823/1 5828/1
f 5837/1 5838/1 5855/1
f 5850/1 5849/1 5856/1
f 5838/1 5839/1 5855/1
f 5851/1 5850/1 5856/1
f 5839/1 5840/1 5855/1
f 5852/1 5851/1 5856/1
f 5840/1 5841/1 5855/1
f 5853/1 5852/1 5856/1
f 5841/1 5842/1 5855/1
f 5854/1 5853/1 5856/1
f 5842/1 5837/1 5855/1
f 5849/1 5854/1 5856/1
f 5843/1 5844/1 5838/1 5837/1
f 5844/1 5845/1 5839/1 5838/1
f 5845/1 5846/1 5840/1 5839/1
f 5846/1 5847/1 5841/1 5840/1
f 5847/1 5848/1 5842/1 5841/1
f 5848/1 5843/1 5837/1 5842/1
f 5849/1 5850/1 5844/1 5843/1
f 5850/1 5851/1 5845/1 5844/1
f 5851/1 5852/1 5846/1 5845/1
f 5852/1 5853/1 5847/1 5846/1
f 5853/1 5854/1 5848/1 5847/1
f 5854/1 5849/1 5843/1 5848/1
f 5857/1 5858/1 5875/1
f 5870/1 5869/1 5876/1
f 5858/1 5859/1 5875/1
f 5871/1 5870/1 5876/1
f 5859/1 5860/1 5875/1
f 5872/1 5871/1 5876/1
f 5860/1 5861/1 5875/1
f 5873/1 5872/1 5876/1
f 5861/1 5862/1 5875/1
f 5874/1 5873/1 5876/1
f 5862/1 5857/1 5875/1
f 5869/1 5874/1 5876/1
f 5863/1 5864/1 5858/1 5857/1
f 5864/1 5865/1 5859/1 5858/1
f 5865/1 5866/1 5860/1 5859/1
f 5866/1 5867/1 5861/1 5860/1
f 5867/1 5868/1 5862/1 5861/1
f 5868/1 5863/1 5857/1 5862/1
f 5869/1 5870/1 5864/1 5863/1
f 5870/1 5871/1 5865/1 5864/1
f 5871/1 5872/1 5866/1 5865/1
f 5872/1 5873/1 5867/1 5866/1
f 5873/1 5874/1 5868/1 5867/1
f 5874/1 5869/1 5863/1 5868/1
f 5877/1 5878/1 5895/1
f 5890/1 5889/1 5896/1
f 5878/1 5879/1 5895/1
f 5891/1 5890/1 5896/1
f 5879/1 5880/1 5895/1
f 5892/1 5891/1 5896/1
f 5880/1 5881/1 5895/1
f 5893/1 5892/1 5896/1
f 5881/1 5882/1 5895/1
f 5894/1 5893/1 5896/1
f 5882/1 5877/1 5895/1
f 5889/1 5894/1 5896/1
f 5883/1 5884/1 5878/1 5877/1
f 5884/1 5885/1 5879/1 5878/1
f 5885/1 5886/1 5880/1 5879/1
f 5886/1 5887/1 5881/1 5880/1
f 5887/1 5888/1 5882/1 5881/1
f 5888/1 5883/1 5877/1 5882/1
f 5889/1 5890/1 5884/1 5883/1
f 5890/1 5891/1 5885/1 5884/1
f 5891/1 5892/1 5886/1 5885/1
f 5892/1 5893/1 5887/1 5886/1
f 5893/1 5894/1 5888/1 5887/1
f 5894/1 5889/1 5883/1 5888/1
f 5897/1 5898/1 5915/1
f 5910/1 5909/1 5916/1
f 5898/1 5899/1 5915/1
f 5911/1 5910/1 5916/1
f 5899/1 5900/1 5915/1
f 5912/1 5911/1 5916/1
f 5900/1 5901/1 5915/1
f 5913/1 5912/1 5916/1
f 5901/1 5902/1 5915/1
f 5914/1 5913/1 5916/1
f 5902/1 5897/1 5915/1
f 5909/1 5914/1 5916/1
f 5903/1 5904/1 5898/1 5897/1
f 5904/1 5905/1 5899/1 5898/1
f 5905/1 5906/1 5900/1 5899/1
f 5906/1 5907/1 5901/1 5900/1
f 5907/1 5908/1 5902/1 5901/1
f 5908/1 5903/1 5897/1 5902/1
f 5909/1 5910/1 5904/1 5903/1
f 5910/1 5911/1 5905/1 5904/1
f 5911/1 5912/1 5906/1 5905/1
f 5912/1 5913/1 5907/1 5906/1
f 5913/1 5914/1 5908/1 5907/1
f 5914/1 5909/1 5903/1 5908/1
f 5917/1 5918/1 5935/1
f 5930/1 5929/1 5936/1
f 5918/1 5919/1 5935/1
f 5931/1 5930/1 5936/1
f 5919/1 5920/1 5935/1
f 5932/1 5931/1 5936/1
f 5920/1 5921/1 5935/1
f 5933/1 5932/1 5936/1
f 5921/1 5922/1 5935/1
f 5934/1 5933/1 5936/1
f 5922/1 5917/1 5935/1
f 5929/1 5934/1 5936/1
f 5923/1 5924/1 5918/1 5917/1
f 5924/1 5925/1 5919/1 5918/1
f 5925/1 5926/1 5920/1 5919/1
f 5926/1 5927/1 5921/1 5920/1
f 5927/1 5928/1 5922/1 5921/1
f 5928/1 5923/1 5917/1 5922/1
f 5929/1 5930/1 5924/1 5923/1
f 5930/1 5931/1 5925/1 5924/1
f 5931/1 5932/1 5926/1 5925/1
f 5932/1 5933/1 5927/1 5926/1
f 5933/1 5934/1 5928/1 5927/1
f 5934/1 5929/1 5923/1 5928/1
f 5937/1 5938/1 5955/1
f 5950/1 5949/1 5956/1
f 5938/1 5939/1 5955/1
f 5951/1 5950/1 5956/1
f 5939/1 5940/1 5955/1
f 5952/1 5951/1 5956/1
f 5940/1 5941/1 5955/1
f 5953/1 5952/1 5956/1
f 5941/1 5942/1 5955/1
f 5954/1 5953/1 5956/1
f 5942/1 5937/1 5955/1
f 5949/1 5954/1 5956/1
f 5943/1 5944/1 5938/1 5937/1
f 5944/1 5945/1 5939/1 5938/1
f 5945/1 5946/1 5940/1 5939/1
f 5946/1 5947/1 5941/1 5940/1
f 5947/1 5948/1 5942/1 5941/1
f 5948/1 5943/1 5937/1 5942/1
f 5949/1 5950/1 5944/1 5943/1
f 5950/1 5951/1 5945/1 5944/1
f 5951/1 5952/1 5946/1 5945/1
f 5952/1 5953/1 5947/1 5946/1
f 5953/1 5954/1 5948/1 5947/1
f 5954/1 5949/1 5943/1 5948/1
usemtl mint
f 193/3 194/3 162/3 161/3
f 194/3 195/3 163/3 162/3
f 195/3 196/3 164/3 163/3
f 196/3 197/3 165/3 164/3
f 197/3 198/3 166/3 165/3
f 198/3 199/3 167/3 166/3
f 199/3 200/3 168/3 167/3
f 200/3 201/3 169/3 168/3
f 201/3 202/3 170/3 169/3
f 202/3 203/3 171/3 170/3
f 203/3 204/3 172/3 171/3
f 204/3 205/3 173/3 172/3
f 205/3 206/3 174/3 173/3
f 206/3 207/3 175/3 174/3
f 207/3 208/3 176/3 175/3
f 208/3 209/3 177/3 176/3
f 209/3 210/3 178/3 177/3
f 210/3 211/3 179/3 178/3
f 211/3 212/3 180/3 179/3
f 212/3 213/3 181/3 180/3
f 213/3 214/3 182/3 181/3
f 214/3 215/3 183/3 182/3
f 215/3 216/3 184/3 183/3
f 216/3 217/3 185/3 184/3
f 217/3 218/3 186/3 185/3
f 218/3 219/3 187/3 186/3
f 219/3 220/3 188/3 187/3
f 220/3 221/3 189/3 188/3
f 221/3 222/3 190/3 189/3
f 222/3 223/3 191/3 190/3
f 223/3 224/3 192/3 191/3
f 224/3 193/3 161/3 192/3
f 1979/3 1980/3 1952/3 1951/3
f 1980/3 1981/3 1953/3 1952/3
f 1981/3 1982/3 1954/3 1953/3
f 1982/3 1983/3 1955/3 1954/3
f 1983/3 1984/3 1956/3 1955/3
f 1984/3 1985/3 1957/3 1956/3
f 1985/3 1986/3 1958/3 1957/3
f 1986/3 1987/3 1959/3 1958/3
f 1987/3 1988/3 1960/3 1959/3
f 1988/3 1989/3 1961/3 1960/3
f 1989/3 1990/3 1962/3 1961/3
f 1990/3 1991/3 1963/3 1962/3
f 1991/3 1992/3 1964/3 1963/3
f 1992/3 1993/3 1965/3 1964/3
f 1993/3 1994/3 1966/3 1965/3
f 1994/3 1995/3 1967/3 1966/3
f 1995/3 1996/3 1968/3 1967/3
f 1996/3 1997/3 1969/3 1968/3
f 1997/3 1998/3 1970/3 1969/3
f 1998/3 1999/3 1971/3 1970/3
f 1999/3 2000/3 1972/3 1971/3
f 2000/3 2001/3 1973/3 1972/3
f 2001/3 2002/3 1974/3 1973/3
f 2002/3 2003/3 1975/3 1974/3
f 2003/3 2004/3 1976/3 1975/3
f 2004/3 2005/3 1977/3 1976/3
f 2005/3 2006/3 1978/3 1977/3
f 2006/3 1979/3 1951/3 1978/3
f 2007/3 2008/3 1980/3 1979/3
f 2008/3 2009/3 1981/3 1980/3
f 2009/3 2010/3 1982/3 1981/3
f 2010/3 2011/3 1983/3 1982/3
f 2011/3 2012/3 1984/3 1983/3
f 2012/3 2013/3 1985/3 1984/3
f 2013/3 2014/3 1986/3 1985/3
f 2014/3 2015/3 1987/3 1986/3
f 2015/3 2016/3 1988/3 1987/3
f 2016/3 2017/3 1989/3 1988/3
f 2017/3 2018/3 1990/3 1989/3
f 2018/3 2019/3 1991/3 1990/3
f 2019/3 2020/3 1992/3 1991/3
f 2020/3 2021/3 1993/3 1992/3
f 2021/3 2022/3 1994/3 1993/3
f 2022/3 2023/3 1995/3 1994/3
f 2023/3 2024/3 1996/3 1995/3
f 2024/3 2025/3 1997/3 1996/3
f 2025/3 2026/3 1998/3 1997/3
f 2026/3 2027/3 1999/3 1998/3
f 2027/3 2028/3 2000/3 1999/3
f 2028/3 2029/3 2001/3 2000/3
f 2029/3 2030/3 2002/3 2001/3
f 2030/3 2031/3 2003/3 2002/3
f 2031/3 2032/3 2004/3 2003/3
f 2032/3 2033/3 2005/3 2004/3
f 2033/3 2034/3 2006/3 2005/3
f 2034/3 2007/3 1979/3 2006/3
f 2035/3 2036/3 2008/3 2007/3
f 2036/3 2037/3 2009/3 2008/3
f 2037/3 2038/3 2010/3 2009/3
f 2038/3 2039/3 2011/3 2010/3
f 2039/3 2040/3 2012/3 2011/3
f 2040/3 2041/3 2013/3 2012/3
f 2041/3 2042/3 2014/3 2013/3
f 2042/3 2043/3 2015/3 2014/3
f 2043/3 2044/3 2016/3 2015/3
f 2044/3 2045/3 2017/3 2016/3
f 2045/3 2046/3 2018/3 2017/3
f 2046/3 2047/3 2019/3 2018/3
f 2047/3 2048/3 2020/3 2019/3
f 2048/3 2049/3 2021/3 2020/3
f 2049/3 2050/3 2022/3 2021/3
f 2050/3 2051/3 2023/3 2022/3
f 2051/3 2052/3 2024/3 2023/3
f 2052/3 2053/3 2025/3 2024/3
f 2053/3 2054/3 2026/3 2025/3
f 2054/3 2055/3 2027/3 2026/3
f 2055/3 2056/3 2028/3 2027/3
f 2056/3 2057/3 2029/3 2028/3
f 2057/3 2058/3 2030/3 2029/3
f 2058/3 2059/3 2031/3 2030/3
f 2059/3 2060/3 2032/3 2031/3
f 2060/3 2061/3 2033/3 2032/3
f 2061/3 2062/3 2034/3 2033/3
f 2062/3 2035/3 2007/3 2034/3
f 4445/3 4446/3 4418/3 4417/3
f 4446/3 4447/3 4419/3 4418/3
f 4447/3 4448/3 4420/3 4419/3
f 4448/3 4449/3 4421/3 4420/3
f 4449/3 4450/3 4422/3 4421/3
f 4450/3 4451/3 4423/3 4422/3
f 4451/3 4452/3 4424/3 4423/3
f 4452/3 4453/3 4425/3 4424/3
f 4453/3 4454/3 4426/3 4425/3
f 4454/3 4455/3 4427/3 4426/3
f 4455/3 4456/3 4428/3 4427/3
f 4456/3 4457/3 4429/3 4428/3
f 4457/3 4458/3 4430/3 4429/3
f 4458/3 4459/3 4431/3 4430/3
f 4459/3 4460/3 4432/3 4431/3
f 4460/3 4461/3 4433/3 4432/3
f 4461/3 4462/3 4434/3 4433/3
f 4462/3 4463/3 4435/3 4434/3
f 4463/3 4464/3 4436/3 4435/3
f 4464/3 4465/3 4437/3 4436/3
f 4465/3 4466/3 4438/3 4437/3
f 4466/3 4467/3 4439/3 4438/3
f 4467/3 4468/3 4440/3 4439/3
f 4468/3 4469/3 4441/3 4440/3
f 4469/3 4470/3 4442/3 4441/3
f 4470/3 4471/3 4443/3 4442/3
f 4471/3 4472/3 4444/3 4443/3
f 4472/3 4445/3 4417/3 4444/3
f 4473/3 4474/3 4446/3 4445/3
f 4474/3 4475/3 4447/3 4446/3
f 4475/3 4476/3 4448/3 4447/3
f 4476/3 4477/3 4449/3 4448/3
f 4477/3 4478/3 4450/3 4449/3
f 4478/3 4479/3 4451/3 4450/3
f 4479/3 4480/3 4452/3 4451/3
f 4480/3 4481/3 4453/3 4452/3
f 4481/3 4482/3 4454/3 4453/3
f 4482/3 4483/3 4455/3 4454/3
f 4483/3 4484/3 4456/3 4455/3
f 4484/3 4485/3 4457/3 4456/3
f 4485/3 4486/3 4458/3 4457/3
f 4486/3 4487/3 4459/3 4458/3
f 4487/3 4488/3 4460/3 4459/3
f 4488/3 4489/3 4461/3 4460/3
f 4489/3 4490/3 4462/3 4461/3
f 4490/3 4491/3 4463/3 4462/3
f 4491/3 4492/3 4464/3 4463/3
f 4492/3 4493/3 4465/3 4464/3
f 4493/3 4494/3 4466/3 4465/3
f 4494/3 4495/3 4467/3 4466/3
f 4495/3 4496/3 4468/3 4467/3
f 4496/3 4497/3 4469/3 4468/3
f 4497/3 4498/3 4470/3 4469/3
f 4498/3 4499/3 4471/3 4470/3
f 4499/3 4500/3 4472/3 4471/3
f 4500/3 4473/3 4445/3 4472/3
f 4501/3 4502/3 4474/3 4473/3
f 4502/3 4503/3 4475/3 4474/3
f 4503/3 4504/3 4476/3 4475/3
f 4504/3 4505/3 4477/3 4476/3
f 4505/3 4506/3 4478/3 4477/3
f 4506/3 4507/3 4479/3 4478/3
f 4507/3 4508/3 4480/3 4479/3
f 4508/3 4509/3 4481/3 4480/3
f 4509/3 4510/3 4482/3 4481/3
f 4510/3 4511/3 4483/3 4482/3
f 4511/3 4512/3 4484/3 4483/3
f 4512/3 4513/3 4485/3 4484/3
f 4513/3 4514/3 4486/3 4485/3
f 4514/3 4515/3 4487/3 4486/3
f 4515/3 4516/3 4488/3 4487/3
f 4516/3 4517/3 4489/3 4488/3
f 4517/3 4518/3 4490/3 4489/3
f 4518/3 4519/3 4491/3 4490/3
f 4519/3 4520/3 4492/3 4491/3
f 4520/3 4521/3 4493/3 4492/3
f 4521/3 4522/3 4494/3 4493/3
f 4522/3 4523/3 4495/3 4494/3
f 4523/3 4524/3 4496/3 4495/3
f 4524/3 4525/3 4497/3 4496/3
f 4525/3 4526/3 4498/3 4497/3
f 4526/3 4527/3 4499/3 4498/3
f 4527/3 4528/3 4500/3 4499/3
f 4528/3 4501/3 4473/3 4500/3
usemtl dark_glass
f 1297/10 1298/10 1270/10 1269/10
f 1298/10 1299/10 1271/10 1270/10
f 1299/10 1300/10 1272/10 1271/10
f 1300/10 1301/10 1273/10 1272/10
f 1301/10 1302/10 1274/10 1273/10
f 1302/10 1303/10 1275/10 1274/10
f 1303/10 1304/10 1276/10 1275/10
f 1304/10 1305/10 1277/10 1276/10
f 1305/10 1306/10 1278/10 1277/10
f 1306/10 1307/10 1279/10 1278/10
f 1307/10 1308/10 1280/10 1279/10
f 1308/10 1309/10 1281/10 1280/10
f 1309/10 1310/10 1282/10 1281/10
f 1310/10 1311/10 1283/10 1282/10
f 1311/10 1312/10 1284/10 1283/10
f 1312/10 1313/10 1285/10 1284/10
f 1313/10 1314/10 1286/10 1285/10
f 1314/10 1315/10 1287/10 1286/10
f 1315/10 1316/10 1288/10 1287/10
f 1316/10 1317/10 1289/10 1288/10
f 1317/10 1318/10 1290/10 1289/10
f 1318/10 1319/10 1291/10 1290/10
f 1319/10 1320/10 1292/10 1291/10
f 1320/10 1321/10 1293/10 1292/10
f 1321/10 1322/10 1294/10 1293/10
f 1322/10 1323/10 1295/10 1294/10
f 1323/10 1324/10 1296/10 1295/10
f 1324/10 1297/10 1269/10 1296/10
f 1325/10 1326/10 1298/10 1297/10
f 1326/10 1327/10 1299/10 1298/10
f 1327/10 1328/10 1300/10 1299/10
f 1328/10 1329/10 1301/10 1300/10
f 1329/10 1330/10 1302/10 1301/10
f 1330/10 1331/10 1303/10 1302/10
f 1331/10 1332/10 1304/10 1303/10
f 1332/10 1333/10 1305/10 1304/10
f 1333/10 1334/10 1306/10 1305/10
f 1334/10 1335/10 1307/10 1306/10
f 1335/10 1336/10 1308/10 1307/10
f 1336/10 1337/10 1309/10 1308/10
f 1337/10 1338/10 1310/10 1309/10
f 1338/10 1339/10 1311/10 1310/10
f 1339/10 1340/10 1312/10 1311/10
f 1340/10 1341/10 1313/10 1312/10
f 1341/10 1342/10 1314/10 1313/10
f 1342/10 1343/10 1315/10 1314/10
f 1343/10 1344/10 1316/10 1315/10
f 1344/10 1345/10 1317/10 1316/10
f 1345/10 1346/10 1318/10 1317/10
f 1346/10 1347/10 1319/10 1318/10
f 1347/10 1348/10 1320/10 1319/10
f 1348/10 1349/10 1321/10 1320/10
f 1349/10 1350/10 1322/10 1321/10
f 1350/10 1351/10 1323/10 1322/10
f 1351/10 1352/10 1324/10 1323/10
f 1352/10 1325/10 1297/10 1324/10
f 1353/10 1354/10 1326/10 1325/10
f 1354/10 1355/10 1327/10 1326/10
f 1355/10 1356/10 1328/10 1327/10
f 1356/10 1357/10 1329/10 1328/10
f 1357/10 1358/10 1330/10 1329/10
f 1358/10 1359/10 1331/10 1330/10
f 1359/10 1360/10 1332/10 1331/10
f 1360/10 1361/10 1333/10 1332/10
f 1361/10 1362/10 1334/10 1333/10
f 1362/10 1363/10 1335/10 1334/10
f 1363/10 1364/10 1336/10 1335/10
f 1364/10 1365/10 1337/10 1336/10
f 1365/10 1366/10 1338/10 1337/10
f 1366/10 1367/10 1339/10 1338/10
f 1367/10 1368/10 1340/10 1339/10
f 1368/10 1369/10 1341/10 1340/10
f 1369/10 1370/10 1342/10 1341/10
f 1370/10 1371/10 1343/10 1342/10
f 1371/10 1372/10 1344/10 1343/10
f 1372/10 1373/10 1345/10 1344/10
f 1373/10 1374/10 1346/10 1345/10
f 1374/10 1375/10 1347/10 1346/10
f 1375/10 1376/10 1348/10 1347/10
f 1376/10 1377/10 1349/10 1348/10
f 1377/10 1378/10 1350/10 1349/10
f 1378/10 1379/10 1351/10 1350/10
f 1379/10 1380/10 1352/10 1351/10
f 1380/10 1353/10 1325/10 1352/10
f 1382/10 1384/10 1383/10 1381/10
f 1381/10 1383/10 1429/10
f 1384/10 1382/10 1430/10
f 1384/10 1386/10 1385/10 1383/10
f 1383/10 1385/10 1429/10
f 1386/10 1384/10 1430/10
f 1386/10 1388/10 1387/10 1385/10
f 1385/10 1387/10 1429/10
f 1388/10 1386/10 1430/10
f 1388/10 1390/10 1389/10 1387/10
f 1387/10 1389/10 1429/10
f 1390/10 1388/10 1430/10
f 1390/10 1392/10 1391/10 1389/10
f 1389/10 1391/10 1429/10
f 1392/10 1390/10 1430/10
f 1392/10 1394/10 1393/10 1391/10
f 1391/10 1393/10 1429/10
f 1394/10 1392/10 1430/10
f 1394/10 1396/10 1395/10 1393/10
f 1393/10 1395/10 1429/10
f 1396/10 1394/10 1430/10
f 1396/10 1398/10 1397/10 1395/10
f 1395/10 1397/10 1429/10
f 1398/10 1396/10 1430/10
f 1398/10 1400/10 1399/10 1397/10
f 1397/10 1399/10 1429/10
f 1400/10 1398/10 1430/10
f 1400/10 1402/10 1401/10 1399/10
f 1399/10 1401/10 1429/10
f 1402/10 1400/10 1430/10
f 1402/10 1404/10 1403/10 1401/10
f 1401/10 1403/10 1429/10
f 1404/10 1402/10 1430/10
f 1404/10 1406/10 1405/10 1403/10
f 1403/10 1405/10 1429/10
f 1406/10 1404/10 1430/10
f 1406/10 1408/10 1407/10 1405/10
f 1405/10 1407/10 1429/10
f 1408/10 1406/10 1430/10
f 1408/10 1410/10 1409/10 1407/10
f 1407/10 1409/10 1429/10
f 1410/10 1408/10 1430/10
f 1410/10 1412/10 1411/10 1409/10
f 1409/10 1411/10 1429/10
f 1412/10 1410/10 1430/10
f 1412/10 1414/10 1413/10 1411/10
f 1411/10 1413/10 1429/10
f 1414/10 1412/10 1430/10
f 1414/10 1416/10 1415/10 1413/10
f 1413/10 1415/10 1429/10
f 1416/10 1414/10 1430/10
f 1416/10 1418/10 1417/10 1415/10
f 1415/10 1417/10 1429/10
f 1418/10 1416/10 1430/10
f 1418/10 1420/10 1419/10 1417/10
f 1417/10 1419/10 1429/10
f 1420/10 1418/10 1430/10
f 1420/10 1422/10 1421/10 1419/10
f 1419/10 1421/10 1429/10
f 1422/10 1420/10 1430/10
f 1422/10 1424/10 1423/10 1421/10
f 1421/10 1423/10 1429/10
f 1424/10 1422/10 1430/10
f 1424/10 1426/10 1425/10 1423/10
f 1423/10 1425/10 1429/10
f 1426/10 1424/10 1430/10
f 1426/10 1428/10 1427/10 1425/10
f 1425/10 1427/10 1429/10
f 1428/10 1426/10 1430/10
f 1428/10 1382/10 1381/10 1427/10
f 1427/10 1381/10 1429/10
f 1382/10 1428/10 1430/10
f 2119/10 2120/10 2092/10 2091/10
f 2120/10 2121/10 2093/10 2092/10
f 2121/10 2122/10 2094/10 2093/10
f 2122/10 2123/10 2095/10 2094/10
f 2123/10 2124/10 2096/10 2095/10
f 2124/10 2125/10 2097/10 2096/10
f 2125/10 2126/10 2098/10 2097/10
f 2126/10 2127/10 2099/10 2098/10
f 2127/10 2128/10 2100/10 2099/10
f 2128/10 2129/10 2101/10 2100/10
f 2129/10 2130/10 2102/10 2101/10
f 2130/10 2131/10 2103/10 2102/10
f 2131/10 2132/10 2104/10 2103/10
f 2132/10 2133/10 2105/10 2104/10
f 2133/10 2134/10 2106/10 2105/10
f 2134/10 2135/10 2107/10 2106/10
f 2135/10 2136/10 2108/10 2107/10
f 2136/10 2137/10 2109/10 2108/10
f 2137/10 2138/10 2110/10 2109/10
f 2138/10 2139/10 2111/10 2110/10
f 2139/10 2140/10 2112/10 2111/10
f 2140/10 2141/10 2113/10 2112/10
f 2141/10 2142/10 2114/10 2113/10
f 2142/10 2143/10 2115/10 2114/10
f 2143/10 2144/10 2116/10 2115/10
f 2144/10 2145/10 2117/10 2116/10
f 2145/10 2146/10 2118/10 2117/10
f 2146/10 2119/10 2091/10 2118/10
f 2147/10 2148/10 2120/10 2119/10
f 2148/10 2149/10 2121/10 2120/10
f 2149/10 2150/10 2122/10 2121/10
f 2150/10 2151/10 2123/10 2122/10
f 2151/10 2152/10 2124/10 2123/10
f 2152/10 2153/10 2125/10 2124/10
f 2153/10 2154/10 2126/10 2125/10
f 2154/10 2155/10 2127/10 2126/10
f 2155/10 2156/10 2128/10 2127/10
f 2156/10 2157/10 2129/10 2128/10
f 2157/10 2158/10 2130/10 2129/10
f 2158/10 2159/10 2131/10 2130/10
f 2159/10 2160/10 2132/10 2131/10
f 2160/10 2161/10 2133/10 2132/10
f 2161/10 2162/10 2134/10 2133/10
f 2162/10 2163/10 2135/10 2134/10
f 2163/10 2164/10 2136/10 2135/10
f 2164/10 2165/10 2137/10 2136/10
f 2165/10 2166/10 2138/10 2137/10
f 2166/10 2167/10 2139/10 2138/10
f 2167/10 2168/10 2140/10 2139/10
f 2168/10 2169/10 2141/10 2140/10
f 2169/10 2170/10 2142/10 2141/10
f 2170/10 2171/10 2143/10 2142/10
f 2171/10 2172/10 2144/10 2143/10
f 2172/10 2173/10 2145/10 2144/10
f 2173/10 2174/10 2146/10 2145/10
f 2174/10 2147/10 2119/10 2146/10
f 2175/10 2176/10 2148/10 2147/10
f 2176/10 2177/10 2149/10 2148/10
f 2177/10 2178/10 2150/10 2149/10
f 2178/10 2179/10 2151/10 2150/10
f 2179/10 2180/10 2152/10 2151/10
f 2180/10 2181/10 2153/10 2152/10
f 2181/10 2182/10 2154/10 2153/10
f 2182/10 2183/10 2155/10 2154/10
f 2183/10 2184/10 2156/10 2155/10
f 2184/10 2185/10 2157/10 2156/10
f 2185/10 2186/10 2158/10 2157/10
f 2186/10 2187/10 2159/10 2158/10
f 2187/10 2188/10 2160/10 2159/10
f 2188/10 2189/10 2161/10 2160/10
f 2189/10 2190/10 2162/10 2161/10
f 2190/10 2191/10 2163/10 2162/10
f 2191/10 2192/10 2164/10 2163/10
f 2192/10 2193/10 2165/10 2164/10
f 2193/10 2194/10 2166/10 2165/10
f 2194/10 2195/10 2167/10 2166/10
f 2195/10 2196/10 2168/10 2167/10
f 2196/10 2197/10 2169/10 2168/10
f 2197/10 2198/10 2170/10 2169/10
f 2198/10 2199/10 2171/10 2170/10
f 2199/10 2200/10 2172/10 2171/10
f 2200/10 2201/10 2173/10 2172/10
f 2201/10 2202/10 2174/10 2173/10
f 2202/10 2175/10 2147/10 2174/10
f 2204/10 2206/10 2205/10 2203/10
f 2203/10 2205/10 2251/10
f 2206/10 2204/10 2252/10
f 2206/10 2208/10 2207/10 2205/10
f 2205/10 2207/10 2251/10
f 2208/10 2206/10 2252/10
f 2208/10 2210/10 2209/10 2207/10
f 2207/10 2209/10 2251/10
f 2210/10 2208/10 2252/10
f 2210/10 2212/10 2211/10 2209/10
f 2209/10 2211/10 2251/10
f 2212/10 2210/10 2252/10
f 2212/10 2214/10 2213/10 2211/10
f 2211/10 2213/10 2251/10
f 2214/10 2212/10 2252/10
f 2214/10 2216/10 2215/10 2213/10
f 2213/10 2215/10 2251/10
f 2216/10 2214/10 2252/10
f 2216/10 2218/10 2217/10 2215/10
f 2215/10 2217/10 2251/10
f 2218/10 2216/10 2252/10
f 2218/10 2220/10 2219/10 2217/10
f 2217/10 2219/10 2251/10
f 2220/10 2218/10 2252/10
f 2220/10 2222/10 2221/10 2219/10
f 2219/10 2221/10 2251/10
f 2222/10 2220/10 2252/10
f 2222/10 2224/10 2223/10 2221/10
f 2221/10 2223/10 2251/10
f 2224/10 2222/10 2252/10
f 2224/10 2226/10 2225/10 2223/10
f 2223/10 2225/10 2251/10
f 2226/10 2224/10 2252/10
f 2226/10 2228/10 2227/10 2225/10
f 2225/10 2227/10 2251/10
f 2228/10 2226/10 2252/10
f 2228/10 2230/10 2229/10 2227/10
f 2227/10 2229/10 2251/10
f 2230/10 2228/10 2252/10
f 2230/10 2232/10 2231/10 2229/10
f 2229/10 2231/10 2251/10
f 2232/10 2230/10 2252/10
f 2232/10 2234/10 2233/10 2231/10
f 2231/10 2233/10 2251/10
f 2234/10 2232/10 2252/10
f 2234/10 2236/10 2235/10 2233/10
f 2233/10 2235/10 2251/10
f 2236/10 2234/10 2252/10
f 2236/10 2238/10 2237/10 2235/10
f 2235/10 2237/10 2251/10
f 2238/10 2236/10 2252/10
f 2238/10 2240/10 2239/10 2237/10
f 2237/10 2239/10 2251/10
f 2240/10 2238/10 2252/10
f 2240/10 2242/10 2241/10 2239/10
f 2239/10 2241/10 2251/10
f 2242/10 2240/10 2252/10
f 2242/10 2244/10 2243/10 2241/10
f 2241/10 2243/10 2251/10
f 2244/10 2242/10 2252/10
f 2244/10 2246/10 2245/10 2243/10
f 2243/10 2245/10 2251/10
f 2246/10 2244/10 2252/10
f 2246/10 2248/10 2247/10 2245/10
f 2245/10 2247/10 2251/10
f 2248/10 2246/10 2252/10
f 2248/10 2250/10 2249/10 2247/10
f 2247/10 2249/10 2251/10
f 2250/10 2248/10 2252/10
f 2250/10 2204/10 2203/10 2249/10
f 2249/10 2203/10 2251/10
f 2204/10 2250/10 2252/10
f 2941/10 2942/10 2914/10 2913/10
f 2942/10 2943/10 2915/10 2914/10
f 2943/10 2944/10 2916/10 2915/10
f 2944/10 2945/10 2917/10 2916/10
f 2945/10 2946/10 2918/10 2917/10
f 2946/10 2947/10 2919/10 2918/10
f 2947/10 2948/10 2920/10 2919/10
f 2948/10 2949/10 2921/10 2920/10
f 2949/10 2950/10 2922/10 2921/10
f 2950/10 2951/10 2923/10 2922/10
f 2951/10 2952/10 2924/10 2923/10
f 2952/10 2953/10 2925/10 2924/10
f 2953/10 2954/10 2926/10 2925/10
f 2954/10 2955/10 2927/10 2926/10
f 2955/10 2956/10 2928/10 2927/10
f 2956/10 2957/10 2929/10 2928/10
f 2957/10 2958/10 2930/10 2929/10
f 2958/10 2959/10 2931/10 2930/10
f 2959/10 2960/10 2932/10 2931/10
f 2960/10 2961/10 2933/10 2932/10
f 2961/10 2962/10 2934/10 2933/10
f 2962/10 2963/10 2935/10 2934/10
f 2963/10 2964/10 2936/10 2935/10
f 2964/10 2965/10 2937/10 2936/10
f 2965/10 2966/10 2938/10 2937/10
f 2966/10 2967/10 2939/10 2938/10
f 2967/10 2968/10 2940/10 2939/10
f 2968/10 2941/10 2913/10 2940/10
f 2969/10 2970/10 2942/10 2941/10
f 2970/10 2971/10 2943/10 2942/10
f 2971/10 2972/10 2944/10 2943/10
f 2972/10 2973/10 2945/10 2944/10
f 2973/10 2974/10 2946/10 2945/10
f 2974/10 2975/10 2947/10 2946/10
f 2975/10 2976/10 2948/10 2947/10
f 2976/10 2977/10 2949/10 2948/10
f 2977/10 2978/10 2950/10 2949/10
f 2978/10 2979/10 2951/10 2950/10
f 2979/10 2980/10 2952/10 2951/10
f 2980/10 2981/10 2953/10 2952/10
f 2981/10 2982/10 2954/10 2953/10
f 2982/10 2983/10 2955/10 2954/10
f 2983/10 2984/10 2956/10 2955/10
f 2984/10 2985/10 2957/10 2956/10
f 2985/10 2986/10 2958/10 2957/10
f 2986/10 2987/10 2959/10 2958/10
f 2987/10 2988/10 2960/10 2959/10
f 2988/10 2989/10 2961/10 2960/10
f 2989/10 2990/10 2962/10 2961/10
f 2990/10 2991/10 2963/10 2962/10
f 2991/10 2992/10 2964/10 2963/10
f 2992/10 2993/10 2965/10 2964/10
f 2993/10 2994/10 2966/10 2965/10
f 2994/10 2995/10 2967/10 2966/10
f 2995/10 2996/10 2968/10 2967/10
f 2996/10 2969/10 2941/10 2968/10
f 2997/10 2998/10 2970/10 2969/10
f 2998/10 2999/10 2971/10 2970/10
f 2999/10 3000/10 2972/10 2971/10
f 3000/10 3001/10 2973/10 2972/10
f 3001/10 3002/10 2974/10 2973/10
f 3002/10 3003/10 2975/10 2974/10
f 3003/10 3004/10 2976/10 2975/10
f 3004/10 3005/10 2977/10 2976/10
f 3005/10 3006/10 2978/10 2977/10
f 3006/10 3007/10 2979/10 2978/10
f 3007/10 3008/10 2980/10 2979/10
f 3008/10 3009/10 2981/10 2980/10
f 3009/10 3010/10 2982/10 2981/10
f 3010/10 3011/10 2983/10 2982/10
f 3011/10 3012/10 2984/10 2983/10
f 3012/10 3013/10 2985/10 2984/10
f 3013/10 3014/10 2986/10 2985/10
f 3014/10 3015/10 2987/10 2986/10
f 3015/10 3016/10 2988/10 2987/10
f 3016/10 3017/10 2989/10 2988/10
f 3017/10 3018/10 2990/10 2989/10
f 3018/10 3019/10 2991/10 2990/10
f 3019/10 3020/10 2992/10 2991/10
f 3020/10 3021/10 2993/10 2992/10
f 3021/10 3022/10 2994/10 2993/10
f 3022/10 3023/10 2995/10 2994/10
f 3023/10 3024/10 2996/10 2995/10
f 3024/10 2997/10 2969/10 2996/10
f 3026/10 3028/10 3027/10 3025/10
f 3025/10 3027/10 3073/10
f 3028/10 3026/10 3074/10
f 3028/10 3030/10 3029/10 3027/10
f 3027/10 3029/10 3073/10
f 3030/10 3028/10 3074/10
f 3030/10 3032/10 3031/10 3029/10
f 3029/10 3031/10 3073/10
f 3032/10 3030/10 3074/10
f 3032/10 3034/10 3033/10 3031/10
f 3031/10 3033/10 3073/10
f 3034/10 3032/10 3074/10
f 3034/10 3036/10 3035/10 3033/10
f 3033/10 3035/10 3073/10
f 3036/10 3034/10 3074/10
f 3036/10 3038/10 3037/10 3035/10
f 3035/10 3037/10 3073/10
f 3038/10 3036/10 3074/10
f 3038/10 3040/10 3039/10 3037/10
f 3037/10 3039/10 3073/10
f 3040/10 3038/10 3074/10
f 3040/10 3042/10 3041/10 3039/10
f 3039/10 3041/10 3073/10
f 3042/10 3040/10 3074/10
f 3042/10 3044/10 3043/10 3041/10
f 3041/10 3043/10 3073/10
f 3044/10 3042/10 3074/10
f 3044/10 3046/10 3045/10 3043/10
f 3043/10 3045/10 3073/10
f 3046/10 3044/10 3074/10
f 3046/10 3048/10 3047/10 3045/10
f 3045/10 3047/10 3073/10
f 3048/10 3046/10 3074/10
f 3048/10 3050/10 3049/10 3047/10
f 3047/10 3049/10 3073/10
f 3050/10 3048/10 3074/10
f 3050/10 3052/10 3051/10 3049/10
f 3049/10 3051/10 3073/10
f 3052/10 3050/10 3074/10
f 3052/10 3054/10 3053/10 3051/10
f 3051/10 3053/10 3073/10
f 3054/10 3052/10 3074/10
f 3054/10 3056/10 3055/10 3053/10
f 3053/10 3055/10 3073/10
f 3056/10 3054/10 3074/10
f 3056/10 3058/10 3057/10 3055/10
f 3055/10 3057/10 3073/10
f 3058/10 3056/10 3074/10
f 3058/10 3060/10 3059/10 3057/10
f 3057/10 3059/10 3073/10
f 3060/10 3058/10 3074/10
f 3060/10 3062/10 3061/10 3059/10
f 3059/10 3061/10 3073/10
f 3062/10 3060/10 3074/10
f 3062/10 3064/10 3063/10 3061/10
f 3061/10 3063/10 3073/10
f 3064/10 3062/10 3074/10
f 3064/10 3066/10 3065/10 3063/10
f 3063/10 3065/10 3073/10
f 3066/10 3064/10 3074/10
f 3066/10 3068/10 3067/10 3065/10
f 3065/10 3067/10 3073/10
f 3068/10 3066/10 3074/10
f 3068/10 3070/10 3069/10 3067/10
f 3067/10 3069/10 3073/10
f 3070/10 3068/10 3074/10
f 3070/10 3072/10 3071/10 3069/10
f 3069/10 3071/10 3073/10
f 3072/10 3070/10 3074/10
f 3072/10 3026/10 3025/10 3071/10
f 3071/10 3025/10 3073/10
f 3026/10 3072/10 3074/10
f 3763/10 3764/10 3736/10 3735/10
f 3764/10 3765/10 3737/10 3736/10
f 3765/10 3766/10 3738/10 3737/10
f 3766/10 3767/10 3739/10 3738/10
f 3767/10 3768/10 3740/10 3739/10
f 3768/10 3769/10 3741/10 3740/10
f 3769/10 3770/10 3742/10 3741/10
f 3770/10 3771/10 3743/10 3742/10
f 3771/10 3772/10 3744/10 3743/10
f 3772/10 3773/10 3745/10 3744/10
f 3773/10 3774/10 3746/10 3745/10
f 3774/10 3775/10 3747/10 3746/10
f 3775/10 3776/10 3748/10 3747/10
f 3776/10 3777/10 3749/10 3748/10
f 3777/10 3778/10 3750/10 3749/10
f 3778/10 3779/10 3751/10 3750/10
f 3779/10 3780/10 3752/10 3751/10
f 3780/10 3781/10 3753/10 3752/10
f 3781/10 3782/10 3754/10 3753/10
f 3782/10 3783/10 3755/10 3754/10
f 3783/10 3784/10 3756/10 3755/10
f 3784/10 3785/10 3757/10 3756/10
f 3785/10 3786/10 3758/10 3757/10
f 3786/10 3787/10 3759/10 3758/10
f 3787/10 3788/10 3760/10 3759/10
f 3788/10 3789/10 3761/10 3760/10
f 3789/10 3790/10 3762/10 3761/10
f 3790/10 3763/10 3735/10 3762/10
f 3791/10 3792/10 3764/10 3763/10
f 3792/10 3793/10 3765/10 3764/10
f 3793/10 3794/10 3766/10 3765/10
f 3794/10 3795/10 3767/10 3766/10
f 3795/10 3796/10 3768/10 3767/10
f 3796/10 3797/10 3769/10 3768/10
f 3797/10 3798/10 3770/10 3769/10
f 3798/10 3799/10 3771/10 3770/10
f 3799/10 3800/10 3772/10 3771/10
f 3800/10 3801/10 3773/10 3772/10
f 3801/10 3802/10 3774/10 3773/10
f 3802/10 3803/10 3775/10 3774/10
f 3803/10 3804/10 3776/10 3775/10
f 3804/10 3805/10 3777/10 3776/10
f 3805/10 3806/10 3778/10 3777/10
f 3806/10 3807/10 3779/10 3778/10
f 3807/10 3808/10 3780/10 3779/10
f 3808/10 3809/10 3781/10 3780/10
f 3809/10 3810/10 3782/10 3781/10
f 3810/10 3811/10 3783/10 3782/10
f 3811/10 3812/10 3784/10 3783/10
f 3812/10 3813/10 3785/10 3784/10
f 3813/10 3814/10 3786/10 3785/10
f 3814/10 3815/10 3787/10 3786/10
f 3815/10 3816/10 3788/10 3787/10
f 3816/10 3817/10 3789/10 3788/10
f 3817/10 3818/10 3790/10 3789/10
f 3818/10 3791/10 3763/10 3790/10
f 3819/10 3820/10 3792/10 3791/10
f 3820/10 3821/10 3793/10 3792/10
f 3821/10 3822/10 3794/10 3793/10
f 3822/10 3823/10 3795/10 3794/10
f 3823/10 3824/10 3796/10 3795/10
f 3824/10 3825/10 3797/10 3796/10
f 3825/10 3826/10 3798/10 3797/10
f 3826/10 3827/10 3799/10 3798/10
f 3827/10 3828/10 3800/10 3799/10
f 3828/10 3829/10 3801/10 3800/10
f 3829/10 3830/10 3802/10 3801/10
f 3830/10 3831/10 3803/10 3802/10
f 3831/10 3832/10 3804/10 3803/10
f 3832/10 3833/10 3805/10 3804/10
f 3833/10 3834/10 3806/10 3805/10
f 3834/10 3835/10 3807/10 3806/10
f 3835/10 3836/10 3808/10 3807/10
f 3836/10 3837/10 3809/10 3808/10
f 3837/10 3838/10 3810/10 3809/10
f 3838/10 3839/10 3811/10 3810/10
f 3839/10 3840/10 3812/10 3811/10
f 3840/10 3841/10 3813/10 3812/10
f 3841/10 3842/10 3814/10 3813/10
f 3842/10 3843/10 3815/10 3814/10
f 3843/10 3844/10 3816/10 3815/10
f 3844/10 3845/10 3817/10 3816/10
f 3845/10 3846/10 3818/10 3817/10
f 3846/10 3819/10 3791/10 3818/10
f 3848/10 3850/10 3849/10 3847/10
f 3847/10 3849/10 3895/10
f 3850/10 3848/10 3896/10
f 3850/10 3852/10 3851/10 3849/10
f 3849/10 3851/10 3895/10
f 3852/10 3850/10 3896/10
f 3852/10 3854/10 3853/10 3851/10
f 3851/10 3853/10 3895/10
f 3854/10 3852/10 3896/10
f 3854/10 3856/10 3855/10 3853/10
f 3853/10 3855/10 3895/10
f 3856/10 3854/10 3896/10
f 3856/10 3858/10 3857/10 3855/10
f 3855/10 3857/10 3895/10
f 3858/10 3856/10 3896/10
f 3858/10 3860/10 3859/10 3857/10
f 3857/10 3859/10 3895/10
f 3860/10 3858/10 3896/10
f 3860/10 3862/10 3861/10 3859/10
f 3859/10 3861/10 3895/10
f 3862/10 3860/10 3896/10
f 3862/10 3864/10 3863/10 3861/10
f 3861/10 3863/10 3895/10
f 3864/10 3862/10 3896/10
f 3864/10 3866/10 3865/10 3863/10
f 3863/10 3865/10 3895/10
f 3866/10 3864/10 3896/10
f 3866/10 3868/10 3867/10 3865/10
f 3865/10 3867/10 3895/10
f 3868/10 3866/10 3896/10
f 3868/10 3870/10 3869/10 3867/10
f 3867/10 3869/10 3895/10
f 3870/10 3868/10 3896/10
f 3870/10 3872/10 3871/10 3869/10
f 3869/10 3871/10 3895/10
f 3872/10 3870/10 3896/10
f 3872/10 3874/10 3873/10 3871/10
f 3871/10 3873/10 3895/10
f 3874/10 3872/10 3896/10
f 3874/10 3876/10 3875/10 3873/10
f 3873/10 3875/10 3895/10
f 3876/10 3874/10 3896/10
f 3876/10 3878/10 3877/10 3875/10
f 3875/10 3877/10 3895/10
f 3878/10 3876/10 3896/10
f 3878/10 3880/10 3879/10 3877/10
f 3877/10 3879/10 3895/10
f 3880/10 3878/10 3896/10
f 3880/10 3882/10 3881/10 3879/10
f 3879/10 3881/10 3895/10
f 3882/10 3880/10 3896/10
f 3882/10 3884/10 3883/10 3881/10
f 3881/10 3883/10 3895/10
f 3884/10 3882/10 3896/10
f 3884/10 3886/10 3885/10 3883/10
f 3883/10 3885/10 3895/10
f 3886/10 3884/10 3896/10
f 3886/10 3888/10 3887/10 3885/10
f 3885/10 3887/10 3895/10
f 3888/10 3886/10 3896/10
f 3888/10 3890/10 3889/10 3887/10
f 3887/10 3889/10 3895/10
f 3890/10 3888/10 3896/10
f 3890/10 3892/10 3891/10 3889/10
f 3889/10 3891/10 3895/10
f 3892/10 3890/10 3896/10
f 3892/10 3894/10 3893/10 3891/10
f 3891/10 3893/10 3895/10
f 3894/10 3892/10 3896/10
f 3894/10 3848/10 3847/10 3893/10
f 3893/10 3847/10 3895/10
f 3848/10 3894/10 3896/10
f 4585/10 4586/10 4558/10 4557/10
f 4586/10 4587/10 4559/10 4558/10
f 4587/10 4588/10 4560/10 4559/10
f 4588/10 4589/10 4561/10 4560/10
f 4589/10 4590/10 4562/10 4561/10
f 4590/10 4591/10 4563/10 4562/10
f 4591/10 4592/10 4564/10 4563/10
f 4592/10 4593/10 4565/10 4564/10
f 4593/10 4594/10 4566/10 4565/10
f 4594/10 4595/10 4567/10 4566/10
f 4595/10 4596/10 4568/10 4567/10
f 4596/10 4597/10 4569/10 4568/10
f 4597/10 4598/10 4570/10 4569/10
f 4598/10 4599/10 4571/10 4570/10
f 4599/10 4600/10 4572/10 4571/10
f 4600/10 4601/10 4573/10 4572/10
f 4601/10 4602/10 4574/10 4573/10
f 4602/10 4603/10 4575/10 4574/10
f 4603/10 4604/10 4576/10 4575/10
f 4604/10 4605/10 4577/10 4576/10
f 4605/10 4606/10 4578/10 4577/10
f 4606/10 4607/10 4579/10 4578/10
f 4607/10 4608/10 4580/10 4579/10
f 4608/10 4609/10 4581/10 4580/10
f 4609/10 4610/10 4582/10 4581/10
f 4610/10 4611/10 4583/10 4582/10
f 4611/10 4612/10 4584/10 4583/10
f 4612/10 4585/10 4557/10 4584/10
f 4613/10 4614/10 4586/10 4585/10
f 4614/10 4615/10 4587/10 4586/10
f 4615/10 4616/10 4588/10 4587/10
f 4616/10 4617/10 4589/10 4588/10
f 4617/10 4618/10 4590/10 4589/10
f 4618/10 4619/10 4591/10 4590/10
f 4619/10 4620/10 4592/10 4591/10
f 4620/10 4621/10 4593/10 4592/10
f 4621/10 4622/10 4594/10 4593/10
f 4622/10 4623/10 4595/10 4594/10
f 4623/10 4624/10 4596/10 4595/10
f 4624/10 4625/10 4597/10 4596/10
f 4625/10 4626/10 4598/10 4597/10
f 4626/10 4627/10 4599/10 4598/10
f 4627/10 4628/10 4600/10 4599/10
f 4628/10 4629/10 4601/10 4600/10
f 4629/10 4630/10 4602/10 4601/10
f 4630/10 4631/10 4603/10 4602/10
f 4631/10 4632/10 4604/10 4603/10
f 4632/10 4633/10 4605/10 4604/10
f 4633/10 4634/10 4606/10 4605/10
f 4634/10 4635/10 4607/10 4606/10
f 4635/10 4636/10 4608/10 4607/10
f 4636/10 4637/10 4609/10 4608/10
f 4637/10 4638/10 4610/10 4609/10
f 4638/10 4639/10 4611/10 4610/10
f 4639/10 4640/10 4612/10 4611/10
f 4640/10 4613/10 4585/10 4612/10
f 4641/10 4642/10 4614/10 4613/10
f 4642/10 4643/10 4615/10 4614/10
f 4643/10 4644/10 4616/10 4615/10
f 4644/10 4645/10 4617/10 4616/10
f 4645/10 4646/10 4618/10 4617/10
f 4646/10 4647/10 4619/10 4618/10
f 4647/10 4648/10 4620/10 4619/10
f 4648/10 4649/10 4621/10 4620/10
f 4649/10 4650/10 4622/10 4621/10
f 4650/10 4651/10 4623/10 4622/10
f 4651/10 4652/10 4624/10 4623/10
f 4652/10 4653/10 4625/10 4624/10
f 4653/10 4654/10 4626/10 4625/10
f 4654/10 4655/10 4627/10 4626/10
f 4655/10 4656/10 4628/10 4627/10
f 4656/10 4657/10 4629/10 4628/10
f 4657/10 4658/10 4630/10 4629/10
f 4658/10 4659/10 4631/10 4630/10
f 4659/10 4660/10 4632/10 4631/10
f 4660/10 4661/10 4633/10 4632/10
f 4661/10 4662/10 4634/10 4633/10
f 4662/10 4663/10 4635/10 4634/10
f 4663/10 4664/10 4636/10 4635/10
f 4664/10 4665/10 4637/10 4636/10
f 4665/10 4666/10 4638/10 4637/10
f 4666/10 4667/10 4639/10 4638/10
f 4667/10 4668/10 4640/10 4639/10
f 4668/10 4641/10 4613/10 4640/10
f 4670/10 4672/10 4671/10 4669/10
f 4669/10 4671/10 4717/10
f 4672/10 4670/10 4718/10
f 4672/10 4674/10 4673/10 4671/10
f 4671/10 4673/10 4717/10
f 4674/10 4672/10 4718/10
f 4674/10 4676/10 4675/10 4673/10
f 4673/10 4675/10 4717/10
f 4676/10 4674/10 4718/10
f 4676/10 4678/10 4677/10 4675/10
f 4675/10 4677/10 4717/10
f 4678/10 4676/10 4718/10
f 4678/10 4680/10 4679/10 4677/10
f 4677/10 4679/10 4717/10
f 4680/10 4678/10 4718/10
f 4680/10 4682/10 4681/10 4679/10
f 4679/10 4681/10 4717/10
f 4682/10 4680/10 4718/10
f 4682/10 4684/10 4683/10 4681/10
f 4681/10 4683/10 4717/10
f 4684/10 4682/10 4718/10
f 4684/10 4686/10 4685/10 4683/10
f 4683/10 4685/10 4717/10
f 4686/10 4684/10 4718/10
f 4686/10 4688/10 4687/10 4685/10
f 4685/10 4687/10 4717/10
f 4688/10 4686/10 4718/10
f 4688/10 4690/10 4689/10 4687/10
f 4687/10 4689/10 4717/10
f 4690/10 4688/10 4718/10
f 4690/10 4692/10 4691/10 4689/10
f 4689/10 4691/10 4717/10
f 4692/10 4690/10 4718/10
f 4692/10 4694/10 4693/10 4691/10
f 4691/10 4693/10 4717/10
f 4694/10 4692/10 4718/10
f 4694/10 4696/10 4695/10 4693/10
f 4693/10 4695/10 4717/10
f 4696/10 4694/10 4718/10
f 4696/10 4698/10 4697/10 4695/10
f 4695/10 4697/10 4717/10
f 4698/10 4696/10 4718/10
f 4698/10 4700/10 4699/10 4697/10
f 4697/10 4699/10 4717/10
f 4700/10 4698/10 4718/10
f 4700/10 4702/10 4701/10 4699/10
f 4699/10 4701/10 4717/10
f 4702/10 4700/10 4718/10
f 4702/10 4704/10 4703/10 4701/10
f 4701/10 4703/10 4717/10
f 4704/10 4702/10 4718/10
f 4704/10 4706/10 4705/10 4703/10
f 4703/10 4705/10 4717/10
f 4706/10 4704/10 4718/10
f 4706/10 4708/10 4707/10 4705/10
f 4705/10 4707/10 4717/10
f 4708/10 4706/10 4718/10
f 4708/10 4710/10 4709/10 4707/10
f 4707/10 4709/10 4717/10
f 4710/10 4708/10 4718/10
f 4710/10 4712/10 4711/10 4709/10
f 4709/10 4711/10 4717/10
f 4712/10 4710/10 4718/10
f 4712/10 4714/10 4713/10 4711/10
f 4711/10 4713/10 4717/10
f 4714/10 4712/10 4718/10
f 4714/10 4716/10 4715/10 4713/10
f 4713/10 4715/10 4717/10
f 4716/10 4714/10 4718/10
f 4716/10 4670/10 4669/10 4715/10
f 4715/10 4669/10 4717/10
f 4670/10 4716/10 4718/10
f 5407/10 5408/10 5380/10 5379/10
f 5408/10 5409/10 5381/10 5380/10
f 5409/10 5410/10 5382/10 5381/10
f 5410/10 5411/10 5383/10 5382/10
f 5411/10 5412/10 5384/10 5383/10
f 5412/10 5413/10 5385/10 5384/10
f 5413/10 5414/10 5386/10 5385/10
f 5414/10 5415/10 5387/10 5386/10
f 5415/10 5416/10 5388/10 5387/10
f 5416/10 5417/10 5389/10 5388/10
f 5417/10 5418/10 5390/10 5389/10
f 5418/10 5419/10 5391/10 5390/10
f 5419/10 5420/10 5392/10 5391/10
f 5420/10 5421/10 5393/10 5392/10
f 5421/10 5422/10 5394/10 5393/10
f 5422/10 5423/10 5395/10 5394/10
f 5423/10 5424/10 5396/10 5395/10
f 5424/10 5425/10 5397/10 5396/10
f 5425/10 5426/10 5398/10 5397/10
f 5426/10 5427/10 5399/10 5398/10
f 5427/10 5428/10 5400/10 5399/10
f 5428/10 5429/10 5401/10 5400/10
f 5429/10 5430/10 5402/10 5401/10
f 5430/10 5431/10 5403/10 5402/10
f 5431/10 5432/10 5404/10 5403/10
f 5432/10 5433/10 5405/10 5404/10
f 5433/10 5434/10 5406/10 5405/10
f 5434/10 5407/10 5379/10 5406/10
f 5435/10 5436/10 5408/10 5407/10
f 5436/10 5437/10 5409/10 5408/10
f 5437/10 5438/10 5410/10 5409/10
f 5438/10 5439/10 5411/10 5410/10
f 5439/10 5440/10 5412/10 5411/10
f 5440/10 5441/10 5413/10 5412/10
f 5441/10 5442/10 5414/10 5413/10
f 5442/10 5443/10 5415/10 5414/10
f 5443/10 5444/10 5416/10 5415/10
f 5444/10 5445/10 5417/10 5416/10
f 5445/10 5446/10 5418/10 5417/10
f 5446/10 5447/10 5419/10 5418/10
f 5447/10 5448/10 5420/10 5419/10
f 5448/10 5449/10 5421/10 5420/10
f 5449/10 5450/10 5422/10 5421/10
f 5450/10 5451/10 5423/10 5422/10
f 5451/10 5452/10 5424/10 5423/10
f 5452/10 5453/10 5425/10 5424/10
f 5453/10 5454/10 5426/10 5425/10
f 5454/10 5455/10 5427/10 5426/10
f 5455/10 5456/10 5428/10 5427/10
f 5456/10 5457/10 5429/10 5428/10
f 5457/10 5458/10 5430/10 5429/10
f 5458/10 5459/10 5431/10 5430/10
f 5459/10 5460/10 5432/10 5431/10
f 5460/10 5461/10 5433/10 5432/10
f 5461/10 5462/10 5434/10 5433/10
f 5462/10 5435/10 5407/10 5434/10
f 5463/10 5464/10 5436/10 5435/10
f 5464/10 5465/10 5437/10 5436/10
f 5465/10 5466/10 5438/10 5437/10
f 5466/10 5467/10 5439/10 5438/10
f 5467/10 5468/10 5440/10 5439/10
f 5468/10 5469/10 5441/10 5440/10
f 5469/10 5470/10 5442/10 5441/10
f 5470/10 5471/10 5443/10 5442/10
f 5471/10 5472/10 5444/10 5443/10
f 5472/10 5473/10 5445/10 5444/10
f 5473/10 5474/10 5446/10 5445/10
f 5474/10 5475/10 5447/10 5446/10
f 5475/10 5476/10 5448/10 5447/10
f 5476/10 5477/10 5449/10 5448/10
f 5477/10 5478/10 5450/10 5449/10
f 5478/10 5479/10 5451/10 5450/10
f 5479/10 5480/10 5452/10 5451/10
f 5480/10 5481/10 5453/10 5452/10
f 5481/10 5482/10 5454/10 5453/10
f 5482/10 5483/10 5455/10 5454/10
f 5483/10 5484/10 5456/10 5455/10
f 5484/10 5485/10 5457/10 5456/10
f 5485/10 5486/10 5458/10 5457/10
f 5486/10 5487/10 5459/10 5458/10
f 5487/10 5488/10 5460/10 5459/10
f 5488/10 5489/10 5461/10 5460/10
f 5489/10 5490/10 5462/10 5461/10
f 5490/10 5463/10 5435/10 5462/10
f 5492/10 5494/10 5493/10 5491/10
f 5491/10 5493/10 5539/10
f 5494/10 5492/10 5540/10
f 5494/10 5496/10 5495/10 5493/10
f 5493/10 5495/10 5539/10
f 5496/10 5494/10 5540/10
f 5496/10 5498/10 5497/10 5495/10
f 5495/10 5497/10 5539/10
f 5498/10 5496/10 5540/10
f 5498/10 5500/10 5499/10 5497/10
f 5497/10 5499/10 5539/10
f 5500/10 5498/10 5540/10
f 5500/10 5502/10 5501/10 5499/10
f 5499/10 5501/10 5539/10
f 5502/10 5500/10 5540/10
f 5502/10 5504/10 5503/10 5501/10
f 5501/10 5503/10 5539/10
f 5504/10 5502/10 5540/10
f 5504/10 5506/10 5505/10 5503/10
f 5503/10 5505/10 5539/10
f 5506/10 5504/10 5540/10
f 5506/10 5508/10 5507/10 5505/10
f 5505/10 5507/10 5539/10
f 5508/10 5506/10 5540/10
f 5508/10 5510/10 5509/10 5507/10
f 5507/10 5509/10 5539/10
f 5510/10 5508/10 5540/10
f 5510/10 5512/10 5511/10 5509/10
f 5509/10 5511/10 5539/10
f 5512/10 5510/10 5540/10
f 5512/10 5514/10 5513/10 5511/10
f 5511/10 5513/10 5539/10
f 5514/10 5512/10 5540/10
f 5514/10 5516/10 5515/10 5513/10
f 5513/10 5515/10 5539/10
f 5516/10 5514/10 5540/10
f 5516/10 5518/10 5517/10 5515/10
f 5515/10 5517/10 5539/10
f 5518/10 5516/10 5540/10
f 5518/10 5520/10 5519/10 5517/10
f 5517/10 5519/10 5539/10
f 5520/10 5518/10 5540/10
f 5520/10 5522/10 5521/10 5519/10
f 5519/10 5521/10 5539/10
f 5522/10 5520/10 5540/10
f 5522/10 5524/10 5523/10 5521/10
f 5521/10 5523/10 5539/10
f 5524/10 5522/10 5540/10
f 5524/10 5526/10 5525/10 5523/10
f 5523/10 5525/10 5539/10
f 5526/10 5524/10 5540/10
f 5526/10 5528/10 5527/10 5525/10
f 5525/10 5527/10 5539/10
f 5528/10 5526/10 5540/10
f 5528/10 5530/10 5529/10 5527/10
f 5527/10 5529/10 5539/10
f 5530/10 5528/10 5540/10
f 5530/10 5532/10 5531/10 5529/10
f 5529/10 5531/10 5539/10
f 5532/10 5530/10 5540/10
f 5532/10 5534/10 5533/10 5531/10
f 5531/10 5533/10 5539/10
f 5534/10 5532/10 5540/10
f 5534/10 5536/10 5535/10 5533/10
f 5533/10 5535/10 5539/10
f 5536/10 5534/10 5540/10
f 5536/10 5538/10 5537/10 5535/10
f 5535/10 5537/10 5539/10
f 5538/10 5536/10 5540/10
f 5538/10 5492/10 5491/10 5537/10
f 5537/10 5491/10 5539/10
f 5492/10 5538/10 5540/10
