# ParkParkMineTrack — ParkPark original fairground mesh
mtllib ParkParkFairground.mtl
o ParkParkMineTrack
v -7.89490 0.60000 -5.08602
v -7.90567 0.48588 -5.16825
v -7.92050 0.52947 -5.30159
v -7.91890 0.67053 -5.30178
v -7.90308 0.71412 -5.16855
v -7.23280 0.59239 -5.16216
v -7.24356 0.47827 -5.24439
v -7.25839 0.52186 -5.37773
v -7.25679 0.66292 -5.37791
v -7.24097 0.70651 -5.24468
v -7.90861 0.60000 -5.20524
v -7.24650 0.59239 -5.28137
v -8.07768 0.60000 -6.67555
v -8.08845 0.48588 -6.75777
v -8.10328 0.52947 -6.89112
v -8.10168 0.67053 -6.89130
v -8.08586 0.71412 -6.75807
v -7.41558 0.59239 -6.75168
v -7.42634 0.47827 -6.83391
v -7.44118 0.52186 -6.96725
v -7.43957 0.66292 -6.96744
v -7.42375 0.70651 -6.83421
v -8.09139 0.60000 -6.79476
v -7.42928 0.59239 -6.87090
v -7.79064 0.60000 -4.96716
v -7.88005 0.51000 -4.95687
v -7.96946 0.60000 -4.94659
v -7.88005 0.69000 -4.95687
v -8.03054 0.60000 -7.05341
v -8.11995 0.51000 -7.04313
v -8.20936 0.60000 -7.03284
v -8.11995 0.69000 -7.04313
v -7.88005 0.60000 -4.95687
v -8.11995 0.60000 -7.04313
v -7.27473 0.59239 -5.15831
v -7.28121 0.47826 -5.24098
v -7.29012 0.52185 -5.37484
v -7.28915 0.66292 -5.37491
v -7.27965 0.70651 -5.24108
v -6.60979 0.58781 -5.20406
v -6.61626 0.47369 -5.28673
v -6.62517 0.51728 -5.42060
v -6.62421 0.65834 -5.42067
v -6.61470 0.70193 -5.28684
v -7.28297 0.59239 -5.27802
v -6.61803 0.58781 -5.32378
v -7.38458 0.59239 -6.75453
v -7.39105 0.47826 -6.83720
v -7.39996 0.52185 -6.97107
v -7.39900 0.66292 -6.97113
v -7.38949 0.70651 -6.83731
v -6.71963 0.58781 -6.80029
v -6.72610 0.47369 -6.88296
v -6.73502 0.51728 -7.01683
v -6.73405 0.65834 -7.01689
v -6.72454 0.70193 -6.88307
v -7.39282 0.59239 -6.87425
v -6.72787 0.58781 -6.92001
v -6.64266 0.58781 -5.20239
v -6.64577 0.47368 -5.28525
v -6.65004 0.51728 -5.41935
v -6.64957 0.65834 -5.41936
v -6.64501 0.70194 -5.28528
v -5.97647 0.58562 -5.22434
v -5.97957 0.47149 -5.30720
v -5.98385 0.51508 -5.44129
v -5.98338 0.65615 -5.44131
v -5.97882 0.69974 -5.30722
v -6.64661 0.58781 -5.32233
v -5.98042 0.58562 -5.34427
v -6.69533 0.58781 -6.80153
v -6.69844 0.47368 -6.88439
v -6.70271 0.51728 -7.01848
v -6.70225 0.65834 -7.01850
v -6.69769 0.70194 -6.88441
v -6.02914 0.58562 -6.82347
v -6.03224 0.47149 -6.90633
v -6.03652 0.51508 -7.04042
v -6.03605 0.65615 -7.04044
v -6.03149 0.69974 -6.90635
v -6.69928 0.58781 -6.92146
v -6.03309 0.58562 -6.94340
v -6.54843 0.58781 -5.07543
v -6.63838 0.49781 -5.07246
v -6.72833 0.58781 -5.06950
v -6.63838 0.67781 -5.07246
v -6.61756 0.58781 -7.17429
v -6.70751 0.49781 -7.17132
v -6.79746 0.58781 -7.16836
v -6.70751 0.67781 -7.17132
v -6.63838 0.58781 -5.07246
v -6.70751 0.58781 -7.17132
v -6.00164 0.58562 -5.22385
v -6.00217 0.47149 -5.30677
v -6.00289 0.51508 -5.44093
v -6.00281 0.65615 -5.44093
v -6.00204 0.69974 -5.30677
v -5.33508 0.58525 -5.22755
v -5.33560 0.47112 -5.31047
v -5.33633 0.51471 -5.44463
v -5.33625 0.65578 -5.44463
v -5.33548 0.69937 -5.31047
v -6.00231 0.58562 -5.34385
v -5.33575 0.58525 -5.34755
v -6.01053 0.58562 -6.82383
v -6.01106 0.47149 -6.90674
v -6.01178 0.51508 -7.04090
v -6.01170 0.65615 -7.04090
v -6.01093 0.69974 -6.90674
v -5.34397 0.58525 -6.82753
v -5.34449 0.47112 -6.91045
v -5.34522 0.51471 -7.04461
v -5.34514 0.65578 -7.04461
v -5.34437 0.69937 -6.91045
v -6.01120 0.58562 -6.94382
v -5.34464 0.58525 -6.94753
v -5.35347 0.58525 -5.22764
v -5.35211 0.47112 -5.31054
v -5.35024 0.51471 -5.44469
v -5.35044 0.65578 -5.44470
v -5.35244 0.69937 -5.31055
v -4.68697 0.58621 -5.21801
v -4.68560 0.47208 -5.30092
v -4.68373 0.51567 -5.43507
v -4.68393 0.65674 -5.43507
v -4.68593 0.70033 -5.30092
v -5.35174 0.58525 -5.34762
v -4.68523 0.58621 -5.33800
v -5.33038 0.58525 -6.82747
v -5.32901 0.47112 -6.91038
v -5.32714 0.51471 -7.04453
v -5.32734 0.65578 -7.04453
v -5.32934 0.69937 -6.91038
v -4.66387 0.58621 -6.81785
v -4.66250 0.47208 -6.90075
v -4.66063 0.51567 -7.03490
v -4.66083 0.65674 -7.03491
v -4.66283 0.70033 -6.90076
v -5.32864 0.58525 -6.94746
v -4.66213 0.58621 -6.93783
v -5.26536 0.58525 -5.09635
v -5.35535 0.49525 -5.09765
v -5.44534 0.58525 -5.09895
v -5.35535 0.67525 -5.09765
v -5.23504 0.58525 -7.19613
v -5.32503 0.49525 -7.19743
v -5.41502 0.58525 -7.19873
v -5.32503 0.67525 -7.19743
v -5.35535 0.58525 -5.09765
v -5.32503 0.58525 -7.19743
v -4.69951 0.58621 -5.21828
v -4.69686 0.47208 -5.30116
v -4.69321 0.51567 -5.43527
v -4.69361 0.65674 -5.43528
v -4.69750 0.70033 -5.30117
v -4.03319 0.58808 -5.19957
v -4.03054 0.47395 -5.28245
v -4.02690 0.51755 -5.41656
v -4.02729 0.65861 -5.41657
v -4.03118 0.70221 -5.28246
v -4.69614 0.58621 -5.33823
v -4.02982 0.58808 -5.31952
v -4.65460 0.58621 -6.81765
v -4.65195 0.47208 -6.90053
v -4.64831 0.51567 -7.03464
v -4.64870 0.65674 -7.03465
v -4.65259 0.70033 -6.90054
v -3.98828 0.58808 -6.79894
v -3.98563 0.47395 -6.88182
v -3.98199 0.51755 -7.01593
v -3.98238 0.65861 -7.01594
v -3.98627 0.70221 -6.88183
v -4.65123 0.58621 -6.93760
v -3.98491 0.58808 -6.91889
v -4.04084 0.58808 -5.19982
v -4.03741 0.47395 -5.28266
v -4.03269 0.51755 -5.41675
v -4.03320 0.65861 -5.41676
v -4.03824 0.70221 -5.28269
v -3.37470 0.59050 -5.17556
v -3.37127 0.47638 -5.25841
v -3.36655 0.51997 -5.39249
v -3.36706 0.66104 -5.39251
v -3.37210 0.70463 -5.25844
v -4.03648 0.58808 -5.31974
v -3.37033 0.59050 -5.29548
v -3.98262 0.58808 -6.79876
v -3.97919 0.47395 -6.88160
v -3.97446 0.51755 -7.01569
v -3.97498 0.65861 -7.01570
v -3.98002 0.70221 -6.88163
v -3.31648 0.59050 -6.77450
v -3.31305 0.47638 -6.85735
v -3.30832 0.51997 -6.99143
v -3.30883 0.66104 -6.99145
v -3.31388 0.70463 -6.85738
v -3.97825 0.58808 -6.91868
v -3.31211 0.59050 -6.89442
v -3.95563 0.58808 -5.06663
v -4.04557 0.49808 -5.06990
v -4.13551 0.58808 -5.07318
v -4.04557 0.67808 -5.06990
v -3.87921 0.58808 -7.16524
v -3.96915 0.49808 -7.16851
v -4.05909 0.58808 -7.17179
v -3.96915 0.67808 -7.16851
v -4.04557 0.58808 -5.06990
v -3.96915 0.58808 -7.16851
v -3.37772 0.59050 -5.17567
v -3.37397 0.47638 -5.25851
v -3.36883 0.51997 -5.39257
v -3.36938 0.66104 -5.39260
v -3.37488 0.70463 -5.25855
v -2.71166 0.59315 -5.14923
v -2.70792 0.47902 -5.23207
v -2.70277 0.52262 -5.36613
v -2.70333 0.66368 -5.36616
v -2.70882 0.70727 -5.23210
v -3.37296 0.59050 -5.29558
v -2.70690 0.59315 -5.26914
v -3.31425 0.59050 -6.77442
v -3.31051 0.47638 -6.85725
v -3.30536 0.51997 -6.99132
v -3.30592 0.66104 -6.99134
v -3.31141 0.70463 -6.85729
v -2.64819 0.59315 -6.74797
v -2.64445 0.47902 -6.83081
v -2.63930 0.52262 -6.96487
v -2.63986 0.66368 -6.96490
v -2.64535 0.70727 -6.83084
v -3.30949 0.59050 -6.89432
v -2.64343 0.59315 -6.86788
v -2.71044 0.59315 -5.14919
v -2.70683 0.47902 -5.23203
v -2.70185 0.52262 -5.36610
v -2.70239 0.66368 -5.36612
v -2.70770 0.70728 -5.23206
v -2.04435 0.59571 -5.12363
v -2.04073 0.48158 -5.20647
v -2.03576 0.52517 -5.34054
v -2.03630 0.66624 -5.34056
v -2.04161 0.70983 -5.20650
v -2.70584 0.59315 -5.26910
v -2.03975 0.59571 -5.24354
v -2.64909 0.59315 -6.74801
v -2.64547 0.47902 -6.83085
v -2.64049 0.52262 -6.96492
v -2.64104 0.66368 -6.96494
v -2.64635 0.70728 -6.83088
v -1.98300 0.59571 -6.72245
v -1.97938 0.48158 -6.80529
v -1.97440 0.52517 -6.93936
v -1.97494 0.66624 -6.93938
v -1.98025 0.70983 -6.80532
v -2.64449 0.59315 -6.86792
v -1.97840 0.59571 -6.84236
v -2.62549 0.59315 -5.01583
v -2.71543 0.50315 -5.01928
v -2.80536 0.59315 -5.02273
v -2.71543 0.68315 -5.01928
v -2.54497 0.59315 -7.11429
v -2.63490 0.50315 -7.11774
v -2.72484 0.59315 -7.12119
v -2.63490 0.68315 -7.11774
v -2.71543 0.59315 -5.01928
v -2.63490 0.59315 -7.11774
v -2.03917 0.59571 -5.12344
v -2.03608 0.48158 -5.20630
v -2.03183 0.52517 -5.34040
v -2.03230 0.66624 -5.34041
v -2.03683 0.70983 -5.20633
v -1.37294 0.59789 -5.10164
v -1.36985 0.48376 -5.18450
v -1.36561 0.52735 -5.31859
v -1.36607 0.66842 -5.31861
v -1.37060 0.71201 -5.18452
v -2.03524 0.59571 -5.24338
v -1.36901 0.59789 -5.22157
v -1.98683 0.59571 -6.72258
v -1.98374 0.48158 -6.80545
v -1.97950 0.52517 -6.93954
v -1.97996 0.66624 -6.93956
v -1.98449 0.70983 -6.80547
v -1.32060 0.59789 -6.70078
v -1.31752 0.48376 -6.78364
v -1.31327 0.52735 -6.91774
v -1.31373 0.66842 -6.91775
v -1.31826 0.71201 -6.78367
v -1.98290 0.59571 -6.84252
v -1.31668 0.59789 -6.82072
v -1.36388 0.59789 -5.10138
v -1.36172 0.48376 -5.18427
v -1.35876 0.52735 -5.31841
v -1.35908 0.66842 -5.31841
v -1.36225 0.71201 -5.18429
v -0.69747 0.59941 -5.08614
v -0.69532 0.48528 -5.16903
v -0.69235 0.52888 -5.30317
v -0.69267 0.66994 -5.30317
v -0.69584 0.71354 -5.16905
v -1.36114 0.59789 -5.22135
v -0.69473 0.59941 -5.20611
v -1.32730 0.59789 -6.70097
v -1.32514 0.48376 -6.78386
v -1.32217 0.52735 -6.91799
v -1.32250 0.66842 -6.91799
v -1.32566 0.71201 -6.78387
v -0.66089 0.59941 -6.68573
v -0.65873 0.48528 -6.76862
v -0.65577 0.52888 -6.90275
v -0.65609 0.66994 -6.90275
v -0.65926 0.71354 -6.76863
v -1.32456 0.59789 -6.82093
v -0.65815 0.59941 -6.80569
v -1.27688 0.59789 -4.96936
v -1.36685 0.50789 -4.97142
v -1.45683 0.59789 -4.97348
v -1.36685 0.68789 -4.97142
v -1.22886 0.59789 -7.06881
v -1.31884 0.50789 -7.07087
v -1.40882 0.59789 -7.07293
v -1.31884 0.68789 -7.07087
v -1.36685 0.59789 -4.97142
v -1.31884 0.59789 -7.07087
v -0.68455 0.59941 -5.08594
v -0.68372 0.48528 -5.16885
v -0.68257 0.52888 -5.30301
v -0.68270 0.66994 -5.30301
v -0.68392 0.71354 -5.16885
v -0.01799 0.60000 -5.08006
v -0.01716 0.48587 -5.16298
v -0.01602 0.52946 -5.29714
v -0.01614 0.67053 -5.29714
v -0.01736 0.71412 -5.16298
v -0.68349 0.59941 -5.20593
v -0.01693 0.60000 -5.20006
v -0.67044 0.59941 -6.68588
v -0.66961 0.48528 -6.76879
v -0.66847 0.52888 -6.90295
v -0.66859 0.66994 -6.90295
v -0.66981 0.71354 -6.76879
v -0.00389 0.60000 -6.68000
v -0.00306 0.48587 -6.76292
v -0.00191 0.52946 -6.89707
v -0.00204 0.67053 -6.89708
v -0.00326 0.71412 -6.76292
v -0.66939 0.59941 -6.80587
v -0.00283 0.60000 -6.80000
v 0.00472 0.60000 -5.08014
v 0.00254 0.48587 -5.16304
v 0.00074 0.52946 -5.29719
v 0.00180 0.67053 -5.29721
v 0.00426 0.71412 -5.16307
v 0.67117 0.59496 -5.09072
v 0.66899 0.48084 -5.17362
v 0.66719 0.52443 -5.30777
v 0.66826 0.66549 -5.30779
v 0.67072 0.70909 -5.17364
v 0.00281 0.60000 -5.20013
v 0.66927 0.59496 -5.21071
v -0.02067 0.60000 -6.67994
v -0.02285 0.48587 -6.76284
v -0.02465 0.52946 -6.89699
v -0.02359 0.67053 -6.89701
v -0.02113 0.71412 -6.76286
v 0.64578 0.59496 -6.69052
v 0.64360 0.48084 -6.77341
v 0.64180 0.52443 -6.90757
v 0.64287 0.66549 -6.90758
v 0.64533 0.70909 -6.77344
v -0.02258 0.60000 -6.79993
v 0.64388 0.59496 -6.81051
v 0.09677 0.60000 -4.95159
v 0.00678 0.51000 -4.95016
v -0.08321 0.60000 -4.94873
v 0.00678 0.69000 -4.95016
v 0.06344 0.60000 -7.05132
v -0.02655 0.51000 -7.04990
v -0.11654 0.60000 -7.04847
v -0.02655 0.69000 -7.04990
v 0.00678 0.60000 -4.95016
v -0.02655 0.60000 -7.04990
v 0.69460 0.59496 -5.09139
v 0.68893 0.48086 -5.17415
v 0.68424 0.52444 -5.30823
v 0.68701 0.66548 -5.30835
v 0.69341 0.70907 -5.17433
v 1.36047 0.58188 -5.11894
v 1.35481 0.46777 -5.20169
v 1.35012 0.51136 -5.33578
v 1.35288 0.65240 -5.33589
v 1.35929 0.69598 -5.20188
v 0.68964 0.59496 -5.21129
v 1.35551 0.58188 -5.23884
v 0.62847 0.59496 -6.69003
v 0.62280 0.48086 -6.77278
v 0.61811 0.52444 -6.90686
v 0.62088 0.66548 -6.90698
v 0.62728 0.70907 -6.77296
v 1.29434 0.58188 -6.71757
v 1.28868 0.46777 -6.80032
v 1.28399 0.51136 -6.93441
v 1.28675 0.65240 -6.93452
v 1.29315 0.69598 -6.80051
v 0.62351 0.59496 -6.80992
v 1.28938 0.58188 -6.83747
v 1.37565 0.58188 -5.11969
v 1.36773 0.46779 -5.20229
v 1.36117 0.51137 -5.33630
v 1.36503 0.65239 -5.33652
v 1.37399 0.69596 -5.20265
v 2.04087 0.56357 -5.15823
v 2.03295 0.44949 -5.24082
v 2.02638 0.49307 -5.37483
v 2.03025 0.63408 -5.37506
v 2.03920 0.67766 -5.24119
v 1.36871 0.58188 -5.23949
v 2.03393 0.56357 -5.27803
v 1.28312 0.58188 -6.71701
v 1.27520 0.46779 -6.79961
v 1.26864 0.51137 -6.93362
v 1.27250 0.65239 -6.93384
v 1.28146 0.69596 -6.79997
v 1.94834 0.56357 -6.75555
v 1.94042 0.44949 -6.83815
v 1.93385 0.49307 -6.97215
v 1.93772 0.63408 -6.97238
v 1.94667 0.67766 -6.83851
v 1.27618 0.58188 -6.83681
v 1.94140 0.56357 -6.87535
v 1.47302 0.58188 -4.99511
v 1.38317 0.49188 -4.98991
v 1.29332 0.58188 -4.98470
v 1.38317 0.67188 -4.98991
v 1.35158 0.58188 -7.09160
v 1.26173 0.49188 -7.08639
v 1.17188 0.58188 -7.08119
v 1.26173 0.67188 -7.08639
v 1.38317 0.58188 -4.98991
v 1.26173 0.58188 -7.08639
v 2.04920 0.56357 -5.15875
v 2.04004 0.44950 -5.24124
v 2.03245 0.49308 -5.37519
v 2.03692 0.63407 -5.37549
v 2.04727 0.67764 -5.24172
v 2.71396 0.54241 -5.20331
v 2.70480 0.42834 -5.28580
v 2.69721 0.47191 -5.41976
v 2.70168 0.61290 -5.42006
v 2.71203 0.65647 -5.28629
v 2.04118 0.56357 -5.27848
v 2.70594 0.54241 -5.32304
v 1.94218 0.56357 -6.75516
v 1.93302 0.44950 -6.83765
v 1.92543 0.49308 -6.97161
v 1.92990 0.63407 -6.97191
v 1.94025 0.67764 -6.83814
v 2.60694 0.54241 -6.79973
v 2.59778 0.42834 -6.88222
v 2.59018 0.47191 -7.01617
v 2.59465 0.61290 -7.01647
v 2.60501 0.65647 -6.88270
v 1.93415 0.56357 -6.87489
v 2.59891 0.54241 -6.91946
v 2.71655 0.54241 -5.20349
v 2.70700 0.42834 -5.28594
v 2.69909 0.47191 -5.41988
v 2.70375 0.61290 -5.42021
v 2.71454 0.65647 -5.28647
v 3.38115 0.52035 -5.24993
v 3.37161 0.40628 -5.33238
v 3.36369 0.44985 -5.46632
v 3.36835 0.59084 -5.46664
v 3.37914 0.63441 -5.33290
v 2.70818 0.54241 -5.32320
v 3.37279 0.52035 -5.36963
v 2.60503 0.54241 -6.79960
v 2.59548 0.42834 -6.88205
v 2.58757 0.47191 -7.01599
v 2.59223 0.61290 -7.01631
v 2.60302 0.65647 -6.88258
v 3.26963 0.52035 -6.84603
v 3.26008 0.40628 -6.92849
v 3.25217 0.44985 -7.06243
v 3.25683 0.59084 -7.06275
v 3.26762 0.63441 -6.92901
v 2.59666 0.54241 -6.91931
v 3.26127 0.52035 -6.96574
v 2.81539 0.54241 -5.08008
v 2.72561 0.45241 -5.07381
v 2.63583 0.54241 -5.06753
v 2.72561 0.63241 -5.07381
v 2.66902 0.54241 -7.17497
v 2.57924 0.45241 -7.16870
v 2.48946 0.54241 -7.16242
v 2.57924 0.63241 -7.16870
v 2.72561 0.54241 -5.07381
v 2.57924 0.54241 -7.16870
v 3.37851 0.52035 -5.24974
v 3.36935 0.40628 -5.33223
v 3.36177 0.44985 -5.46619
v 3.36623 0.59085 -5.46649
v 3.37658 0.63442 -5.33272
v 4.04327 0.49920 -5.29427
v 4.03411 0.38513 -5.37676
v 4.02653 0.42870 -5.51071
v 4.03099 0.56970 -5.51101
v 4.04134 0.61327 -5.37724
v 3.37049 0.52035 -5.36948
v 4.03525 0.49920 -5.41400
v 3.27159 0.52035 -6.84617
v 3.26243 0.40628 -6.92866
v 3.25485 0.44985 -7.06262
v 3.25931 0.59085 -7.06291
v 3.26966 0.63442 -6.92914
v 3.93635 0.49920 -6.89069
v 3.92719 0.38513 -6.97318
v 3.91961 0.42870 -7.10714
v 3.92407 0.56970 -7.10744
v 3.93442 0.61327 -6.97366
v 3.26357 0.52035 -6.96590
v 3.92833 0.49920 -7.01042
v 4.03548 0.49920 -5.29378
v 4.02748 0.38512 -5.37637
v 4.02086 0.42869 -5.51038
v 4.02476 0.56971 -5.51060
v 4.03380 0.61328 -5.37674
v 4.70067 0.48073 -5.33267
v 4.69268 0.36665 -5.41526
v 4.68605 0.41022 -5.54926
v 4.68995 0.55124 -5.54949
v 4.69899 0.59481 -5.41563
v 4.02848 0.49920 -5.41357
v 4.69367 0.48073 -5.45246
v 3.94210 0.49920 -6.89105
v 3.93411 0.38512 -6.97364
v 3.92748 0.42869 -7.10765
v 3.93139 0.56971 -7.10788
v 3.94042 0.61328 -6.97401
v 4.60730 0.48073 -6.92994
v 4.59930 0.36665 -7.01253
v 4.59267 0.41022 -7.14654
v 4.59658 0.55124 -7.14676
v 4.60561 0.59481 -7.01290
v 3.93510 0.49920 -7.01085
v 4.60029 0.48073 -7.04973
v 4.13291 0.49920 -5.16925
v 4.04307 0.40920 -5.16400
v 3.95322 0.49920 -5.15875
v 4.04307 0.58920 -5.16400
v 4.01036 0.49920 -7.26567
v 3.92051 0.40920 -7.26042
v 3.83066 0.49920 -7.25517
v 3.92051 0.58920 -7.26042
v 4.04307 0.49920 -5.16400
v 3.92051 0.49920 -7.26042
v 4.68722 0.48073 -5.33198
v 4.68122 0.36663 -5.41471
v 4.67626 0.41021 -5.54879
v 4.67919 0.55125 -5.54892
v 4.68596 0.59483 -5.41492
v 5.35301 0.46688 -5.36113
v 5.34702 0.35278 -5.44386
v 5.34206 0.39636 -5.57794
v 5.34498 0.53740 -5.57806
v 5.35176 0.58099 -5.44407
v 4.68197 0.48073 -5.45186
v 5.34777 0.46688 -5.48101
v 4.61724 0.48073 -6.93045
v 4.61125 0.36663 -7.01318
v 4.60628 0.41021 -7.14726
v 4.60921 0.55125 -7.14739
v 4.61598 0.59483 -7.01339
v 5.28304 0.46688 -6.95959
v 5.27704 0.35278 -7.04233
v 5.27208 0.39636 -7.17640
v 5.27501 0.53740 -7.17653
v 5.28178 0.58099 -7.04254
v 4.61199 0.48073 -7.05033
v 5.27779 0.46688 -7.07948
v 5.33330 0.46688 -5.36047
v 5.33024 0.35276 -5.44334
v 5.32771 0.39635 -5.57749
v 5.32920 0.53741 -5.57752
v 5.33266 0.58100 -5.44340
v 5.99966 0.45982 -5.37534
v 5.99660 0.34570 -5.45821
v 5.99407 0.38929 -5.59235
v 5.99557 0.53035 -5.59239
v 5.99902 0.57394 -5.45827
v 5.33062 0.46688 -5.48044
v 5.99699 0.45982 -5.49531
v 5.29761 0.46688 -6.96008
v 5.29455 0.35276 -7.04295
v 5.29202 0.39635 -7.17709
v 5.29351 0.53741 -7.17712
v 5.29697 0.58100 -7.04300
v 5.96397 0.45982 -6.97494
v 5.96091 0.34570 -7.05782
v 5.95838 0.38929 -7.19196
v 5.95987 0.53035 -7.19199
v 5.96333 0.57394 -7.05787
v 5.29493 0.46688 -7.08005
v 5.96129 0.45982 -7.09492
v 5.42618 0.46688 -5.23251
v 5.33620 0.37688 -5.23051
v 5.24622 0.46688 -5.22850
v 5.33620 0.55688 -5.23051
v 5.37933 0.46688 -7.33199
v 5.28935 0.37688 -7.32998
v 5.19938 0.46688 -7.32798
v 5.28935 0.55688 -7.32998
v 5.33620 0.46688 -5.23051
v 5.28935 0.46688 -7.32998
v 5.97289 0.45982 -5.37514
v 5.97383 0.34569 -5.45805
v 5.97460 0.38929 -5.59221
v 5.97414 0.53035 -5.59221
v 5.97309 0.57395 -5.45805
v 6.63942 0.46197 -5.37061
v 6.64035 0.34784 -5.45352
v 6.64112 0.39144 -5.58769
v 6.64067 0.53250 -5.58769
v 6.63961 0.57610 -5.45353
v 5.97371 0.45982 -5.49513
v 6.64023 0.46197 -5.49061
v 5.98375 0.45982 -6.97510
v 5.98469 0.34569 -7.05801
v 5.98546 0.38929 -7.19217
v 5.98500 0.53035 -7.19218
v 5.98395 0.57395 -7.05802
v 6.65028 0.46197 -6.97057
v 6.65121 0.34784 -7.05349
v 6.65198 0.39144 -7.18765
v 6.65153 0.53250 -7.18765
v 6.65047 0.57610 -7.05349
v 5.98457 0.45982 -7.09510
v 6.65109 0.46197 -7.09057
v 6.60376 0.46197 -5.37154
v 6.61000 0.34787 -5.45426
v 6.61517 0.39145 -5.58833
v 6.61212 0.53249 -5.58847
v 6.60507 0.57607 -5.45449
v 7.26942 0.47639 -5.34119
v 7.27567 0.36229 -5.42391
v 7.28083 0.40587 -5.55798
v 7.27779 0.54690 -5.55812
v 7.27073 0.59049 -5.42414
v 6.60923 0.46197 -5.49142
v 7.27489 0.47639 -5.46107
v 6.67664 0.46197 -6.96988
v 6.68288 0.34787 -7.05260
v 6.68805 0.39145 -7.18667
v 6.68500 0.53249 -7.18681
v 6.67795 0.57607 -7.05283
v 7.34230 0.47639 -6.93953
v 7.34854 0.36229 -7.02225
v 7.35371 0.40587 -7.15632
v 7.35066 0.54690 -7.15646
v 7.34361 0.59049 -7.02248
v 6.68210 0.46197 -7.08976
v 7.34777 0.47639 -7.05941
v 6.68774 0.46197 -5.23758
v 6.59784 0.37197 -5.24168
v 6.50793 0.46197 -5.24578
v 6.59784 0.55197 -5.24168
v 6.78340 0.46197 -7.33540
v 6.69349 0.37197 -7.33950
v 6.60358 0.46197 -7.34360
v 6.69349 0.55197 -7.33950
v 6.59784 0.46197 -5.24168
v 6.69349 0.46197 -7.33950
v 7.22254 0.47639 -5.34453
v 7.23575 0.36238 -5.42656
v 7.24671 0.40593 -5.56029
v 7.24028 0.54685 -5.56091
v 7.22534 0.59039 -5.42757
v 7.88519 0.50691 -5.28028
v 7.89840 0.39290 -5.36231
v 7.90936 0.43645 -5.49604
v 7.90293 0.57737 -5.49666
v 7.88799 0.62091 -5.36332
v 7.23412 0.47639 -5.46397
v 7.89677 0.50691 -5.39972
v 7.37695 0.47639 -6.93706
v 7.39015 0.36238 -7.01909
v 7.40112 0.40593 -7.15282
v 7.39469 0.54685 -7.15345
v 7.37975 0.59039 -7.02010
v 8.03960 0.50691 -6.87281
v 8.05281 0.39290 -6.95484
v 8.06377 0.43645 -7.08857
v 8.05734 0.57737 -7.08920
v 8.04240 0.62091 -6.95585
v 7.38853 0.47639 -7.05650
v 8.05118 0.50691 -6.99225
v 7.82361 0.50691 -5.28836
v 7.84588 0.39312 -5.36872
v 7.86448 0.43658 -5.50163
v 7.85371 0.57723 -5.50342
v 7.82845 0.62069 -5.37161
v 8.47906 0.55848 -5.17977
v 8.50133 0.44470 -5.26013
v 8.51993 0.48816 -5.39304
v 8.50915 0.62881 -5.39483
v 8.48390 0.67227 -5.26302
v 7.84323 0.50691 -5.40675
v 8.49867 0.55848 -5.29816
v 8.08512 0.50691 -6.86684
v 8.10739 0.39312 -6.94720
v 8.12599 0.43658 -7.08012
v 8.11521 0.57723 -7.08190
v 8.08996 0.62069 -6.95009
v 8.74057 0.55848 -6.75826
v 8.76283 0.44470 -6.83862
v 8.78143 0.48816 -6.97153
v 8.77066 0.62881 -6.97331
v 8.74540 0.67227 -6.84150
v 8.10473 0.50691 -6.98523
v 8.76018 0.55848 -6.87664
v 7.89116 0.50691 -5.14540
v 7.80237 0.41691 -5.16011
v 7.71358 0.50691 -5.17482
v 7.80237 0.59691 -5.16011
v 8.23438 0.50691 -7.21716
v 8.14559 0.41691 -7.23187
v 8.05680 0.50691 -7.24658
v 8.14559 0.59691 -7.23187
v 7.80237 0.50691 -5.16011
v 8.14559 0.50691 -7.23187
v 8.40195 0.55848 -5.19597
v 8.43522 0.44512 -5.27305
v 8.46351 0.48842 -5.40430
v 8.44774 0.62855 -5.40832
v 8.40969 0.67185 -5.27957
v 9.04331 0.63540 -5.03231
v 9.07657 0.52203 -5.10939
v 9.10487 0.56533 -5.24064
v 9.08909 0.70546 -5.24466
v 9.05104 0.74876 -5.11591
v 8.43162 0.55848 -5.31224
v 9.07298 0.63540 -5.14858
v 8.79756 0.55848 -6.74629
v 8.83083 0.44512 -6.82337
v 8.85912 0.48842 -6.95462
v 8.84335 0.62855 -6.95864
v 8.80530 0.67185 -6.82989
v 9.43892 0.63540 -6.58263
v 9.47218 0.52203 -6.65971
v 9.50048 0.56533 -6.79096
v 9.48470 0.70546 -6.79498
v 9.44665 0.74876 -6.66623
v 8.82723 0.55848 -6.86256
v 9.46859 0.63540 -6.69890
v 8.98645 0.63540 -5.04878
v 9.02675 0.52232 -5.12287
v 9.06261 0.56551 -5.25229
v 9.04448 0.70528 -5.25818
v 8.99741 0.74848 -5.13240
v 9.61449 0.72547 -4.84469
v 9.65479 0.61239 -4.91878
v 9.69065 0.65558 -5.04820
v 9.67252 0.79535 -5.05409
v 9.62545 0.83855 -4.92832
v 9.02354 0.63540 -5.16290
v 9.65158 0.72547 -4.95882
v 9.48094 0.63540 -6.57045
v 9.52123 0.52232 -6.64454
v 9.55709 0.56551 -6.77396
v 9.53896 0.70528 -6.77985
v 9.49189 0.74848 -6.65408
v 10.10898 0.72547 -6.36636
v 10.14927 0.61239 -6.44046
v 10.18513 0.65558 -6.56987
v 10.16700 0.79535 -6.57576
v 10.11993 0.83855 -6.44999
v 9.51802 0.63540 -6.68458
v 10.14606 0.72547 -6.48049
v 9.03187 0.63540 -4.89733
v 8.94628 0.54540 -4.92514
v 8.86068 0.63540 -4.95296
v 8.94628 0.72540 -4.92514
v 9.68088 0.63540 -6.89452
v 9.59529 0.54540 -6.92234
v 9.50969 0.63540 -6.95015
v 9.59529 0.72540 -6.92234
v 8.94628 0.63540 -4.92514
v 9.59529 0.63540 -6.92234
v 9.56399 0.72547 -4.86275
v 9.61034 0.61267 -4.93366
v 9.65299 0.65575 -5.06104
v 9.63300 0.79518 -5.06885
v 9.57799 0.83826 -4.94630
v 10.17753 0.82687 -4.62301
v 10.22388 0.71408 -4.69392
v 10.26653 0.75716 -4.82129
v 10.24654 0.89659 -4.82911
v 10.19153 0.93967 -4.70656
v 9.60766 0.72547 -4.97452
v 10.22120 0.82687 -4.73478
v 10.14631 0.72547 -6.35302
v 10.19266 0.61267 -6.42393
v 10.23531 0.65575 -6.55131
v 10.21532 0.79518 -6.55912
v 10.16031 0.83826 -6.43657
v 10.75985 0.82687 -6.11328
v 10.80620 0.71408 -6.18419
v 10.84885 0.75716 -6.31156
v 10.82886 0.89659 -6.31938
v 10.77385 0.93967 -6.19683
v 10.18998 0.72547 -6.46479
v 10.80352 0.82687 -6.22505
v 10.12939 0.82687 -4.64341
v 10.18167 0.71443 -4.71067
v 10.23073 0.75738 -4.83577
v 10.20879 0.89637 -4.84581
v 10.14616 0.93932 -4.72693
v 10.72645 0.94092 -4.37007
v 10.77872 0.82847 -4.43733
v 10.82779 0.87142 -4.56242
v 10.80584 1.01041 -4.57247
v 10.74321 1.05336 -4.45359
v 10.17935 0.82687 -4.75252
v 10.77640 0.94092 -4.47917
v 10.79543 0.82687 -6.09819
v 10.84770 0.71443 -6.16546
v 10.89677 0.75738 -6.29055
v 10.87482 0.89637 -6.30060
v 10.81219 0.93932 -6.18172
v 11.39248 0.94092 -5.82485
v 11.44475 0.82847 -5.89211
v 11.49382 0.87142 -6.01721
v 11.47187 1.01041 -6.02725
v 11.40924 1.05336 -5.90837
v 10.84538 0.82687 -6.20730
v 11.44243 0.94092 -5.93396
v 10.15711 0.82687 -4.48774
v 10.07528 0.73687 -4.52521
v 9.99345 0.82687 -4.56267
v 10.07528 0.91687 -4.52521
v 11.03128 0.82687 -6.39715
v 10.94945 0.73687 -6.43461
v 10.86762 0.82687 -6.47208
v 10.94945 0.91687 -6.43461
v 10.07528 0.82687 -4.52521
v 10.94945 0.82687 -6.43461
v 10.67929 0.94092 -4.39331
v 10.73748 0.82892 -4.45633
v 10.79279 0.87170 -4.57885
v 10.76877 1.01013 -4.59155
v 10.69863 1.05291 -4.47688
v 11.25741 1.06925 -4.08754
v 11.31560 0.95726 -4.15056
v 11.37091 1.00004 -4.27309
v 11.34690 1.13847 -4.28579
v 11.27675 1.18124 -4.17111
v 10.73539 0.94092 -4.49939
v 11.31351 1.06925 -4.19362
v 11.42734 0.94092 -5.80767
v 11.48553 0.82892 -5.87069
v 11.54084 0.87170 -5.99322
v 11.51683 1.01013 -6.00592
v 11.44668 1.05291 -5.89124
v 12.00546 1.06925 -5.50190
v 12.06365 0.95726 -5.56493
v 12.11896 1.00004 -5.68745
v 12.09495 1.13847 -5.70015
v 12.02480 1.18124 -5.58547
v 11.48344 0.94092 -5.91375
v 12.06157 1.06925 -5.60798
v 11.21177 1.06925 -4.11337
v 11.27578 0.95783 -4.17157
v 11.33709 1.00039 -4.29128
v 11.31098 1.13812 -4.30706
v 11.23352 1.18068 -4.19710
v 11.76870 1.21340 -3.77687
v 11.83271 1.10197 -3.83507
v 11.89402 1.14454 -3.95478
v 11.86791 1.28226 -3.97056
v 11.79046 1.32483 -3.86060
v 11.27383 1.06925 -4.21608
v 11.83076 1.21340 -3.87958
v 12.03919 1.06925 -5.48281
v 12.10320 0.95783 -5.54102
v 12.16451 1.00039 -5.66072
v 12.13840 1.13812 -5.67650
v 12.06095 1.18068 -5.56655
v 12.59613 1.21340 -5.14631
v 12.66013 1.10197 -5.20451
v 12.72145 1.14454 -5.32422
v 12.69533 1.28226 -5.34000
v 12.61788 1.32483 -5.23004
v 12.10125 1.06925 -5.58552
v 12.65818 1.21340 -5.24902
v 11.22157 1.06925 -3.95556
v 11.14454 0.97925 -4.00210
v 11.06751 1.06925 -4.04865
v 11.14454 1.15925 -4.00210
v 12.30757 1.06925 -5.75295
v 12.23054 0.97925 -5.79950
v 12.15350 1.06925 -5.84604
v 12.23054 1.15925 -5.79950
v 11.14454 1.06925 -4.00210
v 12.23054 1.06925 -5.79950
v 11.72424 1.21340 -3.80551
v 11.79395 1.10268 -3.85825
v 11.86110 1.14497 -3.97488
v 11.83289 1.28183 -3.99422
v 11.74831 1.32412 -3.88954
v 12.25752 1.37498 -3.43989
v 12.32723 1.26426 -3.49263
v 12.39438 1.30655 -3.60926
v 12.36617 1.44341 -3.62860
v 12.28159 1.48570 -3.52392
v 11.79210 1.21340 -3.90448
v 12.32538 1.37498 -3.53886
v 12.62899 1.21340 -5.12514
v 12.69870 1.10268 -5.17788
v 12.76585 1.14497 -5.29451
v 12.73764 1.28183 -5.31385
v 12.65306 1.32412 -5.20918
v 13.16227 1.37498 -4.75952
v 13.23198 1.26426 -4.81226
v 13.29913 1.30655 -4.92889
v 13.27092 1.44341 -4.94823
v 13.18634 1.48570 -4.84355
v 12.69685 1.21340 -5.22411
v 13.23013 1.37498 -4.85849
v 12.21429 1.37498 -3.47141
v 12.28952 1.26513 -3.51802
v 12.36235 1.30709 -3.63131
v 12.33214 1.44288 -3.65472
v 12.24063 1.48484 -3.55590
v 12.72143 1.55556 -3.07850
v 12.79666 1.44570 -3.12511
v 12.86949 1.48767 -3.23840
v 12.83927 1.62346 -3.26181
v 12.74777 1.66542 -3.16299
v 12.28779 1.37498 -3.56627
v 12.79492 1.55556 -3.17336
v 13.19423 1.37498 -4.73622
v 13.26945 1.26513 -4.78283
v 13.34229 1.30709 -4.89612
v 13.31207 1.44288 -4.91953
v 13.22056 1.48484 -4.82070
v 13.70136 1.55556 -4.34331
v 13.77659 1.44570 -4.38991
v 13.84942 1.48767 -4.50320
v 13.81921 1.62346 -4.52661
v 13.72770 1.66542 -4.42779
v 13.26772 1.37498 -4.83108
v 13.77485 1.55556 -4.43817
v 12.20582 1.37498 -3.31353
v 12.13467 1.28498 -3.36865
v 12.06353 1.37498 -3.42377
v 12.13467 1.46498 -3.36865
v 13.49198 1.37498 -4.97358
v 13.42083 1.28498 -5.02870
v 13.34969 1.37498 -5.08383
v 13.42083 1.46498 -5.02870
v 12.13467 1.37498 -3.36865
v 13.42083 1.37498 -5.02870
v 12.67914 1.55556 -3.11333
v 12.75967 1.44676 -3.15305
v 12.83810 1.48832 -3.26269
v 12.80604 1.62280 -3.29074
v 12.70780 1.66436 -3.19842
v 13.15733 1.75679 -2.69500
v 13.23786 1.64798 -2.73472
v 13.31629 1.68954 -2.84436
v 13.28423 1.82403 -2.87241
v 13.18599 1.86559 -2.78010
v 12.75815 1.55556 -3.20365
v 13.23634 1.75679 -2.78532
v 13.73262 1.55556 -4.31756
v 13.81315 1.44676 -4.35728
v 13.89158 1.48832 -4.46693
v 13.85952 1.62280 -4.49497
v 13.76128 1.66436 -4.40266
v 14.21081 1.75679 -3.89924
v 14.29134 1.64798 -3.93896
v 14.36977 1.68954 -4.04860
v 14.33771 1.82403 -4.07665
v 14.23947 1.86559 -3.98433
v 13.81163 1.55556 -4.40788
v 14.28982 1.75679 -3.98955
v 13.11653 1.75679 -2.73294
v 13.20198 1.64925 -2.76507
v 13.28589 1.69032 -2.87078
v 13.25228 1.82325 -2.90397
v 13.14761 1.86432 -2.81878
v 13.56328 1.97993 -2.29161
v 13.64874 1.87239 -2.32374
v 13.73264 1.91346 -2.42944
v 13.69904 2.04639 -2.46264
v 13.59437 2.08747 -2.37745
v 13.20086 1.75679 -2.81831
v 13.64761 1.97993 -2.37698
v 14.24097 1.75679 -3.87119
v 14.32643 1.64925 -3.90333
v 14.41033 1.69032 -4.00903
v 14.37673 1.82325 -4.04223
v 14.27206 1.86432 -3.95704
v 14.68772 1.97993 -3.42986
v 14.77318 1.87239 -3.46200
v 14.85708 1.91346 -3.56770
v 14.82348 2.04639 -3.60089
v 14.71881 2.08747 -3.51571
v 14.32530 1.75679 -3.95656
v 14.77206 1.97993 -3.51523
v 13.08919 1.75679 -2.57721
v 13.02516 1.66679 -2.64046
v 12.96114 1.75679 -2.70371
v 13.02516 1.84679 -2.64046
v 14.56502 1.75679 -4.07117
v 14.50100 1.66679 -4.13442
v 14.43697 1.75679 -4.19767
v 14.50100 1.84679 -4.13442
v 13.02516 1.75679 -2.64046
v 14.50100 1.75679 -4.13442
v 13.52306 1.97993 -2.33395
v 13.61307 1.87391 -2.35758
v 13.70248 1.91441 -2.45890
v 13.66773 2.04545 -2.49789
v 13.55684 2.08594 -2.42066
v 13.93498 2.22666 -1.87181
v 14.02499 2.12065 -1.89544
v 14.11441 2.16114 -1.99676
v 14.07966 2.29218 -2.03575
v 13.96876 2.33268 -1.95852
v 13.61264 1.97993 -2.41379
v 14.02456 2.22666 -1.95165
v 14.71745 1.97993 -3.39857
v 14.80747 1.87391 -3.42220
v 14.89688 1.91441 -3.52352
v 14.86213 2.04545 -3.56251
v 14.75124 2.08594 -3.48528
v 15.12938 2.22666 -2.93643
v 15.21939 2.12065 -2.96006
v 15.30881 2.16114 -3.06138
v 15.27405 2.29218 -3.10037
v 15.16316 2.33268 -3.02314
v 14.80703 1.97993 -3.47841
v 15.21896 2.22666 -3.01627
v 13.68728 -0.01200 -2.64991
v 13.52611 0.00903 -2.53364
v 13.58767 0.01758 -2.34370
v 13.78690 0.00184 -2.34259
v 13.84846 -0.01645 -2.53183
v 13.83658 1.87075 -2.74309
v 13.71333 1.88683 -2.65417
v 13.76041 1.89337 -2.50893
v 13.91276 1.88133 -2.50807
v 13.95984 1.86735 -2.65279
v 13.68728 0.00000 -2.48033
v 13.83658 1.87993 -2.61341
v 14.73238 0.01200 -3.58145
v 14.57121 -0.00903 -3.46518
v 14.63277 -0.01758 -3.27524
v 14.83199 -0.00184 -3.27413
v 14.89356 0.01645 -3.46338
v 14.58308 1.88911 -3.40847
v 14.45983 1.87302 -3.31956
v 14.50691 1.86648 -3.17431
v 14.65926 1.87852 -3.17346
v 14.70633 1.89250 -3.31818
v 14.73238 0.00000 -3.41188
v 14.58308 1.87993 -3.27880
v 13.50983 0.00000 -3.64610
v 14.90983 0.00000 -3.64610
v 14.90983 0.24000 -3.64610
v 13.50983 0.24000 -3.64610
v 13.50983 0.00000 -2.24610
v 14.90983 0.00000 -2.24610
v 14.90983 0.24000 -2.24610
v 13.50983 0.24000 -2.24610
v 13.89701 2.22666 -1.91728
v 13.99090 2.12239 -1.93181
v 14.08568 2.16222 -2.02841
v 14.05036 2.29111 -2.07358
v 13.93375 2.33094 -2.00490
v 14.27207 2.49753 -1.43760
v 14.36596 2.39325 -1.45213
v 14.46074 2.43308 -1.54873
v 14.42542 2.56197 -1.59390
v 14.30882 2.60180 -1.52522
v 13.99154 2.22666 -1.99120
v 14.36660 2.49753 -1.51152
v 15.15745 2.22666 -2.90282
v 15.25134 2.12239 -2.91735
v 15.34612 2.16222 -3.01395
v 15.31080 2.29111 -3.05912
v 15.19420 2.33094 -2.99043
v 15.53251 2.49753 -2.42314
v 15.62640 2.39325 -2.43767
v 15.72118 2.43308 -2.53427
v 15.68586 2.56197 -2.57944
v 15.56926 2.60180 -2.51075
v 15.25198 2.22666 -2.97673
v 15.62704 2.49753 -2.49705
v 13.85003 2.22666 -1.76630
v 13.79459 2.13666 -1.83720
v 13.73916 2.22666 -1.90810
v 13.79459 2.31666 -1.83720
v 15.50436 2.22666 -3.05982
v 15.44892 2.13666 -3.13072
v 15.39349 2.22666 -3.20162
v 15.44892 2.31666 -3.13072
v 13.79459 2.22666 -1.83720
v 15.44892 2.22666 -3.13072
v 14.23684 2.49753 -1.48579
v 14.33365 2.39505 -1.49103
v 14.43366 2.43419 -1.58249
v 14.39867 2.56086 -1.63378
v 14.27703 2.60001 -1.57401
v 14.57413 2.79085 -0.99142
v 14.67093 2.68837 -0.99666
v 14.77095 2.72751 -1.08812
v 14.73596 2.85418 -1.13941
v 14.61432 2.89333 -1.07964
v 14.33597 2.49753 -1.55342
v 14.67326 2.79085 -1.05905
v 15.55854 2.49753 -2.38752
v 15.65535 2.39505 -2.39276
v 15.75536 2.43419 -2.48422
v 15.72037 2.56086 -2.53550
v 15.59873 2.60001 -2.47574
v 15.89583 2.79085 -1.89315
v 15.99263 2.68837 -1.89839
v 16.09264 2.72751 -1.98985
v 16.05765 2.85418 -2.04114
v 15.93601 2.89333 -1.98137
v 15.65767 2.49753 -2.45515
v 15.99495 2.79085 -1.96078
v 14.54719 2.79085 -1.03329
v 14.64551 2.68971 -1.03103
v 14.74980 2.72834 -1.11781
v 14.71594 2.85335 -1.17371
v 14.59072 2.89199 -1.12148
v 14.85319 3.09963 -0.52808
v 14.95151 2.99849 -0.52581
v 15.05580 3.03713 -0.61259
v 15.02194 3.16214 -0.66849
v 14.89672 3.20077 -0.61626
v 14.64983 2.79085 -1.09546
v 14.95583 3.09963 -0.59025
v 15.91574 2.79085 -1.86220
v 16.01405 2.68971 -1.85993
v 16.11834 2.72834 -1.94671
v 16.08448 2.85335 -2.00262
v 15.95927 2.89199 -1.95038
v 16.22174 3.09963 -1.35699
v 16.32005 2.99849 -1.35472
v 16.42435 3.03713 -1.44150
v 16.39049 3.16214 -1.49740
v 16.26527 3.20077 -1.44517
v 16.01838 2.79085 -1.92437
v 16.32438 3.09963 -1.41915
v 14.48262 2.79085 -0.88896
v 14.43600 2.70085 -0.96595
v 14.38937 2.79085 -1.04293
v 14.43600 2.88085 -0.96595
v 16.27884 2.79085 -1.97691
v 16.23221 2.70085 -2.05389
v 16.18559 2.79085 -2.13087
v 16.23221 2.88085 -2.05389
v 14.43600 2.79085 -0.96595
v 16.23221 2.79085 -2.05389
v 14.83079 3.09963 -0.56720
v 14.92985 2.99959 -0.55832
v 15.03790 3.03781 -0.64057
v 15.00561 3.16146 -0.70030
v 14.87761 3.19967 -0.65496
v 15.10862 3.42042 -0.05325
v 15.20768 3.32038 -0.04436
v 15.31573 3.35860 -0.12661
v 15.28344 3.48225 -0.18634
v 15.15544 3.52046 -0.14100
v 14.93635 3.09963 -0.62427
v 15.21418 3.42042 -0.11031
v 16.23830 3.09963 -1.32807
v 16.33736 2.99959 -1.31918
v 16.44541 3.03781 -1.40144
v 16.41312 3.16146 -1.46116
v 16.28512 3.19967 -1.41582
v 16.51613 3.42042 -0.81411
v 16.61519 3.32038 -0.80522
v 16.72324 3.35860 -0.88748
v 16.69095 3.48225 -0.94720
v 16.56295 3.52046 -0.90186
v 16.34386 3.09963 -1.38513
v 16.62169 3.42042 -0.87117
v 15.44011 3.13963 -1.08470
v 15.84011 3.13963 -1.08470
v 15.84011 3.25963 -1.08470
v 15.44011 3.25963 -1.08470
v 15.44011 3.13963 -0.92470
v 15.84011 3.13963 -0.92470
v 15.84011 3.25963 -0.92470
v 15.44011 3.25963 -0.92470
v 15.08917 3.42042 -0.09132
v 15.18843 3.32132 -0.07634
v 15.29991 3.35917 -0.15406
v 15.26954 3.48168 -0.21707
v 15.13929 3.51953 -0.17830
v 15.34046 3.75094 0.43010
v 15.43973 3.65183 0.44508
v 15.55120 3.68969 0.36736
v 15.52083 3.81219 0.30434
v 15.39059 3.85004 0.34312
v 15.19727 3.42042 -0.14342
v 15.44856 3.75094 0.37800
v 16.53051 3.42042 -0.78597
v 16.62977 3.32132 -0.77099
v 16.74125 3.35917 -0.84871
v 16.71088 3.48168 -0.91173
v 16.58063 3.51953 -0.87295
v 16.78180 3.75094 -0.26456
v 16.88107 3.65183 -0.24958
v 16.99254 3.68969 -0.32730
v 16.96217 3.81219 -0.39031
v 16.83193 3.85004 -0.35154
v 16.63861 3.42042 -0.83807
v 16.88990 3.75094 -0.31666
v 15.01113 3.42042 0.04620
v 14.97206 3.33042 -0.03488
v 14.93298 3.42042 -0.11595
v 14.97206 3.51042 -0.03488
v 16.90289 3.42042 -0.86553
v 16.86382 3.33042 -0.94661
v 16.82474 3.42042 -1.02768
v 16.86382 3.51042 -0.94661
v 14.97206 3.42042 -0.03488
v 16.86382 3.42042 -0.94661
v 15.28735 -0.00444 -0.35677
v 15.12591 0.00738 -0.23958
v 15.18757 0.00901 -0.04949
v 15.38713 -0.00181 -0.04921
v 15.44879 -0.01013 -0.23912
v 15.46752 3.31703 -0.40362
v 15.34406 3.32607 -0.31400
v 15.39122 3.32731 -0.16864
v 15.54382 3.31904 -0.16842
v 15.59098 3.31268 -0.31365
v 15.28735 0.00000 -0.18683
v 15.46752 3.32042 -0.27366
v 16.54852 0.00444 -0.96459
v 16.38708 -0.00738 -0.84740
v 16.44875 -0.00901 -0.65731
v 16.64830 0.00181 -0.65703
v 16.70997 0.01013 -0.84694
v 16.36836 3.32382 -0.83778
v 16.24490 3.31478 -0.74816
v 16.29206 3.31354 -0.60279
v 16.44466 3.32181 -0.60258
v 16.49181 3.32817 -0.74780
v 16.54852 0.00000 -0.79465
v 16.36836 3.32042 -0.70782
v 15.36278 1.71021 -0.14548
v 15.36829 1.65266 -0.22584
v 15.30200 1.71021 -0.27160
v 15.29650 1.76777 -0.19124
v 16.53387 2.61021 -0.70989
v 16.53938 2.55266 -0.79024
v 16.47309 2.61021 -0.83600
v 16.46759 2.66777 -0.75565
v 15.33239 1.71021 -0.20854
v 16.50348 2.61021 -0.77295
v 15.21794 0.00000 -1.19074
v 16.61794 0.00000 -1.19074
v 16.61794 0.24000 -1.19074
v 15.21794 0.24000 -1.19074
v 15.21794 0.00000 0.20926
v 16.61794 0.00000 0.20926
v 16.61794 0.24000 0.20926
v 15.21794 0.24000 0.20926
v 15.32306 3.75094 0.39176
v 15.42208 3.65264 0.41255
v 15.53678 3.69019 0.33952
v 15.50865 3.81169 0.27360
v 15.37656 3.84924 0.30589
v 15.54838 4.08958 0.91979
v 15.64740 3.99128 0.94058
v 15.76211 4.02882 0.86755
v 15.73398 4.15033 0.80163
v 15.60189 4.18788 0.83391
v 15.43343 3.75094 0.34466
v 15.65875 4.08958 0.87269
v 16.79467 3.75094 -0.23622
v 16.89369 3.65264 -0.21544
v 17.00839 3.69019 -0.28846
v 16.98026 3.81169 -0.35438
v 16.84817 3.84924 -0.32210
v 17.01999 4.08958 0.29181
v 17.11902 3.99128 0.31259
v 17.23372 4.02882 0.23956
v 17.20559 4.15033 0.17364
v 17.07350 4.18788 0.20593
v 16.90504 3.75094 -0.28332
v 17.13036 4.08958 0.24471
v 15.53248 4.08958 0.87997
v 15.63084 3.99199 0.90646
v 15.74866 4.02926 0.83843
v 15.72312 4.14989 0.76989
v 15.58951 4.18716 0.79557
v 15.73150 4.43516 1.41403
v 15.82986 4.33757 1.44052
v 15.94769 4.37484 1.37249
v 15.92215 4.49547 1.30396
v 15.78854 4.53274 1.32963
v 15.64492 4.08958 0.83806
v 15.84395 4.43516 1.37213
v 17.03175 4.08958 0.32124
v 17.13011 3.99199 0.34773
v 17.24794 4.02926 0.27970
v 17.22240 4.14989 0.21116
v 17.08878 4.18716 0.23684
v 17.23078 4.43516 0.85530
v 17.32914 4.33757 0.88179
v 17.44696 4.37484 0.81376
v 17.42142 4.49547 0.74523
v 17.28781 4.53274 0.77090
v 17.14420 4.08958 0.27933
v 17.34322 4.43516 0.81339
v 15.44209 4.08958 1.00970
v 15.41066 3.99958 0.92537
v 15.37923 4.08958 0.84103
v 15.41066 4.17958 0.92537
v 17.40989 4.08958 0.27637
v 17.37846 3.99958 0.19203
v 17.34703 4.08958 0.10770
v 17.37846 4.17958 0.19203
v 15.41066 4.08958 0.92537
v 17.37846 4.08958 0.19203
v 16.19456 4.12958 0.47870
v 16.59456 4.12958 0.47870
v 16.59456 4.24958 0.47870
v 16.19456 4.24958 0.47870
v 16.19456 4.12958 0.63870
v 16.59456 4.12958 0.63870
v 16.59456 4.24958 0.63870
v 16.19456 4.24958 0.63870
v 15.71682 4.43516 1.37147
v 15.81408 4.33820 1.40372
v 15.93497 4.37523 1.34116
v 15.91243 4.49508 1.27025
v 15.77760 4.53211 1.28898
v 15.88836 4.78674 1.91111
v 15.98562 4.68978 1.94336
v 16.10651 4.72682 1.88080
v 16.08397 4.84666 1.80989
v 15.94914 4.88370 1.82862
v 15.83118 4.43516 1.33511
v 16.00272 4.78674 1.87476
v 17.24163 4.43516 0.88676
v 17.33889 4.33820 0.91901
v 17.45978 4.37523 0.85645
v 17.43724 4.49508 0.78554
v 17.30242 4.53211 0.80427
v 17.41317 4.78674 1.42640
v 17.51043 4.68978 1.45865
v 17.63133 4.72682 1.39610
v 17.60878 4.84666 1.32518
v 17.47396 4.88370 1.34391
v 17.35599 4.43516 0.85041
v 17.52753 4.78674 1.39005
v 15.87486 4.78674 1.86439
v 15.97050 4.69034 1.90260
v 16.09444 4.72716 1.84619
v 16.07540 4.84632 1.77312
v 15.93969 4.88314 1.78437
v 16.01682 5.14350 2.40919
v 16.11247 5.04709 2.44740
v 16.23641 5.08392 2.39099
v 16.21737 5.20308 2.31792
v 16.08166 5.23990 2.32917
v 15.99098 4.78674 1.83413
v 16.13295 5.14350 2.37893
v 17.42315 4.78674 1.46093
v 17.51880 4.69034 1.49914
v 17.64274 4.72716 1.44273
v 17.62370 4.84632 1.36966
v 17.48799 4.88314 1.38091
v 17.56512 5.14350 2.00573
v 17.66076 5.04709 2.04394
v 17.78471 5.08392 1.98753
v 17.76567 5.20308 1.91446
v 17.62995 5.23990 1.92571
v 17.53928 4.78674 1.43067
v 17.68124 5.14350 1.97547
v 15.77175 4.78674 1.98426
v 15.74906 4.69674 1.89717
v 15.72636 4.78674 1.81008
v 15.74906 4.87674 1.89717
v 17.80389 4.78674 1.45472
v 17.78120 4.69674 1.36763
v 17.75850 4.78674 1.28054
v 17.78120 4.87674 1.36763
v 15.74906 4.78674 1.89717
v 17.78120 4.78674 1.36763
v 16.00476 5.14350 2.35663
v 16.09814 5.04757 2.40110
v 16.22512 5.08421 2.35177
v 16.21022 5.20278 2.27681
v 16.07403 5.23942 2.27981
v 16.11401 5.50458 2.90608
v 16.20740 5.40866 2.95055
v 16.33438 5.44530 2.90123
v 16.31947 5.56387 2.82627
v 16.18328 5.60051 2.82927
v 16.12245 5.14350 2.33322
v 16.23171 5.50458 2.88268
v 17.57404 5.14350 2.04459
v 17.66742 5.04757 2.08906
v 17.79440 5.08421 2.03973
v 17.77950 5.20278 1.96477
v 17.64330 5.23942 1.96778
v 17.68329 5.50458 2.59405
v 17.77667 5.40866 2.63852
v 17.90366 5.44530 2.58919
v 17.88875 5.56387 2.51423
v 17.75256 5.60051 2.51723
v 17.69173 5.14350 2.02119
v 17.80099 5.50458 2.57064
v 16.70709 5.18350 2.09720
v 17.10709 5.18350 2.09720
v 17.10709 5.30350 2.09720
v 16.70709 5.30350 2.09720
v 16.70709 5.18350 2.25720
v 17.10709 5.18350 2.25720
v 17.10709 5.30350 2.25720
v 16.70709 5.30350 2.25720
v 16.22053 -0.00131 2.14373
v 16.05898 0.00588 2.26114
v 16.12069 0.00495 2.45122
v 16.32038 -0.00282 2.45128
v 16.38209 -0.00669 2.26124
v 16.41669 5.04249 2.14472
v 16.29315 5.04799 2.23451
v 16.34034 5.04728 2.37986
v 16.49305 5.04134 2.37991
v 16.54024 5.03838 2.23458
v 16.22053 0.00000 2.31372
v 16.41669 5.04350 2.27472
v 17.59365 0.00131 1.87069
v 17.43209 -0.00588 1.98811
v 17.49380 -0.00495 2.17819
v 17.69350 0.00282 2.17825
v 17.75521 0.00669 1.98821
v 17.39749 5.04450 1.94970
v 17.27395 5.03900 2.03948
v 17.32114 5.03971 2.18484
v 17.47385 5.04565 2.18489
v 17.52104 5.04861 2.03956
v 17.59365 0.00000 2.04069
v 17.39749 5.04350 2.07969
v 16.28323 2.57175 2.37263
v 16.30865 2.51419 2.29620
v 16.25592 2.57175 2.23531
v 16.23049 2.62930 2.31174
v 17.55826 3.47175 2.11910
v 17.58369 3.41419 2.04267
v 17.53096 3.47175 1.98178
v 17.50553 3.52930 2.05821
v 16.26957 2.57175 2.30397
v 17.54461 3.47175 2.05044
v 16.20709 0.00000 1.47720
v 17.60709 0.00000 1.47720
v 17.60709 0.24000 1.47720
v 16.20709 0.24000 1.47720
v 16.20709 0.00000 2.87720
v 17.60709 0.00000 2.87720
v 17.60709 0.24000 2.87720
v 16.20709 0.24000 2.87720
v 16.10406 5.50458 2.84557
v 16.19435 5.40903 2.89673
v 16.32431 5.44553 2.85576
v 16.31434 5.56364 2.77927
v 16.17822 5.60014 2.77298
v 16.17619 5.86900 3.39892
v 16.26648 5.77344 3.45008
v 16.39644 5.80994 3.40911
v 16.38647 5.92805 3.33262
v 16.25035 5.96455 3.32633
v 16.22306 5.50458 2.83006
v 16.29518 5.86900 3.38341
v 17.69064 5.50458 2.63877
v 17.78093 5.40903 2.68993
v 17.91089 5.44553 2.64896
v 17.90092 5.56364 2.57247
v 17.76480 5.60014 2.56618
v 17.76277 5.86900 3.19212
v 17.85306 5.77344 3.24328
v 17.98302 5.80994 3.20231
v 17.97305 5.92805 3.12582
v 17.83693 5.96455 3.11953
v 17.80964 5.50458 2.62326
v 17.88176 5.86900 3.17661
v 15.98679 5.50458 2.95162
v 15.97515 5.41458 2.86237
v 15.96352 5.50458 2.77313
v 15.97515 5.59458 2.86237
v 18.06917 5.50458 2.68019
v 18.05754 5.41458 2.59095
v 18.04591 5.50458 2.50170
v 18.05754 5.59458 2.59095
v 15.97515 5.50458 2.86237
v 18.05754 5.50458 2.59095
v 16.16972 5.86900 3.32789
v 16.25579 5.77366 3.38623
v 16.38853 5.81007 3.35531
v 16.38449 5.92792 3.27787
v 16.24926 5.96433 3.26093
v 16.19869 6.23533 3.88386
v 16.28476 6.13999 3.94219
v 16.41750 6.17641 3.91128
v 16.41346 6.29425 3.83384
v 16.27823 6.33067 3.81689
v 16.28956 5.86900 3.32165
v 16.31853 6.23533 3.87761
v 17.76755 5.86900 3.24462
v 17.85362 5.77366 3.30296
v 17.98636 5.81007 3.27205
v 17.98232 5.92792 3.19461
v 17.84709 5.96433 3.17766
v 17.79653 6.23533 3.80059
v 17.88260 6.13999 3.85892
v 18.01533 6.17641 3.82801
v 18.01130 6.29425 3.75057
v 17.87607 6.33067 3.73362
v 17.88739 5.86900 3.23838
v 17.91636 6.23533 3.79434
v 16.19818 6.23533 3.79930
v 16.27853 6.13998 3.86526
v 16.41354 6.17640 3.84668
v 16.41663 6.29427 3.76923
v 16.28353 6.33069 3.73995
v 16.17598 6.60147 4.35562
v 16.25633 6.50611 4.42158
v 16.39134 6.54253 4.40300
v 16.39444 6.66040 4.32555
v 16.26133 6.69682 4.29627
v 16.31808 6.23533 3.80408
v 16.29589 6.60147 4.36040
v 17.79691 6.23533 3.86309
v 17.87726 6.13998 3.92905
v 18.01227 6.17640 3.91047
v 18.01536 6.29427 3.83302
v 17.88226 6.33069 3.80374
v 17.77471 6.60147 4.41941
v 17.85506 6.50611 4.48537
v 17.99007 6.54253 4.46679
v 17.99316 6.66040 4.38934
v 17.86006 6.69682 4.36006
v 17.91681 6.23533 3.86787
v 17.89461 6.60147 4.42420
v 16.06469 6.23533 3.88404
v 16.06828 6.14533 3.79412
v 16.07187 6.23533 3.70419
v 16.06828 6.32533 3.79412
v 18.16302 6.23533 3.96777
v 18.16661 6.14533 3.87784
v 18.17020 6.23533 3.78791
v 18.16661 6.32533 3.87784
v 16.06828 6.23533 3.79412
v 18.16661 6.23533 3.87784
v 16.91745 6.27533 3.75598
v 17.31745 6.27533 3.75598
v 17.31745 6.39533 3.75598
v 16.91745 6.39533 3.75598
v 16.91745 6.27533 3.91598
v 17.31745 6.27533 3.91598
v 17.31745 6.39533 3.91598
v 16.91745 6.39533 3.91598
v 16.18562 6.60147 4.25452
v 16.25831 6.50571 4.32834
v 16.39451 6.54229 4.32498
v 16.40601 6.66065 4.24909
v 16.27691 6.69722 4.20554
v 16.10191 6.96399 4.80721
v 16.17460 6.86824 4.88102
v 16.31080 6.90482 4.87766
v 16.32229 7.02317 4.80177
v 16.19320 7.05975 4.75823
v 16.30427 6.60147 4.27250
v 16.22056 6.96399 4.82518
v 17.76758 6.60147 4.49413
v 17.84026 6.50571 4.56795
v 17.97647 6.54229 4.56459
v 17.98796 6.66065 4.48870
v 17.85886 6.69722 4.44515
v 17.68387 6.96399 5.04682
v 17.75655 6.86824 5.12063
v 17.89276 6.90482 5.11727
v 17.90425 7.02317 5.04138
v 17.77515 7.05975 4.99783
v 17.88623 6.60147 4.51210
v 17.80252 6.96399 5.06479
v 16.12499 6.96399 4.69916
v 16.18803 6.86889 4.78212
v 16.32376 6.90522 4.79474
v 16.34460 7.02277 4.71959
v 16.22175 7.05909 4.66052
v 15.97664 7.33236 5.23418
v 16.03968 7.23726 5.31714
v 16.17541 7.27359 5.32976
v 16.19625 7.39113 5.25460
v 16.07340 7.42746 5.19553
v 16.24062 6.96399 4.73123
v 16.09228 7.33236 5.26624
v 17.66681 6.96399 5.12668
v 17.72986 6.86889 5.20963
v 17.86558 6.90522 5.22226
v 17.88642 7.02277 5.14710
v 17.76358 7.05909 5.08803
v 17.51847 7.33236 5.66169
v 17.58151 7.23726 5.74465
v 17.71724 7.27359 5.75727
v 17.73808 7.39113 5.68212
v 17.61523 7.42746 5.62304
v 17.78245 6.96399 5.15874
v 17.63410 7.33236 5.69375
v 15.97567 6.96399 4.75115
v 15.99971 6.87399 4.66443
v 16.02376 6.96399 4.57770
v 15.99971 7.05399 4.66443
v 17.99931 6.96399 5.31227
v 18.02336 6.87399 5.22554
v 18.04741 6.96399 5.13881
v 18.02336 7.05399 5.22554
v 15.99971 6.96399 4.66443
v 18.02336 6.96399 5.22554
v 16.33699 0.00132 4.58795
v 16.17537 0.00495 4.70545
v 16.23710 0.00173 4.89550
v 16.43687 -0.00388 4.89545
v 16.49860 -0.00413 4.70538
v 16.52972 6.86501 4.68139
v 16.40613 6.86778 4.77124
v 16.45333 6.86532 4.91657
v 16.60610 6.86103 4.91654
v 16.65331 6.86084 4.77119
v 16.33699 0.00000 4.75795
v 16.52972 6.86399 4.81138
v 17.68609 -0.00132 4.96202
v 17.52447 -0.00495 5.07952
v 17.58620 -0.00173 5.26957
v 17.78597 0.00388 5.26953
v 17.84770 0.00413 5.07945
v 17.49336 6.86298 4.94858
v 17.36977 6.86021 5.03844
v 17.41698 6.86267 5.18377
v 17.56974 6.86696 5.18373
v 17.61695 6.86715 5.03838
v 17.68609 0.00000 5.13202
v 17.49336 6.86399 5.07858
v 16.36647 3.48200 4.83876
v 16.42357 3.42444 4.78195
v 16.40387 3.48200 4.70385
v 16.34677 3.53955 4.76066
v 17.61920 4.38200 5.18611
v 17.67630 4.32444 5.12931
v 17.65661 4.38200 5.05120
v 17.59951 4.43955 5.10801
v 16.38517 3.48200 4.77130
v 17.63791 4.38200 5.11866
v 16.31154 0.00000 4.24498
v 17.71154 0.00000 4.24498
v 17.71154 0.24000 4.24498
v 16.31154 0.24000 4.24498
v 16.31154 0.00000 5.64498
v 17.71154 0.00000 5.64498
v 17.71154 0.24000 5.64498
v 16.31154 0.24000 5.64498
v 16.00595 7.33236 5.14601
v 16.05932 7.23912 5.23744
v 16.19346 7.27474 5.26272
v 16.22299 7.38998 5.18692
v 16.10711 7.42560 5.11479
v 15.80830 7.71667 5.65333
v 15.86167 7.62343 5.74475
v 15.99581 7.65905 5.77004
v 16.02534 7.77430 5.69424
v 15.90945 7.80991 5.62211
v 16.11777 7.33236 5.18958
v 15.92011 7.71667 5.69689
v 17.49680 7.33236 5.72686
v 17.55017 7.23912 5.81828
v 17.68431 7.27474 5.84356
v 17.71384 7.38998 5.76776
v 17.59795 7.42560 5.69564
v 17.29914 7.71667 6.23417
v 17.35251 7.62343 6.32560
v 17.48665 7.65905 6.35088
v 17.51618 7.77430 6.27508
v 17.40030 7.80991 6.20295
v 17.60861 7.33236 5.77042
v 17.41096 7.71667 6.27774
v 16.66319 7.37236 5.40000
v 17.06319 7.37236 5.40000
v 17.06319 7.49236 5.40000
v 16.66319 7.49236 5.40000
v 16.66319 7.37236 5.56000
v 17.06319 7.37236 5.56000
v 17.06319 7.49236 5.56000
v 16.66319 7.49236 5.56000
v 15.83891 7.71667 5.58347
v 15.88406 7.62419 5.67995
v 16.01582 7.65951 5.71589
v 16.05210 7.77383 5.64162
v 15.94277 7.80915 5.55978
v 15.60183 8.10721 6.06874
v 15.64698 8.01472 6.16522
v 15.77874 8.05005 6.20117
v 15.81502 8.16436 6.12690
v 15.70569 8.19969 6.04505
v 15.94673 7.71667 5.63614
v 15.70965 8.10721 6.12142
v 17.27652 7.71667 6.28581
v 17.32167 7.62419 6.38229
v 17.45343 7.65951 6.41824
v 17.48971 7.77383 6.34397
v 17.38038 7.80915 6.26212
v 17.03944 8.10721 6.77108
v 17.08459 8.01472 6.86757
v 17.21635 8.05005 6.90351
v 17.25263 8.16436 6.82924
v 17.14330 8.19969 6.74739
v 17.38434 7.71667 6.33849
v 17.14726 8.10721 6.82376
v 15.68260 7.71667 5.60727
v 15.72211 7.62667 5.52640
v 15.76161 7.71667 5.44554
v 15.72211 7.80667 5.52640
v 17.56946 7.71667 6.52909
v 17.60897 7.62667 6.44823
v 17.64847 7.71667 6.36736
v 17.60897 7.80667 6.44823
v 15.72211 7.71667 5.52640
v 17.60897 7.71667 6.44823
v 15.63243 8.10721 6.01135
v 15.67071 8.01463 6.11068
v 15.79958 8.04999 6.15588
v 15.84094 8.16442 6.08449
v 15.73764 8.19978 5.99517
v 15.36139 8.49702 6.47913
v 15.39967 8.40445 6.57845
v 15.52854 8.43981 6.62365
v 15.56990 8.55424 6.55227
v 15.46660 8.58960 6.46294
v 15.73626 8.10721 6.07151
v 15.46522 8.49702 6.53929
v 17.01683 8.10721 6.81350
v 17.05511 8.01463 6.91282
v 17.18397 8.04999 6.95803
v 17.22534 8.16442 6.88664
v 17.12203 8.19978 6.79732
v 16.74579 8.49702 7.28128
v 16.78407 8.40445 7.38060
v 16.91293 8.43981 7.42580
v 16.95430 8.55424 7.35441
v 16.85099 8.58960 7.26509
v 17.12066 8.10721 6.87366
v 16.84962 8.49702 7.34144
v 15.39093 8.49702 6.43154
v 15.42367 8.40371 6.53214
v 15.54933 8.43935 6.58543
v 15.59425 8.55470 6.51776
v 15.49636 8.59034 6.42265
v 15.08953 8.88076 6.88556
v 15.12227 8.78745 6.98616
v 15.24793 8.82309 7.03945
v 15.29285 8.93844 6.97179
v 15.19496 8.97408 6.87667
v 15.49091 8.49702 6.49790
v 15.18951 8.88076 6.95193
v 16.72395 8.49702 7.31645
v 16.75669 8.40371 7.41706
v 16.88235 8.43935 7.47035
v 16.92727 8.55470 7.40268
v 16.82937 8.59034 7.30757
v 16.42255 8.88076 7.77047
v 16.45529 8.78745 7.87108
v 16.58094 8.82309 7.92437
v 16.62586 8.93844 7.85670
v 16.52797 8.97408 7.76159
v 16.82392 8.49702 7.38282
v 16.52252 8.88076 7.83684
v 15.23285 8.49702 6.43462
v 15.28263 8.40702 6.35964
v 15.33240 8.49702 6.28465
v 15.28263 8.58702 6.35964
v 16.98243 8.49702 7.59607
v 17.03221 8.40702 7.52109
v 17.08198 8.49702 7.44611
v 17.03221 8.58702 7.52109
v 15.28263 8.49702 6.35964
v 17.03221 8.49702 7.52109
v 15.95742 8.53702 6.86036
v 16.35742 8.53702 6.86036
v 16.35742 8.65702 6.86036
v 15.95742 8.65702 6.86036
v 15.95742 8.53702 7.02036
v 16.35742 8.53702 7.02036
v 16.35742 8.65702 7.02036
v 15.95742 8.65702 7.02036
v 15.11808 8.88076 6.84498
v 15.14645 8.78618 6.94572
v 15.26863 8.82231 7.00627
v 15.31577 8.93922 6.94295
v 15.22273 8.97535 6.84327
v 14.78821 9.25373 7.28804
v 14.81658 9.15914 7.38879
v 14.93876 9.19527 7.44934
v 14.98590 9.31219 7.38602
v 14.89285 9.34831 7.28634
v 15.21433 8.88076 6.91664
v 14.88446 9.25373 7.35971
v 16.40145 8.88076 7.80047
v 16.42982 8.78618 7.90121
v 16.55200 8.82231 7.96177
v 16.59914 8.93922 7.89845
v 16.50609 8.97535 7.79876
v 16.07157 9.25373 8.24354
v 16.09994 9.15914 8.34428
v 16.22213 9.19527 8.40483
v 16.26927 9.31219 8.34152
v 16.17622 9.34831 8.24183
v 16.49770 8.88076 7.87213
v 16.16783 9.25373 8.31520
v 15.29454 0.00231 6.80637
v 15.13289 0.00367 6.92387
v 15.19464 -0.00005 7.11390
v 15.39445 -0.00370 7.11385
v 15.45620 -0.00224 6.92379
v 15.45496 8.78253 6.96581
v 15.33135 8.78357 7.05566
v 15.37856 8.78073 7.20097
v 15.53136 8.77794 7.20094
v 15.57858 8.77905 7.05559
v 15.29454 0.00000 6.97636
v 15.45496 8.78076 7.09579
v 16.41749 -0.00231 7.64243
v 16.25584 -0.00367 7.75993
v 16.31758 0.00005 7.94996
v 16.51740 0.00370 7.94991
v 16.57914 0.00224 7.75985
v 16.25707 8.77900 7.56299
v 16.13345 8.77796 7.65284
v 16.18067 8.78080 7.79816
v 16.33347 8.78359 7.79812
v 16.38068 8.78248 7.65278
v 16.41749 0.00000 7.81241
v 16.25707 8.78076 7.69298
v 15.29285 4.44038 7.06236
v 15.36661 4.38283 7.03001
v 15.37645 4.44038 6.95007
v 15.30269 4.49794 6.98242
v 16.33558 5.34038 7.83870
v 16.40934 5.28283 7.80635
v 16.41919 5.34038 7.72641
v 16.34542 5.39794 7.75876
v 15.33465 4.44038 7.00622
v 16.37738 5.34038 7.78255
v 15.15602 0.00000 6.69438
v 16.55602 0.00000 6.69438
v 16.55602 0.24000 6.69438
v 15.15602 0.24000 6.69438
v 15.15602 0.00000 8.09438
v 16.55602 0.00000 8.09438
v 16.55602 0.24000 8.09438
v 15.15602 0.24000 8.09438
v 14.81597 9.25373 7.25260
v 14.84106 9.15740 7.35256
v 14.95949 9.19420 7.41980
v 15.00759 9.31326 7.36140
v 14.91888 9.35005 7.25806
v 14.45835 9.61118 7.68684
v 14.48345 9.51485 7.78680
v 14.60188 9.55165 7.85405
v 14.64997 9.67071 7.79564
v 14.56127 9.70751 7.69231
v 14.90860 9.25373 7.32889
v 14.55099 9.61118 7.76313
v 16.05105 9.25373 8.26974
v 16.07615 9.15740 8.36969
v 16.19458 9.19420 8.43694
v 16.24267 9.31326 8.37854
v 16.15397 9.35005 8.27520
v 15.69344 9.61118 8.70398
v 15.71854 9.51485 8.80394
v 15.83696 9.55165 8.87118
v 15.88506 9.67071 8.81278
v 15.79636 9.70751 8.70944
v 16.14368 9.25373 8.34602
v 15.78607 9.61118 8.78026
v 14.65840 9.25373 7.23943
v 14.71562 9.16373 7.16996
v 14.77283 9.25373 7.10048
v 14.71562 9.34373 7.16996
v 16.27945 9.25373 8.57442
v 16.33667 9.16373 8.50495
v 16.39388 9.25373 8.43547
v 16.33667 9.34373 8.50495
v 14.71562 9.25373 7.16996
v 16.33667 9.25373 8.50495
v 14.48599 9.61118 7.65482
v 14.50890 9.51264 7.75313
v 14.62318 9.55028 7.82677
v 14.67090 9.67208 7.77397
v 14.58611 9.70972 7.66770
v 14.10013 9.94743 8.08175
v 14.12304 9.84889 8.18006
v 14.23732 9.88653 8.25370
v 14.28504 10.00833 8.20090
v 14.20025 10.04597 8.09463
v 14.57502 9.61118 7.73528
v 14.18916 9.94743 8.16221
v 15.67301 9.61118 8.72765
v 15.69592 9.51264 8.82597
v 15.81020 9.55028 8.89961
v 15.85792 9.67208 8.84681
v 15.77313 9.70972 8.74053
v 15.28715 9.94743 9.15458
v 15.31006 9.84889 9.25290
v 15.42434 9.88653 9.32654
v 15.47206 10.00833 9.27374
v 15.38727 10.04597 9.16746
v 15.76204 9.61118 8.80811
v 15.37618 9.94743 9.23504
v 14.96853 9.65118 8.19170
v 15.36853 9.65118 8.19170
v 15.36853 9.77118 8.19170
v 14.96853 9.77118 8.19170
v 14.96853 9.65118 8.35170
v 15.36853 9.65118 8.35170
v 15.36853 9.77118 8.35170
v 14.96853 9.77118 8.35170
v 14.12772 9.94743 8.05253
v 14.14969 9.84623 8.14832
v 14.25936 9.88488 8.22819
v 14.30516 10.00997 8.18176
v 14.22380 10.04862 8.07320
v 13.71270 10.25555 8.47323
v 13.73468 10.15436 8.56902
v 13.84434 10.19301 8.64889
v 13.89015 10.31810 8.60246
v 13.80879 10.35675 8.49389
v 14.21315 9.94743 8.13680
v 13.79813 10.25555 8.55750
v 15.26676 9.94743 9.17618
v 15.28873 9.84623 9.27197
v 15.39840 9.88488 9.35185
v 15.44420 10.00997 9.30542
v 15.36284 10.04862 9.19685
v 14.85174 10.25555 9.59688
v 14.87372 10.15436 9.69267
v 14.98338 10.19301 9.77254
v 15.02918 10.31810 9.72611
v 14.94783 10.35675 9.61754
v 15.35219 9.94743 9.26045
v 14.93717 10.25555 9.68115
v 13.97197 9.94743 8.02530
v 14.03517 9.85743 7.96123
v 14.09838 9.94743 7.89716
v 14.03517 10.03743 7.96123
v 15.46696 9.94743 9.50009
v 15.53016 9.85743 9.43602
v 15.59337 9.94743 9.37195
v 15.53016 10.03743 9.43602
v 14.03517 9.94743 7.96123
v 15.53016 9.94743 9.43602
v 13.74011 10.25555 8.44658
v 13.76261 10.15137 8.53898
v 13.86713 10.19116 8.62495
v 13.90923 10.31995 8.58568
v 13.83073 10.35974 8.47544
v 13.29525 10.52754 8.86154
v 13.31775 10.42335 8.95395
v 13.42227 10.46315 9.03992
v 13.46438 10.59193 9.00065
v 13.38587 10.63173 8.89040
v 13.82196 10.25555 8.53433
v 13.37710 10.52754 8.94929
v 14.83149 10.25555 9.61657
v 14.85399 10.15137 9.70898
v 14.95851 10.19116 9.79495
v 15.00061 10.31995 9.75568
v 14.92211 10.35974 9.64543
v 14.38663 10.52754 10.03154
v 14.40913 10.42335 10.12395
v 14.51365 10.46315 10.20992
v 14.55576 10.59193 10.17064
v 14.47725 10.63173 10.06040
v 14.91334 10.25555 9.70432
v 14.46848 10.52754 10.11929
v 13.32342 10.52754 8.83633
v 13.34823 10.42010 8.92432
v 13.44679 10.46114 9.01652
v 13.48290 10.59394 8.98552
v 13.40665 10.63497 8.87415
v 12.84757 10.75232 9.24497
v 12.87238 10.64488 9.33296
v 12.97095 10.68592 9.42516
v 13.00705 10.81872 9.39415
v 12.93080 10.85975 9.28279
v 13.40160 10.52754 8.92737
v 12.92575 10.75232 9.33601
v 14.36581 10.52754 10.05017
v 14.39062 10.42010 10.13816
v 14.48919 10.46114 10.23037
v 14.52529 10.59394 10.19936
v 14.44904 10.63497 10.08800
v 13.88997 10.75232 10.45881
v 13.91478 10.64488 10.54680
v 14.01334 10.68592 10.63900
v 14.04945 10.81872 10.60800
v 13.97320 10.85975 10.49663
v 14.44399 10.52754 10.14121
v 13.96815 10.75232 10.54985
v 13.17044 10.52754 8.79634
v 13.23872 10.43754 8.73771
v 13.30700 10.52754 8.67907
v 13.23872 10.61754 8.73771
v 14.53859 10.52754 10.38951
v 14.60687 10.43754 10.33087
v 14.67514 10.52754 10.27224
v 14.60687 10.61754 10.33087
v 13.23872 10.52754 8.73771
v 14.60687 10.52754 10.33087
v 13.72279 10.56754 9.45429
v 14.12279 10.56754 9.45429
v 14.12279 10.68754 9.45429
v 13.72279 10.68754 9.45429
v 13.72279 10.56754 9.61429
v 14.12279 10.56754 9.61429
v 14.12279 10.68754 9.61429
v 13.72279 10.68754 9.61429
v 13.46675 0.00247 8.83325
v 13.30508 0.00278 8.95074
v 13.36683 -0.00075 9.14077
v 13.56666 -0.00325 9.14074
v 13.62841 -0.00126 8.95068
v 13.59704 10.42943 9.02498
v 13.47342 10.42967 9.11482
v 13.52064 10.42696 9.26014
v 13.67345 10.42505 9.26011
v 13.72067 10.42658 9.11478
v 13.46675 0.00000 9.00324
v 13.59704 10.42754 9.15497
v 14.37884 -0.00247 9.89536
v 14.21718 -0.00278 10.01285
v 14.27893 0.00075 10.20288
v 14.47876 0.00325 10.20285
v 14.54051 0.00126 10.01279
v 14.24854 10.42565 9.78363
v 14.12491 10.42541 9.87347
v 14.17214 10.42811 10.01879
v 14.32495 10.43002 10.01876
v 14.37217 10.42850 9.87343
v 14.37884 0.00000 10.06535
v 14.24854 10.42754 9.91362
v 13.44621 5.26377 9.08677
v 13.52528 5.20622 9.07140
v 13.55243 5.26377 8.99556
v 13.47336 5.32132 9.01094
v 14.29316 6.16377 10.07302
v 14.37223 6.10622 10.05764
v 14.39937 6.16377 9.98181
v 14.32031 6.22132 9.99719
v 13.49932 5.26377 9.04117
v 14.34627 6.16377 10.02741
v 13.22279 0.00000 8.83429
v 14.62279 0.00000 8.83429
v 14.62279 0.24000 8.83429
v 13.22279 0.24000 8.83429
v 13.22279 0.00000 10.23429
v 14.62279 0.00000 10.23429
v 14.62279 0.24000 10.23429
v 13.22279 0.24000 10.23429
v 12.87696 10.75232 9.22077
v 12.90639 10.64167 9.30317
v 12.99790 10.68393 9.40187
v 13.02502 10.82070 9.38046
v 12.95028 10.86297 9.26853
v 12.37000 10.91548 9.62090
v 12.39943 10.80483 9.70331
v 12.49093 10.84710 9.80200
v 12.51806 10.98387 9.78059
v 12.44332 11.02613 9.66867
v 12.95131 10.75232 9.31496
v 12.44435 10.91548 9.71509
v 13.86824 10.75232 10.47670
v 13.89767 10.64167 10.55910
v 13.98917 10.68393 10.65780
v 14.01630 10.82070 10.63639
v 13.94156 10.86297 10.52447
v 13.36128 10.91548 10.87683
v 13.39071 10.80483 10.95924
v 13.48221 10.84710 11.05794
v 13.50934 10.98387 11.03653
v 13.43460 11.02613 10.92460
v 13.94259 10.75232 10.57089
v 13.43563 10.91548 10.97103
v 12.40109 10.91548 9.59741
v 12.43802 10.80226 9.67303
v 12.52106 10.84551 9.77855
v 12.53544 10.98546 9.76816
v 12.46130 11.02870 9.65621
v 11.86565 10.99926 9.98439
v 11.90258 10.88604 10.06000
v 11.98561 10.92929 10.16553
v 12.00000 11.06923 10.15513
v 11.92586 11.11248 10.04318
v 12.47138 10.91548 9.69467
v 11.93594 10.99926 10.08165
v 13.33830 10.91548 10.89419
v 13.37524 10.80226 10.96980
v 13.45827 10.84551 11.07533
v 13.47265 10.98546 11.06493
v 13.39851 11.02870 10.95298
v 12.80286 10.99926 11.28117
v 12.83979 10.88604 11.35678
v 12.92283 10.92929 11.46231
v 12.93721 11.06923 11.45191
v 12.86307 11.11248 11.33996
v 13.40859 10.91548 10.99145
v 12.87315 10.99926 11.37842
v 12.25200 10.91548 9.54477
v 12.32494 10.82548 9.49205
v 12.39789 10.91548 9.43933
v 12.32494 11.00548 9.49205
v 13.48209 10.91548 11.24679
v 13.55503 10.82548 11.19407
v 13.62798 10.91548 11.14135
v 13.55503 11.00548 11.19407
v 12.32494 10.91548 9.49205
v 13.55503 10.91548 11.19407
v 11.89899 10.99926 9.96139
v 11.94670 10.88516 10.02926
v 12.01960 10.92874 10.14189
v 12.01696 11.06978 10.14363
v 11.94242 11.11336 10.03207
v 11.34294 10.98433 10.32712
v 11.39064 10.87023 10.39499
v 11.46355 10.91381 10.50762
v 11.46090 11.05484 10.50936
v 11.38636 11.09842 10.39780
v 11.96493 10.99926 10.06165
v 11.40888 10.98433 10.42738
v 12.77822 10.99926 11.29817
v 12.82592 10.88516 11.36603
v 12.89883 10.92874 11.47866
v 12.89618 11.06978 11.48040
v 12.82164 11.11336 11.36885
v 12.22216 10.98433 11.66389
v 12.26986 10.87023 11.73176
v 12.34277 10.91381 11.84439
v 12.34013 11.05484 11.84613
v 12.26558 11.09842 11.73458
v 12.84416 10.99926 11.39842
v 12.28810 10.98433 11.76415
v 12.20455 11.03926 10.65004
v 12.60455 11.03926 10.65004
v 12.60455 11.15926 10.65004
v 12.20455 11.15926 10.65004
v 12.20455 11.03926 10.81004
v 12.60455 11.03926 10.81004
v 12.60455 11.15926 10.81004
v 12.20455 11.15926 10.81004
v 11.37830 10.98433 10.30499
v 11.43808 10.87201 10.36592
v 11.50000 10.91491 10.48519
v 11.47849 11.05374 10.49798
v 11.40328 11.09664 10.38661
v 10.81494 10.86619 10.63996
v 10.87472 10.75387 10.70089
v 10.93664 10.79677 10.82016
v 10.91513 10.93560 10.83295
v 10.83991 10.97850 10.72158
v 11.43963 10.98433 10.40814
v 10.87627 10.86619 10.74311
v 12.19602 10.98433 11.68025
v 12.25580 10.87201 11.74117
v 12.31772 10.91491 11.86044
v 12.29621 11.05374 11.87323
v 12.22100 11.09664 11.76187
v 11.63266 10.86619 12.01522
v 11.69244 10.75387 12.07614
v 11.75436 10.79677 12.19542
v 11.73285 10.93560 12.20820
v 11.65764 10.97850 12.09684
v 12.25735 10.98433 11.78339
v 11.69399 10.86619 12.11836
v 11.23450 10.98433 10.23925
v 11.31186 10.89433 10.19325
v 11.38922 10.98433 10.14726
v 11.31186 11.07433 10.19325
v 12.30776 10.98433 12.04427
v 12.38512 10.89433 11.99828
v 12.46248 10.98433 11.95228
v 12.38512 11.07433 11.99828
v 11.31186 10.98433 10.19325
v 12.38512 10.98433 11.99828
v 10.84653 10.86619 10.62201
v 10.91523 10.75699 10.67908
v 10.96805 10.79870 10.80306
v 10.93200 10.93367 10.82261
v 10.85690 10.97538 10.71072
v 10.28616 10.67248 10.92592
v 10.35486 10.56328 10.98299
v 10.40768 10.60499 11.10697
v 10.37162 10.73996 11.12652
v 10.29652 10.78167 11.01463
v 10.90374 10.86619 10.72750
v 10.34337 10.67248 11.03141
v 11.60931 10.86619 12.02849
v 11.67800 10.75699 12.08556
v 11.73082 10.79870 12.20954
v 11.69477 10.93367 12.22909
v 11.61967 10.97538 12.11720
v 11.04893 10.67248 12.33240
v 11.11763 10.56328 12.38947
v 11.17045 10.60499 12.51345
v 11.13440 10.73996 12.53300
v 11.05929 10.78167 12.42110
v 11.66651 10.86619 12.13397
v 11.10614 10.67248 12.43788
v 10.95142 0.00278 10.64543
v 10.78974 0.00229 10.76290
v 10.85150 -0.00136 10.95293
v 11.05133 -0.00313 10.95290
v 11.11309 -0.00057 10.76285
v 11.04676 10.76831 10.86123
v 10.92313 10.76794 10.95106
v 10.97035 10.76514 11.09638
v 11.12317 10.76379 11.09636
v 11.17039 10.76575 10.95103
v 10.95142 0.00000 10.81540
v 11.04676 10.76619 10.99121
v 11.61884 -0.00278 11.87609
v 11.45717 -0.00229 11.99357
v 11.51892 0.00136 12.18360
v 11.71876 0.00313 12.18357
v 11.78051 0.00057 11.99352
v 11.52350 10.76406 11.74028
v 11.39986 10.76443 11.83011
v 11.44709 10.76723 11.97543
v 11.59990 10.76858 11.97541
v 11.64713 10.76662 11.83008
v 11.61884 0.00000 12.04607
v 11.52350 10.76619 11.87026
v 10.91372 5.43309 10.89273
v 10.99425 5.37554 10.89438
v 11.03679 5.43309 10.82598
v 10.95626 5.49065 10.82433
v 11.53347 6.33309 12.03549
v 11.61400 6.27554 12.03714
v 11.65654 6.33309 11.96875
v 11.57601 6.39065 11.96709
v 10.97525 5.43309 10.85935
v 11.59501 6.33309 12.00212
v 10.58513 0.00000 10.73074
v 11.98513 0.00000 10.73074
v 11.98513 0.24000 10.73074
v 10.58513 0.24000 10.73074
v 10.58513 0.00000 12.13074
v 11.98513 0.00000 12.13074
v 11.98513 0.24000 12.13074
v 10.58513 0.24000 12.13074
v 10.31358 10.67248 10.91164
v 10.38823 10.56637 10.96704
v 10.43383 10.60690 11.09423
v 10.38737 10.73805 11.11744
v 10.31305 10.77859 11.00459
v 9.75932 10.42713 11.18855
v 9.83397 10.32102 11.24394
v 9.87958 10.36155 11.37114
v 9.83311 10.49271 11.39435
v 9.75879 10.53324 11.28150
v 10.36721 10.67248 11.01899
v 9.81296 10.42713 11.29589
v 11.02866 10.67248 12.34295
v 11.10331 10.56637 12.39835
v 11.14892 10.60690 12.52554
v 11.10245 10.73805 12.54875
v 11.02813 10.77859 12.43591
v 10.47441 10.42713 12.61986
v 10.54906 10.32102 12.67525
v 10.59466 10.36155 12.80245
v 10.54820 10.49271 12.82566
v 10.47388 10.53324 12.71281
v 11.08230 10.67248 12.45030
v 10.52804 10.42713 12.72721
v 10.17497 10.67248 10.83557
v 10.25548 10.58248 10.79535
v 10.33599 10.67248 10.75512
v 10.25548 10.76248 10.79535
v 11.11352 10.67248 12.71417
v 11.19403 10.58248 12.67394
v 11.27454 10.67248 12.63372
v 11.19403 10.76248 12.67394
v 10.25548 10.67248 10.79535
v 11.19403 10.67248 12.67394
v 9.78410 10.42713 11.17663
v 9.86273 10.32371 11.23161
v 9.90234 10.36321 11.36111
v 9.84820 10.49104 11.38617
v 9.77512 10.53055 11.27215
v 9.23601 10.14524 11.43028
v 9.31464 10.04182 11.48526
v 9.35426 10.08132 11.61476
v 9.30011 10.20915 11.63982
v 9.22703 10.24866 11.52581
v 9.83450 10.42713 11.28553
v 9.28641 10.14524 11.53919
v 10.45610 10.42713 12.62867
v 10.53473 10.32371 12.68364
v 10.57435 10.36321 12.81314
v 10.52020 10.49104 12.83820
v 10.44712 10.53055 12.72419
v 9.90802 10.14524 12.88232
v 9.98665 10.04182 12.93730
v 10.02626 10.08132 13.06680
v 9.97212 10.20915 13.09186
v 9.89904 10.24866 12.97784
v 10.50650 10.42713 12.73757
v 9.95842 10.14524 12.99122
v 9.25973 10.14524 11.41971
v 9.34103 10.04411 11.47506
v 9.37535 10.08274 11.60633
v 9.31526 10.20774 11.63210
v 9.24381 10.24637 11.51677
v 8.71695 9.83633 11.65254
v 8.79825 9.73520 11.70789
v 8.83257 9.77382 11.83916
v 8.77248 9.89883 11.86493
v 8.70102 9.93745 11.74960
v 9.30704 10.14524 11.52999
v 8.76425 9.83633 11.76283
v 9.89048 10.14524 12.89014
v 9.97178 10.04411 12.94549
v 10.00611 10.08274 13.07675
v 9.94602 10.20774 13.10252
v 9.87456 10.24637 12.98719
v 9.34770 9.83633 13.12297
v 9.42900 9.73520 13.17832
v 9.46333 9.77382 13.30958
v 9.40324 9.89883 13.33536
v 9.33178 9.93745 13.22002
v 9.93779 10.14524 13.00042
v 9.39501 9.83633 13.23325
v 9.12577 10.14524 11.33572
v 9.20848 10.05524 11.30024
v 9.29119 10.14524 11.26476
v 9.20848 10.23524 11.30024
v 9.95364 10.14524 13.26565
v 10.03635 10.05524 13.23017
v 10.11906 10.14524 13.19469
v 10.03635 10.23524 13.23017
v 9.20848 10.14524 11.30024
v 10.03635 10.14524 13.23017
v 8.73909 9.83633 11.64339
v 8.82198 9.73699 11.69962
v 8.85170 9.77493 11.83220
v 8.78718 9.89772 11.85790
v 8.71758 9.93566 11.74121
v 8.20013 9.50816 11.85814
v 8.28302 9.40882 11.91437
v 8.31275 9.44677 12.04695
v 8.24823 9.56955 12.07266
v 8.17863 9.60750 11.95597
v 8.78350 9.83633 11.75486
v 8.24455 9.50816 11.96962
v 9.33134 9.83633 13.12974
v 9.41423 9.73699 13.18597
v 9.44396 9.77493 13.31854
v 9.37944 9.89772 13.34425
v 9.30984 9.93566 13.22756
v 8.79239 9.50816 13.34449
v 8.87528 9.40882 13.40072
v 8.90500 9.44677 13.53330
v 8.84048 9.56955 13.55901
v 8.77088 9.60750 13.44232
v 9.37576 9.83633 13.24121
v 8.83681 9.50816 13.45596
v 8.22148 9.50816 11.84994
v 8.30518 9.41021 11.90739
v 8.33075 9.44762 12.04098
v 8.26285 9.56870 12.06610
v 8.19531 9.60611 11.94803
v 7.68493 9.16608 12.04843
v 7.76863 9.06813 12.10588
v 7.79420 9.10554 12.23947
v 7.72630 9.22662 12.26459
v 7.65877 9.26403 12.14652
v 8.26311 9.50816 11.96249
v 7.72656 9.16608 12.16098
v 8.77661 9.50816 13.35055
v 8.86031 9.41021 13.40799
v 8.88588 9.44762 13.54159
v 8.81798 9.56870 13.56671
v 8.75045 9.60611 13.44864
v 8.24006 9.16608 13.54904
v 8.32377 9.06813 13.60649
v 8.34933 9.10554 13.74008
v 8.28143 9.22662 13.76520
v 8.21390 9.26403 13.64713
v 8.81825 9.50816 13.46309
v 8.28170 9.16608 13.66159
v 8.09196 9.50816 11.75924
v 8.17637 9.41816 11.72802
v 8.26078 9.50816 11.69679
v 8.17637 9.59816 11.72802
v 8.82058 9.50816 13.72879
v 8.90499 9.41816 13.69756
v 8.98940 9.50816 13.66634
v 8.90499 9.59816 13.69756
v 8.17637 9.50816 11.72802
v 8.90499 9.50816 13.69756
v 8.29781 0.00339 11.88631
v 8.13613 0.00224 12.00378
v 8.19789 -0.00200 12.19379
v 8.39773 -0.00348 12.19377
v 8.45948 -0.00014 12.00373
v 8.36720 9.41075 12.11388
v 8.24357 9.40987 12.20370
v 8.29079 9.40663 12.34901
v 8.44361 9.40550 12.34899
v 8.49083 9.40805 12.20367
v 8.29781 0.00000 12.05627
v 8.36720 9.40816 12.24385
v 8.78355 -0.00339 13.19934
v 8.62188 -0.00224 13.31681
v 8.68363 0.00200 13.50683
v 8.88347 0.00348 13.50680
v 8.94523 0.00014 13.31676
v 8.71416 9.40557 13.05176
v 8.59053 9.40645 13.14158
v 8.63775 9.40969 13.28689
v 8.79057 9.41082 13.28687
v 8.83779 9.40827 13.14155
v 8.78355 0.00000 13.36931
v 8.71416 9.40816 13.18173
v 8.24950 4.75408 12.12746
v 8.32898 4.69653 12.14054
v 8.38081 4.75408 12.07888
v 8.30133 4.81163 12.06580
v 8.70055 5.65408 13.34670
v 8.78003 5.59653 13.35978
v 8.83186 5.65408 13.29813
v 8.75238 5.71163 13.28504
v 8.31516 4.75408 12.10317
v 8.76620 5.65408 13.32241
v 7.84068 0.00000 12.01279
v 9.24068 0.00000 12.01279
v 9.24068 0.24000 12.01279
v 7.84068 0.24000 12.01279
v 7.84068 0.00000 13.41279
v 9.24068 0.00000 13.41279
v 9.24068 0.24000 13.41279
v 7.84068 0.24000 13.41279
v 7.70705 9.16608 12.04057
v 7.79093 9.06920 12.09956
v 7.81244 9.10621 12.23398
v 7.74186 9.22595 12.25806
v 7.67673 9.26296 12.13852
v 7.17154 8.81372 12.22328
v 7.25542 8.71684 12.28227
v 7.27693 8.75385 12.41669
v 7.20635 8.87359 12.44077
v 7.14122 8.91060 12.32123
v 7.74580 9.16608 12.15414
v 7.21029 8.81372 12.33685
v 8.22371 9.16608 13.55485
v 8.30758 9.06920 13.61385
v 8.32910 9.10621 13.74827
v 8.25852 9.22595 13.77235
v 8.19339 9.26296 13.65281
v 7.68820 8.81372 13.73756
v 7.77207 8.71684 13.79656
v 7.79359 8.75385 13.93098
v 7.72301 8.87359 13.95506
v 7.65788 8.91060 13.83552
v 8.26246 9.16608 13.66842
v 7.72695 8.81372 13.85113
v 7.19347 8.81372 12.21610
v 7.27692 8.71756 12.27684
v 7.29464 8.75429 12.41189
v 7.22215 8.87315 12.43461
v 7.15962 8.90988 12.31361
v 6.65753 8.45474 12.38408
v 6.74098 8.35858 12.44482
v 6.75870 8.39531 12.57986
v 6.68621 8.51417 12.60258
v 6.62368 8.55090 12.48158
v 7.22936 8.81372 12.33061
v 6.69342 8.45474 12.49858
v 7.67199 8.81372 13.74287
v 7.75544 8.71756 13.80361
v 7.77317 8.75429 13.93865
v 7.70067 8.87315 13.96137
v 7.63814 8.90988 13.84037
v 7.13605 8.45474 13.91084
v 7.21950 8.35858 13.97158
v 7.23723 8.39531 14.10663
v 7.16473 8.51417 14.12935
v 7.10220 8.55090 14.00835
v 7.70788 8.81372 13.85737
v 7.17194 8.45474 14.02535
v 7.06871 8.81372 12.11897
v 7.15459 8.72372 12.09205
v 7.24047 8.81372 12.06513
v 7.15459 8.90372 12.09205
v 7.69677 8.81372 14.12285
v 7.78265 8.72372 14.09593
v 7.86853 8.81372 14.06901
v 7.78265 8.90372 14.09593
v 7.15459 8.81372 12.09205
v 7.78265 8.81372 14.09593
v 6.67983 8.45474 12.37740
v 6.76231 8.35898 12.44006
v 6.77638 8.39555 12.57557
v 6.70260 8.51393 12.59666
v 6.64292 8.55050 12.47419
v 6.14205 8.09214 12.53112
v 6.22453 7.99638 12.59378
v 6.23860 8.03295 12.72930
v 6.16482 8.15133 12.75039
v 6.10514 8.18790 12.62791
v 6.71281 8.45474 12.49278
v 6.17503 8.09214 12.64650
v 7.11957 8.45474 13.91578
v 7.20206 8.35898 13.97844
v 7.21613 8.39555 14.11396
v 7.14235 8.51393 14.13505
v 7.08267 8.55050 14.01257
v 6.58180 8.09214 14.06950
v 6.66428 7.99638 14.13217
v 6.67835 8.03295 14.26768
v 6.60457 8.15133 14.28877
v 6.54489 8.18790 14.16629
v 7.15256 8.45474 14.03116
v 6.61478 8.09214 14.18488
v 6.16535 8.09214 12.52479
v 6.24631 7.99648 12.58956
v 6.25676 8.03302 12.72541
v 6.18227 8.15126 12.74460
v 6.12577 8.18780 12.62061
v 5.62429 7.72864 12.66420
v 5.70524 7.63298 12.72897
v 5.71570 7.66952 12.86482
v 5.64120 7.78777 12.88401
v 5.58471 7.82431 12.76002
v 6.19529 8.09214 12.64099
v 5.65423 7.72864 12.78041
v 6.56457 8.09214 14.07419
v 6.64553 7.99648 14.13895
v 6.65598 8.03302 14.27480
v 6.58149 8.15126 14.29400
v 6.52499 8.18780 14.17001
v 6.02350 7.72864 14.21360
v 6.10446 7.63298 14.27836
v 6.11492 7.66952 14.41421
v 6.04042 7.78777 14.43341
v 5.98393 7.82431 14.30942
v 6.59451 8.09214 14.19039
v 6.05345 7.72864 14.32980
v 6.04576 8.09214 12.42136
v 6.13292 8.00214 12.39890
v 6.22007 8.09214 12.37645
v 6.13292 8.18214 12.39890
v 6.56974 8.09214 14.45494
v 6.65689 8.00214 14.43248
v 6.74404 8.09214 14.41003
v 6.65689 8.18214 14.43248
v 6.13292 8.09214 12.39890
v 6.65689 8.09214 14.43248
v 5.64975 7.72864 12.65803
v 5.72849 7.63276 12.72515
v 5.73520 7.66938 12.86121
v 5.66061 7.78790 12.87818
v 5.60779 7.82453 12.75261
v 5.10366 7.36716 12.78226
v 5.18241 7.27127 12.84938
v 5.18912 7.30790 12.98545
v 5.11452 7.42642 13.00242
v 5.06171 7.46305 12.87684
v 5.67637 7.72864 12.77504
v 5.13028 7.36716 12.89927
v 6.00469 7.72864 14.21816
v 6.08343 7.63276 14.28528
v 6.09014 7.66938 14.42135
v 6.01555 7.78790 14.43832
v 5.96273 7.82453 14.31274
v 5.45860 7.36716 14.34240
v 5.53735 7.27127 14.40952
v 5.54406 7.30790 14.54558
v 5.46946 7.42642 14.56256
v 5.41665 7.46305 14.43698
v 6.03131 7.72864 14.33517
v 5.48522 7.36716 14.45941
v 5.69855 0.00434 12.70260
v 5.53687 0.00228 12.82005
v 5.59863 -0.00293 13.01005
v 5.79847 -0.00410 13.01002
v 5.86023 0.00040 12.82000
v 5.74292 7.63197 12.93760
v 5.61928 7.63039 13.02742
v 5.66651 7.62640 13.17271
v 5.81933 7.62551 13.17269
v 5.86655 7.62895 13.02738
v 5.69855 0.00000 12.87254
v 5.74292 7.62864 13.06756
v 6.00912 -0.00434 14.06772
v 5.84745 -0.00228 14.18517
v 5.90920 0.00293 14.37516
v 6.10904 0.00410 14.37513
v 6.17080 -0.00040 14.18512
v 5.96476 7.62532 13.91269
v 5.84112 7.62690 14.00250
v 5.88834 7.63089 14.14779
v 6.04117 7.63177 14.14777
v 6.08839 7.62833 14.00247
v 6.00912 0.00000 14.23766
v 5.96476 7.62864 14.04264
v 5.64139 3.86432 12.93683
v 5.71848 3.80677 12.96015
v 5.77790 3.86432 12.90577
v 5.70080 3.92187 12.88245
v 5.92978 4.76432 14.20444
v 6.00687 4.70677 14.22776
v 6.06629 4.76432 14.17338
v 5.98919 4.82187 14.15006
v 5.70964 3.86432 12.92130
v 5.99803 4.76432 14.18891
v 5.15384 0.00000 12.85510
v 6.55384 0.00000 12.85510
v 6.55384 0.24000 12.85510
v 5.15384 0.24000 12.85510
v 5.15384 0.00000 14.25510
v 6.55384 0.00000 14.25510
v 6.55384 0.24000 14.25510
v 5.15384 0.24000 14.25510
v 5.13108 7.36716 12.77646
v 5.20686 7.27070 12.84613
v 5.20976 7.30754 12.98227
v 5.13578 7.42678 12.99674
v 5.08715 7.46362 12.86955
v 4.57817 7.01095 12.88466
v 4.65395 6.91448 12.95432
v 4.65685 6.95133 13.09046
v 4.58287 7.07056 13.10494
v 4.53424 7.10741 12.97774
v 5.15412 7.36716 12.89423
v 4.60122 7.01095 13.00242
v 5.43834 7.36716 14.34668
v 5.51412 7.27070 14.41635
v 5.51702 7.30754 14.55249
v 5.44303 7.42678 14.56696
v 5.39441 7.46362 14.43977
v 4.88543 7.01095 14.45488
v 4.96121 6.91448 14.52454
v 4.96411 6.95133 14.66068
v 4.89013 7.07056 14.67516
v 4.84150 7.10741 14.54796
v 5.46138 7.36716 14.46445
v 4.90847 7.01095 14.57264
v 5.01779 7.36716 12.66617
v 5.10611 7.27716 12.64888
v 5.19444 7.36716 12.63160
v 5.10611 7.45716 12.64888
v 5.42107 7.36716 14.72708
v 5.50939 7.27716 14.70980
v 5.59772 7.36716 14.69251
v 5.50939 7.45716 14.70980
v 5.10611 7.36716 12.64888
v 5.50939 7.36716 14.70980
v 4.60747 7.01095 12.87941
v 4.67946 6.91355 12.95173
v 4.67853 6.95075 13.08780
v 4.60596 7.07114 13.09958
v 4.56204 7.10835 12.97079
v 4.04595 6.66355 12.97054
v 4.11795 6.56615 13.04286
v 4.11702 6.60336 13.17893
v 4.04444 6.72375 13.19071
v 4.00052 6.76095 13.06192
v 4.62669 7.01095 12.99786
v 4.06518 6.66355 13.08899
v 4.86378 7.01095 14.45875
v 4.93577 6.91355 14.53107
v 4.93484 6.95075 14.66714
v 4.86227 7.07114 14.67892
v 4.81835 7.10835 14.55013
v 4.30226 6.66355 14.54988
v 4.37426 6.56615 14.62220
v 4.37332 6.60336 14.75827
v 4.30075 6.72375 14.77005
v 4.25683 6.76095 14.64125
v 4.88300 7.01095 14.57720
v 4.32149 6.66355 14.66833
v 4.08003 6.66355 12.96566
v 4.14688 6.56472 13.04092
v 4.14177 6.60247 13.17675
v 4.07176 6.72464 13.18544
v 4.03361 6.76239 13.05498
v 3.50722 6.33026 13.03675
v 3.57407 6.23143 13.11201
v 3.56896 6.26918 13.24783
v 3.49895 6.39135 13.25652
v 3.46080 6.42910 13.12606
v 4.09481 6.66355 13.08475
v 3.52200 6.33026 13.15583
v 4.27707 6.66355 14.55348
v 4.34392 6.56472 14.62874
v 4.33881 6.60247 14.76457
v 4.26881 6.72464 14.77326
v 4.23065 6.76239 14.64280
v 3.70426 6.33026 14.62457
v 3.77111 6.23143 14.69983
v 3.76600 6.26918 14.83565
v 3.69600 6.39135 14.84434
v 3.65784 6.42910 14.71388
v 4.29185 6.66355 14.67257
v 3.71904 6.33026 14.74365
v 3.97471 6.66355 12.84774
v 4.06402 6.57355 12.83665
v 4.15334 6.66355 12.82557
v 4.06402 6.75355 12.83665
v 4.23333 6.66355 14.93175
v 4.32264 6.57355 14.92067
v 4.41196 6.66355 14.90958
v 4.32264 6.75355 14.92067
v 4.06402 6.66355 12.83665
v 4.32264 6.66355 14.92067
v 3.54540 6.33026 13.03282
v 3.60556 6.22949 13.11108
v 3.59612 6.26798 13.24647
v 3.53013 6.39254 13.25188
v 3.49878 6.43103 13.11983
v 2.95887 6.01741 13.08087
v 3.01904 5.91664 13.15913
v 3.00960 5.95513 13.29452
v 2.94360 6.07969 13.29993
v 2.91225 6.11818 13.16788
v 3.55520 6.33026 13.15242
v 2.96867 6.01741 13.20047
v 3.67604 6.33026 14.62747
v 3.73621 6.22949 14.70574
v 3.72677 6.26798 14.84113
v 3.66077 6.39254 14.84653
v 3.62942 6.43103 14.71449
v 3.08951 6.01741 14.67552
v 3.14968 5.91664 14.75379
v 3.14024 5.95513 14.88918
v 3.07424 6.07969 14.89459
v 3.04289 6.11818 14.76254
v 3.68584 6.33026 14.74707
v 3.09931 6.01741 14.79512
v 3.00671 6.01741 13.07820
v 3.06109 5.91579 13.15954
v 3.04523 5.95460 13.29423
v 2.98105 6.08021 13.29614
v 2.95724 6.11903 13.16262
v 2.41351 5.71405 13.09580
v 2.46789 5.61243 13.17714
v 2.45204 5.65125 13.31184
v 2.38786 5.77686 13.31374
v 2.36404 5.81567 13.18022
v 3.01027 6.01741 13.19815
v 2.41707 5.71405 13.21575
v 3.05416 6.01741 14.67750
v 3.10854 5.91579 14.75884
v 3.09269 5.95460 14.89353
v 3.02851 6.08021 14.89543
v 3.00470 6.11903 14.76192
v 2.46096 5.71405 14.69510
v 2.51534 5.61243 14.77644
v 2.49949 5.65125 14.91113
v 2.43531 5.77686 14.91304
v 2.41150 5.81567 14.77952
v 3.05772 6.01741 14.79744
v 2.46452 5.71405 14.81504
v 2.91289 6.01741 12.95093
v 3.00285 5.92741 12.94826
v 3.09281 6.01741 12.94559
v 3.00285 6.10741 12.94826
v 2.97517 6.01741 15.05000
v 3.06513 5.92741 15.04733
v 3.15509 6.01741 15.04466
v 3.06513 6.10741 15.04733
v 3.00285 6.01741 12.94826
v 3.06513 6.01741 15.04733
v 3.01323 0.00574 13.12820
v 2.85155 0.00194 13.24561
v 2.91331 -0.00454 13.43556
v 3.11315 -0.00474 13.43555
v 3.17491 0.00161 13.24559
v 3.01916 5.92180 13.36809
v 2.89553 5.91889 13.45787
v 2.94275 5.91393 13.60313
v 3.09557 5.91378 13.60312
v 3.14280 5.91864 13.45786
v 3.01323 0.00000 13.29810
v 3.01916 5.91741 13.49802
v 3.05475 -0.00574 14.52758
v 2.89307 -0.00194 14.64499
v 2.95483 0.00454 14.83495
v 3.15468 0.00474 14.83494
v 3.21643 -0.00161 14.64498
v 3.04882 5.91302 14.36765
v 2.92518 5.91593 14.45743
v 2.97241 5.92088 14.60269
v 3.12523 5.92104 14.60269
v 3.17246 5.91618 14.45742
v 3.05475 0.00000 14.69749
v 3.04882 5.91741 14.49758
v 2.94474 3.00870 13.35016
v 3.01590 2.95115 13.38791
v 3.08468 3.00870 13.34601
v 3.01353 3.06626 13.30825
v 2.98330 3.90870 14.64959
v 3.05445 3.85115 14.68734
v 3.12324 3.90870 14.64543
v 3.05209 3.96626 14.60768
v 3.01471 3.00870 13.34808
v 3.05327 3.90870 14.64751
v 2.33399 0.00000 13.29780
v 3.73399 0.00000 13.29780
v 3.73399 0.24000 13.29780
v 2.33399 0.24000 13.29780
v 2.33399 0.00000 14.69780
v 3.73399 0.00000 14.69780
v 3.73399 0.24000 14.69780
v 2.33399 0.24000 14.69780
v 2.46110 5.71405 13.09562
v 2.51260 5.61316 13.17970
v 2.48927 5.65170 13.31338
v 2.42335 5.77641 13.31192
v 2.40594 5.81495 13.17734
v 1.87200 5.40253 13.08262
v 1.92350 5.30163 13.16669
v 1.90017 5.34017 13.30037
v 1.83425 5.46488 13.29892
v 1.81684 5.50342 13.16434
v 2.45845 5.71405 13.21559
v 1.86935 5.40253 13.20259
v 2.42579 5.71405 14.69523
v 2.47728 5.61316 14.77931
v 2.45395 5.65170 14.91299
v 2.38804 5.77641 14.91153
v 2.37063 5.81495 14.77695
v 1.83669 5.40253 14.68223
v 1.88819 5.30163 14.76630
v 1.86485 5.34017 14.89998
v 1.79894 5.46488 14.89853
v 1.78153 5.50342 14.76395
v 2.42314 5.71405 14.81520
v 1.83404 5.40253 14.80220
v 1.91669 5.40253 13.08469
v 1.96493 5.30211 13.17123
v 1.93479 5.34047 13.30360
v 1.86792 5.46459 13.29886
v 1.85674 5.50295 13.16357
v 1.33167 5.08580 13.04326
v 1.37991 4.98538 13.12980
v 1.34977 5.02373 13.26217
v 1.28291 5.14786 13.25743
v 1.27172 5.18621 13.12214
v 1.90821 5.40253 13.20439
v 1.32320 5.08580 13.16296
v 1.80365 5.40253 14.68069
v 1.85189 5.30211 14.76723
v 1.82175 5.34047 14.89960
v 1.75489 5.46459 14.89486
v 1.74370 5.50295 14.75957
v 1.21864 5.08580 14.63926
v 1.26688 4.98538 14.72580
v 1.23674 5.02373 14.85817
v 1.16987 5.14786 14.85343
v 1.15869 5.18621 14.71814
v 1.79518 5.40253 14.80039
v 1.21016 5.08580 14.75896
v 1.83610 5.40253 12.94866
v 1.92587 5.31253 12.95502
v 2.01565 5.40253 12.96137
v 1.92587 5.49253 12.95502
v 1.68774 5.40253 15.04341
v 1.77752 5.31253 15.04977
v 1.86729 5.40253 15.05613
v 1.77752 5.49253 15.04977
v 1.92587 5.40253 12.95502
v 1.77752 5.40253 15.04977
v 1.36891 5.08580 13.04666
v 1.41389 4.98554 13.13512
v 1.37828 5.02384 13.26614
v 1.31129 5.14776 13.25865
v 1.30549 5.18605 13.12300
v 0.78701 4.76728 12.98160
v 0.83200 4.66703 13.07006
v 0.79639 4.70532 13.20108
v 0.72939 4.82924 13.19359
v 0.72360 4.86753 13.05794
v 1.35557 5.08580 13.16591
v 0.77368 4.76728 13.10085
v 1.19112 5.08580 14.63675
v 1.23611 4.98554 14.72521
v 1.20050 5.02384 14.85623
v 1.13350 5.14776 14.84874
v 1.12771 5.18605 14.71309
v 0.60923 4.76728 14.57169
v 0.65421 4.66703 14.66015
v 0.61860 4.70532 14.79117
v 0.55161 4.82924 14.78368
v 0.54581 4.86753 14.64803
v 1.17779 5.08580 14.75601
v 0.59589 4.76728 14.69095
v 0.82202 4.76728 12.98619
v 0.86341 4.66694 13.07629
v 0.82286 4.70526 13.20586
v 0.75642 4.82930 13.19583
v 0.75589 4.86763 13.06007
v 0.24251 4.44976 12.89877
v 0.28390 4.34941 12.98887
v 0.24335 4.38774 13.11843
v 0.17690 4.51177 13.10841
v 0.17638 4.55010 12.97265
v 0.80412 4.76728 13.10485
v 0.22461 4.44976 13.01743
v 0.58335 4.76728 14.56829
v 0.62474 4.66694 14.65839
v 0.58419 4.70526 14.78796
v 0.51774 4.82930 14.77793
v 0.51722 4.86763 14.64217
v 0.00384 4.44976 14.48087
v 0.04522 4.34941 14.57097
v 0.00468 4.38774 14.70053
v -0.06177 4.51177 14.69051
v -0.06229 4.55010 14.55475
v 0.56545 4.76728 14.68695
v -0.01406 4.44976 14.59952
v 0.75242 4.76728 12.84422
v 0.84141 4.67728 12.85765
v 0.93041 4.76728 12.87107
v 0.84141 4.85728 12.85765
v 0.43916 4.76728 14.92073
v 0.52816 4.67728 14.93415
v 0.61715 4.76728 14.94758
v 0.52816 4.85728 14.93415
v 0.84141 4.76728 12.85765
v 0.52816 4.76728 14.93415
v 0.27184 4.44976 12.90368
v 0.30971 4.34909 12.99496
v 0.26522 4.38754 13.12319
v 0.19986 4.51197 13.11116
v 0.20395 4.55042 12.97549
v -0.30639 4.13571 12.79723
v -0.26852 4.03504 12.88851
v -0.31301 4.07350 13.01674
v -0.37837 4.19793 13.00471
v -0.37428 4.23638 12.86904
v 0.25012 4.44976 13.02170
v -0.32811 4.13571 12.91525
v -0.01785 4.44976 14.47724
v 0.02002 4.34909 14.56852
v -0.02447 4.38754 14.69675
v -0.08983 4.51197 14.68471
v -0.08574 4.55042 14.54905
v -0.59607 4.13571 14.37079
v -0.55820 4.03504 14.46207
v -0.60269 4.07350 14.59030
v -0.66806 4.19793 14.57826
v -0.66397 4.23638 14.44260
v -0.03957 4.44976 14.59525
v -0.61780 4.13571 14.48880
v 0.23201 0.00768 12.95022
v 0.07034 0.00103 13.06750
v 0.13209 -0.00704 13.25740
v 0.33193 -0.00538 13.25747
v 0.39368 0.00372 13.06763
v 0.19580 4.35563 13.18687
v 0.07217 4.35054 13.27656
v 0.11939 4.34437 13.42177
v 0.27221 4.34564 13.42183
v 0.31943 4.35260 13.27665
v 0.23201 0.00000 13.12004
v 0.19580 4.34976 13.31674
v -0.02147 -0.00768 14.32708
v -0.18314 -0.00103 14.44437
v -0.12139 0.00704 14.63426
v 0.07845 0.00538 14.63434
v 0.14021 -0.00372 14.44449
v 0.01474 4.34388 14.17034
v -0.10889 4.34897 14.26003
v -0.06166 4.35514 14.40525
v 0.09115 4.35387 14.40530
v 0.13838 4.34691 14.26013
v -0.02147 0.00000 14.49691
v 0.01474 4.34976 14.30021
v 0.15411 2.22488 13.15654
v 0.21574 2.16732 13.20840
v 0.29180 2.22488 13.18189
v 0.23017 2.28243 13.13003
v -0.08126 3.12488 14.43506
v -0.01963 3.06732 14.48692
v 0.05643 3.12488 14.46041
v -0.00520 3.18243 14.40855
v 0.22296 2.22488 13.16922
v -0.01241 3.12488 14.44773
v -0.59473 0.00000 13.10847
v 0.80527 0.00000 13.10847
v 0.80527 0.24000 13.10847
v -0.59473 0.24000 13.10847
v -0.59473 0.00000 14.50847
v 0.80527 0.00000 14.50847
v 0.80527 0.24000 14.50847
v -0.59473 0.24000 14.50847
v -0.27857 4.13571 12.80280
v -0.24460 4.03447 12.89497
v -0.29261 4.07314 13.02186
v -0.35626 4.19828 13.00810
v -0.34758 4.23695 12.87271
v -0.85652 3.82804 12.67786
v -0.82255 3.72680 12.77003
v -0.87057 3.76547 12.89692
v -0.93421 3.89061 12.88316
v -0.92553 3.92928 12.74777
v -0.30392 4.13571 12.92009
v -0.88188 3.82804 12.79515
v -0.61664 4.13571 14.36667
v -0.58267 4.03447 14.45885
v -0.63068 4.07314 14.58573
v -0.69433 4.19828 14.57197
v -0.68565 4.23695 14.43659
v -1.19459 3.82804 14.24173
v -1.16062 3.72680 14.33391
v -1.20864 3.76547 14.46079
v -1.27228 3.89061 14.44703
v -1.26360 3.92928 14.31165
v -0.64199 4.13571 14.48396
v -1.21995 3.82804 14.35902
v -0.33907 4.13571 12.65671
v -0.25110 4.04571 12.67573
v -0.16313 4.13571 12.69475
v -0.25110 4.22571 12.67573
v -0.78278 4.13571 14.70930
v -0.69481 4.04571 14.72832
v -0.60685 4.13571 14.74733
v -0.69481 4.22571 14.72832
v -0.25110 4.13571 12.67573
v -0.69481 4.13571 14.72832
v -0.83343 3.82804 12.68316
v -0.80326 3.72605 12.77584
v -0.85399 3.76500 12.90157
v -0.91550 3.89107 12.88661
v -0.90280 3.93002 12.75162
v -1.41221 3.52889 12.54235
v -1.38205 3.42690 12.63502
v -1.43277 3.46586 12.76076
v -1.49429 3.59192 12.74579
v -1.48158 3.63088 12.61081
v -0.86179 3.82804 12.79976
v -1.44058 3.52889 12.65895
v -1.21166 3.82804 14.23781
v -1.18150 3.72605 14.33049
v -1.23222 3.76500 14.45622
v -1.29374 3.89107 14.44126
v -1.28103 3.93002 14.30627
v -1.79045 3.52889 14.09700
v -1.76028 3.42690 14.18967
v -1.81101 3.46586 14.31541
v -1.87252 3.59192 14.30044
v -1.85982 3.63088 14.16546
v -1.24003 3.82804 14.35441
v -1.81882 3.52889 14.21360
v -1.39016 3.52889 12.54800
v -1.36431 3.42588 12.64085
v -1.41736 3.46523 12.76550
v -1.47600 3.59256 12.74969
v -1.45918 3.63190 12.61527
v -1.97104 3.24195 12.39135
v -1.94520 3.13894 12.48420
v -1.99825 3.17828 12.60885
v -2.05688 3.30561 12.59304
v -2.04007 3.34496 12.45862
v -1.42140 3.52889 12.66386
v -2.00229 3.24195 12.50722
v -1.80675 3.52889 14.09282
v -1.78090 3.42588 14.18567
v -1.83395 3.46523 14.31032
v -1.89259 3.59256 14.29451
v -1.87577 3.63190 14.16008
v -2.38763 3.24195 13.93617
v -2.36179 3.13894 14.02902
v -2.41484 3.17828 14.15367
v -2.47347 3.30561 14.13786
v -2.45666 3.34496 14.00343
v -1.83799 3.52889 14.20868
v -2.41888 3.24195 14.05203
v -1.44320 3.52889 12.39905
v -1.35631 3.43889 12.42249
v -1.26941 3.52889 12.44592
v -1.35631 3.61889 12.42249
v -1.98998 3.52889 14.42662
v -1.90308 3.43889 14.45006
v -1.81619 3.52889 14.47349
v -1.90308 3.61889 14.45006
v -1.35631 3.52889 12.42249
v -1.90308 3.52889 14.45006
v -1.95278 3.24195 12.39648
v -1.93127 3.13777 12.48914
v -1.98596 3.17756 12.61294
v -2.04126 3.30633 12.59679
v -2.02076 3.34612 12.46302
v -2.53683 2.96972 12.22599
v -2.51532 2.86554 12.31865
v -2.57000 2.90533 12.44245
v -2.62531 3.03410 12.42630
v -2.60481 3.07389 12.29252
v -1.98640 3.24195 12.51167
v -2.57045 2.96972 12.34118
v -2.40113 3.24195 13.93238
v -2.37963 3.13777 14.02504
v -2.43431 3.17756 14.14884
v -2.48962 3.30633 14.13269
v -2.46911 3.34612 13.99891
v -2.98518 2.96972 13.76188
v -2.96367 2.86554 13.85454
v -3.01836 2.90533 13.97834
v -3.07367 3.03410 13.96220
v -3.05316 3.07389 13.82842
v -2.43476 3.24195 14.04757
v -3.01881 2.96972 13.87708
v -2.51989 2.96972 12.23111
v -2.50337 2.86411 12.32316
v -2.55920 2.90445 12.44627
v -2.61024 3.03499 12.43030
v -2.58595 3.07532 12.29732
v -3.10854 2.71703 12.04692
v -3.09201 2.61142 12.13897
v -3.14785 2.65176 12.26208
v -3.19889 2.78230 12.24611
v -3.17459 2.82264 12.11313
v -2.55573 2.96972 12.34563
v -3.14438 2.71703 12.16144
v -2.99770 2.96972 13.75810
v -2.98117 2.86411 13.85015
v -3.03700 2.90445 13.97326
v -3.08804 3.03499 13.95729
v -3.06375 3.07532 13.82431
v -3.58634 2.71703 13.57391
v -3.56981 2.61142 13.66596
v -3.62565 2.65176 13.78907
v -3.67669 2.78230 13.77310
v -3.65240 2.82264 13.64012
v -3.03353 2.96972 13.87262
v -3.62218 2.71703 13.68843
v -2.56697 2.96972 12.08016
v -2.48107 2.87972 12.10704
v -2.39518 2.96972 12.13392
v -2.48107 3.05972 12.10704
v -3.19408 2.96972 14.08434
v -3.10819 2.87972 14.11122
v -3.02230 2.96972 14.13809
v -3.10819 3.05972 14.11122
v -2.48107 2.96972 12.10704
v -3.10819 2.96972 14.11122
v -2.58559 0.01128 12.27144
v -2.74724 0.00014 12.38843
v -2.68549 -0.01120 12.57816
v -2.48569 -0.00706 12.57844
v -2.42395 0.00684 12.38887
v -2.64532 2.87834 12.50223
v -2.76893 2.86982 12.59169
v -2.72171 2.86115 12.73678
v -2.56892 2.86432 12.73699
v -2.52171 2.87494 12.59203
v -2.58559 0.00000 12.44107
v -2.64532 2.86972 12.63194
v -3.00367 -0.01128 13.60756
v -3.16531 -0.00014 13.72455
v -3.10357 0.01120 13.91428
v -2.90377 0.00706 13.91455
v -2.84203 -0.00684 13.72499
v -2.94394 2.86109 13.45660
v -3.06756 2.86961 13.54606
v -3.02034 2.87828 13.69115
v -2.86755 2.87511 13.69136
v -2.82033 2.86449 13.54640
v -3.00367 0.00000 13.77719
v -2.94394 2.86972 13.58631
v -3.49463 0.00000 12.40913
v -2.09463 0.00000 12.40913
v -2.09463 0.24000 12.40913
v -3.49463 0.24000 12.40913
v -3.49463 0.00000 13.80913
v -2.09463 0.00000 13.80913
v -2.09463 0.24000 13.80913
v -3.49463 0.24000 13.80913
v -3.09424 2.71703 12.05152
v -3.08313 2.60982 12.14254
v -3.13948 2.65077 12.26521
v -3.18540 2.78329 12.25001
v -3.15745 2.82424 12.11795
v -3.68863 2.48846 11.85482
v -3.67753 2.38125 11.94583
v -3.73387 2.42220 12.06851
v -3.77980 2.55472 12.05331
v -3.75184 2.59567 11.92124
v -3.13194 2.71703 12.16545
v -3.72634 2.48846 11.96874
v -3.59691 2.71703 13.57051
v -3.58581 2.60982 13.66152
v -3.64215 2.65077 13.78420
v -3.68808 2.78329 13.76900
v -3.66012 2.82424 13.63693
v -4.19131 2.48846 13.37380
v -4.18020 2.38125 13.46482
v -4.23655 2.42220 13.58749
v -4.28248 2.55472 13.57230
v -4.25452 2.59567 13.44023
v -3.63462 2.71703 13.68443
v -4.22901 2.48846 13.48773
v -3.67647 2.48846 11.85894
v -3.67154 2.37950 11.94840
v -3.72772 2.42112 12.07093
v -3.76737 2.55580 12.05719
v -3.73570 2.59742 11.92617
v -4.27772 2.29018 11.65062
v -4.27278 2.18122 11.74008
v -4.32896 2.22284 11.86260
v -4.36862 2.35752 11.84886
v -4.33695 2.39914 11.71785
v -3.71576 2.48846 11.97232
v -4.31701 2.29018 11.76400
v -4.20030 2.48846 13.37076
v -4.19536 2.37950 13.46022
v -4.25154 2.42112 13.58275
v -4.29120 2.55580 13.56901
v -4.25953 2.59742 13.43799
v -4.80154 2.29018 13.16244
v -4.79661 2.18122 13.25190
v -4.85279 2.22284 13.37443
v -4.89244 2.35752 13.36069
v -4.86077 2.39914 13.22967
v -4.23959 2.48846 13.48415
v -4.84083 2.29018 13.27582
v -3.71895 2.48846 11.70664
v -3.63391 2.39846 11.73610
v -3.54887 2.48846 11.76557
v -3.63391 2.57846 11.73610
v -4.40647 2.48846 13.69090
v -4.32143 2.39846 13.72037
v -4.23639 2.48846 13.74983
v -4.32143 2.57846 13.72037
v -3.63391 2.48846 11.73610
v -4.32143 2.48846 13.72037
v -4.26766 2.29018 11.65416
v -4.27003 2.17937 11.74143
v -4.32523 2.22169 11.86415
v -4.35698 2.35867 11.85274
v -4.32140 2.40100 11.72296
v -4.87663 2.13082 11.43523
v -4.87900 2.02000 11.52249
v -4.93420 2.06233 11.64522
v -4.96594 2.19930 11.63380
v -4.93036 2.24163 11.50402
v -4.30826 2.29018 11.76709
v -4.91722 2.13082 11.54815
v -4.80898 2.29018 13.15981
v -4.81135 2.17937 13.24708
v -4.86655 2.22169 13.36980
v -4.89829 2.35867 13.35839
v -4.86271 2.40100 13.22861
v -5.41794 2.13082 12.94088
v -5.42031 2.02000 13.02814
v -5.47551 2.06233 13.15087
v -5.50725 2.19930 13.13945
v -5.47167 2.24163 13.00967
v -4.84957 2.29018 13.27274
v -5.45854 2.13082 13.05380
v -4.86902 2.13082 11.43800
v -4.88025 2.01823 11.52225
v -4.93344 2.06123 11.64563
v -4.95508 2.20040 11.63763
v -4.91527 2.24340 11.50931
v -5.48569 2.02181 11.21015
v -5.49692 1.90922 11.29440
v -5.55011 1.95223 11.41777
v -5.57175 2.09140 11.40978
v -5.53194 2.13440 11.28146
v -4.91061 2.13082 11.55056
v -5.52728 2.02181 11.32271
v -5.42356 2.13082 12.93883
v -5.43479 2.01823 13.02308
v -5.48798 2.06123 13.14645
v -5.50962 2.20040 13.13846
v -5.46981 2.24340 13.01014
v -6.04023 2.02181 12.71098
v -6.05146 1.90922 12.79522
v -6.10465 1.95223 12.91860
v -6.12629 2.09140 12.91060
v -6.08648 2.13440 12.78228
v -5.46515 2.13082 13.05139
v -6.08182 2.02181 12.82354
v -4.90839 2.13082 11.28487
v -4.82396 2.04082 11.31606
v -4.73954 2.13082 11.34725
v -4.82396 2.22082 11.31606
v -5.63622 2.13082 13.25470
v -5.55180 2.04082 13.28590
v -5.46738 2.13082 13.31709
v -5.55180 2.22082 13.28590
v -4.82396 2.13082 11.31606
v -5.55180 2.13082 13.28590
v -5.47913 2.02181 11.21260
v -5.50262 1.90786 11.29237
v -5.55231 1.95138 11.41701
v -5.55953 2.09224 11.41428
v -5.51431 2.13577 11.28795
v -6.10115 1.98536 10.97738
v -6.12464 1.87140 11.05714
v -6.17432 1.91493 11.18179
v -6.18155 2.05579 11.17906
v -6.13632 2.09932 11.05273
v -5.52158 2.02181 11.32484
v -6.14359 1.98536 11.08962
v -6.04508 2.02181 12.70916
v -6.06856 1.90786 12.78893
v -6.11825 1.95138 12.91358
v -6.12547 2.09224 12.91085
v -6.08025 2.13577 12.78451
v -6.66709 1.98536 12.47394
v -6.69058 1.87140 12.55371
v -6.74027 1.91493 12.67836
v -6.74749 2.05579 12.67563
v -6.70226 2.09932 12.54929
v -6.08752 2.02181 12.82141
v -6.70954 1.98536 12.58618
v -5.55695 0.01647 11.24918
v -5.71852 -0.00080 11.36552
v -5.65681 -0.01697 11.55491
v -5.45710 -0.00968 11.55562
v -5.39538 0.01098 11.36666
v -5.62769 1.93441 11.47606
v -5.75125 1.92120 11.56503
v -5.70406 1.90884 11.70985
v -5.55133 1.91441 11.71040
v -5.50414 1.93021 11.56590
v -5.55695 0.00000 11.41838
v -5.62769 1.92181 11.60545
v -6.05215 -0.01647 12.55867
v -6.21372 0.00080 12.67501
v -6.15201 0.01697 12.86440
v -5.95230 0.00968 12.86511
v -5.89058 -0.01098 12.67616
v -5.98141 1.90922 12.41141
v -6.10496 1.92242 12.50038
v -6.05777 1.93479 12.64521
v -5.90505 1.92922 12.64575
v -5.85785 1.91341 12.50126
v -6.05215 0.00000 12.72787
v -5.98141 1.92181 12.54080
v -6.50455 0.00000 11.37312
v -5.10455 0.00000 11.37312
v -5.10455 0.24000 11.37312
v -6.50455 0.24000 11.37312
v -6.50455 0.00000 12.77312
v -5.10455 0.00000 12.77312
v -5.10455 0.24000 12.77312
v -6.50455 0.24000 12.77312
v -6.08961 1.98536 10.98183
v -6.12950 1.87169 11.05524
v -6.17500 1.91511 11.18151
v -6.16324 2.05561 11.18614
v -6.11047 2.09903 11.06273
v -6.70687 2.04503 10.73888
v -6.74675 1.93137 10.81229
v -6.79226 1.97478 10.93856
v -6.78050 2.11528 10.94319
v -6.72772 2.15870 10.81978
v -6.13357 1.98536 11.09349
v -6.75082 2.04503 10.85054
v -6.67562 1.98536 12.47065
v -6.71550 1.87169 12.54406
v -6.76101 1.91511 12.67034
v -6.74924 2.05561 12.67497
v -6.69647 2.09903 12.55155
v -7.29287 2.04503 12.22770
v -7.33276 1.93137 12.30111
v -7.37826 1.97478 12.42738
v -7.36650 2.11528 12.43201
v -7.31373 2.15870 12.30860
v -6.71957 1.98536 12.58231
v -7.33682 2.04503 12.33936
v -6.12575 1.98536 10.82790
v -6.04200 1.89536 10.86086
v -5.95826 1.98536 10.89382
v -6.04200 2.07536 10.86086
v -6.89488 1.98536 12.78198
v -6.81113 1.89536 12.81494
v -6.72739 1.98536 12.84791
v -6.81113 2.07536 12.81494
v -6.04200 1.98536 10.86086
v -6.81113 1.98536 12.81494
v -6.69264 2.04503 10.74461
v -6.74642 1.93345 10.81211
v -6.78918 1.97607 10.93961
v -6.76183 2.11400 10.95090
v -6.70217 2.15662 10.83039
v -7.29470 2.18478 10.49597
v -7.34848 2.07319 10.56347
v -7.39124 2.11581 10.69096
v -7.36389 2.25374 10.70226
v -7.30423 2.29636 10.58175
v -6.73845 2.04503 10.85553
v -7.34051 2.18478 10.60688
v -7.30339 2.04503 12.22346
v -7.35717 1.93345 12.29096
v -7.39993 1.97607 12.41846
v -7.37258 2.11400 12.42975
v -7.31291 2.15662 12.30924
v -7.90545 2.18478 11.97481
v -7.95923 2.07319 12.04232
v -8.00199 2.11581 12.16981
v -7.97464 2.25374 12.18111
v -7.91498 2.29636 12.06059
v -7.34920 2.04503 12.33437
v -7.95126 2.18478 12.08573
v -7.27821 2.18478 10.50297
v -7.34280 2.07593 10.56526
v -7.38441 2.11751 10.69349
v -7.34553 2.25205 10.71043
v -7.27990 2.29363 10.59269
v -7.86080 2.38509 10.24898
v -7.92538 2.27624 10.31128
v -7.96699 2.31782 10.43950
v -7.92811 2.45236 10.45645
v -7.86248 2.49394 10.33870
v -7.32617 2.18478 10.61297
v -7.90875 2.38509 10.35898
v -7.91764 2.18478 11.96964
v -7.98222 2.07593 12.03194
v -8.02383 2.11751 12.16016
v -7.98496 2.25205 12.17711
v -7.91933 2.29363 12.05936
v -8.50022 2.38509 11.71565
v -8.56481 2.27624 11.77795
v -8.60641 2.31782 11.90617
v -8.56754 2.45236 11.92312
v -8.50191 2.49394 11.80537
v -7.96560 2.18478 12.07964
v -8.54818 2.38509 11.82566
v -7.30876 2.18478 10.34783
v -7.22626 2.09478 10.38380
v -7.14376 2.18478 10.41977
v -7.22626 2.27478 10.38380
v -8.14801 2.18478 12.27284
v -8.06551 2.09478 12.30881
v -7.98300 2.18478 12.34478
v -8.06551 2.27478 12.30881
v -7.22626 2.18478 10.38380
v -8.06551 2.18478 12.30881
v -7.84215 2.38509 10.25736
v -7.91479 2.27884 10.31511
v -7.95668 2.31943 10.44356
v -7.90993 2.45075 10.46519
v -7.83915 2.49133 10.35011
v -8.40524 2.62847 9.99683
v -8.47788 2.52222 10.05458
v -8.51977 2.56280 10.18303
v -8.47302 2.69413 10.20466
v -8.40223 2.73471 10.08958
v -7.89254 2.38509 10.36626
v -8.45563 2.62847 10.10574
v -8.51400 2.38509 11.70946
v -8.58664 2.27884 11.76722
v -8.62853 2.31943 11.89567
v -8.58178 2.45075 11.91730
v -8.51099 2.49133 11.80222
v -9.07709 2.62847 11.44894
v -9.14973 2.52222 11.50669
v -9.19162 2.56280 11.63514
v -9.14487 2.69413 11.65677
v -9.07408 2.73471 11.54169
v -8.56439 2.38509 11.81837
v -9.12748 2.62847 11.55785
v -8.38447 2.62847 10.00676
v -8.46288 2.52425 10.06053
v -8.50631 2.56406 10.18871
v -8.45474 2.69287 10.21415
v -8.37944 2.73268 10.10170
v -8.93028 2.90018 9.73745
v -9.00869 2.79596 9.79122
v -9.05212 2.83577 9.91940
v -9.00055 2.96458 9.94485
v -8.92525 3.00439 9.83240
v -8.43757 2.62847 10.11437
v -8.98338 2.90018 9.84506
v -9.09244 2.62847 11.44160
v -9.17085 2.52425 11.49538
v -9.21428 2.56406 11.62355
v -9.16271 2.69287 11.64900
v -9.08741 2.73268 11.53655
v -9.63824 2.90018 11.17230
v -9.71666 2.79596 11.22607
v -9.76008 2.83577 11.35425
v -9.70851 2.96458 11.37969
v -9.63321 3.00439 11.26724
v -9.14554 2.62847 11.54922
v -9.69134 2.90018 11.27991
v -8.40766 2.62847 9.85035
v -8.32695 2.53847 9.89018
v -8.24624 2.62847 9.93000
v -8.32695 2.71847 9.89018
v -9.33687 2.62847 11.73359
v -9.25616 2.53847 11.77341
v -9.17545 2.62847 11.81323
v -9.25616 2.71847 11.77341
v -8.32695 2.62847 9.89018
v -9.25616 2.62847 11.77341
v -8.48182 0.01203 10.03447
v -8.64340 -0.00191 10.15125
v -8.58168 -0.01321 10.34099
v -8.38195 -0.00625 10.34148
v -8.32024 0.00934 10.15205
v -8.57031 2.53766 10.25373
v -8.69388 2.52700 10.34303
v -8.64668 2.51836 10.48812
v -8.49395 2.52368 10.48850
v -8.44675 2.53561 10.34364
v -8.48182 0.00000 10.20405
v -8.57031 2.52847 10.38340
v -9.10129 -0.01203 11.28996
v -9.26287 0.00191 11.40674
v -9.20115 0.01321 11.59648
v -9.00143 0.00625 11.59697
v -8.93971 -0.00934 11.40754
v -9.01279 2.51927 11.15051
v -9.13635 2.52993 11.23981
v -9.08916 2.53857 11.38490
v -8.93643 2.53325 11.38528
v -8.88923 2.52132 11.24042
v -9.10129 0.00000 11.45954
v -9.01279 2.52847 11.28018
v -9.49155 0.00000 10.13179
v -8.09155 0.00000 10.13179
v -8.09155 0.24000 10.13179
v -9.49155 0.24000 10.13179
v -9.49155 0.00000 11.53179
v -8.09155 0.00000 11.53179
v -8.09155 0.24000 11.53179
v -9.49155 0.24000 11.53179
v -8.90732 2.90018 9.74918
v -8.98960 2.79721 9.79947
v -9.03569 2.83654 9.92687
v -8.98190 2.96381 9.95531
v -8.90257 3.00314 9.84549
v -9.43896 3.18765 9.46808
v -9.52123 3.08469 9.51837
v -9.56732 3.12402 9.64577
v -9.51354 3.25129 9.67421
v -9.43420 3.29062 9.56439
v -8.96342 2.90018 9.85526
v -9.49505 3.18765 9.57416
v -9.65521 2.90018 11.16363
v -9.73748 2.79721 11.21392
v -9.78357 2.83654 11.34132
v -9.72979 2.96381 11.36976
v -9.65045 3.00314 11.25994
v -10.18684 3.18765 10.88253
v -10.26912 3.08469 10.93282
v -10.31521 3.12402 11.06022
v -10.26142 3.25129 11.08866
v -10.18209 3.29062 10.97884
v -9.71130 2.90018 11.26971
v -10.24294 3.18765 10.98861
v -9.41368 3.18765 9.48196
v -9.49812 3.08504 9.52929
v -9.54794 3.12424 9.65531
v -9.49429 3.25107 9.68587
v -9.41131 3.29027 9.57873
v -9.93446 3.47939 9.18535
v -10.01890 3.37678 9.23268
v -10.06872 3.41597 9.35870
v -10.01507 3.54281 9.38926
v -9.93209 3.58201 9.28212
v -9.47307 3.18765 9.58623
v -9.99385 3.47939 9.28962
v -10.20553 3.18765 10.87227
v -10.28997 3.08504 10.91960
v -10.33979 3.12424 11.04562
v -10.28614 3.25107 11.07618
v -10.20316 3.29027 10.96904
v -10.72631 3.47939 10.57566
v -10.81075 3.37678 10.62299
v -10.86057 3.41597 10.74901
v -10.80692 3.54281 10.77957
v -10.72394 3.58201 10.67243
v -10.26492 3.18765 10.97654
v -10.78570 3.47939 10.67993
v -9.42755 3.18765 9.32445
v -9.34934 3.09765 9.36899
v -9.27114 3.18765 9.41354
v -9.34934 3.27765 9.36899
v -10.46685 3.18765 11.14924
v -10.38865 3.09765 11.19378
v -10.31044 3.18765 11.23832
v -10.38865 3.27765 11.19378
v -9.34934 3.18765 9.36899
v -10.38865 3.18765 11.19378
v -9.90665 3.47939 9.20184
v -9.99161 3.37616 9.24685
v -10.04625 3.41559 9.37078
v -9.99505 3.54319 9.40238
v -9.90878 3.58262 9.29796
v -10.41972 3.76364 8.88524
v -10.50468 3.66041 8.93025
v -10.55932 3.69984 9.05419
v -10.50812 3.82744 9.08578
v -10.42184 3.86687 8.98137
v -9.96967 3.47939 9.30396
v -10.48274 3.76364 8.98737
v -10.74686 3.47939 10.56347
v -10.83183 3.37616 10.60848
v -10.88646 3.41559 10.73242
v -10.83526 3.54319 10.76401
v -10.74899 3.58262 10.65959
v -11.25993 3.76364 10.24688
v -11.34489 3.66041 10.29188
v -11.39953 3.69984 10.41582
v -11.34833 3.82744 10.44741
v -11.26206 3.86687 10.34300
v -10.80988 3.47939 10.66559
v -11.32295 3.76364 10.34900
v -10.38919 3.76364 8.90493
v -10.47289 3.65879 8.94854
v -10.53351 3.69884 9.06947
v -10.48727 3.82843 9.10058
v -10.39808 3.86848 8.99889
v -10.89713 4.02693 8.56309
v -10.98083 3.92209 8.60671
v -11.04145 3.96214 8.72763
v -10.99521 4.09173 8.75875
v -10.90602 4.13177 8.65706
v -10.45619 3.76364 9.00448
v -10.96413 4.02693 8.66265
v -11.28250 3.76364 10.23233
v -11.36620 3.65879 10.27594
v -11.42682 3.69884 10.39687
v -11.38058 3.82843 10.42798
v -11.29139 3.86848 10.32629
v -11.79044 4.02693 9.89049
v -11.87414 3.92209 9.93411
v -11.93476 3.96214 10.05503
v -11.88853 4.09173 10.08615
v -11.79933 4.13177 9.98446
v -11.34950 3.76364 10.33188
v -11.85744 4.02693 9.99005
v -10.39127 3.76364 8.74683
v -10.31661 3.67364 8.79708
v -10.24194 3.76364 8.84732
v -10.31661 3.85364 8.79708
v -11.56375 3.76364 10.48904
v -11.48908 3.67364 10.53929
v -11.41441 3.76364 10.58954
v -11.48908 3.85364 10.53929
v -10.31661 3.76364 8.79708
v -11.48908 3.76364 10.53929
v -10.86377 4.02693 8.58664
v -10.94413 3.91954 8.63034
v -11.01204 3.96056 8.74698
v -10.97364 4.09330 8.77537
v -10.88201 4.13432 8.67627
v -11.36790 4.25248 8.21383
v -11.44826 4.14509 8.25753
v -11.51617 4.18611 8.37418
v -11.47777 4.31885 8.40257
v -11.38614 4.35987 8.30347
v -10.93512 4.02693 8.68312
v -11.43925 4.25248 8.31032
v -11.81510 4.02693 9.87309
v -11.89546 3.91954 9.91679
v -11.96337 3.96056 10.03344
v -11.92498 4.09330 10.06183
v -11.83334 4.13432 9.96273
v -12.31923 4.25248 9.50028
v -12.39959 4.14509 9.54398
v -12.46750 4.18611 9.66063
v -12.42911 4.31885 9.68902
v -12.33747 4.35987 9.58992
v -11.88645 4.02693 9.96957
v -12.39058 4.25248 9.59677
v -10.99457 0.00696 8.59367
v -11.15618 -0.00274 8.71084
v -11.09445 -0.00865 8.90082
v -10.89470 -0.00261 8.90107
v -10.83297 0.00704 8.71124
v -11.11349 3.93225 8.79444
v -11.23707 3.92484 8.88404
v -11.18987 3.92032 9.02932
v -11.03711 3.92494 9.02951
v -10.98991 3.93231 8.88435
v -10.99457 0.00000 8.76352
v -11.11349 3.92693 8.92433
v -11.82699 -0.00696 9.71931
v -11.98860 0.00274 9.83648
v -11.92687 0.00865 10.02646
v -11.72711 0.00261 10.02671
v -11.66539 -0.00704 9.83688
v -11.70808 3.92161 9.59847
v -11.83166 3.92902 9.68807
v -11.78445 3.93354 9.83335
v -11.63170 3.92893 9.83354
v -11.58449 3.92155 9.68838
v -11.82699 0.00000 9.88917
v -11.70808 3.92693 9.72836
v -11.08059 2.01347 8.76211
v -11.04799 1.95591 8.83576
v -10.96802 2.01347 8.84535
v -11.00061 2.07102 8.77169
v -11.85355 2.91347 9.80735
v -11.82095 2.85591 9.88101
v -11.74098 2.91347 9.89059
v -11.77357 2.97102 9.81693
v -11.02430 2.01347 8.80373
v -11.79726 2.91347 9.84897
v -12.11078 0.00000 8.62635
v -10.71078 0.00000 8.62635
v -10.71078 0.24000 8.62635
v -12.11078 0.24000 8.62635
v -12.11078 0.00000 10.02635
v -10.71078 0.00000 10.02635
v -10.71078 0.24000 10.02635
v -12.11078 0.24000 10.02635
v -11.33183 4.25248 8.24192
v -11.40641 4.14196 8.28801
v -11.48302 4.18417 8.39868
v -11.45580 4.32078 8.42098
v -11.36236 4.36299 8.32410
v -11.83079 4.41866 7.83308
v -11.90537 4.30814 7.87917
v -11.98199 4.35036 7.98984
v -11.95476 4.48697 8.01215
v -11.86132 4.52918 7.91526
v -11.40788 4.25248 8.33474
v -11.90685 4.41866 7.92590
v -12.34589 4.25248 9.47953
v -12.42046 4.14196 9.52562
v -12.49708 4.18417 9.63629
v -12.46986 4.32078 9.65859
v -12.37642 4.36299 9.56171
v -12.84485 4.41866 9.07069
v -12.91943 4.30814 9.11679
v -12.99605 4.35036 9.22745
v -12.96882 4.48697 9.24976
v -12.87538 4.52918 9.15288
v -12.42194 4.25248 9.57235
v -12.92091 4.41866 9.16351
v -11.31905 4.25248 8.08432
v -11.24944 4.16248 8.14136
v -11.17982 4.25248 8.19840
v -11.24944 4.34248 8.14136
v -12.65001 4.25248 9.70868
v -12.58039 4.16248 9.76573
v -12.51077 4.25248 9.82277
v -12.58039 4.34248 9.76573
v -11.24944 4.25248 8.14136
v -12.58039 4.25248 9.76573
v -11.79150 4.41866 7.86718
v -11.85741 4.30532 7.91923
v -11.94442 4.34861 8.02148
v -11.93229 4.48871 8.03262
v -11.83778 4.53201 7.93725
v -12.27844 4.49638 7.41988
v -12.34435 4.38303 7.47193
v -12.43136 4.42633 7.57417
v -12.41923 4.56643 7.58531
v -12.32472 4.60972 7.48995
v -11.87268 4.41866 7.95555
v -12.35962 4.49638 7.50825
v -12.87389 4.41866 9.04549
v -12.93980 4.30532 9.09754
v -13.02681 4.34861 9.19979
v -13.01468 4.48871 9.21093
v -12.92018 4.53201 9.11557
v -13.36083 4.49638 8.59819
v -13.42674 4.38303 8.65024
v -13.51375 4.42633 8.75249
v -13.50163 4.56643 8.76363
v -13.40712 4.60972 8.66827
v -12.95507 4.41866 9.13387
v -13.44201 4.49638 8.68656
v -12.24080 4.49638 7.45648
v -12.29781 4.38231 7.51681
v -12.39500 4.42588 7.60930
v -12.39808 4.56688 7.60613
v -12.30277 4.61045 7.51169
v -12.70458 4.47557 6.97889
v -12.76159 4.36150 7.03921
v -12.85879 4.40507 7.13170
v -12.86186 4.54607 7.12854
v -12.76655 4.58964 7.03410
v -12.32689 4.49638 7.54008
v -12.79067 4.47557 7.06249
v -13.38865 4.49638 8.57113
v -13.44566 4.38231 8.63145
v -13.54286 4.42588 8.72394
v -13.54593 4.56688 8.72078
v -13.45062 4.61045 8.62634
v -13.85243 4.47557 8.09354
v -13.90944 4.36150 8.15386
v -14.00664 4.40507 8.24635
v -14.00971 4.54607 8.24319
v -13.91440 4.58964 8.14874
v -13.47474 4.49638 8.65473
v -13.93852 4.47557 8.17713
v -12.21024 4.49638 7.30135
v -12.14754 4.40638 7.36592
v -12.08484 4.49638 7.43049
v -12.14754 4.58638 7.36592
v -13.71679 4.49638 8.76433
v -13.65409 4.40638 8.82889
v -13.59140 4.49638 8.89346
v -13.65409 4.58638 8.82889
v -12.14754 4.49638 7.36592
v -13.65409 4.49638 8.82889
v -12.67565 4.47557 7.01010
v -12.72805 4.36238 7.07600
v -12.83222 4.40562 7.16073
v -12.84420 4.54552 7.14720
v -12.74743 4.58876 7.05410
v -13.11361 4.39021 6.51523
v -13.16601 4.27703 6.58113
v -13.27018 4.32026 6.66586
v -13.28216 4.46016 6.65233
v -13.18539 4.50340 6.55923
v -12.76551 4.47557 7.08963
v -13.20347 4.39021 6.59476
v -13.87382 4.47557 8.07047
v -13.92623 4.36238 8.13637
v -14.03040 4.40562 8.22110
v -14.04237 4.54552 8.20757
v -13.94560 4.58876 8.11447
v -14.31178 4.39021 7.57560
v -14.36418 4.27703 7.64150
v -14.46835 4.32026 7.72623
v -14.48033 4.46016 7.71270
v -14.38356 4.50340 7.61960
v -13.96368 4.47557 8.15000
v -14.40164 4.39021 7.65513
v -13.09004 4.39021 6.54294
v -13.14000 4.27833 6.61284
v -13.24936 4.32107 6.69105
v -13.26698 4.45936 6.66948
v -13.16852 4.50209 6.57794
v -13.50334 4.25862 6.03696
v -13.55330 4.14674 6.10687
v -13.66265 4.18948 6.18508
v -13.68027 4.32777 6.16351
v -13.58181 4.37050 6.07197
v -13.18298 4.39021 6.61885
v -13.59628 4.25862 6.11288
v -14.32919 4.39021 7.55512
v -14.37915 4.27833 7.62502
v -14.48851 4.32107 7.70323
v -14.50613 4.45936 7.68166
v -14.40767 4.50209 7.59012
v -14.74249 4.25862 7.04914
v -14.79245 4.14674 7.11905
v -14.90180 4.18948 7.19726
v -14.91942 4.32777 7.17569
v -14.82096 4.37050 7.08415
v -14.42213 4.39021 7.63103
v -14.83543 4.25862 7.12506
v -13.04630 4.39021 6.39100
v -12.98936 4.30021 6.46070
v -12.93243 4.39021 6.53040
v -12.98936 4.48021 6.46070
v -14.67268 4.39021 7.71948
v -14.61575 4.30021 7.78918
v -14.55881 4.39021 7.85889
v -14.61575 4.48021 7.78918
v -12.98936 4.39021 6.46070
v -14.61575 4.39021 7.78918
v -13.26043 0.00501 6.51219
v -13.42200 -0.00428 6.62943
v -13.36028 -0.00766 6.81948
v -13.16057 -0.00045 6.81969
v -13.09885 0.00738 6.62977
v -13.41532 4.29404 6.67869
v -13.53888 4.28694 6.76835
v -13.49168 4.28436 6.91368
v -13.33896 4.28987 6.91384
v -13.29176 4.29585 6.76861
v -13.26043 0.00000 6.68211
v -13.41532 4.29021 6.80863
v -14.34468 -0.00501 7.39784
v -14.50626 0.00428 7.51509
v -14.44454 0.00766 7.70514
v -14.24482 0.00045 7.70535
v -14.18311 -0.00738 7.51543
v -14.18979 4.28638 7.31130
v -14.31335 4.29348 7.40096
v -14.26615 4.29607 7.54629
v -14.11343 4.29056 7.54645
v -14.06623 4.28457 7.40122
v -14.34468 0.00000 7.56777
v -14.18979 4.29021 7.44125
v -13.34343 2.19511 6.65953
v -13.33001 2.13755 6.73895
v -13.25487 2.19511 6.76795
v -13.26829 2.25266 6.68854
v -14.35024 3.09511 7.48193
v -14.33682 3.03755 7.56134
v -14.26168 3.09511 7.59035
v -14.27510 3.15266 7.51093
v -13.29915 2.19511 6.71374
v -14.30596 3.09511 7.53614
v -14.50255 0.00000 6.42494
v -13.10255 0.00000 6.42494
v -13.10255 0.24000 6.42494
v -14.50255 0.24000 6.42494
v -14.50255 0.00000 7.82494
v -13.10255 0.00000 7.82494
v -13.10255 0.24000 7.82494
v -14.50255 0.24000 7.82494
v -13.48305 4.25862 6.06272
v -13.53193 4.14808 6.13547
v -13.64535 4.19031 6.20795
v -13.66657 4.32694 6.17999
v -13.56627 4.36916 6.09024
v -13.87335 4.09280 5.54854
v -13.92223 3.98226 5.62129
v -14.03565 4.02448 5.69377
v -14.05687 4.16112 5.66582
v -13.95657 4.20334 5.57606
v -13.57864 4.25862 6.13527
v -13.96893 4.09280 5.62110
v -14.75748 4.25862 7.03011
v -14.80636 4.14808 7.10286
v -14.91978 4.19031 7.17533
v -14.94100 4.32694 7.14738
v -14.84070 4.36916 7.05762
v -15.14778 4.09280 6.51593
v -15.19666 3.98226 6.58868
v -15.31008 4.02448 6.66116
v -15.33130 4.16112 6.63320
v -15.23099 4.20334 6.54345
v -14.85306 4.25862 7.10266
v -15.24336 4.09280 6.58848
v -13.85506 4.09280 5.57351
v -13.90380 3.98349 5.64818
v -14.02057 4.02525 5.71543
v -14.04400 4.16036 5.68231
v -13.94170 4.20211 5.59460
v -14.22370 3.90114 5.05235
v -14.27244 3.79184 5.12702
v -14.38921 3.83359 5.19427
v -14.41264 3.96870 5.16115
v -14.31035 4.01045 5.07344
v -13.95303 4.09280 5.64280
v -14.32167 3.90114 5.12164
v -15.16130 4.09280 6.49748
v -15.21005 3.98349 6.57215
v -15.32682 4.02525 6.63940
v -15.35024 4.16036 6.60628
v -15.24795 4.20211 6.51857
v -15.52995 3.90114 5.97632
v -15.57869 3.79184 6.05099
v -15.69546 3.83359 6.11824
v -15.71888 3.96870 6.08512
v -15.61659 4.01045 5.99741
v -15.25927 4.09280 6.56678
v -15.62791 3.90114 6.04561
v -13.80090 4.09280 5.42496
v -13.74892 4.00280 5.49843
v -13.69695 4.09280 5.57191
v -13.74892 4.18280 5.49843
v -15.51535 4.09280 6.63767
v -15.46337 4.00280 6.71115
v -15.41140 4.09280 6.78462
v -15.46337 4.18280 6.71115
v -13.74892 4.09280 5.49843
v -15.46337 4.09280 6.71115
v -14.20649 3.90114 5.07755
v -14.25582 3.79291 5.15340
v -14.37547 3.83425 5.21565
v -14.40008 3.96803 5.17828
v -14.29565 4.00938 5.09293
v -14.55420 3.68972 4.54968
v -14.60353 3.58149 4.62552
v -14.72318 3.62283 4.68777
v -14.74779 3.75661 4.65040
v -14.64336 3.79795 4.56506
v -14.30670 3.90114 5.14356
v -14.65441 3.68972 4.61569
v -15.54267 3.90114 5.95768
v -15.59200 3.79291 6.03353
v -15.71165 3.83425 6.09578
v -15.73626 3.96803 6.05841
v -15.63183 4.00938 5.97306
v -15.89038 3.68972 5.42980
v -15.93971 3.58149 5.50565
v -16.05936 3.62283 5.56790
v -16.08397 3.75661 5.53053
v -15.97954 3.79795 5.44518
v -15.64288 3.90114 6.02369
v -15.99059 3.68972 5.49581
v -14.53737 3.68972 4.57620
v -14.58791 3.58239 4.65252
v -14.71013 3.62338 4.70981
v -14.73513 3.75605 4.66889
v -14.62835 3.79705 4.58631
v -14.86412 3.46316 4.04124
v -14.91466 3.35583 4.11756
v -15.03688 3.39683 4.17485
v -15.06188 3.52950 4.13393
v -14.95510 3.57050 4.05136
v -14.63978 3.68972 4.63875
v -14.96653 3.46316 4.10379
v -15.90281 3.68972 5.41020
v -15.95335 3.58239 5.48653
v -16.07557 3.62338 5.54382
v -16.10057 3.75605 5.50290
v -15.99380 3.79705 5.42032
v -16.22956 3.46316 4.87525
v -16.28010 3.35583 4.95157
v -16.40232 3.39683 5.00886
v -16.42732 3.52950 4.96794
v -16.32055 3.57050 4.88536
v -16.00522 3.68972 5.47275
v -16.33197 3.46316 4.93780
v -14.47334 3.68972 4.43163
v -14.42643 3.59972 4.50843
v -14.37952 3.68972 4.58524
v -14.42643 3.77972 4.50843
v -16.26548 3.68972 5.52626
v -16.21857 3.59972 5.60307
v -16.17166 3.68972 5.67987
v -16.21857 3.77972 5.60307
v -14.42643 3.68972 4.50843
v -16.21857 3.68972 5.60307
v -14.84708 3.46316 4.07032
v -14.89944 3.35655 4.14643
v -15.02404 3.39727 4.19856
v -15.04868 3.52905 4.15467
v -14.93932 3.56978 4.07541
v -15.15197 3.22531 3.52741
v -15.20432 3.11870 3.60352
v -15.32892 3.15942 3.65565
v -15.35357 3.29121 3.61175
v -15.24420 3.33193 3.53250
v -14.95171 3.46316 4.12908
v -15.25660 3.22531 3.58616
v -16.24216 3.46316 4.85375
v -16.29451 3.35655 4.92986
v -16.41911 3.39727 4.98199
v -16.44376 3.52905 4.93810
v -16.33440 3.56978 4.85884
v -16.54704 3.22531 4.31084
v -16.59940 3.11870 4.38695
v -16.72400 3.15942 4.43908
v -16.74864 3.29121 4.39519
v -16.63928 3.33193 4.31593
v -16.34679 3.46316 4.91251
v -16.65167 3.22531 4.36960
v -15.03890 0.00495 4.00811
v -15.20037 -0.00684 4.12529
v -15.13869 -0.00917 4.31537
v -14.93912 0.00117 4.31567
v -14.87744 0.00989 4.12577
v -15.21329 3.36695 4.14603
v -15.33676 3.35794 4.23563
v -15.28960 3.35615 4.38098
v -15.13698 3.36406 4.38121
v -15.08982 3.37073 4.23600
v -15.03890 0.00000 4.17804
v -15.21329 3.36316 4.27597
v -16.25960 -0.00495 4.69362
v -16.42106 0.00684 4.81079
v -16.35939 0.00917 5.00087
v -16.15981 -0.00117 5.00117
v -16.09813 -0.00989 4.81128
v -16.08521 3.35938 4.63567
v -16.20868 3.36839 4.72527
v -16.16152 3.37018 4.87063
v -16.00890 3.36227 4.87086
v -15.96174 3.35560 4.72565
v -16.25960 0.00000 4.86354
v -16.08521 3.36316 4.76562
v -15.11678 1.73158 4.14149
v -15.11724 1.67403 4.22203
v -15.04823 1.73158 4.26356
v -15.04776 1.78914 4.18301
v -16.25027 2.63158 4.77803
v -16.25074 2.57403 4.85857
v -16.18172 2.63158 4.90010
v -16.18126 2.68914 4.81955
v -15.08250 1.73158 4.20252
v -16.21600 2.63158 4.83906
v -16.34925 0.00000 3.82079
v -14.94925 0.00000 3.82079
v -14.94925 0.24000 3.82079
v -16.34925 0.24000 3.82079
v -16.34925 0.00000 5.22079
v -14.94925 0.00000 5.22079
v -14.94925 0.24000 5.22079
v -16.34925 0.24000 5.22079
v -15.13410 3.22531 3.56081
v -15.18895 3.11922 3.63588
v -15.31581 3.15974 3.68239
v -15.33938 3.29089 3.63606
v -15.22707 3.33141 3.56092
v -15.41501 2.97972 3.00849
v -15.46985 2.87363 3.08357
v -15.59672 2.91415 3.13007
v -15.62028 3.04530 3.08374
v -15.50798 3.08582 3.00860
v -15.24106 3.22531 3.61521
v -15.52197 2.97972 3.06289
v -16.56025 3.22531 4.28615
v -16.61509 3.11922 4.36122
v -16.74196 3.15974 4.40772
v -16.76552 3.29089 4.36139
v -16.65322 3.33141 4.28625
v -16.84115 2.97972 3.73383
v -16.89600 2.87363 3.80890
v -17.02287 2.91415 3.85540
v -17.04643 3.04530 3.80907
v -16.93412 3.08582 3.73394
v -16.66721 3.22531 4.34055
v -16.94811 2.97972 3.78823
v -15.05903 3.22531 3.42166
v -15.01823 3.13531 3.50188
v -14.97743 3.22531 3.58210
v -15.01823 3.31531 3.50188
v -16.93084 3.22531 4.37366
v -16.89004 3.13531 4.45388
v -16.84924 3.22531 4.53410
v -16.89004 3.31531 4.45388
v -15.01823 3.22531 3.50188
v -16.89004 3.22531 4.45388
v -15.39596 2.97972 3.04829
v -15.45406 2.87389 3.12125
v -15.58312 2.91432 3.16139
v -15.60477 3.04513 3.11323
v -15.48910 3.08555 3.04333
v -15.64942 2.73024 2.48457
v -15.70752 2.62441 2.55753
v -15.83658 2.66484 2.59767
v -15.85823 2.79565 2.54951
v -15.74256 2.83607 2.47961
v -15.50540 2.97972 3.09750
v -15.75886 2.73024 2.53378
v -16.85524 2.97972 3.70441
v -16.91334 2.87389 3.77738
v -17.04240 2.91432 3.81751
v -17.06405 3.04513 3.76936
v -16.94838 3.08555 3.69946
v -17.10870 2.73024 3.14070
v -17.16680 2.62441 3.21366
v -17.29586 2.66484 3.25380
v -17.31751 2.79565 3.20564
v -17.20184 2.83607 3.13574
v -16.96468 2.97972 3.75362
v -17.21814 2.73024 3.18991
v -15.62846 2.73024 2.53515
v -15.69086 2.62435 2.60439
v -15.82205 2.66480 2.63683
v -15.84074 2.79569 2.58765
v -15.72109 2.83614 2.52481
v -15.84805 2.48167 1.95707
v -15.91045 2.37578 2.02630
v -16.04164 2.41623 2.05874
v -16.06032 2.54711 2.00956
v -15.94068 2.58756 1.94672
v -15.74064 2.73024 2.57777
v -15.96023 2.48167 1.99968
v -17.12419 2.73024 3.10331
v -17.18659 2.62435 3.17255
v -17.31778 2.66480 3.20499
v -17.33646 2.79569 3.15580
v -17.21681 2.83614 3.09296
v -17.34377 2.48167 2.52522
v -17.40617 2.37578 2.59446
v -17.53737 2.41623 2.62690
v -17.55605 2.54711 2.57771
v -17.43640 2.58756 2.51487
v -17.23637 2.73024 3.14592
v -17.45595 2.48167 2.56783
v -15.53889 2.73024 2.40486
v -15.50693 2.64024 2.48899
v -15.47497 2.73024 2.57313
v -15.50693 2.82024 2.48899
v -17.50203 2.73024 3.15056
v -17.47007 2.64024 3.23470
v -17.43811 2.73024 3.31883
v -17.47007 2.82024 3.23470
v -15.50693 2.73024 2.48899
v -17.47007 2.73024 3.23470
v -15.82543 2.48167 2.02431
v -15.89336 2.37524 2.08722
v -16.02652 2.41589 2.10996
v -16.04088 2.54745 2.06110
v -15.91660 2.58810 2.00817
v -16.00067 2.24111 1.42811
v -16.06861 2.13468 1.49102
v -16.20176 2.17534 1.51376
v -16.21613 2.30689 1.46490
v -16.09184 2.34755 1.41197
v -15.94056 2.48167 2.05815
v -16.11580 2.24111 1.46195
v -17.36049 2.48167 2.47552
v -17.42843 2.37524 2.53843
v -17.56158 2.41589 2.56116
v -17.57594 2.54745 2.51231
v -17.45166 2.58810 2.45937
v -17.53573 2.24111 1.87932
v -17.60367 2.13468 1.94223
v -17.73683 2.17534 1.96496
v -17.75119 2.30689 1.91610
v -17.62691 2.34755 1.86317
v -17.47562 2.48167 2.50936
v -17.65086 2.24111 1.91316
v -15.97739 2.24111 1.52732
v -16.05250 2.13335 1.57877
v -16.18711 2.17451 1.58800
v -16.19520 2.30772 1.54226
v -16.06559 2.34888 1.50476
v -16.08692 2.02181 0.90808
v -16.16202 1.91405 0.95953
v -16.29664 1.95521 0.96876
v -16.30473 2.08841 0.92302
v -16.17512 2.12957 0.88551
v -16.09556 2.24111 1.54822
v -16.20509 2.02181 0.92898
v -17.55294 2.24111 1.80599
v -17.62805 2.13335 1.85743
v -17.76266 2.17451 1.86667
v -17.77075 2.30772 1.82092
v -17.64114 2.34888 1.78342
v -17.66247 2.02181 1.18674
v -17.73757 1.91405 1.23819
v -17.87218 1.95521 1.24742
v -17.88027 2.08841 1.20168
v -17.75066 2.12957 1.16418
v -17.67111 2.24111 1.82689
v -17.78063 2.02181 1.20764
v -15.86506 2.24111 1.41605
v -15.84938 2.15111 1.50468
v -15.83371 2.24111 1.59330
v -15.84938 2.33111 1.50468
v -17.93296 2.24111 1.78180
v -17.91729 2.15111 1.87043
v -17.90161 2.24111 1.95905
v -17.91729 2.33111 1.87043
v -15.84938 2.24111 1.50468
v -17.91729 2.24111 1.87043
v -16.19403 0.00277 1.39566
v -16.35503 -0.01395 1.51287
v -16.29354 -0.01139 1.70300
v -16.09453 0.00691 1.70330
v -16.03303 0.01566 1.51335
v -16.39098 2.14323 1.47049
v -16.51409 2.13045 1.56012
v -16.46707 2.13241 1.70551
v -16.31488 2.14640 1.70574
v -16.26786 2.15309 1.56049
v -16.19403 0.00000 1.56564
v -16.39098 2.14111 1.60047
v -17.57264 -0.00277 1.63949
v -17.73364 0.01395 1.75670
v -17.67214 0.01139 1.94684
v -17.47313 -0.00691 1.94713
v -17.41164 -0.01566 1.75718
v -17.37569 2.13900 1.64465
v -17.49881 2.15178 1.73429
v -17.45178 2.14982 1.87968
v -17.29960 2.13583 1.87991
v -17.25257 2.12914 1.73465
v -17.57264 0.00000 1.80947
v -17.37569 2.14111 1.77464
v -17.58333 0.00000 0.98755
v -16.18333 0.00000 0.98755
v -16.18333 0.24000 0.98755
v -17.58333 0.24000 0.98755
v -17.58333 0.00000 2.38755
v -16.18333 0.00000 2.38755
v -16.18333 0.24000 2.38755
v -17.58333 0.24000 2.38755
v -16.07290 2.02181 1.05975
v -16.15551 1.91251 1.09337
v -16.28978 1.95426 1.08207
v -16.29016 2.08936 1.04147
v -16.15612 2.13111 1.02767
v -16.07883 1.83022 0.42233
v -16.16144 1.72093 0.45595
v -16.29571 1.76267 0.44465
v -16.29609 1.89777 0.40405
v -16.16205 1.93952 0.39026
v -16.19289 2.02181 1.06087
v -16.19883 1.83022 0.42345
v -17.67283 2.02181 1.07464
v -17.75544 1.91251 1.10826
v -17.88971 1.95426 1.09696
v -17.89009 2.08936 1.05636
v -17.75605 2.13111 1.04256
v -17.67876 1.83022 0.43722
v -17.76137 1.72093 0.47084
v -17.89565 1.76267 0.45955
v -17.89602 1.89777 0.41894
v -17.76198 1.93952 0.40515
v -17.79282 2.02181 1.07576
v -17.79876 1.83022 0.43834
v -16.09235 1.83022 0.58826
v -16.17922 1.72017 0.60385
v -16.30943 1.76221 0.56953
v -16.30304 1.89824 0.53273
v -16.16888 1.94028 0.54430
v -15.98253 1.65394 -0.04429
v -16.06940 1.54388 -0.02870
v -16.19961 1.58592 -0.06302
v -16.19322 1.72195 -0.09982
v -16.05906 1.76399 -0.08824
v -16.21058 1.83022 0.56774
v -16.10077 1.65394 -0.06481
v -17.66877 1.83022 0.31458
v -17.75563 1.72017 0.33017
v -17.88585 1.76221 0.29585
v -17.87946 1.89824 0.25905
v -17.74530 1.94028 0.27062
v -17.55895 1.65394 -0.31797
v -17.64582 1.54388 -0.30238
v -17.77603 1.58592 -0.33670
v -17.76964 1.72195 -0.37350
v -17.63548 1.76399 -0.36192
v -17.78700 1.83022 0.29406
v -17.67719 1.65394 -0.33849
v -15.94887 1.83022 0.52182
v -15.96427 1.74022 0.61050
v -15.97966 1.83022 0.69917
v -15.96427 1.92022 0.61050
v -18.01792 1.83022 0.16262
v -18.03332 1.74022 0.25129
v -18.04871 1.83022 0.33997
v -18.03332 1.92022 0.25129
v -15.96427 1.83022 0.61050
v -18.03332 1.83022 0.25129
v -16.01902 1.65394 0.09765
v -16.10630 1.54311 0.09644
v -16.22977 1.58544 0.04295
v -16.21882 1.72243 0.01110
v -16.08856 1.76476 0.04491
v -15.80863 1.49492 -0.51388
v -15.89590 1.38409 -0.51508
v -16.01938 1.42642 -0.56857
v -16.00842 1.56341 -0.60043
v -15.87817 1.60574 -0.56662
v -16.13249 1.65394 0.05861
v -15.92210 1.49492 -0.55292
v -17.53198 1.65394 -0.42288
v -17.61926 1.54311 -0.42408
v -17.74274 1.58544 -0.47757
v -17.73178 1.72243 -0.50942
v -17.60153 1.76476 -0.47562
v -17.32159 1.49492 -1.03440
v -17.40887 1.38409 -1.03561
v -17.53234 1.42642 -1.08910
v -17.52139 1.56341 -1.12095
v -17.39113 1.60574 -1.08715
v -17.64546 1.65394 -0.46191
v -17.43506 1.49492 -1.07344
v -15.85583 1.49492 -0.40150
v -15.94087 1.38341 -0.41685
v -16.05669 1.42600 -0.48519
v -16.04324 1.56383 -0.51208
v -15.91910 1.60642 -0.46036
v -15.56459 1.35293 -0.98355
v -15.64963 1.24143 -0.99890
v -15.76546 1.28402 -1.06724
v -15.75200 1.42184 -1.09413
v -15.62786 1.46443 -1.04240
v -15.96315 1.49492 -0.45520
v -15.67191 1.35293 -1.03724
v -17.28670 1.49492 -1.11746
v -17.37174 1.38341 -1.13281
v -17.48757 1.42600 -1.20116
v -17.47411 1.56383 -1.22805
v -17.34997 1.60642 -1.17632
v -16.99547 1.35293 -1.69951
v -17.08051 1.24143 -1.71486
v -17.19633 1.28402 -1.78320
v -17.18287 1.42184 -1.81009
v -17.05873 1.46443 -1.75837
v -17.39402 1.49492 -1.17116
v -17.10278 1.35293 -1.75321
v -15.69930 1.49492 -0.42381
v -15.73957 1.40492 -0.34333
v -15.77985 1.49492 -0.26284
v -15.73957 1.58492 -0.34333
v -17.57732 1.49492 -1.36352
v -17.61759 1.40492 -1.28303
v -17.65787 1.49492 -1.20254
v -17.61759 1.58492 -1.28303
v -15.73957 1.49492 -0.34333
v -17.61759 1.49492 -1.28303
v -15.61455 1.35293 -0.89603
v -15.69596 1.24088 -0.92283
v -15.80417 1.28368 -1.00258
v -15.78964 1.42218 -1.02507
v -15.67245 1.46498 -0.95922
v -15.25959 1.22645 -1.44555
v -15.34099 1.11440 -1.47234
v -15.44920 1.15720 -1.55209
v -15.43467 1.29570 -1.57458
v -15.31749 1.33850 -1.50874
v -15.71535 1.35293 -0.96114
v -15.36039 1.22645 -1.51066
v -16.95854 1.35293 -1.76419
v -17.03994 1.24088 -1.79099
v -17.14815 1.28368 -1.87074
v -17.13362 1.42218 -1.89323
v -17.01644 1.46498 -1.82738
v -16.60357 1.22645 -2.31371
v -16.68498 1.11440 -2.34050
v -16.79319 1.15720 -2.42025
v -16.77866 1.29570 -2.44274
v -16.66147 1.33850 -2.37690
v -17.05934 1.35293 -1.82931
v -16.70437 1.22645 -2.37882
v -15.30814 1.22645 -1.37740
v -15.38535 1.11398 -1.41329
v -15.48641 1.15694 -1.50185
v -15.47166 1.29596 -1.52068
v -15.36148 1.33893 -1.44377
v -14.90315 1.11342 -1.89439
v -14.98036 1.00095 -1.93029
v -15.08142 1.04391 -2.01884
v -15.06666 1.18294 -2.03768
v -14.95648 1.22590 -1.96076
v -15.40261 1.22645 -1.45140
v -14.99761 1.11342 -1.96839
v -16.56769 1.22645 -2.36408
v -16.64490 1.11398 -2.39998
v -16.74596 1.15694 -2.48853
v -16.73120 1.29596 -2.50737
v -16.62103 1.33893 -2.43045
v -16.16269 1.11342 -2.88108
v -16.23990 1.00095 -2.91697
v -16.34096 1.04391 -3.00553
v -16.32621 1.18294 -3.02436
v -16.21603 1.22590 -2.94745
v -16.66215 1.22645 -2.43808
v -16.25716 1.11342 -2.95508
v -15.15030 1.22645 -1.36808
v -15.20580 1.13645 -1.29723
v -15.26130 1.22645 -1.22638
v -15.20580 1.31645 -1.29723
v -16.80346 1.22645 -2.66310
v -16.85896 1.13645 -2.59225
v -16.91446 1.22645 -2.52140
v -16.85896 1.31645 -2.59225
v -15.20580 1.22645 -1.29723
v -16.85896 1.22645 -2.59225
v -14.94792 1.11342 -1.84147
v -15.02093 1.00064 -1.88448
v -15.11552 1.04372 -1.97986
v -15.10097 1.18313 -1.99579
v -14.99739 1.22621 -1.91027
v -14.50389 1.01149 -2.32788
v -14.57690 0.89871 -2.37089
v -14.67149 0.94179 -2.46627
v -14.65695 1.08120 -2.48220
v -14.55337 1.12428 -2.39667
v -15.03655 1.11342 -1.92237
v -14.59252 1.01149 -2.40878
v -16.12960 1.11342 -2.92019
v -16.20261 1.00064 -2.96320
v -16.29720 1.04372 -3.05858
v -16.28265 1.18313 -3.07452
v -16.17907 1.22621 -2.98899
v -15.68557 1.01149 -3.40660
v -15.75858 0.89871 -3.44961
v -15.85317 0.94179 -3.54499
v -15.83862 1.08120 -3.56092
v -15.73504 1.12428 -3.47539
v -16.21822 1.11342 -3.00110
v -15.77420 1.01149 -3.48750
v -14.54537 1.01149 -2.28529
v -14.61433 0.89848 -2.33400
v -14.70299 0.94165 -2.43488
v -14.68882 1.08134 -2.44852
v -14.59141 1.12451 -2.35607
v -14.06987 0.91858 -2.74296
v -14.13883 0.80557 -2.79166
v -14.22749 0.84873 -2.89254
v -14.21332 0.98843 -2.90618
v -14.11591 1.03159 -2.81373
v -14.62859 1.01149 -2.37175
v -14.15309 0.91858 -2.82941
v -15.65492 1.01149 -3.43807
v -15.72388 0.89848 -3.48678
v -15.81254 0.94165 -3.58766
v -15.79837 1.08134 -3.60130
v -15.70095 1.12451 -3.50885
v -15.17942 0.91858 -3.89574
v -15.24838 0.80557 -3.94445
v -15.33704 0.84873 -4.04533
v -15.32287 0.98843 -4.05896
v -15.22545 1.03159 -3.96651
v -15.73813 1.01149 -3.52453
v -15.26263 0.91858 -3.98220
v -14.39038 1.01149 -2.25404
v -14.45522 0.92149 -2.19163
v -14.52006 1.01149 -2.12922
v -14.45522 1.10149 -2.19163
v -15.84665 1.01149 -3.76707
v -15.91150 0.92149 -3.70466
v -15.97634 1.01149 -3.64224
v -15.91150 1.10149 -3.70466
v -14.45522 1.01149 -2.19163
v -15.91150 1.01149 -3.70466
v -14.10896 0.91858 -2.70743
v -14.17410 0.80540 -2.76080
v -14.25718 0.84863 -2.86630
v -14.24338 0.98853 -2.87814
v -14.15178 1.03176 -2.77995
v -13.60724 0.83271 -3.13769
v -13.67238 0.71953 -3.19106
v -13.75545 0.76276 -3.29656
v -13.74166 0.90265 -3.30839
v -13.65006 0.94588 -3.21021
v -14.18708 0.91858 -2.79853
v -13.68536 0.83271 -3.22878
v -15.15052 0.91858 -3.92199
v -15.21566 0.80540 -3.97537
v -15.29873 0.84863 -4.08087
v -15.28494 0.98853 -4.09270
v -15.19334 1.03176 -3.99451
v -14.64880 0.83271 -4.35225
v -14.71394 0.71953 -4.40562
v -14.79701 0.76276 -4.51112
v -14.78321 0.90265 -4.52295
v -14.69161 0.94588 -4.42477
v -15.22864 0.91858 -4.01309
v -14.72691 0.83271 -4.44334
v -13.65322 0.83271 -3.10075
v -13.71361 0.71935 -3.15908
v -13.79021 0.76265 -3.26935
v -13.77716 0.90277 -3.27916
v -13.69250 0.94607 -3.17496
v -13.12423 0.75560 -3.49852
v -13.18462 0.64224 -3.55686
v -13.26122 0.68554 -3.66712
v -13.24817 0.82566 -3.67693
v -13.16351 0.86896 -3.57273
v -13.72534 0.83271 -3.19666
v -13.19635 0.75560 -3.59443
v -14.61481 0.83271 -4.37956
v -14.67520 0.71935 -4.43789
v -14.75180 0.76265 -4.54815
v -14.73875 0.90277 -4.55796
v -14.65409 0.94607 -4.45376
v -14.08582 0.75560 -4.77733
v -14.14621 0.64224 -4.83566
v -14.22281 0.68554 -4.94593
v -14.20976 0.82566 -4.95574
v -14.12510 0.86896 -4.85154
v -14.68693 0.83271 -4.47547
v -14.15794 0.75560 -4.87324
v -13.50316 0.83271 -3.05094
v -13.57509 0.74271 -2.99685
v -13.64703 0.83271 -2.94276
v -13.57509 0.92271 -2.99685
v -14.76525 0.83271 -4.72937
v -14.83718 0.74271 -4.67528
v -14.90911 0.83271 -4.62119
v -14.83718 0.92271 -4.67528
v -13.57509 0.83271 -2.99685
v -14.83718 0.83271 -4.67528
v -13.20028 0.75560 -3.44707
v -13.25149 0.64188 -3.51299
v -13.31789 0.68532 -3.62963
v -13.30772 0.82588 -3.63579
v -13.23504 0.86932 -3.52296
v -12.63252 0.69945 -3.79119
v -12.68372 0.58573 -3.85711
v -12.75012 0.62917 -3.97375
v -12.73996 0.76973 -3.97991
v -12.66727 0.81317 -3.86708
v -13.26248 0.75560 -3.54969
v -12.69472 0.69945 -3.89381
v -14.02961 0.75560 -4.81536
v -14.08081 0.64188 -4.88128
v -14.14721 0.68532 -4.99792
v -14.13704 0.82588 -5.00408
v -14.06436 0.86932 -4.89125
v -13.46184 0.69945 -5.15948
v -13.51304 0.58573 -5.22540
v -13.57944 0.62917 -5.34204
v -13.56928 0.76973 -5.34821
v -13.49659 0.81317 -5.23538
v -14.09180 0.75560 -4.91798
v -13.52404 0.69945 -5.26210
v -12.70449 0.69945 -3.75184
v -12.74680 0.58551 -3.82345
v -12.80362 0.62903 -3.94501
v -12.79644 0.76987 -3.94853
v -12.73517 0.81339 -3.82915
v -12.10708 0.66165 -4.04464
v -12.14939 0.54771 -4.11625
v -12.20621 0.59123 -4.23781
v -12.19903 0.73207 -4.24133
v -12.13776 0.77559 -4.12194
v -12.75730 0.69945 -3.85959
v -12.15989 0.66165 -4.15239
v -13.40865 0.69945 -5.18856
v -13.45095 0.58551 -5.26017
v -13.50778 0.62903 -5.38173
v -13.50059 0.76987 -5.38525
v -13.43933 0.81339 -5.26587
v -12.81124 0.66165 -5.48136
v -12.85354 0.54771 -5.55297
v -12.91037 0.59123 -5.67453
v -12.90318 0.73207 -5.67805
v -12.84192 0.77559 -5.55866
v -13.46146 0.69945 -5.29632
v -12.86405 0.66165 -5.58911
v -12.56646 0.69945 -3.67472
v -12.64728 0.60945 -3.63511
v -12.72809 0.69945 -3.59550
v -12.64728 0.78945 -3.63511
v -13.49067 0.69945 -5.56041
v -13.57148 0.60945 -5.52080
v -13.65230 0.69945 -5.48119
v -13.57148 0.78945 -5.52080
v -12.64728 0.69945 -3.63511
v -13.57148 0.69945 -5.52080
v -12.16973 0.66165 -4.01678
v -12.20435 0.54760 -4.09223
v -12.25281 0.59116 -4.21735
v -12.24815 0.73214 -4.21922
v -12.19680 0.77571 -4.09526
v -11.55150 0.63790 -4.26455
v -11.58612 0.52384 -4.34000
v -11.63459 0.56741 -4.46511
v -11.62993 0.70839 -4.46698
v -11.57857 0.75195 -4.34303
v -12.21437 0.66165 -4.12817
v -11.59614 0.63790 -4.37593
v -12.76494 0.66165 -5.50195
v -12.79956 0.54760 -5.57740
v -12.84803 0.59116 -5.70252
v -12.84336 0.73214 -5.70439
v -12.79201 0.77571 -5.58043
v -12.14671 0.63790 -5.74971
v -12.18134 0.52384 -5.82517
v -12.22980 0.56741 -5.95028
v -12.22514 0.70839 -5.95215
v -12.17379 0.75195 -5.82819
v -12.80958 0.66165 -5.61334
v -12.19136 0.63790 -5.86110
v -11.60469 0.63790 -4.24511
v -11.63296 0.52380 -4.32309
v -11.67427 0.56738 -4.45074
v -11.67152 0.70842 -4.45165
v -11.62852 0.75200 -4.32456
v -10.97208 0.62423 -4.45448
v -11.00035 0.51012 -4.53246
v -11.04166 0.55371 -4.66011
v -11.03891 0.69475 -4.66102
v -10.99591 0.73833 -4.53393
v -11.64239 0.63790 -4.35903
v -11.00978 0.62423 -4.56840
v -12.10740 0.63790 -5.76408
v -12.13568 0.52380 -5.84206
v -12.17698 0.56738 -5.96972
v -12.17424 0.70842 -5.97062
v -12.13123 0.75200 -5.84354
v -11.47480 0.62423 -5.97345
v -11.50307 0.51012 -6.05143
v -11.54438 0.55371 -6.17908
v -11.54163 0.69475 -6.17999
v -11.49863 0.73833 -6.05290
v -12.14511 0.63790 -5.87800
v -11.51250 0.62423 -6.08737
v -11.47840 0.63790 -4.14997
v -11.56384 0.54790 -4.12169
v -11.64928 0.63790 -4.09341
v -11.56384 0.72790 -4.12169
v -12.13821 0.63790 -6.14362
v -12.22366 0.54790 -6.11534
v -12.30910 0.63790 -6.08707
v -12.22366 0.72790 -6.11534
v -11.56384 0.63790 -4.12169
v -12.22366 0.63790 -6.11534
v -11.01599 0.62423 -4.44115
v -11.03926 0.51011 -4.52074
v -11.07456 0.55370 -4.65018
v -11.07310 0.69476 -4.65058
v -11.03690 0.73835 -4.52140
v -10.37360 0.61708 -4.61875
v -10.39687 0.50296 -4.69834
v -10.43217 0.54655 -4.82778
v -10.43072 0.68761 -4.82818
v -10.39452 0.73120 -4.69900
v -11.04796 0.62423 -4.55681
v -10.40558 0.61708 -4.73441
v -11.44234 0.62423 -5.98330
v -11.46562 0.51011 -6.06289
v -11.50092 0.55370 -6.19233
v -11.49946 0.69476 -6.19273
v -11.46326 0.73835 -6.06354
v -10.79995 0.61708 -6.16090
v -10.82323 0.50296 -6.24049
v -10.85853 0.54655 -6.36993
v -10.85707 0.68761 -6.37033
v -10.82087 0.73120 -6.24114
v -11.47432 0.62423 -6.09896
v -10.83193 0.61708 -6.27656
v -10.40977 0.61708 -4.60954
v -10.42920 0.50296 -4.69015
v -10.45945 0.54655 -4.82086
v -10.45871 0.68762 -4.82103
v -10.42801 0.73121 -4.69043
v -9.76065 0.61351 -4.76095
v -9.78009 0.49938 -4.84156
v -9.81034 0.54298 -4.97227
v -9.80960 0.68404 -4.97244
v -9.77889 0.72763 -4.84184
v -10.43703 0.61708 -4.72640
v -9.78791 0.61351 -4.87781
v -10.77322 0.61708 -6.16771
v -10.79265 0.50296 -6.24832
v -10.82290 0.54655 -6.37903
v -10.82217 0.68762 -6.37920
v -10.79146 0.73121 -6.24860
v -10.12411 0.61351 -6.31912
v -10.14354 0.49938 -6.39973
v -10.17379 0.54298 -6.53044
v -10.17305 0.68404 -6.53061
v -10.14235 0.72763 -6.40001
v -10.80048 0.61708 -6.28457
v -10.15137 0.61351 -6.43598
v -10.29259 0.61708 -4.50338
v -10.38024 0.52708 -4.48293
v -10.46788 0.61708 -4.46249
v -10.38024 0.70708 -4.48293
v -10.76962 0.61708 -6.54848
v -10.85727 0.52708 -6.52804
v -10.94492 0.61708 -6.50759
v -10.85727 0.70708 -6.52804
v -10.38024 0.61708 -4.48293
v -10.85727 0.61708 -6.52804
v -9.79003 0.61351 -4.75460
v -9.80665 0.49938 -4.83583
v -9.83268 0.54297 -4.96745
v -9.83215 0.68404 -4.96756
v -9.80579 0.72763 -4.83601
v -9.13630 0.61094 -4.88473
v -9.15292 0.49681 -4.96596
v -9.17895 0.54040 -5.09758
v -9.17841 0.68147 -5.09769
v -9.15206 0.72506 -4.96614
v -9.81346 0.61351 -4.87229
v -9.15973 0.61094 -5.00242
v -10.10240 0.61351 -6.32381
v -10.11902 0.49938 -6.40505
v -10.14504 0.54297 -6.53666
v -10.14451 0.68404 -6.53677
v -10.11815 0.72763 -6.40522
v -9.44867 0.61094 -6.45394
v -9.46528 0.49681 -6.53518
v -9.49131 0.54040 -6.66679
v -9.49078 0.68147 -6.66690
v -9.46442 0.72506 -6.53535
v -10.12582 0.61351 -6.44150
v -9.47209 0.61094 -6.57163
v -9.15977 0.61094 -4.88037
v -9.17449 0.49681 -4.96198
v -9.19701 0.54040 -5.09424
v -9.19622 0.68147 -5.09437
v -9.17320 0.72506 -4.96220
v -8.50288 0.60711 -4.99350
v -8.51760 0.49298 -5.07510
v -8.54012 0.53658 -5.20736
v -8.53932 0.67764 -5.20750
v -8.51631 0.72123 -5.07532
v -9.18014 0.61094 -4.99863
v -8.52325 0.60711 -5.11176
v -9.43132 0.61094 -6.45716
v -9.44603 0.49681 -6.53876
v -9.46856 0.54040 -6.67103
v -9.46776 0.68147 -6.67116
v -9.44474 0.72506 -6.53899
v -8.77443 0.60711 -6.57029
v -8.78914 0.49298 -6.65189
v -8.81167 0.53658 -6.78415
v -8.81087 0.67764 -6.78429
v -8.78785 0.72123 -6.65211
v -9.45168 0.61094 -6.57542
v -8.79479 0.60711 -6.68855
v -9.04902 0.61094 -4.76753
v -9.13771 0.52094 -4.75226
v -9.22640 0.61094 -4.73698
v -9.13771 0.70094 -4.75226
v -9.40542 0.61094 -6.83707
v -9.49411 0.52094 -6.82179
v -9.58281 0.61094 -6.80652
v -9.49411 0.70094 -6.82179
v -9.13771 0.61094 -4.75226
v -9.49411 0.61094 -6.82179
v -8.52120 0.60711 -4.99053
v -8.53483 0.49299 -5.07233
v -8.55446 0.53658 -5.20505
v -8.55298 0.67764 -5.20528
v -8.53242 0.72123 -5.07270
v -7.86218 0.60000 -5.09038
v -7.87581 0.48588 -5.17218
v -7.89545 0.52947 -5.30490
v -7.89396 0.67053 -5.30513
v -7.87340 0.71412 -5.17255
v -8.53918 0.60711 -5.10918
v -7.88016 0.60000 -5.20903
v -8.76088 0.60711 -6.57248
v -8.77451 0.49299 -6.65428
v -8.79415 0.53658 -6.78700
v -8.79266 0.67764 -6.78722
v -8.77210 0.72123 -6.65464
v -8.10187 0.60000 -6.67233
v -8.11549 0.48588 -6.75413
v -8.13513 0.52947 -6.88685
v -8.13364 0.67053 -6.88707
v -8.11308 0.71412 -6.75449
v -8.77886 0.60711 -6.69112
v -8.11984 0.60000 -6.79097
v -8.00000 0.00000 -9.50000
v 8.00000 0.00000 -9.50000
v 8.00000 0.40000 -9.50000
v -8.00000 0.40000 -9.50000
v -8.00000 0.00000 -6.90000
v 8.00000 0.00000 -6.90000
v 8.00000 0.40000 -6.90000
v -8.00000 0.40000 -6.90000
v -8.20000 0.38000 -9.65000
v 8.20000 0.38000 -9.65000
v 8.20000 0.46000 -9.65000
v -8.20000 0.46000 -9.65000
v -8.20000 0.38000 -6.75000
v 8.20000 0.38000 -6.75000
v 8.20000 0.46000 -6.75000
v -8.20000 0.46000 -6.75000
v -7.00000 0.40000 -9.44000
v -7.12124 0.40000 -9.37000
v -7.12124 0.40000 -9.23000
v -7.00000 0.40000 -9.16000
v -6.87876 0.40000 -9.23000
v -6.87876 0.40000 -9.37000
v -7.00000 4.40000 -9.44000
v -7.12124 4.40000 -9.37000
v -7.12124 4.40000 -9.23000
v -7.00000 4.40000 -9.16000
v -6.87876 4.40000 -9.23000
v -6.87876 4.40000 -9.37000
v -7.00000 0.40000 -9.30000
v -7.00000 4.40000 -9.30000
v -7.00000 0.40000 -7.24000
v -7.12124 0.40000 -7.17000
v -7.12124 0.40000 -7.03000
v -7.00000 0.40000 -6.96000
v -6.87876 0.40000 -7.03000
v -6.87876 0.40000 -7.17000
v -7.00000 4.40000 -7.24000
v -7.12124 4.40000 -7.17000
v -7.12124 4.40000 -7.03000
v -7.00000 4.40000 -6.96000
v -6.87876 4.40000 -7.03000
v -6.87876 4.40000 -7.17000
v -7.00000 0.40000 -7.10000
v -7.00000 4.40000 -7.10000
v -2.30000 0.40000 -9.44000
v -2.42124 0.40000 -9.37000
v -2.42124 0.40000 -9.23000
v -2.30000 0.40000 -9.16000
v -2.17876 0.40000 -9.23000
v -2.17876 0.40000 -9.37000
v -2.30000 4.40000 -9.44000
v -2.42124 4.40000 -9.37000
v -2.42124 4.40000 -9.23000
v -2.30000 4.40000 -9.16000
v -2.17876 4.40000 -9.23000
v -2.17876 4.40000 -9.37000
v -2.30000 0.40000 -9.30000
v -2.30000 4.40000 -9.30000
v -2.30000 0.40000 -7.24000
v -2.42124 0.40000 -7.17000
v -2.42124 0.40000 -7.03000
v -2.30000 0.40000 -6.96000
v -2.17876 0.40000 -7.03000
v -2.17876 0.40000 -7.17000
v -2.30000 4.40000 -7.24000
v -2.42124 4.40000 -7.17000
v -2.42124 4.40000 -7.03000
v -2.30000 4.40000 -6.96000
v -2.17876 4.40000 -7.03000
v -2.17876 4.40000 -7.17000
v -2.30000 0.40000 -7.10000
v -2.30000 4.40000 -7.10000
v 2.30000 0.40000 -9.44000
v 2.17876 0.40000 -9.37000
v 2.17876 0.40000 -9.23000
v 2.30000 0.40000 -9.16000
v 2.42124 0.40000 -9.23000
v 2.42124 0.40000 -9.37000
v 2.30000 4.40000 -9.44000
v 2.17876 4.40000 -9.37000
v 2.17876 4.40000 -9.23000
v 2.30000 4.40000 -9.16000
v 2.42124 4.40000 -9.23000
v 2.42124 4.40000 -9.37000
v 2.30000 0.40000 -9.30000
v 2.30000 4.40000 -9.30000
v 2.30000 0.40000 -7.24000
v 2.17876 0.40000 -7.17000
v 2.17876 0.40000 -7.03000
v 2.30000 0.40000 -6.96000
v 2.42124 0.40000 -7.03000
v 2.42124 0.40000 -7.17000
v 2.30000 4.40000 -7.24000
v 2.17876 4.40000 -7.17000
v 2.17876 4.40000 -7.03000
v 2.30000 4.40000 -6.96000
v 2.42124 4.40000 -7.03000
v 2.42124 4.40000 -7.17000
v 2.30000 0.40000 -7.10000
v 2.30000 4.40000 -7.10000
v 7.00000 0.40000 -9.44000
v 6.87876 0.40000 -9.37000
v 6.87876 0.40000 -9.23000
v 7.00000 0.40000 -9.16000
v 7.12124 0.40000 -9.23000
v 7.12124 0.40000 -9.37000
v 7.00000 4.40000 -9.44000
v 6.87876 4.40000 -9.37000
v 6.87876 4.40000 -9.23000
v 7.00000 4.40000 -9.16000
v 7.12124 4.40000 -9.23000
v 7.12124 4.40000 -9.37000
v 7.00000 0.40000 -9.30000
v 7.00000 4.40000 -9.30000
v 7.00000 0.40000 -7.24000
v 6.87876 0.40000 -7.17000
v 6.87876 0.40000 -7.03000
v 7.00000 0.40000 -6.96000
v 7.12124 0.40000 -7.03000
v 7.12124 0.40000 -7.17000
v 7.00000 4.40000 -7.24000
v 6.87876 4.40000 -7.17000
v 6.87876 4.40000 -7.03000
v 7.00000 4.40000 -6.96000
v 7.12124 4.40000 -7.03000
v 7.12124 4.40000 -7.17000
v 7.00000 0.40000 -7.10000
v 7.00000 4.40000 -7.10000
v -8.40000 4.30000 -9.70000
v -6.30000 4.30000 -9.70000
v -6.30000 4.42000 -9.70000
v -8.40000 4.42000 -9.70000
v -8.40000 4.90000 -6.70000
v -6.30000 4.90000 -6.70000
v -6.30000 5.02000 -6.70000
v -8.40000 5.02000 -6.70000
v -6.30000 4.30000 -9.70000
v -4.20000 4.30000 -9.70000
v -4.20000 4.42000 -9.70000
v -6.30000 4.42000 -9.70000
v -6.30000 4.90000 -6.70000
v -4.20000 4.90000 -6.70000
v -4.20000 5.02000 -6.70000
v -6.30000 5.02000 -6.70000
v -4.20000 4.30000 -9.70000
v -2.10000 4.30000 -9.70000
v -2.10000 4.42000 -9.70000
v -4.20000 4.42000 -9.70000
v -4.20000 4.90000 -6.70000
v -2.10000 4.90000 -6.70000
v -2.10000 5.02000 -6.70000
v -4.20000 5.02000 -6.70000
v -2.10000 4.30000 -9.70000
v 0.00000 4.30000 -9.70000
v 0.00000 4.42000 -9.70000
v -2.10000 4.42000 -9.70000
v -2.10000 4.90000 -6.70000
v 0.00000 4.90000 -6.70000
v 0.00000 5.02000 -6.70000
v -2.10000 5.02000 -6.70000
v 0.00000 4.30000 -9.70000
v 2.10000 4.30000 -9.70000
v 2.10000 4.42000 -9.70000
v 0.00000 4.42000 -9.70000
v 0.00000 4.90000 -6.70000
v 2.10000 4.90000 -6.70000
v 2.10000 5.02000 -6.70000
v 0.00000 5.02000 -6.70000
v 2.10000 4.30000 -9.70000
v 4.20000 4.30000 -9.70000
v 4.20000 4.42000 -9.70000
v 2.10000 4.42000 -9.70000
v 2.10000 4.90000 -6.70000
v 4.20000 4.90000 -6.70000
v 4.20000 5.02000 -6.70000
v 2.10000 5.02000 -6.70000
v 4.20000 4.30000 -9.70000
v 6.30000 4.30000 -9.70000
v 6.30000 4.42000 -9.70000
v 4.20000 4.42000 -9.70000
v 4.20000 4.90000 -6.70000
v 6.30000 4.90000 -6.70000
v 6.30000 5.02000 -6.70000
v 4.20000 5.02000 -6.70000
v 6.30000 4.30000 -9.70000
v 8.40000 4.30000 -9.70000
v 8.40000 4.42000 -9.70000
v 6.30000 4.42000 -9.70000
v 6.30000 4.90000 -6.70000
v 8.40000 4.90000 -6.70000
v 8.40000 5.02000 -6.70000
v 6.30000 5.02000 -6.70000
v -8.62218 0.07664 -11.00000
v -8.91504 0.07664 -10.45269
v -9.57308 0.07664 -10.31752
v -10.10079 0.07664 -10.69627
v -10.10079 0.07664 -11.30373
v -9.57308 0.07664 -11.68248
v -8.91504 0.07664 -11.54731
v -8.30000 0.66000 -11.00000
v -8.71416 0.66000 -10.22599
v -9.64477 0.66000 -10.03482
v -10.39107 0.66000 -10.57046
v -10.39107 0.66000 -11.42954
v -9.64477 0.66000 -11.96518
v -8.71416 0.66000 -11.77401
v -8.62218 1.24336 -11.00000
v -8.91504 1.24336 -10.45269
v -9.57308 1.24336 -10.31752
v -10.10079 1.24336 -10.69627
v -10.10079 1.24336 -11.30373
v -9.57308 1.24336 -11.68248
v -8.91504 1.24336 -11.54731
v -9.40000 -0.16500 -11.00000
v -9.40000 1.48500 -11.00000
v 10.23640 0.06270 -11.20000
v 9.99679 0.06270 -10.75220
v 9.45839 0.06270 -10.64160
v 9.02663 0.06270 -10.95149
v 9.02663 0.06270 -11.44851
v 9.45839 0.06270 -11.75840
v 9.99679 0.06270 -11.64780
v 10.50000 0.54000 -11.20000
v 10.16114 0.54000 -10.56672
v 9.39973 0.54000 -10.41031
v 8.78913 0.54000 -10.84855
v 8.78913 0.54000 -11.55145
v 9.39973 0.54000 -11.98969
v 10.16114 0.54000 -11.83328
v 10.23640 1.01730 -11.20000
v 9.99679 1.01730 -10.75220
v 9.45839 1.01730 -10.64160
v 9.02663 1.01730 -10.95149
v 9.02663 1.01730 -11.44851
v 9.45839 1.01730 -11.75840
v 9.99679 1.01730 -11.64780
v 9.60000 -0.13500 -11.20000
v 9.60000 1.21500 -11.20000
v 11.69497 0.04877 -9.60000
v 11.50861 0.04877 -9.25171
v 11.08986 0.04877 -9.16569
v 10.75404 0.04877 -9.40671
v 10.75404 0.04877 -9.79329
v 11.08986 0.04877 -10.03431
v 11.50861 0.04877 -9.94829
v 11.90000 0.42000 -9.60000
v 11.63644 0.42000 -9.10745
v 11.04424 0.42000 -8.98580
v 10.56932 0.42000 -9.32665
v 10.56932 0.42000 -9.87335
v 11.04424 0.42000 -10.21420
v 11.63644 0.42000 -10.09255
v 11.69497 0.79123 -9.60000
v 11.50861 0.79123 -9.25171
v 11.08986 0.79123 -9.16569
v 10.75404 0.79123 -9.40671
v 10.75404 0.79123 -9.79329
v 11.08986 0.79123 -10.03431
v 11.50861 0.79123 -9.94829
v 11.20000 -0.10500 -9.60000
v 11.20000 0.94500 -9.60000
v 0.00000 4.30000 -8.16000
v -0.04000 4.30000 -8.20000
v -0.00000 4.30000 -8.24000
v 0.04000 4.30000 -8.20000
v 0.00000 3.70000 -8.16000
v -0.04000 3.70000 -8.20000
v -0.00000 3.70000 -8.24000
v 0.04000 3.70000 -8.20000
v 0.00000 4.30000 -8.20000
v 0.00000 3.70000 -8.20000
v 0.15556 3.30201 -8.20000
v 0.11000 3.30201 -8.09000
v 0.00000 3.30201 -8.04444
v -0.11000 3.30201 -8.09000
v -0.15556 3.30201 -8.20000
v -0.11000 3.30201 -8.31000
v -0.00000 3.30201 -8.35556
v 0.11000 3.30201 -8.31000
v 0.22000 3.50000 -8.20000
v 0.15556 3.50000 -8.04444
v 0.00000 3.50000 -7.98000
v -0.15556 3.50000 -8.04444
v -0.22000 3.50000 -8.20000
v -0.15556 3.50000 -8.35556
v -0.00000 3.50000 -8.42000
v 0.15556 3.50000 -8.35556
v 0.15556 3.69799 -8.20000
v 0.11000 3.69799 -8.09000
v 0.00000 3.69799 -8.04444
v -0.11000 3.69799 -8.09000
v -0.15556 3.69799 -8.20000
v -0.11000 3.69799 -8.31000
v -0.00000 3.69799 -8.35556
v 0.11000 3.69799 -8.31000
v 0.00000 3.22000 -8.20000
v 0.00000 3.78000 -8.20000
vt 0.05000 0.50000
vt 0.15000 0.50000
vt 0.25000 0.50000
vt 0.35000 0.50000
vt 0.45000 0.50000
vt 0.55000 0.50000
vt 0.65000 0.50000
vt 0.75000 0.50000
vt 0.85000 0.50000
vt 0.95000 0.50000
usemtl ink
f 1/6 2/6 7/6 6/6
f 11/6 2/6 1/6
f 12/6 6/6 7/6
f 2/6 3/6 8/6 7/6
f 11/6 3/6 2/6
f 12/6 7/6 8/6
f 3/6 4/6 9/6 8/6
f 11/6 4/6 3/6
f 12/6 8/6 9/6
f 4/6 5/6 10/6 9/6
f 11/6 5/6 4/6
f 12/6 9/6 10/6
f 5/6 1/6 6/6 10/6
f 11/6 1/6 5/6
f 12/6 10/6 6/6
f 13/6 14/6 19/6 18/6
f 23/6 14/6 13/6
f 24/6 18/6 19/6
f 14/6 15/6 20/6 19/6
f 23/6 15/6 14/6
f 24/6 19/6 20/6
f 15/6 16/6 21/6 20/6
f 23/6 16/6 15/6
f 24/6 20/6 21/6
f 16/6 17/6 22/6 21/6
f 23/6 17/6 16/6
f 24/6 21/6 22/6
f 17/6 13/6 18/6 22/6
f 23/6 13/6 17/6
f 24/6 22/6 18/6
f 35/6 36/6 41/6 40/6
f 45/6 36/6 35/6
f 46/6 40/6 41/6
f 36/6 37/6 42/6 41/6
f 45/6 37/6 36/6
f 46/6 41/6 42/6
f 37/6 38/6 43/6 42/6
f 45/6 38/6 37/6
f 46/6 42/6 43/6
f 38/6 39/6 44/6 43/6
f 45/6 39/6 38/6
f 46/6 43/6 44/6
f 39/6 35/6 40/6 44/6
f 45/6 35/6 39/6
f 46/6 44/6 40/6
f 47/6 48/6 53/6 52/6
f 57/6 48/6 47/6
f 58/6 52/6 53/6
f 48/6 49/6 54/6 53/6
f 57/6 49/6 48/6
f 58/6 53/6 54/6
f 49/6 50/6 55/6 54/6
f 57/6 50/6 49/6
f 58/6 54/6 55/6
f 50/6 51/6 56/6 55/6
f 57/6 51/6 50/6
f 58/6 55/6 56/6
f 51/6 47/6 52/6 56/6
f 57/6 47/6 51/6
f 58/6 56/6 52/6
f 59/6 60/6 65/6 64/6
f 69/6 60/6 59/6
f 70/6 64/6 65/6
f 60/6 61/6 66/6 65/6
f 69/6 61/6 60/6
f 70/6 65/6 66/6
f 61/6 62/6 67/6 66/6
f 69/6 62/6 61/6
f 70/6 66/6 67/6
f 62/6 63/6 68/6 67/6
f 69/6 63/6 62/6
f 70/6 67/6 68/6
f 63/6 59/6 64/6 68/6
f 69/6 59/6 63/6
f 70/6 68/6 64/6
f 71/6 72/6 77/6 76/6
f 81/6 72/6 71/6
f 82/6 76/6 77/6
f 72/6 73/6 78/6 77/6
f 81/6 73/6 72/6
f 82/6 77/6 78/6
f 73/6 74/6 79/6 78/6
f 81/6 74/6 73/6
f 82/6 78/6 79/6
f 74/6 75/6 80/6 79/6
f 81/6 75/6 74/6
f 82/6 79/6 80/6
f 75/6 71/6 76/6 80/6
f 81/6 71/6 75/6
f 82/6 80/6 76/6
f 93/6 94/6 99/6 98/6
f 103/6 94/6 93/6
f 104/6 98/6 99/6
f 94/6 95/6 100/6 99/6
f 103/6 95/6 94/6
f 104/6 99/6 100/6
f 95/6 96/6 101/6 100/6
f 103/6 96/6 95/6
f 104/6 100/6 101/6
f 96/6 97/6 102/6 101/6
f 103/6 97/6 96/6
f 104/6 101/6 102/6
f 97/6 93/6 98/6 102/6
f 103/6 93/6 97/6
f 104/6 102/6 98/6
f 105/6 106/6 111/6 110/6
f 115/6 106/6 105/6
f 116/6 110/6 111/6
f 106/6 107/6 112/6 111/6
f 115/6 107/6 106/6
f 116/6 111/6 112/6
f 107/6 108/6 113/6 112/6
f 115/6 108/6 107/6
f 116/6 112/6 113/6
f 108/6 109/6 114/6 113/6
f 115/6 109/6 108/6
f 116/6 113/6 114/6
f 109/6 105/6 110/6 114/6
f 115/6 105/6 109/6
f 116/6 114/6 110/6
f 117/6 118/6 123/6 122/6
f 127/6 118/6 117/6
f 128/6 122/6 123/6
f 118/6 119/6 124/6 123/6
f 127/6 119/6 118/6
f 128/6 123/6 124/6
f 119/6 120/6 125/6 124/6
f 127/6 120/6 119/6
f 128/6 124/6 125/6
f 120/6 121/6 126/6 125/6
f 127/6 121/6 120/6
f 128/6 125/6 126/6
f 121/6 117/6 122/6 126/6
f 127/6 117/6 121/6
f 128/6 126/6 122/6
f 129/6 130/6 135/6 134/6
f 139/6 130/6 129/6
f 140/6 134/6 135/6
f 130/6 131/6 136/6 135/6
f 139/6 131/6 130/6
f 140/6 135/6 136/6
f 131/6 132/6 137/6 136/6
f 139/6 132/6 131/6
f 140/6 136/6 137/6
f 132/6 133/6 138/6 137/6
f 139/6 133/6 132/6
f 140/6 137/6 138/6
f 133/6 129/6 134/6 138/6
f 139/6 129/6 133/6
f 140/6 138/6 134/6
f 151/6 152/6 157/6 156/6
f 161/6 152/6 151/6
f 162/6 156/6 157/6
f 152/6 153/6 158/6 157/6
f 161/6 153/6 152/6
f 162/6 157/6 158/6
f 153/6 154/6 159/6 158/6
f 161/6 154/6 153/6
f 162/6 158/6 159/6
f 154/6 155/6 160/6 159/6
f 161/6 155/6 154/6
f 162/6 159/6 160/6
f 155/6 151/6 156/6 160/6
f 161/6 151/6 155/6
f 162/6 160/6 156/6
f 163/6 164/6 169/6 168/6
f 173/6 164/6 163/6
f 174/6 168/6 169/6
f 164/6 165/6 170/6 169/6
f 173/6 165/6 164/6
f 174/6 169/6 170/6
f 165/6 166/6 171/6 170/6
f 173/6 166/6 165/6
f 174/6 170/6 171/6
f 166/6 167/6 172/6 171/6
f 173/6 167/6 166/6
f 174/6 171/6 172/6
f 167/6 163/6 168/6 172/6
f 173/6 163/6 167/6
f 174/6 172/6 168/6
f 175/6 176/6 181/6 180/6
f 185/6 176/6 175/6
f 186/6 180/6 181/6
f 176/6 177/6 182/6 181/6
f 185/6 177/6 176/6
f 186/6 181/6 182/6
f 177/6 178/6 183/6 182/6
f 185/6 178/6 177/6
f 186/6 182/6 183/6
f 178/6 179/6 184/6 183/6
f 185/6 179/6 178/6
f 186/6 183/6 184/6
f 179/6 175/6 180/6 184/6
f 185/6 175/6 179/6
f 186/6 184/6 180/6
f 187/6 188/6 193/6 192/6
f 197/6 188/6 187/6
f 198/6 192/6 193/6
f 188/6 189/6 194/6 193/6
f 197/6 189/6 188/6
f 198/6 193/6 194/6
f 189/6 190/6 195/6 194/6
f 197/6 190/6 189/6
f 198/6 194/6 195/6
f 190/6 191/6 196/6 195/6
f 197/6 191/6 190/6
f 198/6 195/6 196/6
f 191/6 187/6 192/6 196/6
f 197/6 187/6 191/6
f 198/6 196/6 192/6
f 209/6 210/6 215/6 214/6
f 219/6 210/6 209/6
f 220/6 214/6 215/6
f 210/6 211/6 216/6 215/6
f 219/6 211/6 210/6
f 220/6 215/6 216/6
f 211/6 212/6 217/6 216/6
f 219/6 212/6 211/6
f 220/6 216/6 217/6
f 212/6 213/6 218/6 217/6
f 219/6 213/6 212/6
f 220/6 217/6 218/6
f 213/6 209/6 214/6 218/6
f 219/6 209/6 213/6
f 220/6 218/6 214/6
f 221/6 222/6 227/6 226/6
f 231/6 222/6 221/6
f 232/6 226/6 227/6
f 222/6 223/6 228/6 227/6
f 231/6 223/6 222/6
f 232/6 227/6 228/6
f 223/6 224/6 229/6 228/6
f 231/6 224/6 223/6
f 232/6 228/6 229/6
f 224/6 225/6 230/6 229/6
f 231/6 225/6 224/6
f 232/6 229/6 230/6
f 225/6 221/6 226/6 230/6
f 231/6 221/6 225/6
f 232/6 230/6 226/6
f 233/6 234/6 239/6 238/6
f 243/6 234/6 233/6
f 244/6 238/6 239/6
f 234/6 235/6 240/6 239/6
f 243/6 235/6 234/6
f 244/6 239/6 240/6
f 235/6 236/6 241/6 240/6
f 243/6 236/6 235/6
f 244/6 240/6 241/6
f 236/6 237/6 242/6 241/6
f 243/6 237/6 236/6
f 244/6 241/6 242/6
f 237/6 233/6 238/6 242/6
f 243/6 233/6 237/6
f 244/6 242/6 238/6
f 245/6 246/6 251/6 250/6
f 255/6 246/6 245/6
f 256/6 250/6 251/6
f 246/6 247/6 252/6 251/6
f 255/6 247/6 246/6
f 256/6 251/6 252/6
f 247/6 248/6 253/6 252/6
f 255/6 248/6 247/6
f 256/6 252/6 253/6
f 248/6 249/6 254/6 253/6
f 255/6 249/6 248/6
f 256/6 253/6 254/6
f 249/6 245/6 250/6 254/6
f 255/6 245/6 249/6
f 256/6 254/6 250/6
f 267/6 268/6 273/6 272/6
f 277/6 268/6 267/6
f 278/6 272/6 273/6
f 268/6 269/6 274/6 273/6
f 277/6 269/6 268/6
f 278/6 273/6 274/6
f 269/6 270/6 275/6 274/6
f 277/6 270/6 269/6
f 278/6 274/6 275/6
f 270/6 271/6 276/6 275/6
f 277/6 271/6 270/6
f 278/6 275/6 276/6
f 271/6 267/6 272/6 276/6
f 277/6 267/6 271/6
f 278/6 276/6 272/6
f 279/6 280/6 285/6 284/6
f 289/6 280/6 279/6
f 290/6 284/6 285/6
f 280/6 281/6 286/6 285/6
f 289/6 281/6 280/6
f 290/6 285/6 286/6
f 281/6 282/6 287/6 286/6
f 289/6 282/6 281/6
f 290/6 286/6 287/6
f 282/6 283/6 288/6 287/6
f 289/6 283/6 282/6
f 290/6 287/6 288/6
f 283/6 279/6 284/6 288/6
f 289/6 279/6 283/6
f 290/6 288/6 284/6
f 291/6 292/6 297/6 296/6
f 301/6 292/6 291/6
f 302/6 296/6 297/6
f 292/6 293/6 298/6 297/6
f 301/6 293/6 292/6
f 302/6 297/6 298/6
f 293/6 294/6 299/6 298/6
f 301/6 294/6 293/6
f 302/6 298/6 299/6
f 294/6 295/6 300/6 299/6
f 301/6 295/6 294/6
f 302/6 299/6 300/6
f 295/6 291/6 296/6 300/6
f 301/6 291/6 295/6
f 302/6 300/6 296/6
f 303/6 304/6 309/6 308/6
f 313/6 304/6 303/6
f 314/6 308/6 309/6
f 304/6 305/6 310/6 309/6
f 313/6 305/6 304/6
f 314/6 309/6 310/6
f 305/6 306/6 311/6 310/6
f 313/6 306/6 305/6
f 314/6 310/6 311/6
f 306/6 307/6 312/6 311/6
f 313/6 307/6 306/6
f 314/6 311/6 312/6
f 307/6 303/6 308/6 312/6
f 313/6 303/6 307/6
f 314/6 312/6 308/6
f 325/6 326/6 331/6 330/6
f 335/6 326/6 325/6
f 336/6 330/6 331/6
f 326/6 327/6 332/6 331/6
f 335/6 327/6 326/6
f 336/6 331/6 332/6
f 327/6 328/6 333/6 332/6
f 335/6 328/6 327/6
f 336/6 332/6 333/6
f 328/6 329/6 334/6 333/6
f 335/6 329/6 328/6
f 336/6 333/6 334/6
f 329/6 325/6 330/6 334/6
f 335/6 325/6 329/6
f 336/6 334/6 330/6
f 337/6 338/6 343/6 342/6
f 347/6 338/6 337/6
f 348/6 342/6 343/6
f 338/6 339/6 344/6 343/6
f 347/6 339/6 338/6
f 348/6 343/6 344/6
f 339/6 340/6 345/6 344/6
f 347/6 340/6 339/6
f 348/6 344/6 345/6
f 340/6 341/6 346/6 345/6
f 347/6 341/6 340/6
f 348/6 345/6 346/6
f 341/6 337/6 342/6 346/6
f 347/6 337/6 341/6
f 348/6 346/6 342/6
f 349/6 350/6 355/6 354/6
f 359/6 350/6 349/6
f 360/6 354/6 355/6
f 350/6 351/6 356/6 355/6
f 359/6 351/6 350/6
f 360/6 355/6 356/6
f 351/6 352/6 357/6 356/6
f 359/6 352/6 351/6
f 360/6 356/6 357/6
f 352/6 353/6 358/6 357/6
f 359/6 353/6 352/6
f 360/6 357/6 358/6
f 353/6 349/6 354/6 358/6
f 359/6 349/6 353/6
f 360/6 358/6 354/6
f 361/6 362/6 367/6 366/6
f 371/6 362/6 361/6
f 372/6 366/6 367/6
f 362/6 363/6 368/6 367/6
f 371/6 363/6 362/6
f 372/6 367/6 368/6
f 363/6 364/6 369/6 368/6
f 371/6 364/6 363/6
f 372/6 368/6 369/6
f 364/6 365/6 370/6 369/6
f 371/6 365/6 364/6
f 372/6 369/6 370/6
f 365/6 361/6 366/6 370/6
f 371/6 361/6 365/6
f 372/6 370/6 366/6
f 383/6 384/6 389/6 388/6
f 393/6 384/6 383/6
f 394/6 388/6 389/6
f 384/6 385/6 390/6 389/6
f 393/6 385/6 384/6
f 394/6 389/6 390/6
f 385/6 386/6 391/6 390/6
f 393/6 386/6 385/6
f 394/6 390/6 391/6
f 386/6 387/6 392/6 391/6
f 393/6 387/6 386/6
f 394/6 391/6 392/6
f 387/6 383/6 388/6 392/6
f 393/6 383/6 387/6
f 394/6 392/6 388/6
f 395/6 396/6 401/6 400/6
f 405/6 396/6 395/6
f 406/6 400/6 401/6
f 396/6 397/6 402/6 401/6
f 405/6 397/6 396/6
f 406/6 401/6 402/6
f 397/6 398/6 403/6 402/6
f 405/6 398/6 397/6
f 406/6 402/6 403/6
f 398/6 399/6 404/6 403/6
f 405/6 399/6 398/6
f 406/6 403/6 404/6
f 399/6 395/6 400/6 404/6
f 405/6 395/6 399/6
f 406/6 404/6 400/6
f 407/6 408/6 413/6 412/6
f 417/6 408/6 407/6
f 418/6 412/6 413/6
f 408/6 409/6 414/6 413/6
f 417/6 409/6 408/6
f 418/6 413/6 414/6
f 409/6 410/6 415/6 414/6
f 417/6 410/6 409/6
f 418/6 414/6 415/6
f 410/6 411/6 416/6 415/6
f 417/6 411/6 410/6
f 418/6 415/6 416/6
f 411/6 407/6 412/6 416/6
f 417/6 407/6 411/6
f 418/6 416/6 412/6
f 419/6 420/6 425/6 424/6
f 429/6 420/6 419/6
f 430/6 424/6 425/6
f 420/6 421/6 426/6 425/6
f 429/6 421/6 420/6
f 430/6 425/6 426/6
f 421/6 422/6 427/6 426/6
f 429/6 422/6 421/6
f 430/6 426/6 427/6
f 422/6 423/6 428/6 427/6
f 429/6 423/6 422/6
f 430/6 427/6 428/6
f 423/6 419/6 424/6 428/6
f 429/6 419/6 423/6
f 430/6 428/6 424/6
f 441/6 442/6 447/6 446/6
f 451/6 442/6 441/6
f 452/6 446/6 447/6
f 442/6 443/6 448/6 447/6
f 451/6 443/6 442/6
f 452/6 447/6 448/6
f 443/6 444/6 449/6 448/6
f 451/6 444/6 443/6
f 452/6 448/6 449/6
f 444/6 445/6 450/6 449/6
f 451/6 445/6 444/6
f 452/6 449/6 450/6
f 445/6 441/6 446/6 450/6
f 451/6 441/6 445/6
f 452/6 450/6 446/6
f 453/6 454/6 459/6 458/6
f 463/6 454/6 453/6
f 464/6 458/6 459/6
f 454/6 455/6 460/6 459/6
f 463/6 455/6 454/6
f 464/6 459/6 460/6
f 455/6 456/6 461/6 460/6
f 463/6 456/6 455/6
f 464/6 460/6 461/6
f 456/6 457/6 462/6 461/6
f 463/6 457/6 456/6
f 464/6 461/6 462/6
f 457/6 453/6 458/6 462/6
f 463/6 453/6 457/6
f 464/6 462/6 458/6
f 465/6 466/6 471/6 470/6
f 475/6 466/6 465/6
f 476/6 470/6 471/6
f 466/6 467/6 472/6 471/6
f 475/6 467/6 466/6
f 476/6 471/6 472/6
f 467/6 468/6 473/6 472/6
f 475/6 468/6 467/6
f 476/6 472/6 473/6
f 468/6 469/6 474/6 473/6
f 475/6 469/6 468/6
f 476/6 473/6 474/6
f 469/6 465/6 470/6 474/6
f 475/6 465/6 469/6
f 476/6 474/6 470/6
f 477/6 478/6 483/6 482/6
f 487/6 478/6 477/6
f 488/6 482/6 483/6
f 478/6 479/6 484/6 483/6
f 487/6 479/6 478/6
f 488/6 483/6 484/6
f 479/6 480/6 485/6 484/6
f 487/6 480/6 479/6
f 488/6 484/6 485/6
f 480/6 481/6 486/6 485/6
f 487/6 481/6 480/6
f 488/6 485/6 486/6
f 481/6 477/6 482/6 486/6
f 487/6 477/6 481/6
f 488/6 486/6 482/6
f 499/6 500/6 505/6 504/6
f 509/6 500/6 499/6
f 510/6 504/6 505/6
f 500/6 501/6 506/6 505/6
f 509/6 501/6 500/6
f 510/6 505/6 506/6
f 501/6 502/6 507/6 506/6
f 509/6 502/6 501/6
f 510/6 506/6 507/6
f 502/6 503/6 508/6 507/6
f 509/6 503/6 502/6
f 510/6 507/6 508/6
f 503/6 499/6 504/6 508/6
f 509/6 499/6 503/6
f 510/6 508/6 504/6
f 511/6 512/6 517/6 516/6
f 521/6 512/6 511/6
f 522/6 516/6 517/6
f 512/6 513/6 518/6 517/6
f 521/6 513/6 512/6
f 522/6 517/6 518/6
f 513/6 514/6 519/6 518/6
f 521/6 514/6 513/6
f 522/6 518/6 519/6
f 514/6 515/6 520/6 519/6
f 521/6 515/6 514/6
f 522/6 519/6 520/6
f 515/6 511/6 516/6 520/6
f 521/6 511/6 515/6
f 522/6 520/6 516/6
f 523/6 524/6 529/6 528/6
f 533/6 524/6 523/6
f 534/6 528/6 529/6
f 524/6 525/6 530/6 529/6
f 533/6 525/6 524/6
f 534/6 529/6 530/6
f 525/6 526/6 531/6 530/6
f 533/6 526/6 525/6
f 534/6 530/6 531/6
f 526/6 527/6 532/6 531/6
f 533/6 527/6 526/6
f 534/6 531/6 532/6
f 527/6 523/6 528/6 532/6
f 533/6 523/6 527/6
f 534/6 532/6 528/6
f 535/6 536/6 541/6 540/6
f 545/6 536/6 535/6
f 546/6 540/6 541/6
f 536/6 537/6 542/6 541/6
f 545/6 537/6 536/6
f 546/6 541/6 542/6
f 537/6 538/6 543/6 542/6
f 545/6 538/6 537/6
f 546/6 542/6 543/6
f 538/6 539/6 544/6 543/6
f 545/6 539/6 538/6
f 546/6 543/6 544/6
f 539/6 535/6 540/6 544/6
f 545/6 535/6 539/6
f 546/6 544/6 540/6
f 557/6 558/6 563/6 562/6
f 567/6 558/6 557/6
f 568/6 562/6 563/6
f 558/6 559/6 564/6 563/6
f 567/6 559/6 558/6
f 568/6 563/6 564/6
f 559/6 560/6 565/6 564/6
f 567/6 560/6 559/6
f 568/6 564/6 565/6
f 560/6 561/6 566/6 565/6
f 567/6 561/6 560/6
f 568/6 565/6 566/6
f 561/6 557/6 562/6 566/6
f 567/6 557/6 561/6
f 568/6 566/6 562/6
f 569/6 570/6 575/6 574/6
f 579/6 570/6 569/6
f 580/6 574/6 575/6
f 570/6 571/6 576/6 575/6
f 579/6 571/6 570/6
f 580/6 575/6 576/6
f 571/6 572/6 577/6 576/6
f 579/6 572/6 571/6
f 580/6 576/6 577/6
f 572/6 573/6 578/6 577/6
f 579/6 573/6 572/6
f 580/6 577/6 578/6
f 573/6 569/6 574/6 578/6
f 579/6 569/6 573/6
f 580/6 578/6 574/6
f 581/6 582/6 587/6 586/6
f 591/6 582/6 581/6
f 592/6 586/6 587/6
f 582/6 583/6 588/6 587/6
f 591/6 583/6 582/6
f 592/6 587/6 588/6
f 583/6 584/6 589/6 588/6
f 591/6 584/6 583/6
f 592/6 588/6 589/6
f 584/6 585/6 590/6 589/6
f 591/6 585/6 584/6
f 592/6 589/6 590/6
f 585/6 581/6 586/6 590/6
f 591/6 581/6 585/6
f 592/6 590/6 586/6
f 593/6 594/6 599/6 598/6
f 603/6 594/6 593/6
f 604/6 598/6 599/6
f 594/6 595/6 600/6 599/6
f 603/6 595/6 594/6
f 604/6 599/6 600/6
f 595/6 596/6 601/6 600/6
f 603/6 596/6 595/6
f 604/6 600/6 601/6
f 596/6 597/6 602/6 601/6
f 603/6 597/6 596/6
f 604/6 601/6 602/6
f 597/6 593/6 598/6 602/6
f 603/6 593/6 597/6
f 604/6 602/6 598/6
f 615/6 616/6 621/6 620/6
f 625/6 616/6 615/6
f 626/6 620/6 621/6
f 616/6 617/6 622/6 621/6
f 625/6 617/6 616/6
f 626/6 621/6 622/6
f 617/6 618/6 623/6 622/6
f 625/6 618/6 617/6
f 626/6 622/6 623/6
f 618/6 619/6 624/6 623/6
f 625/6 619/6 618/6
f 626/6 623/6 624/6
f 619/6 615/6 620/6 624/6
f 625/6 615/6 619/6
f 626/6 624/6 620/6
f 627/6 628/6 633/6 632/6
f 637/6 628/6 627/6
f 638/6 632/6 633/6
f 628/6 629/6 634/6 633/6
f 637/6 629/6 628/6
f 638/6 633/6 634/6
f 629/6 630/6 635/6 634/6
f 637/6 630/6 629/6
f 638/6 634/6 635/6
f 630/6 631/6 636/6 635/6
f 637/6 631/6 630/6
f 638/6 635/6 636/6
f 631/6 627/6 632/6 636/6
f 637/6 627/6 631/6
f 638/6 636/6 632/6
f 639/6 640/6 645/6 644/6
f 649/6 640/6 639/6
f 650/6 644/6 645/6
f 640/6 641/6 646/6 645/6
f 649/6 641/6 640/6
f 650/6 645/6 646/6
f 641/6 642/6 647/6 646/6
f 649/6 642/6 641/6
f 650/6 646/6 647/6
f 642/6 643/6 648/6 647/6
f 649/6 643/6 642/6
f 650/6 647/6 648/6
f 643/6 639/6 644/6 648/6
f 649/6 639/6 643/6
f 650/6 648/6 644/6
f 651/6 652/6 657/6 656/6
f 661/6 652/6 651/6
f 662/6 656/6 657/6
f 652/6 653/6 658/6 657/6
f 661/6 653/6 652/6
f 662/6 657/6 658/6
f 653/6 654/6 659/6 658/6
f 661/6 654/6 653/6
f 662/6 658/6 659/6
f 654/6 655/6 660/6 659/6
f 661/6 655/6 654/6
f 662/6 659/6 660/6
f 655/6 651/6 656/6 660/6
f 661/6 651/6 655/6
f 662/6 660/6 656/6
f 673/6 674/6 679/6 678/6
f 683/6 674/6 673/6
f 684/6 678/6 679/6
f 674/6 675/6 680/6 679/6
f 683/6 675/6 674/6
f 684/6 679/6 680/6
f 675/6 676/6 681/6 680/6
f 683/6 676/6 675/6
f 684/6 680/6 681/6
f 676/6 677/6 682/6 681/6
f 683/6 677/6 676/6
f 684/6 681/6 682/6
f 677/6 673/6 678/6 682/6
f 683/6 673/6 677/6
f 684/6 682/6 678/6
f 685/6 686/6 691/6 690/6
f 695/6 686/6 685/6
f 696/6 690/6 691/6
f 686/6 687/6 692/6 691/6
f 695/6 687/6 686/6
f 696/6 691/6 692/6
f 687/6 688/6 693/6 692/6
f 695/6 688/6 687/6
f 696/6 692/6 693/6
f 688/6 689/6 694/6 693/6
f 695/6 689/6 688/6
f 696/6 693/6 694/6
f 689/6 685/6 690/6 694/6
f 695/6 685/6 689/6
f 696/6 694/6 690/6
f 697/6 698/6 703/6 702/6
f 707/6 698/6 697/6
f 708/6 702/6 703/6
f 698/6 699/6 704/6 703/6
f 707/6 699/6 698/6
f 708/6 703/6 704/6
f 699/6 700/6 705/6 704/6
f 707/6 700/6 699/6
f 708/6 704/6 705/6
f 700/6 701/6 706/6 705/6
f 707/6 701/6 700/6
f 708/6 705/6 706/6
f 701/6 697/6 702/6 706/6
f 707/6 697/6 701/6
f 708/6 706/6 702/6
f 709/6 710/6 715/6 714/6
f 719/6 710/6 709/6
f 720/6 714/6 715/6
f 710/6 711/6 716/6 715/6
f 719/6 711/6 710/6
f 720/6 715/6 716/6
f 711/6 712/6 717/6 716/6
f 719/6 712/6 711/6
f 720/6 716/6 717/6
f 712/6 713/6 718/6 717/6
f 719/6 713/6 712/6
f 720/6 717/6 718/6
f 713/6 709/6 714/6 718/6
f 719/6 709/6 713/6
f 720/6 718/6 714/6
f 731/6 732/6 737/6 736/6
f 741/6 732/6 731/6
f 742/6 736/6 737/6
f 732/6 733/6 738/6 737/6
f 741/6 733/6 732/6
f 742/6 737/6 738/6
f 733/6 734/6 739/6 738/6
f 741/6 734/6 733/6
f 742/6 738/6 739/6
f 734/6 735/6 740/6 739/6
f 741/6 735/6 734/6
f 742/6 739/6 740/6
f 735/6 731/6 736/6 740/6
f 741/6 731/6 735/6
f 742/6 740/6 736/6
f 743/6 744/6 749/6 748/6
f 753/6 744/6 743/6
f 754/6 748/6 749/6
f 744/6 745/6 750/6 749/6
f 753/6 745/6 744/6
f 754/6 749/6 750/6
f 745/6 746/6 751/6 750/6
f 753/6 746/6 745/6
f 754/6 750/6 751/6
f 746/6 747/6 752/6 751/6
f 753/6 747/6 746/6
f 754/6 751/6 752/6
f 747/6 743/6 748/6 752/6
f 753/6 743/6 747/6
f 754/6 752/6 748/6
f 755/6 756/6 761/6 760/6
f 765/6 756/6 755/6
f 766/6 760/6 761/6
f 756/6 757/6 762/6 761/6
f 765/6 757/6 756/6
f 766/6 761/6 762/6
f 757/6 758/6 763/6 762/6
f 765/6 758/6 757/6
f 766/6 762/6 763/6
f 758/6 759/6 764/6 763/6
f 765/6 759/6 758/6
f 766/6 763/6 764/6
f 759/6 755/6 760/6 764/6
f 765/6 755/6 759/6
f 766/6 764/6 760/6
f 767/6 768/6 773/6 772/6
f 777/6 768/6 767/6
f 778/6 772/6 773/6
f 768/6 769/6 774/6 773/6
f 777/6 769/6 768/6
f 778/6 773/6 774/6
f 769/6 770/6 775/6 774/6
f 777/6 770/6 769/6
f 778/6 774/6 775/6
f 770/6 771/6 776/6 775/6
f 777/6 771/6 770/6
f 778/6 775/6 776/6
f 771/6 767/6 772/6 776/6
f 777/6 767/6 771/6
f 778/6 776/6 772/6
f 789/6 790/6 795/6 794/6
f 799/6 790/6 789/6
f 800/6 794/6 795/6
f 790/6 791/6 796/6 795/6
f 799/6 791/6 790/6
f 800/6 795/6 796/6
f 791/6 792/6 797/6 796/6
f 799/6 792/6 791/6
f 800/6 796/6 797/6
f 792/6 793/6 798/6 797/6
f 799/6 793/6 792/6
f 800/6 797/6 798/6
f 793/6 789/6 794/6 798/6
f 799/6 789/6 793/6
f 800/6 798/6 794/6
f 801/6 802/6 807/6 806/6
f 811/6 802/6 801/6
f 812/6 806/6 807/6
f 802/6 803/6 808/6 807/6
f 811/6 803/6 802/6
f 812/6 807/6 808/6
f 803/6 804/6 809/6 808/6
f 811/6 804/6 803/6
f 812/6 808/6 809/6
f 804/6 805/6 810/6 809/6
f 811/6 805/6 804/6
f 812/6 809/6 810/6
f 805/6 801/6 806/6 810/6
f 811/6 801/6 805/6
f 812/6 810/6 806/6
f 813/6 814/6 819/6 818/6
f 823/6 814/6 813/6
f 824/6 818/6 819/6
f 814/6 815/6 820/6 819/6
f 823/6 815/6 814/6
f 824/6 819/6 820/6
f 815/6 816/6 821/6 820/6
f 823/6 816/6 815/6
f 824/6 820/6 821/6
f 816/6 817/6 822/6 821/6
f 823/6 817/6 816/6
f 824/6 821/6 822/6
f 817/6 813/6 818/6 822/6
f 823/6 813/6 817/6
f 824/6 822/6 818/6
f 825/6 826/6 831/6 830/6
f 835/6 826/6 825/6
f 836/6 830/6 831/6
f 826/6 827/6 832/6 831/6
f 835/6 827/6 826/6
f 836/6 831/6 832/6
f 827/6 828/6 833/6 832/6
f 835/6 828/6 827/6
f 836/6 832/6 833/6
f 828/6 829/6 834/6 833/6
f 835/6 829/6 828/6
f 836/6 833/6 834/6
f 829/6 825/6 830/6 834/6
f 835/6 825/6 829/6
f 836/6 834/6 830/6
f 847/6 848/6 853/6 852/6
f 857/6 848/6 847/6
f 858/6 852/6 853/6
f 848/6 849/6 854/6 853/6
f 857/6 849/6 848/6
f 858/6 853/6 854/6
f 849/6 850/6 855/6 854/6
f 857/6 850/6 849/6
f 858/6 854/6 855/6
f 850/6 851/6 856/6 855/6
f 857/6 851/6 850/6
f 858/6 855/6 856/6
f 851/6 847/6 852/6 856/6
f 857/6 847/6 851/6
f 858/6 856/6 852/6
f 859/6 860/6 865/6 864/6
f 869/6 860/6 859/6
f 870/6 864/6 865/6
f 860/6 861/6 866/6 865/6
f 869/6 861/6 860/6
f 870/6 865/6 866/6
f 861/6 862/6 867/6 866/6
f 869/6 862/6 861/6
f 870/6 866/6 867/6
f 862/6 863/6 868/6 867/6
f 869/6 863/6 862/6
f 870/6 867/6 868/6
f 863/6 859/6 864/6 868/6
f 869/6 859/6 863/6
f 870/6 868/6 864/6
f 871/6 872/6 877/6 876/6
f 881/6 872/6 871/6
f 882/6 876/6 877/6
f 872/6 873/6 878/6 877/6
f 881/6 873/6 872/6
f 882/6 877/6 878/6
f 873/6 874/6 879/6 878/6
f 881/6 874/6 873/6
f 882/6 878/6 879/6
f 874/6 875/6 880/6 879/6
f 881/6 875/6 874/6
f 882/6 879/6 880/6
f 875/6 871/6 876/6 880/6
f 881/6 871/6 875/6
f 882/6 880/6 876/6
f 883/6 884/6 889/6 888/6
f 893/6 884/6 883/6
f 894/6 888/6 889/6
f 884/6 885/6 890/6 889/6
f 893/6 885/6 884/6
f 894/6 889/6 890/6
f 885/6 886/6 891/6 890/6
f 893/6 886/6 885/6
f 894/6 890/6 891/6
f 886/6 887/6 892/6 891/6
f 893/6 887/6 886/6
f 894/6 891/6 892/6
f 887/6 883/6 888/6 892/6
f 893/6 883/6 887/6
f 894/6 892/6 888/6
f 905/6 906/6 911/6 910/6
f 915/6 906/6 905/6
f 916/6 910/6 911/6
f 906/6 907/6 912/6 911/6
f 915/6 907/6 906/6
f 916/6 911/6 912/6
f 907/6 908/6 913/6 912/6
f 915/6 908/6 907/6
f 916/6 912/6 913/6
f 908/6 909/6 914/6 913/6
f 915/6 909/6 908/6
f 916/6 913/6 914/6
f 909/6 905/6 910/6 914/6
f 915/6 905/6 909/6
f 916/6 914/6 910/6
f 917/6 918/6 923/6 922/6
f 927/6 918/6 917/6
f 928/6 922/6 923/6
f 918/6 919/6 924/6 923/6
f 927/6 919/6 918/6
f 928/6 923/6 924/6
f 919/6 920/6 925/6 924/6
f 927/6 920/6 919/6
f 928/6 924/6 925/6
f 920/6 921/6 926/6 925/6
f 927/6 921/6 920/6
f 928/6 925/6 926/6
f 921/6 917/6 922/6 926/6
f 927/6 917/6 921/6
f 928/6 926/6 922/6
f 929/6 930/6 935/6 934/6
f 939/6 930/6 929/6
f 940/6 934/6 935/6
f 930/6 931/6 936/6 935/6
f 939/6 931/6 930/6
f 940/6 935/6 936/6
f 931/6 932/6 937/6 936/6
f 939/6 932/6 931/6
f 940/6 936/6 937/6
f 932/6 933/6 938/6 937/6
f 939/6 933/6 932/6
f 940/6 937/6 938/6
f 933/6 929/6 934/6 938/6
f 939/6 929/6 933/6
f 940/6 938/6 934/6
f 941/6 942/6 947/6 946/6
f 951/6 942/6 941/6
f 952/6 946/6 947/6
f 942/6 943/6 948/6 947/6
f 951/6 943/6 942/6
f 952/6 947/6 948/6
f 943/6 944/6 949/6 948/6
f 951/6 944/6 943/6
f 952/6 948/6 949/6
f 944/6 945/6 950/6 949/6
f 951/6 945/6 944/6
f 952/6 949/6 950/6
f 945/6 941/6 946/6 950/6
f 951/6 941/6 945/6
f 952/6 950/6 946/6
f 963/6 964/6 969/6 968/6
f 973/6 964/6 963/6
f 974/6 968/6 969/6
f 964/6 965/6 970/6 969/6
f 973/6 965/6 964/6
f 974/6 969/6 970/6
f 965/6 966/6 971/6 970/6
f 973/6 966/6 965/6
f 974/6 970/6 971/6
f 966/6 967/6 972/6 971/6
f 973/6 967/6 966/6
f 974/6 971/6 972/6
f 967/6 963/6 968/6 972/6
f 973/6 963/6 967/6
f 974/6 972/6 968/6
f 975/6 976/6 981/6 980/6
f 985/6 976/6 975/6
f 986/6 980/6 981/6
f 976/6 977/6 982/6 981/6
f 985/6 977/6 976/6
f 986/6 981/6 982/6
f 977/6 978/6 983/6 982/6
f 985/6 978/6 977/6
f 986/6 982/6 983/6
f 978/6 979/6 984/6 983/6
f 985/6 979/6 978/6
f 986/6 983/6 984/6
f 979/6 975/6 980/6 984/6
f 985/6 975/6 979/6
f 986/6 984/6 980/6
f 987/6 988/6 993/6 992/6
f 997/6 988/6 987/6
f 998/6 992/6 993/6
f 988/6 989/6 994/6 993/6
f 997/6 989/6 988/6
f 998/6 993/6 994/6
f 989/6 990/6 995/6 994/6
f 997/6 990/6 989/6
f 998/6 994/6 995/6
f 990/6 991/6 996/6 995/6
f 997/6 991/6 990/6
f 998/6 995/6 996/6
f 991/6 987/6 992/6 996/6
f 997/6 987/6 991/6
f 998/6 996/6 992/6
f 999/6 1000/6 1005/6 1004/6
f 1009/6 1000/6 999/6
f 1010/6 1004/6 1005/6
f 1000/6 1001/6 1006/6 1005/6
f 1009/6 1001/6 1000/6
f 1010/6 1005/6 1006/6
f 1001/6 1002/6 1007/6 1006/6
f 1009/6 1002/6 1001/6
f 1010/6 1006/6 1007/6
f 1002/6 1003/6 1008/6 1007/6
f 1009/6 1003/6 1002/6
f 1010/6 1007/6 1008/6
f 1003/6 999/6 1004/6 1008/6
f 1009/6 999/6 1003/6
f 1010/6 1008/6 1004/6
f 1021/6 1022/6 1027/6 1026/6
f 1031/6 1022/6 1021/6
f 1032/6 1026/6 1027/6
f 1022/6 1023/6 1028/6 1027/6
f 1031/6 1023/6 1022/6
f 1032/6 1027/6 1028/6
f 1023/6 1024/6 1029/6 1028/6
f 1031/6 1024/6 1023/6
f 1032/6 1028/6 1029/6
f 1024/6 1025/6 1030/6 1029/6
f 1031/6 1025/6 1024/6
f 1032/6 1029/6 1030/6
f 1025/6 1021/6 1026/6 1030/6
f 1031/6 1021/6 1025/6
f 1032/6 1030/6 1026/6
f 1033/6 1034/6 1039/6 1038/6
f 1043/6 1034/6 1033/6
f 1044/6 1038/6 1039/6
f 1034/6 1035/6 1040/6 1039/6
f 1043/6 1035/6 1034/6
f 1044/6 1039/6 1040/6
f 1035/6 1036/6 1041/6 1040/6
f 1043/6 1036/6 1035/6
f 1044/6 1040/6 1041/6
f 1036/6 1037/6 1042/6 1041/6
f 1043/6 1037/6 1036/6
f 1044/6 1041/6 1042/6
f 1037/6 1033/6 1038/6 1042/6
f 1043/6 1033/6 1037/6
f 1044/6 1042/6 1038/6
f 1077/6 1078/6 1083/6 1082/6
f 1087/6 1078/6 1077/6
f 1088/6 1082/6 1083/6
f 1078/6 1079/6 1084/6 1083/6
f 1087/6 1079/6 1078/6
f 1088/6 1083/6 1084/6
f 1079/6 1080/6 1085/6 1084/6
f 1087/6 1080/6 1079/6
f 1088/6 1084/6 1085/6
f 1080/6 1081/6 1086/6 1085/6
f 1087/6 1081/6 1080/6
f 1088/6 1085/6 1086/6
f 1081/6 1077/6 1082/6 1086/6
f 1087/6 1077/6 1081/6
f 1088/6 1086/6 1082/6
f 1089/6 1090/6 1095/6 1094/6
f 1099/6 1090/6 1089/6
f 1100/6 1094/6 1095/6
f 1090/6 1091/6 1096/6 1095/6
f 1099/6 1091/6 1090/6
f 1100/6 1095/6 1096/6
f 1091/6 1092/6 1097/6 1096/6
f 1099/6 1092/6 1091/6
f 1100/6 1096/6 1097/6
f 1092/6 1093/6 1098/6 1097/6
f 1099/6 1093/6 1092/6
f 1100/6 1097/6 1098/6
f 1093/6 1089/6 1094/6 1098/6
f 1099/6 1089/6 1093/6
f 1100/6 1098/6 1094/6
f 1111/6 1112/6 1117/6 1116/6
f 1121/6 1112/6 1111/6
f 1122/6 1116/6 1117/6
f 1112/6 1113/6 1118/6 1117/6
f 1121/6 1113/6 1112/6
f 1122/6 1117/6 1118/6
f 1113/6 1114/6 1119/6 1118/6
f 1121/6 1114/6 1113/6
f 1122/6 1118/6 1119/6
f 1114/6 1115/6 1120/6 1119/6
f 1121/6 1115/6 1114/6
f 1122/6 1119/6 1120/6
f 1115/6 1111/6 1116/6 1120/6
f 1121/6 1111/6 1115/6
f 1122/6 1120/6 1116/6
f 1123/6 1124/6 1129/6 1128/6
f 1133/6 1124/6 1123/6
f 1134/6 1128/6 1129/6
f 1124/6 1125/6 1130/6 1129/6
f 1133/6 1125/6 1124/6
f 1134/6 1129/6 1130/6
f 1125/6 1126/6 1131/6 1130/6
f 1133/6 1126/6 1125/6
f 1134/6 1130/6 1131/6
f 1126/6 1127/6 1132/6 1131/6
f 1133/6 1127/6 1126/6
f 1134/6 1131/6 1132/6
f 1127/6 1123/6 1128/6 1132/6
f 1133/6 1123/6 1127/6
f 1134/6 1132/6 1128/6
f 1135/6 1136/6 1141/6 1140/6
f 1145/6 1136/6 1135/6
f 1146/6 1140/6 1141/6
f 1136/6 1137/6 1142/6 1141/6
f 1145/6 1137/6 1136/6
f 1146/6 1141/6 1142/6
f 1137/6 1138/6 1143/6 1142/6
f 1145/6 1138/6 1137/6
f 1146/6 1142/6 1143/6
f 1138/6 1139/6 1144/6 1143/6
f 1145/6 1139/6 1138/6
f 1146/6 1143/6 1144/6
f 1139/6 1135/6 1140/6 1144/6
f 1145/6 1135/6 1139/6
f 1146/6 1144/6 1140/6
f 1147/6 1148/6 1153/6 1152/6
f 1157/6 1148/6 1147/6
f 1158/6 1152/6 1153/6
f 1148/6 1149/6 1154/6 1153/6
f 1157/6 1149/6 1148/6
f 1158/6 1153/6 1154/6
f 1149/6 1150/6 1155/6 1154/6
f 1157/6 1150/6 1149/6
f 1158/6 1154/6 1155/6
f 1150/6 1151/6 1156/6 1155/6
f 1157/6 1151/6 1150/6
f 1158/6 1155/6 1156/6
f 1151/6 1147/6 1152/6 1156/6
f 1157/6 1147/6 1151/6
f 1158/6 1156/6 1152/6
f 1169/6 1170/6 1175/6 1174/6
f 1179/6 1170/6 1169/6
f 1180/6 1174/6 1175/6
f 1170/6 1171/6 1176/6 1175/6
f 1179/6 1171/6 1170/6
f 1180/6 1175/6 1176/6
f 1171/6 1172/6 1177/6 1176/6
f 1179/6 1172/6 1171/6
f 1180/6 1176/6 1177/6
f 1172/6 1173/6 1178/6 1177/6
f 1179/6 1173/6 1172/6
f 1180/6 1177/6 1178/6
f 1173/6 1169/6 1174/6 1178/6
f 1179/6 1169/6 1173/6
f 1180/6 1178/6 1174/6
f 1181/6 1182/6 1187/6 1186/6
f 1191/6 1182/6 1181/6
f 1192/6 1186/6 1187/6
f 1182/6 1183/6 1188/6 1187/6
f 1191/6 1183/6 1182/6
f 1192/6 1187/6 1188/6
f 1183/6 1184/6 1189/6 1188/6
f 1191/6 1184/6 1183/6
f 1192/6 1188/6 1189/6
f 1184/6 1185/6 1190/6 1189/6
f 1191/6 1185/6 1184/6
f 1192/6 1189/6 1190/6
f 1185/6 1181/6 1186/6 1190/6
f 1191/6 1181/6 1185/6
f 1192/6 1190/6 1186/6
f 1201/6 1202/6 1207/6 1206/6
f 1211/6 1202/6 1201/6
f 1212/6 1206/6 1207/6
f 1202/6 1203/6 1208/6 1207/6
f 1211/6 1203/6 1202/6
f 1212/6 1207/6 1208/6
f 1203/6 1204/6 1209/6 1208/6
f 1211/6 1204/6 1203/6
f 1212/6 1208/6 1209/6
f 1204/6 1205/6 1210/6 1209/6
f 1211/6 1205/6 1204/6
f 1212/6 1209/6 1210/6
f 1205/6 1201/6 1206/6 1210/6
f 1211/6 1201/6 1205/6
f 1212/6 1210/6 1206/6
f 1213/6 1214/6 1219/6 1218/6
f 1223/6 1214/6 1213/6
f 1224/6 1218/6 1219/6
f 1214/6 1215/6 1220/6 1219/6
f 1223/6 1215/6 1214/6
f 1224/6 1219/6 1220/6
f 1215/6 1216/6 1221/6 1220/6
f 1223/6 1216/6 1215/6
f 1224/6 1220/6 1221/6
f 1216/6 1217/6 1222/6 1221/6
f 1223/6 1217/6 1216/6
f 1224/6 1221/6 1222/6
f 1217/6 1213/6 1218/6 1222/6
f 1223/6 1213/6 1217/6
f 1224/6 1222/6 1218/6
f 1277/6 1278/6 1283/6 1282/6
f 1287/6 1278/6 1277/6
f 1288/6 1282/6 1283/6
f 1278/6 1279/6 1284/6 1283/6
f 1287/6 1279/6 1278/6
f 1288/6 1283/6 1284/6
f 1279/6 1280/6 1285/6 1284/6
f 1287/6 1280/6 1279/6
f 1288/6 1284/6 1285/6
f 1280/6 1281/6 1286/6 1285/6
f 1287/6 1281/6 1280/6
f 1288/6 1285/6 1286/6
f 1281/6 1277/6 1282/6 1286/6
f 1287/6 1277/6 1281/6
f 1288/6 1286/6 1282/6
f 1289/6 1290/6 1295/6 1294/6
f 1299/6 1290/6 1289/6
f 1300/6 1294/6 1295/6
f 1290/6 1291/6 1296/6 1295/6
f 1299/6 1291/6 1290/6
f 1300/6 1295/6 1296/6
f 1291/6 1292/6 1297/6 1296/6
f 1299/6 1292/6 1291/6
f 1300/6 1296/6 1297/6
f 1292/6 1293/6 1298/6 1297/6
f 1299/6 1293/6 1292/6
f 1300/6 1297/6 1298/6
f 1293/6 1289/6 1294/6 1298/6
f 1299/6 1289/6 1293/6
f 1300/6 1298/6 1294/6
f 1301/6 1302/6 1307/6 1306/6
f 1311/6 1302/6 1301/6
f 1312/6 1306/6 1307/6
f 1302/6 1303/6 1308/6 1307/6
f 1311/6 1303/6 1302/6
f 1312/6 1307/6 1308/6
f 1303/6 1304/6 1309/6 1308/6
f 1311/6 1304/6 1303/6
f 1312/6 1308/6 1309/6
f 1304/6 1305/6 1310/6 1309/6
f 1311/6 1305/6 1304/6
f 1312/6 1309/6 1310/6
f 1305/6 1301/6 1306/6 1310/6
f 1311/6 1301/6 1305/6
f 1312/6 1310/6 1306/6
f 1313/6 1314/6 1319/6 1318/6
f 1323/6 1314/6 1313/6
f 1324/6 1318/6 1319/6
f 1314/6 1315/6 1320/6 1319/6
f 1323/6 1315/6 1314/6
f 1324/6 1319/6 1320/6
f 1315/6 1316/6 1321/6 1320/6
f 1323/6 1316/6 1315/6
f 1324/6 1320/6 1321/6
f 1316/6 1317/6 1322/6 1321/6
f 1323/6 1317/6 1316/6
f 1324/6 1321/6 1322/6
f 1317/6 1313/6 1318/6 1322/6
f 1323/6 1313/6 1317/6
f 1324/6 1322/6 1318/6
f 1343/6 1344/6 1349/6 1348/6
f 1353/6 1344/6 1343/6
f 1354/6 1348/6 1349/6
f 1344/6 1345/6 1350/6 1349/6
f 1353/6 1345/6 1344/6
f 1354/6 1349/6 1350/6
f 1345/6 1346/6 1351/6 1350/6
f 1353/6 1346/6 1345/6
f 1354/6 1350/6 1351/6
f 1346/6 1347/6 1352/6 1351/6
f 1353/6 1347/6 1346/6
f 1354/6 1351/6 1352/6
f 1347/6 1343/6 1348/6 1352/6
f 1353/6 1343/6 1347/6
f 1354/6 1352/6 1348/6
f 1355/6 1356/6 1361/6 1360/6
f 1365/6 1356/6 1355/6
f 1366/6 1360/6 1361/6
f 1356/6 1357/6 1362/6 1361/6
f 1365/6 1357/6 1356/6
f 1366/6 1361/6 1362/6
f 1357/6 1358/6 1363/6 1362/6
f 1365/6 1358/6 1357/6
f 1366/6 1362/6 1363/6
f 1358/6 1359/6 1364/6 1363/6
f 1365/6 1359/6 1358/6
f 1366/6 1363/6 1364/6
f 1359/6 1355/6 1360/6 1364/6
f 1365/6 1355/6 1359/6
f 1366/6 1364/6 1360/6
f 1367/6 1368/6 1373/6 1372/6
f 1377/6 1368/6 1367/6
f 1378/6 1372/6 1373/6
f 1368/6 1369/6 1374/6 1373/6
f 1377/6 1369/6 1368/6
f 1378/6 1373/6 1374/6
f 1369/6 1370/6 1375/6 1374/6
f 1377/6 1370/6 1369/6
f 1378/6 1374/6 1375/6
f 1370/6 1371/6 1376/6 1375/6
f 1377/6 1371/6 1370/6
f 1378/6 1375/6 1376/6
f 1371/6 1367/6 1372/6 1376/6
f 1377/6 1367/6 1371/6
f 1378/6 1376/6 1372/6
f 1379/6 1380/6 1385/6 1384/6
f 1389/6 1380/6 1379/6
f 1390/6 1384/6 1385/6
f 1380/6 1381/6 1386/6 1385/6
f 1389/6 1381/6 1380/6
f 1390/6 1385/6 1386/6
f 1381/6 1382/6 1387/6 1386/6
f 1389/6 1382/6 1381/6
f 1390/6 1386/6 1387/6
f 1382/6 1383/6 1388/6 1387/6
f 1389/6 1383/6 1382/6
f 1390/6 1387/6 1388/6
f 1383/6 1379/6 1384/6 1388/6
f 1389/6 1379/6 1383/6
f 1390/6 1388/6 1384/6
f 1401/6 1402/6 1407/6 1406/6
f 1411/6 1402/6 1401/6
f 1412/6 1406/6 1407/6
f 1402/6 1403/6 1408/6 1407/6
f 1411/6 1403/6 1402/6
f 1412/6 1407/6 1408/6
f 1403/6 1404/6 1409/6 1408/6
f 1411/6 1404/6 1403/6
f 1412/6 1408/6 1409/6
f 1404/6 1405/6 1410/6 1409/6
f 1411/6 1405/6 1404/6
f 1412/6 1409/6 1410/6
f 1405/6 1401/6 1406/6 1410/6
f 1411/6 1401/6 1405/6
f 1412/6 1410/6 1406/6
f 1413/6 1414/6 1419/6 1418/6
f 1423/6 1414/6 1413/6
f 1424/6 1418/6 1419/6
f 1414/6 1415/6 1420/6 1419/6
f 1423/6 1415/6 1414/6
f 1424/6 1419/6 1420/6
f 1415/6 1416/6 1421/6 1420/6
f 1423/6 1416/6 1415/6
f 1424/6 1420/6 1421/6
f 1416/6 1417/6 1422/6 1421/6
f 1423/6 1417/6 1416/6
f 1424/6 1421/6 1422/6
f 1417/6 1413/6 1418/6 1422/6
f 1423/6 1413/6 1417/6
f 1424/6 1422/6 1418/6
f 1475/6 1476/6 1481/6 1480/6
f 1485/6 1476/6 1475/6
f 1486/6 1480/6 1481/6
f 1476/6 1477/6 1482/6 1481/6
f 1485/6 1477/6 1476/6
f 1486/6 1481/6 1482/6
f 1477/6 1478/6 1483/6 1482/6
f 1485/6 1478/6 1477/6
f 1486/6 1482/6 1483/6
f 1478/6 1479/6 1484/6 1483/6
f 1485/6 1479/6 1478/6
f 1486/6 1483/6 1484/6
f 1479/6 1475/6 1480/6 1484/6
f 1485/6 1475/6 1479/6
f 1486/6 1484/6 1480/6
f 1487/6 1488/6 1493/6 1492/6
f 1497/6 1488/6 1487/6
f 1498/6 1492/6 1493/6
f 1488/6 1489/6 1494/6 1493/6
f 1497/6 1489/6 1488/6
f 1498/6 1493/6 1494/6
f 1489/6 1490/6 1495/6 1494/6
f 1497/6 1490/6 1489/6
f 1498/6 1494/6 1495/6
f 1490/6 1491/6 1496/6 1495/6
f 1497/6 1491/6 1490/6
f 1498/6 1495/6 1496/6
f 1491/6 1487/6 1492/6 1496/6
f 1497/6 1487/6 1491/6
f 1498/6 1496/6 1492/6
f 1509/6 1510/6 1515/6 1514/6
f 1519/6 1510/6 1509/6
f 1520/6 1514/6 1515/6
f 1510/6 1511/6 1516/6 1515/6
f 1519/6 1511/6 1510/6
f 1520/6 1515/6 1516/6
f 1511/6 1512/6 1517/6 1516/6
f 1519/6 1512/6 1511/6
f 1520/6 1516/6 1517/6
f 1512/6 1513/6 1518/6 1517/6
f 1519/6 1513/6 1512/6
f 1520/6 1517/6 1518/6
f 1513/6 1509/6 1514/6 1518/6
f 1519/6 1509/6 1513/6
f 1520/6 1518/6 1514/6
f 1521/6 1522/6 1527/6 1526/6
f 1531/6 1522/6 1521/6
f 1532/6 1526/6 1527/6
f 1522/6 1523/6 1528/6 1527/6
f 1531/6 1523/6 1522/6
f 1532/6 1527/6 1528/6
f 1523/6 1524/6 1529/6 1528/6
f 1531/6 1524/6 1523/6
f 1532/6 1528/6 1529/6
f 1524/6 1525/6 1530/6 1529/6
f 1531/6 1525/6 1524/6
f 1532/6 1529/6 1530/6
f 1525/6 1521/6 1526/6 1530/6
f 1531/6 1521/6 1525/6
f 1532/6 1530/6 1526/6
f 1533/6 1534/6 1539/6 1538/6
f 1543/6 1534/6 1533/6
f 1544/6 1538/6 1539/6
f 1534/6 1535/6 1540/6 1539/6
f 1543/6 1535/6 1534/6
f 1544/6 1539/6 1540/6
f 1535/6 1536/6 1541/6 1540/6
f 1543/6 1536/6 1535/6
f 1544/6 1540/6 1541/6
f 1536/6 1537/6 1542/6 1541/6
f 1543/6 1537/6 1536/6
f 1544/6 1541/6 1542/6
f 1537/6 1533/6 1538/6 1542/6
f 1543/6 1533/6 1537/6
f 1544/6 1542/6 1538/6
f 1545/6 1546/6 1551/6 1550/6
f 1555/6 1546/6 1545/6
f 1556/6 1550/6 1551/6
f 1546/6 1547/6 1552/6 1551/6
f 1555/6 1547/6 1546/6
f 1556/6 1551/6 1552/6
f 1547/6 1548/6 1553/6 1552/6
f 1555/6 1548/6 1547/6
f 1556/6 1552/6 1553/6
f 1548/6 1549/6 1554/6 1553/6
f 1555/6 1549/6 1548/6
f 1556/6 1553/6 1554/6
f 1549/6 1545/6 1550/6 1554/6
f 1555/6 1545/6 1549/6
f 1556/6 1554/6 1550/6
f 1575/6 1576/6 1581/6 1580/6
f 1585/6 1576/6 1575/6
f 1586/6 1580/6 1581/6
f 1576/6 1577/6 1582/6 1581/6
f 1585/6 1577/6 1576/6
f 1586/6 1581/6 1582/6
f 1577/6 1578/6 1583/6 1582/6
f 1585/6 1578/6 1577/6
f 1586/6 1582/6 1583/6
f 1578/6 1579/6 1584/6 1583/6
f 1585/6 1579/6 1578/6
f 1586/6 1583/6 1584/6
f 1579/6 1575/6 1580/6 1584/6
f 1585/6 1575/6 1579/6
f 1586/6 1584/6 1580/6
f 1587/6 1588/6 1593/6 1592/6
f 1597/6 1588/6 1587/6
f 1598/6 1592/6 1593/6
f 1588/6 1589/6 1594/6 1593/6
f 1597/6 1589/6 1588/6
f 1598/6 1593/6 1594/6
f 1589/6 1590/6 1595/6 1594/6
f 1597/6 1590/6 1589/6
f 1598/6 1594/6 1595/6
f 1590/6 1591/6 1596/6 1595/6
f 1597/6 1591/6 1590/6
f 1598/6 1595/6 1596/6
f 1591/6 1587/6 1592/6 1596/6
f 1597/6 1587/6 1591/6
f 1598/6 1596/6 1592/6
f 1599/6 1600/6 1605/6 1604/6
f 1609/6 1600/6 1599/6
f 1610/6 1604/6 1605/6
f 1600/6 1601/6 1606/6 1605/6
f 1609/6 1601/6 1600/6
f 1610/6 1605/6 1606/6
f 1601/6 1602/6 1607/6 1606/6
f 1609/6 1602/6 1601/6
f 1610/6 1606/6 1607/6
f 1602/6 1603/6 1608/6 1607/6
f 1609/6 1603/6 1602/6
f 1610/6 1607/6 1608/6
f 1603/6 1599/6 1604/6 1608/6
f 1609/6 1599/6 1603/6
f 1610/6 1608/6 1604/6
f 1611/6 1612/6 1617/6 1616/6
f 1621/6 1612/6 1611/6
f 1622/6 1616/6 1617/6
f 1612/6 1613/6 1618/6 1617/6
f 1621/6 1613/6 1612/6
f 1622/6 1617/6 1618/6
f 1613/6 1614/6 1619/6 1618/6
f 1621/6 1614/6 1613/6
f 1622/6 1618/6 1619/6
f 1614/6 1615/6 1620/6 1619/6
f 1621/6 1615/6 1614/6
f 1622/6 1619/6 1620/6
f 1615/6 1611/6 1616/6 1620/6
f 1621/6 1611/6 1615/6
f 1622/6 1620/6 1616/6
f 1675/6 1676/6 1681/6 1680/6
f 1685/6 1676/6 1675/6
f 1686/6 1680/6 1681/6
f 1676/6 1677/6 1682/6 1681/6
f 1685/6 1677/6 1676/6
f 1686/6 1681/6 1682/6
f 1677/6 1678/6 1683/6 1682/6
f 1685/6 1678/6 1677/6
f 1686/6 1682/6 1683/6
f 1678/6 1679/6 1684/6 1683/6
f 1685/6 1679/6 1678/6
f 1686/6 1683/6 1684/6
f 1679/6 1675/6 1680/6 1684/6
f 1685/6 1675/6 1679/6
f 1686/6 1684/6 1680/6
f 1687/6 1688/6 1693/6 1692/6
f 1697/6 1688/6 1687/6
f 1698/6 1692/6 1693/6
f 1688/6 1689/6 1694/6 1693/6
f 1697/6 1689/6 1688/6
f 1698/6 1693/6 1694/6
f 1689/6 1690/6 1695/6 1694/6
f 1697/6 1690/6 1689/6
f 1698/6 1694/6 1695/6
f 1690/6 1691/6 1696/6 1695/6
f 1697/6 1691/6 1690/6
f 1698/6 1695/6 1696/6
f 1691/6 1687/6 1692/6 1696/6
f 1697/6 1687/6 1691/6
f 1698/6 1696/6 1692/6
f 1707/6 1708/6 1713/6 1712/6
f 1717/6 1708/6 1707/6
f 1718/6 1712/6 1713/6
f 1708/6 1709/6 1714/6 1713/6
f 1717/6 1709/6 1708/6
f 1718/6 1713/6 1714/6
f 1709/6 1710/6 1715/6 1714/6
f 1717/6 1710/6 1709/6
f 1718/6 1714/6 1715/6
f 1710/6 1711/6 1716/6 1715/6
f 1717/6 1711/6 1710/6
f 1718/6 1715/6 1716/6
f 1711/6 1707/6 1712/6 1716/6
f 1717/6 1707/6 1711/6
f 1718/6 1716/6 1712/6
f 1719/6 1720/6 1725/6 1724/6
f 1729/6 1720/6 1719/6
f 1730/6 1724/6 1725/6
f 1720/6 1721/6 1726/6 1725/6
f 1729/6 1721/6 1720/6
f 1730/6 1725/6 1726/6
f 1721/6 1722/6 1727/6 1726/6
f 1729/6 1722/6 1721/6
f 1730/6 1726/6 1727/6
f 1722/6 1723/6 1728/6 1727/6
f 1729/6 1723/6 1722/6
f 1730/6 1727/6 1728/6
f 1723/6 1719/6 1724/6 1728/6
f 1729/6 1719/6 1723/6
f 1730/6 1728/6 1724/6
f 1741/6 1742/6 1747/6 1746/6
f 1751/6 1742/6 1741/6
f 1752/6 1746/6 1747/6
f 1742/6 1743/6 1748/6 1747/6
f 1751/6 1743/6 1742/6
f 1752/6 1747/6 1748/6
f 1743/6 1744/6 1749/6 1748/6
f 1751/6 1744/6 1743/6
f 1752/6 1748/6 1749/6
f 1744/6 1745/6 1750/6 1749/6
f 1751/6 1745/6 1744/6
f 1752/6 1749/6 1750/6
f 1745/6 1741/6 1746/6 1750/6
f 1751/6 1741/6 1745/6
f 1752/6 1750/6 1746/6
f 1753/6 1754/6 1759/6 1758/6
f 1763/6 1754/6 1753/6
f 1764/6 1758/6 1759/6
f 1754/6 1755/6 1760/6 1759/6
f 1763/6 1755/6 1754/6
f 1764/6 1759/6 1760/6
f 1755/6 1756/6 1761/6 1760/6
f 1763/6 1756/6 1755/6
f 1764/6 1760/6 1761/6
f 1756/6 1757/6 1762/6 1761/6
f 1763/6 1757/6 1756/6
f 1764/6 1761/6 1762/6
f 1757/6 1753/6 1758/6 1762/6
f 1763/6 1753/6 1757/6
f 1764/6 1762/6 1758/6
f 1765/6 1766/6 1771/6 1770/6
f 1775/6 1766/6 1765/6
f 1776/6 1770/6 1771/6
f 1766/6 1767/6 1772/6 1771/6
f 1775/6 1767/6 1766/6
f 1776/6 1771/6 1772/6
f 1767/6 1768/6 1773/6 1772/6
f 1775/6 1768/6 1767/6
f 1776/6 1772/6 1773/6
f 1768/6 1769/6 1774/6 1773/6
f 1775/6 1769/6 1768/6
f 1776/6 1773/6 1774/6
f 1769/6 1765/6 1770/6 1774/6
f 1775/6 1765/6 1769/6
f 1776/6 1774/6 1770/6
f 1777/6 1778/6 1783/6 1782/6
f 1787/6 1778/6 1777/6
f 1788/6 1782/6 1783/6
f 1778/6 1779/6 1784/6 1783/6
f 1787/6 1779/6 1778/6
f 1788/6 1783/6 1784/6
f 1779/6 1780/6 1785/6 1784/6
f 1787/6 1780/6 1779/6
f 1788/6 1784/6 1785/6
f 1780/6 1781/6 1786/6 1785/6
f 1787/6 1781/6 1780/6
f 1788/6 1785/6 1786/6
f 1781/6 1777/6 1782/6 1786/6
f 1787/6 1777/6 1781/6
f 1788/6 1786/6 1782/6
f 1807/6 1808/6 1813/6 1812/6
f 1817/6 1808/6 1807/6
f 1818/6 1812/6 1813/6
f 1808/6 1809/6 1814/6 1813/6
f 1817/6 1809/6 1808/6
f 1818/6 1813/6 1814/6
f 1809/6 1810/6 1815/6 1814/6
f 1817/6 1810/6 1809/6
f 1818/6 1814/6 1815/6
f 1810/6 1811/6 1816/6 1815/6
f 1817/6 1811/6 1810/6
f 1818/6 1815/6 1816/6
f 1811/6 1807/6 1812/6 1816/6
f 1817/6 1807/6 1811/6
f 1818/6 1816/6 1812/6
f 1819/6 1820/6 1825/6 1824/6
f 1829/6 1820/6 1819/6
f 1830/6 1824/6 1825/6
f 1820/6 1821/6 1826/6 1825/6
f 1829/6 1821/6 1820/6
f 1830/6 1825/6 1826/6
f 1821/6 1822/6 1827/6 1826/6
f 1829/6 1822/6 1821/6
f 1830/6 1826/6 1827/6
f 1822/6 1823/6 1828/6 1827/6
f 1829/6 1823/6 1822/6
f 1830/6 1827/6 1828/6
f 1823/6 1819/6 1824/6 1828/6
f 1829/6 1819/6 1823/6
f 1830/6 1828/6 1824/6
f 1873/6 1874/6 1879/6 1878/6
f 1883/6 1874/6 1873/6
f 1884/6 1878/6 1879/6
f 1874/6 1875/6 1880/6 1879/6
f 1883/6 1875/6 1874/6
f 1884/6 1879/6 1880/6
f 1875/6 1876/6 1881/6 1880/6
f 1883/6 1876/6 1875/6
f 1884/6 1880/6 1881/6
f 1876/6 1877/6 1882/6 1881/6
f 1883/6 1877/6 1876/6
f 1884/6 1881/6 1882/6
f 1877/6 1873/6 1878/6 1882/6
f 1883/6 1873/6 1877/6
f 1884/6 1882/6 1878/6
f 1885/6 1886/6 1891/6 1890/6
f 1895/6 1886/6 1885/6
f 1896/6 1890/6 1891/6
f 1886/6 1887/6 1892/6 1891/6
f 1895/6 1887/6 1886/6
f 1896/6 1891/6 1892/6
f 1887/6 1888/6 1893/6 1892/6
f 1895/6 1888/6 1887/6
f 1896/6 1892/6 1893/6
f 1888/6 1889/6 1894/6 1893/6
f 1895/6 1889/6 1888/6
f 1896/6 1893/6 1894/6
f 1889/6 1885/6 1890/6 1894/6
f 1895/6 1885/6 1889/6
f 1896/6 1894/6 1890/6
f 1907/6 1908/6 1913/6 1912/6
f 1917/6 1908/6 1907/6
f 1918/6 1912/6 1913/6
f 1908/6 1909/6 1914/6 1913/6
f 1917/6 1909/6 1908/6
f 1918/6 1913/6 1914/6
f 1909/6 1910/6 1915/6 1914/6
f 1917/6 1910/6 1909/6
f 1918/6 1914/6 1915/6
f 1910/6 1911/6 1916/6 1915/6
f 1917/6 1911/6 1910/6
f 1918/6 1915/6 1916/6
f 1911/6 1907/6 1912/6 1916/6
f 1917/6 1907/6 1911/6
f 1918/6 1916/6 1912/6
f 1919/6 1920/6 1925/6 1924/6
f 1929/6 1920/6 1919/6
f 1930/6 1924/6 1925/6
f 1920/6 1921/6 1926/6 1925/6
f 1929/6 1921/6 1920/6
f 1930/6 1925/6 1926/6
f 1921/6 1922/6 1927/6 1926/6
f 1929/6 1922/6 1921/6
f 1930/6 1926/6 1927/6
f 1922/6 1923/6 1928/6 1927/6
f 1929/6 1923/6 1922/6
f 1930/6 1927/6 1928/6
f 1923/6 1919/6 1924/6 1928/6
f 1929/6 1919/6 1923/6
f 1930/6 1928/6 1924/6
f 1939/6 1940/6 1945/6 1944/6
f 1949/6 1940/6 1939/6
f 1950/6 1944/6 1945/6
f 1940/6 1941/6 1946/6 1945/6
f 1949/6 1941/6 1940/6
f 1950/6 1945/6 1946/6
f 1941/6 1942/6 1947/6 1946/6
f 1949/6 1942/6 1941/6
f 1950/6 1946/6 1947/6
f 1942/6 1943/6 1948/6 1947/6
f 1949/6 1943/6 1942/6
f 1950/6 1947/6 1948/6
f 1943/6 1939/6 1944/6 1948/6
f 1949/6 1939/6 1943/6
f 1950/6 1948/6 1944/6
f 1951/6 1952/6 1957/6 1956/6
f 1961/6 1952/6 1951/6
f 1962/6 1956/6 1957/6
f 1952/6 1953/6 1958/6 1957/6
f 1961/6 1953/6 1952/6
f 1962/6 1957/6 1958/6
f 1953/6 1954/6 1959/6 1958/6
f 1961/6 1954/6 1953/6
f 1962/6 1958/6 1959/6
f 1954/6 1955/6 1960/6 1959/6
f 1961/6 1955/6 1954/6
f 1962/6 1959/6 1960/6
f 1955/6 1951/6 1956/6 1960/6
f 1961/6 1951/6 1955/6
f 1962/6 1960/6 1956/6
f 1973/6 1974/6 1979/6 1978/6
f 1983/6 1974/6 1973/6
f 1984/6 1978/6 1979/6
f 1974/6 1975/6 1980/6 1979/6
f 1983/6 1975/6 1974/6
f 1984/6 1979/6 1980/6
f 1975/6 1976/6 1981/6 1980/6
f 1983/6 1976/6 1975/6
f 1984/6 1980/6 1981/6
f 1976/6 1977/6 1982/6 1981/6
f 1983/6 1977/6 1976/6
f 1984/6 1981/6 1982/6
f 1977/6 1973/6 1978/6 1982/6
f 1983/6 1973/6 1977/6
f 1984/6 1982/6 1978/6
f 1985/6 1986/6 1991/6 1990/6
f 1995/6 1986/6 1985/6
f 1996/6 1990/6 1991/6
f 1986/6 1987/6 1992/6 1991/6
f 1995/6 1987/6 1986/6
f 1996/6 1991/6 1992/6
f 1987/6 1988/6 1993/6 1992/6
f 1995/6 1988/6 1987/6
f 1996/6 1992/6 1993/6
f 1988/6 1989/6 1994/6 1993/6
f 1995/6 1989/6 1988/6
f 1996/6 1993/6 1994/6
f 1989/6 1985/6 1990/6 1994/6
f 1995/6 1985/6 1989/6
f 1996/6 1994/6 1990/6
f 1997/6 1998/6 2003/6 2002/6
f 2007/6 1998/6 1997/6
f 2008/6 2002/6 2003/6
f 1998/6 1999/6 2004/6 2003/6
f 2007/6 1999/6 1998/6
f 2008/6 2003/6 2004/6
f 1999/6 2000/6 2005/6 2004/6
f 2007/6 2000/6 1999/6
f 2008/6 2004/6 2005/6
f 2000/6 2001/6 2006/6 2005/6
f 2007/6 2001/6 2000/6
f 2008/6 2005/6 2006/6
f 2001/6 1997/6 2002/6 2006/6
f 2007/6 1997/6 2001/6
f 2008/6 2006/6 2002/6
f 2009/6 2010/6 2015/6 2014/6
f 2019/6 2010/6 2009/6
f 2020/6 2014/6 2015/6
f 2010/6 2011/6 2016/6 2015/6
f 2019/6 2011/6 2010/6
f 2020/6 2015/6 2016/6
f 2011/6 2012/6 2017/6 2016/6
f 2019/6 2012/6 2011/6
f 2020/6 2016/6 2017/6
f 2012/6 2013/6 2018/6 2017/6
f 2019/6 2013/6 2012/6
f 2020/6 2017/6 2018/6
f 2013/6 2009/6 2014/6 2018/6
f 2019/6 2009/6 2013/6
f 2020/6 2018/6 2014/6
f 2081/6 2082/6 2087/6 2086/6
f 2091/6 2082/6 2081/6
f 2092/6 2086/6 2087/6
f 2082/6 2083/6 2088/6 2087/6
f 2091/6 2083/6 2082/6
f 2092/6 2087/6 2088/6
f 2083/6 2084/6 2089/6 2088/6
f 2091/6 2084/6 2083/6
f 2092/6 2088/6 2089/6
f 2084/6 2085/6 2090/6 2089/6
f 2091/6 2085/6 2084/6
f 2092/6 2089/6 2090/6
f 2085/6 2081/6 2086/6 2090/6
f 2091/6 2081/6 2085/6
f 2092/6 2090/6 2086/6
f 2093/6 2094/6 2099/6 2098/6
f 2103/6 2094/6 2093/6
f 2104/6 2098/6 2099/6
f 2094/6 2095/6 2100/6 2099/6
f 2103/6 2095/6 2094/6
f 2104/6 2099/6 2100/6
f 2095/6 2096/6 2101/6 2100/6
f 2103/6 2096/6 2095/6
f 2104/6 2100/6 2101/6
f 2096/6 2097/6 2102/6 2101/6
f 2103/6 2097/6 2096/6
f 2104/6 2101/6 2102/6
f 2097/6 2093/6 2098/6 2102/6
f 2103/6 2093/6 2097/6
f 2104/6 2102/6 2098/6
f 2105/6 2106/6 2111/6 2110/6
f 2115/6 2106/6 2105/6
f 2116/6 2110/6 2111/6
f 2106/6 2107/6 2112/6 2111/6
f 2115/6 2107/6 2106/6
f 2116/6 2111/6 2112/6
f 2107/6 2108/6 2113/6 2112/6
f 2115/6 2108/6 2107/6
f 2116/6 2112/6 2113/6
f 2108/6 2109/6 2114/6 2113/6
f 2115/6 2109/6 2108/6
f 2116/6 2113/6 2114/6
f 2109/6 2105/6 2110/6 2114/6
f 2115/6 2105/6 2109/6
f 2116/6 2114/6 2110/6
f 2117/6 2118/6 2123/6 2122/6
f 2127/6 2118/6 2117/6
f 2128/6 2122/6 2123/6
f 2118/6 2119/6 2124/6 2123/6
f 2127/6 2119/6 2118/6
f 2128/6 2123/6 2124/6
f 2119/6 2120/6 2125/6 2124/6
f 2127/6 2120/6 2119/6
f 2128/6 2124/6 2125/6
f 2120/6 2121/6 2126/6 2125/6
f 2127/6 2121/6 2120/6
f 2128/6 2125/6 2126/6
f 2121/6 2117/6 2122/6 2126/6
f 2127/6 2117/6 2121/6
f 2128/6 2126/6 2122/6
f 2139/6 2140/6 2145/6 2144/6
f 2149/6 2140/6 2139/6
f 2150/6 2144/6 2145/6
f 2140/6 2141/6 2146/6 2145/6
f 2149/6 2141/6 2140/6
f 2150/6 2145/6 2146/6
f 2141/6 2142/6 2147/6 2146/6
f 2149/6 2142/6 2141/6
f 2150/6 2146/6 2147/6
f 2142/6 2143/6 2148/6 2147/6
f 2149/6 2143/6 2142/6
f 2150/6 2147/6 2148/6
f 2143/6 2139/6 2144/6 2148/6
f 2149/6 2139/6 2143/6
f 2150/6 2148/6 2144/6
f 2151/6 2152/6 2157/6 2156/6
f 2161/6 2152/6 2151/6
f 2162/6 2156/6 2157/6
f 2152/6 2153/6 2158/6 2157/6
f 2161/6 2153/6 2152/6
f 2162/6 2157/6 2158/6
f 2153/6 2154/6 2159/6 2158/6
f 2161/6 2154/6 2153/6
f 2162/6 2158/6 2159/6
f 2154/6 2155/6 2160/6 2159/6
f 2161/6 2155/6 2154/6
f 2162/6 2159/6 2160/6
f 2155/6 2151/6 2156/6 2160/6
f 2161/6 2151/6 2155/6
f 2162/6 2160/6 2156/6
f 2171/6 2172/6 2177/6 2176/6
f 2181/6 2172/6 2171/6
f 2182/6 2176/6 2177/6
f 2172/6 2173/6 2178/6 2177/6
f 2181/6 2173/6 2172/6
f 2182/6 2177/6 2178/6
f 2173/6 2174/6 2179/6 2178/6
f 2181/6 2174/6 2173/6
f 2182/6 2178/6 2179/6
f 2174/6 2175/6 2180/6 2179/6
f 2181/6 2175/6 2174/6
f 2182/6 2179/6 2180/6
f 2175/6 2171/6 2176/6 2180/6
f 2181/6 2171/6 2175/6
f 2182/6 2180/6 2176/6
f 2183/6 2184/6 2189/6 2188/6
f 2193/6 2184/6 2183/6
f 2194/6 2188/6 2189/6
f 2184/6 2185/6 2190/6 2189/6
f 2193/6 2185/6 2184/6
f 2194/6 2189/6 2190/6
f 2185/6 2186/6 2191/6 2190/6
f 2193/6 2186/6 2185/6
f 2194/6 2190/6 2191/6
f 2186/6 2187/6 2192/6 2191/6
f 2193/6 2187/6 2186/6
f 2194/6 2191/6 2192/6
f 2187/6 2183/6 2188/6 2192/6
f 2193/6 2183/6 2187/6
f 2194/6 2192/6 2188/6
f 2205/6 2206/6 2211/6 2210/6
f 2215/6 2206/6 2205/6
f 2216/6 2210/6 2211/6
f 2206/6 2207/6 2212/6 2211/6
f 2215/6 2207/6 2206/6
f 2216/6 2211/6 2212/6
f 2207/6 2208/6 2213/6 2212/6
f 2215/6 2208/6 2207/6
f 2216/6 2212/6 2213/6
f 2208/6 2209/6 2214/6 2213/6
f 2215/6 2209/6 2208/6
f 2216/6 2213/6 2214/6
f 2209/6 2205/6 2210/6 2214/6
f 2215/6 2205/6 2209/6
f 2216/6 2214/6 2210/6
f 2217/6 2218/6 2223/6 2222/6
f 2227/6 2218/6 2217/6
f 2228/6 2222/6 2223/6
f 2218/6 2219/6 2224/6 2223/6
f 2227/6 2219/6 2218/6
f 2228/6 2223/6 2224/6
f 2219/6 2220/6 2225/6 2224/6
f 2227/6 2220/6 2219/6
f 2228/6 2224/6 2225/6
f 2220/6 2221/6 2226/6 2225/6
f 2227/6 2221/6 2220/6
f 2228/6 2225/6 2226/6
f 2221/6 2217/6 2222/6 2226/6
f 2227/6 2217/6 2221/6
f 2228/6 2226/6 2222/6
f 2271/6 2272/6 2277/6 2276/6
f 2281/6 2272/6 2271/6
f 2282/6 2276/6 2277/6
f 2272/6 2273/6 2278/6 2277/6
f 2281/6 2273/6 2272/6
f 2282/6 2277/6 2278/6
f 2273/6 2274/6 2279/6 2278/6
f 2281/6 2274/6 2273/6
f 2282/6 2278/6 2279/6
f 2274/6 2275/6 2280/6 2279/6
f 2281/6 2275/6 2274/6
f 2282/6 2279/6 2280/6
f 2275/6 2271/6 2276/6 2280/6
f 2281/6 2271/6 2275/6
f 2282/6 2280/6 2276/6
f 2283/6 2284/6 2289/6 2288/6
f 2293/6 2284/6 2283/6
f 2294/6 2288/6 2289/6
f 2284/6 2285/6 2290/6 2289/6
f 2293/6 2285/6 2284/6
f 2294/6 2289/6 2290/6
f 2285/6 2286/6 2291/6 2290/6
f 2293/6 2286/6 2285/6
f 2294/6 2290/6 2291/6
f 2286/6 2287/6 2292/6 2291/6
f 2293/6 2287/6 2286/6
f 2294/6 2291/6 2292/6
f 2287/6 2283/6 2288/6 2292/6
f 2293/6 2283/6 2287/6
f 2294/6 2292/6 2288/6
f 2305/6 2306/6 2311/6 2310/6
f 2315/6 2306/6 2305/6
f 2316/6 2310/6 2311/6
f 2306/6 2307/6 2312/6 2311/6
f 2315/6 2307/6 2306/6
f 2316/6 2311/6 2312/6
f 2307/6 2308/6 2313/6 2312/6
f 2315/6 2308/6 2307/6
f 2316/6 2312/6 2313/6
f 2308/6 2309/6 2314/6 2313/6
f 2315/6 2309/6 2308/6
f 2316/6 2313/6 2314/6
f 2309/6 2305/6 2310/6 2314/6
f 2315/6 2305/6 2309/6
f 2316/6 2314/6 2310/6
f 2317/6 2318/6 2323/6 2322/6
f 2327/6 2318/6 2317/6
f 2328/6 2322/6 2323/6
f 2318/6 2319/6 2324/6 2323/6
f 2327/6 2319/6 2318/6
f 2328/6 2323/6 2324/6
f 2319/6 2320/6 2325/6 2324/6
f 2327/6 2320/6 2319/6
f 2328/6 2324/6 2325/6
f 2320/6 2321/6 2326/6 2325/6
f 2327/6 2321/6 2320/6
f 2328/6 2325/6 2326/6
f 2321/6 2317/6 2322/6 2326/6
f 2327/6 2317/6 2321/6
f 2328/6 2326/6 2322/6
f 2329/6 2330/6 2335/6 2334/6
f 2339/6 2330/6 2329/6
f 2340/6 2334/6 2335/6
f 2330/6 2331/6 2336/6 2335/6
f 2339/6 2331/6 2330/6
f 2340/6 2335/6 2336/6
f 2331/6 2332/6 2337/6 2336/6
f 2339/6 2332/6 2331/6
f 2340/6 2336/6 2337/6
f 2332/6 2333/6 2338/6 2337/6
f 2339/6 2333/6 2332/6
f 2340/6 2337/6 2338/6
f 2333/6 2329/6 2334/6 2338/6
f 2339/6 2329/6 2333/6
f 2340/6 2338/6 2334/6
f 2341/6 2342/6 2347/6 2346/6
f 2351/6 2342/6 2341/6
f 2352/6 2346/6 2347/6
f 2342/6 2343/6 2348/6 2347/6
f 2351/6 2343/6 2342/6
f 2352/6 2347/6 2348/6
f 2343/6 2344/6 2349/6 2348/6
f 2351/6 2344/6 2343/6
f 2352/6 2348/6 2349/6
f 2344/6 2345/6 2350/6 2349/6
f 2351/6 2345/6 2344/6
f 2352/6 2349/6 2350/6
f 2345/6 2341/6 2346/6 2350/6
f 2351/6 2341/6 2345/6
f 2352/6 2350/6 2346/6
f 2363/6 2364/6 2369/6 2368/6
f 2373/6 2364/6 2363/6
f 2374/6 2368/6 2369/6
f 2364/6 2365/6 2370/6 2369/6
f 2373/6 2365/6 2364/6
f 2374/6 2369/6 2370/6
f 2365/6 2366/6 2371/6 2370/6
f 2373/6 2366/6 2365/6
f 2374/6 2370/6 2371/6
f 2366/6 2367/6 2372/6 2371/6
f 2373/6 2367/6 2366/6
f 2374/6 2371/6 2372/6
f 2367/6 2363/6 2368/6 2372/6
f 2373/6 2363/6 2367/6
f 2374/6 2372/6 2368/6
f 2375/6 2376/6 2381/6 2380/6
f 2385/6 2376/6 2375/6
f 2386/6 2380/6 2381/6
f 2376/6 2377/6 2382/6 2381/6
f 2385/6 2377/6 2376/6
f 2386/6 2381/6 2382/6
f 2377/6 2378/6 2383/6 2382/6
f 2385/6 2378/6 2377/6
f 2386/6 2382/6 2383/6
f 2378/6 2379/6 2384/6 2383/6
f 2385/6 2379/6 2378/6
f 2386/6 2383/6 2384/6
f 2379/6 2375/6 2380/6 2384/6
f 2385/6 2375/6 2379/6
f 2386/6 2384/6 2380/6
f 2387/6 2388/6 2393/6 2392/6
f 2397/6 2388/6 2387/6
f 2398/6 2392/6 2393/6
f 2388/6 2389/6 2394/6 2393/6
f 2397/6 2389/6 2388/6
f 2398/6 2393/6 2394/6
f 2389/6 2390/6 2395/6 2394/6
f 2397/6 2390/6 2389/6
f 2398/6 2394/6 2395/6
f 2390/6 2391/6 2396/6 2395/6
f 2397/6 2391/6 2390/6
f 2398/6 2395/6 2396/6
f 2391/6 2387/6 2392/6 2396/6
f 2397/6 2387/6 2391/6
f 2398/6 2396/6 2392/6
f 2399/6 2400/6 2405/6 2404/6
f 2409/6 2400/6 2399/6
f 2410/6 2404/6 2405/6
f 2400/6 2401/6 2406/6 2405/6
f 2409/6 2401/6 2400/6
f 2410/6 2405/6 2406/6
f 2401/6 2402/6 2407/6 2406/6
f 2409/6 2402/6 2401/6
f 2410/6 2406/6 2407/6
f 2402/6 2403/6 2408/6 2407/6
f 2409/6 2403/6 2402/6
f 2410/6 2407/6 2408/6
f 2403/6 2399/6 2404/6 2408/6
f 2409/6 2399/6 2403/6
f 2410/6 2408/6 2404/6
f 2463/6 2464/6 2469/6 2468/6
f 2473/6 2464/6 2463/6
f 2474/6 2468/6 2469/6
f 2464/6 2465/6 2470/6 2469/6
f 2473/6 2465/6 2464/6
f 2474/6 2469/6 2470/6
f 2465/6 2466/6 2471/6 2470/6
f 2473/6 2466/6 2465/6
f 2474/6 2470/6 2471/6
f 2466/6 2467/6 2472/6 2471/6
f 2473/6 2467/6 2466/6
f 2474/6 2471/6 2472/6
f 2467/6 2463/6 2468/6 2472/6
f 2473/6 2463/6 2467/6
f 2474/6 2472/6 2468/6
f 2475/6 2476/6 2481/6 2480/6
f 2485/6 2476/6 2475/6
f 2486/6 2480/6 2481/6
f 2476/6 2477/6 2482/6 2481/6
f 2485/6 2477/6 2476/6
f 2486/6 2481/6 2482/6
f 2477/6 2478/6 2483/6 2482/6
f 2485/6 2478/6 2477/6
f 2486/6 2482/6 2483/6
f 2478/6 2479/6 2484/6 2483/6
f 2485/6 2479/6 2478/6
f 2486/6 2483/6 2484/6
f 2479/6 2475/6 2480/6 2484/6
f 2485/6 2475/6 2479/6
f 2486/6 2484/6 2480/6
f 2487/6 2488/6 2493/6 2492/6
f 2497/6 2488/6 2487/6
f 2498/6 2492/6 2493/6
f 2488/6 2489/6 2494/6 2493/6
f 2497/6 2489/6 2488/6
f 2498/6 2493/6 2494/6
f 2489/6 2490/6 2495/6 2494/6
f 2497/6 2490/6 2489/6
f 2498/6 2494/6 2495/6
f 2490/6 2491/6 2496/6 2495/6
f 2497/6 2491/6 2490/6
f 2498/6 2495/6 2496/6
f 2491/6 2487/6 2492/6 2496/6
f 2497/6 2487/6 2491/6
f 2498/6 2496/6 2492/6
f 2499/6 2500/6 2505/6 2504/6
f 2509/6 2500/6 2499/6
f 2510/6 2504/6 2505/6
f 2500/6 2501/6 2506/6 2505/6
f 2509/6 2501/6 2500/6
f 2510/6 2505/6 2506/6
f 2501/6 2502/6 2507/6 2506/6
f 2509/6 2502/6 2501/6
f 2510/6 2506/6 2507/6
f 2502/6 2503/6 2508/6 2507/6
f 2509/6 2503/6 2502/6
f 2510/6 2507/6 2508/6
f 2503/6 2499/6 2504/6 2508/6
f 2509/6 2499/6 2503/6
f 2510/6 2508/6 2504/6
f 2521/6 2522/6 2527/6 2526/6
f 2531/6 2522/6 2521/6
f 2532/6 2526/6 2527/6
f 2522/6 2523/6 2528/6 2527/6
f 2531/6 2523/6 2522/6
f 2532/6 2527/6 2528/6
f 2523/6 2524/6 2529/6 2528/6
f 2531/6 2524/6 2523/6
f 2532/6 2528/6 2529/6
f 2524/6 2525/6 2530/6 2529/6
f 2531/6 2525/6 2524/6
f 2532/6 2529/6 2530/6
f 2525/6 2521/6 2526/6 2530/6
f 2531/6 2521/6 2525/6
f 2532/6 2530/6 2526/6
f 2533/6 2534/6 2539/6 2538/6
f 2543/6 2534/6 2533/6
f 2544/6 2538/6 2539/6
f 2534/6 2535/6 2540/6 2539/6
f 2543/6 2535/6 2534/6
f 2544/6 2539/6 2540/6
f 2535/6 2536/6 2541/6 2540/6
f 2543/6 2536/6 2535/6
f 2544/6 2540/6 2541/6
f 2536/6 2537/6 2542/6 2541/6
f 2543/6 2537/6 2536/6
f 2544/6 2541/6 2542/6
f 2537/6 2533/6 2538/6 2542/6
f 2543/6 2533/6 2537/6
f 2544/6 2542/6 2538/6
f 2545/6 2546/6 2551/6 2550/6
f 2555/6 2546/6 2545/6
f 2556/6 2550/6 2551/6
f 2546/6 2547/6 2552/6 2551/6
f 2555/6 2547/6 2546/6
f 2556/6 2551/6 2552/6
f 2547/6 2548/6 2553/6 2552/6
f 2555/6 2548/6 2547/6
f 2556/6 2552/6 2553/6
f 2548/6 2549/6 2554/6 2553/6
f 2555/6 2549/6 2548/6
f 2556/6 2553/6 2554/6
f 2549/6 2545/6 2550/6 2554/6
f 2555/6 2545/6 2549/6
f 2556/6 2554/6 2550/6
f 2557/6 2558/6 2563/6 2562/6
f 2567/6 2558/6 2557/6
f 2568/6 2562/6 2563/6
f 2558/6 2559/6 2564/6 2563/6
f 2567/6 2559/6 2558/6
f 2568/6 2563/6 2564/6
f 2559/6 2560/6 2565/6 2564/6
f 2567/6 2560/6 2559/6
f 2568/6 2564/6 2565/6
f 2560/6 2561/6 2566/6 2565/6
f 2567/6 2561/6 2560/6
f 2568/6 2565/6 2566/6
f 2561/6 2557/6 2562/6 2566/6
f 2567/6 2557/6 2561/6
f 2568/6 2566/6 2562/6
f 2579/6 2580/6 2585/6 2584/6
f 2589/6 2580/6 2579/6
f 2590/6 2584/6 2585/6
f 2580/6 2581/6 2586/6 2585/6
f 2589/6 2581/6 2580/6
f 2590/6 2585/6 2586/6
f 2581/6 2582/6 2587/6 2586/6
f 2589/6 2582/6 2581/6
f 2590/6 2586/6 2587/6
f 2582/6 2583/6 2588/6 2587/6
f 2589/6 2583/6 2582/6
f 2590/6 2587/6 2588/6
f 2583/6 2579/6 2584/6 2588/6
f 2589/6 2579/6 2583/6
f 2590/6 2588/6 2584/6
f 2591/6 2592/6 2597/6 2596/6
f 2601/6 2592/6 2591/6
f 2602/6 2596/6 2597/6
f 2592/6 2593/6 2598/6 2597/6
f 2601/6 2593/6 2592/6
f 2602/6 2597/6 2598/6
f 2593/6 2594/6 2599/6 2598/6
f 2601/6 2594/6 2593/6
f 2602/6 2598/6 2599/6
f 2594/6 2595/6 2600/6 2599/6
f 2601/6 2595/6 2594/6
f 2602/6 2599/6 2600/6
f 2595/6 2591/6 2596/6 2600/6
f 2601/6 2591/6 2595/6
f 2602/6 2600/6 2596/6
f 2645/6 2646/6 2651/6 2650/6
f 2655/6 2646/6 2645/6
f 2656/6 2650/6 2651/6
f 2646/6 2647/6 2652/6 2651/6
f 2655/6 2647/6 2646/6
f 2656/6 2651/6 2652/6
f 2647/6 2648/6 2653/6 2652/6
f 2655/6 2648/6 2647/6
f 2656/6 2652/6 2653/6
f 2648/6 2649/6 2654/6 2653/6
f 2655/6 2649/6 2648/6
f 2656/6 2653/6 2654/6
f 2649/6 2645/6 2650/6 2654/6
f 2655/6 2645/6 2649/6
f 2656/6 2654/6 2650/6
f 2657/6 2658/6 2663/6 2662/6
f 2667/6 2658/6 2657/6
f 2668/6 2662/6 2663/6
f 2658/6 2659/6 2664/6 2663/6
f 2667/6 2659/6 2658/6
f 2668/6 2663/6 2664/6
f 2659/6 2660/6 2665/6 2664/6
f 2667/6 2660/6 2659/6
f 2668/6 2664/6 2665/6
f 2660/6 2661/6 2666/6 2665/6
f 2667/6 2661/6 2660/6
f 2668/6 2665/6 2666/6
f 2661/6 2657/6 2662/6 2666/6
f 2667/6 2657/6 2661/6
f 2668/6 2666/6 2662/6
f 2679/6 2680/6 2685/6 2684/6
f 2689/6 2680/6 2679/6
f 2690/6 2684/6 2685/6
f 2680/6 2681/6 2686/6 2685/6
f 2689/6 2681/6 2680/6
f 2690/6 2685/6 2686/6
f 2681/6 2682/6 2687/6 2686/6
f 2689/6 2682/6 2681/6
f 2690/6 2686/6 2687/6
f 2682/6 2683/6 2688/6 2687/6
f 2689/6 2683/6 2682/6
f 2690/6 2687/6 2688/6
f 2683/6 2679/6 2684/6 2688/6
f 2689/6 2679/6 2683/6
f 2690/6 2688/6 2684/6
f 2691/6 2692/6 2697/6 2696/6
f 2701/6 2692/6 2691/6
f 2702/6 2696/6 2697/6
f 2692/6 2693/6 2698/6 2697/6
f 2701/6 2693/6 2692/6
f 2702/6 2697/6 2698/6
f 2693/6 2694/6 2699/6 2698/6
f 2701/6 2694/6 2693/6
f 2702/6 2698/6 2699/6
f 2694/6 2695/6 2700/6 2699/6
f 2701/6 2695/6 2694/6
f 2702/6 2699/6 2700/6
f 2695/6 2691/6 2696/6 2700/6
f 2701/6 2691/6 2695/6
f 2702/6 2700/6 2696/6
f 2703/6 2704/6 2709/6 2708/6
f 2713/6 2704/6 2703/6
f 2714/6 2708/6 2709/6
f 2704/6 2705/6 2710/6 2709/6
f 2713/6 2705/6 2704/6
f 2714/6 2709/6 2710/6
f 2705/6 2706/6 2711/6 2710/6
f 2713/6 2706/6 2705/6
f 2714/6 2710/6 2711/6
f 2706/6 2707/6 2712/6 2711/6
f 2713/6 2707/6 2706/6
f 2714/6 2711/6 2712/6
f 2707/6 2703/6 2708/6 2712/6
f 2713/6 2703/6 2707/6
f 2714/6 2712/6 2708/6
f 2715/6 2716/6 2721/6 2720/6
f 2725/6 2716/6 2715/6
f 2726/6 2720/6 2721/6
f 2716/6 2717/6 2722/6 2721/6
f 2725/6 2717/6 2716/6
f 2726/6 2721/6 2722/6
f 2717/6 2718/6 2723/6 2722/6
f 2725/6 2718/6 2717/6
f 2726/6 2722/6 2723/6
f 2718/6 2719/6 2724/6 2723/6
f 2725/6 2719/6 2718/6
f 2726/6 2723/6 2724/6
f 2719/6 2715/6 2720/6 2724/6
f 2725/6 2715/6 2719/6
f 2726/6 2724/6 2720/6
f 2737/6 2738/6 2743/6 2742/6
f 2747/6 2738/6 2737/6
f 2748/6 2742/6 2743/6
f 2738/6 2739/6 2744/6 2743/6
f 2747/6 2739/6 2738/6
f 2748/6 2743/6 2744/6
f 2739/6 2740/6 2745/6 2744/6
f 2747/6 2740/6 2739/6
f 2748/6 2744/6 2745/6
f 2740/6 2741/6 2746/6 2745/6
f 2747/6 2741/6 2740/6
f 2748/6 2745/6 2746/6
f 2741/6 2737/6 2742/6 2746/6
f 2747/6 2737/6 2741/6
f 2748/6 2746/6 2742/6
f 2749/6 2750/6 2755/6 2754/6
f 2759/6 2750/6 2749/6
f 2760/6 2754/6 2755/6
f 2750/6 2751/6 2756/6 2755/6
f 2759/6 2751/6 2750/6
f 2760/6 2755/6 2756/6
f 2751/6 2752/6 2757/6 2756/6
f 2759/6 2752/6 2751/6
f 2760/6 2756/6 2757/6
f 2752/6 2753/6 2758/6 2757/6
f 2759/6 2753/6 2752/6
f 2760/6 2757/6 2758/6
f 2753/6 2749/6 2754/6 2758/6
f 2759/6 2749/6 2753/6
f 2760/6 2758/6 2754/6
f 2761/6 2762/6 2767/6 2766/6
f 2771/6 2762/6 2761/6
f 2772/6 2766/6 2767/6
f 2762/6 2763/6 2768/6 2767/6
f 2771/6 2763/6 2762/6
f 2772/6 2767/6 2768/6
f 2763/6 2764/6 2769/6 2768/6
f 2771/6 2764/6 2763/6
f 2772/6 2768/6 2769/6
f 2764/6 2765/6 2770/6 2769/6
f 2771/6 2765/6 2764/6
f 2772/6 2769/6 2770/6
f 2765/6 2761/6 2766/6 2770/6
f 2771/6 2761/6 2765/6
f 2772/6 2770/6 2766/6
f 2773/6 2774/6 2779/6 2778/6
f 2783/6 2774/6 2773/6
f 2784/6 2778/6 2779/6
f 2774/6 2775/6 2780/6 2779/6
f 2783/6 2775/6 2774/6
f 2784/6 2779/6 2780/6
f 2775/6 2776/6 2781/6 2780/6
f 2783/6 2776/6 2775/6
f 2784/6 2780/6 2781/6
f 2776/6 2777/6 2782/6 2781/6
f 2783/6 2777/6 2776/6
f 2784/6 2781/6 2782/6
f 2777/6 2773/6 2778/6 2782/6
f 2783/6 2773/6 2777/6
f 2784/6 2782/6 2778/6
f 2837/6 2838/6 2843/6 2842/6
f 2847/6 2838/6 2837/6
f 2848/6 2842/6 2843/6
f 2838/6 2839/6 2844/6 2843/6
f 2847/6 2839/6 2838/6
f 2848/6 2843/6 2844/6
f 2839/6 2840/6 2845/6 2844/6
f 2847/6 2840/6 2839/6
f 2848/6 2844/6 2845/6
f 2840/6 2841/6 2846/6 2845/6
f 2847/6 2841/6 2840/6
f 2848/6 2845/6 2846/6
f 2841/6 2837/6 2842/6 2846/6
f 2847/6 2837/6 2841/6
f 2848/6 2846/6 2842/6
f 2849/6 2850/6 2855/6 2854/6
f 2859/6 2850/6 2849/6
f 2860/6 2854/6 2855/6
f 2850/6 2851/6 2856/6 2855/6
f 2859/6 2851/6 2850/6
f 2860/6 2855/6 2856/6
f 2851/6 2852/6 2857/6 2856/6
f 2859/6 2852/6 2851/6
f 2860/6 2856/6 2857/6
f 2852/6 2853/6 2858/6 2857/6
f 2859/6 2853/6 2852/6
f 2860/6 2857/6 2858/6
f 2853/6 2849/6 2854/6 2858/6
f 2859/6 2849/6 2853/6
f 2860/6 2858/6 2854/6
f 2861/6 2862/6 2867/6 2866/6
f 2871/6 2862/6 2861/6
f 2872/6 2866/6 2867/6
f 2862/6 2863/6 2868/6 2867/6
f 2871/6 2863/6 2862/6
f 2872/6 2867/6 2868/6
f 2863/6 2864/6 2869/6 2868/6
f 2871/6 2864/6 2863/6
f 2872/6 2868/6 2869/6
f 2864/6 2865/6 2870/6 2869/6
f 2871/6 2865/6 2864/6
f 2872/6 2869/6 2870/6
f 2865/6 2861/6 2866/6 2870/6
f 2871/6 2861/6 2865/6
f 2872/6 2870/6 2866/6
f 2873/6 2874/6 2879/6 2878/6
f 2883/6 2874/6 2873/6
f 2884/6 2878/6 2879/6
f 2874/6 2875/6 2880/6 2879/6
f 2883/6 2875/6 2874/6
f 2884/6 2879/6 2880/6
f 2875/6 2876/6 2881/6 2880/6
f 2883/6 2876/6 2875/6
f 2884/6 2880/6 2881/6
f 2876/6 2877/6 2882/6 2881/6
f 2883/6 2877/6 2876/6
f 2884/6 2881/6 2882/6
f 2877/6 2873/6 2878/6 2882/6
f 2883/6 2873/6 2877/6
f 2884/6 2882/6 2878/6
f 2895/6 2896/6 2901/6 2900/6
f 2905/6 2896/6 2895/6
f 2906/6 2900/6 2901/6
f 2896/6 2897/6 2902/6 2901/6
f 2905/6 2897/6 2896/6
f 2906/6 2901/6 2902/6
f 2897/6 2898/6 2903/6 2902/6
f 2905/6 2898/6 2897/6
f 2906/6 2902/6 2903/6
f 2898/6 2899/6 2904/6 2903/6
f 2905/6 2899/6 2898/6
f 2906/6 2903/6 2904/6
f 2899/6 2895/6 2900/6 2904/6
f 2905/6 2895/6 2899/6
f 2906/6 2904/6 2900/6
f 2907/6 2908/6 2913/6 2912/6
f 2917/6 2908/6 2907/6
f 2918/6 2912/6 2913/6
f 2908/6 2909/6 2914/6 2913/6
f 2917/6 2909/6 2908/6
f 2918/6 2913/6 2914/6
f 2909/6 2910/6 2915/6 2914/6
f 2917/6 2910/6 2909/6
f 2918/6 2914/6 2915/6
f 2910/6 2911/6 2916/6 2915/6
f 2917/6 2911/6 2910/6
f 2918/6 2915/6 2916/6
f 2911/6 2907/6 2912/6 2916/6
f 2917/6 2907/6 2911/6
f 2918/6 2916/6 2912/6
f 2919/6 2920/6 2925/6 2924/6
f 2929/6 2920/6 2919/6
f 2930/6 2924/6 2925/6
f 2920/6 2921/6 2926/6 2925/6
f 2929/6 2921/6 2920/6
f 2930/6 2925/6 2926/6
f 2921/6 2922/6 2927/6 2926/6
f 2929/6 2922/6 2921/6
f 2930/6 2926/6 2927/6
f 2922/6 2923/6 2928/6 2927/6
f 2929/6 2923/6 2922/6
f 2930/6 2927/6 2928/6
f 2923/6 2919/6 2924/6 2928/6
f 2929/6 2919/6 2923/6
f 2930/6 2928/6 2924/6
f 2931/6 2932/6 2937/6 2936/6
f 2941/6 2932/6 2931/6
f 2942/6 2936/6 2937/6
f 2932/6 2933/6 2938/6 2937/6
f 2941/6 2933/6 2932/6
f 2942/6 2937/6 2938/6
f 2933/6 2934/6 2939/6 2938/6
f 2941/6 2934/6 2933/6
f 2942/6 2938/6 2939/6
f 2934/6 2935/6 2940/6 2939/6
f 2941/6 2935/6 2934/6
f 2942/6 2939/6 2940/6
f 2935/6 2931/6 2936/6 2940/6
f 2941/6 2931/6 2935/6
f 2942/6 2940/6 2936/6
f 2953/6 2954/6 2959/6 2958/6
f 2963/6 2954/6 2953/6
f 2964/6 2958/6 2959/6
f 2954/6 2955/6 2960/6 2959/6
f 2963/6 2955/6 2954/6
f 2964/6 2959/6 2960/6
f 2955/6 2956/6 2961/6 2960/6
f 2963/6 2956/6 2955/6
f 2964/6 2960/6 2961/6
f 2956/6 2957/6 2962/6 2961/6
f 2963/6 2957/6 2956/6
f 2964/6 2961/6 2962/6
f 2957/6 2953/6 2958/6 2962/6
f 2963/6 2953/6 2957/6
f 2964/6 2962/6 2958/6
f 2965/6 2966/6 2971/6 2970/6
f 2975/6 2966/6 2965/6
f 2976/6 2970/6 2971/6
f 2966/6 2967/6 2972/6 2971/6
f 2975/6 2967/6 2966/6
f 2976/6 2971/6 2972/6
f 2967/6 2968/6 2973/6 2972/6
f 2975/6 2968/6 2967/6
f 2976/6 2972/6 2973/6
f 2968/6 2969/6 2974/6 2973/6
f 2975/6 2969/6 2968/6
f 2976/6 2973/6 2974/6
f 2969/6 2965/6 2970/6 2974/6
f 2975/6 2965/6 2969/6
f 2976/6 2974/6 2970/6
f 3019/6 3020/6 3025/6 3024/6
f 3029/6 3020/6 3019/6
f 3030/6 3024/6 3025/6
f 3020/6 3021/6 3026/6 3025/6
f 3029/6 3021/6 3020/6
f 3030/6 3025/6 3026/6
f 3021/6 3022/6 3027/6 3026/6
f 3029/6 3022/6 3021/6
f 3030/6 3026/6 3027/6
f 3022/6 3023/6 3028/6 3027/6
f 3029/6 3023/6 3022/6
f 3030/6 3027/6 3028/6
f 3023/6 3019/6 3024/6 3028/6
f 3029/6 3019/6 3023/6
f 3030/6 3028/6 3024/6
f 3031/6 3032/6 3037/6 3036/6
f 3041/6 3032/6 3031/6
f 3042/6 3036/6 3037/6
f 3032/6 3033/6 3038/6 3037/6
f 3041/6 3033/6 3032/6
f 3042/6 3037/6 3038/6
f 3033/6 3034/6 3039/6 3038/6
f 3041/6 3034/6 3033/6
f 3042/6 3038/6 3039/6
f 3034/6 3035/6 3040/6 3039/6
f 3041/6 3035/6 3034/6
f 3042/6 3039/6 3040/6
f 3035/6 3031/6 3036/6 3040/6
f 3041/6 3031/6 3035/6
f 3042/6 3040/6 3036/6
f 3053/6 3054/6 3059/6 3058/6
f 3063/6 3054/6 3053/6
f 3064/6 3058/6 3059/6
f 3054/6 3055/6 3060/6 3059/6
f 3063/6 3055/6 3054/6
f 3064/6 3059/6 3060/6
f 3055/6 3056/6 3061/6 3060/6
f 3063/6 3056/6 3055/6
f 3064/6 3060/6 3061/6
f 3056/6 3057/6 3062/6 3061/6
f 3063/6 3057/6 3056/6
f 3064/6 3061/6 3062/6
f 3057/6 3053/6 3058/6 3062/6
f 3063/6 3053/6 3057/6
f 3064/6 3062/6 3058/6
f 3065/6 3066/6 3071/6 3070/6
f 3075/6 3066/6 3065/6
f 3076/6 3070/6 3071/6
f 3066/6 3067/6 3072/6 3071/6
f 3075/6 3067/6 3066/6
f 3076/6 3071/6 3072/6
f 3067/6 3068/6 3073/6 3072/6
f 3075/6 3068/6 3067/6
f 3076/6 3072/6 3073/6
f 3068/6 3069/6 3074/6 3073/6
f 3075/6 3069/6 3068/6
f 3076/6 3073/6 3074/6
f 3069/6 3065/6 3070/6 3074/6
f 3075/6 3065/6 3069/6
f 3076/6 3074/6 3070/6
f 3077/6 3078/6 3083/6 3082/6
f 3087/6 3078/6 3077/6
f 3088/6 3082/6 3083/6
f 3078/6 3079/6 3084/6 3083/6
f 3087/6 3079/6 3078/6
f 3088/6 3083/6 3084/6
f 3079/6 3080/6 3085/6 3084/6
f 3087/6 3080/6 3079/6
f 3088/6 3084/6 3085/6
f 3080/6 3081/6 3086/6 3085/6
f 3087/6 3081/6 3080/6
f 3088/6 3085/6 3086/6
f 3081/6 3077/6 3082/6 3086/6
f 3087/6 3077/6 3081/6
f 3088/6 3086/6 3082/6
f 3089/6 3090/6 3095/6 3094/6
f 3099/6 3090/6 3089/6
f 3100/6 3094/6 3095/6
f 3090/6 3091/6 3096/6 3095/6
f 3099/6 3091/6 3090/6
f 3100/6 3095/6 3096/6
f 3091/6 3092/6 3097/6 3096/6
f 3099/6 3092/6 3091/6
f 3100/6 3096/6 3097/6
f 3092/6 3093/6 3098/6 3097/6
f 3099/6 3093/6 3092/6
f 3100/6 3097/6 3098/6
f 3093/6 3089/6 3094/6 3098/6
f 3099/6 3089/6 3093/6
f 3100/6 3098/6 3094/6
f 3111/6 3112/6 3117/6 3116/6
f 3121/6 3112/6 3111/6
f 3122/6 3116/6 3117/6
f 3112/6 3113/6 3118/6 3117/6
f 3121/6 3113/6 3112/6
f 3122/6 3117/6 3118/6
f 3113/6 3114/6 3119/6 3118/6
f 3121/6 3114/6 3113/6
f 3122/6 3118/6 3119/6
f 3114/6 3115/6 3120/6 3119/6
f 3121/6 3115/6 3114/6
f 3122/6 3119/6 3120/6
f 3115/6 3111/6 3116/6 3120/6
f 3121/6 3111/6 3115/6
f 3122/6 3120/6 3116/6
f 3123/6 3124/6 3129/6 3128/6
f 3133/6 3124/6 3123/6
f 3134/6 3128/6 3129/6
f 3124/6 3125/6 3130/6 3129/6
f 3133/6 3125/6 3124/6
f 3134/6 3129/6 3130/6
f 3125/6 3126/6 3131/6 3130/6
f 3133/6 3126/6 3125/6
f 3134/6 3130/6 3131/6
f 3126/6 3127/6 3132/6 3131/6
f 3133/6 3127/6 3126/6
f 3134/6 3131/6 3132/6
f 3127/6 3123/6 3128/6 3132/6
f 3133/6 3123/6 3127/6
f 3134/6 3132/6 3128/6
f 3135/6 3136/6 3141/6 3140/6
f 3145/6 3136/6 3135/6
f 3146/6 3140/6 3141/6
f 3136/6 3137/6 3142/6 3141/6
f 3145/6 3137/6 3136/6
f 3146/6 3141/6 3142/6
f 3137/6 3138/6 3143/6 3142/6
f 3145/6 3138/6 3137/6
f 3146/6 3142/6 3143/6
f 3138/6 3139/6 3144/6 3143/6
f 3145/6 3139/6 3138/6
f 3146/6 3143/6 3144/6
f 3139/6 3135/6 3140/6 3144/6
f 3145/6 3135/6 3139/6
f 3146/6 3144/6 3140/6
f 3147/6 3148/6 3153/6 3152/6
f 3157/6 3148/6 3147/6
f 3158/6 3152/6 3153/6
f 3148/6 3149/6 3154/6 3153/6
f 3157/6 3149/6 3148/6
f 3158/6 3153/6 3154/6
f 3149/6 3150/6 3155/6 3154/6
f 3157/6 3150/6 3149/6
f 3158/6 3154/6 3155/6
f 3150/6 3151/6 3156/6 3155/6
f 3157/6 3151/6 3150/6
f 3158/6 3155/6 3156/6
f 3151/6 3147/6 3152/6 3156/6
f 3157/6 3147/6 3151/6
f 3158/6 3156/6 3152/6
f 3201/6 3202/6 3207/6 3206/6
f 3211/6 3202/6 3201/6
f 3212/6 3206/6 3207/6
f 3202/6 3203/6 3208/6 3207/6
f 3211/6 3203/6 3202/6
f 3212/6 3207/6 3208/6
f 3203/6 3204/6 3209/6 3208/6
f 3211/6 3204/6 3203/6
f 3212/6 3208/6 3209/6
f 3204/6 3205/6 3210/6 3209/6
f 3211/6 3205/6 3204/6
f 3212/6 3209/6 3210/6
f 3205/6 3201/6 3206/6 3210/6
f 3211/6 3201/6 3205/6
f 3212/6 3210/6 3206/6
f 3213/6 3214/6 3219/6 3218/6
f 3223/6 3214/6 3213/6
f 3224/6 3218/6 3219/6
f 3214/6 3215/6 3220/6 3219/6
f 3223/6 3215/6 3214/6
f 3224/6 3219/6 3220/6
f 3215/6 3216/6 3221/6 3220/6
f 3223/6 3216/6 3215/6
f 3224/6 3220/6 3221/6
f 3216/6 3217/6 3222/6 3221/6
f 3223/6 3217/6 3216/6
f 3224/6 3221/6 3222/6
f 3217/6 3213/6 3218/6 3222/6
f 3223/6 3213/6 3217/6
f 3224/6 3222/6 3218/6
f 3225/6 3226/6 3231/6 3230/6
f 3235/6 3226/6 3225/6
f 3236/6 3230/6 3231/6
f 3226/6 3227/6 3232/6 3231/6
f 3235/6 3227/6 3226/6
f 3236/6 3231/6 3232/6
f 3227/6 3228/6 3233/6 3232/6
f 3235/6 3228/6 3227/6
f 3236/6 3232/6 3233/6
f 3228/6 3229/6 3234/6 3233/6
f 3235/6 3229/6 3228/6
f 3236/6 3233/6 3234/6
f 3229/6 3225/6 3230/6 3234/6
f 3235/6 3225/6 3229/6
f 3236/6 3234/6 3230/6
f 3237/6 3238/6 3243/6 3242/6
f 3247/6 3238/6 3237/6
f 3248/6 3242/6 3243/6
f 3238/6 3239/6 3244/6 3243/6
f 3247/6 3239/6 3238/6
f 3248/6 3243/6 3244/6
f 3239/6 3240/6 3245/6 3244/6
f 3247/6 3240/6 3239/6
f 3248/6 3244/6 3245/6
f 3240/6 3241/6 3246/6 3245/6
f 3247/6 3241/6 3240/6
f 3248/6 3245/6 3246/6
f 3241/6 3237/6 3242/6 3246/6
f 3247/6 3237/6 3241/6
f 3248/6 3246/6 3242/6
f 3259/6 3260/6 3265/6 3264/6
f 3269/6 3260/6 3259/6
f 3270/6 3264/6 3265/6
f 3260/6 3261/6 3266/6 3265/6
f 3269/6 3261/6 3260/6
f 3270/6 3265/6 3266/6
f 3261/6 3262/6 3267/6 3266/6
f 3269/6 3262/6 3261/6
f 3270/6 3266/6 3267/6
f 3262/6 3263/6 3268/6 3267/6
f 3269/6 3263/6 3262/6
f 3270/6 3267/6 3268/6
f 3263/6 3259/6 3264/6 3268/6
f 3269/6 3259/6 3263/6
f 3270/6 3268/6 3264/6
f 3271/6 3272/6 3277/6 3276/6
f 3281/6 3272/6 3271/6
f 3282/6 3276/6 3277/6
f 3272/6 3273/6 3278/6 3277/6
f 3281/6 3273/6 3272/6
f 3282/6 3277/6 3278/6
f 3273/6 3274/6 3279/6 3278/6
f 3281/6 3274/6 3273/6
f 3282/6 3278/6 3279/6
f 3274/6 3275/6 3280/6 3279/6
f 3281/6 3275/6 3274/6
f 3282/6 3279/6 3280/6
f 3275/6 3271/6 3276/6 3280/6
f 3281/6 3271/6 3275/6
f 3282/6 3280/6 3276/6
f 3283/6 3284/6 3289/6 3288/6
f 3293/6 3284/6 3283/6
f 3294/6 3288/6 3289/6
f 3284/6 3285/6 3290/6 3289/6
f 3293/6 3285/6 3284/6
f 3294/6 3289/6 3290/6
f 3285/6 3286/6 3291/6 3290/6
f 3293/6 3286/6 3285/6
f 3294/6 3290/6 3291/6
f 3286/6 3287/6 3292/6 3291/6
f 3293/6 3287/6 3286/6
f 3294/6 3291/6 3292/6
f 3287/6 3283/6 3288/6 3292/6
f 3293/6 3283/6 3287/6
f 3294/6 3292/6 3288/6
f 3295/6 3296/6 3301/6 3300/6
f 3305/6 3296/6 3295/6
f 3306/6 3300/6 3301/6
f 3296/6 3297/6 3302/6 3301/6
f 3305/6 3297/6 3296/6
f 3306/6 3301/6 3302/6
f 3297/6 3298/6 3303/6 3302/6
f 3305/6 3298/6 3297/6
f 3306/6 3302/6 3303/6
f 3298/6 3299/6 3304/6 3303/6
f 3305/6 3299/6 3298/6
f 3306/6 3303/6 3304/6
f 3299/6 3295/6 3300/6 3304/6
f 3305/6 3295/6 3299/6
f 3306/6 3304/6 3300/6
f 3317/6 3318/6 3323/6 3322/6
f 3327/6 3318/6 3317/6
f 3328/6 3322/6 3323/6
f 3318/6 3319/6 3324/6 3323/6
f 3327/6 3319/6 3318/6
f 3328/6 3323/6 3324/6
f 3319/6 3320/6 3325/6 3324/6
f 3327/6 3320/6 3319/6
f 3328/6 3324/6 3325/6
f 3320/6 3321/6 3326/6 3325/6
f 3327/6 3321/6 3320/6
f 3328/6 3325/6 3326/6
f 3321/6 3317/6 3322/6 3326/6
f 3327/6 3317/6 3321/6
f 3328/6 3326/6 3322/6
f 3329/6 3330/6 3335/6 3334/6
f 3339/6 3330/6 3329/6
f 3340/6 3334/6 3335/6
f 3330/6 3331/6 3336/6 3335/6
f 3339/6 3331/6 3330/6
f 3340/6 3335/6 3336/6
f 3331/6 3332/6 3337/6 3336/6
f 3339/6 3332/6 3331/6
f 3340/6 3336/6 3337/6
f 3332/6 3333/6 3338/6 3337/6
f 3339/6 3333/6 3332/6
f 3340/6 3337/6 3338/6
f 3333/6 3329/6 3334/6 3338/6
f 3339/6 3329/6 3333/6
f 3340/6 3338/6 3334/6
f 3373/6 3374/6 3379/6 3378/6
f 3383/6 3374/6 3373/6
f 3384/6 3378/6 3379/6
f 3374/6 3375/6 3380/6 3379/6
f 3383/6 3375/6 3374/6
f 3384/6 3379/6 3380/6
f 3375/6 3376/6 3381/6 3380/6
f 3383/6 3376/6 3375/6
f 3384/6 3380/6 3381/6
f 3376/6 3377/6 3382/6 3381/6
f 3383/6 3377/6 3376/6
f 3384/6 3381/6 3382/6
f 3377/6 3373/6 3378/6 3382/6
f 3383/6 3373/6 3377/6
f 3384/6 3382/6 3378/6
f 3385/6 3386/6 3391/6 3390/6
f 3395/6 3386/6 3385/6
f 3396/6 3390/6 3391/6
f 3386/6 3387/6 3392/6 3391/6
f 3395/6 3387/6 3386/6
f 3396/6 3391/6 3392/6
f 3387/6 3388/6 3393/6 3392/6
f 3395/6 3388/6 3387/6
f 3396/6 3392/6 3393/6
f 3388/6 3389/6 3394/6 3393/6
f 3395/6 3389/6 3388/6
f 3396/6 3393/6 3394/6
f 3389/6 3385/6 3390/6 3394/6
f 3395/6 3385/6 3389/6
f 3396/6 3394/6 3390/6
f 3407/6 3408/6 3413/6 3412/6
f 3417/6 3408/6 3407/6
f 3418/6 3412/6 3413/6
f 3408/6 3409/6 3414/6 3413/6
f 3417/6 3409/6 3408/6
f 3418/6 3413/6 3414/6
f 3409/6 3410/6 3415/6 3414/6
f 3417/6 3410/6 3409/6
f 3418/6 3414/6 3415/6
f 3410/6 3411/6 3416/6 3415/6
f 3417/6 3411/6 3410/6
f 3418/6 3415/6 3416/6
f 3411/6 3407/6 3412/6 3416/6
f 3417/6 3407/6 3411/6
f 3418/6 3416/6 3412/6
f 3419/6 3420/6 3425/6 3424/6
f 3429/6 3420/6 3419/6
f 3430/6 3424/6 3425/6
f 3420/6 3421/6 3426/6 3425/6
f 3429/6 3421/6 3420/6
f 3430/6 3425/6 3426/6
f 3421/6 3422/6 3427/6 3426/6
f 3429/6 3422/6 3421/6
f 3430/6 3426/6 3427/6
f 3422/6 3423/6 3428/6 3427/6
f 3429/6 3423/6 3422/6
f 3430/6 3427/6 3428/6
f 3423/6 3419/6 3424/6 3428/6
f 3429/6 3419/6 3423/6
f 3430/6 3428/6 3424/6
f 3431/6 3432/6 3437/6 3436/6
f 3441/6 3432/6 3431/6
f 3442/6 3436/6 3437/6
f 3432/6 3433/6 3438/6 3437/6
f 3441/6 3433/6 3432/6
f 3442/6 3437/6 3438/6
f 3433/6 3434/6 3439/6 3438/6
f 3441/6 3434/6 3433/6
f 3442/6 3438/6 3439/6
f 3434/6 3435/6 3440/6 3439/6
f 3441/6 3435/6 3434/6
f 3442/6 3439/6 3440/6
f 3435/6 3431/6 3436/6 3440/6
f 3441/6 3431/6 3435/6
f 3442/6 3440/6 3436/6
f 3443/6 3444/6 3449/6 3448/6
f 3453/6 3444/6 3443/6
f 3454/6 3448/6 3449/6
f 3444/6 3445/6 3450/6 3449/6
f 3453/6 3445/6 3444/6
f 3454/6 3449/6 3450/6
f 3445/6 3446/6 3451/6 3450/6
f 3453/6 3446/6 3445/6
f 3454/6 3450/6 3451/6
f 3446/6 3447/6 3452/6 3451/6
f 3453/6 3447/6 3446/6
f 3454/6 3451/6 3452/6
f 3447/6 3443/6 3448/6 3452/6
f 3453/6 3443/6 3447/6
f 3454/6 3452/6 3448/6
f 3465/6 3466/6 3471/6 3470/6
f 3475/6 3466/6 3465/6
f 3476/6 3470/6 3471/6
f 3466/6 3467/6 3472/6 3471/6
f 3475/6 3467/6 3466/6
f 3476/6 3471/6 3472/6
f 3467/6 3468/6 3473/6 3472/6
f 3475/6 3468/6 3467/6
f 3476/6 3472/6 3473/6
f 3468/6 3469/6 3474/6 3473/6
f 3475/6 3469/6 3468/6
f 3476/6 3473/6 3474/6
f 3469/6 3465/6 3470/6 3474/6
f 3475/6 3465/6 3469/6
f 3476/6 3474/6 3470/6
f 3477/6 3478/6 3483/6 3482/6
f 3487/6 3478/6 3477/6
f 3488/6 3482/6 3483/6
f 3478/6 3479/6 3484/6 3483/6
f 3487/6 3479/6 3478/6
f 3488/6 3483/6 3484/6
f 3479/6 3480/6 3485/6 3484/6
f 3487/6 3480/6 3479/6
f 3488/6 3484/6 3485/6
f 3480/6 3481/6 3486/6 3485/6
f 3487/6 3481/6 3480/6
f 3488/6 3485/6 3486/6
f 3481/6 3477/6 3482/6 3486/6
f 3487/6 3477/6 3481/6
f 3488/6 3486/6 3482/6
f 3489/6 3490/6 3495/6 3494/6
f 3499/6 3490/6 3489/6
f 3500/6 3494/6 3495/6
f 3490/6 3491/6 3496/6 3495/6
f 3499/6 3491/6 3490/6
f 3500/6 3495/6 3496/6
f 3491/6 3492/6 3497/6 3496/6
f 3499/6 3492/6 3491/6
f 3500/6 3496/6 3497/6
f 3492/6 3493/6 3498/6 3497/6
f 3499/6 3493/6 3492/6
f 3500/6 3497/6 3498/6
f 3493/6 3489/6 3494/6 3498/6
f 3499/6 3489/6 3493/6
f 3500/6 3498/6 3494/6
f 3501/6 3502/6 3507/6 3506/6
f 3511/6 3502/6 3501/6
f 3512/6 3506/6 3507/6
f 3502/6 3503/6 3508/6 3507/6
f 3511/6 3503/6 3502/6
f 3512/6 3507/6 3508/6
f 3503/6 3504/6 3509/6 3508/6
f 3511/6 3504/6 3503/6
f 3512/6 3508/6 3509/6
f 3504/6 3505/6 3510/6 3509/6
f 3511/6 3505/6 3504/6
f 3512/6 3509/6 3510/6
f 3505/6 3501/6 3506/6 3510/6
f 3511/6 3501/6 3505/6
f 3512/6 3510/6 3506/6
f 3555/6 3556/6 3561/6 3560/6
f 3565/6 3556/6 3555/6
f 3566/6 3560/6 3561/6
f 3556/6 3557/6 3562/6 3561/6
f 3565/6 3557/6 3556/6
f 3566/6 3561/6 3562/6
f 3557/6 3558/6 3563/6 3562/6
f 3565/6 3558/6 3557/6
f 3566/6 3562/6 3563/6
f 3558/6 3559/6 3564/6 3563/6
f 3565/6 3559/6 3558/6
f 3566/6 3563/6 3564/6
f 3559/6 3555/6 3560/6 3564/6
f 3565/6 3555/6 3559/6
f 3566/6 3564/6 3560/6
f 3567/6 3568/6 3573/6 3572/6
f 3577/6 3568/6 3567/6
f 3578/6 3572/6 3573/6
f 3568/6 3569/6 3574/6 3573/6
f 3577/6 3569/6 3568/6
f 3578/6 3573/6 3574/6
f 3569/6 3570/6 3575/6 3574/6
f 3577/6 3570/6 3569/6
f 3578/6 3574/6 3575/6
f 3570/6 3571/6 3576/6 3575/6
f 3577/6 3571/6 3570/6
f 3578/6 3575/6 3576/6
f 3571/6 3567/6 3572/6 3576/6
f 3577/6 3567/6 3571/6
f 3578/6 3576/6 3572/6
f 3579/6 3580/6 3585/6 3584/6
f 3589/6 3580/6 3579/6
f 3590/6 3584/6 3585/6
f 3580/6 3581/6 3586/6 3585/6
f 3589/6 3581/6 3580/6
f 3590/6 3585/6 3586/6
f 3581/6 3582/6 3587/6 3586/6
f 3589/6 3582/6 3581/6
f 3590/6 3586/6 3587/6
f 3582/6 3583/6 3588/6 3587/6
f 3589/6 3583/6 3582/6
f 3590/6 3587/6 3588/6
f 3583/6 3579/6 3584/6 3588/6
f 3589/6 3579/6 3583/6
f 3590/6 3588/6 3584/6
f 3591/6 3592/6 3597/6 3596/6
f 3601/6 3592/6 3591/6
f 3602/6 3596/6 3597/6
f 3592/6 3593/6 3598/6 3597/6
f 3601/6 3593/6 3592/6
f 3602/6 3597/6 3598/6
f 3593/6 3594/6 3599/6 3598/6
f 3601/6 3594/6 3593/6
f 3602/6 3598/6 3599/6
f 3594/6 3595/6 3600/6 3599/6
f 3601/6 3595/6 3594/6
f 3602/6 3599/6 3600/6
f 3595/6 3591/6 3596/6 3600/6
f 3601/6 3591/6 3595/6
f 3602/6 3600/6 3596/6
f 3613/6 3614/6 3619/6 3618/6
f 3623/6 3614/6 3613/6
f 3624/6 3618/6 3619/6
f 3614/6 3615/6 3620/6 3619/6
f 3623/6 3615/6 3614/6
f 3624/6 3619/6 3620/6
f 3615/6 3616/6 3621/6 3620/6
f 3623/6 3616/6 3615/6
f 3624/6 3620/6 3621/6
f 3616/6 3617/6 3622/6 3621/6
f 3623/6 3617/6 3616/6
f 3624/6 3621/6 3622/6
f 3617/6 3613/6 3618/6 3622/6
f 3623/6 3613/6 3617/6
f 3624/6 3622/6 3618/6
f 3625/6 3626/6 3631/6 3630/6
f 3635/6 3626/6 3625/6
f 3636/6 3630/6 3631/6
f 3626/6 3627/6 3632/6 3631/6
f 3635/6 3627/6 3626/6
f 3636/6 3631/6 3632/6
f 3627/6 3628/6 3633/6 3632/6
f 3635/6 3628/6 3627/6
f 3636/6 3632/6 3633/6
f 3628/6 3629/6 3634/6 3633/6
f 3635/6 3629/6 3628/6
f 3636/6 3633/6 3634/6
f 3629/6 3625/6 3630/6 3634/6
f 3635/6 3625/6 3629/6
f 3636/6 3634/6 3630/6
f 3637/6 3638/6 3643/6 3642/6
f 3647/6 3638/6 3637/6
f 3648/6 3642/6 3643/6
f 3638/6 3639/6 3644/6 3643/6
f 3647/6 3639/6 3638/6
f 3648/6 3643/6 3644/6
f 3639/6 3640/6 3645/6 3644/6
f 3647/6 3640/6 3639/6
f 3648/6 3644/6 3645/6
f 3640/6 3641/6 3646/6 3645/6
f 3647/6 3641/6 3640/6
f 3648/6 3645/6 3646/6
f 3641/6 3637/6 3642/6 3646/6
f 3647/6 3637/6 3641/6
f 3648/6 3646/6 3642/6
f 3649/6 3650/6 3655/6 3654/6
f 3659/6 3650/6 3649/6
f 3660/6 3654/6 3655/6
f 3650/6 3651/6 3656/6 3655/6
f 3659/6 3651/6 3650/6
f 3660/6 3655/6 3656/6
f 3651/6 3652/6 3657/6 3656/6
f 3659/6 3652/6 3651/6
f 3660/6 3656/6 3657/6
f 3652/6 3653/6 3658/6 3657/6
f 3659/6 3653/6 3652/6
f 3660/6 3657/6 3658/6
f 3653/6 3649/6 3654/6 3658/6
f 3659/6 3649/6 3653/6
f 3660/6 3658/6 3654/6
f 3671/6 3672/6 3677/6 3676/6
f 3681/6 3672/6 3671/6
f 3682/6 3676/6 3677/6
f 3672/6 3673/6 3678/6 3677/6
f 3681/6 3673/6 3672/6
f 3682/6 3677/6 3678/6
f 3673/6 3674/6 3679/6 3678/6
f 3681/6 3674/6 3673/6
f 3682/6 3678/6 3679/6
f 3674/6 3675/6 3680/6 3679/6
f 3681/6 3675/6 3674/6
f 3682/6 3679/6 3680/6
f 3675/6 3671/6 3676/6 3680/6
f 3681/6 3671/6 3675/6
f 3682/6 3680/6 3676/6
f 3683/6 3684/6 3689/6 3688/6
f 3693/6 3684/6 3683/6
f 3694/6 3688/6 3689/6
f 3684/6 3685/6 3690/6 3689/6
f 3693/6 3685/6 3684/6
f 3694/6 3689/6 3690/6
f 3685/6 3686/6 3691/6 3690/6
f 3693/6 3686/6 3685/6
f 3694/6 3690/6 3691/6
f 3686/6 3687/6 3692/6 3691/6
f 3693/6 3687/6 3686/6
f 3694/6 3691/6 3692/6
f 3687/6 3683/6 3688/6 3692/6
f 3693/6 3683/6 3687/6
f 3694/6 3692/6 3688/6
f 3737/6 3738/6 3743/6 3742/6
f 3747/6 3738/6 3737/6
f 3748/6 3742/6 3743/6
f 3738/6 3739/6 3744/6 3743/6
f 3747/6 3739/6 3738/6
f 3748/6 3743/6 3744/6
f 3739/6 3740/6 3745/6 3744/6
f 3747/6 3740/6 3739/6
f 3748/6 3744/6 3745/6
f 3740/6 3741/6 3746/6 3745/6
f 3747/6 3741/6 3740/6
f 3748/6 3745/6 3746/6
f 3741/6 3737/6 3742/6 3746/6
f 3747/6 3737/6 3741/6
f 3748/6 3746/6 3742/6
f 3749/6 3750/6 3755/6 3754/6
f 3759/6 3750/6 3749/6
f 3760/6 3754/6 3755/6
f 3750/6 3751/6 3756/6 3755/6
f 3759/6 3751/6 3750/6
f 3760/6 3755/6 3756/6
f 3751/6 3752/6 3757/6 3756/6
f 3759/6 3752/6 3751/6
f 3760/6 3756/6 3757/6
f 3752/6 3753/6 3758/6 3757/6
f 3759/6 3753/6 3752/6
f 3760/6 3757/6 3758/6
f 3753/6 3749/6 3754/6 3758/6
f 3759/6 3749/6 3753/6
f 3760/6 3758/6 3754/6
f 3771/6 3772/6 3777/6 3776/6
f 3781/6 3772/6 3771/6
f 3782/6 3776/6 3777/6
f 3772/6 3773/6 3778/6 3777/6
f 3781/6 3773/6 3772/6
f 3782/6 3777/6 3778/6
f 3773/6 3774/6 3779/6 3778/6
f 3781/6 3774/6 3773/6
f 3782/6 3778/6 3779/6
f 3774/6 3775/6 3780/6 3779/6
f 3781/6 3775/6 3774/6
f 3782/6 3779/6 3780/6
f 3775/6 3771/6 3776/6 3780/6
f 3781/6 3771/6 3775/6
f 3782/6 3780/6 3776/6
f 3783/6 3784/6 3789/6 3788/6
f 3793/6 3784/6 3783/6
f 3794/6 3788/6 3789/6
f 3784/6 3785/6 3790/6 3789/6
f 3793/6 3785/6 3784/6
f 3794/6 3789/6 3790/6
f 3785/6 3786/6 3791/6 3790/6
f 3793/6 3786/6 3785/6
f 3794/6 3790/6 3791/6
f 3786/6 3787/6 3792/6 3791/6
f 3793/6 3787/6 3786/6
f 3794/6 3791/6 3792/6
f 3787/6 3783/6 3788/6 3792/6
f 3793/6 3783/6 3787/6
f 3794/6 3792/6 3788/6
f 3795/6 3796/6 3801/6 3800/6
f 3805/6 3796/6 3795/6
f 3806/6 3800/6 3801/6
f 3796/6 3797/6 3802/6 3801/6
f 3805/6 3797/6 3796/6
f 3806/6 3801/6 3802/6
f 3797/6 3798/6 3803/6 3802/6
f 3805/6 3798/6 3797/6
f 3806/6 3802/6 3803/6
f 3798/6 3799/6 3804/6 3803/6
f 3805/6 3799/6 3798/6
f 3806/6 3803/6 3804/6
f 3799/6 3795/6 3800/6 3804/6
f 3805/6 3795/6 3799/6
f 3806/6 3804/6 3800/6
f 3807/6 3808/6 3813/6 3812/6
f 3817/6 3808/6 3807/6
f 3818/6 3812/6 3813/6
f 3808/6 3809/6 3814/6 3813/6
f 3817/6 3809/6 3808/6
f 3818/6 3813/6 3814/6
f 3809/6 3810/6 3815/6 3814/6
f 3817/6 3810/6 3809/6
f 3818/6 3814/6 3815/6
f 3810/6 3811/6 3816/6 3815/6
f 3817/6 3811/6 3810/6
f 3818/6 3815/6 3816/6
f 3811/6 3807/6 3812/6 3816/6
f 3817/6 3807/6 3811/6
f 3818/6 3816/6 3812/6
f 3829/6 3830/6 3835/6 3834/6
f 3839/6 3830/6 3829/6
f 3840/6 3834/6 3835/6
f 3830/6 3831/6 3836/6 3835/6
f 3839/6 3831/6 3830/6
f 3840/6 3835/6 3836/6
f 3831/6 3832/6 3837/6 3836/6
f 3839/6 3832/6 3831/6
f 3840/6 3836/6 3837/6
f 3832/6 3833/6 3838/6 3837/6
f 3839/6 3833/6 3832/6
f 3840/6 3837/6 3838/6
f 3833/6 3829/6 3834/6 3838/6
f 3839/6 3829/6 3833/6
f 3840/6 3838/6 3834/6
f 3841/6 3842/6 3847/6 3846/6
f 3851/6 3842/6 3841/6
f 3852/6 3846/6 3847/6
f 3842/6 3843/6 3848/6 3847/6
f 3851/6 3843/6 3842/6
f 3852/6 3847/6 3848/6
f 3843/6 3844/6 3849/6 3848/6
f 3851/6 3844/6 3843/6
f 3852/6 3848/6 3849/6
f 3844/6 3845/6 3850/6 3849/6
f 3851/6 3845/6 3844/6
f 3852/6 3849/6 3850/6
f 3845/6 3841/6 3846/6 3850/6
f 3851/6 3841/6 3845/6
f 3852/6 3850/6 3846/6
f 3853/6 3854/6 3859/6 3858/6
f 3863/6 3854/6 3853/6
f 3864/6 3858/6 3859/6
f 3854/6 3855/6 3860/6 3859/6
f 3863/6 3855/6 3854/6
f 3864/6 3859/6 3860/6
f 3855/6 3856/6 3861/6 3860/6
f 3863/6 3856/6 3855/6
f 3864/6 3860/6 3861/6
f 3856/6 3857/6 3862/6 3861/6
f 3863/6 3857/6 3856/6
f 3864/6 3861/6 3862/6
f 3857/6 3853/6 3858/6 3862/6
f 3863/6 3853/6 3857/6
f 3864/6 3862/6 3858/6
f 3865/6 3866/6 3871/6 3870/6
f 3875/6 3866/6 3865/6
f 3876/6 3870/6 3871/6
f 3866/6 3867/6 3872/6 3871/6
f 3875/6 3867/6 3866/6
f 3876/6 3871/6 3872/6
f 3867/6 3868/6 3873/6 3872/6
f 3875/6 3868/6 3867/6
f 3876/6 3872/6 3873/6
f 3868/6 3869/6 3874/6 3873/6
f 3875/6 3869/6 3868/6
f 3876/6 3873/6 3874/6
f 3869/6 3865/6 3870/6 3874/6
f 3875/6 3865/6 3869/6
f 3876/6 3874/6 3870/6
f 3929/6 3930/6 3935/6 3934/6
f 3939/6 3930/6 3929/6
f 3940/6 3934/6 3935/6
f 3930/6 3931/6 3936/6 3935/6
f 3939/6 3931/6 3930/6
f 3940/6 3935/6 3936/6
f 3931/6 3932/6 3937/6 3936/6
f 3939/6 3932/6 3931/6
f 3940/6 3936/6 3937/6
f 3932/6 3933/6 3938/6 3937/6
f 3939/6 3933/6 3932/6
f 3940/6 3937/6 3938/6
f 3933/6 3929/6 3934/6 3938/6
f 3939/6 3929/6 3933/6
f 3940/6 3938/6 3934/6
f 3941/6 3942/6 3947/6 3946/6
f 3951/6 3942/6 3941/6
f 3952/6 3946/6 3947/6
f 3942/6 3943/6 3948/6 3947/6
f 3951/6 3943/6 3942/6
f 3952/6 3947/6 3948/6
f 3943/6 3944/6 3949/6 3948/6
f 3951/6 3944/6 3943/6
f 3952/6 3948/6 3949/6
f 3944/6 3945/6 3950/6 3949/6
f 3951/6 3945/6 3944/6
f 3952/6 3949/6 3950/6
f 3945/6 3941/6 3946/6 3950/6
f 3951/6 3941/6 3945/6
f 3952/6 3950/6 3946/6
f 3953/6 3954/6 3959/6 3958/6
f 3963/6 3954/6 3953/6
f 3964/6 3958/6 3959/6
f 3954/6 3955/6 3960/6 3959/6
f 3963/6 3955/6 3954/6
f 3964/6 3959/6 3960/6
f 3955/6 3956/6 3961/6 3960/6
f 3963/6 3956/6 3955/6
f 3964/6 3960/6 3961/6
f 3956/6 3957/6 3962/6 3961/6
f 3963/6 3957/6 3956/6
f 3964/6 3961/6 3962/6
f 3957/6 3953/6 3958/6 3962/6
f 3963/6 3953/6 3957/6
f 3964/6 3962/6 3958/6
f 3965/6 3966/6 3971/6 3970/6
f 3975/6 3966/6 3965/6
f 3976/6 3970/6 3971/6
f 3966/6 3967/6 3972/6 3971/6
f 3975/6 3967/6 3966/6
f 3976/6 3971/6 3972/6
f 3967/6 3968/6 3973/6 3972/6
f 3975/6 3968/6 3967/6
f 3976/6 3972/6 3973/6
f 3968/6 3969/6 3974/6 3973/6
f 3975/6 3969/6 3968/6
f 3976/6 3973/6 3974/6
f 3969/6 3965/6 3970/6 3974/6
f 3975/6 3965/6 3969/6
f 3976/6 3974/6 3970/6
f 3987/6 3988/6 3993/6 3992/6
f 3997/6 3988/6 3987/6
f 3998/6 3992/6 3993/6
f 3988/6 3989/6 3994/6 3993/6
f 3997/6 3989/6 3988/6
f 3998/6 3993/6 3994/6
f 3989/6 3990/6 3995/6 3994/6
f 3997/6 3990/6 3989/6
f 3998/6 3994/6 3995/6
f 3990/6 3991/6 3996/6 3995/6
f 3997/6 3991/6 3990/6
f 3998/6 3995/6 3996/6
f 3991/6 3987/6 3992/6 3996/6
f 3997/6 3987/6 3991/6
f 3998/6 3996/6 3992/6
f 3999/6 4000/6 4005/6 4004/6
f 4009/6 4000/6 3999/6
f 4010/6 4004/6 4005/6
f 4000/6 4001/6 4006/6 4005/6
f 4009/6 4001/6 4000/6
f 4010/6 4005/6 4006/6
f 4001/6 4002/6 4007/6 4006/6
f 4009/6 4002/6 4001/6
f 4010/6 4006/6 4007/6
f 4002/6 4003/6 4008/6 4007/6
f 4009/6 4003/6 4002/6
f 4010/6 4007/6 4008/6
f 4003/6 3999/6 4004/6 4008/6
f 4009/6 3999/6 4003/6
f 4010/6 4008/6 4004/6
f 4011/6 4012/6 4017/6 4016/6
f 4021/6 4012/6 4011/6
f 4022/6 4016/6 4017/6
f 4012/6 4013/6 4018/6 4017/6
f 4021/6 4013/6 4012/6
f 4022/6 4017/6 4018/6
f 4013/6 4014/6 4019/6 4018/6
f 4021/6 4014/6 4013/6
f 4022/6 4018/6 4019/6
f 4014/6 4015/6 4020/6 4019/6
f 4021/6 4015/6 4014/6
f 4022/6 4019/6 4020/6
f 4015/6 4011/6 4016/6 4020/6
f 4021/6 4011/6 4015/6
f 4022/6 4020/6 4016/6
f 4023/6 4024/6 4029/6 4028/6
f 4033/6 4024/6 4023/6
f 4034/6 4028/6 4029/6
f 4024/6 4025/6 4030/6 4029/6
f 4033/6 4025/6 4024/6
f 4034/6 4029/6 4030/6
f 4025/6 4026/6 4031/6 4030/6
f 4033/6 4026/6 4025/6
f 4034/6 4030/6 4031/6
f 4026/6 4027/6 4032/6 4031/6
f 4033/6 4027/6 4026/6
f 4034/6 4031/6 4032/6
f 4027/6 4023/6 4028/6 4032/6
f 4033/6 4023/6 4027/6
f 4034/6 4032/6 4028/6
f 4045/6 4046/6 4051/6 4050/6
f 4055/6 4046/6 4045/6
f 4056/6 4050/6 4051/6
f 4046/6 4047/6 4052/6 4051/6
f 4055/6 4047/6 4046/6
f 4056/6 4051/6 4052/6
f 4047/6 4048/6 4053/6 4052/6
f 4055/6 4048/6 4047/6
f 4056/6 4052/6 4053/6
f 4048/6 4049/6 4054/6 4053/6
f 4055/6 4049/6 4048/6
f 4056/6 4053/6 4054/6
f 4049/6 4045/6 4050/6 4054/6
f 4055/6 4045/6 4049/6
f 4056/6 4054/6 4050/6
f 4057/6 4058/6 4063/6 4062/6
f 4067/6 4058/6 4057/6
f 4068/6 4062/6 4063/6
f 4058/6 4059/6 4064/6 4063/6
f 4067/6 4059/6 4058/6
f 4068/6 4063/6 4064/6
f 4059/6 4060/6 4065/6 4064/6
f 4067/6 4060/6 4059/6
f 4068/6 4064/6 4065/6
f 4060/6 4061/6 4066/6 4065/6
f 4067/6 4061/6 4060/6
f 4068/6 4065/6 4066/6
f 4061/6 4057/6 4062/6 4066/6
f 4067/6 4057/6 4061/6
f 4068/6 4066/6 4062/6
f 4111/6 4112/6 4117/6 4116/6
f 4121/6 4112/6 4111/6
f 4122/6 4116/6 4117/6
f 4112/6 4113/6 4118/6 4117/6
f 4121/6 4113/6 4112/6
f 4122/6 4117/6 4118/6
f 4113/6 4114/6 4119/6 4118/6
f 4121/6 4114/6 4113/6
f 4122/6 4118/6 4119/6
f 4114/6 4115/6 4120/6 4119/6
f 4121/6 4115/6 4114/6
f 4122/6 4119/6 4120/6
f 4115/6 4111/6 4116/6 4120/6
f 4121/6 4111/6 4115/6
f 4122/6 4120/6 4116/6
f 4123/6 4124/6 4129/6 4128/6
f 4133/6 4124/6 4123/6
f 4134/6 4128/6 4129/6
f 4124/6 4125/6 4130/6 4129/6
f 4133/6 4125/6 4124/6
f 4134/6 4129/6 4130/6
f 4125/6 4126/6 4131/6 4130/6
f 4133/6 4126/6 4125/6
f 4134/6 4130/6 4131/6
f 4126/6 4127/6 4132/6 4131/6
f 4133/6 4127/6 4126/6
f 4134/6 4131/6 4132/6
f 4127/6 4123/6 4128/6 4132/6
f 4133/6 4123/6 4127/6
f 4134/6 4132/6 4128/6
f 4145/6 4146/6 4151/6 4150/6
f 4155/6 4146/6 4145/6
f 4156/6 4150/6 4151/6
f 4146/6 4147/6 4152/6 4151/6
f 4155/6 4147/6 4146/6
f 4156/6 4151/6 4152/6
f 4147/6 4148/6 4153/6 4152/6
f 4155/6 4148/6 4147/6
f 4156/6 4152/6 4153/6
f 4148/6 4149/6 4154/6 4153/6
f 4155/6 4149/6 4148/6
f 4156/6 4153/6 4154/6
f 4149/6 4145/6 4150/6 4154/6
f 4155/6 4145/6 4149/6
f 4156/6 4154/6 4150/6
f 4157/6 4158/6 4163/6 4162/6
f 4167/6 4158/6 4157/6
f 4168/6 4162/6 4163/6
f 4158/6 4159/6 4164/6 4163/6
f 4167/6 4159/6 4158/6
f 4168/6 4163/6 4164/6
f 4159/6 4160/6 4165/6 4164/6
f 4167/6 4160/6 4159/6
f 4168/6 4164/6 4165/6
f 4160/6 4161/6 4166/6 4165/6
f 4167/6 4161/6 4160/6
f 4168/6 4165/6 4166/6
f 4161/6 4157/6 4162/6 4166/6
f 4167/6 4157/6 4161/6
f 4168/6 4166/6 4162/6
f 4169/6 4170/6 4175/6 4174/6
f 4179/6 4170/6 4169/6
f 4180/6 4174/6 4175/6
f 4170/6 4171/6 4176/6 4175/6
f 4179/6 4171/6 4170/6
f 4180/6 4175/6 4176/6
f 4171/6 4172/6 4177/6 4176/6
f 4179/6 4172/6 4171/6
f 4180/6 4176/6 4177/6
f 4172/6 4173/6 4178/6 4177/6
f 4179/6 4173/6 4172/6
f 4180/6 4177/6 4178/6
f 4173/6 4169/6 4174/6 4178/6
f 4179/6 4169/6 4173/6
f 4180/6 4178/6 4174/6
f 4181/6 4182/6 4187/6 4186/6
f 4191/6 4182/6 4181/6
f 4192/6 4186/6 4187/6
f 4182/6 4183/6 4188/6 4187/6
f 4191/6 4183/6 4182/6
f 4192/6 4187/6 4188/6
f 4183/6 4184/6 4189/6 4188/6
f 4191/6 4184/6 4183/6
f 4192/6 4188/6 4189/6
f 4184/6 4185/6 4190/6 4189/6
f 4191/6 4185/6 4184/6
f 4192/6 4189/6 4190/6
f 4185/6 4181/6 4186/6 4190/6
f 4191/6 4181/6 4185/6
f 4192/6 4190/6 4186/6
f 4203/6 4204/6 4209/6 4208/6
f 4213/6 4204/6 4203/6
f 4214/6 4208/6 4209/6
f 4204/6 4205/6 4210/6 4209/6
f 4213/6 4205/6 4204/6
f 4214/6 4209/6 4210/6
f 4205/6 4206/6 4211/6 4210/6
f 4213/6 4206/6 4205/6
f 4214/6 4210/6 4211/6
f 4206/6 4207/6 4212/6 4211/6
f 4213/6 4207/6 4206/6
f 4214/6 4211/6 4212/6
f 4207/6 4203/6 4208/6 4212/6
f 4213/6 4203/6 4207/6
f 4214/6 4212/6 4208/6
f 4215/6 4216/6 4221/6 4220/6
f 4225/6 4216/6 4215/6
f 4226/6 4220/6 4221/6
f 4216/6 4217/6 4222/6 4221/6
f 4225/6 4217/6 4216/6
f 4226/6 4221/6 4222/6
f 4217/6 4218/6 4223/6 4222/6
f 4225/6 4218/6 4217/6
f 4226/6 4222/6 4223/6
f 4218/6 4219/6 4224/6 4223/6
f 4225/6 4219/6 4218/6
f 4226/6 4223/6 4224/6
f 4219/6 4215/6 4220/6 4224/6
f 4225/6 4215/6 4219/6
f 4226/6 4224/6 4220/6
f 4227/6 4228/6 4233/6 4232/6
f 4237/6 4228/6 4227/6
f 4238/6 4232/6 4233/6
f 4228/6 4229/6 4234/6 4233/6
f 4237/6 4229/6 4228/6
f 4238/6 4233/6 4234/6
f 4229/6 4230/6 4235/6 4234/6
f 4237/6 4230/6 4229/6
f 4238/6 4234/6 4235/6
f 4230/6 4231/6 4236/6 4235/6
f 4237/6 4231/6 4230/6
f 4238/6 4235/6 4236/6
f 4231/6 4227/6 4232/6 4236/6
f 4237/6 4227/6 4231/6
f 4238/6 4236/6 4232/6
f 4239/6 4240/6 4245/6 4244/6
f 4249/6 4240/6 4239/6
f 4250/6 4244/6 4245/6
f 4240/6 4241/6 4246/6 4245/6
f 4249/6 4241/6 4240/6
f 4250/6 4245/6 4246/6
f 4241/6 4242/6 4247/6 4246/6
f 4249/6 4242/6 4241/6
f 4250/6 4246/6 4247/6
f 4242/6 4243/6 4248/6 4247/6
f 4249/6 4243/6 4242/6
f 4250/6 4247/6 4248/6
f 4243/6 4239/6 4244/6 4248/6
f 4249/6 4239/6 4243/6
f 4250/6 4248/6 4244/6
f 4293/6 4294/6 4299/6 4298/6
f 4303/6 4294/6 4293/6
f 4304/6 4298/6 4299/6
f 4294/6 4295/6 4300/6 4299/6
f 4303/6 4295/6 4294/6
f 4304/6 4299/6 4300/6
f 4295/6 4296/6 4301/6 4300/6
f 4303/6 4296/6 4295/6
f 4304/6 4300/6 4301/6
f 4296/6 4297/6 4302/6 4301/6
f 4303/6 4297/6 4296/6
f 4304/6 4301/6 4302/6
f 4297/6 4293/6 4298/6 4302/6
f 4303/6 4293/6 4297/6
f 4304/6 4302/6 4298/6
f 4305/6 4306/6 4311/6 4310/6
f 4315/6 4306/6 4305/6
f 4316/6 4310/6 4311/6
f 4306/6 4307/6 4312/6 4311/6
f 4315/6 4307/6 4306/6
f 4316/6 4311/6 4312/6
f 4307/6 4308/6 4313/6 4312/6
f 4315/6 4308/6 4307/6
f 4316/6 4312/6 4313/6
f 4308/6 4309/6 4314/6 4313/6
f 4315/6 4309/6 4308/6
f 4316/6 4313/6 4314/6
f 4309/6 4305/6 4310/6 4314/6
f 4315/6 4305/6 4309/6
f 4316/6 4314/6 4310/6
f 4317/6 4318/6 4323/6 4322/6
f 4327/6 4318/6 4317/6
f 4328/6 4322/6 4323/6
f 4318/6 4319/6 4324/6 4323/6
f 4327/6 4319/6 4318/6
f 4328/6 4323/6 4324/6
f 4319/6 4320/6 4325/6 4324/6
f 4327/6 4320/6 4319/6
f 4328/6 4324/6 4325/6
f 4320/6 4321/6 4326/6 4325/6
f 4327/6 4321/6 4320/6
f 4328/6 4325/6 4326/6
f 4321/6 4317/6 4322/6 4326/6
f 4327/6 4317/6 4321/6
f 4328/6 4326/6 4322/6
f 4329/6 4330/6 4335/6 4334/6
f 4339/6 4330/6 4329/6
f 4340/6 4334/6 4335/6
f 4330/6 4331/6 4336/6 4335/6
f 4339/6 4331/6 4330/6
f 4340/6 4335/6 4336/6
f 4331/6 4332/6 4337/6 4336/6
f 4339/6 4332/6 4331/6
f 4340/6 4336/6 4337/6
f 4332/6 4333/6 4338/6 4337/6
f 4339/6 4333/6 4332/6
f 4340/6 4337/6 4338/6
f 4333/6 4329/6 4334/6 4338/6
f 4339/6 4329/6 4333/6
f 4340/6 4338/6 4334/6
f 4351/6 4352/6 4357/6 4356/6
f 4361/6 4352/6 4351/6
f 4362/6 4356/6 4357/6
f 4352/6 4353/6 4358/6 4357/6
f 4361/6 4353/6 4352/6
f 4362/6 4357/6 4358/6
f 4353/6 4354/6 4359/6 4358/6
f 4361/6 4354/6 4353/6
f 4362/6 4358/6 4359/6
f 4354/6 4355/6 4360/6 4359/6
f 4361/6 4355/6 4354/6
f 4362/6 4359/6 4360/6
f 4355/6 4351/6 4356/6 4360/6
f 4361/6 4351/6 4355/6
f 4362/6 4360/6 4356/6
f 4363/6 4364/6 4369/6 4368/6
f 4373/6 4364/6 4363/6
f 4374/6 4368/6 4369/6
f 4364/6 4365/6 4370/6 4369/6
f 4373/6 4365/6 4364/6
f 4374/6 4369/6 4370/6
f 4365/6 4366/6 4371/6 4370/6
f 4373/6 4366/6 4365/6
f 4374/6 4370/6 4371/6
f 4366/6 4367/6 4372/6 4371/6
f 4373/6 4367/6 4366/6
f 4374/6 4371/6 4372/6
f 4367/6 4363/6 4368/6 4372/6
f 4373/6 4363/6 4367/6
f 4374/6 4372/6 4368/6
f 4375/6 4376/6 4381/6 4380/6
f 4385/6 4376/6 4375/6
f 4386/6 4380/6 4381/6
f 4376/6 4377/6 4382/6 4381/6
f 4385/6 4377/6 4376/6
f 4386/6 4381/6 4382/6
f 4377/6 4378/6 4383/6 4382/6
f 4385/6 4378/6 4377/6
f 4386/6 4382/6 4383/6
f 4378/6 4379/6 4384/6 4383/6
f 4385/6 4379/6 4378/6
f 4386/6 4383/6 4384/6
f 4379/6 4375/6 4380/6 4384/6
f 4385/6 4375/6 4379/6
f 4386/6 4384/6 4380/6
f 4387/6 4388/6 4393/6 4392/6
f 4397/6 4388/6 4387/6
f 4398/6 4392/6 4393/6
f 4388/6 4389/6 4394/6 4393/6
f 4397/6 4389/6 4388/6
f 4398/6 4393/6 4394/6
f 4389/6 4390/6 4395/6 4394/6
f 4397/6 4390/6 4389/6
f 4398/6 4394/6 4395/6
f 4390/6 4391/6 4396/6 4395/6
f 4397/6 4391/6 4390/6
f 4398/6 4395/6 4396/6
f 4391/6 4387/6 4392/6 4396/6
f 4397/6 4387/6 4391/6
f 4398/6 4396/6 4392/6
f 4409/6 4410/6 4415/6 4414/6
f 4419/6 4410/6 4409/6
f 4420/6 4414/6 4415/6
f 4410/6 4411/6 4416/6 4415/6
f 4419/6 4411/6 4410/6
f 4420/6 4415/6 4416/6
f 4411/6 4412/6 4417/6 4416/6
f 4419/6 4412/6 4411/6
f 4420/6 4416/6 4417/6
f 4412/6 4413/6 4418/6 4417/6
f 4419/6 4413/6 4412/6
f 4420/6 4417/6 4418/6
f 4413/6 4409/6 4414/6 4418/6
f 4419/6 4409/6 4413/6
f 4420/6 4418/6 4414/6
f 4421/6 4422/6 4427/6 4426/6
f 4431/6 4422/6 4421/6
f 4432/6 4426/6 4427/6
f 4422/6 4423/6 4428/6 4427/6
f 4431/6 4423/6 4422/6
f 4432/6 4427/6 4428/6
f 4423/6 4424/6 4429/6 4428/6
f 4431/6 4424/6 4423/6
f 4432/6 4428/6 4429/6
f 4424/6 4425/6 4430/6 4429/6
f 4431/6 4425/6 4424/6
f 4432/6 4429/6 4430/6
f 4425/6 4421/6 4426/6 4430/6
f 4431/6 4421/6 4425/6
f 4432/6 4430/6 4426/6
f 4433/6 4434/6 4439/6 4438/6
f 4443/6 4434/6 4433/6
f 4444/6 4438/6 4439/6
f 4434/6 4435/6 4440/6 4439/6
f 4443/6 4435/6 4434/6
f 4444/6 4439/6 4440/6
f 4435/6 4436/6 4441/6 4440/6
f 4443/6 4436/6 4435/6
f 4444/6 4440/6 4441/6
f 4436/6 4437/6 4442/6 4441/6
f 4443/6 4437/6 4436/6
f 4444/6 4441/6 4442/6
f 4437/6 4433/6 4438/6 4442/6
f 4443/6 4433/6 4437/6
f 4444/6 4442/6 4438/6
f 4445/6 4446/6 4451/6 4450/6
f 4455/6 4446/6 4445/6
f 4456/6 4450/6 4451/6
f 4446/6 4447/6 4452/6 4451/6
f 4455/6 4447/6 4446/6
f 4456/6 4451/6 4452/6
f 4447/6 4448/6 4453/6 4452/6
f 4455/6 4448/6 4447/6
f 4456/6 4452/6 4453/6
f 4448/6 4449/6 4454/6 4453/6
f 4455/6 4449/6 4448/6
f 4456/6 4453/6 4454/6
f 4449/6 4445/6 4450/6 4454/6
f 4455/6 4445/6 4449/6
f 4456/6 4454/6 4450/6
f 4467/6 4468/6 4473/6 4472/6
f 4477/6 4468/6 4467/6
f 4478/6 4472/6 4473/6
f 4468/6 4469/6 4474/6 4473/6
f 4477/6 4469/6 4468/6
f 4478/6 4473/6 4474/6
f 4469/6 4470/6 4475/6 4474/6
f 4477/6 4470/6 4469/6
f 4478/6 4474/6 4475/6
f 4470/6 4471/6 4476/6 4475/6
f 4477/6 4471/6 4470/6
f 4478/6 4475/6 4476/6
f 4471/6 4467/6 4472/6 4476/6
f 4477/6 4467/6 4471/6
f 4478/6 4476/6 4472/6
f 4479/6 4480/6 4485/6 4484/6
f 4489/6 4480/6 4479/6
f 4490/6 4484/6 4485/6
f 4480/6 4481/6 4486/6 4485/6
f 4489/6 4481/6 4480/6
f 4490/6 4485/6 4486/6
f 4481/6 4482/6 4487/6 4486/6
f 4489/6 4482/6 4481/6
f 4490/6 4486/6 4487/6
f 4482/6 4483/6 4488/6 4487/6
f 4489/6 4483/6 4482/6
f 4490/6 4487/6 4488/6
f 4483/6 4479/6 4484/6 4488/6
f 4489/6 4479/6 4483/6
f 4490/6 4488/6 4484/6
f 4491/6 4492/6 4497/6 4496/6
f 4501/6 4492/6 4491/6
f 4502/6 4496/6 4497/6
f 4492/6 4493/6 4498/6 4497/6
f 4501/6 4493/6 4492/6
f 4502/6 4497/6 4498/6
f 4493/6 4494/6 4499/6 4498/6
f 4501/6 4494/6 4493/6
f 4502/6 4498/6 4499/6
f 4494/6 4495/6 4500/6 4499/6
f 4501/6 4495/6 4494/6
f 4502/6 4499/6 4500/6
f 4495/6 4491/6 4496/6 4500/6
f 4501/6 4491/6 4495/6
f 4502/6 4500/6 4496/6
f 4503/6 4504/6 4509/6 4508/6
f 4513/6 4504/6 4503/6
f 4514/6 4508/6 4509/6
f 4504/6 4505/6 4510/6 4509/6
f 4513/6 4505/6 4504/6
f 4514/6 4509/6 4510/6
f 4505/6 4506/6 4511/6 4510/6
f 4513/6 4506/6 4505/6
f 4514/6 4510/6 4511/6
f 4506/6 4507/6 4512/6 4511/6
f 4513/6 4507/6 4506/6
f 4514/6 4511/6 4512/6
f 4507/6 4503/6 4508/6 4512/6
f 4513/6 4503/6 4507/6
f 4514/6 4512/6 4508/6
f 4525/6 4526/6 4531/6 4530/6
f 4535/6 4526/6 4525/6
f 4536/6 4530/6 4531/6
f 4526/6 4527/6 4532/6 4531/6
f 4535/6 4527/6 4526/6
f 4536/6 4531/6 4532/6
f 4527/6 4528/6 4533/6 4532/6
f 4535/6 4528/6 4527/6
f 4536/6 4532/6 4533/6
f 4528/6 4529/6 4534/6 4533/6
f 4535/6 4529/6 4528/6
f 4536/6 4533/6 4534/6
f 4529/6 4525/6 4530/6 4534/6
f 4535/6 4525/6 4529/6
f 4536/6 4534/6 4530/6
f 4537/6 4538/6 4543/6 4542/6
f 4547/6 4538/6 4537/6
f 4548/6 4542/6 4543/6
f 4538/6 4539/6 4544/6 4543/6
f 4547/6 4539/6 4538/6
f 4548/6 4543/6 4544/6
f 4539/6 4540/6 4545/6 4544/6
f 4547/6 4540/6 4539/6
f 4548/6 4544/6 4545/6
f 4540/6 4541/6 4546/6 4545/6
f 4547/6 4541/6 4540/6
f 4548/6 4545/6 4546/6
f 4541/6 4537/6 4542/6 4546/6
f 4547/6 4537/6 4541/6
f 4548/6 4546/6 4542/6
f 4549/6 4550/6 4555/6 4554/6
f 4559/6 4550/6 4549/6
f 4560/6 4554/6 4555/6
f 4550/6 4551/6 4556/6 4555/6
f 4559/6 4551/6 4550/6
f 4560/6 4555/6 4556/6
f 4551/6 4552/6 4557/6 4556/6
f 4559/6 4552/6 4551/6
f 4560/6 4556/6 4557/6
f 4552/6 4553/6 4558/6 4557/6
f 4559/6 4553/6 4552/6
f 4560/6 4557/6 4558/6
f 4553/6 4549/6 4554/6 4558/6
f 4559/6 4549/6 4553/6
f 4560/6 4558/6 4554/6
f 4561/6 4562/6 4567/6 4566/6
f 4571/6 4562/6 4561/6
f 4572/6 4566/6 4567/6
f 4562/6 4563/6 4568/6 4567/6
f 4571/6 4563/6 4562/6
f 4572/6 4567/6 4568/6
f 4563/6 4564/6 4569/6 4568/6
f 4571/6 4564/6 4563/6
f 4572/6 4568/6 4569/6
f 4564/6 4565/6 4570/6 4569/6
f 4571/6 4565/6 4564/6
f 4572/6 4569/6 4570/6
f 4565/6 4561/6 4566/6 4570/6
f 4571/6 4561/6 4565/6
f 4572/6 4570/6 4566/6
f 4583/6 4584/6 4589/6 4588/6
f 4593/6 4584/6 4583/6
f 4594/6 4588/6 4589/6
f 4584/6 4585/6 4590/6 4589/6
f 4593/6 4585/6 4584/6
f 4594/6 4589/6 4590/6
f 4585/6 4586/6 4591/6 4590/6
f 4593/6 4586/6 4585/6
f 4594/6 4590/6 4591/6
f 4586/6 4587/6 4592/6 4591/6
f 4593/6 4587/6 4586/6
f 4594/6 4591/6 4592/6
f 4587/6 4583/6 4588/6 4592/6
f 4593/6 4583/6 4587/6
f 4594/6 4592/6 4588/6
f 4595/6 4596/6 4601/6 4600/6
f 4605/6 4596/6 4595/6
f 4606/6 4600/6 4601/6
f 4596/6 4597/6 4602/6 4601/6
f 4605/6 4597/6 4596/6
f 4606/6 4601/6 4602/6
f 4597/6 4598/6 4603/6 4602/6
f 4605/6 4598/6 4597/6
f 4606/6 4602/6 4603/6
f 4598/6 4599/6 4604/6 4603/6
f 4605/6 4599/6 4598/6
f 4606/6 4603/6 4604/6
f 4599/6 4595/6 4600/6 4604/6
f 4605/6 4595/6 4599/6
f 4606/6 4604/6 4600/6
f 4607/6 4608/6 4613/6 4612/6
f 4617/6 4608/6 4607/6
f 4618/6 4612/6 4613/6
f 4608/6 4609/6 4614/6 4613/6
f 4617/6 4609/6 4608/6
f 4618/6 4613/6 4614/6
f 4609/6 4610/6 4615/6 4614/6
f 4617/6 4610/6 4609/6
f 4618/6 4614/6 4615/6
f 4610/6 4611/6 4616/6 4615/6
f 4617/6 4611/6 4610/6
f 4618/6 4615/6 4616/6
f 4611/6 4607/6 4612/6 4616/6
f 4617/6 4607/6 4611/6
f 4618/6 4616/6 4612/6
f 4619/6 4620/6 4625/6 4624/6
f 4629/6 4620/6 4619/6
f 4630/6 4624/6 4625/6
f 4620/6 4621/6 4626/6 4625/6
f 4629/6 4621/6 4620/6
f 4630/6 4625/6 4626/6
f 4621/6 4622/6 4627/6 4626/6
f 4629/6 4622/6 4621/6
f 4630/6 4626/6 4627/6
f 4622/6 4623/6 4628/6 4627/6
f 4629/6 4623/6 4622/6
f 4630/6 4627/6 4628/6
f 4623/6 4619/6 4624/6 4628/6
f 4629/6 4619/6 4623/6
f 4630/6 4628/6 4624/6
f 4641/6 4642/6 4647/6 4646/6
f 4651/6 4642/6 4641/6
f 4652/6 4646/6 4647/6
f 4642/6 4643/6 4648/6 4647/6
f 4651/6 4643/6 4642/6
f 4652/6 4647/6 4648/6
f 4643/6 4644/6 4649/6 4648/6
f 4651/6 4644/6 4643/6
f 4652/6 4648/6 4649/6
f 4644/6 4645/6 4650/6 4649/6
f 4651/6 4645/6 4644/6
f 4652/6 4649/6 4650/6
f 4645/6 4641/6 4646/6 4650/6
f 4651/6 4641/6 4645/6
f 4652/6 4650/6 4646/6
f 4653/6 4654/6 4659/6 4658/6
f 4663/6 4654/6 4653/6
f 4664/6 4658/6 4659/6
f 4654/6 4655/6 4660/6 4659/6
f 4663/6 4655/6 4654/6
f 4664/6 4659/6 4660/6
f 4655/6 4656/6 4661/6 4660/6
f 4663/6 4656/6 4655/6
f 4664/6 4660/6 4661/6
f 4656/6 4657/6 4662/6 4661/6
f 4663/6 4657/6 4656/6
f 4664/6 4661/6 4662/6
f 4657/6 4653/6 4658/6 4662/6
f 4663/6 4653/6 4657/6
f 4664/6 4662/6 4658/6
f 4665/6 4666/6 4671/6 4670/6
f 4675/6 4666/6 4665/6
f 4676/6 4670/6 4671/6
f 4666/6 4667/6 4672/6 4671/6
f 4675/6 4667/6 4666/6
f 4676/6 4671/6 4672/6
f 4667/6 4668/6 4673/6 4672/6
f 4675/6 4668/6 4667/6
f 4676/6 4672/6 4673/6
f 4668/6 4669/6 4674/6 4673/6
f 4675/6 4669/6 4668/6
f 4676/6 4673/6 4674/6
f 4669/6 4665/6 4670/6 4674/6
f 4675/6 4665/6 4669/6
f 4676/6 4674/6 4670/6
f 4677/6 4678/6 4683/6 4682/6
f 4687/6 4678/6 4677/6
f 4688/6 4682/6 4683/6
f 4678/6 4679/6 4684/6 4683/6
f 4687/6 4679/6 4678/6
f 4688/6 4683/6 4684/6
f 4679/6 4680/6 4685/6 4684/6
f 4687/6 4680/6 4679/6
f 4688/6 4684/6 4685/6
f 4680/6 4681/6 4686/6 4685/6
f 4687/6 4681/6 4680/6
f 4688/6 4685/6 4686/6
f 4681/6 4677/6 4682/6 4686/6
f 4687/6 4677/6 4681/6
f 4688/6 4686/6 4682/6
f 4699/6 4700/6 4705/6 4704/6
f 4709/6 4700/6 4699/6
f 4710/6 4704/6 4705/6
f 4700/6 4701/6 4706/6 4705/6
f 4709/6 4701/6 4700/6
f 4710/6 4705/6 4706/6
f 4701/6 4702/6 4707/6 4706/6
f 4709/6 4702/6 4701/6
f 4710/6 4706/6 4707/6
f 4702/6 4703/6 4708/6 4707/6
f 4709/6 4703/6 4702/6
f 4710/6 4707/6 4708/6
f 4703/6 4699/6 4704/6 4708/6
f 4709/6 4699/6 4703/6
f 4710/6 4708/6 4704/6
f 4711/6 4712/6 4717/6 4716/6
f 4721/6 4712/6 4711/6
f 4722/6 4716/6 4717/6
f 4712/6 4713/6 4718/6 4717/6
f 4721/6 4713/6 4712/6
f 4722/6 4717/6 4718/6
f 4713/6 4714/6 4719/6 4718/6
f 4721/6 4714/6 4713/6
f 4722/6 4718/6 4719/6
f 4714/6 4715/6 4720/6 4719/6
f 4721/6 4715/6 4714/6
f 4722/6 4719/6 4720/6
f 4715/6 4711/6 4716/6 4720/6
f 4721/6 4711/6 4715/6
f 4722/6 4720/6 4716/6
f 4723/6 4724/6 4729/6 4728/6
f 4733/6 4724/6 4723/6
f 4734/6 4728/6 4729/6
f 4724/6 4725/6 4730/6 4729/6
f 4733/6 4725/6 4724/6
f 4734/6 4729/6 4730/6
f 4725/6 4726/6 4731/6 4730/6
f 4733/6 4726/6 4725/6
f 4734/6 4730/6 4731/6
f 4726/6 4727/6 4732/6 4731/6
f 4733/6 4727/6 4726/6
f 4734/6 4731/6 4732/6
f 4727/6 4723/6 4728/6 4732/6
f 4733/6 4723/6 4727/6
f 4734/6 4732/6 4728/6
f 4735/6 4736/6 4741/6 4740/6
f 4745/6 4736/6 4735/6
f 4746/6 4740/6 4741/6
f 4736/6 4737/6 4742/6 4741/6
f 4745/6 4737/6 4736/6
f 4746/6 4741/6 4742/6
f 4737/6 4738/6 4743/6 4742/6
f 4745/6 4738/6 4737/6
f 4746/6 4742/6 4743/6
f 4738/6 4739/6 4744/6 4743/6
f 4745/6 4739/6 4738/6
f 4746/6 4743/6 4744/6
f 4739/6 4735/6 4740/6 4744/6
f 4745/6 4735/6 4739/6
f 4746/6 4744/6 4740/6
f 4757/6 4758/6 4763/6 4762/6
f 4767/6 4758/6 4757/6
f 4768/6 4762/6 4763/6
f 4758/6 4759/6 4764/6 4763/6
f 4767/6 4759/6 4758/6
f 4768/6 4763/6 4764/6
f 4759/6 4760/6 4765/6 4764/6
f 4767/6 4760/6 4759/6
f 4768/6 4764/6 4765/6
f 4760/6 4761/6 4766/6 4765/6
f 4767/6 4761/6 4760/6
f 4768/6 4765/6 4766/6
f 4761/6 4757/6 4762/6 4766/6
f 4767/6 4757/6 4761/6
f 4768/6 4766/6 4762/6
f 4769/6 4770/6 4775/6 4774/6
f 4779/6 4770/6 4769/6
f 4780/6 4774/6 4775/6
f 4770/6 4771/6 4776/6 4775/6
f 4779/6 4771/6 4770/6
f 4780/6 4775/6 4776/6
f 4771/6 4772/6 4777/6 4776/6
f 4779/6 4772/6 4771/6
f 4780/6 4776/6 4777/6
f 4772/6 4773/6 4778/6 4777/6
f 4779/6 4773/6 4772/6
f 4780/6 4777/6 4778/6
f 4773/6 4769/6 4774/6 4778/6
f 4779/6 4769/6 4773/6
f 4780/6 4778/6 4774/6
f 4781/6 4782/6 4787/6 4786/6
f 4791/6 4782/6 4781/6
f 4792/6 4786/6 4787/6
f 4782/6 4783/6 4788/6 4787/6
f 4791/6 4783/6 4782/6
f 4792/6 4787/6 4788/6
f 4783/6 4784/6 4789/6 4788/6
f 4791/6 4784/6 4783/6
f 4792/6 4788/6 4789/6
f 4784/6 4785/6 4790/6 4789/6
f 4791/6 4785/6 4784/6
f 4792/6 4789/6 4790/6
f 4785/6 4781/6 4786/6 4790/6
f 4791/6 4781/6 4785/6
f 4792/6 4790/6 4786/6
f 4793/6 4794/6 4799/6 4798/6
f 4803/6 4794/6 4793/6
f 4804/6 4798/6 4799/6
f 4794/6 4795/6 4800/6 4799/6
f 4803/6 4795/6 4794/6
f 4804/6 4799/6 4800/6
f 4795/6 4796/6 4801/6 4800/6
f 4803/6 4796/6 4795/6
f 4804/6 4800/6 4801/6
f 4796/6 4797/6 4802/6 4801/6
f 4803/6 4797/6 4796/6
f 4804/6 4801/6 4802/6
f 4797/6 4793/6 4798/6 4802/6
f 4803/6 4793/6 4797/6
f 4804/6 4802/6 4798/6
f 4815/6 4816/6 4821/6 4820/6
f 4825/6 4816/6 4815/6
f 4826/6 4820/6 4821/6
f 4816/6 4817/6 4822/6 4821/6
f 4825/6 4817/6 4816/6
f 4826/6 4821/6 4822/6
f 4817/6 4818/6 4823/6 4822/6
f 4825/6 4818/6 4817/6
f 4826/6 4822/6 4823/6
f 4818/6 4819/6 4824/6 4823/6
f 4825/6 4819/6 4818/6
f 4826/6 4823/6 4824/6
f 4819/6 4815/6 4820/6 4824/6
f 4825/6 4815/6 4819/6
f 4826/6 4824/6 4820/6
f 4827/6 4828/6 4833/6 4832/6
f 4837/6 4828/6 4827/6
f 4838/6 4832/6 4833/6
f 4828/6 4829/6 4834/6 4833/6
f 4837/6 4829/6 4828/6
f 4838/6 4833/6 4834/6
f 4829/6 4830/6 4835/6 4834/6
f 4837/6 4830/6 4829/6
f 4838/6 4834/6 4835/6
f 4830/6 4831/6 4836/6 4835/6
f 4837/6 4831/6 4830/6
f 4838/6 4835/6 4836/6
f 4831/6 4827/6 4832/6 4836/6
f 4837/6 4827/6 4831/6
f 4838/6 4836/6 4832/6
f 5100/6 5101/6 5105/6 5104/6
f 5108/6 5101/6 5100/6
f 5109/6 5104/6 5105/6
f 5101/6 5102/6 5106/6 5105/6
f 5108/6 5102/6 5101/6
f 5109/6 5105/6 5106/6
f 5102/6 5103/6 5107/6 5106/6
f 5108/6 5103/6 5102/6
f 5109/6 5106/6 5107/6
f 5103/6 5100/6 5104/6 5107/6
f 5108/6 5100/6 5103/6
f 5109/6 5107/6 5104/6
usemtl wood
f 25/5 26/5 30/5 29/5
f 33/5 26/5 25/5
f 34/5 29/5 30/5
f 26/5 27/5 31/5 30/5
f 33/5 27/5 26/5
f 34/5 30/5 31/5
f 27/5 28/5 32/5 31/5
f 33/5 28/5 27/5
f 34/5 31/5 32/5
f 28/5 25/5 29/5 32/5
f 33/5 25/5 28/5
f 34/5 32/5 29/5
f 83/5 84/5 88/5 87/5
f 91/5 84/5 83/5
f 92/5 87/5 88/5
f 84/5 85/5 89/5 88/5
f 91/5 85/5 84/5
f 92/5 88/5 89/5
f 85/5 86/5 90/5 89/5
f 91/5 86/5 85/5
f 92/5 89/5 90/5
f 86/5 83/5 87/5 90/5
f 91/5 83/5 86/5
f 92/5 90/5 87/5
f 141/5 142/5 146/5 145/5
f 149/5 142/5 141/5
f 150/5 145/5 146/5
f 142/5 143/5 147/5 146/5
f 149/5 143/5 142/5
f 150/5 146/5 147/5
f 143/5 144/5 148/5 147/5
f 149/5 144/5 143/5
f 150/5 147/5 148/5
f 144/5 141/5 145/5 148/5
f 149/5 141/5 144/5
f 150/5 148/5 145/5
f 199/5 200/5 204/5 203/5
f 207/5 200/5 199/5
f 208/5 203/5 204/5
f 200/5 201/5 205/5 204/5
f 207/5 201/5 200/5
f 208/5 204/5 205/5
f 201/5 202/5 206/5 205/5
f 207/5 202/5 201/5
f 208/5 205/5 206/5
f 202/5 199/5 203/5 206/5
f 207/5 199/5 202/5
f 208/5 206/5 203/5
f 257/5 258/5 262/5 261/5
f 265/5 258/5 257/5
f 266/5 261/5 262/5
f 258/5 259/5 263/5 262/5
f 265/5 259/5 258/5
f 266/5 262/5 263/5
f 259/5 260/5 264/5 263/5
f 265/5 260/5 259/5
f 266/5 263/5 264/5
f 260/5 257/5 261/5 264/5
f 265/5 257/5 260/5
f 266/5 264/5 261/5
f 315/5 316/5 320/5 319/5
f 323/5 316/5 315/5
f 324/5 319/5 320/5
f 316/5 317/5 321/5 320/5
f 323/5 317/5 316/5
f 324/5 320/5 321/5
f 317/5 318/5 322/5 321/5
f 323/5 318/5 317/5
f 324/5 321/5 322/5
f 318/5 315/5 319/5 322/5
f 323/5 315/5 318/5
f 324/5 322/5 319/5
f 373/5 374/5 378/5 377/5
f 381/5 374/5 373/5
f 382/5 377/5 378/5
f 374/5 375/5 379/5 378/5
f 381/5 375/5 374/5
f 382/5 378/5 379/5
f 375/5 376/5 380/5 379/5
f 381/5 376/5 375/5
f 382/5 379/5 380/5
f 376/5 373/5 377/5 380/5
f 381/5 373/5 376/5
f 382/5 380/5 377/5
f 431/5 432/5 436/5 435/5
f 439/5 432/5 431/5
f 440/5 435/5 436/5
f 432/5 433/5 437/5 436/5
f 439/5 433/5 432/5
f 440/5 436/5 437/5
f 433/5 434/5 438/5 437/5
f 439/5 434/5 433/5
f 440/5 437/5 438/5
f 434/5 431/5 435/5 438/5
f 439/5 431/5 434/5
f 440/5 438/5 435/5
f 489/5 490/5 494/5 493/5
f 497/5 490/5 489/5
f 498/5 493/5 494/5
f 490/5 491/5 495/5 494/5
f 497/5 491/5 490/5
f 498/5 494/5 495/5
f 491/5 492/5 496/5 495/5
f 497/5 492/5 491/5
f 498/5 495/5 496/5
f 492/5 489/5 493/5 496/5
f 497/5 489/5 492/5
f 498/5 496/5 493/5
f 547/5 548/5 552/5 551/5
f 555/5 548/5 547/5
f 556/5 551/5 552/5
f 548/5 549/5 553/5 552/5
f 555/5 549/5 548/5
f 556/5 552/5 553/5
f 549/5 550/5 554/5 553/5
f 555/5 550/5 549/5
f 556/5 553/5 554/5
f 550/5 547/5 551/5 554/5
f 555/5 547/5 550/5
f 556/5 554/5 551/5
f 605/5 606/5 610/5 609/5
f 613/5 606/5 605/5
f 614/5 609/5 610/5
f 606/5 607/5 611/5 610/5
f 613/5 607/5 606/5
f 614/5 610/5 611/5
f 607/5 608/5 612/5 611/5
f 613/5 608/5 607/5
f 614/5 611/5 612/5
f 608/5 605/5 609/5 612/5
f 613/5 605/5 608/5
f 614/5 612/5 609/5
f 663/5 664/5 668/5 667/5
f 671/5 664/5 663/5
f 672/5 667/5 668/5
f 664/5 665/5 669/5 668/5
f 671/5 665/5 664/5
f 672/5 668/5 669/5
f 665/5 666/5 670/5 669/5
f 671/5 666/5 665/5
f 672/5 669/5 670/5
f 666/5 663/5 667/5 670/5
f 671/5 663/5 666/5
f 672/5 670/5 667/5
f 721/5 722/5 726/5 725/5
f 729/5 722/5 721/5
f 730/5 725/5 726/5
f 722/5 723/5 727/5 726/5
f 729/5 723/5 722/5
f 730/5 726/5 727/5
f 723/5 724/5 728/5 727/5
f 729/5 724/5 723/5
f 730/5 727/5 728/5
f 724/5 721/5 725/5 728/5
f 729/5 721/5 724/5
f 730/5 728/5 725/5
f 779/5 780/5 784/5 783/5
f 787/5 780/5 779/5
f 788/5 783/5 784/5
f 780/5 781/5 785/5 784/5
f 787/5 781/5 780/5
f 788/5 784/5 785/5
f 781/5 782/5 786/5 785/5
f 787/5 782/5 781/5
f 788/5 785/5 786/5
f 782/5 779/5 783/5 786/5
f 787/5 779/5 782/5
f 788/5 786/5 783/5
f 837/5 838/5 842/5 841/5
f 845/5 838/5 837/5
f 846/5 841/5 842/5
f 838/5 839/5 843/5 842/5
f 845/5 839/5 838/5
f 846/5 842/5 843/5
f 839/5 840/5 844/5 843/5
f 845/5 840/5 839/5
f 846/5 843/5 844/5
f 840/5 837/5 841/5 844/5
f 845/5 837/5 840/5
f 846/5 844/5 841/5
f 895/5 896/5 900/5 899/5
f 903/5 896/5 895/5
f 904/5 899/5 900/5
f 896/5 897/5 901/5 900/5
f 903/5 897/5 896/5
f 904/5 900/5 901/5
f 897/5 898/5 902/5 901/5
f 903/5 898/5 897/5
f 904/5 901/5 902/5
f 898/5 895/5 899/5 902/5
f 903/5 895/5 898/5
f 904/5 902/5 899/5
f 953/5 954/5 958/5 957/5
f 961/5 954/5 953/5
f 962/5 957/5 958/5
f 954/5 955/5 959/5 958/5
f 961/5 955/5 954/5
f 962/5 958/5 959/5
f 955/5 956/5 960/5 959/5
f 961/5 956/5 955/5
f 962/5 959/5 960/5
f 956/5 953/5 957/5 960/5
f 961/5 953/5 956/5
f 962/5 960/5 957/5
f 1011/5 1012/5 1016/5 1015/5
f 1019/5 1012/5 1011/5
f 1020/5 1015/5 1016/5
f 1012/5 1013/5 1017/5 1016/5
f 1019/5 1013/5 1012/5
f 1020/5 1016/5 1017/5
f 1013/5 1014/5 1018/5 1017/5
f 1019/5 1014/5 1013/5
f 1020/5 1017/5 1018/5
f 1014/5 1011/5 1015/5 1018/5
f 1019/5 1011/5 1014/5
f 1020/5 1018/5 1015/5
f 1045/5 1046/5 1051/5 1050/5
f 1055/5 1046/5 1045/5
f 1056/5 1050/5 1051/5
f 1046/5 1047/5 1052/5 1051/5
f 1055/5 1047/5 1046/5
f 1056/5 1051/5 1052/5
f 1047/5 1048/5 1053/5 1052/5
f 1055/5 1048/5 1047/5
f 1056/5 1052/5 1053/5
f 1048/5 1049/5 1054/5 1053/5
f 1055/5 1049/5 1048/5
f 1056/5 1053/5 1054/5
f 1049/5 1045/5 1050/5 1054/5
f 1055/5 1045/5 1049/5
f 1056/5 1054/5 1050/5
f 1057/5 1058/5 1063/5 1062/5
f 1067/5 1058/5 1057/5
f 1068/5 1062/5 1063/5
f 1058/5 1059/5 1064/5 1063/5
f 1067/5 1059/5 1058/5
f 1068/5 1063/5 1064/5
f 1059/5 1060/5 1065/5 1064/5
f 1067/5 1060/5 1059/5
f 1068/5 1064/5 1065/5
f 1060/5 1061/5 1066/5 1065/5
f 1067/5 1061/5 1060/5
f 1068/5 1065/5 1066/5
f 1061/5 1057/5 1062/5 1066/5
f 1067/5 1057/5 1061/5
f 1068/5 1066/5 1062/5
f 1101/5 1102/5 1106/5 1105/5
f 1109/5 1102/5 1101/5
f 1110/5 1105/5 1106/5
f 1102/5 1103/5 1107/5 1106/5
f 1109/5 1103/5 1102/5
f 1110/5 1106/5 1107/5
f 1103/5 1104/5 1108/5 1107/5
f 1109/5 1104/5 1103/5
f 1110/5 1107/5 1108/5
f 1104/5 1101/5 1105/5 1108/5
f 1109/5 1101/5 1104/5
f 1110/5 1108/5 1105/5
f 1159/5 1160/5 1164/5 1163/5
f 1167/5 1160/5 1159/5
f 1168/5 1163/5 1164/5
f 1160/5 1161/5 1165/5 1164/5
f 1167/5 1161/5 1160/5
f 1168/5 1164/5 1165/5
f 1161/5 1162/5 1166/5 1165/5
f 1167/5 1162/5 1161/5
f 1168/5 1165/5 1166/5
f 1162/5 1159/5 1163/5 1166/5
f 1167/5 1159/5 1162/5
f 1168/5 1166/5 1163/5
f 1225/5 1226/5 1230/5 1229/5
f 1233/5 1226/5 1225/5
f 1234/5 1229/5 1230/5
f 1226/5 1227/5 1231/5 1230/5
f 1233/5 1227/5 1226/5
f 1234/5 1230/5 1231/5
f 1227/5 1228/5 1232/5 1231/5
f 1233/5 1228/5 1227/5
f 1234/5 1231/5 1232/5
f 1228/5 1225/5 1229/5 1232/5
f 1233/5 1225/5 1228/5
f 1234/5 1232/5 1229/5
f 1235/5 1236/5 1241/5 1240/5
f 1245/5 1236/5 1235/5
f 1246/5 1240/5 1241/5
f 1236/5 1237/5 1242/5 1241/5
f 1245/5 1237/5 1236/5
f 1246/5 1241/5 1242/5
f 1237/5 1238/5 1243/5 1242/5
f 1245/5 1238/5 1237/5
f 1246/5 1242/5 1243/5
f 1238/5 1239/5 1244/5 1243/5
f 1245/5 1239/5 1238/5
f 1246/5 1243/5 1244/5
f 1239/5 1235/5 1240/5 1244/5
f 1245/5 1235/5 1239/5
f 1246/5 1244/5 1240/5
f 1247/5 1248/5 1253/5 1252/5
f 1257/5 1248/5 1247/5
f 1258/5 1252/5 1253/5
f 1248/5 1249/5 1254/5 1253/5
f 1257/5 1249/5 1248/5
f 1258/5 1253/5 1254/5
f 1249/5 1250/5 1255/5 1254/5
f 1257/5 1250/5 1249/5
f 1258/5 1254/5 1255/5
f 1250/5 1251/5 1256/5 1255/5
f 1257/5 1251/5 1250/5
f 1258/5 1255/5 1256/5
f 1251/5 1247/5 1252/5 1256/5
f 1257/5 1247/5 1251/5
f 1258/5 1256/5 1252/5
f 1259/5 1260/5 1264/5 1263/5
f 1267/5 1260/5 1259/5
f 1268/5 1263/5 1264/5
f 1260/5 1261/5 1265/5 1264/5
f 1267/5 1261/5 1260/5
f 1268/5 1264/5 1265/5
f 1261/5 1262/5 1266/5 1265/5
f 1267/5 1262/5 1261/5
f 1268/5 1265/5 1266/5
f 1262/5 1259/5 1263/5 1266/5
f 1267/5 1259/5 1262/5
f 1268/5 1266/5 1263/5
f 1325/5 1326/5 1330/5 1329/5
f 1333/5 1326/5 1325/5
f 1334/5 1329/5 1330/5
f 1326/5 1327/5 1331/5 1330/5
f 1333/5 1327/5 1326/5
f 1334/5 1330/5 1331/5
f 1327/5 1328/5 1332/5 1331/5
f 1333/5 1328/5 1327/5
f 1334/5 1331/5 1332/5
f 1328/5 1325/5 1329/5 1332/5
f 1333/5 1325/5 1328/5
f 1334/5 1332/5 1329/5
f 1391/5 1392/5 1396/5 1395/5
f 1399/5 1392/5 1391/5
f 1400/5 1395/5 1396/5
f 1392/5 1393/5 1397/5 1396/5
f 1399/5 1393/5 1392/5
f 1400/5 1396/5 1397/5
f 1393/5 1394/5 1398/5 1397/5
f 1399/5 1394/5 1393/5
f 1400/5 1397/5 1398/5
f 1394/5 1391/5 1395/5 1398/5
f 1399/5 1391/5 1394/5
f 1400/5 1398/5 1395/5
f 1433/5 1434/5 1439/5 1438/5
f 1443/5 1434/5 1433/5
f 1444/5 1438/5 1439/5
f 1434/5 1435/5 1440/5 1439/5
f 1443/5 1435/5 1434/5
f 1444/5 1439/5 1440/5
f 1435/5 1436/5 1441/5 1440/5
f 1443/5 1436/5 1435/5
f 1444/5 1440/5 1441/5
f 1436/5 1437/5 1442/5 1441/5
f 1443/5 1437/5 1436/5
f 1444/5 1441/5 1442/5
f 1437/5 1433/5 1438/5 1442/5
f 1443/5 1433/5 1437/5
f 1444/5 1442/5 1438/5
f 1445/5 1446/5 1451/5 1450/5
f 1455/5 1446/5 1445/5
f 1456/5 1450/5 1451/5
f 1446/5 1447/5 1452/5 1451/5
f 1455/5 1447/5 1446/5
f 1456/5 1451/5 1452/5
f 1447/5 1448/5 1453/5 1452/5
f 1455/5 1448/5 1447/5
f 1456/5 1452/5 1453/5
f 1448/5 1449/5 1454/5 1453/5
f 1455/5 1449/5 1448/5
f 1456/5 1453/5 1454/5
f 1449/5 1445/5 1450/5 1454/5
f 1455/5 1445/5 1449/5
f 1456/5 1454/5 1450/5
f 1457/5 1458/5 1462/5 1461/5
f 1465/5 1458/5 1457/5
f 1466/5 1461/5 1462/5
f 1458/5 1459/5 1463/5 1462/5
f 1465/5 1459/5 1458/5
f 1466/5 1462/5 1463/5
f 1459/5 1460/5 1464/5 1463/5
f 1465/5 1460/5 1459/5
f 1466/5 1463/5 1464/5
f 1460/5 1457/5 1461/5 1464/5
f 1465/5 1457/5 1460/5
f 1466/5 1464/5 1461/5
f 1499/5 1500/5 1504/5 1503/5
f 1507/5 1500/5 1499/5
f 1508/5 1503/5 1504/5
f 1500/5 1501/5 1505/5 1504/5
f 1507/5 1501/5 1500/5
f 1508/5 1504/5 1505/5
f 1501/5 1502/5 1506/5 1505/5
f 1507/5 1502/5 1501/5
f 1508/5 1505/5 1506/5
f 1502/5 1499/5 1503/5 1506/5
f 1507/5 1499/5 1502/5
f 1508/5 1506/5 1503/5
f 1557/5 1558/5 1562/5 1561/5
f 1565/5 1558/5 1557/5
f 1566/5 1561/5 1562/5
f 1558/5 1559/5 1563/5 1562/5
f 1565/5 1559/5 1558/5
f 1566/5 1562/5 1563/5
f 1559/5 1560/5 1564/5 1563/5
f 1565/5 1560/5 1559/5
f 1566/5 1563/5 1564/5
f 1560/5 1557/5 1561/5 1564/5
f 1565/5 1557/5 1560/5
f 1566/5 1564/5 1561/5
f 1623/5 1624/5 1628/5 1627/5
f 1631/5 1624/5 1623/5
f 1632/5 1627/5 1628/5
f 1624/5 1625/5 1629/5 1628/5
f 1631/5 1625/5 1624/5
f 1632/5 1628/5 1629/5
f 1625/5 1626/5 1630/5 1629/5
f 1631/5 1626/5 1625/5
f 1632/5 1629/5 1630/5
f 1626/5 1623/5 1627/5 1630/5
f 1631/5 1623/5 1626/5
f 1632/5 1630/5 1627/5
f 1633/5 1634/5 1639/5 1638/5
f 1643/5 1634/5 1633/5
f 1644/5 1638/5 1639/5
f 1634/5 1635/5 1640/5 1639/5
f 1643/5 1635/5 1634/5
f 1644/5 1639/5 1640/5
f 1635/5 1636/5 1641/5 1640/5
f 1643/5 1636/5 1635/5
f 1644/5 1640/5 1641/5
f 1636/5 1637/5 1642/5 1641/5
f 1643/5 1637/5 1636/5
f 1644/5 1641/5 1642/5
f 1637/5 1633/5 1638/5 1642/5
f 1643/5 1633/5 1637/5
f 1644/5 1642/5 1638/5
f 1645/5 1646/5 1651/5 1650/5
f 1655/5 1646/5 1645/5
f 1656/5 1650/5 1651/5
f 1646/5 1647/5 1652/5 1651/5
f 1655/5 1647/5 1646/5
f 1656/5 1651/5 1652/5
f 1647/5 1648/5 1653/5 1652/5
f 1655/5 1648/5 1647/5
f 1656/5 1652/5 1653/5
f 1648/5 1649/5 1654/5 1653/5
f 1655/5 1649/5 1648/5
f 1656/5 1653/5 1654/5
f 1649/5 1645/5 1650/5 1654/5
f 1655/5 1645/5 1649/5
f 1656/5 1654/5 1650/5
f 1657/5 1658/5 1662/5 1661/5
f 1665/5 1658/5 1657/5
f 1666/5 1661/5 1662/5
f 1658/5 1659/5 1663/5 1662/5
f 1665/5 1659/5 1658/5
f 1666/5 1662/5 1663/5
f 1659/5 1660/5 1664/5 1663/5
f 1665/5 1660/5 1659/5
f 1666/5 1663/5 1664/5
f 1660/5 1657/5 1661/5 1664/5
f 1665/5 1657/5 1660/5
f 1666/5 1664/5 1661/5
f 1731/5 1732/5 1736/5 1735/5
f 1739/5 1732/5 1731/5
f 1740/5 1735/5 1736/5
f 1732/5 1733/5 1737/5 1736/5
f 1739/5 1733/5 1732/5
f 1740/5 1736/5 1737/5
f 1733/5 1734/5 1738/5 1737/5
f 1739/5 1734/5 1733/5
f 1740/5 1737/5 1738/5
f 1734/5 1731/5 1735/5 1738/5
f 1739/5 1731/5 1734/5
f 1740/5 1738/5 1735/5
f 1789/5 1790/5 1794/5 1793/5
f 1797/5 1790/5 1789/5
f 1798/5 1793/5 1794/5
f 1790/5 1791/5 1795/5 1794/5
f 1797/5 1791/5 1790/5
f 1798/5 1794/5 1795/5
f 1791/5 1792/5 1796/5 1795/5
f 1797/5 1792/5 1791/5
f 1798/5 1795/5 1796/5
f 1792/5 1789/5 1793/5 1796/5
f 1797/5 1789/5 1792/5
f 1798/5 1796/5 1793/5
f 1831/5 1832/5 1837/5 1836/5
f 1841/5 1832/5 1831/5
f 1842/5 1836/5 1837/5
f 1832/5 1833/5 1838/5 1837/5
f 1841/5 1833/5 1832/5
f 1842/5 1837/5 1838/5
f 1833/5 1834/5 1839/5 1838/5
f 1841/5 1834/5 1833/5
f 1842/5 1838/5 1839/5
f 1834/5 1835/5 1840/5 1839/5
f 1841/5 1835/5 1834/5
f 1842/5 1839/5 1840/5
f 1835/5 1831/5 1836/5 1840/5
f 1841/5 1831/5 1835/5
f 1842/5 1840/5 1836/5
f 1843/5 1844/5 1849/5 1848/5
f 1853/5 1844/5 1843/5
f 1854/5 1848/5 1849/5
f 1844/5 1845/5 1850/5 1849/5
f 1853/5 1845/5 1844/5
f 1854/5 1849/5 1850/5
f 1845/5 1846/5 1851/5 1850/5
f 1853/5 1846/5 1845/5
f 1854/5 1850/5 1851/5
f 1846/5 1847/5 1852/5 1851/5
f 1853/5 1847/5 1846/5
f 1854/5 1851/5 1852/5
f 1847/5 1843/5 1848/5 1852/5
f 1853/5 1843/5 1847/5
f 1854/5 1852/5 1848/5
f 1855/5 1856/5 1860/5 1859/5
f 1863/5 1856/5 1855/5
f 1864/5 1859/5 1860/5
f 1856/5 1857/5 1861/5 1860/5
f 1863/5 1857/5 1856/5
f 1864/5 1860/5 1861/5
f 1857/5 1858/5 1862/5 1861/5
f 1863/5 1858/5 1857/5
f 1864/5 1861/5 1862/5
f 1858/5 1855/5 1859/5 1862/5
f 1863/5 1855/5 1858/5
f 1864/5 1862/5 1859/5
f 1897/5 1898/5 1902/5 1901/5
f 1905/5 1898/5 1897/5
f 1906/5 1901/5 1902/5
f 1898/5 1899/5 1903/5 1902/5
f 1905/5 1899/5 1898/5
f 1906/5 1902/5 1903/5
f 1899/5 1900/5 1904/5 1903/5
f 1905/5 1900/5 1899/5
f 1906/5 1903/5 1904/5
f 1900/5 1897/5 1901/5 1904/5
f 1905/5 1897/5 1900/5
f 1906/5 1904/5 1901/5
f 1963/5 1964/5 1968/5 1967/5
f 1971/5 1964/5 1963/5
f 1972/5 1967/5 1968/5
f 1964/5 1965/5 1969/5 1968/5
f 1971/5 1965/5 1964/5
f 1972/5 1968/5 1969/5
f 1965/5 1966/5 1970/5 1969/5
f 1971/5 1966/5 1965/5
f 1972/5 1969/5 1970/5
f 1966/5 1963/5 1967/5 1970/5
f 1971/5 1963/5 1966/5
f 1972/5 1970/5 1967/5
f 2021/5 2022/5 2026/5 2025/5
f 2029/5 2022/5 2021/5
f 2030/5 2025/5 2026/5
f 2022/5 2023/5 2027/5 2026/5
f 2029/5 2023/5 2022/5
f 2030/5 2026/5 2027/5
f 2023/5 2024/5 2028/5 2027/5
f 2029/5 2024/5 2023/5
f 2030/5 2027/5 2028/5
f 2024/5 2021/5 2025/5 2028/5
f 2029/5 2021/5 2024/5
f 2030/5 2028/5 2025/5
f 2039/5 2040/5 2045/5 2044/5
f 2049/5 2040/5 2039/5
f 2050/5 2044/5 2045/5
f 2040/5 2041/5 2046/5 2045/5
f 2049/5 2041/5 2040/5
f 2050/5 2045/5 2046/5
f 2041/5 2042/5 2047/5 2046/5
f 2049/5 2042/5 2041/5
f 2050/5 2046/5 2047/5
f 2042/5 2043/5 2048/5 2047/5
f 2049/5 2043/5 2042/5
f 2050/5 2047/5 2048/5
f 2043/5 2039/5 2044/5 2048/5
f 2049/5 2039/5 2043/5
f 2050/5 2048/5 2044/5
f 2051/5 2052/5 2057/5 2056/5
f 2061/5 2052/5 2051/5
f 2062/5 2056/5 2057/5
f 2052/5 2053/5 2058/5 2057/5
f 2061/5 2053/5 2052/5
f 2062/5 2057/5 2058/5
f 2053/5 2054/5 2059/5 2058/5
f 2061/5 2054/5 2053/5
f 2062/5 2058/5 2059/5
f 2054/5 2055/5 2060/5 2059/5
f 2061/5 2055/5 2054/5
f 2062/5 2059/5 2060/5
f 2055/5 2051/5 2056/5 2060/5
f 2061/5 2051/5 2055/5
f 2062/5 2060/5 2056/5
f 2063/5 2064/5 2068/5 2067/5
f 2071/5 2064/5 2063/5
f 2072/5 2067/5 2068/5
f 2064/5 2065/5 2069/5 2068/5
f 2071/5 2065/5 2064/5
f 2072/5 2068/5 2069/5
f 2065/5 2066/5 2070/5 2069/5
f 2071/5 2066/5 2065/5
f 2072/5 2069/5 2070/5
f 2066/5 2063/5 2067/5 2070/5
f 2071/5 2063/5 2066/5
f 2072/5 2070/5 2067/5
f 2129/5 2130/5 2134/5 2133/5
f 2137/5 2130/5 2129/5
f 2138/5 2133/5 2134/5
f 2130/5 2131/5 2135/5 2134/5
f 2137/5 2131/5 2130/5
f 2138/5 2134/5 2135/5
f 2131/5 2132/5 2136/5 2135/5
f 2137/5 2132/5 2131/5
f 2138/5 2135/5 2136/5
f 2132/5 2129/5 2133/5 2136/5
f 2137/5 2129/5 2132/5
f 2138/5 2136/5 2133/5
f 2195/5 2196/5 2200/5 2199/5
f 2203/5 2196/5 2195/5
f 2204/5 2199/5 2200/5
f 2196/5 2197/5 2201/5 2200/5
f 2203/5 2197/5 2196/5
f 2204/5 2200/5 2201/5
f 2197/5 2198/5 2202/5 2201/5
f 2203/5 2198/5 2197/5
f 2204/5 2201/5 2202/5
f 2198/5 2195/5 2199/5 2202/5
f 2203/5 2195/5 2198/5
f 2204/5 2202/5 2199/5
f 2229/5 2230/5 2235/5 2234/5
f 2239/5 2230/5 2229/5
f 2240/5 2234/5 2235/5
f 2230/5 2231/5 2236/5 2235/5
f 2239/5 2231/5 2230/5
f 2240/5 2235/5 2236/5
f 2231/5 2232/5 2237/5 2236/5
f 2239/5 2232/5 2231/5
f 2240/5 2236/5 2237/5
f 2232/5 2233/5 2238/5 2237/5
f 2239/5 2233/5 2232/5
f 2240/5 2237/5 2238/5
f 2233/5 2229/5 2234/5 2238/5
f 2239/5 2229/5 2233/5
f 2240/5 2238/5 2234/5
f 2241/5 2242/5 2247/5 2246/5
f 2251/5 2242/5 2241/5
f 2252/5 2246/5 2247/5
f 2242/5 2243/5 2248/5 2247/5
f 2251/5 2243/5 2242/5
f 2252/5 2247/5 2248/5
f 2243/5 2244/5 2249/5 2248/5
f 2251/5 2244/5 2243/5
f 2252/5 2248/5 2249/5
f 2244/5 2245/5 2250/5 2249/5
f 2251/5 2245/5 2244/5
f 2252/5 2249/5 2250/5
f 2245/5 2241/5 2246/5 2250/5
f 2251/5 2241/5 2245/5
f 2252/5 2250/5 2246/5
f 2253/5 2254/5 2258/5 2257/5
f 2261/5 2254/5 2253/5
f 2262/5 2257/5 2258/5
f 2254/5 2255/5 2259/5 2258/5
f 2261/5 2255/5 2254/5
f 2262/5 2258/5 2259/5
f 2255/5 2256/5 2260/5 2259/5
f 2261/5 2256/5 2255/5
f 2262/5 2259/5 2260/5
f 2256/5 2253/5 2257/5 2260/5
f 2261/5 2253/5 2256/5
f 2262/5 2260/5 2257/5
f 2295/5 2296/5 2300/5 2299/5
f 2303/5 2296/5 2295/5
f 2304/5 2299/5 2300/5
f 2296/5 2297/5 2301/5 2300/5
f 2303/5 2297/5 2296/5
f 2304/5 2300/5 2301/5
f 2297/5 2298/5 2302/5 2301/5
f 2303/5 2298/5 2297/5
f 2304/5 2301/5 2302/5
f 2298/5 2295/5 2299/5 2302/5
f 2303/5 2295/5 2298/5
f 2304/5 2302/5 2299/5
f 2353/5 2354/5 2358/5 2357/5
f 2361/5 2354/5 2353/5
f 2362/5 2357/5 2358/5
f 2354/5 2355/5 2359/5 2358/5
f 2361/5 2355/5 2354/5
f 2362/5 2358/5 2359/5
f 2355/5 2356/5 2360/5 2359/5
f 2361/5 2356/5 2355/5
f 2362/5 2359/5 2360/5
f 2356/5 2353/5 2357/5 2360/5
f 2361/5 2353/5 2356/5
f 2362/5 2360/5 2357/5
f 2411/5 2412/5 2416/5 2415/5
f 2419/5 2412/5 2411/5
f 2420/5 2415/5 2416/5
f 2412/5 2413/5 2417/5 2416/5
f 2419/5 2413/5 2412/5
f 2420/5 2416/5 2417/5
f 2413/5 2414/5 2418/5 2417/5
f 2419/5 2414/5 2413/5
f 2420/5 2417/5 2418/5
f 2414/5 2411/5 2415/5 2418/5
f 2419/5 2411/5 2414/5
f 2420/5 2418/5 2415/5
f 2421/5 2422/5 2427/5 2426/5
f 2431/5 2422/5 2421/5
f 2432/5 2426/5 2427/5
f 2422/5 2423/5 2428/5 2427/5
f 2431/5 2423/5 2422/5
f 2432/5 2427/5 2428/5
f 2423/5 2424/5 2429/5 2428/5
f 2431/5 2424/5 2423/5
f 2432/5 2428/5 2429/5
f 2424/5 2425/5 2430/5 2429/5
f 2431/5 2425/5 2424/5
f 2432/5 2429/5 2430/5
f 2425/5 2421/5 2426/5 2430/5
f 2431/5 2421/5 2425/5
f 2432/5 2430/5 2426/5
f 2433/5 2434/5 2439/5 2438/5
f 2443/5 2434/5 2433/5
f 2444/5 2438/5 2439/5
f 2434/5 2435/5 2440/5 2439/5
f 2443/5 2435/5 2434/5
f 2444/5 2439/5 2440/5
f 2435/5 2436/5 2441/5 2440/5
f 2443/5 2436/5 2435/5
f 2444/5 2440/5 2441/5
f 2436/5 2437/5 2442/5 2441/5
f 2443/5 2437/5 2436/5
f 2444/5 2441/5 2442/5
f 2437/5 2433/5 2438/5 2442/5
f 2443/5 2433/5 2437/5
f 2444/5 2442/5 2438/5
f 2445/5 2446/5 2450/5 2449/5
f 2453/5 2446/5 2445/5
f 2454/5 2449/5 2450/5
f 2446/5 2447/5 2451/5 2450/5
f 2453/5 2447/5 2446/5
f 2454/5 2450/5 2451/5
f 2447/5 2448/5 2452/5 2451/5
f 2453/5 2448/5 2447/5
f 2454/5 2451/5 2452/5
f 2448/5 2445/5 2449/5 2452/5
f 2453/5 2445/5 2448/5
f 2454/5 2452/5 2449/5
f 2511/5 2512/5 2516/5 2515/5
f 2519/5 2512/5 2511/5
f 2520/5 2515/5 2516/5
f 2512/5 2513/5 2517/5 2516/5
f 2519/5 2513/5 2512/5
f 2520/5 2516/5 2517/5
f 2513/5 2514/5 2518/5 2517/5
f 2519/5 2514/5 2513/5
f 2520/5 2517/5 2518/5
f 2514/5 2511/5 2515/5 2518/5
f 2519/5 2511/5 2514/5
f 2520/5 2518/5 2515/5
f 2569/5 2570/5 2574/5 2573/5
f 2577/5 2570/5 2569/5
f 2578/5 2573/5 2574/5
f 2570/5 2571/5 2575/5 2574/5
f 2577/5 2571/5 2570/5
f 2578/5 2574/5 2575/5
f 2571/5 2572/5 2576/5 2575/5
f 2577/5 2572/5 2571/5
f 2578/5 2575/5 2576/5
f 2572/5 2569/5 2573/5 2576/5
f 2577/5 2569/5 2572/5
f 2578/5 2576/5 2573/5
f 2603/5 2604/5 2609/5 2608/5
f 2613/5 2604/5 2603/5
f 2614/5 2608/5 2609/5
f 2604/5 2605/5 2610/5 2609/5
f 2613/5 2605/5 2604/5
f 2614/5 2609/5 2610/5
f 2605/5 2606/5 2611/5 2610/5
f 2613/5 2606/5 2605/5
f 2614/5 2610/5 2611/5
f 2606/5 2607/5 2612/5 2611/5
f 2613/5 2607/5 2606/5
f 2614/5 2611/5 2612/5
f 2607/5 2603/5 2608/5 2612/5
f 2613/5 2603/5 2607/5
f 2614/5 2612/5 2608/5
f 2615/5 2616/5 2621/5 2620/5
f 2625/5 2616/5 2615/5
f 2626/5 2620/5 2621/5
f 2616/5 2617/5 2622/5 2621/5
f 2625/5 2617/5 2616/5
f 2626/5 2621/5 2622/5
f 2617/5 2618/5 2623/5 2622/5
f 2625/5 2618/5 2617/5
f 2626/5 2622/5 2623/5
f 2618/5 2619/5 2624/5 2623/5
f 2625/5 2619/5 2618/5
f 2626/5 2623/5 2624/5
f 2619/5 2615/5 2620/5 2624/5
f 2625/5 2615/5 2619/5
f 2626/5 2624/5 2620/5
f 2627/5 2628/5 2632/5 2631/5
f 2635/5 2628/5 2627/5
f 2636/5 2631/5 2632/5
f 2628/5 2629/5 2633/5 2632/5
f 2635/5 2629/5 2628/5
f 2636/5 2632/5 2633/5
f 2629/5 2630/5 2634/5 2633/5
f 2635/5 2630/5 2629/5
f 2636/5 2633/5 2634/5
f 2630/5 2627/5 2631/5 2634/5
f 2635/5 2627/5 2630/5
f 2636/5 2634/5 2631/5
f 2669/5 2670/5 2674/5 2673/5
f 2677/5 2670/5 2669/5
f 2678/5 2673/5 2674/5
f 2670/5 2671/5 2675/5 2674/5
f 2677/5 2671/5 2670/5
f 2678/5 2674/5 2675/5
f 2671/5 2672/5 2676/5 2675/5
f 2677/5 2672/5 2671/5
f 2678/5 2675/5 2676/5
f 2672/5 2669/5 2673/5 2676/5
f 2677/5 2669/5 2672/5
f 2678/5 2676/5 2673/5
f 2727/5 2728/5 2732/5 2731/5
f 2735/5 2728/5 2727/5
f 2736/5 2731/5 2732/5
f 2728/5 2729/5 2733/5 2732/5
f 2735/5 2729/5 2728/5
f 2736/5 2732/5 2733/5
f 2729/5 2730/5 2734/5 2733/5
f 2735/5 2730/5 2729/5
f 2736/5 2733/5 2734/5
f 2730/5 2727/5 2731/5 2734/5
f 2735/5 2727/5 2730/5
f 2736/5 2734/5 2731/5
f 2785/5 2786/5 2790/5 2789/5
f 2793/5 2786/5 2785/5
f 2794/5 2789/5 2790/5
f 2786/5 2787/5 2791/5 2790/5
f 2793/5 2787/5 2786/5
f 2794/5 2790/5 2791/5
f 2787/5 2788/5 2792/5 2791/5
f 2793/5 2788/5 2787/5
f 2794/5 2791/5 2792/5
f 2788/5 2785/5 2789/5 2792/5
f 2793/5 2785/5 2788/5
f 2794/5 2792/5 2789/5
f 2795/5 2796/5 2801/5 2800/5
f 2805/5 2796/5 2795/5
f 2806/5 2800/5 2801/5
f 2796/5 2797/5 2802/5 2801/5
f 2805/5 2797/5 2796/5
f 2806/5 2801/5 2802/5
f 2797/5 2798/5 2803/5 2802/5
f 2805/5 2798/5 2797/5
f 2806/5 2802/5 2803/5
f 2798/5 2799/5 2804/5 2803/5
f 2805/5 2799/5 2798/5
f 2806/5 2803/5 2804/5
f 2799/5 2795/5 2800/5 2804/5
f 2805/5 2795/5 2799/5
f 2806/5 2804/5 2800/5
f 2807/5 2808/5 2813/5 2812/5
f 2817/5 2808/5 2807/5
f 2818/5 2812/5 2813/5
f 2808/5 2809/5 2814/5 2813/5
f 2817/5 2809/5 2808/5
f 2818/5 2813/5 2814/5
f 2809/5 2810/5 2815/5 2814/5
f 2817/5 2810/5 2809/5
f 2818/5 2814/5 2815/5
f 2810/5 2811/5 2816/5 2815/5
f 2817/5 2811/5 2810/5
f 2818/5 2815/5 2816/5
f 2811/5 2807/5 2812/5 2816/5
f 2817/5 2807/5 2811/5
f 2818/5 2816/5 2812/5
f 2819/5 2820/5 2824/5 2823/5
f 2827/5 2820/5 2819/5
f 2828/5 2823/5 2824/5
f 2820/5 2821/5 2825/5 2824/5
f 2827/5 2821/5 2820/5
f 2828/5 2824/5 2825/5
f 2821/5 2822/5 2826/5 2825/5
f 2827/5 2822/5 2821/5
f 2828/5 2825/5 2826/5
f 2822/5 2819/5 2823/5 2826/5
f 2827/5 2819/5 2822/5
f 2828/5 2826/5 2823/5
f 2885/5 2886/5 2890/5 2889/5
f 2893/5 2886/5 2885/5
f 2894/5 2889/5 2890/5
f 2886/5 2887/5 2891/5 2890/5
f 2893/5 2887/5 2886/5
f 2894/5 2890/5 2891/5
f 2887/5 2888/5 2892/5 2891/5
f 2893/5 2888/5 2887/5
f 2894/5 2891/5 2892/5
f 2888/5 2885/5 2889/5 2892/5
f 2893/5 2885/5 2888/5
f 2894/5 2892/5 2889/5
f 2943/5 2944/5 2948/5 2947/5
f 2951/5 2944/5 2943/5
f 2952/5 2947/5 2948/5
f 2944/5 2945/5 2949/5 2948/5
f 2951/5 2945/5 2944/5
f 2952/5 2948/5 2949/5
f 2945/5 2946/5 2950/5 2949/5
f 2951/5 2946/5 2945/5
f 2952/5 2949/5 2950/5
f 2946/5 2943/5 2947/5 2950/5
f 2951/5 2943/5 2946/5
f 2952/5 2950/5 2947/5
f 2977/5 2978/5 2983/5 2982/5
f 2987/5 2978/5 2977/5
f 2988/5 2982/5 2983/5
f 2978/5 2979/5 2984/5 2983/5
f 2987/5 2979/5 2978/5
f 2988/5 2983/5 2984/5
f 2979/5 2980/5 2985/5 2984/5
f 2987/5 2980/5 2979/5
f 2988/5 2984/5 2985/5
f 2980/5 2981/5 2986/5 2985/5
f 2987/5 2981/5 2980/5
f 2988/5 2985/5 2986/5
f 2981/5 2977/5 2982/5 2986/5
f 2987/5 2977/5 2981/5
f 2988/5 2986/5 2982/5
f 2989/5 2990/5 2995/5 2994/5
f 2999/5 2990/5 2989/5
f 3000/5 2994/5 2995/5
f 2990/5 2991/5 2996/5 2995/5
f 2999/5 2991/5 2990/5
f 3000/5 2995/5 2996/5
f 2991/5 2992/5 2997/5 2996/5
f 2999/5 2992/5 2991/5
f 3000/5 2996/5 2997/5
f 2992/5 2993/5 2998/5 2997/5
f 2999/5 2993/5 2992/5
f 3000/5 2997/5 2998/5
f 2993/5 2989/5 2994/5 2998/5
f 2999/5 2989/5 2993/5
f 3000/5 2998/5 2994/5
f 3001/5 3002/5 3006/5 3005/5
f 3009/5 3002/5 3001/5
f 3010/5 3005/5 3006/5
f 3002/5 3003/5 3007/5 3006/5
f 3009/5 3003/5 3002/5
f 3010/5 3006/5 3007/5
f 3003/5 3004/5 3008/5 3007/5
f 3009/5 3004/5 3003/5
f 3010/5 3007/5 3008/5
f 3004/5 3001/5 3005/5 3008/5
f 3009/5 3001/5 3004/5
f 3010/5 3008/5 3005/5
f 3043/5 3044/5 3048/5 3047/5
f 3051/5 3044/5 3043/5
f 3052/5 3047/5 3048/5
f 3044/5 3045/5 3049/5 3048/5
f 3051/5 3045/5 3044/5
f 3052/5 3048/5 3049/5
f 3045/5 3046/5 3050/5 3049/5
f 3051/5 3046/5 3045/5
f 3052/5 3049/5 3050/5
f 3046/5 3043/5 3047/5 3050/5
f 3051/5 3043/5 3046/5
f 3052/5 3050/5 3047/5
f 3101/5 3102/5 3106/5 3105/5
f 3109/5 3102/5 3101/5
f 3110/5 3105/5 3106/5
f 3102/5 3103/5 3107/5 3106/5
f 3109/5 3103/5 3102/5
f 3110/5 3106/5 3107/5
f 3103/5 3104/5 3108/5 3107/5
f 3109/5 3104/5 3103/5
f 3110/5 3107/5 3108/5
f 3104/5 3101/5 3105/5 3108/5
f 3109/5 3101/5 3104/5
f 3110/5 3108/5 3105/5
f 3159/5 3160/5 3164/5 3163/5
f 3167/5 3160/5 3159/5
f 3168/5 3163/5 3164/5
f 3160/5 3161/5 3165/5 3164/5
f 3167/5 3161/5 3160/5
f 3168/5 3164/5 3165/5
f 3161/5 3162/5 3166/5 3165/5
f 3167/5 3162/5 3161/5
f 3168/5 3165/5 3166/5
f 3162/5 3159/5 3163/5 3166/5
f 3167/5 3159/5 3162/5
f 3168/5 3166/5 3163/5
f 3169/5 3170/5 3175/5 3174/5
f 3179/5 3170/5 3169/5
f 3180/5 3174/5 3175/5
f 3170/5 3171/5 3176/5 3175/5
f 3179/5 3171/5 3170/5
f 3180/5 3175/5 3176/5
f 3171/5 3172/5 3177/5 3176/5
f 3179/5 3172/5 3171/5
f 3180/5 3176/5 3177/5
f 3172/5 3173/5 3178/5 3177/5
f 3179/5 3173/5 3172/5
f 3180/5 3177/5 3178/5
f 3173/5 3169/5 3174/5 3178/5
f 3179/5 3169/5 3173/5
f 3180/5 3178/5 3174/5
f 3181/5 3182/5 3187/5 3186/5
f 3191/5 3182/5 3181/5
f 3192/5 3186/5 3187/5
f 3182/5 3183/5 3188/5 3187/5
f 3191/5 3183/5 3182/5
f 3192/5 3187/5 3188/5
f 3183/5 3184/5 3189/5 3188/5
f 3191/5 3184/5 3183/5
f 3192/5 3188/5 3189/5
f 3184/5 3185/5 3190/5 3189/5
f 3191/5 3185/5 3184/5
f 3192/5 3189/5 3190/5
f 3185/5 3181/5 3186/5 3190/5
f 3191/5 3181/5 3185/5
f 3192/5 3190/5 3186/5
f 3249/5 3250/5 3254/5 3253/5
f 3257/5 3250/5 3249/5
f 3258/5 3253/5 3254/5
f 3250/5 3251/5 3255/5 3254/5
f 3257/5 3251/5 3250/5
f 3258/5 3254/5 3255/5
f 3251/5 3252/5 3256/5 3255/5
f 3257/5 3252/5 3251/5
f 3258/5 3255/5 3256/5
f 3252/5 3249/5 3253/5 3256/5
f 3257/5 3249/5 3252/5
f 3258/5 3256/5 3253/5
f 3307/5 3308/5 3312/5 3311/5
f 3315/5 3308/5 3307/5
f 3316/5 3311/5 3312/5
f 3308/5 3309/5 3313/5 3312/5
f 3315/5 3309/5 3308/5
f 3316/5 3312/5 3313/5
f 3309/5 3310/5 3314/5 3313/5
f 3315/5 3310/5 3309/5
f 3316/5 3313/5 3314/5
f 3310/5 3307/5 3311/5 3314/5
f 3315/5 3307/5 3310/5
f 3316/5 3314/5 3311/5
f 3341/5 3342/5 3347/5 3346/5
f 3351/5 3342/5 3341/5
f 3352/5 3346/5 3347/5
f 3342/5 3343/5 3348/5 3347/5
f 3351/5 3343/5 3342/5
f 3352/5 3347/5 3348/5
f 3343/5 3344/5 3349/5 3348/5
f 3351/5 3344/5 3343/5
f 3352/5 3348/5 3349/5
f 3344/5 3345/5 3350/5 3349/5
f 3351/5 3345/5 3344/5
f 3352/5 3349/5 3350/5
f 3345/5 3341/5 3346/5 3350/5
f 3351/5 3341/5 3345/5
f 3352/5 3350/5 3346/5
f 3353/5 3354/5 3359/5 3358/5
f 3363/5 3354/5 3353/5
f 3364/5 3358/5 3359/5
f 3354/5 3355/5 3360/5 3359/5
f 3363/5 3355/5 3354/5
f 3364/5 3359/5 3360/5
f 3355/5 3356/5 3361/5 3360/5
f 3363/5 3356/5 3355/5
f 3364/5 3360/5 3361/5
f 3356/5 3357/5 3362/5 3361/5
f 3363/5 3357/5 3356/5
f 3364/5 3361/5 3362/5
f 3357/5 3353/5 3358/5 3362/5
f 3363/5 3353/5 3357/5
f 3364/5 3362/5 3358/5
f 3397/5 3398/5 3402/5 3401/5
f 3405/5 3398/5 3397/5
f 3406/5 3401/5 3402/5
f 3398/5 3399/5 3403/5 3402/5
f 3405/5 3399/5 3398/5
f 3406/5 3402/5 3403/5
f 3399/5 3400/5 3404/5 3403/5
f 3405/5 3400/5 3399/5
f 3406/5 3403/5 3404/5
f 3400/5 3397/5 3401/5 3404/5
f 3405/5 3397/5 3400/5
f 3406/5 3404/5 3401/5
f 3455/5 3456/5 3460/5 3459/5
f 3463/5 3456/5 3455/5
f 3464/5 3459/5 3460/5
f 3456/5 3457/5 3461/5 3460/5
f 3463/5 3457/5 3456/5
f 3464/5 3460/5 3461/5
f 3457/5 3458/5 3462/5 3461/5
f 3463/5 3458/5 3457/5
f 3464/5 3461/5 3462/5
f 3458/5 3455/5 3459/5 3462/5
f 3463/5 3455/5 3458/5
f 3464/5 3462/5 3459/5
f 3513/5 3514/5 3518/5 3517/5
f 3521/5 3514/5 3513/5
f 3522/5 3517/5 3518/5
f 3514/5 3515/5 3519/5 3518/5
f 3521/5 3515/5 3514/5
f 3522/5 3518/5 3519/5
f 3515/5 3516/5 3520/5 3519/5
f 3521/5 3516/5 3515/5
f 3522/5 3519/5 3520/5
f 3516/5 3513/5 3517/5 3520/5
f 3521/5 3513/5 3516/5
f 3522/5 3520/5 3517/5
f 3523/5 3524/5 3529/5 3528/5
f 3533/5 3524/5 3523/5
f 3534/5 3528/5 3529/5
f 3524/5 3525/5 3530/5 3529/5
f 3533/5 3525/5 3524/5
f 3534/5 3529/5 3530/5
f 3525/5 3526/5 3531/5 3530/5
f 3533/5 3526/5 3525/5
f 3534/5 3530/5 3531/5
f 3526/5 3527/5 3532/5 3531/5
f 3533/5 3527/5 3526/5
f 3534/5 3531/5 3532/5
f 3527/5 3523/5 3528/5 3532/5
f 3533/5 3523/5 3527/5
f 3534/5 3532/5 3528/5
f 3535/5 3536/5 3541/5 3540/5
f 3545/5 3536/5 3535/5
f 3546/5 3540/5 3541/5
f 3536/5 3537/5 3542/5 3541/5
f 3545/5 3537/5 3536/5
f 3546/5 3541/5 3542/5
f 3537/5 3538/5 3543/5 3542/5
f 3545/5 3538/5 3537/5
f 3546/5 3542/5 3543/5
f 3538/5 3539/5 3544/5 3543/5
f 3545/5 3539/5 3538/5
f 3546/5 3543/5 3544/5
f 3539/5 3535/5 3540/5 3544/5
f 3545/5 3535/5 3539/5
f 3546/5 3544/5 3540/5
f 3603/5 3604/5 3608/5 3607/5
f 3611/5 3604/5 3603/5
f 3612/5 3607/5 3608/5
f 3604/5 3605/5 3609/5 3608/5
f 3611/5 3605/5 3604/5
f 3612/5 3608/5 3609/5
f 3605/5 3606/5 3610/5 3609/5
f 3611/5 3606/5 3605/5
f 3612/5 3609/5 3610/5
f 3606/5 3603/5 3607/5 3610/5
f 3611/5 3603/5 3606/5
f 3612/5 3610/5 3607/5
f 3661/5 3662/5 3666/5 3665/5
f 3669/5 3662/5 3661/5
f 3670/5 3665/5 3666/5
f 3662/5 3663/5 3667/5 3666/5
f 3669/5 3663/5 3662/5
f 3670/5 3666/5 3667/5
f 3663/5 3664/5 3668/5 3667/5
f 3669/5 3664/5 3663/5
f 3670/5 3667/5 3668/5
f 3664/5 3661/5 3665/5 3668/5
f 3669/5 3661/5 3664/5
f 3670/5 3668/5 3665/5
f 3695/5 3696/5 3701/5 3700/5
f 3705/5 3696/5 3695/5
f 3706/5 3700/5 3701/5
f 3696/5 3697/5 3702/5 3701/5
f 3705/5 3697/5 3696/5
f 3706/5 3701/5 3702/5
f 3697/5 3698/5 3703/5 3702/5
f 3705/5 3698/5 3697/5
f 3706/5 3702/5 3703/5
f 3698/5 3699/5 3704/5 3703/5
f 3705/5 3699/5 3698/5
f 3706/5 3703/5 3704/5
f 3699/5 3695/5 3700/5 3704/5
f 3705/5 3695/5 3699/5
f 3706/5 3704/5 3700/5
f 3707/5 3708/5 3713/5 3712/5
f 3717/5 3708/5 3707/5
f 3718/5 3712/5 3713/5
f 3708/5 3709/5 3714/5 3713/5
f 3717/5 3709/5 3708/5
f 3718/5 3713/5 3714/5
f 3709/5 3710/5 3715/5 3714/5
f 3717/5 3710/5 3709/5
f 3718/5 3714/5 3715/5
f 3710/5 3711/5 3716/5 3715/5
f 3717/5 3711/5 3710/5
f 3718/5 3715/5 3716/5
f 3711/5 3707/5 3712/5 3716/5
f 3717/5 3707/5 3711/5
f 3718/5 3716/5 3712/5
f 3719/5 3720/5 3724/5 3723/5
f 3727/5 3720/5 3719/5
f 3728/5 3723/5 3724/5
f 3720/5 3721/5 3725/5 3724/5
f 3727/5 3721/5 3720/5
f 3728/5 3724/5 3725/5
f 3721/5 3722/5 3726/5 3725/5
f 3727/5 3722/5 3721/5
f 3728/5 3725/5 3726/5
f 3722/5 3719/5 3723/5 3726/5
f 3727/5 3719/5 3722/5
f 3728/5 3726/5 3723/5
f 3761/5 3762/5 3766/5 3765/5
f 3769/5 3762/5 3761/5
f 3770/5 3765/5 3766/5
f 3762/5 3763/5 3767/5 3766/5
f 3769/5 3763/5 3762/5
f 3770/5 3766/5 3767/5
f 3763/5 3764/5 3768/5 3767/5
f 3769/5 3764/5 3763/5
f 3770/5 3767/5 3768/5
f 3764/5 3761/5 3765/5 3768/5
f 3769/5 3761/5 3764/5
f 3770/5 3768/5 3765/5
f 3819/5 3820/5 3824/5 3823/5
f 3827/5 3820/5 3819/5
f 3828/5 3823/5 3824/5
f 3820/5 3821/5 3825/5 3824/5
f 3827/5 3821/5 3820/5
f 3828/5 3824/5 3825/5
f 3821/5 3822/5 3826/5 3825/5
f 3827/5 3822/5 3821/5
f 3828/5 3825/5 3826/5
f 3822/5 3819/5 3823/5 3826/5
f 3827/5 3819/5 3822/5
f 3828/5 3826/5 3823/5
f 3877/5 3878/5 3882/5 3881/5
f 3885/5 3878/5 3877/5
f 3886/5 3881/5 3882/5
f 3878/5 3879/5 3883/5 3882/5
f 3885/5 3879/5 3878/5
f 3886/5 3882/5 3883/5
f 3879/5 3880/5 3884/5 3883/5
f 3885/5 3880/5 3879/5
f 3886/5 3883/5 3884/5
f 3880/5 3877/5 3881/5 3884/5
f 3885/5 3877/5 3880/5
f 3886/5 3884/5 3881/5
f 3887/5 3888/5 3893/5 3892/5
f 3897/5 3888/5 3887/5
f 3898/5 3892/5 3893/5
f 3888/5 3889/5 3894/5 3893/5
f 3897/5 3889/5 3888/5
f 3898/5 3893/5 3894/5
f 3889/5 3890/5 3895/5 3894/5
f 3897/5 3890/5 3889/5
f 3898/5 3894/5 3895/5
f 3890/5 3891/5 3896/5 3895/5
f 3897/5 3891/5 3890/5
f 3898/5 3895/5 3896/5
f 3891/5 3887/5 3892/5 3896/5
f 3897/5 3887/5 3891/5
f 3898/5 3896/5 3892/5
f 3899/5 3900/5 3905/5 3904/5
f 3909/5 3900/5 3899/5
f 3910/5 3904/5 3905/5
f 3900/5 3901/5 3906/5 3905/5
f 3909/5 3901/5 3900/5
f 3910/5 3905/5 3906/5
f 3901/5 3902/5 3907/5 3906/5
f 3909/5 3902/5 3901/5
f 3910/5 3906/5 3907/5
f 3902/5 3903/5 3908/5 3907/5
f 3909/5 3903/5 3902/5
f 3910/5 3907/5 3908/5
f 3903/5 3899/5 3904/5 3908/5
f 3909/5 3899/5 3903/5
f 3910/5 3908/5 3904/5
f 3911/5 3912/5 3916/5 3915/5
f 3919/5 3912/5 3911/5
f 3920/5 3915/5 3916/5
f 3912/5 3913/5 3917/5 3916/5
f 3919/5 3913/5 3912/5
f 3920/5 3916/5 3917/5
f 3913/5 3914/5 3918/5 3917/5
f 3919/5 3914/5 3913/5
f 3920/5 3917/5 3918/5
f 3914/5 3911/5 3915/5 3918/5
f 3919/5 3911/5 3914/5
f 3920/5 3918/5 3915/5
f 3977/5 3978/5 3982/5 3981/5
f 3985/5 3978/5 3977/5
f 3986/5 3981/5 3982/5
f 3978/5 3979/5 3983/5 3982/5
f 3985/5 3979/5 3978/5
f 3986/5 3982/5 3983/5
f 3979/5 3980/5 3984/5 3983/5
f 3985/5 3980/5 3979/5
f 3986/5 3983/5 3984/5
f 3980/5 3977/5 3981/5 3984/5
f 3985/5 3977/5 3980/5
f 3986/5 3984/5 3981/5
f 4035/5 4036/5 4040/5 4039/5
f 4043/5 4036/5 4035/5
f 4044/5 4039/5 4040/5
f 4036/5 4037/5 4041/5 4040/5
f 4043/5 4037/5 4036/5
f 4044/5 4040/5 4041/5
f 4037/5 4038/5 4042/5 4041/5
f 4043/5 4038/5 4037/5
f 4044/5 4041/5 4042/5
f 4038/5 4035/5 4039/5 4042/5
f 4043/5 4035/5 4038/5
f 4044/5 4042/5 4039/5
f 4069/5 4070/5 4075/5 4074/5
f 4079/5 4070/5 4069/5
f 4080/5 4074/5 4075/5
f 4070/5 4071/5 4076/5 4075/5
f 4079/5 4071/5 4070/5
f 4080/5 4075/5 4076/5
f 4071/5 4072/5 4077/5 4076/5
f 4079/5 4072/5 4071/5
f 4080/5 4076/5 4077/5
f 4072/5 4073/5 4078/5 4077/5
f 4079/5 4073/5 4072/5
f 4080/5 4077/5 4078/5
f 4073/5 4069/5 4074/5 4078/5
f 4079/5 4069/5 4073/5
f 4080/5 4078/5 4074/5
f 4081/5 4082/5 4087/5 4086/5
f 4091/5 4082/5 4081/5
f 4092/5 4086/5 4087/5
f 4082/5 4083/5 4088/5 4087/5
f 4091/5 4083/5 4082/5
f 4092/5 4087/5 4088/5
f 4083/5 4084/5 4089/5 4088/5
f 4091/5 4084/5 4083/5
f 4092/5 4088/5 4089/5
f 4084/5 4085/5 4090/5 4089/5
f 4091/5 4085/5 4084/5
f 4092/5 4089/5 4090/5
f 4085/5 4081/5 4086/5 4090/5
f 4091/5 4081/5 4085/5
f 4092/5 4090/5 4086/5
f 4093/5 4094/5 4098/5 4097/5
f 4101/5 4094/5 4093/5
f 4102/5 4097/5 4098/5
f 4094/5 4095/5 4099/5 4098/5
f 4101/5 4095/5 4094/5
f 4102/5 4098/5 4099/5
f 4095/5 4096/5 4100/5 4099/5
f 4101/5 4096/5 4095/5
f 4102/5 4099/5 4100/5
f 4096/5 4093/5 4097/5 4100/5
f 4101/5 4093/5 4096/5
f 4102/5 4100/5 4097/5
f 4135/5 4136/5 4140/5 4139/5
f 4143/5 4136/5 4135/5
f 4144/5 4139/5 4140/5
f 4136/5 4137/5 4141/5 4140/5
f 4143/5 4137/5 4136/5
f 4144/5 4140/5 4141/5
f 4137/5 4138/5 4142/5 4141/5
f 4143/5 4138/5 4137/5
f 4144/5 4141/5 4142/5
f 4138/5 4135/5 4139/5 4142/5
f 4143/5 4135/5 4138/5
f 4144/5 4142/5 4139/5
f 4193/5 4194/5 4198/5 4197/5
f 4201/5 4194/5 4193/5
f 4202/5 4197/5 4198/5
f 4194/5 4195/5 4199/5 4198/5
f 4201/5 4195/5 4194/5
f 4202/5 4198/5 4199/5
f 4195/5 4196/5 4200/5 4199/5
f 4201/5 4196/5 4195/5
f 4202/5 4199/5 4200/5
f 4196/5 4193/5 4197/5 4200/5
f 4201/5 4193/5 4196/5
f 4202/5 4200/5 4197/5
f 4251/5 4252/5 4256/5 4255/5
f 4259/5 4252/5 4251/5
f 4260/5 4255/5 4256/5
f 4252/5 4253/5 4257/5 4256/5
f 4259/5 4253/5 4252/5
f 4260/5 4256/5 4257/5
f 4253/5 4254/5 4258/5 4257/5
f 4259/5 4254/5 4253/5
f 4260/5 4257/5 4258/5
f 4254/5 4251/5 4255/5 4258/5
f 4259/5 4251/5 4254/5
f 4260/5 4258/5 4255/5
f 4261/5 4262/5 4267/5 4266/5
f 4271/5 4262/5 4261/5
f 4272/5 4266/5 4267/5
f 4262/5 4263/5 4268/5 4267/5
f 4271/5 4263/5 4262/5
f 4272/5 4267/5 4268/5
f 4263/5 4264/5 4269/5 4268/5
f 4271/5 4264/5 4263/5
f 4272/5 4268/5 4269/5
f 4264/5 4265/5 4270/5 4269/5
f 4271/5 4265/5 4264/5
f 4272/5 4269/5 4270/5
f 4265/5 4261/5 4266/5 4270/5
f 4271/5 4261/5 4265/5
f 4272/5 4270/5 4266/5
f 4273/5 4274/5 4279/5 4278/5
f 4283/5 4274/5 4273/5
f 4284/5 4278/5 4279/5
f 4274/5 4275/5 4280/5 4279/5
f 4283/5 4275/5 4274/5
f 4284/5 4279/5 4280/5
f 4275/5 4276/5 4281/5 4280/5
f 4283/5 4276/5 4275/5
f 4284/5 4280/5 4281/5
f 4276/5 4277/5 4282/5 4281/5
f 4283/5 4277/5 4276/5
f 4284/5 4281/5 4282/5
f 4277/5 4273/5 4278/5 4282/5
f 4283/5 4273/5 4277/5
f 4284/5 4282/5 4278/5
f 4341/5 4342/5 4346/5 4345/5
f 4349/5 4342/5 4341/5
f 4350/5 4345/5 4346/5
f 4342/5 4343/5 4347/5 4346/5
f 4349/5 4343/5 4342/5
f 4350/5 4346/5 4347/5
f 4343/5 4344/5 4348/5 4347/5
f 4349/5 4344/5 4343/5
f 4350/5 4347/5 4348/5
f 4344/5 4341/5 4345/5 4348/5
f 4349/5 4341/5 4344/5
f 4350/5 4348/5 4345/5
f 4399/5 4400/5 4404/5 4403/5
f 4407/5 4400/5 4399/5
f 4408/5 4403/5 4404/5
f 4400/5 4401/5 4405/5 4404/5
f 4407/5 4401/5 4400/5
f 4408/5 4404/5 4405/5
f 4401/5 4402/5 4406/5 4405/5
f 4407/5 4402/5 4401/5
f 4408/5 4405/5 4406/5
f 4402/5 4399/5 4403/5 4406/5
f 4407/5 4399/5 4402/5
f 4408/5 4406/5 4403/5
f 4457/5 4458/5 4462/5 4461/5
f 4465/5 4458/5 4457/5
f 4466/5 4461/5 4462/5
f 4458/5 4459/5 4463/5 4462/5
f 4465/5 4459/5 4458/5
f 4466/5 4462/5 4463/5
f 4459/5 4460/5 4464/5 4463/5
f 4465/5 4460/5 4459/5
f 4466/5 4463/5 4464/5
f 4460/5 4457/5 4461/5 4464/5
f 4465/5 4457/5 4460/5
f 4466/5 4464/5 4461/5
f 4515/5 4516/5 4520/5 4519/5
f 4523/5 4516/5 4515/5
f 4524/5 4519/5 4520/5
f 4516/5 4517/5 4521/5 4520/5
f 4523/5 4517/5 4516/5
f 4524/5 4520/5 4521/5
f 4517/5 4518/5 4522/5 4521/5
f 4523/5 4518/5 4517/5
f 4524/5 4521/5 4522/5
f 4518/5 4515/5 4519/5 4522/5
f 4523/5 4515/5 4518/5
f 4524/5 4522/5 4519/5
f 4573/5 4574/5 4578/5 4577/5
f 4581/5 4574/5 4573/5
f 4582/5 4577/5 4578/5
f 4574/5 4575/5 4579/5 4578/5
f 4581/5 4575/5 4574/5
f 4582/5 4578/5 4579/5
f 4575/5 4576/5 4580/5 4579/5
f 4581/5 4576/5 4575/5
f 4582/5 4579/5 4580/5
f 4576/5 4573/5 4577/5 4580/5
f 4581/5 4573/5 4576/5
f 4582/5 4580/5 4577/5
f 4631/5 4632/5 4636/5 4635/5
f 4639/5 4632/5 4631/5
f 4640/5 4635/5 4636/5
f 4632/5 4633/5 4637/5 4636/5
f 4639/5 4633/5 4632/5
f 4640/5 4636/5 4637/5
f 4633/5 4634/5 4638/5 4637/5
f 4639/5 4634/5 4633/5
f 4640/5 4637/5 4638/5
f 4634/5 4631/5 4635/5 4638/5
f 4639/5 4631/5 4634/5
f 4640/5 4638/5 4635/5
f 4689/5 4690/5 4694/5 4693/5
f 4697/5 4690/5 4689/5
f 4698/5 4693/5 4694/5
f 4690/5 4691/5 4695/5 4694/5
f 4697/5 4691/5 4690/5
f 4698/5 4694/5 4695/5
f 4691/5 4692/5 4696/5 4695/5
f 4697/5 4692/5 4691/5
f 4698/5 4695/5 4696/5
f 4692/5 4689/5 4693/5 4696/5
f 4697/5 4689/5 4692/5
f 4698/5 4696/5 4693/5
f 4747/5 4748/5 4752/5 4751/5
f 4755/5 4748/5 4747/5
f 4756/5 4751/5 4752/5
f 4748/5 4749/5 4753/5 4752/5
f 4755/5 4749/5 4748/5
f 4756/5 4752/5 4753/5
f 4749/5 4750/5 4754/5 4753/5
f 4755/5 4750/5 4749/5
f 4756/5 4753/5 4754/5
f 4750/5 4747/5 4751/5 4754/5
f 4755/5 4747/5 4750/5
f 4756/5 4754/5 4751/5
f 4805/5 4806/5 4810/5 4809/5
f 4813/5 4806/5 4805/5
f 4814/5 4809/5 4810/5
f 4806/5 4807/5 4811/5 4810/5
f 4813/5 4807/5 4806/5
f 4814/5 4810/5 4811/5
f 4807/5 4808/5 4812/5 4811/5
f 4813/5 4808/5 4807/5
f 4814/5 4811/5 4812/5
f 4808/5 4805/5 4809/5 4812/5
f 4813/5 4805/5 4808/5
f 4814/5 4812/5 4809/5
f 4855/5 4856/5 4862/5 4861/5
f 4867/5 4856/5 4855/5
f 4868/5 4861/5 4862/5
f 4856/5 4857/5 4863/5 4862/5
f 4867/5 4857/5 4856/5
f 4868/5 4862/5 4863/5
f 4857/5 4858/5 4864/5 4863/5
f 4867/5 4858/5 4857/5
f 4868/5 4863/5 4864/5
f 4858/5 4859/5 4865/5 4864/5
f 4867/5 4859/5 4858/5
f 4868/5 4864/5 4865/5
f 4859/5 4860/5 4866/5 4865/5
f 4867/5 4860/5 4859/5
f 4868/5 4865/5 4866/5
f 4860/5 4855/5 4861/5 4866/5
f 4867/5 4855/5 4860/5
f 4868/5 4866/5 4861/5
f 4869/5 4870/5 4876/5 4875/5
f 4881/5 4870/5 4869/5
f 4882/5 4875/5 4876/5
f 4870/5 4871/5 4877/5 4876/5
f 4881/5 4871/5 4870/5
f 4882/5 4876/5 4877/5
f 4871/5 4872/5 4878/5 4877/5
f 4881/5 4872/5 4871/5
f 4882/5 4877/5 4878/5
f 4872/5 4873/5 4879/5 4878/5
f 4881/5 4873/5 4872/5
f 4882/5 4878/5 4879/5
f 4873/5 4874/5 4880/5 4879/5
f 4881/5 4874/5 4873/5
f 4882/5 4879/5 4880/5
f 4874/5 4869/5 4875/5 4880/5
f 4881/5 4869/5 4874/5
f 4882/5 4880/5 4875/5
f 4883/5 4884/5 4890/5 4889/5
f 4895/5 4884/5 4883/5
f 4896/5 4889/5 4890/5
f 4884/5 4885/5 4891/5 4890/5
f 4895/5 4885/5 4884/5
f 4896/5 4890/5 4891/5
f 4885/5 4886/5 4892/5 4891/5
f 4895/5 4886/5 4885/5
f 4896/5 4891/5 4892/5
f 4886/5 4887/5 4893/5 4892/5
f 4895/5 4887/5 4886/5
f 4896/5 4892/5 4893/5
f 4887/5 4888/5 4894/5 4893/5
f 4895/5 4888/5 4887/5
f 4896/5 4893/5 4894/5
f 4888/5 4883/5 4889/5 4894/5
f 4895/5 4883/5 4888/5
f 4896/5 4894/5 4889/5
f 4897/5 4898/5 4904/5 4903/5
f 4909/5 4898/5 4897/5
f 4910/5 4903/5 4904/5
f 4898/5 4899/5 4905/5 4904/5
f 4909/5 4899/5 4898/5
f 4910/5 4904/5 4905/5
f 4899/5 4900/5 4906/5 4905/5
f 4909/5 4900/5 4899/5
f 4910/5 4905/5 4906/5
f 4900/5 4901/5 4907/5 4906/5
f 4909/5 4901/5 4900/5
f 4910/5 4906/5 4907/5
f 4901/5 4902/5 4908/5 4907/5
f 4909/5 4902/5 4901/5
f 4910/5 4907/5 4908/5
f 4902/5 4897/5 4903/5 4908/5
f 4909/5 4897/5 4902/5
f 4910/5 4908/5 4903/5
f 4911/5 4912/5 4918/5 4917/5
f 4923/5 4912/5 4911/5
f 4924/5 4917/5 4918/5
f 4912/5 4913/5 4919/5 4918/5
f 4923/5 4913/5 4912/5
f 4924/5 4918/5 4919/5
f 4913/5 4914/5 4920/5 4919/5
f 4923/5 4914/5 4913/5
f 4924/5 4919/5 4920/5
f 4914/5 4915/5 4921/5 4920/5
f 4923/5 4915/5 4914/5
f 4924/5 4920/5 4921/5
f 4915/5 4916/5 4922/5 4921/5
f 4923/5 4916/5 4915/5
f 4924/5 4921/5 4922/5
f 4916/5 4911/5 4917/5 4922/5
f 4923/5 4911/5 4916/5
f 4924/5 4922/5 4917/5
f 4925/5 4926/5 4932/5 4931/5
f 4937/5 4926/5 4925/5
f 4938/5 4931/5 4932/5
f 4926/5 4927/5 4933/5 4932/5
f 4937/5 4927/5 4926/5
f 4938/5 4932/5 4933/5
f 4927/5 4928/5 4934/5 4933/5
f 4937/5 4928/5 4927/5
f 4938/5 4933/5 4934/5
f 4928/5 4929/5 4935/5 4934/5
f 4937/5 4929/5 4928/5
f 4938/5 4934/5 4935/5
f 4929/5 4930/5 4936/5 4935/5
f 4937/5 4930/5 4929/5
f 4938/5 4935/5 4936/5
f 4930/5 4925/5 4931/5 4936/5
f 4937/5 4925/5 4930/5
f 4938/5 4936/5 4931/5
f 4939/5 4940/5 4946/5 4945/5
f 4951/5 4940/5 4939/5
f 4952/5 4945/5 4946/5
f 4940/5 4941/5 4947/5 4946/5
f 4951/5 4941/5 4940/5
f 4952/5 4946/5 4947/5
f 4941/5 4942/5 4948/5 4947/5
f 4951/5 4942/5 4941/5
f 4952/5 4947/5 4948/5
f 4942/5 4943/5 4949/5 4948/5
f 4951/5 4943/5 4942/5
f 4952/5 4948/5 4949/5
f 4943/5 4944/5 4950/5 4949/5
f 4951/5 4944/5 4943/5
f 4952/5 4949/5 4950/5
f 4944/5 4939/5 4945/5 4950/5
f 4951/5 4939/5 4944/5
f 4952/5 4950/5 4945/5
f 4953/5 4954/5 4960/5 4959/5
f 4965/5 4954/5 4953/5
f 4966/5 4959/5 4960/5
f 4954/5 4955/5 4961/5 4960/5
f 4965/5 4955/5 4954/5
f 4966/5 4960/5 4961/5
f 4955/5 4956/5 4962/5 4961/5
f 4965/5 4956/5 4955/5
f 4966/5 4961/5 4962/5
f 4956/5 4957/5 4963/5 4962/5
f 4965/5 4957/5 4956/5
f 4966/5 4962/5 4963/5
f 4957/5 4958/5 4964/5 4963/5
f 4965/5 4958/5 4957/5
f 4966/5 4963/5 4964/5
f 4958/5 4953/5 4959/5 4964/5
f 4965/5 4953/5 4958/5
f 4966/5 4964/5 4959/5
f 4967/5 4970/5 4969/5 4968/5
f 4971/5 4972/5 4973/5 4974/5
f 4967/5 4971/5 4974/5 4970/5
f 4968/5 4969/5 4973/5 4972/5
f 4967/5 4968/5 4972/5 4971/5
f 4970/5 4974/5 4973/5 4969/5
f 4983/5 4986/5 4985/5 4984/5
f 4987/5 4988/5 4989/5 4990/5
f 4983/5 4987/5 4990/5 4986/5
f 4984/5 4985/5 4989/5 4988/5
f 4983/5 4984/5 4988/5 4987/5
f 4986/5 4990/5 4989/5 4985/5
f 4999/5 5002/5 5001/5 5000/5
f 5003/5 5004/5 5005/5 5006/5
f 4999/5 5003/5 5006/5 5002/5
f 5000/5 5001/5 5005/5 5004/5
f 4999/5 5000/5 5004/5 5003/5
f 5002/5 5006/5 5005/5 5001/5
f 5015/5 5018/5 5017/5 5016/5
f 5019/5 5020/5 5021/5 5022/5
f 5015/5 5019/5 5022/5 5018/5
f 5016/5 5017/5 5021/5 5020/5
f 5015/5 5016/5 5020/5 5019/5
f 5018/5 5022/5 5021/5 5017/5
usemtl faded_cream
f 1069/7 1072/7 1071/7 1070/7
f 1073/7 1074/7 1075/7 1076/7
f 1069/7 1073/7 1076/7 1072/7
f 1070/7 1071/7 1075/7 1074/7
f 1069/7 1070/7 1074/7 1073/7
f 1072/7 1076/7 1075/7 1071/7
f 1269/7 1272/7 1271/7 1270/7
f 1273/7 1274/7 1275/7 1276/7
f 1269/7 1273/7 1276/7 1272/7
f 1270/7 1271/7 1275/7 1274/7
f 1269/7 1270/7 1274/7 1273/7
f 1272/7 1276/7 1275/7 1271/7
f 1467/7 1470/7 1469/7 1468/7
f 1471/7 1472/7 1473/7 1474/7
f 1467/7 1471/7 1474/7 1470/7
f 1468/7 1469/7 1473/7 1472/7
f 1467/7 1468/7 1472/7 1471/7
f 1470/7 1474/7 1473/7 1469/7
f 1667/7 1670/7 1669/7 1668/7
f 1671/7 1672/7 1673/7 1674/7
f 1667/7 1671/7 1674/7 1670/7
f 1668/7 1669/7 1673/7 1672/7
f 1667/7 1668/7 1672/7 1671/7
f 1670/7 1674/7 1673/7 1669/7
f 1865/7 1868/7 1867/7 1866/7
f 1869/7 1870/7 1871/7 1872/7
f 1865/7 1869/7 1872/7 1868/7
f 1866/7 1867/7 1871/7 1870/7
f 1865/7 1866/7 1870/7 1869/7
f 1868/7 1872/7 1871/7 1867/7
f 2073/7 2076/7 2075/7 2074/7
f 2077/7 2078/7 2079/7 2080/7
f 2073/7 2077/7 2080/7 2076/7
f 2074/7 2075/7 2079/7 2078/7
f 2073/7 2074/7 2078/7 2077/7
f 2076/7 2080/7 2079/7 2075/7
f 2263/7 2266/7 2265/7 2264/7
f 2267/7 2268/7 2269/7 2270/7
f 2263/7 2267/7 2270/7 2266/7
f 2264/7 2265/7 2269/7 2268/7
f 2263/7 2264/7 2268/7 2267/7
f 2266/7 2270/7 2269/7 2265/7
f 2455/7 2458/7 2457/7 2456/7
f 2459/7 2460/7 2461/7 2462/7
f 2455/7 2459/7 2462/7 2458/7
f 2456/7 2457/7 2461/7 2460/7
f 2455/7 2456/7 2460/7 2459/7
f 2458/7 2462/7 2461/7 2457/7
f 2637/7 2640/7 2639/7 2638/7
f 2641/7 2642/7 2643/7 2644/7
f 2637/7 2641/7 2644/7 2640/7
f 2638/7 2639/7 2643/7 2642/7
f 2637/7 2638/7 2642/7 2641/7
f 2640/7 2644/7 2643/7 2639/7
f 2829/7 2832/7 2831/7 2830/7
f 2833/7 2834/7 2835/7 2836/7
f 2829/7 2833/7 2836/7 2832/7
f 2830/7 2831/7 2835/7 2834/7
f 2829/7 2830/7 2834/7 2833/7
f 2832/7 2836/7 2835/7 2831/7
f 3011/7 3014/7 3013/7 3012/7
f 3015/7 3016/7 3017/7 3018/7
f 3011/7 3015/7 3018/7 3014/7
f 3012/7 3013/7 3017/7 3016/7
f 3011/7 3012/7 3016/7 3015/7
f 3014/7 3018/7 3017/7 3013/7
f 3193/7 3196/7 3195/7 3194/7
f 3197/7 3198/7 3199/7 3200/7
f 3193/7 3197/7 3200/7 3196/7
f 3194/7 3195/7 3199/7 3198/7
f 3193/7 3194/7 3198/7 3197/7
f 3196/7 3200/7 3199/7 3195/7
f 3365/7 3368/7 3367/7 3366/7
f 3369/7 3370/7 3371/7 3372/7
f 3365/7 3369/7 3372/7 3368/7
f 3366/7 3367/7 3371/7 3370/7
f 3365/7 3366/7 3370/7 3369/7
f 3368/7 3372/7 3371/7 3367/7
f 3547/7 3550/7 3549/7 3548/7
f 3551/7 3552/7 3553/7 3554/7
f 3547/7 3551/7 3554/7 3550/7
f 3548/7 3549/7 3553/7 3552/7
f 3547/7 3548/7 3552/7 3551/7
f 3550/7 3554/7 3553/7 3549/7
f 3729/7 3732/7 3731/7 3730/7
f 3733/7 3734/7 3735/7 3736/7
f 3729/7 3733/7 3736/7 3732/7
f 3730/7 3731/7 3735/7 3734/7
f 3729/7 3730/7 3734/7 3733/7
f 3732/7 3736/7 3735/7 3731/7
f 3921/7 3924/7 3923/7 3922/7
f 3925/7 3926/7 3927/7 3928/7
f 3921/7 3925/7 3928/7 3924/7
f 3922/7 3923/7 3927/7 3926/7
f 3921/7 3922/7 3926/7 3925/7
f 3924/7 3928/7 3927/7 3923/7
f 4103/7 4106/7 4105/7 4104/7
f 4107/7 4108/7 4109/7 4110/7
f 4103/7 4107/7 4110/7 4106/7
f 4104/7 4105/7 4109/7 4108/7
f 4103/7 4104/7 4108/7 4107/7
f 4106/7 4110/7 4109/7 4105/7
f 4285/7 4288/7 4287/7 4286/7
f 4289/7 4290/7 4291/7 4292/7
f 4285/7 4289/7 4292/7 4288/7
f 4286/7 4287/7 4291/7 4290/7
f 4285/7 4286/7 4290/7 4289/7
f 4288/7 4292/7 4291/7 4287/7
f 5031/7 5032/7 5052/7
f 5046/7 5045/7 5053/7
f 5032/7 5033/7 5052/7
f 5047/7 5046/7 5053/7
f 5033/7 5034/7 5052/7
f 5048/7 5047/7 5053/7
f 5034/7 5035/7 5052/7
f 5049/7 5048/7 5053/7
f 5035/7 5036/7 5052/7
f 5050/7 5049/7 5053/7
f 5036/7 5037/7 5052/7
f 5051/7 5050/7 5053/7
f 5037/7 5031/7 5052/7
f 5045/7 5051/7 5053/7
f 5038/7 5039/7 5032/7 5031/7
f 5039/7 5040/7 5033/7 5032/7
f 5040/7 5041/7 5034/7 5033/7
f 5041/7 5042/7 5035/7 5034/7
f 5042/7 5043/7 5036/7 5035/7
f 5043/7 5044/7 5037/7 5036/7
f 5044/7 5038/7 5031/7 5037/7
f 5045/7 5046/7 5039/7 5038/7
f 5046/7 5047/7 5040/7 5039/7
f 5047/7 5048/7 5041/7 5040/7
f 5048/7 5049/7 5042/7 5041/7
f 5049/7 5050/7 5043/7 5042/7
f 5050/7 5051/7 5044/7 5043/7
f 5051/7 5045/7 5038/7 5044/7
f 5054/7 5055/7 5075/7
f 5069/7 5068/7 5076/7
f 5055/7 5056/7 5075/7
f 5070/7 5069/7 5076/7
f 5056/7 5057/7 5075/7
f 5071/7 5070/7 5076/7
f 5057/7 5058/7 5075/7
f 5072/7 5071/7 5076/7
f 5058/7 5059/7 5075/7
f 5073/7 5072/7 5076/7
f 5059/7 5060/7 5075/7
f 5074/7 5073/7 5076/7
f 5060/7 5054/7 5075/7
f 5068/7 5074/7 5076/7
f 5061/7 5062/7 5055/7 5054/7
f 5062/7 5063/7 5056/7 5055/7
f 5063/7 5064/7 5057/7 5056/7
f 5064/7 5065/7 5058/7 5057/7
f 5065/7 5066/7 5059/7 5058/7
f 5066/7 5067/7 5060/7 5059/7
f 5067/7 5061/7 5054/7 5060/7
f 5068/7 5069/7 5062/7 5061/7
f 5069/7 5070/7 5063/7 5062/7
f 5070/7 5071/7 5064/7 5063/7
f 5071/7 5072/7 5065/7 5064/7
f 5072/7 5073/7 5066/7 5065/7
f 5073/7 5074/7 5067/7 5066/7
f 5074/7 5068/7 5061/7 5067/7
f 5077/7 5078/7 5098/7
f 5092/7 5091/7 5099/7
f 5078/7 5079/7 5098/7
f 5093/7 5092/7 5099/7
f 5079/7 5080/7 5098/7
f 5094/7 5093/7 5099/7
f 5080/7 5081/7 5098/7
f 5095/7 5094/7 5099/7
f 5081/7 5082/7 5098/7
f 5096/7 5095/7 5099/7
f 5082/7 5083/7 5098/7
f 5097/7 5096/7 5099/7
f 5083/7 5077/7 5098/7
f 5091/7 5097/7 5099/7
f 5084/7 5085/7 5078/7 5077/7
f 5085/7 5086/7 5079/7 5078/7
f 5086/7 5087/7 5080/7 5079/7
f 5087/7 5088/7 5081/7 5080/7
f 5088/7 5089/7 5082/7 5081/7
f 5089/7 5090/7 5083/7 5082/7
f 5090/7 5084/7 5077/7 5083/7
f 5091/7 5092/7 5085/7 5084/7
f 5092/7 5093/7 5086/7 5085/7
f 5093/7 5094/7 5087/7 5086/7
f 5094/7 5095/7 5088/7 5087/7
f 5095/7 5096/7 5089/7 5088/7
f 5096/7 5097/7 5090/7 5089/7
f 5097/7 5091/7 5084/7 5090/7
usemtl gold
f 1193/4 1196/4 1195/4 1194/4
f 1197/4 1198/4 1199/4 1200/4
f 1193/4 1197/4 1200/4 1196/4
f 1194/4 1195/4 1199/4 1198/4
f 1193/4 1194/4 1198/4 1197/4
f 1196/4 1200/4 1199/4 1195/4
f 1335/4 1338/4 1337/4 1336/4
f 1339/4 1340/4 1341/4 1342/4
f 1335/4 1339/4 1342/4 1338/4
f 1336/4 1337/4 1341/4 1340/4
f 1335/4 1336/4 1340/4 1339/4
f 1338/4 1342/4 1341/4 1337/4
f 1425/4 1428/4 1427/4 1426/4
f 1429/4 1430/4 1431/4 1432/4
f 1425/4 1429/4 1432/4 1428/4
f 1426/4 1427/4 1431/4 1430/4
f 1425/4 1426/4 1430/4 1429/4
f 1428/4 1432/4 1431/4 1427/4
f 1567/4 1570/4 1569/4 1568/4
f 1571/4 1572/4 1573/4 1574/4
f 1567/4 1571/4 1574/4 1570/4
f 1568/4 1569/4 1573/4 1572/4
f 1567/4 1568/4 1572/4 1571/4
f 1570/4 1574/4 1573/4 1569/4
f 1699/4 1702/4 1701/4 1700/4
f 1703/4 1704/4 1705/4 1706/4
f 1699/4 1703/4 1706/4 1702/4
f 1700/4 1701/4 1705/4 1704/4
f 1699/4 1700/4 1704/4 1703/4
f 1702/4 1706/4 1705/4 1701/4
f 1799/4 1802/4 1801/4 1800/4
f 1803/4 1804/4 1805/4 1806/4
f 1799/4 1803/4 1806/4 1802/4
f 1800/4 1801/4 1805/4 1804/4
f 1799/4 1800/4 1804/4 1803/4
f 1802/4 1806/4 1805/4 1801/4
f 1931/4 1934/4 1933/4 1932/4
f 1935/4 1936/4 1937/4 1938/4
f 1931/4 1935/4 1938/4 1934/4
f 1932/4 1933/4 1937/4 1936/4
f 1931/4 1932/4 1936/4 1935/4
f 1934/4 1938/4 1937/4 1933/4
f 2031/4 2034/4 2033/4 2032/4
f 2035/4 2036/4 2037/4 2038/4
f 2031/4 2035/4 2038/4 2034/4
f 2032/4 2033/4 2037/4 2036/4
f 2031/4 2032/4 2036/4 2035/4
f 2034/4 2038/4 2037/4 2033/4
f 2163/4 2166/4 2165/4 2164/4
f 2167/4 2168/4 2169/4 2170/4
f 2163/4 2167/4 2170/4 2166/4
f 2164/4 2165/4 2169/4 2168/4
f 2163/4 2164/4 2168/4 2167/4
f 2166/4 2170/4 2169/4 2165/4
f 4847/4 4850/4 4849/4 4848/4
f 4851/4 4852/4 4853/4 4854/4
f 4847/4 4851/4 4854/4 4850/4
f 4848/4 4849/4 4853/4 4852/4
f 4847/4 4848/4 4852/4 4851/4
f 4850/4 4854/4 4853/4 4849/4
f 4975/4 4978/4 4977/4 4976/4
f 4979/4 4980/4 4981/4 4982/4
f 4975/4 4979/4 4982/4 4978/4
f 4976/4 4977/4 4981/4 4980/4
f 4975/4 4976/4 4980/4 4979/4
f 4978/4 4982/4 4981/4 4977/4
f 4991/4 4994/4 4993/4 4992/4
f 4995/4 4996/4 4997/4 4998/4
f 4991/4 4995/4 4998/4 4994/4
f 4992/4 4993/4 4997/4 4996/4
f 4991/4 4992/4 4996/4 4995/4
f 4994/4 4998/4 4997/4 4993/4
f 5007/4 5010/4 5009/4 5008/4
f 5011/4 5012/4 5013/4 5014/4
f 5007/4 5011/4 5014/4 5010/4
f 5008/4 5009/4 5013/4 5012/4
f 5007/4 5008/4 5012/4 5011/4
f 5010/4 5014/4 5013/4 5009/4
f 5023/4 5026/4 5025/4 5024/4
f 5027/4 5028/4 5029/4 5030/4
f 5023/4 5027/4 5030/4 5026/4
f 5024/4 5025/4 5029/4 5028/4
f 5023/4 5024/4 5028/4 5027/4
f 5026/4 5030/4 5029/4 5025/4
f 5110/4 5111/4 5134/4
f 5127/4 5126/4 5135/4
f 5111/4 5112/4 5134/4
f 5128/4 5127/4 5135/4
f 5112/4 5113/4 5134/4
f 5129/4 5128/4 5135/4
f 5113/4 5114/4 5134/4
f 5130/4 5129/4 5135/4
f 5114/4 5115/4 5134/4
f 5131/4 5130/4 5135/4
f 5115/4 5116/4 5134/4
f 5132/4 5131/4 5135/4
f 5116/4 5117/4 5134/4
f 5133/4 5132/4 5135/4
f 5117/4 5110/4 5134/4
f 5126/4 5133/4 5135/4
f 5118/4 5119/4 5111/4 5110/4
f 5119/4 5120/4 5112/4 5111/4
f 5120/4 5121/4 5113/4 5112/4
f 5121/4 5122/4 5114/4 5113/4
f 5122/4 5123/4 5115/4 5114/4
f 5123/4 5124/4 5116/4 5115/4
f 5124/4 5125/4 5117/4 5116/4
f 5125/4 5118/4 5110/4 5117/4
f 5126/4 5127/4 5119/4 5118/4
f 5127/4 5128/4 5120/4 5119/4
f 5128/4 5129/4 5121/4 5120/4
f 5129/4 5130/4 5122/4 5121/4
f 5130/4 5131/4 5123/4 5122/4
f 5131/4 5132/4 5124/4 5123/4
f 5132/4 5133/4 5125/4 5124/4
f 5133/4 5126/4 5118/4 5125/4
usemtl cream
f 4839/1 4842/1 4841/1 4840/1
f 4843/1 4844/1 4845/1 4846/1
f 4839/1 4843/1 4846/1 4842/1
f 4840/1 4841/1 4845/1 4844/1
f 4839/1 4840/1 4844/1 4843/1
f 4842/1 4846/1 4845/1 4841/1
