# ParkParkCoasterTrack — ParkPark original fairground mesh
mtllib ParkParkFairground.mtl
o ParkParkCoasterTrack
v -7.92455 1.20000 -7.12324
v -7.93788 1.07649 -7.21225
v -7.94819 1.12367 -7.35725
v -7.94124 1.27633 -7.35785
v -7.92663 1.32351 -7.21322
v -7.27100 1.17001 -7.17948
v -7.28433 1.04650 -7.26849
v -7.29464 1.09367 -7.41349
v -7.28769 1.24634 -7.41409
v -7.27308 1.29351 -7.26946
v -7.93570 1.20000 -7.25276
v -7.28215 1.17001 -7.30900
v -8.05316 1.20000 -8.61772
v -8.06649 1.07649 -8.70673
v -8.07680 1.12367 -8.85172
v -8.06984 1.27633 -8.85232
v -8.05523 1.32351 -8.70770
v -7.39961 1.17001 -8.67396
v -7.41294 1.04650 -8.76297
v -7.42325 1.09367 -8.90796
v -7.41629 1.24634 -8.90856
v -7.40168 1.29351 -8.76394
v -8.06430 1.20000 -8.74724
v -7.41075 1.17001 -8.80348
v -7.85738 1.20000 -7.15913
v -7.92712 1.13000 -7.15313
v -7.99687 1.20000 -7.14713
v -7.92712 1.27000 -7.15313
v -8.00313 1.20000 -8.85287
v -8.07288 1.13000 -8.84687
v -8.14262 1.20000 -8.84087
v -8.07288 1.27000 -8.84687
v -7.92712 1.20000 -7.15313
v -8.07288 1.20000 -8.84687
v -7.30077 1.17001 -7.17743
v -7.30885 1.04642 -7.26696
v -7.31509 1.09362 -7.41217
v -7.31086 1.24639 -7.41239
v -7.30201 1.29360 -7.26731
v -6.64524 1.15183 -7.21150
v -6.65332 1.02824 -7.30103
v -6.65956 1.07545 -7.44625
v -6.65533 1.22821 -7.44647
v -6.64648 1.27542 -7.30139
v -7.30752 1.17001 -7.30725
v -6.65198 1.15183 -7.34133
v -7.37864 1.17001 -8.67540
v -7.38672 1.04642 -8.76493
v -7.39296 1.09362 -8.91015
v -7.38873 1.24639 -8.91037
v -7.37988 1.29360 -8.76529
v -6.72310 1.15183 -8.70948
v -6.73118 1.02824 -8.79901
v -6.73742 1.07545 -8.94423
v -6.73320 1.22821 -8.94444
v -6.72435 1.27542 -8.79936
v -7.38538 1.17001 -8.80523
v -6.72985 1.15183 -8.83930
v -6.66848 1.15183 -7.21060
v -6.67245 1.02821 -7.30036
v -6.67551 1.07543 -7.44567
v -6.67343 1.22824 -7.44572
v -6.66909 1.27546 -7.30044
v -6.01206 1.14290 -7.22735
v -6.01604 1.01928 -7.31710
v -6.01910 1.06650 -7.46242
v -6.01702 1.21931 -7.46247
v -6.01267 1.26653 -7.31719
v -6.67179 1.15183 -7.34056
v -6.01538 1.14290 -7.35730
v -6.70673 1.15183 -8.71011
v -6.71070 1.02821 -8.79987
v -6.71376 1.07543 -8.94518
v -6.71169 1.22824 -8.94524
v -6.70734 1.27546 -8.79996
v -6.05032 1.14290 -8.72686
v -6.05429 1.01928 -8.81661
v -6.05735 1.06650 -8.96193
v -6.05528 1.21931 -8.96198
v -6.05093 1.26653 -8.81670
v -6.71004 1.15183 -8.84007
v -6.05363 1.14290 -8.85682
v -6.59926 1.15183 -7.24238
v -6.66924 1.08183 -7.24059
v -6.73922 1.15183 -7.23881
v -6.66924 1.22183 -7.24059
v -6.64262 1.15183 -8.94182
v -6.71259 1.08183 -8.94004
v -6.78257 1.15183 -8.93825
v -6.71259 1.22183 -8.94004
v -6.66924 1.15183 -7.24059
v -6.71259 1.15183 -8.94004
v -6.02932 1.14290 -7.22708
v -6.03024 1.01926 -7.31690
v -6.03095 1.06649 -7.46224
v -6.03047 1.21931 -7.46225
v -6.02946 1.26654 -7.31690
v -5.37264 1.14084 -7.23094
v -5.37356 1.01720 -7.32077
v -5.37427 1.06443 -7.46611
v -5.37379 1.21725 -7.46611
v -5.37278 1.26447 -7.32077
v -6.03009 1.14290 -7.35707
v -5.37341 1.14084 -7.36094
v -6.03816 1.14290 -8.72705
v -6.03908 1.01926 -8.81687
v -6.03978 1.06649 -8.96222
v -6.03930 1.21931 -8.96222
v -6.03830 1.26654 -8.81688
v -5.38148 1.14084 -8.73092
v -5.38240 1.01720 -8.82074
v -5.38310 1.06443 -8.96608
v -5.38262 1.21725 -8.96609
v -5.38162 1.26447 -8.82075
v -6.03892 1.14290 -8.85705
v -5.38225 1.14084 -8.86092
v -5.38567 1.14084 -7.23096
v -5.38428 1.01720 -7.32078
v -5.38321 1.06443 -7.46612
v -5.38394 1.21725 -7.46613
v -5.38546 1.26447 -7.32079
v -4.72901 1.14396 -7.22511
v -4.72762 1.02032 -7.31493
v -4.72655 1.06755 -7.46027
v -4.72727 1.22037 -7.46028
v -4.72879 1.26760 -7.31494
v -5.38451 1.14084 -7.36096
v -4.72785 1.14396 -7.35510
v -5.37230 1.14084 -8.73090
v -5.37091 1.01720 -8.82072
v -5.36984 1.06443 -8.96606
v -5.37057 1.21725 -8.96607
v -5.37209 1.26447 -8.82073
v -4.71563 1.14396 -8.72505
v -4.71425 1.02032 -8.81487
v -4.71317 1.06755 -8.96021
v -4.71390 1.22037 -8.96022
v -4.71542 1.26760 -8.81488
v -5.37114 1.14084 -8.86090
v -4.71448 1.14396 -8.85505
v -5.31541 1.14084 -7.26034
v -5.38540 1.07084 -7.26096
v -5.45540 1.14084 -7.26159
v -5.38540 1.21084 -7.26096
v -5.30025 1.14084 -8.96027
v -5.37025 1.07084 -8.96090
v -5.44025 1.14084 -8.96152
v -5.37025 1.21084 -8.96090
v -5.38540 1.14084 -7.26096
v -5.37025 1.14084 -8.96090
v -4.73826 1.14396 -7.22524
v -4.73523 1.02033 -7.31503
v -4.73290 1.06755 -7.46035
v -4.73448 1.22037 -7.46038
v -4.73780 1.26759 -7.31508
v -4.08172 1.15077 -7.21248
v -4.07869 1.02713 -7.30227
v -4.07636 1.07436 -7.44759
v -4.07794 1.22717 -7.44762
v -4.08125 1.27440 -7.30232
v -4.73574 1.14396 -7.35522
v -4.07919 1.15077 -7.34246
v -4.70911 1.14396 -8.72496
v -4.70609 1.02033 -8.81474
v -4.70375 1.06755 -8.96007
v -4.70534 1.22037 -8.96010
v -4.70865 1.26759 -8.81479
v -4.05257 1.15077 -8.71220
v -4.04954 1.02713 -8.80198
v -4.04721 1.07436 -8.94731
v -4.04879 1.22717 -8.94734
v -4.05211 1.27440 -8.80203
v -4.70659 1.14396 -8.85493
v -4.05004 1.15077 -8.84217
v -4.08758 1.15077 -7.21261
v -4.08352 1.02714 -7.30237
v -4.08038 1.07436 -7.44768
v -4.08251 1.22717 -7.44773
v -4.08695 1.27439 -7.30246
v -3.43116 1.15990 -7.19548
v -3.42710 1.03628 -7.28523
v -3.42396 1.08350 -7.43055
v -3.42609 1.23631 -7.43060
v -3.43054 1.28353 -7.28532
v -4.08419 1.15077 -7.34257
v -3.42777 1.15990 -7.32544
v -4.04844 1.15077 -8.71210
v -4.04438 1.02714 -8.80186
v -4.04124 1.07436 -8.94717
v -4.04337 1.22717 -8.94722
v -4.04782 1.27439 -8.80195
v -3.39202 1.15990 -8.69497
v -3.38796 1.03628 -8.78472
v -3.38483 1.08350 -8.93004
v -3.38695 1.23631 -8.93009
v -3.39140 1.28353 -8.78481
v -4.04505 1.15077 -8.84206
v -3.38863 1.15990 -8.82493
v -4.01682 1.15077 -7.24078
v -4.08680 1.08077 -7.24260
v -4.15677 1.15077 -7.24443
v -4.08680 1.22077 -7.24260
v -3.97246 1.15077 -8.94020
v -4.04244 1.08077 -8.94203
v -4.11242 1.15077 -8.94385
v -4.04244 1.22077 -8.94203
v -4.08680 1.15077 -7.24260
v -4.04244 1.15077 -8.94203
v -3.43406 1.15990 -7.19556
v -3.42948 1.03628 -7.28529
v -3.42595 1.08350 -7.43060
v -3.42835 1.23631 -7.43067
v -3.43336 1.28353 -7.28541
v -2.77772 1.17019 -7.17627
v -2.77314 1.04657 -7.26600
v -2.76961 1.09379 -7.41130
v -2.77200 1.24660 -7.41137
v -2.77701 1.29382 -7.26611
v -3.43024 1.15990 -7.32551
v -2.77390 1.17019 -7.30621
v -3.38998 1.15990 -8.69491
v -3.38541 1.03628 -8.78465
v -3.38188 1.08350 -8.92995
v -3.38427 1.23631 -8.93002
v -3.38928 1.28353 -8.78476
v -2.73364 1.17019 -8.67562
v -2.72907 1.04657 -8.76535
v -2.72554 1.09379 -8.91066
v -2.72793 1.24660 -8.91073
v -2.73294 1.29382 -8.76547
v -3.38616 1.15990 -8.82486
v -2.72982 1.17019 -8.80556
v -2.77778 1.17019 -7.17627
v -2.77319 1.04657 -7.26600
v -2.76965 1.09379 -7.41130
v -2.77205 1.24660 -7.41138
v -2.77707 1.29382 -7.26612
v -2.12144 1.18051 -7.15693
v -2.11685 1.05688 -7.24666
v -2.11331 1.10410 -7.39197
v -2.11571 1.25691 -7.39204
v -2.12073 1.30413 -7.24678
v -2.77395 1.17019 -7.30621
v -2.11761 1.18051 -7.28688
v -2.73360 1.17019 -8.67562
v -2.72902 1.04657 -8.76535
v -2.72548 1.09379 -8.91065
v -2.72788 1.24660 -8.91072
v -2.73290 1.29382 -8.76547
v -2.07726 1.18051 -8.65628
v -2.07268 1.05688 -8.74601
v -2.06914 1.10410 -8.89132
v -2.07154 1.25691 -8.89139
v -2.07656 1.30413 -8.74613
v -2.72977 1.17019 -8.80556
v -2.07344 1.18051 -8.78623
v -2.70692 1.17019 -7.20420
v -2.77689 1.10019 -7.20626
v -2.84686 1.17019 -7.20832
v -2.77689 1.24019 -7.20626
v -2.65686 1.17019 -8.90346
v -2.72683 1.10019 -8.90552
v -2.79680 1.17019 -8.90758
v -2.72683 1.24019 -8.90552
v -2.77689 1.17019 -7.20626
v -2.72683 1.17019 -8.90552
v -2.11866 1.18051 -7.15686
v -2.11456 1.05688 -7.24661
v -2.11140 1.10410 -7.39192
v -2.11355 1.25691 -7.39197
v -2.11803 1.30413 -7.24670
v -1.46225 1.18971 -7.13959
v -1.45815 1.06609 -7.22934
v -1.45499 1.11331 -7.37465
v -1.45713 1.26612 -7.37471
v -1.46162 1.31334 -7.22943
v -2.11524 1.18051 -7.28681
v -1.45883 1.18971 -7.26955
v -2.07922 1.18051 -8.65634
v -2.07513 1.05688 -8.74609
v -2.07197 1.10410 -8.89140
v -2.07411 1.25691 -8.89146
v -2.07859 1.30413 -8.74618
v -1.42281 1.18971 -8.63907
v -1.41871 1.06609 -8.72882
v -1.41555 1.11331 -8.87414
v -1.41770 1.26612 -8.87419
v -1.42218 1.31334 -8.72892
v -2.07580 1.18051 -8.78629
v -1.41939 1.18971 -8.76903
v -1.45641 1.18971 -7.13946
v -1.45334 1.06608 -7.22924
v -1.45098 1.11331 -7.37457
v -1.45258 1.26612 -7.37460
v -1.45594 1.31334 -7.22929
v -0.79987 1.19660 -7.12655
v -0.79680 1.07297 -7.21634
v -0.79444 1.12019 -7.36166
v -0.79604 1.27300 -7.36169
v -0.79940 1.32023 -7.21639
v -1.45385 1.18971 -7.26943
v -0.79731 1.19660 -7.25653
v -1.42692 1.18971 -8.63917
v -1.42386 1.06608 -8.72895
v -1.42150 1.11331 -8.87428
v -1.42310 1.26612 -8.87431
v -1.42645 1.31334 -8.72900
v -0.77038 1.19660 -8.62626
v -0.76732 1.07297 -8.71605
v -0.76496 1.12019 -8.86137
v -0.76656 1.27300 -8.86140
v -0.76991 1.32023 -8.71610
v -1.42437 1.18971 -8.76914
v -0.76783 1.19660 -8.75624
v -1.38583 1.18971 -7.16808
v -1.45582 1.11971 -7.16945
v -1.52580 1.18971 -7.17083
v -1.45582 1.25971 -7.16945
v -1.35242 1.18971 -8.86775
v -1.42240 1.11971 -8.86912
v -1.49239 1.18971 -8.87050
v -1.42240 1.25971 -8.86912
v -1.45582 1.18971 -7.16945
v -1.42240 1.18971 -8.86912
v -0.79074 1.19660 -7.12642
v -0.78929 1.07296 -7.21624
v -0.78818 1.12019 -7.36158
v -0.78893 1.27301 -7.36158
v -0.79051 1.32023 -7.21625
v -0.13407 1.19985 -7.12032
v -0.13263 1.07621 -7.21014
v -0.13151 1.12344 -7.35548
v -0.13227 1.27626 -7.35549
v -0.13385 1.32348 -7.21015
v -0.78953 1.19660 -7.25641
v -0.13287 1.19985 -7.25032
v -0.77682 1.19660 -8.62635
v -0.77537 1.07296 -8.71617
v -0.77426 1.12019 -8.86151
v -0.77501 1.27301 -8.86152
v -0.77659 1.32023 -8.71618
v -0.12015 1.19985 -8.62026
v -0.11871 1.07621 -8.71008
v -0.11759 1.12344 -8.85542
v -0.11835 1.27626 -8.85543
v -0.11993 1.32348 -8.71009
v -0.77561 1.19660 -8.75635
v -0.11895 1.19985 -8.75025
v -0.12071 1.19985 -7.12030
v -0.12192 1.07621 -7.21012
v -0.12252 1.12344 -7.35547
v -0.12168 1.27626 -7.35547
v -0.12056 1.32348 -7.21013
v 0.53596 1.19625 -7.12418
v 0.53475 1.07262 -7.21400
v 0.53415 1.11984 -7.35935
v 0.53499 1.27266 -7.35935
v 0.53610 1.31989 -7.21401
v -0.12148 1.19985 -7.25030
v 0.53519 1.19625 -7.25418
v -0.12957 1.19985 -8.62028
v -0.13078 1.07621 -8.71010
v -0.13138 1.12344 -8.85544
v -0.13054 1.27626 -8.85545
v -0.12942 1.32348 -8.71011
v 0.52710 1.19625 -8.62415
v 0.52589 1.07262 -8.71398
v 0.52529 1.11984 -8.85932
v 0.52613 1.27266 -8.85932
v 0.52724 1.31989 -8.71398
v -0.13034 1.19985 -8.75027
v 0.52633 1.19625 -8.75415
v -0.05089 1.19985 -7.15072
v -0.12089 1.12985 -7.15030
v -0.19089 1.19985 -7.14989
v -0.12089 1.26985 -7.15030
v -0.06093 1.19985 -8.85069
v -0.13093 1.12985 -8.85027
v -0.20093 1.19985 -8.84986
v -0.13093 1.26985 -8.85027
v -0.12089 1.19985 -7.15030
v -0.13093 1.19985 -8.85027
v 0.54967 1.19625 -7.12437
v 0.54535 1.07264 -7.21412
v 0.54314 1.11985 -7.35945
v 0.54610 1.27265 -7.35952
v 0.55013 1.31987 -7.21423
v 1.20609 1.18355 -7.13848
v 1.20177 1.05994 -7.22824
v 1.19956 1.10715 -7.37357
v 1.20252 1.25995 -7.37363
v 1.20655 1.30716 -7.22834
v 0.54688 1.19625 -7.25434
v 1.20330 1.18355 -7.26845
v 0.51743 1.19625 -8.62402
v 0.51311 1.07264 -8.71378
v 0.51090 1.11985 -8.85911
v 0.51386 1.27265 -8.85917
v 0.51789 1.31987 -8.71388
v 1.17385 1.18355 -8.63813
v 1.16953 1.05994 -8.72789
v 1.16732 1.10715 -8.87322
v 1.17028 1.25995 -8.87328
v 1.17431 1.30716 -8.72799
v 0.51464 1.19625 -8.75399
v 1.17106 1.18355 -8.76810
v 1.21547 1.18355 -7.13873
v 1.20901 1.05996 -7.22840
v 1.20570 1.10717 -7.37371
v 1.21012 1.25993 -7.37385
v 1.21616 1.30714 -7.22863
v 1.87156 1.16456 -7.15984
v 1.86510 1.04097 -7.24950
v 1.86179 1.08818 -7.39482
v 1.86621 1.24094 -7.39496
v 1.87225 1.28814 -7.24973
v 1.21129 1.18355 -7.26866
v 1.86738 1.16456 -7.28977
v 1.16725 1.18355 -8.63796
v 1.16078 1.05996 -8.72762
v 1.15748 1.10717 -8.87294
v 1.16189 1.25993 -8.87308
v 1.16793 1.30714 -8.72785
v 1.82333 1.16456 -8.65906
v 1.81687 1.04097 -8.74873
v 1.81356 1.08818 -8.89404
v 1.81798 1.24094 -8.89418
v 1.82402 1.28814 -8.74896
v 1.16307 1.18355 -8.76789
v 1.81915 1.16456 -8.78900
v 1.28447 1.18355 -7.17097
v 1.21451 1.11355 -7.16872
v 1.14455 1.18355 -7.16647
v 1.21451 1.25355 -7.16872
v 1.22981 1.18355 -8.87009
v 1.15985 1.11355 -8.86784
v 1.08989 1.18355 -8.86559
v 1.15985 1.25355 -8.86784
v 1.21451 1.18355 -7.16872
v 1.15985 1.18355 -8.86784
v 1.87686 1.16456 -7.16002
v 1.86919 1.04099 -7.24962
v 1.86526 1.08819 -7.39492
v 1.87051 1.24092 -7.39513
v 1.87768 1.28812 -7.24995
v 2.53270 1.14201 -7.18508
v 2.52503 1.01844 -7.27468
v 2.52110 1.06564 -7.41998
v 2.52635 1.21837 -7.42018
v 2.53351 1.26557 -7.27500
v 1.87190 1.16456 -7.28993
v 2.52774 1.14201 -7.31498
v 1.81960 1.16456 -8.65893
v 1.81193 1.04099 -8.74853
v 1.80800 1.08819 -8.89383
v 1.81324 1.24092 -8.89403
v 1.82041 1.28812 -8.74886
v 2.47544 1.14201 -8.68399
v 2.46777 1.01844 -8.77359
v 2.46384 1.06564 -8.91889
v 2.46908 1.21837 -8.91909
v 2.47625 1.26557 -8.77391
v 1.81464 1.16456 -8.78884
v 2.47047 1.14201 -8.81389
v 2.53405 1.14201 -7.18513
v 2.52607 1.01845 -7.27471
v 2.52199 1.06564 -7.42001
v 2.52744 1.21837 -7.42023
v 2.53490 1.26556 -7.27506
v 3.18982 1.11855 -7.21119
v 3.18184 0.99499 -7.30078
v 3.17775 1.04219 -7.44607
v 3.18321 1.19491 -7.44629
v 3.19067 1.24211 -7.30113
v 2.52889 1.14201 -7.31503
v 3.18466 1.11855 -7.34109
v 2.47448 1.14201 -8.68395
v 2.46650 1.01845 -8.77353
v 2.46242 1.06564 -8.91883
v 2.46787 1.21837 -8.91904
v 2.47533 1.26556 -8.77388
v 3.13025 1.11855 -8.71001
v 3.12227 0.99499 -8.79959
v 3.11819 1.04219 -8.94489
v 3.12364 1.19491 -8.94511
v 3.13110 1.24211 -8.79994
v 2.46932 1.14201 -8.81385
v 3.12509 1.11855 -8.83991
v 2.60281 1.14201 -7.21789
v 2.53286 1.07201 -7.21511
v 2.46292 1.14201 -7.21233
v 2.53286 1.21201 -7.21511
v 2.53530 1.14201 -8.91655
v 2.46535 1.07201 -8.91377
v 2.39541 1.14201 -8.91099
v 2.46535 1.21201 -8.91377
v 2.53286 1.14201 -7.21511
v 2.46535 1.14201 -8.91377
v 3.18742 1.11855 -7.21110
v 3.17999 0.99498 -7.30072
v 3.17618 1.04218 -7.44602
v 3.18126 1.19492 -7.44621
v 3.18820 1.24212 -7.30102
v 3.84331 1.09670 -7.23537
v 3.83588 0.97314 -7.32499
v 3.83207 1.02034 -7.47029
v 3.83715 1.17307 -7.47048
v 3.84410 1.22027 -7.32529
v 3.18261 1.11855 -7.34101
v 3.83850 1.09670 -7.36529
v 3.13195 1.11855 -8.71008
v 3.12452 0.99498 -8.79969
v 3.12071 1.04218 -8.94499
v 3.12579 1.19492 -8.94518
v 3.13273 1.24212 -8.80000
v 3.78784 1.09670 -8.73435
v 3.78041 0.97314 -8.82396
v 3.77660 1.02034 -8.96927
v 3.78168 1.17307 -8.96945
v 3.78863 1.22027 -8.82427
v 3.12714 1.11855 -8.83999
v 3.78303 1.09670 -8.86426
v 3.83704 1.09670 -7.23516
v 3.83104 0.97311 -7.32485
v 3.82797 1.02032 -7.47017
v 3.83207 1.17309 -7.47029
v 3.83768 1.22030 -7.32505
v 4.49321 1.07907 -7.25476
v 4.48721 0.95547 -7.34445
v 4.48414 1.00268 -7.48977
v 4.48824 1.15545 -7.48989
v 4.49385 1.20266 -7.34465
v 3.83316 1.09670 -7.36511
v 4.48933 1.07907 -7.38470
v 3.79226 1.09670 -8.73450
v 3.78625 0.97311 -8.82418
v 3.78318 1.02032 -8.96950
v 3.78729 1.17309 -8.96962
v 3.79289 1.22030 -8.82438
v 4.44843 1.07907 -8.75409
v 4.44243 0.95547 -8.84378
v 4.43935 1.00268 -8.98910
v 4.44346 1.15545 -8.98922
v 4.44906 1.20266 -8.84398
v 3.78837 1.09670 -8.86444
v 4.44455 1.07907 -8.88404
v 3.90611 1.09670 -7.26724
v 3.83614 1.02670 -7.26515
v 3.76617 1.09670 -7.26306
v 3.83614 1.16670 -7.26515
v 3.85536 1.09670 -8.96648
v 3.78539 1.02670 -8.96439
v 3.71542 1.09670 -8.96230
v 3.78539 1.16670 -8.96439
v 3.83614 1.09670 -7.26515
v 3.78539 1.09670 -8.96439
v 4.48279 1.07907 -7.25451
v 4.47917 0.95545 -7.34429
v 4.47732 1.00266 -7.48963
v 4.47979 1.15547 -7.48967
v 4.48318 1.20269 -7.34436
v 5.13929 1.06842 -7.26634
v 5.13567 0.94480 -7.35612
v 5.13382 0.99202 -7.50146
v 5.13629 1.14482 -7.50150
v 5.13968 1.19204 -7.35619
v 4.48045 1.07907 -7.38449
v 5.13695 1.06842 -7.39632
v 4.45576 1.07907 -8.75427
v 4.45214 0.95545 -8.84405
v 4.45029 1.00266 -8.98938
v 4.45277 1.15547 -8.98943
v 4.45615 1.20269 -8.84412
v 5.11227 1.06842 -8.76610
v 5.10864 0.94480 -8.85588
v 5.10679 0.99202 -9.00121
v 5.10927 1.14482 -9.00126
v 5.11265 1.19204 -8.85595
v 4.45342 1.07907 -8.88425
v 5.10992 1.06842 -8.89608
v 5.12396 1.06842 -7.26620
v 5.12384 0.94478 -7.35603
v 5.12378 0.99201 -7.50137
v 5.12386 1.14483 -7.50137
v 5.12397 1.19206 -7.35603
v 5.78064 1.06807 -7.26659
v 5.78052 0.94443 -7.35642
v 5.78046 0.99166 -7.50176
v 5.78054 1.14448 -7.50176
v 5.78065 1.19171 -7.35642
v 5.12388 1.06842 -7.39620
v 5.78056 1.06807 -7.39659
v 5.12307 1.06842 -8.76620
v 5.12295 0.94478 -8.85603
v 5.12289 0.99201 -9.00137
v 5.12297 1.14483 -9.00137
v 5.12308 1.19206 -8.85603
v 5.77975 1.06807 -8.76659
v 5.77964 0.94443 -8.85642
v 5.77958 0.99166 -9.00176
v 5.77966 1.14448 -9.00176
v 5.77977 1.19171 -8.85642
v 5.12299 1.06842 -8.89620
v 5.77968 1.06807 -8.89659
v 5.19394 1.06842 -7.29624
v 5.12394 0.99842 -7.29620
v 5.05394 1.06842 -7.29616
v 5.12394 1.13842 -7.29620
v 5.19294 1.06842 -8.99624
v 5.12294 0.99842 -8.99620
v 5.05294 1.06842 -8.99616
v 5.12294 1.13842 -8.99620
v 5.12394 1.06842 -7.29620
v 5.12294 1.06842 -8.99620
v 5.75975 1.06807 -7.26682
v 5.76440 0.94446 -7.35657
v 5.76678 0.99167 -7.50190
v 5.76360 1.14447 -7.50197
v 5.75925 1.19168 -7.35669
v 6.41609 1.08175 -7.25162
v 6.42075 0.95814 -7.34137
v 6.42313 1.00535 -7.48670
v 6.41995 1.15815 -7.48677
v 6.41560 1.20536 -7.34149
v 5.76276 1.06807 -7.39679
v 6.41910 1.08175 -7.38159
v 5.79447 1.06807 -8.76642
v 5.79913 0.94446 -8.85617
v 5.80151 0.99167 -9.00149
v 5.79833 1.14447 -9.00157
v 5.79398 1.19168 -8.85629
v 6.45082 1.08175 -8.75122
v 6.45547 0.95814 -8.84097
v 6.45786 1.00535 -8.98630
v 6.45467 1.15815 -8.98637
v 6.45032 1.20536 -8.84109
v 5.79748 1.06807 -8.89639
v 6.45383 1.08175 -8.88119
v 6.38898 1.08175 -7.25267
v 6.39981 0.95826 -7.34204
v 6.40537 1.00543 -7.48730
v 6.39797 1.15807 -7.48770
v 6.38784 1.20524 -7.34269
v 7.04389 1.11360 -7.21728
v 7.05472 0.99011 -7.30665
v 7.06028 1.03728 -7.45191
v 7.05288 1.18993 -7.45231
v 7.04275 1.23710 -7.30730
v 6.39599 1.08175 -7.38248
v 7.05090 1.11360 -7.34709
v 6.46992 1.08175 -8.75049
v 6.48076 0.95826 -8.83986
v 6.48632 1.00543 -8.98512
v 6.47891 1.15807 -8.98552
v 6.46878 1.20524 -8.84051
v 7.12483 1.11360 -8.71509
v 7.13567 0.99011 -8.80447
v 7.14123 1.03728 -8.94972
v 7.13382 1.18993 -8.95012
v 7.12369 1.23710 -8.80511
v 6.47694 1.08175 -8.88030
v 7.13185 1.11360 -8.84490
v 6.46049 1.08175 -7.27885
v 6.39060 1.01175 -7.28263
v 6.32070 1.08175 -7.28641
v 6.39060 1.15175 -7.28263
v 6.55223 1.08175 -8.97637
v 6.48234 1.01175 -8.98015
v 6.41244 1.08175 -8.98393
v 6.48234 1.15175 -8.98015
v 6.39060 1.08175 -7.28263
v 6.48234 1.08175 -8.98015
v 7.00727 1.11360 -7.22002
v 7.02641 0.99042 -7.30843
v 7.03627 1.03747 -7.45349
v 7.02323 1.18973 -7.45475
v 7.00531 1.23679 -7.31045
v 7.65846 1.16987 -7.15750
v 7.67759 1.04669 -7.24591
v 7.68745 1.09374 -7.39097
v 7.67441 1.24600 -7.39222
v 7.65649 1.29305 -7.24793
v 7.01970 1.11360 -7.34943
v 7.67088 1.16987 -7.28691
v 7.15063 1.11360 -8.71316
v 7.16976 0.99042 -8.80156
v 7.17963 1.03747 -8.94663
v 7.16659 1.18973 -8.94788
v 7.14867 1.23679 -8.80359
v 7.80181 1.16987 -8.65064
v 7.82095 1.04669 -8.73904
v 7.83081 1.09374 -8.88411
v 7.81777 1.24600 -8.88536
v 7.79985 1.29305 -8.74107
v 7.16306 1.11360 -8.84256
v 7.81424 1.16987 -8.78004
v 7.62176 1.16987 -7.16181
v 7.64922 1.04718 -7.24869
v 7.66339 1.09405 -7.39346
v 7.64469 1.24570 -7.39605
v 7.61896 1.29256 -7.25288
v 8.26722 1.25099 -7.07235
v 8.29468 1.12830 -7.15923
v 8.30885 1.17516 -7.30400
v 8.29016 1.32681 -7.30659
v 8.26443 1.37368 -7.16343
v 7.63960 1.16987 -7.29058
v 8.28507 1.25099 -7.20112
v 7.82767 1.16987 -8.64761
v 7.85513 1.04718 -8.73449
v 7.86930 1.09405 -8.87926
v 7.85060 1.24570 -8.88185
v 7.82487 1.29256 -8.73868
v 8.47313 1.25099 -8.55815
v 8.50059 1.12830 -8.64503
v 8.51477 1.17516 -8.78980
v 8.49607 1.32681 -8.79239
v 8.47034 1.37368 -8.64923
v 7.84552 1.16987 -8.77637
v 8.49098 1.25099 -8.68692
v 7.69521 1.16987 -7.18191
v 7.62588 1.09987 -7.19152
v 7.55654 1.16987 -7.20113
v 7.62588 1.23987 -7.19152
v 7.92858 1.16987 -8.86582
v 7.85924 1.09987 -8.87543
v 7.78991 1.16987 -8.88504
v 7.85924 1.23987 -8.87543
v 7.62588 1.16987 -7.19152
v 7.85924 1.16987 -8.87543
v 8.25649 1.25099 -7.07391
v 8.28680 1.12853 -7.16017
v 8.30208 1.17531 -7.30486
v 8.28121 1.32667 -7.30802
v 8.25303 1.37344 -7.16528
v 8.89959 1.34169 -6.97669
v 8.92990 1.21924 -7.06296
v 8.94517 1.26601 -7.20764
v 8.92430 1.41737 -7.21080
v 8.89613 1.46414 -7.06806
v 8.27592 1.25099 -7.20245
v 8.91902 1.34169 -7.10523
v 8.48070 1.25099 -8.55706
v 8.51101 1.12853 -8.64332
v 8.52628 1.17531 -8.78801
v 8.50541 1.32667 -8.79116
v 8.47724 1.37344 -8.64843
v 9.12379 1.34169 -8.45984
v 9.15410 1.21924 -8.54611
v 9.16938 1.26601 -8.69079
v 9.14851 1.41737 -8.69395
v 9.12033 1.46414 -8.55121
v 8.50013 1.25099 -8.68560
v 9.14322 1.34169 -8.58838
v 8.88541 1.34169 -6.97895
v 8.91922 1.21955 -7.06436
v 8.93605 1.26621 -7.20891
v 8.91265 1.41718 -7.21284
v 8.88135 1.46383 -7.07072
v 9.52518 1.44366 -6.87154
v 9.55898 1.32152 -6.95695
v 9.57582 1.36817 -7.10150
v 9.55241 1.51914 -7.10543
v 9.52112 1.56580 -6.96331
v 8.90694 1.34169 -7.10716
v 9.54670 1.44366 -6.99975
v 9.13378 1.34169 -8.45825
v 9.16758 1.21955 -8.54366
v 9.18442 1.26621 -8.68821
v 9.16101 1.41718 -8.69214
v 9.12972 1.46383 -8.55001
v 9.77354 1.44366 -8.35084
v 9.80735 1.32152 -8.43625
v 9.82418 1.36817 -8.58080
v 9.80078 1.51914 -8.58473
v 9.76948 1.56580 -8.44260
v 9.15530 1.34169 -8.58645
v 9.79506 1.44366 -8.47904
v 8.95941 1.34169 -6.99695
v 8.89038 1.27169 -7.00854
v 8.82135 1.34169 -7.02013
v 8.89038 1.41169 -7.00854
v 9.24089 1.34169 -8.67348
v 9.17186 1.27169 -8.68507
v 9.10282 1.34169 -8.69666
v 9.17186 1.41169 -8.68507
v 8.89038 1.34169 -7.00854
v 9.17186 1.34169 -8.68507
v 9.50280 1.44366 -6.87560
v 9.54166 1.32201 -6.95955
v 9.56113 1.36848 -7.10383
v 9.53430 1.51884 -7.10905
v 9.49825 1.56530 -6.96799
v 10.13697 1.56109 -6.75219
v 10.17584 1.43945 -6.83614
v 10.19531 1.48591 -6.98043
v 10.16848 1.63627 -6.98565
v 10.13243 1.68274 -6.84459
v 9.52763 1.44366 -7.00320
v 10.16180 1.56109 -6.87980
v 9.78930 1.44366 -8.34798
v 9.82817 1.32201 -8.43193
v 9.84764 1.36848 -8.57621
v 9.82081 1.51884 -8.58143
v 9.78476 1.56530 -8.44038
v 10.42348 1.56109 -8.22458
v 10.46234 1.43945 -8.30853
v 10.48181 1.48591 -8.45281
v 10.45498 1.63627 -8.45803
v 10.41893 1.68274 -8.31698
v 9.81414 1.44366 -8.47559
v 10.44831 1.56109 -8.35218
v 10.10537 1.56109 -6.75895
v 10.15096 1.44019 -6.84056
v 10.17431 1.48637 -6.98436
v 10.14315 1.63581 -6.99162
v 10.10054 1.68199 -6.85231
v 10.73068 1.69857 -6.61325
v 10.77628 1.57768 -6.69486
v 10.79963 1.62386 -6.83866
v 10.76846 1.77329 -6.84592
v 10.72585 1.81947 -6.70661
v 10.13487 1.56109 -6.88556
v 10.76018 1.69857 -6.73986
v 10.44575 1.56109 -8.21982
v 10.49134 1.44019 -8.30143
v 10.51470 1.48637 -8.44523
v 10.48353 1.63581 -8.45249
v 10.44092 1.68199 -8.31318
v 11.07106 1.69857 -8.07412
v 11.11666 1.57768 -8.15573
v 11.14001 1.62386 -8.29953
v 11.10885 1.77329 -8.30679
v 11.06623 1.81947 -8.16748
v 10.47525 1.56109 -8.34643
v 11.10056 1.69857 -8.20073
v 10.18035 1.56109 -6.77228
v 10.11217 1.49109 -6.78817
v 10.04400 1.56109 -6.80405
v 10.11217 1.63109 -6.78817
v 10.56611 1.56109 -8.42793
v 10.49794 1.49109 -8.44382
v 10.42977 1.56109 -8.45970
v 10.49794 1.63109 -8.44382
v 10.11217 1.56109 -6.78817
v 10.49794 1.56109 -8.44382
v 10.68916 1.69857 -6.62400
v 10.74313 1.57876 -6.70202
v 10.77176 1.62453 -6.84499
v 10.73548 1.77262 -6.85533
v 10.68443 1.81838 -6.71875
v 11.30104 1.86065 -6.44960
v 11.35501 1.74084 -6.52762
v 11.38364 1.78660 -6.67059
v 11.34736 1.93469 -6.68093
v 11.29631 1.98046 -6.54435
v 10.72479 1.69857 -6.74902
v 11.33667 1.86065 -6.57462
v 11.10032 1.69857 -8.06655
v 11.15429 1.57876 -8.14457
v 11.18292 1.62453 -8.28754
v 11.14664 1.77262 -8.29788
v 11.09559 1.81838 -8.16130
v 11.71220 1.86065 -7.89215
v 11.76617 1.74084 -7.97017
v 11.79480 1.78660 -8.11314
v 11.75852 1.93469 -8.12348
v 11.70747 1.98046 -7.98690
v 11.13595 1.69857 -8.19157
v 11.74783 1.86065 -8.01717
v 11.24949 1.86065 -6.46602
v 11.31323 1.74234 -6.53879
v 11.34865 1.78753 -6.68041
v 11.30680 1.93377 -6.69518
v 11.24551 1.97896 -6.56268
v 11.84192 2.05131 -6.25702
v 11.90566 1.93300 -6.32979
v 11.94108 1.97819 -6.47141
v 11.89923 2.12443 -6.48618
v 11.83794 2.16962 -6.35368
v 11.29274 1.86065 -6.58862
v 11.88517 2.05131 -6.37962
v 11.74852 1.86065 -7.88058
v 11.81226 1.74234 -7.95334
v 11.84768 1.78753 -8.09497
v 11.80583 1.93377 -8.10974
v 11.74454 1.97896 -7.97723
v 12.34095 2.05131 -7.67158
v 12.40470 1.93300 -7.74434
v 12.44012 1.97819 -7.88597
v 12.39826 2.12443 -7.90074
v 12.33697 2.16962 -7.76823
v 11.79177 1.86065 -8.00317
v 12.38420 2.05131 -7.79417
v 11.32548 1.86065 -6.47102
v 11.25947 1.79065 -6.49431
v 11.19345 1.86065 -6.51760
v 11.25947 1.93065 -6.49431
v 11.89105 1.86065 -8.07419
v 11.82504 1.79065 -8.09748
v 11.75902 1.86065 -8.12076
v 11.82504 1.93065 -8.09748
v 11.25947 1.86065 -6.49431
v 11.82504 1.86065 -8.09748
v 11.78126 2.05131 -6.28099
v 11.85563 1.93496 -6.34645
v 11.89937 1.97940 -6.48598
v 11.85204 2.12322 -6.50674
v 11.77904 2.16766 -6.38004
v 12.34702 2.27335 -6.03287
v 12.42139 2.15700 -6.09834
v 12.46514 2.20144 -6.23786
v 12.41780 2.34526 -6.25862
v 12.34480 2.38970 -6.13193
v 11.83347 2.05131 -6.40004
v 12.39923 2.27335 -6.15193
v 12.38369 2.05131 -7.65469
v 12.45806 1.93496 -7.72016
v 12.50181 1.97940 -7.85968
v 12.45447 2.12322 -7.88044
v 12.38147 2.16766 -7.75375
v 12.94945 2.27335 -7.40658
v 13.02382 2.15700 -7.47205
v 13.06757 2.20144 -7.61157
v 13.02023 2.34526 -7.63233
v 12.94723 2.38970 -7.50564
v 12.43590 2.05131 -7.77375
v 13.00166 2.27335 -7.52564
v 12.27959 2.27335 -6.06594
v 12.36461 2.15936 -6.12193
v 12.41806 2.20290 -6.25832
v 12.36607 2.34380 -6.28663
v 12.28049 2.38733 -6.16773
v 12.81108 2.52763 -5.77652
v 12.89610 2.41364 -5.83250
v 12.94954 2.45718 -5.96890
v 12.89755 2.59807 -5.99721
v 12.81198 2.64161 -5.87831
v 12.34176 2.27335 -6.18011
v 12.87325 2.52763 -5.89069
v 12.99695 2.27335 -7.38328
v 13.08197 2.15936 -7.43927
v 13.13542 2.20290 -7.57566
v 13.08343 2.34380 -7.60397
v 12.99785 2.38733 -7.48508
v 13.52844 2.52763 -7.09386
v 13.61346 2.41364 -7.14985
v 13.66691 2.45718 -7.28624
v 13.61492 2.59807 -7.31455
v 13.52934 2.64161 -7.19565
v 13.05913 2.27335 -7.49745
v 13.59061 2.52763 -7.20803
v 12.35541 2.27335 -6.05881
v 12.29394 2.20335 -6.09229
v 12.23246 2.27335 -6.12576
v 12.29394 2.34335 -6.09229
v 13.16843 2.27335 -7.55180
v 13.10695 2.20335 -7.58528
v 13.04547 2.27335 -7.61875
v 13.10695 2.34335 -7.58528
v 12.29394 2.27335 -6.09229
v 13.10695 2.27335 -7.58528
v 12.74076 2.52763 -5.81919
v 12.83546 2.41626 -5.86375
v 12.89956 2.45880 -5.99579
v 12.84448 2.59645 -6.03284
v 12.74634 2.63899 -5.92369
v 13.23135 2.81273 -5.48917
v 13.32605 2.70137 -5.53373
v 13.39015 2.74390 -5.66578
v 13.33508 2.88156 -5.70283
v 13.23693 2.92410 -5.59368
v 12.81332 2.52763 -5.92705
v 13.30391 2.81273 -5.59704
v 13.57798 2.52763 -7.06380
v 13.67268 2.41626 -7.10836
v 13.73678 2.45880 -7.24041
v 13.68171 2.59645 -7.27745
v 13.58356 2.63899 -7.16830
v 14.06858 2.81273 -6.73379
v 14.16327 2.70137 -6.77835
v 14.22738 2.74390 -6.91039
v 14.17230 2.88156 -6.94744
v 14.07416 2.92410 -6.83829
v 13.65054 2.52763 -7.17166
v 14.14114 2.81273 -6.84165
v 13.16514 2.81273 -5.53838
v 13.26744 2.70391 -5.57072
v 13.34216 2.74547 -5.69739
v 13.28603 2.87999 -5.74333
v 13.17663 2.92156 -5.64505
v 13.61230 3.12429 -5.17237
v 13.71460 3.01546 -5.20471
v 13.78932 3.05703 -5.33138
v 13.73319 3.19155 -5.37732
v 13.62379 3.23311 -5.27904
v 13.24748 2.81273 -5.63897
v 13.69464 3.12429 -5.27296
v 14.11523 2.81273 -6.69912
v 14.21753 2.70391 -6.73147
v 14.29225 2.74547 -6.85813
v 14.23613 2.87999 -6.90407
v 14.12672 2.92156 -6.80580
v 14.56239 3.12429 -6.33311
v 14.66469 3.01546 -6.36546
v 14.73941 3.05703 -6.49213
v 14.68329 3.19155 -6.53806
v 14.57388 3.23311 -6.43979
v 14.19757 2.81273 -6.79972
v 14.64473 3.12429 -6.43371
v 13.23831 2.81273 -5.51725
v 13.18414 2.74273 -5.56159
v 13.12997 2.81273 -5.60593
v 13.18414 2.88273 -5.56159
v 14.31508 2.81273 -6.83276
v 14.26091 2.74273 -6.87710
v 14.20674 2.81273 -6.92144
v 14.26091 2.88273 -6.87710
v 13.18414 2.81273 -5.56159
v 14.26091 2.81273 -6.87710
v 13.57072 3.12429 -5.20863
v 13.67687 3.01699 -5.23262
v 13.75861 3.05798 -5.35508
v 13.70297 3.19060 -5.40677
v 13.58685 3.23158 -5.31626
v 13.98819 3.45058 -4.82079
v 14.09434 3.34329 -4.84478
v 14.17608 3.38427 -4.96723
v 14.12044 3.51689 -5.01892
v 14.00432 3.55787 -4.92841
v 13.65921 3.12429 -5.30387
v 14.07667 3.45058 -4.91603
v 14.59168 3.12429 -6.30756
v 14.69783 3.01699 -6.33155
v 14.77957 3.05798 -6.45401
v 14.72393 3.19060 -6.50570
v 14.60781 3.23158 -6.41519
v 15.00915 3.45058 -5.91972
v 15.11530 3.34329 -5.94371
v 15.19703 3.38427 -6.06616
v 15.14140 3.51689 -6.11785
v 15.02528 3.55787 -6.02734
v 14.68016 3.12429 -6.40280
v 15.09763 3.45058 -6.01496
v 13.95760 3.45058 -4.85063
v 14.06616 3.34444 -4.86803
v 14.15322 3.38498 -4.98691
v 14.09846 3.51618 -5.04298
v 13.97755 3.55672 -4.95875
v 14.35147 3.78735 -4.44734
v 14.46004 3.68121 -4.46474
v 14.54710 3.72175 -4.58362
v 14.49233 3.85295 -4.63969
v 14.37143 3.89349 -4.55547
v 14.05060 3.45058 -4.94146
v 14.44447 3.78735 -4.53817
v 15.03070 3.45058 -5.89869
v 15.13927 3.34444 -5.91609
v 15.22633 3.38498 -6.03497
v 15.17156 3.51618 -6.09104
v 15.05066 3.55672 -6.00682
v 15.42458 3.78735 -5.49541
v 15.53315 3.68121 -5.51281
v 15.62020 3.72175 -5.63169
v 15.56544 3.85295 -5.68776
v 15.44454 3.89349 -5.60353
v 15.12371 3.45058 -5.98952
v 15.51758 3.78735 -5.58624
v 14.02797 3.45058 -4.82151
v 13.97906 3.38058 -4.87159
v 13.93015 3.45058 -4.92167
v 13.97906 3.52058 -4.87159
v 15.24416 3.45058 -6.00932
v 15.19525 3.38058 -6.05940
v 15.14634 3.45058 -6.10947
v 15.19525 3.52058 -6.05940
v 13.97906 3.45058 -4.87159
v 15.19525 3.45058 -6.05940
v 14.33715 3.50058 -5.55549
v 14.83715 3.50058 -5.55549
v 14.83715 3.64058 -5.55549
v 14.33715 3.64058 -5.55549
v 14.33715 3.50058 -5.37549
v 14.83715 3.50058 -5.37549
v 14.83715 3.64058 -5.37549
v 14.33715 3.64058 -5.37549
v 14.58715 0.10000 -5.66549
v 14.41395 0.10000 -5.56549
v 14.41395 0.10000 -5.36549
v 14.58715 0.10000 -5.26549
v 14.76036 0.10000 -5.36549
v 14.76036 0.10000 -5.56549
v 14.58715 3.30058 -5.62549
v 14.44859 3.30058 -5.54549
v 14.44859 3.30058 -5.38549
v 14.58715 3.30058 -5.30549
v 14.72572 3.30058 -5.38549
v 14.72572 3.30058 -5.54549
v 14.58715 0.10000 -5.46549
v 14.58715 3.30058 -5.46549
v 14.18715 0.00000 -5.86549
v 14.98715 0.00000 -5.86549
v 14.98715 0.30000 -5.86549
v 14.18715 0.30000 -5.86549
v 14.18715 0.00000 -5.06549
v 14.98715 0.00000 -5.06549
v 14.98715 0.30000 -5.06549
v 14.18715 0.30000 -5.06549
v 14.32442 3.78735 -4.47632
v 14.43483 3.68228 -4.48750
v 14.52671 3.72242 -4.60284
v 14.47308 3.85229 -4.66294
v 14.34806 3.89242 -4.58475
v 14.69595 4.13347 -4.05994
v 14.80636 4.02840 -4.07112
v 14.89824 4.06853 -4.18646
v 14.84461 4.19840 -4.24657
v 14.71959 4.23854 -4.16837
v 14.42142 3.78735 -4.56287
v 14.79295 4.13347 -4.14649
v 15.44364 3.78735 -5.47499
v 15.55405 3.68228 -5.48617
v 15.64592 3.72242 -5.60151
v 15.59229 3.85229 -5.66162
v 15.46727 3.89242 -5.58342
v 15.81517 4.13347 -5.05861
v 15.92558 4.02840 -5.06980
v 16.01746 4.06853 -5.18514
v 15.96383 4.19840 -5.24524
v 15.83881 4.23854 -5.16704
v 15.54064 3.78735 -5.56154
v 15.91217 4.13347 -5.14517
v 14.67107 4.13347 -4.08908
v 14.78289 4.02942 -4.09418
v 14.87931 4.06917 -4.20590
v 14.82707 4.19777 -4.26983
v 14.69837 4.23751 -4.19764
v 15.02067 4.48822 -3.66114
v 15.13250 4.38418 -3.66625
v 15.22891 4.42392 -3.77796
v 15.17668 4.55252 -3.84190
v 15.04798 4.59226 -3.76970
v 14.77174 4.13347 -4.17133
v 15.12135 4.48822 -3.74339
v 15.83270 4.13347 -5.03809
v 15.94452 4.02942 -5.04319
v 16.04094 4.06917 -5.15490
v 15.98870 4.19777 -5.21884
v 15.86001 4.23751 -5.14664
v 16.18230 4.48822 -4.61015
v 16.29413 4.38418 -4.61525
v 16.39054 4.42392 -4.72697
v 16.33831 4.55252 -4.79090
v 16.20961 4.59226 -4.71871
v 15.93337 4.13347 -5.12033
v 16.28298 4.48822 -4.69240
v 14.73859 4.13347 -4.05385
v 14.69430 4.06347 -4.10806
v 14.65001 4.13347 -4.16227
v 14.69430 4.20347 -4.10806
v 16.05510 4.13347 -5.12939
v 16.01082 4.06347 -5.18360
v 15.96653 4.13347 -5.23781
v 16.01082 4.20347 -5.18360
v 14.69430 4.13347 -4.10806
v 16.01082 4.13347 -5.18360
v 15.10256 4.18347 -4.73583
v 15.60256 4.18347 -4.73583
v 15.60256 4.32347 -4.73583
v 15.10256 4.32347 -4.73583
v 15.10256 4.18347 -4.55583
v 15.60256 4.18347 -4.55583
v 15.60256 4.32347 -4.55583
v 15.10256 4.32347 -4.55583
v 14.99670 4.48822 -3.69185
v 15.10958 4.38520 -3.69075
v 15.21048 4.42455 -3.79856
v 15.15997 4.55189 -3.86630
v 15.02785 4.59124 -3.80035
v 15.32377 4.85130 -3.25322
v 15.43665 4.74829 -3.25211
v 15.53756 4.78764 -3.35993
v 15.48704 4.91497 -3.42767
v 15.35492 4.95432 -3.36172
v 15.10092 4.48822 -3.76956
v 15.42799 4.85130 -3.33093
v 16.19920 4.48822 -4.58851
v 16.31207 4.38520 -4.58741
v 16.41298 4.42455 -4.69522
v 16.36247 4.55189 -4.76296
v 16.23034 4.59124 -4.69701
v 16.52627 4.85130 -4.14988
v 16.63914 4.74829 -4.14878
v 16.74005 4.78764 -4.25659
v 16.68954 4.91497 -4.32433
v 16.55741 4.95432 -4.25838
v 16.30341 4.48822 -4.66622
v 16.63048 4.85130 -4.22759
v 15.29978 4.85130 -3.28704
v 15.41335 4.74934 -3.27931
v 15.51889 4.78829 -3.38275
v 15.47054 4.91432 -3.45441
v 15.33512 4.95327 -3.39525
v 15.60268 5.22271 -2.83814
v 15.71626 5.12075 -2.83042
v 15.82180 5.15970 -2.93386
v 15.77345 5.28573 -3.00551
v 15.63803 5.32467 -2.94636
v 15.40754 4.85130 -3.35975
v 15.71044 5.22271 -2.91086
v 16.54317 4.85130 -4.12606
v 16.65675 4.74934 -4.11834
v 16.76229 4.78829 -4.22178
v 16.71394 4.91432 -4.29343
v 16.57852 4.95327 -4.23427
v 16.84608 5.22271 -3.67717
v 16.95965 5.12075 -3.66945
v 17.06519 5.15970 -3.77289
v 17.01685 5.28573 -3.84454
v 16.88142 5.32467 -3.78538
v 16.65094 4.85130 -4.19878
v 16.95384 5.22271 -3.74988
v 15.36380 4.85130 -3.24579
v 15.32464 4.78130 -3.30382
v 15.28549 4.85130 -3.36184
v 15.32464 4.92130 -3.30382
v 16.77298 4.85130 -4.19668
v 16.73383 4.78130 -4.25471
v 16.69467 4.85130 -4.31274
v 16.73383 4.92130 -4.25471
v 15.32464 4.85130 -3.30382
v 16.73383 4.85130 -4.25471
v 15.77924 4.90130 -3.86926
v 16.27924 4.90130 -3.86926
v 16.27924 5.04130 -3.86926
v 15.77924 5.04130 -3.86926
v 15.77924 4.90130 -3.68926
v 16.27924 4.90130 -3.68926
v 16.27924 5.04130 -3.68926
v 15.77924 5.04130 -3.68926
v 15.57877 5.22271 -2.87558
v 15.69262 5.12184 -2.86081
v 15.80294 5.16037 -2.95930
v 15.75727 5.28506 -3.03494
v 15.61873 5.32359 -2.98320
v 15.85566 5.60236 -2.41691
v 15.96951 5.50148 -2.40214
v 16.07982 5.54002 -2.50063
v 16.03416 5.66471 -2.57627
v 15.89562 5.70324 -2.52453
v 15.69006 5.22271 -2.94276
v 15.96695 5.60236 -2.48409
v 16.86292 5.22271 -3.65079
v 16.97677 5.12184 -3.63602
v 17.08709 5.16037 -3.73451
v 17.04142 5.28506 -3.81015
v 16.90288 5.32359 -3.75841
v 17.13981 5.60236 -3.19212
v 17.25366 5.50148 -3.17735
v 17.36397 5.54002 -3.27584
v 17.31831 5.66471 -3.35148
v 17.17977 5.70324 -3.29974
v 16.97422 5.22271 -3.71798
v 17.25110 5.60236 -3.25931
v 15.83158 5.60236 -2.45942
v 15.94516 5.50260 -2.43698
v 16.06049 5.54071 -2.52972
v 16.01820 5.66402 -2.60948
v 15.87672 5.70212 -2.56603
v 16.07980 5.99024 -1.99135
v 16.19338 5.89048 -1.96891
v 16.30871 5.92859 -2.06165
v 16.26642 6.05190 -2.14141
v 16.12494 6.09000 -2.09796
v 15.94643 5.60236 -2.52033
v 16.19465 5.99024 -2.05226
v 17.15678 5.60236 -3.16217
v 17.27035 5.50260 -3.13973
v 17.38569 5.54071 -3.23247
v 17.34340 5.66402 -3.31223
v 17.20192 5.70212 -3.26878
v 17.40499 5.99024 -2.69410
v 17.51857 5.89048 -2.67166
v 17.63391 5.92859 -2.76440
v 17.59161 6.05190 -2.84416
v 17.45014 6.09000 -2.80071
v 17.27163 5.60236 -3.22308
v 17.51984 5.99024 -2.75501
v 15.89088 5.60236 -2.41163
v 15.85809 5.53236 -2.47348
v 15.82529 5.60236 -2.53532
v 15.85809 5.67236 -2.47348
v 17.39277 5.60236 -3.20808
v 17.35997 5.53236 -3.26993
v 17.32718 5.60236 -3.33177
v 17.35997 5.67236 -3.26993
v 15.85809 5.60236 -2.47348
v 17.35997 5.60236 -3.26993
v 16.35903 5.65236 -2.96170
v 16.85903 5.65236 -2.96170
v 16.85903 5.79236 -2.96170
v 16.35903 5.79236 -2.96170
v 16.35903 5.65236 -2.78170
v 16.85903 5.65236 -2.78170
v 16.85903 5.79236 -2.78170
v 16.35903 5.79236 -2.78170
v 16.60903 0.10000 -3.07170
v 16.43582 0.10000 -2.97170
v 16.43582 0.10000 -2.77170
v 16.60903 0.10000 -2.67170
v 16.78223 0.10000 -2.77170
v 16.78223 0.10000 -2.97170
v 16.60903 5.45236 -3.03170
v 16.47047 5.45236 -2.95170
v 16.47047 5.45236 -2.79170
v 16.60903 5.45236 -2.71170
v 16.74759 5.45236 -2.79170
v 16.74759 5.45236 -2.95170
v 16.60903 0.10000 -2.87170
v 16.60903 5.45236 -2.87170
v 16.20903 0.00000 -3.27170
v 17.00903 0.00000 -3.27170
v 17.00903 0.30000 -3.27170
v 16.20903 0.30000 -3.27170
v 16.20903 0.00000 -2.47170
v 17.00903 0.00000 -2.47170
v 17.00903 0.30000 -2.47170
v 16.20903 0.30000 -2.47170
v 16.05553 5.99024 -2.04080
v 16.16812 5.89164 -2.00989
v 16.28879 5.92930 -2.09577
v 16.25077 6.05118 -2.17976
v 16.10661 6.08885 -2.14579
v 16.27144 6.38634 -1.56372
v 16.38403 6.28774 -1.53280
v 16.50470 6.32540 -1.61869
v 16.46669 6.44729 -1.70268
v 16.32252 6.48495 -1.66871
v 16.17396 5.99024 -2.09440
v 16.38987 6.38634 -1.61732
v 17.42209 5.99024 -2.65926
v 17.53468 5.89164 -2.62835
v 17.65535 5.92930 -2.71423
v 17.61734 6.05118 -2.79822
v 17.47318 6.08885 -2.76425
v 17.63801 6.38634 -2.18218
v 17.75060 6.28774 -2.15126
v 17.87126 6.32540 -2.23715
v 17.83325 6.44729 -2.32114
v 17.68909 6.48495 -2.28717
v 17.54053 5.99024 -2.71286
v 17.75644 6.38634 -2.23578
v 16.24742 6.38634 -1.62232
v 16.35802 6.28891 -1.58196
v 16.48435 6.32613 -1.65948
v 16.45183 6.44656 -1.74776
v 16.30539 6.48378 -1.72479
v 16.42630 6.79053 -1.13681
v 16.53690 6.69310 -1.09644
v 16.66323 6.73031 -1.17397
v 16.63071 6.85075 -1.26225
v 16.48427 6.88796 -1.23928
v 16.36940 6.38634 -1.66726
v 16.54828 6.79053 -1.18175
v 17.65493 6.38634 -2.14089
v 17.76553 6.28891 -2.10053
v 17.89186 6.32613 -2.17805
v 17.85934 6.44656 -2.26633
v 17.71291 6.48378 -2.24336
v 17.83381 6.79053 -1.65538
v 17.94441 6.69310 -1.61501
v 18.07074 6.73031 -1.69254
v 18.03822 6.85075 -1.78082
v 17.89178 6.88796 -1.75785
v 17.77691 6.38634 -2.18583
v 17.95579 6.79053 -1.70032
v 16.29977 6.38634 -1.56701
v 16.27557 6.31634 -1.63269
v 16.25137 6.38634 -1.69838
v 16.27557 6.45634 -1.63269
v 17.89495 6.38634 -2.15472
v 17.87075 6.31634 -2.22040
v 17.84655 6.38634 -2.28609
v 17.87075 6.45634 -2.22040
v 16.27557 6.38634 -1.63269
v 17.87075 6.38634 -2.22040
v 16.82316 6.43634 -2.01655
v 17.32316 6.43634 -2.01655
v 17.32316 6.57634 -2.01655
v 16.82316 6.57634 -2.01655
v 16.82316 6.43634 -1.83655
v 17.32316 6.43634 -1.83655
v 17.32316 6.57634 -1.83655
v 16.82316 6.57634 -1.83655
v 16.40365 6.79053 -1.20729
v 16.51085 6.69424 -1.15638
v 16.64310 6.73102 -1.22354
v 16.61764 6.85004 -1.31596
v 16.46965 6.88682 -1.30591
v 16.53947 7.20235 -0.71434
v 16.64667 7.10606 -0.66343
v 16.77892 7.14284 -0.73060
v 16.75346 7.26186 -0.82302
v 16.60547 7.29864 -0.81297
v 16.52898 6.79053 -1.24182
v 16.66480 7.20235 -0.74887
v 17.84976 6.79053 -1.60572
v 17.95696 6.69424 -1.55481
v 18.08922 6.73102 -1.62198
v 18.06376 6.85004 -1.71440
v 17.91576 6.88682 -1.70435
v 17.98558 7.20235 -1.11278
v 18.09278 7.10606 -1.06187
v 18.22504 7.14284 -1.12904
v 18.19957 7.26186 -1.22145
v 18.05158 7.29864 -1.21140
v 17.97509 6.79053 -1.64025
v 18.11091 7.20235 -1.14731
v 16.52044 7.20235 -0.79977
v 16.62227 7.10709 -0.73723
v 16.76046 7.14347 -0.79140
v 16.74404 7.26123 -0.88742
v 16.59570 7.29762 -0.89259
v 16.60570 7.62079 -0.30116
v 16.70752 7.52553 -0.23863
v 16.84572 7.56192 -0.29279
v 16.82930 7.67967 -0.38881
v 16.68096 7.71606 -0.39398
v 16.64858 7.20235 -0.82168
v 16.73384 7.62079 -0.32308
v 17.99898 7.20235 -1.05259
v 18.10081 7.10709 -0.99005
v 18.23900 7.14347 -1.04422
v 18.22258 7.26123 -1.14023
v 18.07424 7.29762 -1.14541
v 18.08424 7.62079 -0.55398
v 18.18607 7.52553 -0.49144
v 18.32426 7.56192 -0.54561
v 18.30784 7.67967 -0.64163
v 18.15950 7.71606 -0.64680
v 18.12712 7.20235 -1.07450
v 18.21238 7.62079 -0.57589
v 16.56181 7.20235 -0.73583
v 16.55001 7.13235 -0.80483
v 16.53821 7.20235 -0.87383
v 16.55001 7.27235 -0.80483
v 18.23749 7.20235 -1.02235
v 18.22569 7.13235 -1.09135
v 18.21389 7.20235 -1.16035
v 18.22569 7.27235 -1.09135
v 16.55001 7.20235 -0.80483
v 18.22569 7.20235 -1.09135
v 17.13785 7.25235 -1.03809
v 17.63785 7.25235 -1.03809
v 17.63785 7.39235 -1.03809
v 17.13785 7.39235 -1.03809
v 17.13785 7.25235 -0.85809
v 17.63785 7.25235 -0.85809
v 17.63785 7.39235 -0.85809
v 17.13785 7.39235 -0.85809
v 16.59429 7.62079 -0.40396
v 16.68812 7.52626 -0.32903
v 16.83169 7.56237 -0.36694
v 16.82660 7.67922 -0.46531
v 16.67987 7.71532 -0.48819
v 16.62025 8.04387 0.09725
v 16.71408 7.94934 0.17218
v 16.85766 7.98545 0.13427
v 16.85256 8.10229 0.03590
v 16.70584 8.13840 0.01302
v 16.72411 7.62079 -0.41069
v 16.75008 8.04387 0.09052
v 18.09228 7.62079 -0.48156
v 18.18611 7.52626 -0.40662
v 18.32969 7.56237 -0.44454
v 18.32459 7.67922 -0.54291
v 18.17786 7.71532 -0.56579
v 18.11824 8.04387 0.01965
v 18.21207 7.94934 0.09458
v 18.35565 7.98545 0.05667
v 18.35055 8.10229 -0.04170
v 18.20383 8.13840 -0.06458
v 18.22211 7.62079 -0.48828
v 18.24807 8.04387 0.01292
v 16.62070 8.04387 -0.00174
v 16.70549 7.94972 0.08371
v 16.85243 7.98568 0.06198
v 16.85845 8.10206 -0.03688
v 16.71523 8.13802 -0.07627
v 16.59033 8.46940 0.49731
v 16.67512 8.37525 0.58275
v 16.82205 8.41121 0.56103
v 16.82807 8.52759 0.46216
v 16.68486 8.56355 0.42278
v 16.75046 8.04387 0.00616
v 16.72009 8.46940 0.50520
v 18.11793 8.04387 0.08939
v 18.20272 7.94972 0.17483
v 18.34966 7.98568 0.15311
v 18.35567 8.10206 0.05424
v 18.21246 8.13802 0.01486
v 18.08755 8.46940 0.58843
v 18.17235 8.37525 0.67388
v 18.31928 8.41121 0.65215
v 18.32530 8.52759 0.55329
v 18.18208 8.56355 0.51390
v 18.24769 8.04387 0.09729
v 18.21731 8.46940 0.59633
v 16.64639 8.04387 0.06996
v 16.65064 7.97387 0.00009
v 16.65490 8.04387 -0.06979
v 16.65064 8.11387 0.00009
v 18.34325 8.04387 0.17323
v 18.34750 7.97387 0.10336
v 18.35176 8.04387 0.03349
v 18.34750 8.11387 0.10336
v 16.65064 8.04387 0.00009
v 18.34750 8.04387 0.10336
v 17.24907 8.09387 -0.03828
v 17.74907 8.09387 -0.03828
v 17.74907 8.23387 -0.03828
v 17.24907 8.23387 -0.03828
v 17.24907 8.09387 0.14172
v 17.74907 8.09387 0.14172
v 17.74907 8.23387 0.14172
v 17.24907 8.23387 0.14172
v 17.49907 0.10000 -0.14828
v 17.32587 0.10000 -0.04828
v 17.32587 0.10000 0.15172
v 17.49907 0.10000 0.25172
v 17.67228 0.10000 0.15172
v 17.67228 0.10000 -0.04828
v 17.49907 7.89387 -0.10828
v 17.36051 7.89387 -0.02828
v 17.36051 7.89387 0.13172
v 17.49907 7.89387 0.21172
v 17.63764 7.89387 0.13172
v 17.63764 7.89387 -0.02828
v 17.49907 0.10000 0.05172
v 17.49907 7.89387 0.05172
v 17.09907 0.00000 -0.34828
v 17.89907 0.00000 -0.34828
v 17.89907 0.30000 -0.34828
v 17.09907 0.30000 -0.34828
v 17.09907 0.00000 0.45172
v 17.89907 0.00000 0.45172
v 17.89907 0.30000 0.45172
v 17.09907 0.30000 0.45172
v 16.59780 8.46940 0.42452
v 16.67520 8.37528 0.51675
v 16.82343 8.41123 0.50729
v 16.83765 8.52757 0.40922
v 16.69820 8.56352 0.35806
v 16.52609 8.89519 0.91919
v 16.60349 8.80108 1.01142
v 16.75172 8.83703 1.00197
v 16.76594 8.95336 0.90389
v 16.62649 8.98931 0.85273
v 16.72646 8.46940 0.44317
v 16.65475 8.89519 0.93784
v 18.08229 8.46940 0.63972
v 18.15968 8.37528 0.73195
v 18.30792 8.41123 0.72249
v 18.32213 8.52757 0.62442
v 18.18269 8.56352 0.57326
v 18.01058 8.89519 1.13439
v 18.08797 8.80108 1.22662
v 18.23621 8.83703 1.21717
v 18.25042 8.95336 1.11909
v 18.11098 8.98931 1.06793
v 18.21094 8.46940 0.65837
v 18.13923 8.89519 1.15304
v 16.53693 8.89519 0.85918
v 16.60781 8.80084 0.95627
v 16.75632 8.83688 0.95721
v 16.77722 8.95351 0.86070
v 16.64163 8.98955 0.80011
v 16.43085 9.31950 1.34896
v 16.50174 9.22514 1.44606
v 16.65025 9.26118 1.44700
v 16.67115 9.37782 1.35048
v 16.53556 9.41386 1.28990
v 16.66398 8.89519 0.88669
v 16.55791 9.31950 1.37648
v 18.00294 8.89519 1.17667
v 18.07382 8.80084 1.27377
v 18.22233 8.83688 1.27471
v 18.24324 8.95351 1.17819
v 18.10764 8.98955 1.11760
v 17.89687 9.31950 1.66646
v 17.96775 9.22514 1.76355
v 18.11626 9.26118 1.76449
v 18.13716 9.37782 1.66798
v 18.00157 9.41386 1.60739
v 18.13000 8.89519 1.20419
v 18.02392 9.31950 1.69398
v 16.55143 8.89519 0.93394
v 16.56625 8.82519 0.86553
v 16.58106 8.89519 0.79711
v 16.56625 8.96519 0.86553
v 18.21291 8.89519 1.29377
v 18.22773 8.82519 1.22535
v 18.24255 8.89519 1.15694
v 18.22773 8.96519 1.22535
v 16.56625 8.89519 0.86553
v 18.22773 8.89519 1.22535
v 17.14699 8.94519 0.95544
v 17.64699 8.94519 0.95544
v 17.64699 9.08519 0.95544
v 17.14699 9.08519 0.95544
v 17.14699 8.94519 1.13544
v 17.64699 8.94519 1.13544
v 17.64699 9.08519 1.13544
v 17.14699 9.08519 1.13544
v 16.44253 9.31950 1.30148
v 16.50803 9.22476 1.40193
v 16.65621 9.26095 1.41128
v 16.68229 9.37805 1.31662
v 16.55023 9.41424 1.24876
v 16.30887 9.74140 1.78658
v 16.37437 9.64666 1.88703
v 16.52256 9.68285 1.89638
v 16.54864 9.79995 1.80172
v 16.41657 9.83614 1.73386
v 16.56786 9.31950 1.33601
v 16.43420 9.74140 1.82111
v 17.88864 9.31950 1.69991
v 17.95414 9.22476 1.80036
v 18.10233 9.26095 1.80971
v 18.12841 9.37805 1.71505
v 17.99634 9.41424 1.64719
v 17.75499 9.74140 2.18501
v 17.82049 9.64666 2.28546
v 17.96867 9.68285 2.29481
v 17.99475 9.79995 2.20015
v 17.86269 9.83614 2.13229
v 18.01397 9.31950 1.73444
v 17.88032 9.74140 2.21955
v 16.32191 9.74140 1.74358
v 16.38239 9.64615 1.84665
v 16.52983 9.68253 1.86378
v 16.56047 9.80027 1.77129
v 16.43197 9.83665 1.69700
v 16.16281 10.16006 2.22380
v 16.22329 10.06482 2.32687
v 16.37073 10.10120 2.34400
v 16.40138 10.21893 2.25151
v 16.27287 10.25531 2.17722
v 16.44532 9.74140 1.78446
v 16.28622 10.16006 2.26468
v 17.74580 9.74140 2.21532
v 17.80628 9.64615 2.31839
v 17.95372 9.68253 2.33552
v 17.98436 9.80027 2.24303
v 17.85586 9.83665 2.16874
v 17.58670 10.16006 2.69553
v 17.64718 10.06482 2.79861
v 17.79462 10.10120 2.81574
v 17.82527 10.21893 2.72325
v 17.69676 10.25531 2.64896
v 17.86921 9.74140 2.25620
v 17.71011 10.16006 2.73642
v 16.32838 9.74140 1.81946
v 16.35039 9.67140 1.75301
v 16.37240 9.74140 1.68656
v 16.35039 9.81140 1.75301
v 17.94212 9.74140 2.35410
v 17.96413 9.67140 2.28765
v 17.98615 9.74140 2.22120
v 17.96413 9.81140 2.28765
v 16.35039 9.74140 1.75301
v 17.96413 9.74140 2.28765
v 16.90726 9.79140 1.93033
v 17.40726 9.79140 1.93033
v 17.40726 9.93140 1.93033
v 16.90726 9.93140 1.93033
v 16.90726 9.79140 2.11033
v 17.40726 9.79140 2.11033
v 17.40726 9.93140 2.11033
v 16.90726 9.93140 2.11033
v 16.17603 10.16006 2.18670
v 16.23209 10.06424 2.29172
v 16.37852 10.10084 2.31568
v 16.41296 10.21929 2.22546
v 16.28782 10.25589 2.14575
v 15.99452 10.57501 2.66218
v 16.05057 10.47918 2.76721
v 16.19700 10.51579 2.79116
v 16.23144 10.63423 2.70095
v 16.10630 10.67083 2.62123
v 16.29748 10.16006 2.23306
v 16.11597 10.57501 2.70855
v 17.57739 10.16006 2.72167
v 17.63345 10.06424 2.82670
v 17.77988 10.10084 2.85065
v 17.81432 10.21929 2.76044
v 17.68918 10.25589 2.68072
v 17.39587 10.57501 3.19715
v 17.45193 10.47918 3.30218
v 17.59836 10.51579 3.32614
v 17.63280 10.63423 3.23592
v 17.50766 10.67083 3.15620
v 17.69884 10.16006 2.76804
v 17.51733 10.57501 3.24352
v 16.00941 10.57501 2.62565
v 16.06105 10.47848 2.73228
v 16.20612 10.51535 2.76309
v 16.24415 10.63467 2.67549
v 16.12257 10.67154 2.59055
v 15.80528 10.98533 3.09595
v 15.85692 10.88880 3.20258
v 16.00199 10.92567 3.23339
v 16.04001 11.04499 3.14579
v 15.91844 11.08186 3.06085
v 16.12866 10.57501 2.67741
v 15.92453 10.98533 3.14771
v 17.38538 10.57501 3.22289
v 17.43702 10.47848 3.32952
v 17.58210 10.51535 3.36032
v 17.62012 10.63467 3.27273
v 17.49854 10.67154 3.18779
v 17.18125 10.98533 3.69319
v 17.23289 10.88880 3.79982
v 17.37797 10.92567 3.83062
v 17.41599 11.04499 3.74303
v 17.29441 11.08186 3.65809
v 17.50463 10.57501 3.27465
v 17.30050 10.98533 3.74495
v 16.00906 10.57501 2.70181
v 16.03693 10.50501 2.63760
v 16.06480 10.57501 2.57338
v 16.03693 10.64501 2.63760
v 17.56849 10.57501 3.37868
v 17.59637 10.50501 3.31447
v 17.62424 10.57501 3.25025
v 17.59637 10.64501 3.31447
v 16.03693 10.57501 2.63760
v 17.59637 10.57501 3.31447
v 16.56665 10.62501 2.88603
v 17.06665 10.62501 2.88603
v 17.06665 10.76501 2.88603
v 16.56665 10.76501 2.88603
v 16.56665 10.62501 3.06603
v 17.06665 10.62501 3.06603
v 17.06665 10.76501 3.06603
v 16.56665 10.76501 3.06603
v 16.81665 0.10000 2.77603
v 16.64344 0.10000 2.87603
v 16.64344 0.10000 3.07603
v 16.81665 0.10000 3.17603
v 16.98985 0.10000 3.07603
v 16.98985 0.10000 2.87603
v 16.81665 10.42501 2.81603
v 16.67808 10.42501 2.89603
v 16.67808 10.42501 3.05603
v 16.81665 10.42501 3.13603
v 16.95521 10.42501 3.05603
v 16.95521 10.42501 2.89603
v 16.81665 0.10000 2.97603
v 16.81665 10.42501 2.97603
v 16.41665 0.00000 2.57603
v 17.21665 0.00000 2.57603
v 17.21665 0.30000 2.57603
v 16.41665 0.30000 2.57603
v 16.41665 0.00000 3.37603
v 17.21665 0.00000 3.37603
v 17.21665 0.30000 3.37603
v 16.41665 0.30000 3.37603
v 15.82030 10.98533 3.06319
v 15.86795 10.88804 3.17098
v 16.01148 10.92520 3.20803
v 16.05255 11.04545 3.12313
v 15.93439 11.08261 3.03361
v 15.59533 11.39058 3.52834
v 15.64298 11.29329 3.63614
v 15.78651 11.33045 3.67319
v 15.82758 11.45070 3.58828
v 15.70942 11.48786 3.49876
v 15.93733 10.98533 3.11979
v 15.71236 11.39058 3.58494
v 17.17066 10.98533 3.71627
v 17.21831 10.88804 3.82407
v 17.36184 10.92520 3.86112
v 17.40291 11.04545 3.77621
v 17.28475 11.08261 3.68670
v 16.94569 11.39058 4.18143
v 16.99334 11.29329 4.28923
v 17.13687 11.33045 4.32628
v 17.17794 11.45070 4.24137
v 17.05978 11.48786 4.15185
v 17.28769 10.98533 3.77288
v 17.06273 11.39058 4.23803
v 15.61244 11.39058 3.49483
v 15.65598 11.29239 3.60354
v 15.79759 11.32989 3.64708
v 15.84156 11.45126 3.56528
v 15.72713 11.48877 3.47118
v 15.36552 11.78963 3.95417
v 15.40907 11.69145 4.06288
v 15.55067 11.72895 4.10642
v 15.59465 11.85032 4.02461
v 15.48021 11.88782 3.93052
v 15.72694 11.39058 3.55638
v 15.48002 11.78963 4.01572
v 16.93365 11.39058 4.20504
v 16.97719 11.29239 4.31375
v 17.11880 11.32989 4.35729
v 17.16277 11.45126 4.27549
v 17.04834 11.48877 4.18139
v 16.68673 11.78963 4.66438
v 16.73028 11.69145 4.77309
v 16.87188 11.72895 4.81663
v 16.91586 11.85032 4.73483
v 16.80143 11.88782 4.64073
v 17.04815 11.39058 4.26659
v 16.80123 11.78963 4.72593
v 15.60572 11.39058 3.57069
v 15.63886 11.32058 3.50903
v 15.67200 11.39058 3.44738
v 15.63886 11.46058 3.50903
v 17.10309 11.39058 4.37560
v 17.13623 11.32058 4.31394
v 17.16937 11.39058 4.25229
v 17.13623 11.46058 4.31394
v 15.63886 11.39058 3.50903
v 17.13623 11.39058 4.31394
v 16.13755 11.44058 3.82149
v 16.63755 11.44058 3.82149
v 16.63755 11.58058 3.82149
v 16.13755 11.58058 3.82149
v 16.13755 11.44058 4.00149
v 16.63755 11.44058 4.00149
v 16.63755 11.58058 4.00149
v 16.13755 11.58058 4.00149
v 15.38431 11.78963 3.92096
v 15.42380 11.69041 4.03028
v 15.56312 11.72831 4.08037
v 15.60973 11.85096 4.00200
v 15.49922 11.88886 3.90348
v 15.11491 12.18142 4.37387
v 15.15441 12.08220 4.48319
v 15.29373 12.12010 4.53328
v 15.34034 12.24274 4.45491
v 15.22983 12.28064 4.35640
v 15.49604 11.78963 3.98742
v 15.22664 12.18142 4.44033
v 16.67349 11.78963 4.68777
v 16.71299 11.69041 4.79709
v 16.85231 11.72831 4.84718
v 16.89892 11.85096 4.76881
v 16.78841 11.88886 4.67029
v 16.40410 12.18142 5.14068
v 16.44359 12.08220 5.25000
v 16.58292 12.12010 5.30009
v 16.62953 12.24274 5.22172
v 16.51901 12.28064 5.12321
v 16.78522 11.78963 4.75423
v 16.51583 12.18142 5.20714
v 15.13627 12.18142 4.33977
v 15.17164 12.08099 4.44940
v 15.30817 12.11935 4.50633
v 15.35720 12.24349 4.43188
v 15.25095 12.28185 4.32894
v 14.84293 12.56441 4.78524
v 14.87829 12.46398 4.89487
v 15.01483 12.50234 4.95180
v 15.06385 12.62648 4.87736
v 14.95761 12.66484 4.77442
v 15.24485 12.18142 4.41126
v 14.95150 12.56441 4.85674
v 16.38905 12.18142 5.16471
v 16.42442 12.08099 5.27434
v 16.56096 12.11935 5.33127
v 16.60998 12.24349 5.25683
v 16.50374 12.28185 5.15389
v 16.09571 12.56441 5.61019
v 16.13108 12.46398 5.71982
v 16.26761 12.50234 5.77675
v 16.31664 12.62648 5.70230
v 16.21039 12.66484 5.59937
v 16.49763 12.18142 5.23621
v 16.20429 12.56441 5.68169
v 15.12283 12.18142 4.41473
v 15.16133 12.11142 4.35627
v 15.19983 12.18142 4.29780
v 15.16133 12.25142 4.35627
v 16.54265 12.18142 5.34967
v 16.58115 12.11142 5.29121
v 16.61964 12.18142 5.23274
v 16.58115 12.25142 5.29121
v 15.16133 12.18142 4.35627
v 16.58115 12.18142 5.29121
v 15.62124 12.23142 4.73374
v 16.12124 12.23142 4.73374
v 16.12124 12.37142 4.73374
v 15.62124 12.37142 4.73374
v 15.62124 12.23142 4.91374
v 16.12124 12.23142 4.91374
v 16.12124 12.37142 4.91374
v 15.62124 12.37142 4.91374
v 14.86836 12.56441 4.74867
v 14.89937 12.46251 4.85826
v 15.03238 12.50143 4.92267
v 15.08358 12.62739 4.85289
v 14.98221 12.66631 4.74535
v 14.54824 12.93627 5.18502
v 14.57925 12.83437 5.29461
v 14.71225 12.87329 5.35902
v 14.76345 12.99925 5.28924
v 14.66208 13.03817 5.18170
v 14.97318 12.56441 4.82557
v 14.65305 12.93627 5.26192
v 16.07779 12.56441 5.63596
v 16.10880 12.46251 5.74555
v 16.24181 12.50143 5.80996
v 16.29300 12.62739 5.74018
v 16.19164 12.66631 5.63264
v 15.75766 12.93627 6.07231
v 15.78867 12.83437 6.18190
v 15.92168 12.87329 6.24631
v 15.97288 12.99925 6.17653
v 15.87151 13.03817 6.06899
v 16.18261 12.56441 5.71286
v 15.86248 12.93627 6.14921
v 14.57912 12.93627 5.14536
v 14.60554 12.83256 5.25445
v 14.73400 12.87217 5.32715
v 14.78696 13.00037 5.26299
v 14.69124 13.03998 5.15063
v 14.22850 13.29371 5.57010
v 14.25493 13.19000 5.67919
v 14.38338 13.22961 5.75189
v 14.43634 13.35781 5.68773
v 14.34062 13.39742 5.57538
v 14.67937 12.93627 5.22811
v 14.32875 13.29371 5.65286
v 15.73591 12.93627 6.10026
v 15.76233 12.83256 6.20935
v 15.89079 12.87217 6.28205
v 15.94375 13.00037 6.21789
v 15.84803 13.03998 6.10554
v 15.38529 13.29371 6.52500
v 15.41172 13.19000 6.63409
v 15.54017 13.22961 6.70679
v 15.59313 13.35781 6.64263
v 15.49741 13.39742 6.53028
v 15.83616 12.93627 6.18302
v 15.48554 13.29371 6.60776
v 14.55769 12.93627 5.21844
v 14.60225 12.86627 5.16445
v 14.64681 12.93627 5.11047
v 14.60225 13.00627 5.16445
v 15.86872 12.93627 6.30066
v 15.91328 12.86627 6.24668
v 15.95784 12.93627 6.19269
v 15.91328 13.00627 6.24668
v 14.60225 12.93627 5.16445
v 15.91328 12.93627 6.24668
v 15.00777 12.98627 5.61557
v 15.50777 12.98627 5.61557
v 15.50777 13.12627 5.61557
v 15.00777 13.12627 5.61557
v 15.00777 12.98627 5.79557
v 15.50777 12.98627 5.79557
v 15.50777 13.12627 5.79557
v 15.00777 13.12627 5.79557
v 15.25777 0.10000 5.50557
v 15.08456 0.10000 5.60557
v 15.08456 0.10000 5.80557
v 15.25777 0.10000 5.90557
v 15.43097 0.10000 5.80557
v 15.43097 0.10000 5.60557
v 15.25777 12.78627 5.54557
v 15.11920 12.78627 5.62557
v 15.11920 12.78627 5.78557
v 15.25777 12.78627 5.86557
v 15.39633 12.78627 5.78557
v 15.39633 12.78627 5.62557
v 15.25777 0.10000 5.70557
v 15.25777 12.78627 5.70557
v 14.85777 0.00000 5.30557
v 15.65777 0.00000 5.30557
v 15.65777 0.30000 5.30557
v 14.85777 0.30000 5.30557
v 14.85777 0.00000 6.10557
v 15.65777 0.00000 6.10557
v 15.65777 0.30000 6.10557
v 14.85777 0.30000 6.10557
v 14.26709 13.29371 5.52639
v 14.28872 13.18774 5.63436
v 14.41113 13.22822 5.71641
v 14.46515 13.35921 5.65915
v 14.37613 13.39968 5.54171
v 13.88091 13.63189 5.93568
v 13.90254 13.52591 6.04365
v 14.02495 13.56639 6.12570
v 14.07897 13.69738 6.06844
v 13.98995 13.73786 5.95100
v 14.36164 13.29371 5.61560
v 13.97546 13.63189 6.02489
v 15.35810 13.29371 6.55580
v 15.37973 13.18774 6.66377
v 15.50214 13.22822 6.74582
v 15.55617 13.35921 6.68856
v 15.46714 13.39968 6.57112
v 14.97192 13.63189 6.96509
v 14.99355 13.52591 7.07306
v 15.11596 13.56639 7.15511
v 15.16999 13.69738 7.09785
v 15.08096 13.73786 6.98041
v 15.45266 13.29371 6.64502
v 15.06648 13.63189 7.05431
v 13.93251 13.63189 5.88529
v 13.94911 13.52294 5.99118
v 14.06291 13.56456 6.08431
v 14.11664 13.69922 6.03599
v 14.03605 13.74083 5.91299
v 13.50247 13.94225 6.27206
v 13.51907 13.83330 6.37794
v 13.63287 13.87492 6.47107
v 13.68660 14.00958 6.42275
v 13.60601 14.05119 6.29975
v 14.01944 13.63189 5.98195
v 13.58940 13.94225 6.36871
v 14.93557 13.63189 7.00059
v 14.95217 13.52294 7.10647
v 15.06596 13.56456 7.19961
v 15.11969 13.69922 7.15129
v 15.03910 13.74083 7.02829
v 14.50553 13.94225 7.38735
v 14.52213 13.83330 7.49323
v 14.63592 13.87492 7.58637
v 14.68965 14.00958 7.53805
v 14.60906 14.05119 7.41505
v 15.02250 13.63189 7.09725
v 14.59246 13.94225 7.48401
v 13.90053 13.63189 5.95441
v 13.95257 13.56189 5.90760
v 14.00462 13.63189 5.86079
v 13.95257 13.70189 5.90760
v 15.03732 13.63189 7.21841
v 15.08937 13.56189 7.17160
v 15.14142 13.63189 7.12479
v 15.08937 13.70189 7.17160
v 13.95257 13.63189 5.90760
v 15.08937 13.63189 7.17160
v 14.27097 13.68189 6.44960
v 14.77097 13.68189 6.44960
v 14.77097 13.82189 6.44960
v 14.27097 13.82189 6.44960
v 14.27097 13.68189 6.62960
v 14.77097 13.68189 6.62960
v 14.77097 13.82189 6.62960
v 14.27097 13.82189 6.62960
v 13.57570 13.94225 6.21296
v 13.58539 13.83051 6.31677
v 13.68688 13.87319 6.42276
v 13.73990 14.01131 6.38446
v 13.67119 14.05399 6.25480
v 13.09486 14.22316 6.56024
v 13.10455 14.11142 6.66404
v 13.20603 14.15410 6.77004
v 13.25906 14.29222 6.73174
v 13.19035 14.33490 6.60208
v 13.65181 13.94225 6.31835
v 13.17097 14.22316 6.66563
v 14.45393 13.94225 7.42898
v 14.46363 13.83051 7.53279
v 14.56511 13.87319 7.63878
v 14.61814 14.01131 7.60048
v 14.54943 14.05399 7.47082
v 13.97309 14.22316 7.77626
v 13.98279 14.11142 7.88006
v 14.08427 14.15410 7.98606
v 14.13730 14.29222 7.94776
v 14.06859 14.33490 7.81809
v 14.53005 13.94225 7.53437
v 14.04921 14.22316 7.88165
v 13.17841 14.22316 6.50679
v 13.17919 14.10994 6.60944
v 13.26702 14.15319 6.72678
v 13.32053 14.29313 6.69666
v 13.26576 14.33638 6.56070
v 12.65462 14.48689 6.80164
v 12.65540 14.37367 6.90429
v 12.74323 14.41692 7.02164
v 12.79674 14.55687 6.99152
v 12.74198 14.60011 6.85555
v 13.24218 14.22316 6.62007
v 12.71839 14.48689 6.91493
v 13.91423 14.22316 7.81391
v 13.91500 14.10994 7.91656
v 14.00283 14.15319 8.03391
v 14.05634 14.29313 8.00379
v 14.00158 14.33638 7.86782
v 13.39044 14.48689 8.10877
v 13.39121 14.37367 8.21142
v 13.47904 14.41692 8.32876
v 13.53255 14.55687 8.29864
v 13.47779 14.60011 8.16268
v 13.97800 14.22316 7.92720
v 13.45421 14.48689 8.22205
v 13.13213 14.22316 6.56727
v 13.19313 14.15316 6.53293
v 13.25413 14.22316 6.49859
v 13.19313 14.29316 6.53293
v 13.96605 14.22316 8.04868
v 14.02705 14.15316 8.01434
v 14.08805 14.22316 7.98000
v 14.02705 14.29316 8.01434
v 13.19313 14.22316 6.53293
v 14.02705 14.22316 8.01434
v 13.36009 14.27316 7.18364
v 13.86009 14.27316 7.18364
v 13.86009 14.41316 7.18364
v 13.36009 14.41316 7.18364
v 13.36009 14.27316 7.36364
v 13.86009 14.27316 7.36364
v 13.86009 14.41316 7.36364
v 13.36009 14.41316 7.36364
v 12.72802 14.48689 6.76473
v 12.72292 14.37198 6.86535
v 12.79801 14.41587 6.99101
v 12.84953 14.55791 6.96804
v 12.80627 14.60180 6.82820
v 12.17074 14.72917 7.01313
v 12.16564 14.61427 7.11376
v 12.24073 14.65816 7.23941
v 12.29225 14.80019 7.21645
v 12.24899 14.84408 7.07660
v 12.78095 14.48689 6.88346
v 12.22367 14.72917 7.13187
v 13.33872 14.48689 8.13478
v 13.33362 14.37198 8.23540
v 13.40871 14.41587 8.36106
v 13.46023 14.55791 8.33810
v 13.41697 14.60180 8.19825
v 12.78145 14.72917 8.38319
v 12.77634 14.61427 8.48381
v 12.85144 14.65816 8.60947
v 12.90295 14.80019 8.58650
v 12.85970 14.84408 8.44665
v 13.39165 14.48689 8.25352
v 12.83438 14.72917 8.50192
v 12.23264 14.72917 6.98831
v 12.22447 14.61246 7.08663
v 12.28810 14.65704 7.21824
v 12.33559 14.80131 7.20125
v 12.30132 14.84588 7.05915
v 11.64910 14.94586 7.19704
v 11.64093 14.82915 7.29536
v 11.70456 14.87373 7.42697
v 11.75205 15.01799 7.40998
v 11.71777 15.06257 7.26788
v 12.27642 14.72917 7.11072
v 11.69288 14.94586 7.31945
v 12.73784 14.72917 8.40068
v 12.72967 14.61246 8.49900
v 12.79330 14.65704 8.63060
v 12.84079 14.80131 8.61361
v 12.80651 14.84588 8.47151
v 12.15430 14.94586 8.60941
v 12.14613 14.82915 8.70773
v 12.20976 14.87373 8.83933
v 12.25725 15.01799 8.82234
v 12.22297 15.06257 8.68024
v 12.78162 14.72917 8.52308
v 12.19808 14.94586 8.73181
v 12.17683 14.72917 7.04013
v 12.24274 14.65917 7.01656
v 12.30866 14.72917 6.99298
v 12.24274 14.79917 7.01656
v 12.74939 14.72917 8.64081
v 12.81530 14.65917 8.61724
v 12.88121 14.72917 8.59366
v 12.81530 14.79917 8.61724
v 12.24274 14.72917 7.01656
v 12.81530 14.72917 8.61724
v 12.27902 14.77917 7.72690
v 12.77902 14.77917 7.72690
v 12.77902 14.91917 7.72690
v 12.27902 14.91917 7.72690
v 12.27902 14.77917 7.90690
v 12.77902 14.77917 7.90690
v 12.77902 14.91917 7.90690
v 12.27902 14.91917 7.90690
v 12.52902 0.10000 7.61690
v 12.35582 0.10000 7.71690
v 12.35582 0.10000 7.91690
v 12.52902 0.10000 8.01690
v 12.70223 0.10000 7.91690
v 12.70223 0.10000 7.71690
v 12.52902 14.57917 7.65690
v 12.39046 14.57917 7.73690
v 12.39046 14.57917 7.89690
v 12.52902 14.57917 7.97690
v 12.66759 14.57917 7.89690
v 12.66759 14.57917 7.73690
v 12.52902 0.10000 7.81690
v 12.52902 14.57917 7.81690
v 12.12902 0.00000 7.41690
v 12.92902 0.00000 7.41690
v 12.92902 0.30000 7.41690
v 12.12902 0.30000 7.41690
v 12.12902 0.00000 8.21690
v 12.92902 0.00000 8.21690
v 12.92902 0.30000 8.21690
v 12.12902 0.30000 8.21690
v 11.70025 14.94586 7.18049
v 11.69137 14.82737 7.27660
v 11.74483 14.87263 7.41243
v 11.78675 15.01909 7.40026
v 11.75920 15.06434 7.25692
v 11.09596 15.13337 7.35583
v 11.08708 15.01488 7.45194
v 11.14053 15.06014 7.58777
v 11.18245 15.20660 7.57561
v 11.15490 15.25185 7.43226
v 11.73648 14.94586 7.30534
v 11.13218 15.13337 7.48068
v 12.11826 14.94586 8.62107
v 12.10938 14.82737 8.71718
v 12.16284 14.87263 8.85301
v 12.20475 15.01909 8.84084
v 12.17720 15.06434 8.69750
v 11.51396 15.13337 8.79641
v 11.50508 15.01488 8.89252
v 11.55854 15.06014 9.02835
v 11.60045 15.20660 9.01619
v 11.57290 15.25185 8.87284
v 12.15449 14.94586 8.74592
v 11.55019 15.13337 8.92126
v 11.13765 15.13337 7.34484
v 11.13005 15.01322 7.43897
v 11.17450 15.05911 7.57780
v 11.20958 15.20762 7.56946
v 11.18680 15.25351 7.42548
v 10.51690 15.28827 7.49241
v 10.50930 15.16813 7.58655
v 10.55376 15.21402 7.72537
v 10.58884 15.36253 7.71704
v 10.56606 15.40842 7.57305
v 11.16772 15.13337 7.47131
v 10.54697 15.28827 7.61888
v 11.48459 15.13337 8.80416
v 11.47698 15.01322 8.89830
v 11.52144 15.05911 9.03713
v 11.55652 15.20762 9.02879
v 11.53374 15.25351 8.88481
v 10.86384 15.28827 8.95174
v 10.85624 15.16813 9.04588
v 10.90069 15.21402 9.18470
v 10.93577 15.36253 9.17636
v 10.91300 15.40842 9.03238
v 11.51465 15.13337 8.93064
v 10.89391 15.28827 9.07821
v 11.07649 15.13337 7.39021
v 11.14459 15.06337 7.37402
v 11.21269 15.13337 7.35783
v 11.14459 15.20337 7.37402
v 11.46968 15.13337 9.04412
v 11.53778 15.06337 9.02793
v 11.60588 15.13337 9.01174
v 11.53778 15.20337 9.02793
v 11.14459 15.13337 7.37402
v 11.53778 15.13337 9.02793
v 11.09119 15.18337 8.11097
v 11.59119 15.18337 8.11097
v 11.59119 15.32337 8.11097
v 11.09119 15.32337 8.11097
v 11.09119 15.18337 8.29097
v 11.59119 15.18337 8.29097
v 11.59119 15.32337 8.29097
v 11.09119 15.32337 8.29097
v 10.55042 15.28827 7.48513
v 10.54585 15.16667 7.57758
v 10.58231 15.21312 7.71854
v 10.60941 15.36343 7.71320
v 10.58970 15.40987 7.56895
v 9.91682 15.40694 7.60989
v 9.91225 15.28534 7.70234
v 9.94871 15.33179 7.84330
v 9.97581 15.48210 7.83796
v 9.95610 15.52854 7.69371
v 10.57554 15.28827 7.61268
v 9.94194 15.40694 7.73744
v 10.84023 15.28827 8.95687
v 10.83566 15.16667 9.04932
v 10.87211 15.21312 9.19028
v 10.89921 15.36343 9.18494
v 10.87951 15.40987 9.04068
v 10.20663 15.40694 9.08163
v 10.20206 15.28534 9.17408
v 10.23851 15.33179 9.31504
v 10.26561 15.48210 9.30970
v 10.24591 15.52854 9.16545
v 10.86534 15.28827 9.08442
v 10.23174 15.40694 9.20918
v 9.94323 15.40694 7.60511
v 9.94333 15.28419 7.69614
v 9.97261 15.33108 7.83862
v 9.99061 15.48281 7.83564
v 9.97245 15.52970 7.69132
v 9.30010 15.48532 7.71149
v 9.30019 15.36257 7.80252
v 9.32948 15.40946 7.94500
v 9.34748 15.56119 7.94202
v 9.32932 15.60808 7.79771
v 9.96444 15.40694 7.73337
v 9.32131 15.48532 7.83975
v 10.18802 15.40694 9.08500
v 10.18812 15.28419 9.17603
v 10.21740 15.33108 9.31851
v 10.23540 15.48281 9.31553
v 10.21724 15.52970 9.17121
v 9.54489 15.48532 9.19138
v 9.54499 15.36257 9.28241
v 9.57427 15.40946 9.42489
v 9.59227 15.56119 9.42191
v 9.57411 15.60808 9.27760
v 10.20924 15.40694 9.21326
v 9.56610 15.48532 9.31964
v 9.87906 15.40694 7.64613
v 9.94813 15.33694 7.63471
v 10.01719 15.40694 7.62328
v 9.94813 15.47694 7.63471
v 10.15649 15.40694 9.32334
v 10.22556 15.33694 9.31192
v 10.29462 15.40694 9.30049
v 10.22556 15.47694 9.31192
v 9.94813 15.40694 7.63471
v 10.22556 15.40694 9.31192
v 9.83684 15.45694 8.38331
v 10.33684 15.45694 8.38331
v 10.33684 15.59694 8.38331
v 9.83684 15.59694 8.38331
v 9.83684 15.45694 8.56331
v 10.33684 15.45694 8.56331
v 10.33684 15.59694 8.56331
v 9.83684 15.59694 8.56331
v 9.32017 15.48532 7.70841
v 9.32654 15.36185 7.79823
v 9.34933 15.40901 7.94180
v 9.35704 15.56164 7.94070
v 9.33902 15.60880 7.79646
v 8.67097 15.51880 7.80046
v 8.67734 15.39532 7.89028
v 8.70013 15.44249 8.03385
v 8.70785 15.59511 8.03275
v 8.68983 15.64228 7.88851
v 9.33842 15.48532 7.83712
v 8.68922 15.51880 7.92917
v 9.53074 15.48532 9.19355
v 9.53711 15.36185 9.28338
v 9.55990 15.40901 9.42694
v 9.56762 15.56164 9.42585
v 9.54960 15.60880 9.28161
v 8.88155 15.51880 9.28560
v 8.88792 15.39532 9.37542
v 8.91070 15.44249 9.51899
v 8.91842 15.59511 9.51790
v 8.90040 15.64228 9.37365
v 9.54899 15.48532 9.32227
v 8.89980 15.51880 9.41431
v 8.68520 15.51880 7.79856
v 8.69946 15.39520 7.88730
v 8.71633 15.44241 8.03167
v 8.71249 15.59519 8.03215
v 8.69325 15.64240 7.88808
v 8.03398 15.50218 7.88008
v 8.04825 15.37858 7.96882
v 8.06511 15.42579 8.11319
v 8.06127 15.57856 8.11367
v 8.04203 15.62577 7.96960
v 8.70135 15.51880 7.92755
v 8.05013 15.50218 8.00907
v 8.87153 15.51880 9.28694
v 8.88579 15.39520 9.37568
v 8.90266 15.44241 9.52005
v 8.89882 15.59519 9.52053
v 8.87958 15.64240 9.37646
v 8.22031 15.50218 9.36846
v 8.23457 15.37858 9.45721
v 8.25144 15.42579 9.60157
v 8.24760 15.57856 9.60205
v 8.22836 15.62577 9.45798
v 8.88767 15.51880 9.41593
v 8.23646 15.50218 9.49746
v 8.61947 15.51880 7.83702
v 8.68893 15.44880 7.82832
v 8.75838 15.51880 7.81963
v 8.68893 15.58880 7.82832
v 8.83064 15.51880 9.52385
v 8.90010 15.44880 9.51516
v 8.96955 15.51880 9.50646
v 8.90010 15.58880 9.51516
v 8.68893 15.51880 7.82832
v 8.90010 15.51880 9.51516
v 8.54451 15.56880 8.58174
v 9.04451 15.56880 8.58174
v 9.04451 15.70880 8.58174
v 8.54451 15.70880 8.58174
v 8.54451 15.56880 8.76174
v 9.04451 15.56880 8.76174
v 9.04451 15.70880 8.76174
v 8.54451 15.70880 8.76174
v 8.79451 0.10000 8.47174
v 8.62131 0.10000 8.57174
v 8.62131 0.10000 8.77174
v 8.79451 0.10000 8.87174
v 8.96772 0.10000 8.77174
v 8.96772 0.10000 8.57174
v 8.79451 15.36880 8.51174
v 8.65595 15.36880 8.59174
v 8.65595 15.36880 8.75174
v 8.79451 15.36880 8.83174
v 8.93307 15.36880 8.75174
v 8.93307 15.36880 8.59174
v 8.79451 0.10000 8.67174
v 8.79451 15.36880 8.67174
v 8.39451 0.00000 8.27174
v 9.19451 0.00000 8.27174
v 9.19451 0.30000 8.27174
v 8.39451 0.30000 8.27174
v 8.39451 0.00000 9.07174
v 9.19451 0.00000 9.07174
v 9.19451 0.30000 9.07174
v 8.39451 0.30000 9.07174
v 8.04256 15.50218 7.87905
v 8.06638 15.37929 7.96673
v 8.07784 15.42623 8.11171
v 8.06111 15.57812 8.11364
v 8.03930 15.62506 7.96985
v 7.39438 15.42982 7.95374
v 7.41820 15.30694 8.04142
v 7.42967 15.35387 8.18640
v 7.41293 15.50577 8.18833
v 7.39113 15.55270 8.04454
v 8.05744 15.50218 8.00820
v 7.40926 15.42982 8.08289
v 8.21427 15.50218 9.36919
v 8.23809 15.37929 9.45687
v 8.24956 15.42623 9.60185
v 8.23282 15.57812 9.60378
v 8.21101 15.62506 9.45999
v 7.56609 15.42982 9.44388
v 7.58991 15.30694 9.53156
v 7.60138 15.35387 9.67654
v 7.58465 15.50577 9.67847
v 7.56284 15.55270 9.53468
v 8.22915 15.50218 9.49833
v 7.58097 15.42982 9.57303
v 7.39723 15.42982 7.95342
v 7.43226 15.30878 8.03989
v 7.43886 15.35501 8.18540
v 7.40792 15.50463 8.18886
v 7.38219 15.55086 8.04549
v 6.75858 15.29609 8.02490
v 6.79360 15.17505 8.11137
v 6.80021 15.22128 8.25688
v 6.76926 15.37090 8.26034
v 6.74354 15.41713 8.11697
v 7.41169 15.42982 8.08261
v 6.77304 15.29609 8.15409
v 7.56408 15.42982 9.44411
v 7.59910 15.30878 9.53058
v 7.60571 15.35501 9.67609
v 7.57477 15.50463 9.67955
v 7.54904 15.55086 9.53618
v 6.92542 15.29609 9.51559
v 6.96045 15.17505 9.60206
v 6.96705 15.22128 9.74757
v 6.93611 15.37090 9.75103
v 6.91038 15.41713 9.60766
v 7.57854 15.42982 9.57330
v 6.93988 15.29609 9.64478
v 7.33101 15.42982 7.99102
v 7.40057 15.35982 7.98323
v 7.47014 15.42982 7.97544
v 7.40057 15.49982 7.98323
v 7.52010 15.42982 9.68047
v 7.58966 15.35982 9.67268
v 7.65923 15.42982 9.66490
v 7.58966 15.49982 9.67268
v 7.40057 15.42982 7.98323
v 7.58966 15.42982 9.67268
v 7.24512 15.47982 8.73796
v 7.74512 15.47982 8.73796
v 7.74512 15.61982 8.73796
v 7.24512 15.61982 8.73796
v 7.24512 15.47982 8.91796
v 7.74512 15.47982 8.91796
v 7.74512 15.61982 8.91796
v 7.24512 15.61982 8.91796
v 6.75538 15.29609 8.02526
v 6.80313 15.17833 8.11017
v 6.80553 15.22331 8.25620
v 6.75927 15.36887 8.26155
v 6.72828 15.41385 8.11882
v 6.13438 15.09609 8.09706
v 6.18212 14.97833 8.18197
v 6.18452 15.02331 8.32801
v 6.13826 15.16887 8.33335
v 6.10727 15.21385 8.19063
v 6.77032 15.29609 8.15440
v 6.14931 15.09609 8.22620
v 6.92767 15.29609 9.51533
v 6.97541 15.17833 9.60024
v 6.97781 15.22331 9.74628
v 6.93155 15.36887 9.75162
v 6.90057 15.41385 9.60889
v 6.30667 15.09609 9.58714
v 6.35441 14.97833 9.67204
v 6.35681 15.02331 9.81808
v 6.31055 15.16887 9.82343
v 6.27956 15.21385 9.68070
v 6.94260 15.29609 9.64447
v 6.32160 15.09609 9.71628
v 6.13282 15.09609 8.09725
v 6.19449 14.98371 8.18045
v 6.19189 15.02664 8.32710
v 6.12861 15.16555 8.33453
v 6.09210 15.20847 8.19247
v 5.54051 14.82255 8.16681
v 5.60218 14.71017 8.25001
v 5.59958 14.75309 8.39666
v 5.53630 14.89200 8.40409
v 5.49979 14.93493 8.26203
v 6.14798 15.09609 8.22636
v 5.55567 14.82255 8.29592
v 6.30777 15.09609 9.58701
v 6.36944 14.98371 9.67021
v 6.36684 15.02664 9.81686
v 6.30356 15.16555 9.82429
v 6.26705 15.20847 9.68224
v 5.71546 14.82255 9.65657
v 5.77713 14.71017 9.73977
v 5.77453 14.75309 9.88642
v 5.71125 14.89200 9.89385
v 5.67474 14.93493 9.75180
v 6.32293 15.09609 9.71612
v 5.73062 14.82255 9.78568
v 6.06679 15.09609 8.13521
v 6.13632 15.02609 8.12704
v 6.20584 15.09609 8.11888
v 6.13632 15.16609 8.12704
v 6.26508 15.09609 9.82360
v 6.33460 15.02609 9.81544
v 6.40412 15.09609 9.80727
v 6.33460 15.16609 9.81544
v 6.13632 15.09609 8.12704
v 6.33460 15.09609 9.81544
v 5.98546 15.14609 8.88124
v 6.48546 15.14609 8.88124
v 6.48546 15.28609 8.88124
v 5.98546 15.28609 8.88124
v 5.98546 15.14609 9.06124
v 6.48546 15.14609 9.06124
v 6.48546 15.28609 9.06124
v 5.98546 15.28609 9.06124
v 5.56351 14.82255 8.16441
v 5.63685 14.71767 8.24794
v 5.62509 14.75773 8.39496
v 5.54449 14.88736 8.40228
v 5.50643 14.92742 8.25980
v 5.00911 14.47497 8.21479
v 5.08245 14.37009 8.29832
v 5.07069 14.41015 8.44534
v 4.99009 14.53978 8.45266
v 4.95202 14.57984 8.31018
v 5.57527 14.82255 8.29388
v 5.02087 14.47497 8.34426
v 5.69926 14.82255 9.65826
v 5.77260 14.71767 9.74179
v 5.76084 14.75773 9.88880
v 5.68024 14.88736 9.89613
v 5.64217 14.92742 9.75364
v 5.14485 14.47497 9.70864
v 5.21819 14.37009 9.79217
v 5.20644 14.41015 9.93918
v 5.12583 14.53978 9.94650
v 5.08777 14.57984 9.80402
v 5.71102 14.82255 9.78772
v 5.15662 14.47497 9.83810
v 5.03046 14.47497 8.21311
v 5.11089 14.37641 8.29780
v 5.09207 14.41405 8.44471
v 5.00000 14.53588 8.45082
v 4.96192 14.57353 8.30769
v 4.50826 14.07859 8.24778
v 4.58869 13.98003 8.33246
v 4.56987 14.01768 8.47938
v 4.47780 14.13950 8.48549
v 4.43972 14.17715 8.34235
v 5.03907 14.47497 8.34283
v 4.51687 14.07859 8.37749
v 5.12981 14.47497 9.70982
v 5.21025 14.37641 9.79450
v 5.19142 14.41405 9.94142
v 5.09936 14.53588 9.94753
v 5.06128 14.57353 9.80439
v 4.60761 14.07859 9.74448
v 4.68805 13.98003 9.82917
v 4.66922 14.01768 9.97608
v 4.57716 14.13950 9.98219
v 4.53908 14.17715 9.83906
v 5.13842 14.47497 9.83953
v 4.61622 14.07859 9.87420
v 4.96260 14.47497 8.24768
v 5.03244 14.40497 8.24305
v 5.10229 14.47497 8.23841
v 5.03244 14.54497 8.24305
v 5.07520 14.47497 9.94395
v 5.14505 14.40497 9.93931
v 5.21489 14.47497 9.93468
v 5.14505 14.54497 9.93931
v 5.03244 14.47497 8.24305
v 5.14505 14.47497 9.93931
v 5.08874 0.10000 8.89118
v 4.91554 0.10000 8.99118
v 4.91554 0.10000 9.19118
v 5.08874 0.10000 9.29118
v 5.26195 0.10000 9.19118
v 5.26195 0.10000 8.99118
v 5.08874 14.32497 8.93118
v 4.95018 14.32497 9.01118
v 4.95018 14.32497 9.17118
v 5.08874 14.32497 9.25118
v 5.22731 14.32497 9.17118
v 5.22731 14.32497 9.01118
v 5.08874 0.10000 9.09118
v 5.08874 14.32497 9.09118
v 4.68874 0.00000 8.69118
v 5.48874 0.00000 8.69118
v 5.48874 0.30000 8.69118
v 4.68874 0.30000 8.69118
v 4.68874 0.00000 9.49118
v 5.48874 0.00000 9.49118
v 5.48874 0.30000 9.49118
v 4.68874 0.30000 9.49118
v 4.52697 14.07859 8.24673
v 4.61205 13.98529 8.33282
v 4.58763 14.02093 8.47941
v 4.48746 14.13625 8.48392
v 4.44997 14.17189 8.34012
v 4.03197 13.64776 8.26902
v 4.11705 13.55446 8.35511
v 4.09263 13.59010 8.50170
v 3.99246 13.70543 8.50621
v 3.95497 13.74107 8.36240
v 4.53282 14.07859 8.37660
v 4.03782 13.64776 8.39889
v 4.59443 14.07859 9.74522
v 4.67951 13.98529 9.83131
v 4.65509 14.02093 9.97790
v 4.55492 14.13625 9.98241
v 4.51742 14.17189 9.83860
v 4.09942 13.64776 9.76750
v 4.18450 13.55446 9.85359
v 4.16009 13.59010 10.00018
v 4.05991 13.70543 10.00469
v 4.02242 13.74107 9.86088
v 4.60027 14.07859 9.87509
v 4.10527 13.64776 9.89737
v 4.04684 13.64776 8.26847
v 4.13469 13.55832 8.35587
v 4.10618 13.59249 8.50207
v 4.00071 13.70304 8.50503
v 3.96403 13.73720 8.36066
v 3.57202 13.19440 8.28181
v 3.65987 13.10496 8.36920
v 3.63136 13.13912 8.51541
v 3.52588 13.24967 8.51837
v 3.48921 13.28384 8.37400
v 4.05049 13.64776 8.39842
v 3.57567 13.19440 8.41176
v 4.08895 13.64776 9.76788
v 4.17680 13.55832 9.85528
v 4.14828 13.59249 10.00148
v 4.04281 13.70304 10.00444
v 4.00614 13.73720 9.86007
v 3.61412 13.19440 9.78122
v 3.70197 13.10496 9.86861
v 3.67346 13.13912 10.01481
v 3.56799 13.24967 10.01778
v 3.53131 13.28384 9.87340
v 4.09260 13.64776 9.89783
v 3.61777 13.19440 9.91116
v 3.97771 13.64776 8.30043
v 4.04768 13.57776 8.29846
v 4.11766 13.64776 8.29650
v 4.04768 13.71776 8.29846
v 4.02543 13.64776 9.99976
v 4.09540 13.57776 9.99779
v 4.16538 13.64776 9.99583
v 4.09540 13.71776 9.99779
v 4.04768 13.64776 8.29846
v 4.09540 13.64776 9.99779
v 3.58490 13.19440 8.28154
v 3.67456 13.10802 8.37017
v 3.64272 13.14101 8.51596
v 3.53339 13.24778 8.51742
v 3.49766 13.28078 8.37255
v 3.12616 12.72457 8.28770
v 3.21581 12.63819 8.37633
v 3.18398 12.67119 8.52212
v 3.07465 12.77796 8.52359
v 3.03891 12.81095 8.37871
v 3.58665 13.19440 8.41153
v 3.12790 12.72457 8.41769
v 3.60505 13.19440 9.78140
v 3.69470 13.10802 9.87004
v 3.66287 13.14101 10.01582
v 3.55354 13.24778 10.01729
v 3.51780 13.28078 9.87241
v 3.14631 12.72457 9.78757
v 3.23596 12.63819 9.87620
v 3.20413 12.67119 10.02198
v 3.09480 12.77796 10.02345
v 3.05906 12.81095 9.87857
v 3.60679 13.19440 9.91139
v 3.14805 12.72457 9.91755
v 3.13741 12.72457 8.28762
v 3.22821 12.64060 8.37739
v 3.19364 12.67267 8.52276
v 3.08148 12.77647 8.52283
v 3.04672 12.80855 8.37751
v 2.69138 12.24259 8.28791
v 2.78219 12.15862 8.37768
v 2.74762 12.19069 8.52305
v 2.63545 12.29449 8.52312
v 2.60070 12.32657 8.37780
v 3.13749 12.72457 8.41762
v 2.69147 12.24259 8.41791
v 3.13838 12.72457 9.78762
v 3.22918 12.64060 9.87739
v 3.19462 12.67267 10.02276
v 3.08245 12.77647 10.02283
v 3.04769 12.80855 9.87751
v 2.69236 12.24259 9.78791
v 2.78316 12.15862 9.87768
v 2.74859 12.19069 10.02305
v 2.63643 12.29449 10.02312
v 2.60167 12.32657 9.87780
v 3.13846 12.72457 9.91762
v 2.69244 12.24259 9.91791
v 3.06743 12.72457 8.31767
v 3.13743 12.65457 8.31762
v 3.20743 12.72457 8.31758
v 3.13743 12.79457 8.31762
v 3.06853 12.72457 10.01767
v 3.13853 12.65457 10.01762
v 3.20853 12.72457 10.01758
v 3.13853 12.79457 10.01762
v 3.13743 12.72457 8.31762
v 3.13853 12.72457 10.01762
v 2.70101 12.24259 8.28796
v 2.79247 12.16043 8.37873
v 2.75569 12.19181 8.52371
v 2.64150 12.29337 8.52253
v 2.60771 12.32476 8.37683
v 2.26462 11.75188 8.28347
v 2.35608 11.66972 8.37424
v 2.31930 11.70110 8.51921
v 2.20511 11.80266 8.51804
v 2.17132 11.83405 8.37234
v 2.69967 12.24259 8.41795
v 2.26328 11.75188 8.41346
v 2.68557 12.24259 9.78788
v 2.77703 12.16043 9.87865
v 2.74025 12.19181 10.02363
v 2.62606 12.29337 10.02245
v 2.59227 12.32476 9.87675
v 2.24918 11.75188 9.78339
v 2.34064 11.66972 9.87416
v 2.30386 11.70110 10.01914
v 2.18967 11.80266 10.01796
v 2.15588 11.83405 9.87226
v 2.68424 12.24259 9.91787
v 2.24785 11.75188 9.91338
v 2.27272 11.75188 8.28359
v 2.36447 11.67101 8.37522
v 2.32592 11.70190 8.51984
v 2.21035 11.80187 8.51759
v 2.17747 11.83276 8.37158
v 1.84323 11.25517 8.27521
v 1.93498 11.17430 8.36685
v 1.89643 11.20519 8.51147
v 1.78086 11.30515 8.50921
v 1.74798 11.33605 8.36320
v 2.27019 11.75188 8.41356
v 1.84070 11.25517 8.40519
v 2.24348 11.75188 9.78330
v 2.33523 11.67101 9.87494
v 2.29668 11.70190 10.01956
v 2.18111 11.80187 10.01730
v 2.14823 11.83276 9.87129
v 1.81399 11.25517 9.77493
v 1.90574 11.17430 9.86656
v 1.86719 11.20519 10.01118
v 1.75162 11.30515 10.00893
v 1.71874 11.33605 9.86292
v 2.24094 11.75188 9.91328
v 1.81146 11.25517 9.90490
v 2.20215 11.75188 8.31222
v 2.27214 11.68188 8.31358
v 2.34212 11.75188 8.31495
v 2.27214 11.82188 8.31358
v 2.16901 11.75188 10.01189
v 2.23899 11.68188 10.01326
v 2.30898 11.75188 10.01462
v 2.23899 11.82188 10.01326
v 2.27214 11.75188 8.31358
v 2.23899 11.75188 10.01326
v 2.25556 0.10000 8.96342
v 2.08236 0.10000 9.06342
v 2.08236 0.10000 9.26342
v 2.25556 0.10000 9.36342
v 2.42877 0.10000 9.26342
v 2.42877 0.10000 9.06342
v 2.25556 11.60188 9.00342
v 2.11700 11.60188 9.08342
v 2.11700 11.60188 9.24342
v 2.25556 11.60188 9.32342
v 2.39413 11.60188 9.24342
v 2.39413 11.60188 9.08342
v 2.25556 0.10000 9.16342
v 2.25556 11.60188 9.16342
v 1.85556 0.00000 8.76342
v 2.65556 0.00000 8.76342
v 2.65556 0.30000 8.76342
v 1.85556 0.30000 8.76342
v 1.85556 0.00000 9.56342
v 2.65556 0.00000 9.56342
v 2.65556 0.30000 9.56342
v 1.85556 0.30000 9.56342
v 1.85011 11.25517 8.27537
v 1.94187 11.17515 8.36774
v 1.90192 11.20572 8.51205
v 1.78546 11.30463 8.50887
v 1.75344 11.33519 8.36259
v 1.42524 10.75456 8.26377
v 1.51701 10.67454 8.35614
v 1.47705 10.70510 8.50044
v 1.36059 10.80401 8.49726
v 1.32858 10.83458 8.35099
v 1.84656 11.25517 8.40533
v 1.42169 10.75456 8.39372
v 1.80914 11.25517 9.77482
v 1.90091 11.17515 9.86718
v 1.86095 11.20572 10.01149
v 1.74449 11.30463 10.00831
v 1.71248 11.33519 9.86204
v 1.38428 10.75456 9.76321
v 1.47604 10.67454 9.85558
v 1.43608 10.70510 9.99988
v 1.31963 10.80401 9.99670
v 1.28761 10.83458 9.85043
v 1.80559 11.25517 9.90477
v 1.38073 10.75456 9.89316
v 1.43097 10.75456 8.26394
v 1.52251 10.67499 8.35692
v 1.48147 10.70538 8.50096
v 1.36457 10.80374 8.49700
v 1.33336 10.83413 8.35052
v 1.00856 10.25194 8.24965
v 1.10010 10.17237 8.34262
v 1.05906 10.20276 8.48666
v 0.94216 10.30112 8.48271
v 0.91095 10.33151 8.33622
v 1.42658 10.75456 8.39387
v 1.00416 10.25194 8.37957
v 1.38024 10.75456 9.76308
v 1.47178 10.67499 9.85606
v 1.43074 10.70538 10.00010
v 1.31384 10.80374 9.99614
v 1.28263 10.83413 9.84966
v 0.95783 10.25194 9.74879
v 1.04937 10.17237 9.84177
v 1.00833 10.20276 9.98581
v 0.89143 10.30112 9.98185
v 0.86022 10.33151 9.83537
v 1.37585 10.75456 9.89301
v 0.95344 10.25194 9.87872
v 1.36000 10.75456 8.29156
v 1.42996 10.68456 8.29392
v 1.49992 10.75456 8.29629
v 1.42996 10.82456 8.29392
v 1.30251 10.75456 9.99059
v 1.37247 10.68456 9.99295
v 1.44243 10.75456 9.99532
v 1.37247 10.82456 9.99295
v 1.42996 10.75456 8.29392
v 1.37247 10.75456 9.99295
v 1.01317 10.25194 8.24982
v 1.10425 10.17241 8.34327
v 1.06244 10.20279 8.48709
v 0.94552 10.30109 8.48252
v 0.91507 10.33147 8.33588
v 0.59104 9.74915 8.23332
v 0.68212 9.66961 8.32677
v 0.64032 9.69999 8.47060
v 0.52340 9.79830 8.46603
v 0.49295 9.82868 8.31938
v 1.00809 10.25194 8.37972
v 0.58596 9.74915 8.36322
v 0.95459 10.25194 9.74867
v 1.04567 10.17241 9.84213
v 1.00386 10.20279 9.98595
v 0.88695 10.30109 9.98138
v 0.85649 10.33147 9.83473
v 0.53246 9.74915 9.73217
v 0.62354 9.66961 9.82563
v 0.58174 9.69999 9.96945
v 0.46482 9.79830 9.96488
v 0.43437 9.82868 9.81824
v 0.94951 10.25194 9.87857
v 0.52739 9.74915 9.86208
v 0.59451 9.74915 8.23346
v 0.68489 9.66922 8.32726
v 0.64265 9.69975 8.47092
v 0.52616 9.79855 8.46591
v 0.49641 9.82907 8.31915
v 0.17038 9.24811 8.21521
v 0.26076 9.16819 8.30901
v 0.21851 9.19872 8.45267
v 0.10202 9.29751 8.44765
v 0.07228 9.32804 8.30090
v 0.58892 9.74915 8.36334
v 0.16479 9.24811 8.34509
v 0.53002 9.74915 9.73207
v 0.62040 9.66922 9.82587
v 0.57815 9.69975 9.96954
v 0.46166 9.79855 9.96452
v 0.43191 9.82907 9.81776
v 0.10588 9.24811 9.71382
v 0.19626 9.16819 9.80762
v 0.15401 9.19872 9.95128
v 0.03752 9.29751 9.94627
v 0.00778 9.32804 9.79951
v 0.52443 9.74915 9.86195
v 0.10029 9.24811 9.84370
v 0.52329 9.74915 8.26042
v 0.59322 9.67915 8.26343
v 0.66316 9.74915 8.26644
v 0.59322 9.81915 8.26343
v 0.45019 9.74915 9.95885
v 0.52013 9.67915 9.96186
v 0.59006 9.74915 9.96487
v 0.52013 9.81915 9.96186
v 0.59322 9.74915 8.26343
v 0.52013 9.74915 9.96186
v 0.17267 9.24811 8.21531
v 0.26206 9.16732 8.30931
v 0.21972 9.19818 8.45287
v 0.10416 9.29805 8.44760
v 0.07508 9.32891 8.30078
v -0.25604 8.75104 8.19574
v -0.16665 8.67024 8.28974
v -0.20898 8.70110 8.43331
v -0.32454 8.80097 8.42803
v -0.35362 8.83184 8.28121
v 0.16674 9.24811 8.34517
v -0.26197 8.75104 8.32561
v 0.10427 9.24811 9.71375
v 0.19366 9.16732 9.80775
v 0.15133 9.19818 9.95131
v 0.03577 9.29805 9.94604
v 0.00669 9.32891 9.79922
v -0.32443 8.75104 9.69418
v -0.23504 8.67024 9.78818
v -0.27738 8.70110 9.93175
v -0.39294 8.80097 9.92647
v -0.42202 8.83184 9.77965
v 0.09834 9.24811 9.84361
v -0.33036 8.75104 9.82405
v -0.25505 8.75104 8.19579
v -0.16705 8.66878 8.28983
v -0.20906 8.70020 8.43337
v -0.32302 8.80188 8.42804
v -0.35145 8.83330 8.28120
v -0.69149 8.26078 8.17537
v -0.60348 8.17852 8.26942
v -0.64549 8.20994 8.41296
v -0.75946 8.31162 8.40763
v -0.78789 8.34304 8.26079
v -0.26113 8.75104 8.32564
v -0.69756 8.26078 8.30523
v -0.32513 8.75104 9.69415
v -0.23712 8.66878 9.78819
v -0.27913 8.70020 9.93173
v -0.39310 8.80188 9.92640
v -0.42153 8.83330 9.77957
v -0.76157 8.26078 9.67374
v -0.67356 8.17852 9.76778
v -0.71557 8.20994 9.91132
v -0.82954 8.31162 9.90599
v -0.85796 8.34304 9.75915
v -0.33120 8.75104 9.82401
v -0.76764 8.26078 9.80360
v -0.32638 8.75104 8.22248
v -0.25646 8.68104 8.22575
v -0.18653 8.75104 8.22902
v -0.25646 8.82104 8.22575
v -0.40580 8.75104 9.92063
v -0.33587 8.68104 9.92390
v -0.26595 8.75104 9.92717
v -0.33587 8.82104 9.92390
v -0.25646 8.75104 8.22575
v -0.33587 8.75104 9.92390
v -0.29617 0.10000 8.87483
v -0.46937 0.10000 8.97483
v -0.46937 0.10000 9.17483
v -0.29617 0.10000 9.27483
v -0.12296 0.10000 9.17483
v -0.12296 0.10000 8.97483
v -0.29617 8.60104 8.91483
v -0.43473 8.60104 8.99483
v -0.43473 8.60104 9.15483
v -0.29617 8.60104 9.23483
v -0.15760 8.60104 9.15483
v -0.15760 8.60104 8.99483
v -0.29617 0.10000 9.07483
v -0.29617 8.60104 9.07483
v -0.69617 0.00000 8.67483
v 0.10383 0.00000 8.67483
v 0.10383 0.30000 8.67483
v -0.69617 0.30000 8.67483
v -0.69617 0.00000 9.47483
v 0.10383 0.00000 9.47483
v 0.10383 0.30000 9.47483
v -0.69617 0.30000 9.47483
v -0.69210 8.26078 8.17535
v -0.60613 8.17623 8.26923
v -0.64723 8.20852 8.41284
v -0.75861 8.31304 8.40770
v -0.78634 8.34534 8.26093
v -1.14072 7.78168 8.15468
v -1.05475 7.69713 8.24856
v -1.09585 7.72942 8.39217
v -1.20723 7.83394 8.38703
v -1.23496 7.86624 8.24026
v -0.69808 8.26078 8.30521
v -1.14670 7.78168 8.28454
v -0.76114 8.26078 9.67376
v -0.67516 8.17623 9.76764
v -0.71627 8.20852 9.91125
v -0.82765 8.31304 9.90611
v -0.85538 8.34534 9.75934
v -1.20976 7.78168 9.65309
v -1.12378 7.69713 9.74697
v -1.16489 7.72942 9.89058
v -1.27627 7.83394 9.88545
v -1.30400 7.86624 9.73867
v -0.76712 8.26078 9.80362
v -1.21574 7.78168 9.78295
v -1.14316 7.78168 8.15457
v -1.06001 7.69396 8.24808
v -1.09954 7.72746 8.39185
v -1.20713 7.83590 8.38719
v -1.23409 7.86941 8.24054
v -1.60865 7.31897 8.13442
v -1.52549 7.23125 8.22793
v -1.56503 7.26475 8.37170
v -1.67261 7.37319 8.36704
v -1.69957 7.40670 8.22039
v -1.14878 7.78168 8.28445
v -1.61427 7.31897 8.26430
v -1.20804 7.78168 9.65316
v -1.12488 7.69396 9.74668
v -1.16441 7.72746 9.89045
v -1.27200 7.83590 9.88579
v -1.29896 7.86941 9.73914
v -1.67352 7.31897 9.63301
v -1.59037 7.23125 9.72652
v -1.62990 7.26475 9.87029
v -1.73749 7.37319 9.86564
v -1.76445 7.40670 9.71899
v -1.21366 7.78168 9.78304
v -1.67915 7.31897 9.76289
v -1.21439 7.78168 8.18151
v -1.14446 7.71168 8.18454
v -1.07452 7.78168 8.18757
v -1.14446 7.85168 8.18454
v -1.28792 7.78168 9.87992
v -1.21798 7.71168 9.88295
v -1.14805 7.78168 9.88598
v -1.21798 7.85168 9.88295
v -1.14446 7.78168 8.18454
v -1.21798 7.78168 9.88295
v -1.61262 7.31897 8.13425
v -1.53386 7.22671 8.22720
v -1.57090 7.26195 8.37122
v -1.67256 7.37599 8.36728
v -1.69835 7.41123 8.22083
v -2.10226 6.88185 8.11528
v -2.02350 6.78959 8.20822
v -2.06054 6.82483 8.35224
v -2.16220 6.93887 8.34830
v -2.18798 6.97411 8.20185
v -1.61766 7.31897 8.26416
v -2.10730 6.88185 8.24518
v -1.67072 7.31897 9.63313
v -1.59196 7.22671 9.72608
v -1.62900 7.26195 9.87009
v -1.73066 7.37599 9.86615
v -1.75644 7.41123 9.71970
v -2.16036 6.88185 9.61415
v -2.08159 6.78959 9.70710
v -2.11864 6.82483 9.85112
v -2.22029 6.93887 9.84718
v -2.24608 6.97411 9.70072
v -1.67576 7.31897 9.76303
v -2.16539 6.88185 9.74405
v -2.09058 6.88185 8.11581
v -2.01294 6.78969 8.20980
v -2.05194 6.82489 8.35331
v -2.15368 6.93881 8.34801
v -2.17756 6.97401 8.20123
v -2.57940 6.44409 8.09035
v -2.50176 6.35193 8.18434
v -2.54076 6.38713 8.32785
v -2.64250 6.50105 8.32256
v -2.66638 6.53625 8.17577
v -2.09734 6.88185 8.24563
v -2.58616 6.44409 8.22018
v -2.16858 6.88185 9.61378
v -2.09095 6.78969 9.70777
v -2.12994 6.82489 9.85128
v -2.23168 6.93881 9.84598
v -2.25556 6.97401 9.69920
v -2.65740 6.44409 9.58832
v -2.57977 6.35193 9.68231
v -2.61876 6.38713 9.82583
v -2.72050 6.50105 9.82053
v -2.74438 6.53625 9.67374
v -2.17534 6.88185 9.74360
v -2.66416 6.44409 9.71815
v -2.16205 6.88185 8.14212
v -2.09214 6.81185 8.14576
v -2.02224 6.88185 8.14940
v -2.09214 6.95185 8.14576
v -2.25045 6.88185 9.83982
v -2.18055 6.81185 9.84346
v -2.11064 6.88185 9.84710
v -2.18055 6.95185 9.84346
v -2.09214 6.88185 8.14576
v -2.18055 6.88185 9.84346
v -2.56229 6.44409 8.09141
v -2.48467 6.35360 8.18703
v -2.52715 6.38817 8.32970
v -2.63103 6.50001 8.32226
v -2.65274 6.53457 8.17499
v -3.04166 5.99658 8.05707
v -2.96404 5.90610 8.15269
v -3.00653 5.94066 8.29536
v -3.11040 6.05251 8.28792
v -3.13212 6.08707 8.14065
v -2.57157 6.44409 8.22108
v -3.05095 5.99658 8.18674
v -2.66946 6.44409 9.58758
v -2.59184 6.35360 9.68319
v -2.63433 6.38817 9.82587
v -2.73820 6.50001 9.81843
v -2.75992 6.53457 9.67115
v -3.14884 5.99658 9.55324
v -3.07122 5.90610 9.64885
v -3.11370 5.94066 9.79153
v -3.21758 6.05251 9.78409
v -3.23929 6.08707 9.63681
v -2.67875 6.44409 9.71724
v -3.15813 5.99658 9.68290
v -3.02662 5.99658 8.05828
v -2.94970 5.90700 8.15530
v -2.99499 5.94122 8.29719
v -3.09990 6.05195 8.28786
v -3.11945 6.08617 8.14021
v -3.50058 5.54398 8.01615
v -3.42366 5.45440 8.11317
v -3.46894 5.48862 8.25506
v -3.57386 5.59935 8.24573
v -3.59341 5.63357 8.09808
v -3.03813 5.99658 8.18777
v -3.51209 5.54398 8.14564
v -3.15943 5.99658 9.55239
v -3.08251 5.90700 9.64941
v -3.12780 5.94122 9.79130
v -3.23271 6.05195 9.78197
v -3.25226 6.08617 9.63432
v -3.63339 5.54398 9.51026
v -3.55646 5.45440 9.60728
v -3.60175 5.48862 9.74917
v -3.70667 5.59935 9.73984
v -3.72622 5.63357 9.59219
v -3.17094 5.99658 9.68188
v -3.64490 5.54398 9.63975
v -3.09901 5.99658 8.08196
v -3.02928 5.92658 8.08816
v -2.95956 5.99658 8.09436
v -3.02928 6.06658 8.08816
v -3.24952 5.99658 9.77529
v -3.17980 5.92658 9.78148
v -3.11007 5.99658 9.78768
v -3.17980 6.06658 9.78148
v -3.02928 5.99658 8.08816
v -3.17980 5.99658 9.78148
v -3.10454 0.10000 8.73482
v -3.27774 0.10000 8.83482
v -3.27774 0.10000 9.03482
v -3.10454 0.10000 9.13482
v -2.93133 0.10000 9.03482
v -2.93133 0.10000 8.83482
v -3.10454 5.84658 8.77482
v -3.24310 5.84658 8.85482
v -3.24310 5.84658 9.01482
v -3.10454 5.84658 9.09482
v -2.96598 5.84658 9.01482
v -2.96598 5.84658 8.85482
v -3.10454 0.10000 8.93482
v -3.10454 5.84658 8.93482
v -3.50454 0.00000 8.53482
v -2.70454 0.00000 8.53482
v -2.70454 0.30000 8.53482
v -3.50454 0.30000 8.53482
v -3.50454 0.00000 9.33482
v -2.70454 0.00000 9.33482
v -2.70454 0.30000 9.33482
v -3.50454 0.30000 9.33482
v -3.48823 5.54398 8.01733
v -3.41268 5.45440 8.11543
v -3.45997 5.48862 8.25667
v -3.56474 5.59935 8.24586
v -3.58221 5.63356 8.09795
v -3.96153 5.09137 7.96853
v -3.88598 5.00179 8.06662
v -3.93327 5.03600 8.20786
v -4.03804 5.14673 8.19706
v -4.05551 5.18095 8.04914
v -3.50157 5.54398 8.14665
v -3.97487 5.09137 8.09784
v -3.64209 5.54398 9.50942
v -3.56654 5.45440 9.60752
v -3.61382 5.48862 9.74876
v -3.71860 5.59935 9.73795
v -3.73607 5.63356 9.59004
v -4.11539 5.09137 9.46062
v -4.03983 5.00179 9.55871
v -4.08712 5.03600 9.69995
v -4.19189 5.14673 9.68915
v -4.20936 5.18095 9.54123
v -3.65542 5.54398 9.63874
v -4.12872 5.09137 9.58993
v -3.95258 5.09137 7.96950
v -3.87916 5.00073 8.06823
v -3.92746 5.03535 8.20903
v -4.03073 5.14738 8.19731
v -4.04626 5.18200 8.04927
v -4.43093 4.64473 7.91522
v -4.35751 4.55410 8.01396
v -4.40581 4.58872 8.15476
v -4.50908 4.70075 8.14304
v -4.52461 4.73537 7.99500
v -3.96724 5.09137 8.09867
v -4.44559 4.64473 8.04440
v -4.12169 5.09137 9.45994
v -4.04827 5.00073 9.55867
v -4.09657 5.03535 9.69947
v -4.19984 5.14738 9.68775
v -4.21537 5.18200 9.53971
v -4.60004 4.64473 9.40566
v -4.52662 4.55410 9.50440
v -4.57492 4.58872 9.64519
v -4.67819 4.70075 9.63347
v -4.69372 4.73537 9.48544
v -4.13635 5.09137 9.58911
v -4.61470 4.64473 9.53483
v -4.02552 5.09137 7.99142
v -3.95596 5.02137 7.99931
v -3.88641 5.09137 8.00720
v -3.95596 5.16137 7.99931
v -4.21718 5.09137 9.68058
v -4.14762 5.02137 9.68847
v -4.07807 5.09137 9.69636
v -4.14762 5.16137 9.68847
v -3.95596 5.09137 7.99931
v -4.14762 5.09137 9.68847
v -4.42616 4.64473 7.91578
v -4.35594 4.55168 8.01460
v -4.40399 4.58723 8.15525
v -4.50391 4.70224 8.14336
v -4.51762 4.73779 7.99536
v -4.91691 4.21235 7.85738
v -4.84669 4.11930 7.95620
v -4.89474 4.15484 8.09685
v -4.99466 4.26986 8.08496
v -5.00837 4.30540 7.93696
v -4.44152 4.64473 8.04487
v -4.93227 4.21235 7.98647
v -4.60340 4.64473 9.40527
v -4.53318 4.55168 9.50409
v -4.58123 4.58723 9.64474
v -4.68115 4.70224 9.63285
v -4.69486 4.73779 9.48485
v -5.09415 4.21235 9.34687
v -5.02393 4.11930 9.44569
v -5.07198 4.15484 9.58634
v -5.17190 4.26986 9.57445
v -5.18561 4.30540 9.42645
v -4.61876 4.64473 9.53436
v -5.10951 4.21235 9.47596
v -4.91751 4.21235 7.85731
v -4.85199 4.11530 7.95552
v -4.89812 4.15237 8.09642
v -4.99215 4.27233 8.08529
v -5.00413 4.30940 7.93752
v -5.42933 3.80557 7.79676
v -5.36382 3.70852 7.89497
v -5.40995 3.74559 8.03587
v -5.50397 3.86555 8.02474
v -5.51595 3.90262 7.87697
v -4.93278 4.21235 7.98641
v -5.44460 3.80557 7.92586
v -5.09374 4.21235 9.34692
v -5.02822 4.11530 9.44513
v -5.07435 4.15237 9.58603
v -5.16838 4.27233 9.57491
v -5.18036 4.30940 9.42713
v -5.60556 3.80557 9.28637
v -5.54004 3.70852 9.38458
v -5.58617 3.74559 9.52548
v -5.68020 3.86555 9.51435
v -5.69218 3.90262 9.36658
v -5.10901 4.21235 9.47602
v -5.62083 3.80557 9.41547
v -4.99055 4.21235 7.87888
v -4.92103 4.14235 7.88710
v -4.85152 4.21235 7.89533
v -4.92103 4.28235 7.88710
v -5.19027 4.21235 9.56711
v -5.12076 4.14235 9.57533
v -5.05124 4.21235 9.58355
v -5.12076 4.28235 9.57533
v -4.92103 4.21235 7.88710
v -5.12076 4.21235 9.57533
v -5.43663 3.80557 7.79593
v -5.37863 3.70245 7.89267
v -5.42040 3.74184 8.03430
v -5.50421 3.86930 8.02509
v -5.51424 3.90869 7.87777
v -5.98081 3.44345 7.73615
v -5.92282 3.34033 7.83289
v -5.96459 3.37972 7.97452
v -6.04839 3.50718 7.96531
v -6.05842 3.54657 7.81799
v -5.45082 3.80557 7.92515
v -5.99501 3.44345 7.86537
v -5.60042 3.80557 9.28696
v -5.54243 3.70245 9.38370
v -5.58420 3.74184 9.52533
v -5.66800 3.86930 9.51612
v -5.67803 3.90869 9.36880
v -6.14460 3.44345 9.22718
v -6.08661 3.34033 9.32392
v -6.12838 3.37972 9.46555
v -6.21219 3.50718 9.45634
v -6.22221 3.54657 9.30902
v -5.61461 3.80557 9.41618
v -6.15880 3.44345 9.35640
v -5.99618 3.44345 7.73460
v -5.95047 3.33232 7.82902
v -5.98441 3.37477 7.97185
v -6.05110 3.51213 7.96571
v -6.05838 3.55458 7.81908
v -6.58328 3.15598 7.68052
v -6.53757 3.04485 7.77494
v -6.57151 3.08730 7.91777
v -6.63820 3.22467 7.91163
v -6.64548 3.26711 7.76500
v -6.00811 3.44345 7.86405
v -6.59521 3.15598 7.80997
v -6.13377 3.44345 9.22827
v -6.08806 3.33232 9.32269
v -6.12200 3.37477 9.46553
v -6.18869 3.51213 9.45938
v -6.19597 3.55458 9.31275
v -6.72087 3.15598 9.17419
v -6.67516 3.04485 9.26861
v -6.70910 3.08730 9.41145
v -6.77579 3.22467 9.40530
v -6.78307 3.26711 9.25867
v -6.14570 3.44345 9.35772
v -6.73280 3.15598 9.30364
v -6.06864 3.44345 7.75805
v -5.99894 3.37345 7.76447
v -5.92923 3.44345 7.77089
v -5.99894 3.51345 7.76447
v -6.22457 3.44345 9.45088
v -6.15487 3.37345 9.45730
v -6.08516 3.44345 9.46372
v -6.15487 3.51345 9.45730
v -5.99894 3.44345 7.76447
v -6.15487 3.44345 9.45730
v -6.07690 0.10000 8.41089
v -6.25011 0.10000 8.51089
v -6.25011 0.10000 8.71089
v -6.07690 0.10000 8.81089
v -5.90370 0.10000 8.71089
v -5.90370 0.10000 8.51089
v -6.07690 3.29345 8.45089
v -6.21547 3.29345 8.53089
v -6.21547 3.29345 8.69089
v -6.07690 3.29345 8.77089
v -5.93834 3.29345 8.69089
v -5.93834 3.29345 8.53089
v -6.07690 0.10000 8.61089
v -6.07690 3.29345 8.61089
v -6.47690 0.00000 8.21089
v -5.67690 0.00000 8.21089
v -5.67690 0.30000 8.21089
v -6.47690 0.30000 8.21089
v -6.47690 0.00000 9.01089
v -5.67690 0.00000 9.01089
v -5.67690 0.30000 9.01089
v -6.47690 0.30000 9.01089
v -6.60823 3.15598 7.67858
v -6.58271 3.03637 7.77020
v -6.60384 3.08206 7.91450
v -6.64243 3.22991 7.91205
v -6.64514 3.27560 7.76624
v -7.24074 2.99027 7.63841
v -7.21522 2.87065 7.73004
v -7.23636 2.91634 7.87433
v -7.27494 3.06419 7.87188
v -7.27765 3.10988 7.72607
v -6.61647 3.15598 7.80831
v -7.24898 2.99027 7.76815
v -6.70330 3.15598 9.17556
v -6.67778 3.03637 9.26719
v -6.69891 3.08206 9.41148
v -6.73749 3.22991 9.40903
v -6.74020 3.27560 9.26322
v -7.33581 2.99027 9.13539
v -7.31029 2.87065 9.22702
v -7.33142 2.91634 9.37132
v -7.37000 3.06419 9.36887
v -7.37271 3.10988 9.22306
v -6.71154 3.15598 9.30530
v -7.34405 2.99027 9.26513
v -7.27448 2.99027 7.63691
v -7.27732 2.86663 7.72670
v -7.28073 2.91386 7.87200
v -7.28001 3.06668 7.87202
v -7.27614 3.11390 7.72673
v -7.92866 2.99338 7.62053
v -7.93149 2.86975 7.71031
v -7.93491 2.91697 7.85562
v -7.93418 3.06979 7.85564
v -7.93032 3.11702 7.71034
v -7.27774 2.99027 7.76687
v -7.93191 2.99338 7.75049
v -7.31204 2.99027 9.13644
v -7.31488 2.86663 9.22623
v -7.31829 2.91386 9.37153
v -7.31756 3.06668 9.37155
v -7.31370 3.11390 9.22626
v -7.96622 2.99338 9.12006
v -7.96905 2.86975 9.20984
v -7.97247 2.91697 9.35515
v -7.97174 3.06979 9.35517
v -7.96788 3.11702 9.20987
v -7.31529 2.99027 9.26640
v -7.96947 2.99338 9.25002
v -7.34521 2.99027 7.66515
v -7.27523 2.92027 7.66691
v -7.20525 2.99027 7.66866
v -7.27523 3.06027 7.66691
v -7.38778 2.99027 9.36462
v -7.31780 2.92027 9.36637
v -7.24782 2.99027 9.36813
v -7.31780 3.06027 9.36637
v -7.27523 2.99027 7.66691
v -7.31780 2.99027 9.36637
v -7.99385 2.99338 7.62131
v -8.03110 2.87699 7.71308
v -8.00806 2.92145 7.85747
v -7.95658 3.06532 7.85494
v -7.94780 3.10978 7.70899
v -8.60708 3.21334 7.65143
v -8.64432 3.09694 7.74319
v -8.62128 3.14140 7.88758
v -8.56980 3.28527 7.88505
v -8.56102 3.32973 7.73910
v -7.98748 2.99338 7.75116
v -8.60070 3.21334 7.78127
v -7.92028 2.99338 9.11951
v -7.95752 2.87699 9.21127
v -7.93449 2.92145 9.35566
v -7.88301 3.06532 9.35313
v -7.87423 3.10978 9.20718
v -8.53350 3.21334 9.14962
v -8.57075 3.09694 9.24139
v -8.54771 3.14140 9.38578
v -8.49623 3.28527 9.38325
v -8.48745 3.32973 9.23730
v -7.91390 2.99338 9.24935
v -8.52713 3.21334 9.27947
v -8.68305 3.21334 7.65847
v -8.74211 3.11275 7.75720
v -8.69523 3.15117 7.89749
v -8.60720 3.27551 7.88546
v -8.59967 3.31393 7.73774
v -9.21148 3.59446 7.73068
v -9.27054 3.49387 7.82941
v -9.22366 3.53229 7.96970
v -9.13562 3.65663 7.95767
v -9.12809 3.69506 7.80994
v -8.66545 3.21334 7.78727
v -9.19388 3.59446 7.85948
v -8.47998 3.21334 9.14466
v -8.53904 3.11275 9.24339
v -8.49216 3.15117 9.38368
v -8.40412 3.27551 9.37165
v -8.39659 3.31393 9.22393
v -9.00840 3.59446 9.21687
v -9.06746 3.49387 9.31560
v -9.02058 3.53229 9.45589
v -8.93255 3.65663 9.44386
v -8.92502 3.69506 9.29613
v -8.46238 3.21334 9.27346
v -8.99080 3.59446 9.34567
v -8.74835 3.21334 7.69767
v -8.67899 3.14334 7.68819
v -8.60963 3.21334 7.67872
v -8.67899 3.28334 7.68819
v -8.51819 3.21334 9.38202
v -8.44884 3.14334 9.37254
v -8.37948 3.21334 9.36307
v -8.44884 3.28334 9.37254
v -8.67899 3.21334 7.68819
v -8.44884 3.21334 9.37254
v -9.25634 3.59446 7.73799
v -9.32332 3.50488 7.84212
v -9.26425 3.53910 7.97886
v -9.16077 3.64983 7.95923
v -9.15588 3.68405 7.81036
v -9.72360 4.04684 7.82662
v -9.79058 3.95726 7.93076
v -9.73151 3.99148 8.06749
v -9.62803 4.10221 8.04786
v -9.62314 4.13643 7.89900
v -9.23211 3.59446 7.86571
v -9.69937 4.04684 7.95435
v -8.97680 3.59446 9.21171
v -9.04377 3.50488 9.31585
v -8.98471 3.53910 9.45258
v -8.88123 3.64983 9.43295
v -8.87634 3.68405 9.28409
v -9.44406 4.04684 9.30034
v -9.51103 3.95726 9.40448
v -9.45197 3.99148 9.54121
v -9.34849 4.10221 9.52158
v -9.34360 4.13643 9.37272
v -8.95257 3.59446 9.33943
v -9.41983 4.04684 9.42807
v -9.74797 4.04684 7.83160
v -9.81845 3.96407 7.93901
v -9.75307 3.99568 8.07347
v -9.64218 4.09800 8.04917
v -9.63903 4.12962 7.89969
v -10.17738 4.53457 7.92570
v -10.24786 4.45179 8.03310
v -10.18249 4.48341 8.16757
v -10.07160 4.58573 8.14327
v -10.06845 4.61734 7.99379
v -9.72014 4.04684 7.95859
v -10.14956 4.53457 8.05269
v -9.42689 4.04684 9.29684
v -9.49737 3.96407 9.40424
v -9.43200 3.99568 9.53871
v -9.32111 4.09800 9.51441
v -9.31795 4.12962 9.36492
v -9.85631 4.53457 9.39093
v -9.92679 4.45179 9.49834
v -9.86141 4.48341 9.63280
v -9.75053 4.58573 9.60851
v -9.74737 4.61734 9.45902
v -9.39906 4.04684 9.42382
v -9.82848 4.53457 9.51792
v -9.80992 4.04684 7.87589
v -9.74154 3.97684 7.86091
v -9.67317 4.04684 7.84592
v -9.74154 4.11684 7.86091
v -9.44604 4.04684 9.53649
v -9.37766 3.97684 9.52151
v -9.30928 4.04684 9.50652
v -9.37766 4.11684 9.52151
v -9.74154 4.04684 7.86091
v -9.37766 4.04684 9.52151
v -9.55960 0.10000 8.49121
v -9.73281 0.10000 8.59121
v -9.73281 0.10000 8.79121
v -9.55960 0.10000 8.89121
v -9.38640 0.10000 8.79121
v -9.38640 0.10000 8.59121
v -9.55960 3.89684 8.53121
v -9.69817 3.89684 8.61121
v -9.69817 3.89684 8.77121
v -9.55960 3.89684 8.85121
v -9.42104 3.89684 8.77121
v -9.42104 3.89684 8.61121
v -9.55960 0.10000 8.69121
v -9.55960 3.89684 8.69121
v -9.95960 0.00000 8.29121
v -9.15960 0.00000 8.29121
v -9.15960 0.30000 8.29121
v -9.95960 0.30000 8.29121
v -9.95960 0.00000 9.09121
v -9.15960 0.00000 9.09121
v -9.15960 0.30000 9.09121
v -9.95960 0.30000 9.09121
v -10.18811 4.53457 7.92812
v -10.26097 4.45623 8.03726
v -10.19249 4.48615 8.17057
v -10.07732 4.58298 8.14382
v -10.07461 4.61290 7.99398
v -10.59337 5.04263 8.02225
v -10.66622 4.96429 8.13139
v -10.59775 4.99421 8.26470
v -10.48257 5.09104 8.23795
v -10.47987 5.12096 8.08810
v -10.15870 4.53457 8.05475
v -10.56395 5.04263 8.14888
v -9.84875 4.53457 9.38923
v -9.92160 4.45623 9.49837
v -9.85313 4.48615 9.63168
v -9.73796 4.58298 9.60493
v -9.73525 4.61290 9.45508
v -10.25400 5.04263 9.48335
v -10.32686 4.96429 9.59249
v -10.25838 4.99421 9.72580
v -10.14321 5.09104 9.69905
v -10.14050 5.12096 9.54921
v -9.81934 4.53457 9.51586
v -10.22459 5.04263 9.60998
v -10.59259 5.04263 8.02207
v -10.66757 4.96691 8.13161
v -10.59844 4.99583 8.26480
v -10.48074 5.08942 8.23758
v -10.47713 5.11835 8.08756
v -10.98443 5.56175 8.11271
v -11.05941 5.48603 8.22225
v -10.99028 5.51495 8.35544
v -10.87258 5.60855 8.32822
v -10.86896 5.63747 8.17820
v -10.56330 5.04263 8.14872
v -10.95513 5.56175 8.23936
v -10.25455 5.04263 9.48348
v -10.32952 4.96691 9.59302
v -10.26040 4.99583 9.72622
v -10.14270 5.08942 9.69899
v -10.13908 5.11835 9.54897
v -10.64638 5.56175 9.57412
v -10.72136 5.48603 9.68366
v -10.65224 5.51495 9.81685
v -10.53453 5.60855 9.78963
v -10.53092 5.63747 9.63961
v -10.22525 5.04263 9.61014
v -10.61709 5.56175 9.70077
v -10.65403 5.04263 8.06707
v -10.58583 4.97263 8.05130
v -10.51763 5.04263 8.03552
v -10.58583 5.11263 8.05130
v -10.27091 5.04263 9.72334
v -10.20271 4.97263 9.70756
v -10.13451 5.04263 9.69179
v -10.20271 5.11263 9.70756
v -10.58583 5.04263 8.05130
v -10.20271 5.04263 9.70756
v -10.97357 5.56175 8.11027
v -11.05101 5.48748 8.21909
v -10.98316 5.51585 8.35305
v -10.86379 5.60765 8.32703
v -10.85786 5.63602 8.17698
v -11.35900 6.08676 8.19430
v -11.43644 6.01249 8.30312
v -11.36859 6.04086 8.43709
v -11.24922 6.13266 8.41106
v -11.24329 6.16103 8.26101
v -10.94588 5.56175 8.23728
v -11.33131 6.08676 8.32132
v -10.65403 5.56175 9.57584
v -10.73147 5.48748 9.68466
v -10.66362 5.51585 9.81862
v -10.54425 5.60765 9.79260
v -10.53832 5.63602 9.64255
v -11.03946 6.08676 9.65987
v -11.11690 6.01249 9.76869
v -11.04905 6.04086 9.90266
v -10.92968 6.13266 9.87663
v -10.92375 6.16103 9.72658
v -10.62634 5.56175 9.70285
v -11.01177 6.08676 9.78689
v -11.33783 6.08676 8.18996
v -11.41815 6.01280 8.29689
v -11.35353 6.04105 8.43247
v -11.23326 6.13247 8.40932
v -11.22356 6.16071 8.25944
v -11.72356 6.61302 8.26419
v -11.80388 6.53906 8.37112
v -11.73925 6.56731 8.50669
v -11.61899 6.65872 8.48355
v -11.60929 6.68697 8.33367
v -11.31327 6.08676 8.31762
v -11.69900 6.61302 8.39185
v -11.05438 6.08676 9.66293
v -11.13470 6.01280 9.76986
v -11.07007 6.04105 9.90544
v -10.94980 6.13247 9.88230
v -10.94011 6.16071 9.73242
v -11.44011 6.61302 9.73716
v -11.52043 6.53906 9.84409
v -11.45580 6.56731 9.97967
v -11.33553 6.65872 9.95653
v -11.32584 6.68697 9.80665
v -11.02981 6.08676 9.79059
v -11.41554 6.61302 9.86482
v -11.40090 6.08676 8.23265
v -11.33217 6.01676 8.21942
v -11.26343 6.08676 8.20619
v -11.33217 6.15676 8.21942
v -11.07965 6.08676 9.90202
v -11.01091 6.01676 9.88879
v -10.94217 6.08676 9.87556
v -11.01091 6.15676 9.88879
v -11.33217 6.08676 8.21942
v -11.01091 6.08676 9.88879
v -11.69074 6.61302 8.25851
v -11.77442 6.53822 8.36223
v -11.71521 6.56679 8.50019
v -11.59493 6.65925 8.48174
v -11.57981 6.68782 8.33237
v -12.08343 7.13588 8.31877
v -12.16711 7.06108 8.42249
v -12.10790 7.08965 8.56045
v -11.98763 7.18211 8.54199
v -11.97250 7.21068 8.39263
v -11.67102 6.61302 8.38701
v -12.06371 7.13588 8.44727
v -11.46323 6.61302 9.74116
v -11.54691 6.53822 9.84488
v -11.48770 6.56679 9.98284
v -11.36743 6.65925 9.96438
v -11.35231 6.68782 9.81502
v -11.85593 7.13588 9.80142
v -11.93961 7.06108 9.90514
v -11.88040 7.08965 10.04310
v -11.76012 7.18211 10.02464
v -11.74500 7.21068 9.87527
v -11.44352 6.61302 9.86966
v -11.83621 7.13588 9.92991
v -12.03528 7.13588 8.31273
v -12.12268 7.05867 8.41150
v -12.07188 7.08816 8.55259
v -11.95308 7.18360 8.54101
v -11.93046 7.21309 8.39278
v -12.44339 7.64872 8.35249
v -12.53079 7.57151 8.45126
v -12.47999 7.60100 8.59234
v -12.36119 7.69644 8.58077
v -12.33857 7.72593 8.43253
v -12.02268 7.13588 8.44212
v -12.43079 7.64872 8.48188
v -11.88985 7.13588 9.80567
v -11.97725 7.05867 9.90444
v -11.92645 7.08816 10.04552
v -11.80765 7.18360 10.03395
v -11.78503 7.21309 9.88571
v -12.29796 7.64872 9.84542
v -12.38536 7.57151 9.94419
v -12.33456 7.60100 10.08527
v -12.21576 7.69644 10.07370
v -12.19314 7.72593 9.92547
v -11.87725 7.13588 9.93506
v -12.28536 7.64872 9.97481
v -12.10204 7.13588 8.34938
v -12.03237 7.06588 8.34259
v -11.96270 7.13588 8.33581
v -12.03237 7.20588 8.34259
v -11.93722 7.13588 10.04137
v -11.86755 7.06588 10.03458
v -11.79788 7.13588 10.02780
v -11.86755 7.20588 10.03458
v -12.03237 7.13588 8.34259
v -11.86755 7.13588 10.03458
v -11.94996 0.10000 8.98859
v -12.12317 0.10000 9.08859
v -12.12317 0.10000 9.28859
v -11.94996 0.10000 9.38859
v -11.77676 0.10000 9.28859
v -11.77676 0.10000 9.08859
v -11.94996 6.98588 9.02859
v -12.08853 6.98588 9.10859
v -12.08853 6.98588 9.26859
v -11.94996 6.98588 9.34859
v -11.81140 6.98588 9.26859
v -11.81140 6.98588 9.10859
v -11.94996 0.10000 9.18859
v -11.94996 6.98588 9.18859
v -12.34996 0.00000 8.78859
v -11.54996 0.00000 8.78859
v -11.54996 0.30000 8.78859
v -12.34996 0.30000 8.78859
v -12.34996 0.00000 9.58859
v -11.54996 0.00000 9.58859
v -11.54996 0.30000 9.58859
v -12.34996 0.30000 9.58859
v -12.37706 7.64872 8.34855
v -12.46778 7.56688 8.44035
v -12.42925 7.59814 8.58490
v -12.31472 7.69930 8.58243
v -12.28247 7.73056 8.43636
v -12.81147 8.14077 8.35792
v -12.90219 8.05893 8.44973
v -12.86366 8.09019 8.59428
v -12.74913 8.19135 8.59181
v -12.71688 8.22261 8.44573
v -12.37426 7.64872 8.47852
v -12.80867 8.14077 8.48789
v -12.34470 7.64872 9.84820
v -12.43541 7.56688 9.94001
v -12.39688 7.59814 10.08455
v -12.28236 7.69930 10.08208
v -12.25010 7.73056 9.93601
v -12.77911 8.14077 9.85757
v -12.86982 8.05893 9.94938
v -12.83130 8.09019 10.09393
v -12.71677 8.19135 10.09146
v -12.68452 8.22261 9.94538
v -12.34189 7.64872 9.97817
v -12.77630 8.14077 9.98754
v -12.71892 8.14077 8.36080
v -12.81059 8.05048 8.44325
v -12.79060 8.08496 8.59078
v -12.68656 8.19657 8.59951
v -12.64226 8.23106 8.45737
v -13.19626 8.58885 8.32076
v -13.28794 8.49856 8.40321
v -13.26794 8.53304 8.55074
v -13.16390 8.64465 8.55947
v -13.11961 8.67914 8.41733
v -12.72979 8.14077 8.49034
v -13.20713 8.58885 8.45030
v -12.84431 8.14077 9.85555
v -12.93599 8.05048 9.93800
v -12.91599 8.08496 10.08553
v -12.81196 8.19657 10.09426
v -12.76766 8.23106 9.95212
v -13.32165 8.58885 9.81551
v -13.41333 8.49856 9.89796
v -13.39333 8.53304 10.04549
v -13.28930 8.64465 10.05422
v -13.24500 8.67914 9.91208
v -12.85518 8.14077 9.98509
v -13.33252 8.58885 9.94505
v -12.79118 8.14077 8.38484
v -12.72143 8.07077 8.39069
v -12.65167 8.14077 8.39655
v -12.72143 8.21077 8.39069
v -12.93329 8.14077 10.07889
v -12.86354 8.07077 10.08474
v -12.79378 8.14077 10.09060
v -12.86354 8.21077 10.08474
v -12.72143 8.14077 8.39069
v -12.86354 8.14077 10.08474
v -13.06637 8.58885 8.34152
v -13.15014 8.48353 8.41394
v -13.15968 8.52376 8.56106
v -13.08180 8.65394 8.57957
v -13.02413 8.69417 8.44389
v -13.60806 8.93123 8.21279
v -13.69184 8.82591 8.28521
v -13.70138 8.86614 8.43234
v -13.62349 8.99632 8.45084
v -13.56582 9.03655 8.31516
v -13.09642 8.58885 8.46800
v -13.63812 8.93123 8.33927
v -13.41317 8.58885 9.80088
v -13.49695 8.48353 9.87330
v -13.50648 8.52376 10.02042
v -13.42860 8.65394 10.03893
v -13.37093 8.69417 9.90324
v -13.95487 8.93123 9.67215
v -14.03864 8.82591 9.74457
v -14.04818 8.86614 9.89169
v -13.97030 8.99632 9.91020
v -13.91263 9.03655 9.77451
v -13.44323 8.58885 9.92735
v -13.98492 8.93123 9.79863
v -13.46339 8.93123 8.26074
v -13.52168 8.81010 8.33344
v -13.57048 8.85637 8.47067
v -13.54236 9.00609 8.48278
v -13.47617 9.05236 8.35304
v -14.05057 9.06198 8.00781
v -14.10886 8.94085 8.08051
v -14.15767 8.98711 8.21774
v -14.12954 9.13684 8.22985
v -14.06336 9.18311 8.10011
v -13.51482 8.93123 8.38013
v -14.10200 9.06198 8.12721
v -14.05680 8.93123 9.63837
v -14.11508 8.81010 9.71107
v -14.16389 8.85637 9.84830
v -14.13577 9.00609 9.86041
v -14.06958 9.05236 9.73067
v -14.64398 9.06198 9.38544
v -14.70226 8.94085 9.45814
v -14.75107 8.98711 9.59537
v -14.72295 9.13684 9.60749
v -14.65676 9.18311 9.47774
v -14.10822 8.93123 9.75776
v -14.69541 9.06198 9.50484
v -13.53955 8.93123 8.26060
v -13.47526 8.86123 8.28829
v -13.41097 8.93123 8.31598
v -13.47526 9.00123 8.28829
v -14.21207 8.93123 9.82191
v -14.14778 8.86123 9.84960
v -14.08350 8.93123 9.87730
v -14.14778 9.00123 9.84960
v -13.47526 8.93123 8.28829
v -14.14778 8.93123 9.84960
v -13.96295 9.06198 8.05148
v -14.00036 8.93861 8.13355
v -14.07503 8.98573 8.25829
v -14.08378 9.13822 8.25330
v -14.01451 9.18535 8.12549
v -14.53098 9.01882 7.72773
v -14.56839 8.89545 7.80981
v -14.64306 8.94257 7.93454
v -14.65181 9.09506 7.92956
v -14.58254 9.14219 7.80174
v -14.02733 9.06198 8.16442
v -14.59536 9.01882 7.84068
v -14.70571 9.06198 9.35468
v -14.74311 8.93861 9.43675
v -14.81778 8.98573 9.56148
v -14.82653 9.13822 9.55650
v -14.75726 9.18535 9.42869
v -15.27373 9.01882 9.03093
v -15.31114 8.89545 9.11300
v -15.38581 8.94257 9.23774
v -15.39456 9.09506 9.23275
v -15.32529 9.14219 9.10494
v -14.77008 9.06198 9.46762
v -15.33811 9.01882 9.14387
v -14.47393 9.01882 7.76320
v -14.50092 8.89843 7.85338
v -14.59122 8.94441 7.96778
v -14.62004 9.09322 7.94830
v -14.54755 9.13921 7.82186
v -15.00320 8.86948 7.40545
v -15.03019 8.74909 7.49563
v -15.12049 8.79507 7.61003
v -15.14931 8.94388 7.59055
v -15.07682 8.98987 7.46411
v -14.54673 9.01882 7.87091
v -15.07600 8.86948 7.51316
v -15.31393 9.01882 9.00594
v -15.34092 8.89843 9.09612
v -15.43122 8.94441 9.21052
v -15.46004 9.09322 9.19104
v -15.38755 9.13921 9.06460
v -15.84321 8.86948 8.64819
v -15.87019 8.74909 8.73837
v -15.96049 8.79507 8.85277
v -15.98931 8.94388 8.83329
v -15.91683 8.98987 8.70685
v -15.38673 9.01882 9.11364
v -15.91601 8.86948 8.75589
v -14.54873 9.01882 7.74886
v -14.49073 8.94882 7.78806
v -14.43274 9.01882 7.82726
v -14.49073 9.08882 7.78806
v -15.50073 9.01882 9.15729
v -15.44273 8.94882 9.19649
v -15.38474 9.01882 9.23569
v -15.44273 9.08882 9.19649
v -14.49073 9.01882 7.78806
v -15.44273 9.01882 9.19649
v -14.96673 0.10000 8.29228
v -15.13994 0.10000 8.39228
v -15.13994 0.10000 8.59228
v -14.96673 0.10000 8.69228
v -14.79353 0.10000 8.59228
v -14.79353 0.10000 8.39228
v -14.96673 8.86882 8.33228
v -15.10530 8.86882 8.41228
v -15.10530 8.86882 8.57228
v -14.96673 8.86882 8.65228
v -14.82817 8.86882 8.57228
v -14.82817 8.86882 8.41228
v -14.96673 0.10000 8.49228
v -14.96673 8.86882 8.49228
v -15.36673 0.00000 8.09228
v -14.56673 0.00000 8.09228
v -14.56673 0.30000 8.09228
v -15.36673 0.30000 8.09228
v -15.36673 0.00000 8.89228
v -14.56673 0.00000 8.89228
v -14.56673 0.30000 8.89228
v -15.36673 0.30000 8.89228
v -14.96035 8.86948 7.43633
v -14.98275 8.75273 7.53237
v -15.08355 8.79732 7.63822
v -15.12346 8.94163 7.60761
v -15.04732 8.98623 7.48283
v -15.45213 8.65344 7.05904
v -15.47452 8.53669 7.15508
v -15.57533 8.58128 7.26094
v -15.61523 8.72559 7.23032
v -15.53910 8.77019 7.10554
v -15.03948 8.86948 7.53947
v -15.53126 8.65344 7.16218
v -15.87339 8.86948 8.62644
v -15.89579 8.75273 8.72248
v -15.99659 8.79732 8.82833
v -16.03650 8.94163 8.79772
v -15.96036 8.98623 8.67294
v -16.36517 8.65344 8.24915
v -16.38756 8.53669 8.34519
v -16.48837 8.58128 8.45104
v -16.52827 8.72559 8.42043
v -16.45213 8.77019 8.29565
v -15.95252 8.86948 8.72958
v -16.44430 8.65344 8.35229
v -15.41758 8.65344 7.08696
v -15.43859 8.53985 7.18702
v -15.54697 8.58324 7.28564
v -15.59295 8.72364 7.24653
v -15.51298 8.76703 7.12374
v -15.87699 8.39415 6.69614
v -15.89800 8.28057 6.79620
v -16.00639 8.32395 6.89482
v -16.05236 8.46435 6.85571
v -15.97239 8.50774 6.73292
v -15.50181 8.65344 7.18598
v -15.96122 8.39415 6.79516
v -16.38952 8.65344 8.22948
v -16.41053 8.53985 8.32954
v -16.51891 8.58324 8.42816
v -16.56488 8.72364 8.38905
v -16.48491 8.76703 8.26626
v -16.84893 8.39415 7.83866
v -16.86994 8.28057 7.93871
v -16.97832 8.32395 8.03733
v -17.02429 8.46435 7.99823
v -16.94432 8.50774 7.87544
v -16.47375 8.65344 8.32850
v -16.93316 8.39415 7.93767
v -15.49034 8.65344 7.06446
v -15.43702 8.58344 7.10981
v -15.38370 8.65344 7.15517
v -15.43702 8.72344 7.10981
v -16.59186 8.65344 8.35931
v -16.53855 8.58344 8.40466
v -16.48523 8.65344 8.45002
v -16.53855 8.72344 8.40466
v -15.43702 8.65344 7.10981
v -16.53855 8.65344 8.40466
v -15.84665 8.39415 6.72318
v -15.86817 8.28314 6.82599
v -15.98255 8.32554 6.91804
v -16.03173 8.46276 6.87212
v -15.94774 8.50517 6.75170
v -16.27758 8.10510 6.32086
v -16.29910 7.99409 6.42366
v -16.41348 8.03649 6.51571
v -16.46266 8.17371 6.46980
v -16.37867 8.21611 6.34937
v -15.93537 8.39415 6.81821
v -16.36630 8.10510 6.41588
v -16.87030 8.39415 7.81961
v -16.89182 8.28314 7.92241
v -17.00620 8.32554 8.01446
v -17.05538 8.46276 7.96855
v -16.97139 8.50517 7.84812
v -17.30123 8.10510 7.41728
v -17.32275 7.99409 7.52008
v -17.43713 8.03649 7.61214
v -17.48631 8.17371 7.56622
v -17.40231 8.21611 7.44580
v -16.95902 8.39415 7.91463
v -17.38994 8.10510 7.51230
v -16.24946 8.10510 6.34831
v -16.27280 7.99610 6.45285
v -16.39223 8.03774 6.53863
v -16.44270 8.17247 6.48711
v -16.35447 8.21410 6.36948
v -16.65455 7.79521 5.93475
v -16.67789 7.68621 6.03930
v -16.79732 7.72784 6.12508
v -16.84779 7.86258 6.07356
v -16.75955 7.90421 5.95593
v -16.34233 8.10510 6.43927
v -16.74742 7.79521 6.02572
v -17.32104 8.10510 7.39794
v -17.34438 7.99610 7.50248
v -17.46380 8.03774 7.58827
v -17.51427 8.17247 7.53674
v -17.42604 8.21410 7.41911
v -17.72612 7.79521 6.98439
v -17.74946 7.68621 7.08893
v -17.86889 7.72784 7.17472
v -17.91936 7.86258 7.12319
v -17.83112 7.90421 7.00556
v -17.41391 8.10510 7.48891
v -17.81899 7.79521 7.07536
v -16.31988 8.10510 6.31929
v -16.27090 8.03510 6.36930
v -16.22191 8.10510 6.41931
v -16.27090 8.17510 6.36930
v -17.53433 8.10510 7.50888
v -17.48534 8.03510 7.55889
v -17.43636 8.10510 7.60889
v -17.48534 8.17510 7.55889
v -16.27090 8.10510 6.36930
v -17.48534 8.10510 7.55889
v -16.62714 7.79521 5.96405
v -16.65341 7.68771 6.06944
v -16.77731 7.72877 6.14892
v -16.82762 7.86165 6.09264
v -16.73481 7.90271 5.97838
v -17.00765 7.47087 5.53839
v -17.03392 7.36337 5.64379
v -17.15783 7.40443 5.72327
v -17.20814 7.53731 5.66699
v -17.11532 7.57837 5.55273
v -16.72406 7.79521 6.05069
v -17.10457 7.47087 5.62503
v -17.74544 7.79521 6.96375
v -17.77170 7.68771 7.06915
v -17.89561 7.72877 7.14863
v -17.94592 7.86165 7.09235
v -17.85311 7.90271 6.97809
v -18.12595 7.47087 6.53810
v -18.15222 7.36337 6.64350
v -18.27612 7.40443 6.72297
v -18.32643 7.53731 6.66670
v -18.23362 7.57837 6.55244
v -17.84235 7.79521 7.05039
v -18.22287 7.47087 6.62474
v -16.97963 7.47087 5.57134
v -17.00994 7.36438 5.67667
v -17.13802 7.40505 5.74945
v -17.18687 7.53668 5.68909
v -17.08897 7.57736 5.57901
v -17.33539 7.13725 5.13168
v -17.36571 7.03076 5.23701
v -17.49379 7.07144 5.30979
v -17.54263 7.20307 5.24943
v -17.44473 7.24375 5.13935
v -17.08069 7.47087 5.65311
v -17.43645 7.13725 5.21345
v -18.14569 7.47087 6.51489
v -18.17601 7.36438 6.62023
v -18.30409 7.40505 6.69300
v -18.35293 7.53668 6.63264
v -18.25504 7.57736 6.52256
v -18.50146 7.13725 6.07523
v -18.53177 7.03076 6.18056
v -18.65985 7.07144 6.25334
v -18.70870 7.20307 6.19298
v -18.61080 7.24375 6.08290
v -18.24675 7.47087 6.59666
v -18.60252 7.13725 6.15700
v -17.04698 7.47087 5.53579
v -17.00295 7.40087 5.59021
v -16.95892 7.47087 5.64463
v -17.00295 7.54087 5.59021
v -18.36852 7.47087 6.60515
v -18.32449 7.40087 6.65957
v -18.28046 7.47087 6.71398
v -18.32449 7.54087 6.65957
v -17.00295 7.47087 5.59021
v -18.32449 7.47087 6.65957
v -17.66372 0.10000 5.92489
v -17.83693 0.10000 6.02489
v -17.83693 0.10000 6.22489
v -17.66372 0.10000 6.32489
v -17.49052 0.10000 6.22489
v -17.49052 0.10000 6.02489
v -17.66372 7.32087 5.96489
v -17.80228 7.32087 6.04489
v -17.80228 7.32087 6.20489
v -17.66372 7.32087 6.28489
v -17.52516 7.32087 6.20489
v -17.52516 7.32087 6.04489
v -17.66372 0.10000 6.12489
v -17.66372 7.32087 6.12489
v -18.06372 0.00000 5.72489
v -17.26372 0.00000 5.72489
v -17.26372 0.30000 5.72489
v -18.06372 0.30000 5.72489
v -18.06372 0.00000 6.52489
v -17.26372 0.00000 6.52489
v -17.26372 0.30000 6.52489
v -18.06372 0.30000 6.52489
v -17.30545 7.13725 5.17087
v -17.34115 7.03124 5.27500
v -17.47329 7.07174 5.34023
v -17.51925 7.20277 5.27642
v -17.41553 7.24326 5.17175
v -17.63452 6.79936 4.71405
v -17.67022 6.69335 4.81818
v -17.80236 6.73384 4.88342
v -17.84833 6.86487 4.81961
v -17.74460 6.90537 4.71493
v -17.41093 7.13725 5.24685
v -17.74001 6.79936 4.79004
v -18.52255 7.13725 6.04761
v -18.55825 7.03124 6.15174
v -18.69038 7.07174 6.21698
v -18.73635 7.20277 6.15316
v -18.63262 7.24326 6.04849
v -18.85162 6.79936 5.59080
v -18.88732 6.69335 5.69493
v -19.01945 6.73384 5.76016
v -19.06542 6.86487 5.69635
v -18.96169 6.90537 5.59168
v -18.62803 7.13725 6.12360
v -18.95710 6.79936 5.66678
v -17.60133 6.79936 4.76359
v -17.64416 6.69316 4.86480
v -17.78035 6.73372 4.92104
v -17.82169 6.86499 4.85459
v -17.71105 6.90555 4.75728
v -17.89920 6.46313 4.28474
v -17.94203 6.35693 4.38595
v -18.07822 6.39749 4.44218
v -18.11956 6.52876 4.37573
v -18.00892 6.56932 4.27843
v -17.71171 6.79936 4.83226
v -18.00959 6.46313 4.35341
v -18.87501 6.79936 5.55590
v -18.91784 6.69316 5.65710
v -19.05403 6.73372 5.71334
v -19.09537 6.86499 5.64689
v -18.98472 6.90555 5.54958
v -19.17288 6.46313 5.07704
v -19.21571 6.35693 5.17825
v -19.35190 6.39749 5.23449
v -19.39324 6.52876 5.16803
v -19.28260 6.56932 5.07073
v -18.98539 6.79936 5.62456
v -19.28327 6.46313 5.14571
v -17.66378 6.79936 4.72000
v -17.62680 6.72936 4.77944
v -17.58983 6.79936 4.83888
v -17.62680 6.86936 4.77944
v -19.10728 6.79936 5.61794
v -19.07030 6.72936 5.67738
v -19.03333 6.79936 5.73682
v -19.07030 6.86936 5.67738
v -17.62680 6.79936 4.77944
v -19.07030 6.79936 5.67738
v -17.86063 6.46313 4.35343
v -17.91326 6.35573 4.44857
v -18.05358 6.39675 4.49310
v -18.08767 6.52950 4.42548
v -17.96841 6.57052 4.33916
v -18.11728 6.13786 3.84430
v -18.16992 6.03047 3.93944
v -18.31024 6.07149 3.98397
v -18.34432 6.20423 3.91635
v -18.22507 6.24525 3.83003
v -17.97671 6.46313 4.41195
v -18.23337 6.13786 3.90281
v -19.20006 6.46313 5.02864
v -19.25270 6.35573 5.12379
v -19.39302 6.39675 5.16832
v -19.42710 6.52950 5.10070
v -19.30785 6.57052 5.01437
v -19.45672 6.13786 4.51951
v -19.50935 6.03047 4.61465
v -19.64967 6.07149 4.65918
v -19.68376 6.20423 4.59156
v -19.56451 6.24525 4.50524
v -19.31614 6.46313 5.08716
v -19.57280 6.13786 4.57803
v -18.07311 6.13786 3.94793
v -18.13870 6.02845 4.03208
v -18.28309 6.07024 4.05965
v -18.30674 6.20549 3.99254
v -18.17697 6.24728 3.92349
v -18.26612 5.83233 3.40027
v -18.33170 5.72291 3.48442
v -18.47609 5.76471 3.51199
v -18.49975 5.89995 3.44487
v -18.36997 5.94175 3.37582
v -18.19572 6.13786 3.99114
v -18.38873 5.83233 3.44347
v -19.48783 6.13786 4.44650
v -19.55342 6.02845 4.53065
v -19.69781 6.07024 4.55822
v -19.72146 6.20549 4.49110
v -19.59169 6.24728 4.42205
v -19.68084 5.83233 3.89883
v -19.74642 5.72291 3.98298
v -19.89081 5.76471 4.01055
v -19.91447 5.89995 3.94344
v -19.78469 5.94175 3.87439
v -19.61044 6.13786 4.48970
v -19.80345 5.83233 3.94204
v -18.12468 6.13786 3.89188
v -18.10141 6.06786 3.95790
v -18.07814 6.13786 4.02392
v -18.10141 6.20786 3.95790
v -19.72803 6.13786 4.45692
v -19.70476 6.06786 4.52294
v -19.68149 6.13786 4.58896
v -19.70476 6.20786 4.52294
v -18.10141 6.13786 3.95790
v -19.70476 6.13786 4.52294
v -18.23196 5.83233 3.52636
v -18.30914 5.72333 3.60065
v -18.45607 5.76496 3.60624
v -18.46971 5.89970 3.53542
v -18.33120 5.94133 3.48605
v -18.34136 5.52259 2.95821
v -18.41854 5.41359 3.03250
v -18.56547 5.45522 3.03809
v -18.57911 5.58996 2.96727
v -18.44060 5.63159 2.91790
v -18.35962 5.83233 3.55095
v -18.46902 5.52259 2.98279
v -19.70490 5.83233 3.80999
v -19.78208 5.72333 3.88427
v -19.92901 5.76496 3.88987
v -19.94265 5.89970 3.81904
v -19.80414 5.94133 3.76967
v -19.81430 5.52259 3.24184
v -19.89148 5.41359 3.31612
v -20.03842 5.45522 3.32172
v -20.05205 5.58996 3.25089
v -19.91355 5.63159 3.20152
v -19.83256 5.83233 3.83457
v -19.94196 5.52259 3.26642
v -18.32724 5.52259 3.06906
v -18.41318 5.41384 3.13343
v -18.55965 5.45538 3.12018
v -18.56424 5.58980 3.04762
v -18.42061 5.63134 3.01602
v -18.36369 5.21027 2.49284
v -18.44963 5.10153 2.55722
v -18.59610 5.14306 2.54397
v -18.60069 5.27748 2.47140
v -18.45705 5.31902 2.43980
v -18.45698 5.52259 3.07726
v -18.49343 5.21027 2.50104
v -19.82425 5.52259 3.16374
v -19.91019 5.41384 3.22812
v -20.05666 5.45538 3.21487
v -20.06125 5.58980 3.14231
v -19.91761 5.63134 3.11071
v -19.86070 5.21027 2.58753
v -19.94663 5.10153 2.65191
v -20.09311 5.14306 2.63866
v -20.09770 5.27748 2.56609
v -19.95406 5.31902 2.53449
v -19.95399 5.52259 3.17195
v -19.99044 5.21027 2.59573
v -18.36160 5.52259 3.00109
v -18.35718 5.45259 3.07095
v -18.35276 5.52259 3.14081
v -18.35718 5.59259 3.07095
v -20.05821 5.52259 3.10840
v -20.05379 5.45259 3.17826
v -20.04937 5.52259 3.24812
v -20.05379 5.59259 3.17826
v -18.35718 5.52259 3.07095
v -20.05379 5.52259 3.17826
v -19.20549 0.10000 2.92461
v -19.37869 0.10000 3.02461
v -19.37869 0.10000 3.22461
v -19.20549 0.10000 3.32461
v -19.03228 0.10000 3.22461
v -19.03228 0.10000 3.02461
v -19.20549 5.37259 2.96461
v -19.34405 5.37259 3.04461
v -19.34405 5.37259 3.20461
v -19.20549 5.37259 3.28461
v -19.06692 5.37259 3.20461
v -19.06692 5.37259 3.04461
v -19.20549 0.10000 3.12461
v -19.20549 5.37259 3.12461
v -19.60549 0.00000 2.72461
v -18.80549 0.00000 2.72461
v -18.80549 0.30000 2.72461
v -19.60549 0.30000 2.72461
v -19.60549 0.00000 3.52461
v -18.80549 0.00000 3.52461
v -18.80549 0.30000 3.52461
v -19.60549 0.30000 3.52461
v -18.36270 5.21027 2.58515
v -18.45489 5.10129 2.63974
v -18.59918 5.14292 2.61138
v -18.59616 5.27763 2.53927
v -18.45001 5.31925 2.52306
v -18.33853 4.90022 2.00698
v -18.43072 4.79124 2.06157
v -18.57500 4.83287 2.03321
v -18.57199 4.96758 1.96110
v -18.42584 5.00920 1.94489
v -18.49259 5.21027 2.57972
v -18.46842 4.90022 2.00155
v -19.86139 5.21027 2.52249
v -19.95358 5.10129 2.57708
v -20.09787 5.14292 2.54872
v -20.09485 5.27763 2.47661
v -19.94870 5.31925 2.46040
v -19.83722 4.90022 1.94432
v -19.92941 4.79124 1.99891
v -20.07369 4.83287 1.97055
v -20.07068 4.96758 1.89844
v -19.92453 5.00920 1.88223
v -19.99128 5.21027 2.51706
v -19.96711 4.90022 1.93889
v -18.34487 4.90022 2.08186
v -18.44125 4.79071 2.12738
v -18.58264 4.83254 2.08720
v -18.57364 4.96791 2.01685
v -18.42669 5.00974 2.01354
v -18.27109 4.59552 1.50499
v -18.36747 4.48600 1.55051
v -18.50886 4.52783 1.51033
v -18.49987 4.66320 1.43998
v -18.35292 4.70503 1.43668
v -18.47382 4.90022 2.06536
v -18.40004 4.59552 1.48850
v -19.83275 4.90022 1.89157
v -19.92913 4.79071 1.93709
v -20.07052 4.83254 1.89691
v -20.06153 4.96791 1.82656
v -19.91457 5.00974 1.82325
v -19.75897 4.59552 1.31470
v -19.85536 4.48600 1.36022
v -19.99675 4.52783 1.32004
v -19.98775 4.66320 1.24969
v -19.84080 4.70503 1.24639
v -19.96170 4.90022 1.87507
v -19.88792 4.59552 1.29821
v -18.36575 4.90022 2.00862
v -18.37463 4.83022 2.07805
v -18.38351 4.90022 2.14749
v -18.37463 4.97022 2.07805
v -20.05201 4.90022 1.79295
v -20.06089 4.83022 1.86239
v -20.06977 4.90022 1.93182
v -20.06089 4.97022 1.86239
v -18.37463 4.90022 2.07805
v -20.06089 4.90022 1.86239
v -18.28123 4.59552 1.56674
v -18.38033 4.48527 1.60390
v -18.51861 4.52738 1.55431
v -18.50498 4.66366 1.48650
v -18.35828 4.70577 1.49418
v -18.16587 4.29834 0.99272
v -18.26497 4.18809 1.02988
v -18.40325 4.23020 0.98029
v -18.38962 4.36647 0.91248
v -18.24291 4.40858 0.92016
v -18.40869 4.59552 1.54113
v -18.29333 4.29834 0.96710
v -19.75183 4.59552 1.27120
v -19.85092 4.48527 1.30836
v -19.98921 4.52738 1.25877
v -19.97558 4.66366 1.19095
v -19.82887 4.70577 1.19864
v -19.63647 4.29834 0.69717
v -19.73556 4.18809 0.73434
v -19.87385 4.23020 0.68475
v -19.86022 4.36647 0.61693
v -19.71351 4.40858 0.62461
v -19.87928 4.59552 1.24558
v -19.76392 4.29834 0.67156
v -18.17802 4.29834 1.04490
v -18.27873 4.18719 1.07423
v -18.41392 4.22965 1.01698
v -18.39676 4.36702 0.95226
v -18.25097 4.40948 0.96952
v -18.02672 4.01067 0.47436
v -18.12744 3.89953 0.50369
v -18.26262 3.94198 0.44644
v -18.24546 4.07936 0.38172
v -18.09967 4.12182 0.39898
v -18.30368 4.29834 1.01158
v -18.15238 4.01067 0.44104
v -19.62791 4.29834 0.66041
v -19.72862 4.18719 0.68974
v -19.86381 4.22965 0.63249
v -19.84664 4.36702 0.56777
v -19.70085 4.40948 0.58503
v -19.47661 4.01067 0.08987
v -19.57732 3.89953 0.11920
v -19.71251 3.94198 0.06195
v -19.69534 4.07936 -0.00277
v -19.54955 4.12182 0.01449
v -19.75357 4.29834 0.62709
v -19.60227 4.01067 0.05655
v -18.18908 4.29834 0.96955
v -18.20702 4.22834 1.03721
v -18.22496 4.29834 1.10487
v -18.20702 4.36834 1.03721
v -19.83228 4.29834 0.53379
v -19.85023 4.22834 0.60146
v -19.86817 4.29834 0.66912
v -19.85023 4.36834 0.60146
v -18.20702 4.29834 1.03721
v -19.85023 4.29834 0.60146
v -18.03927 4.01067 0.51723
v -18.14070 3.89854 0.53942
v -18.27305 3.94137 0.47614
v -18.25341 4.07998 0.41484
v -18.10893 4.12281 0.44024
v -17.85760 3.73412 -0.04994
v -17.95903 3.62198 -0.02775
v -18.09138 3.66481 -0.09103
v -18.07174 3.80342 -0.15233
v -17.92726 3.84625 -0.12693
v -18.16307 4.01067 0.47757
v -17.98140 3.73412 -0.08959
v -19.46777 4.01067 0.05966
v -19.56920 3.89854 0.08185
v -19.70155 3.94137 0.01858
v -19.68192 4.07998 -0.04272
v -19.53744 4.12281 -0.01733
v -19.28610 3.73412 -0.50750
v -19.38753 3.62198 -0.48532
v -19.51988 3.66481 -0.54859
v -19.50025 3.80342 -0.60989
v -19.35577 3.84625 -0.58450
v -19.59158 4.01067 0.02001
v -19.40991 3.73412 -0.54716
v -17.87030 3.73412 -0.01310
v -17.97175 3.62085 0.00223
v -18.10150 3.66412 -0.06595
v -18.08024 3.80412 -0.12342
v -17.93735 3.84738 -0.09076
v -17.66162 3.47084 -0.57730
v -17.76306 3.35757 -0.56197
v -17.89281 3.40084 -0.63015
v -17.87156 3.54084 -0.68762
v -17.72867 3.58410 -0.65496
v -17.99223 3.73412 -0.05820
v -17.78355 3.47084 -0.62240
v -19.27715 3.73412 -0.53346
v -19.37860 3.62085 -0.51813
v -19.50835 3.66412 -0.58631
v -19.48709 3.80412 -0.64377
v -19.34421 3.84738 -0.61111
v -19.06847 3.47084 -1.09766
v -19.16992 3.35757 -1.08233
v -19.29967 3.40084 -1.15051
v -19.27841 3.54084 -1.20798
v -19.13552 3.58410 -1.17531
v -19.39908 3.73412 -0.57856
v -19.19040 3.47084 -1.14276
v -17.87416 3.73412 -0.08916
v -17.89844 3.66412 -0.02351
v -17.92272 3.73412 0.04214
v -17.89844 3.80412 -0.02351
v -19.46859 3.73412 -0.67890
v -19.49287 3.66412 -0.61325
v -19.51715 3.73412 -0.54759
v -19.49287 3.80412 -0.61325
v -17.89844 3.73412 -0.02351
v -19.49287 3.73412 -0.61325
v -18.69565 0.10000 -0.51838
v -18.86886 0.10000 -0.41838
v -18.86886 0.10000 -0.21838
v -18.69565 0.10000 -0.11838
v -18.52245 0.10000 -0.21838
v -18.52245 0.10000 -0.41838
v -18.69565 3.58412 -0.47838
v -18.83422 3.58412 -0.39838
v -18.83422 3.58412 -0.23838
v -18.69565 3.58412 -0.15838
v -18.55709 3.58412 -0.23838
v -18.55709 3.58412 -0.39838
v -18.69565 0.10000 -0.31838
v -18.69565 3.58412 -0.31838
v -19.09565 0.00000 -0.71838
v -18.29565 0.00000 -0.71838
v -18.29565 0.30000 -0.71838
v -19.09565 0.30000 -0.71838
v -19.09565 0.00000 0.08162
v -18.29565 0.00000 0.08162
v -18.29565 0.30000 0.08162
v -19.09565 0.30000 0.08162
v -17.67428 3.47084 -0.54503
v -17.77507 3.35627 -0.53657
v -17.90248 3.40003 -0.60871
v -17.88045 3.54165 -0.66176
v -17.73941 3.58541 -0.62241
v -17.44088 3.22400 -1.10698
v -17.54166 3.10943 -1.09851
v -17.66908 3.15319 -1.17066
v -17.64705 3.29481 -1.22371
v -17.50601 3.33857 -1.18435
v -17.79434 3.47084 -0.59489
v -17.56094 3.22400 -1.15684
v -19.05955 3.47084 -1.12040
v -19.16033 3.35627 -1.11193
v -19.28775 3.40003 -1.18408
v -19.26571 3.54165 -1.23713
v -19.12468 3.58541 -1.19777
v -18.82614 3.22400 -1.68234
v -18.92693 3.10943 -1.67388
v -19.05434 3.15319 -1.74602
v -19.03231 3.29481 -1.79908
v -18.89127 3.33857 -1.75972
v -19.17960 3.47084 -1.17026
v -18.94620 3.22400 -1.73221
v -17.45311 3.22400 -1.07891
v -17.55250 3.10792 -1.07753
v -17.67795 3.15226 -1.15270
v -17.65610 3.29575 -1.20054
v -17.51714 3.34009 -1.15493
v -17.19696 2.99802 -1.63970
v -17.29635 2.88194 -1.63832
v -17.42180 2.92628 -1.71349
v -17.39995 3.06976 -1.76133
v -17.26099 3.11411 -1.71573
v -17.57136 3.22400 -1.13292
v -17.31521 2.99802 -1.69371
v -18.81752 3.22400 -1.70212
v -18.91691 3.10792 -1.70074
v -19.04236 3.15226 -1.77591
v -19.02051 3.29575 -1.82375
v -18.88155 3.34009 -1.77815
v -18.56137 2.99802 -2.26292
v -18.66076 2.88194 -2.26153
v -18.78621 2.92628 -2.33670
v -18.76436 3.06976 -2.38454
v -18.62540 3.11411 -2.33894
v -18.93577 3.22400 -1.75613
v -18.67962 2.99802 -2.31693
v -17.45132 3.22400 -1.15504
v -17.48040 3.15400 -1.09137
v -17.50949 3.22400 -1.02770
v -17.48040 3.29400 -1.09137
v -18.99765 3.22400 -1.86135
v -19.02673 3.15400 -1.79768
v -19.05581 3.22400 -1.73401
v -19.02673 3.29400 -1.79768
v -17.48040 3.22400 -1.09137
v -19.02673 3.22400 -1.79768
v -17.21590 2.99802 -1.60080
v -17.31228 2.87978 -1.61001
v -17.43502 2.92494 -1.68908
v -17.41449 3.07110 -1.72873
v -17.27907 3.11626 -1.67417
v -16.92730 2.80621 -2.15837
v -17.02368 2.68797 -2.16758
v -17.14641 2.73313 -2.24665
v -17.12589 2.87929 -2.28630
v -16.99047 2.92445 -2.23174
v -17.33135 2.99802 -1.66056
v -17.04275 2.80621 -2.21813
v -18.54803 2.99802 -2.29032
v -18.64441 2.87978 -2.29954
v -18.76714 2.92494 -2.37860
v -18.74662 3.07110 -2.41826
v -18.61120 3.11626 -2.36370
v -18.25942 2.80621 -2.84789
v -18.35580 2.68797 -2.85710
v -18.47854 2.73313 -2.93617
v -18.45801 2.87929 -2.97583
v -18.32259 2.92445 -2.92127
v -18.66348 2.99802 -2.35008
v -18.37487 2.80621 -2.90765
v -16.95339 2.80621 -2.11151
v -17.04542 2.68604 -2.13262
v -17.16449 2.73194 -2.21671
v -17.14605 2.88048 -2.24756
v -17.01559 2.92638 -2.18255
v -16.62609 2.65178 -2.65927
v -16.71812 2.53161 -2.68038
v -16.83719 2.57751 -2.76447
v -16.81875 2.72605 -2.79533
v -16.68828 2.77195 -2.73031
v -17.06499 2.80621 -2.17819
v -16.73769 2.65178 -2.72595
v -18.24104 2.80621 -2.88091
v -18.33306 2.68604 -2.90202
v -18.45213 2.73194 -2.98611
v -18.43369 2.88048 -3.01697
v -18.30323 2.92638 -2.95195
v -17.91373 2.65178 -3.42867
v -18.00576 2.53161 -3.44978
v -18.12483 2.57751 -3.53387
v -18.10639 2.72605 -3.56473
v -17.97593 2.77195 -3.49971
v -18.35263 2.80621 -2.94759
v -18.02533 2.65178 -3.49535
v -16.94324 2.80621 -2.18699
v -16.97915 2.73621 -2.12690
v -17.01505 2.80621 -2.06681
v -16.97915 2.87621 -2.12690
v -18.40257 2.80621 -3.05897
v -18.43847 2.73621 -2.99888
v -18.47438 2.80621 -2.93879
v -18.43847 2.87621 -2.99888
v -16.97915 2.80621 -2.12690
v -18.43847 2.80621 -2.99888
v -16.65335 2.65178 -2.61650
v -16.74081 2.53038 -2.64759
v -16.85606 2.57675 -2.73660
v -16.83983 2.72681 -2.76052
v -16.71454 2.77319 -2.68630
v -16.29132 2.52758 -3.14996
v -16.37878 2.40617 -3.18105
v -16.49403 2.45255 -3.27006
v -16.47780 2.60261 -3.29398
v -16.35252 2.64898 -3.21976
v -16.76092 2.65178 -2.68950
v -16.39889 2.52758 -3.22296
v -17.89453 2.65178 -3.45881
v -17.98199 2.53038 -3.48989
v -18.09724 2.57675 -3.57890
v -18.08100 2.72681 -3.60282
v -17.95572 2.77319 -3.52860
v -17.53250 2.52758 -3.99227
v -17.61996 2.40617 -4.02336
v -17.73521 2.45255 -4.11237
v -17.71898 2.60261 -4.13629
v -17.59370 2.64898 -4.06206
v -18.00210 2.65178 -3.53181
v -17.64007 2.52758 -4.06527
v -16.32005 2.52758 -3.11008
v -16.40298 2.40541 -3.14948
v -16.51410 2.45207 -3.24346
v -16.49984 2.60308 -3.26213
v -16.37991 2.64975 -3.17970
v -15.92633 2.42665 -3.62574
v -16.00926 2.30448 -3.66514
v -16.12037 2.35114 -3.75912
v -16.10611 2.50215 -3.77779
v -15.98619 2.54881 -3.69536
v -16.42338 2.52758 -3.18897
v -16.02965 2.42665 -3.70463
v -17.51226 2.52758 -4.02037
v -17.59519 2.40541 -4.05978
v -17.70631 2.45207 -4.15375
v -17.69205 2.60308 -4.17243
v -17.57212 2.64975 -4.08999
v -17.11854 2.42665 -4.53603
v -17.20146 2.30448 -4.57544
v -17.31258 2.35114 -4.66941
v -17.29832 2.50215 -4.68808
v -17.17840 2.54881 -4.60565
v -17.61559 2.52758 -4.09926
v -17.22186 2.42665 -4.61492
v -16.30142 2.52758 -3.18392
v -16.34390 2.45758 -3.12828
v -16.38638 2.52758 -3.07265
v -16.34390 2.59758 -3.12828
v -17.65259 2.52758 -4.21559
v -17.69507 2.45758 -4.15995
v -17.73755 2.52758 -4.10431
v -17.69507 2.59758 -4.15995
v -16.34390 2.52758 -3.12828
v -17.69507 2.52758 -4.15995
v -17.01948 0.10000 -3.84412
v -17.19269 0.10000 -3.74412
v -17.19269 0.10000 -3.54412
v -17.01948 0.10000 -3.44412
v -16.84628 0.10000 -3.54412
v -16.84628 0.10000 -3.74412
v -17.01948 2.37758 -3.80412
v -17.15805 2.37758 -3.72412
v -17.15805 2.37758 -3.56412
v -17.01948 2.37758 -3.48412
v -16.88092 2.37758 -3.56412
v -16.88092 2.37758 -3.72412
v -17.01948 0.10000 -3.64412
v -17.01948 2.37758 -3.64412
v -17.41948 0.00000 -4.04412
v -16.61948 0.00000 -4.04412
v -16.61948 0.30000 -4.04412
v -17.41948 0.30000 -4.04412
v -17.41948 0.00000 -3.24412
v -16.61948 0.00000 -3.24412
v -16.61948 0.30000 -3.24412
v -17.41948 0.30000 -3.24412
v -15.95716 2.42665 -3.58761
v -16.03572 2.30403 -3.63396
v -16.14221 2.35087 -3.73306
v -16.12946 2.50243 -3.74797
v -16.01509 2.54926 -3.65807
v -15.53377 2.34236 -4.08236
v -15.61233 2.21975 -4.12870
v -15.71882 2.26658 -4.22781
v -15.70607 2.41814 -4.24272
v -15.59170 2.46498 -4.15282
v -16.05593 2.42665 -3.67213
v -15.63254 2.34236 -4.16688
v -17.09681 2.42665 -4.56289
v -17.17538 2.30403 -4.60924
v -17.28187 2.35087 -4.70835
v -17.26912 2.50243 -4.72325
v -17.15475 2.54926 -4.63336
v -16.67343 2.34236 -5.05764
v -16.75199 2.21975 -5.10399
v -16.85848 2.26658 -5.20309
v -16.84573 2.41814 -5.21800
v -16.73136 2.46498 -5.12810
v -17.19559 2.42665 -4.64742
v -16.77220 2.34236 -5.14216
v -15.56749 2.34236 -4.04516
v -15.64196 2.21952 -4.09729
v -15.74312 2.26644 -4.20178
v -15.73118 2.41829 -4.21423
v -15.62263 2.46521 -4.11743
v -15.11572 2.26825 -4.51585
v -15.19019 2.14540 -4.56798
v -15.29136 2.19232 -4.67247
v -15.27941 2.34417 -4.68492
v -15.17086 2.39109 -4.58812
v -15.66127 2.34236 -4.13518
v -15.20951 2.26825 -4.60587
v -16.64967 2.34236 -5.08385
v -16.72414 2.21952 -5.13598
v -16.82531 2.26644 -5.24047
v -16.81337 2.41829 -5.25292
v -16.70481 2.46521 -5.15612
v -16.19790 2.26825 -5.55454
v -16.27237 2.14540 -5.60667
v -16.37354 2.19232 -5.71116
v -16.36160 2.34417 -5.72360
v -16.25305 2.39109 -5.62681
v -16.74346 2.34236 -5.17387
v -16.29169 2.26825 -5.64455
v -15.54066 2.34236 -4.11644
v -15.58913 2.27236 -4.06593
v -15.63760 2.34236 -4.01543
v -15.58913 2.41236 -4.06593
v -16.76713 2.34236 -5.29361
v -16.81561 2.27236 -5.24311
v -16.86408 2.34236 -5.19261
v -16.81561 2.41236 -5.24311
v -15.58913 2.34236 -4.06593
v -16.81561 2.34236 -5.24311
v -15.15297 2.26825 -4.47927
v -15.22372 2.14532 -4.53619
v -15.31871 2.19228 -4.64632
v -15.30666 2.34422 -4.65746
v -15.20423 2.39117 -4.55422
v -14.67380 2.19776 -4.92260
v -14.74455 2.07484 -4.97952
v -14.83953 2.12179 -5.08965
v -14.82749 2.27373 -5.10079
v -14.72506 2.32068 -4.99755
v -15.24126 2.26825 -4.57469
v -14.76209 2.19776 -5.01802
v -16.17165 2.26825 -5.58031
v -16.24240 2.14532 -5.63723
v -16.33739 2.19228 -5.74736
v -16.32534 2.34422 -5.75850
v -16.22291 2.39117 -5.65526
v -15.69248 2.19776 -6.02364
v -15.76323 2.07484 -6.08056
v -15.85821 2.12179 -6.19069
v -15.84617 2.27373 -6.20183
v -15.74374 2.32068 -6.09859
v -16.25994 2.26825 -5.67573
v -15.78077 2.19776 -6.11906
v -14.71608 2.19776 -4.88591
v -14.78351 2.07490 -4.94685
v -14.87113 2.12183 -5.06294
v -14.85785 2.27369 -5.07374
v -14.76202 2.32062 -4.96433
v -14.20997 2.12423 -5.29765
v -14.27739 2.00137 -5.35860
v -14.36502 2.04830 -5.47468
v -14.35174 2.20016 -5.48548
v -14.25591 2.24709 -5.37607
v -14.79812 2.19776 -4.98675
v -14.29201 2.12423 -5.39850
v -15.66270 2.19776 -6.04949
v -15.73013 2.07490 -6.11043
v -15.81775 2.12183 -6.22651
v -15.80447 2.27369 -6.23731
v -15.70864 2.32062 -6.12790
v -15.15659 2.12423 -6.46123
v -15.22402 2.00137 -6.52217
v -15.31164 2.04830 -6.63826
v -15.29836 2.20016 -6.64906
v -15.20253 2.24709 -6.53965
v -15.74474 2.19776 -6.15033
v -15.23863 2.12423 -6.56207
v -14.68071 2.19776 -4.95336
v -14.73501 2.12776 -4.90918
v -14.78931 2.19776 -4.86501
v -14.73501 2.26776 -4.90918
v -15.75355 2.19776 -6.27208
v -15.80785 2.12776 -6.22790
v -15.86215 2.19776 -6.18372
v -15.80785 2.26776 -6.22790
v -14.73501 2.19776 -4.90918
v -15.80785 2.19776 -6.22790
v -14.25926 2.12423 -5.26034
v -14.32384 2.00160 -5.32475
v -14.40249 2.04844 -5.44713
v -14.38652 2.20001 -5.45835
v -14.29800 2.24685 -5.34291
v -13.72654 2.04037 -5.63480
v -13.79112 1.91775 -5.69921
v -13.86977 1.96459 -5.82158
v -13.85380 2.11616 -5.83281
v -13.76528 2.16300 -5.71737
v -14.33402 2.12423 -5.36670
v -13.80130 2.04037 -5.74115
v -15.12185 2.12423 -6.48751
v -15.18643 2.00160 -6.55192
v -15.26507 2.04844 -6.67430
v -15.24911 2.20001 -6.68552
v -15.16059 2.24685 -6.57008
v -14.58913 2.04037 -6.86197
v -14.65371 1.91775 -6.92638
v -14.73235 1.96459 -7.04875
v -14.71638 2.11616 -7.05998
v -14.62787 2.16300 -6.94454
v -15.19661 2.12423 -6.59387
v -14.66389 2.04037 -6.96832
v -13.78619 2.04037 -5.59637
v -13.84785 1.91816 -5.66431
v -13.91543 1.96484 -5.79318
v -13.89554 2.11591 -5.80489
v -13.81566 2.16259 -5.68326
v -13.22694 1.94121 -5.92557
v -13.28860 1.81899 -5.99350
v -13.35619 1.86567 -6.12238
v -13.33629 2.01674 -6.13409
v -13.25641 2.06342 -6.01245
v -13.85213 2.04037 -5.70840
v -13.29289 1.94121 -6.03760
v -14.54711 2.04037 -6.88904
v -14.60877 1.91816 -6.95698
v -14.67635 1.96484 -7.08585
v -14.65646 2.11591 -7.09757
v -14.57658 2.16259 -6.97593
v -13.98786 1.94121 -7.21824
v -14.04952 1.81899 -7.28618
v -14.11711 1.86567 -7.41505
v -14.09721 2.01674 -7.42676
v -14.01733 2.06342 -7.30513
v -14.61306 2.04037 -7.00107
v -14.05381 1.94121 -7.33027
v -13.74108 2.04037 -5.65773
v -13.80141 1.97037 -5.62222
v -13.86173 2.04037 -5.58671
v -13.80141 2.11037 -5.62222
v -14.60346 2.04037 -7.12276
v -14.66378 1.97037 -7.08725
v -14.72411 2.04037 -7.05174
v -14.66378 2.11037 -7.08725
v -13.80141 2.04037 -5.62222
v -14.66378 2.04037 -7.08725
v -13.29489 1.94121 -5.88947
v -13.35126 1.81914 -5.96212
v -13.40699 1.86576 -6.09656
v -13.38507 2.01665 -6.10701
v -13.31579 2.06327 -5.97902
v -12.70973 1.83690 -6.16822
v -12.76610 1.71483 -6.24087
v -12.82183 1.76146 -6.37532
v -12.79991 1.91234 -6.38576
v -12.73063 1.95896 -6.25777
v -13.35080 1.94121 -6.00684
v -12.76564 1.83690 -6.28559
v -13.93999 1.94121 -7.24367
v -13.99635 1.81914 -7.31632
v -14.05209 1.86576 -7.45076
v -14.03017 2.01665 -7.46120
v -13.96088 2.06327 -7.33321
v -13.35483 1.83690 -7.52242
v -13.41119 1.71483 -7.59507
v -13.46693 1.76146 -7.72951
v -13.44501 1.91234 -7.73996
v -13.37572 1.95896 -7.61197
v -13.99590 1.94121 -7.36103
v -13.41074 1.83690 -7.63979
v -12.77525 1.83690 -6.14021
v -12.82560 1.71484 -6.21716
v -12.87026 1.76146 -6.35568
v -12.84751 1.91233 -6.36434
v -12.78879 1.95896 -6.23117
v -12.16945 1.73231 -6.37070
v -12.21980 1.61025 -6.44765
v -12.26446 1.65688 -6.58617
v -12.24171 1.80775 -6.59483
v -12.18299 1.85437 -6.46166
v -12.82148 1.83690 -6.26171
v -12.21568 1.73231 -6.49220
v -13.30866 1.83690 -7.54216
v -13.35901 1.71484 -7.61911
v -13.40367 1.76146 -7.75763
v -13.38092 1.91233 -7.76629
v -13.32220 1.95896 -7.63312
v -12.70286 1.73231 -7.77265
v -12.75321 1.61025 -7.84961
v -12.79787 1.65688 -7.98813
v -12.77512 1.80775 -7.99678
v -12.71640 1.85437 -7.86361
v -13.35489 1.83690 -7.66366
v -12.74909 1.73231 -7.89416
v -12.72050 1.83690 -6.19314
v -12.78592 1.76690 -6.16825
v -12.85135 1.83690 -6.14335
v -12.78592 1.90690 -6.16825
v -13.32503 1.83690 -7.78202
v -13.39045 1.76690 -7.75713
v -13.45588 1.83690 -7.73223
v -13.39045 1.90690 -7.75713
v -12.78592 1.83690 -6.16825
v -13.39045 1.83690 -7.75713
v -12.22625 1.73231 -6.35128
v -12.27071 1.61017 -6.43165
v -12.30602 1.65682 -6.57283
v -12.28339 1.80780 -6.57971
v -12.23409 1.85446 -6.44279
v -11.60566 1.63067 -6.54008
v -11.65012 1.50852 -6.62045
v -11.68543 1.55518 -6.76163
v -11.66279 1.70616 -6.76852
v -11.61350 1.75282 -6.63159
v -12.26409 1.73231 -6.47565
v -11.64350 1.63067 -6.66445
v -12.66284 1.73231 -7.78634
v -12.70730 1.61017 -7.86670
v -12.74261 1.65682 -8.00788
v -12.71998 1.80780 -8.01477
v -12.67068 1.85446 -7.87785
v -12.04225 1.63067 -7.97514
v -12.08671 1.50852 -8.05551
v -12.12202 1.55518 -8.19669
v -12.09938 1.70616 -8.20357
v -12.05009 1.75282 -8.06665
v -12.70068 1.73231 -7.91071
v -12.08009 1.63067 -8.09951
v -11.65397 1.63067 -6.52688
v -11.69275 1.50836 -6.60989
v -11.72036 1.55508 -6.75276
v -11.69866 1.70626 -6.75803
v -11.65763 1.75298 -6.61843
v -11.02277 1.53470 -6.68028
v -11.06154 1.41239 -6.76330
v -11.08916 1.45911 -6.90616
v -11.06745 1.61029 -6.91144
v -11.02642 1.65701 -6.77184
v -11.68467 1.63067 -6.65320
v -11.05347 1.53470 -6.80660
v -12.00821 1.63067 -7.98445
v -12.04699 1.50836 -8.06747
v -12.07461 1.55508 -8.21033
v -12.05290 1.70626 -8.21560
v -12.01187 1.75298 -8.07600
v -11.37701 1.53470 -8.13785
v -11.41578 1.41239 -8.22087
v -11.44340 1.45911 -8.36373
v -11.42170 1.61029 -8.36901
v -11.38066 1.65701 -8.22941
v -12.03892 1.63067 -8.11077
v -11.40771 1.53470 -8.26417
v -11.59304 1.63067 -6.57256
v -11.66106 1.56067 -6.55603
v -11.72908 1.63067 -6.53950
v -11.66106 1.70067 -6.55603
v -11.99451 1.63067 -8.22447
v -12.06253 1.56067 -8.20794
v -12.13055 1.63067 -8.19141
v -12.06253 1.70067 -8.20794
v -11.66106 1.63067 -6.55603
v -12.06253 1.63067 -8.20794
v -11.06154 1.53470 -6.67178
v -11.09508 1.41218 -6.75675
v -11.11678 1.45898 -6.90060
v -11.09666 1.61042 -6.90454
v -11.06251 1.65722 -6.76312
v -10.42295 1.44657 -6.79678
v -10.45649 1.32406 -6.88175
v -10.47819 1.37085 -7.02560
v -10.45806 1.52229 -7.02954
v -10.42392 1.56909 -6.88812
v -11.08652 1.53470 -6.79936
v -10.44792 1.44657 -6.92436
v -11.34969 1.53470 -8.14384
v -11.38323 1.41218 -8.22881
v -11.40493 1.45898 -8.37266
v -11.38480 1.61042 -8.37660
v -11.35066 1.65722 -8.23518
v -10.71109 1.44657 -8.26884
v -10.74463 1.32406 -8.35381
v -10.76633 1.37085 -8.49767
v -10.74621 1.52229 -8.50161
v -10.71207 1.56909 -8.36019
v -11.37466 1.53470 -8.27142
v -10.73607 1.44657 -8.39642
v -10.45249 1.44657 -6.79152
v -10.48135 1.32383 -6.87786
v -10.49881 1.37071 -7.02227
v -10.48073 1.52244 -7.02517
v -10.45211 1.56932 -6.88256
v -9.80879 1.36791 -6.89487
v -9.83765 1.24516 -6.98121
v -9.85511 1.29205 -7.12562
v -9.83703 1.44377 -7.12852
v -9.80841 1.49065 -6.98591
v -10.47310 1.44657 -6.91987
v -9.82940 1.36791 -7.02322
v -10.69028 1.44657 -8.27255
v -10.71914 1.32383 -8.35889
v -10.73660 1.37071 -8.50330
v -10.71852 1.52244 -8.50620
v -10.68989 1.56932 -8.36359
v -10.04658 1.36791 -8.37590
v -10.07544 1.24516 -8.46224
v -10.09290 1.29205 -8.60665
v -10.07482 1.44377 -8.60955
v -10.04620 1.49065 -8.46694
v -10.71089 1.44657 -8.40091
v -10.06719 1.36791 -8.50426
v -10.38813 1.44657 -6.83224
v -10.45725 1.37657 -6.82114
v -10.52636 1.44657 -6.81004
v -10.45725 1.51657 -6.82114
v -10.65762 1.44657 -8.51074
v -10.72674 1.37657 -8.49964
v -10.79585 1.44657 -8.48855
v -10.72674 1.51657 -8.49964
v -10.45725 1.44657 -6.82114
v -10.72674 1.44657 -8.49964
v -9.83022 1.36791 -6.89170
v -9.85494 1.24493 -6.97900
v -9.86960 1.29191 -7.12368
v -9.85394 1.44391 -7.12580
v -9.82960 1.49088 -6.98243
v -9.18296 1.29999 -6.97934
v -9.20769 1.17701 -7.06664
v -9.22235 1.22398 -7.21132
v -9.20668 1.37599 -7.21344
v -9.18234 1.42296 -7.07007
v -9.84766 1.36791 -7.02052
v -9.20041 1.29999 -7.10816
v -10.03148 1.36791 -8.37813
v -10.05621 1.24493 -8.46543
v -10.07087 1.29191 -8.61012
v -10.05521 1.44391 -8.61224
v -10.03086 1.49088 -8.46887
v -9.38423 1.29999 -8.46577
v -9.40895 1.17701 -8.55307
v -9.42362 1.22398 -8.69776
v -9.40795 1.37599 -8.69988
v -9.38361 1.42296 -8.55650
v -10.04893 1.36791 -8.50696
v -9.40167 1.29999 -8.59460
v -9.19718 1.29999 -6.97753
v -9.21829 1.17680 -7.06548
v -9.23143 1.22385 -7.21029
v -9.21844 1.37612 -7.21183
v -9.19727 1.42317 -7.06798
v -8.54747 1.24378 -7.05475
v -8.56858 1.12060 -7.14270
v -8.58172 1.16765 -7.28750
v -8.56873 1.31991 -7.28905
v -8.54757 1.36696 -7.14520
v -9.21252 1.29999 -7.10662
v -8.56282 1.24378 -7.18384
v -9.37421 1.29999 -8.46705
v -9.39532 1.17680 -8.55500
v -9.40846 1.22385 -8.69980
v -9.39547 1.37612 -8.70135
v -9.37430 1.42317 -8.55750
v -8.72450 1.24378 -8.54426
v -8.74561 1.12060 -8.63222
v -8.75875 1.16765 -8.77702
v -8.74576 1.31991 -8.77857
v -8.72460 1.36696 -8.63471
v -9.38955 1.29999 -8.59614
v -8.73985 1.24378 -8.67336
v -9.13121 1.29999 -7.01558
v -9.20072 1.22999 -7.00732
v -9.27023 1.29999 -6.99906
v -9.20072 1.36999 -7.00732
v -9.33184 1.29999 -8.70370
v -9.40135 1.22999 -8.69544
v -9.47087 1.29999 -8.68718
v -9.40135 1.36999 -8.69544
v -9.20072 1.29999 -7.00732
v -9.40135 1.29999 -8.69544
v -8.55543 1.24378 -7.05384
v -8.57342 1.12042 -7.14223
v -8.58613 1.16754 -7.28705
v -8.57600 1.32002 -7.28817
v -8.55703 1.36714 -7.14403
v -7.90410 1.20000 -7.12524
v -7.92209 1.07664 -7.21364
v -7.93480 1.12376 -7.35846
v -7.92467 1.27624 -7.35957
v -7.90570 1.32336 -7.21543
v -8.56960 1.24378 -7.18306
v -7.91827 1.20000 -7.25447
v -8.71889 1.24378 -8.54491
v -8.73688 1.12042 -8.63330
v -8.74958 1.16754 -8.77812
v -8.73946 1.32002 -8.77923
v -8.72049 1.36714 -8.63510
v -8.06756 1.20000 -8.61631
v -8.08554 1.07664 -8.70470
v -8.09825 1.12376 -8.84952
v -8.08813 1.27624 -8.85063
v -8.06916 1.32336 -8.70650
v -8.73306 1.24378 -8.67413
v -8.08173 1.20000 -8.74553
v -10.00000 0.00000 -10.20000
v 10.00000 0.00000 -10.20000
v 10.00000 0.70000 -10.20000
v -10.00000 0.70000 -10.20000
v -10.00000 0.00000 -5.80000
v 10.00000 0.00000 -5.80000
v 10.00000 0.70000 -5.80000
v -10.00000 0.70000 -5.80000
v -10.20000 0.67000 -10.40000
v 10.20000 0.67000 -10.40000
v 10.20000 0.77000 -10.40000
v -10.20000 0.77000 -10.40000
v -10.20000 0.67000 -5.60000
v 10.20000 0.67000 -5.60000
v 10.20000 0.77000 -5.60000
v -10.20000 0.77000 -5.60000
v -9.00000 0.70000 -9.96000
v -9.13856 0.70000 -9.88000
v -9.13856 0.70000 -9.72000
v -9.00000 0.70000 -9.64000
v -8.86144 0.70000 -9.72000
v -8.86144 0.70000 -9.88000
v -9.00000 4.60000 -9.96000
v -9.13856 4.60000 -9.88000
v -9.13856 4.60000 -9.72000
v -9.00000 4.60000 -9.64000
v -8.86144 4.60000 -9.72000
v -8.86144 4.60000 -9.88000
v -9.00000 0.70000 -9.80000
v -9.00000 4.60000 -9.80000
v -9.00000 0.70000 -6.36000
v -9.13856 0.70000 -6.28000
v -9.13856 0.70000 -6.12000
v -9.00000 0.70000 -6.04000
v -8.86144 0.70000 -6.12000
v -8.86144 0.70000 -6.28000
v -9.00000 4.60000 -6.36000
v -9.13856 4.60000 -6.28000
v -9.13856 4.60000 -6.12000
v -9.00000 4.60000 -6.04000
v -8.86144 4.60000 -6.12000
v -8.86144 4.60000 -6.28000
v -9.00000 0.70000 -6.20000
v -9.00000 4.60000 -6.20000
v -3.00000 0.70000 -9.96000
v -3.13856 0.70000 -9.88000
v -3.13856 0.70000 -9.72000
v -3.00000 0.70000 -9.64000
v -2.86144 0.70000 -9.72000
v -2.86144 0.70000 -9.88000
v -3.00000 4.60000 -9.96000
v -3.13856 4.60000 -9.88000
v -3.13856 4.60000 -9.72000
v -3.00000 4.60000 -9.64000
v -2.86144 4.60000 -9.72000
v -2.86144 4.60000 -9.88000
v -3.00000 0.70000 -9.80000
v -3.00000 4.60000 -9.80000
v -3.00000 0.70000 -6.36000
v -3.13856 0.70000 -6.28000
v -3.13856 0.70000 -6.12000
v -3.00000 0.70000 -6.04000
v -2.86144 0.70000 -6.12000
v -2.86144 0.70000 -6.28000
v -3.00000 4.60000 -6.36000
v -3.13856 4.60000 -6.28000
v -3.13856 4.60000 -6.12000
v -3.00000 4.60000 -6.04000
v -2.86144 4.60000 -6.12000
v -2.86144 4.60000 -6.28000
v -3.00000 0.70000 -6.20000
v -3.00000 4.60000 -6.20000
v 3.00000 0.70000 -9.96000
v 2.86144 0.70000 -9.88000
v 2.86144 0.70000 -9.72000
v 3.00000 0.70000 -9.64000
v 3.13856 0.70000 -9.72000
v 3.13856 0.70000 -9.88000
v 3.00000 4.60000 -9.96000
v 2.86144 4.60000 -9.88000
v 2.86144 4.60000 -9.72000
v 3.00000 4.60000 -9.64000
v 3.13856 4.60000 -9.72000
v 3.13856 4.60000 -9.88000
v 3.00000 0.70000 -9.80000
v 3.00000 4.60000 -9.80000
v 3.00000 0.70000 -6.36000
v 2.86144 0.70000 -6.28000
v 2.86144 0.70000 -6.12000
v 3.00000 0.70000 -6.04000
v 3.13856 0.70000 -6.12000
v 3.13856 0.70000 -6.28000
v 3.00000 4.60000 -6.36000
v 2.86144 4.60000 -6.28000
v 2.86144 4.60000 -6.12000
v 3.00000 4.60000 -6.04000
v 3.13856 4.60000 -6.12000
v 3.13856 4.60000 -6.28000
v 3.00000 0.70000 -6.20000
v 3.00000 4.60000 -6.20000
v 9.00000 0.70000 -9.96000
v 8.86144 0.70000 -9.88000
v 8.86144 0.70000 -9.72000
v 9.00000 0.70000 -9.64000
v 9.13856 0.70000 -9.72000
v 9.13856 0.70000 -9.88000
v 9.00000 4.60000 -9.96000
v 8.86144 4.60000 -9.88000
v 8.86144 4.60000 -9.72000
v 9.00000 4.60000 -9.64000
v 9.13856 4.60000 -9.72000
v 9.13856 4.60000 -9.88000
v 9.00000 0.70000 -9.80000
v 9.00000 4.60000 -9.80000
v 9.00000 0.70000 -6.36000
v 8.86144 0.70000 -6.28000
v 8.86144 0.70000 -6.12000
v 9.00000 0.70000 -6.04000
v 9.13856 0.70000 -6.12000
v 9.13856 0.70000 -6.28000
v 9.00000 4.60000 -6.36000
v 8.86144 4.60000 -6.28000
v 8.86144 4.60000 -6.12000
v 9.00000 4.60000 -6.04000
v 9.13856 4.60000 -6.12000
v 9.13856 4.60000 -6.28000
v 9.00000 0.70000 -6.20000
v 9.00000 4.60000 -6.20000
v -10.50000 4.50000 -10.30000
v -7.87500 4.50000 -10.30000
v -7.87500 4.65000 -10.30000
v -10.50000 4.65000 -10.30000
v -10.50000 5.30000 -5.70000
v -7.87500 5.30000 -5.70000
v -7.87500 5.45000 -5.70000
v -10.50000 5.45000 -5.70000
v -7.87500 4.50000 -10.30000
v -5.25000 4.50000 -10.30000
v -5.25000 4.65000 -10.30000
v -7.87500 4.65000 -10.30000
v -7.87500 5.30000 -5.70000
v -5.25000 5.30000 -5.70000
v -5.25000 5.45000 -5.70000
v -7.87500 5.45000 -5.70000
v -5.25000 4.50000 -10.30000
v -2.62500 4.50000 -10.30000
v -2.62500 4.65000 -10.30000
v -5.25000 4.65000 -10.30000
v -5.25000 5.30000 -5.70000
v -2.62500 5.30000 -5.70000
v -2.62500 5.45000 -5.70000
v -5.25000 5.45000 -5.70000
v -2.62500 4.50000 -10.30000
v 0.00000 4.50000 -10.30000
v 0.00000 4.65000 -10.30000
v -2.62500 4.65000 -10.30000
v -2.62500 5.30000 -5.70000
v 0.00000 5.30000 -5.70000
v 0.00000 5.45000 -5.70000
v -2.62500 5.45000 -5.70000
v 0.00000 4.50000 -10.30000
v 2.62500 4.50000 -10.30000
v 2.62500 4.65000 -10.30000
v 0.00000 4.65000 -10.30000
v 0.00000 5.30000 -5.70000
v 2.62500 5.30000 -5.70000
v 2.62500 5.45000 -5.70000
v 0.00000 5.45000 -5.70000
v 2.62500 4.50000 -10.30000
v 5.25000 4.50000 -10.30000
v 5.25000 4.65000 -10.30000
v 2.62500 4.65000 -10.30000
v 2.62500 5.30000 -5.70000
v 5.25000 5.30000 -5.70000
v 5.25000 5.45000 -5.70000
v 2.62500 5.45000 -5.70000
v 5.25000 4.50000 -10.30000
v 7.87500 4.50000 -10.30000
v 7.87500 4.65000 -10.30000
v 5.25000 4.65000 -10.30000
v 5.25000 5.30000 -5.70000
v 7.87500 5.30000 -5.70000
v 7.87500 5.45000 -5.70000
v 5.25000 5.45000 -5.70000
v 7.87500 4.50000 -10.30000
v 10.50000 4.50000 -10.30000
v 10.50000 4.65000 -10.30000
v 7.87500 4.65000 -10.30000
v 7.87500 5.30000 -5.70000
v 10.50000 5.30000 -5.70000
v 10.50000 5.45000 -5.70000
v 7.87500 5.45000 -5.70000
v 0.00000 6.80000 -0.12000
v -0.12637 6.47394 -0.12000
v -0.47553 6.45451 -0.12000
v -0.20448 6.23356 -0.12000
v -0.29389 5.89549 -0.12000
v -0.00000 6.08500 -0.12000
v 0.29389 5.89549 -0.12000
v 0.20448 6.23356 -0.12000
v 0.47553 6.45451 -0.12000
v 0.12637 6.47394 -0.12000
v 0.00000 6.80000 0.12000
v -0.12637 6.47394 0.12000
v -0.47553 6.45451 0.12000
v -0.20448 6.23356 0.12000
v -0.29389 5.89549 0.12000
v -0.00000 6.08500 0.12000
v 0.29389 5.89549 0.12000
v 0.20448 6.23356 0.12000
v 0.47553 6.45451 0.12000
v 0.12637 6.47394 0.12000
v 0.00000 6.30000 -0.12000
v 0.00000 6.30000 0.12000
vt 0.05000 0.50000
vt 0.15000 0.50000
vt 0.25000 0.50000
vt 0.35000 0.50000
vt 0.45000 0.50000
vt 0.55000 0.50000
vt 0.65000 0.50000
vt 0.75000 0.50000
vt 0.85000 0.50000
vt 0.95000 0.50000
usemtl coral
f 1/2 2/2 7/2 6/2
f 11/2 2/2 1/2
f 12/2 6/2 7/2
f 2/2 3/2 8/2 7/2
f 11/2 3/2 2/2
f 12/2 7/2 8/2
f 3/2 4/2 9/2 8/2
f 11/2 4/2 3/2
f 12/2 8/2 9/2
f 4/2 5/2 10/2 9/2
f 11/2 5/2 4/2
f 12/2 9/2 10/2
f 5/2 1/2 6/2 10/2
f 11/2 1/2 5/2
f 12/2 10/2 6/2
f 13/2 14/2 19/2 18/2
f 23/2 14/2 13/2
f 24/2 18/2 19/2
f 14/2 15/2 20/2 19/2
f 23/2 15/2 14/2
f 24/2 19/2 20/2
f 15/2 16/2 21/2 20/2
f 23/2 16/2 15/2
f 24/2 20/2 21/2
f 16/2 17/2 22/2 21/2
f 23/2 17/2 16/2
f 24/2 21/2 22/2
f 17/2 13/2 18/2 22/2
f 23/2 13/2 17/2
f 24/2 22/2 18/2
f 35/2 36/2 41/2 40/2
f 45/2 36/2 35/2
f 46/2 40/2 41/2
f 36/2 37/2 42/2 41/2
f 45/2 37/2 36/2
f 46/2 41/2 42/2
f 37/2 38/2 43/2 42/2
f 45/2 38/2 37/2
f 46/2 42/2 43/2
f 38/2 39/2 44/2 43/2
f 45/2 39/2 38/2
f 46/2 43/2 44/2
f 39/2 35/2 40/2 44/2
f 45/2 35/2 39/2
f 46/2 44/2 40/2
f 47/2 48/2 53/2 52/2
f 57/2 48/2 47/2
f 58/2 52/2 53/2
f 48/2 49/2 54/2 53/2
f 57/2 49/2 48/2
f 58/2 53/2 54/2
f 49/2 50/2 55/2 54/2
f 57/2 50/2 49/2
f 58/2 54/2 55/2
f 50/2 51/2 56/2 55/2
f 57/2 51/2 50/2
f 58/2 55/2 56/2
f 51/2 47/2 52/2 56/2
f 57/2 47/2 51/2
f 58/2 56/2 52/2
f 59/2 60/2 65/2 64/2
f 69/2 60/2 59/2
f 70/2 64/2 65/2
f 60/2 61/2 66/2 65/2
f 69/2 61/2 60/2
f 70/2 65/2 66/2
f 61/2 62/2 67/2 66/2
f 69/2 62/2 61/2
f 70/2 66/2 67/2
f 62/2 63/2 68/2 67/2
f 69/2 63/2 62/2
f 70/2 67/2 68/2
f 63/2 59/2 64/2 68/2
f 69/2 59/2 63/2
f 70/2 68/2 64/2
f 71/2 72/2 77/2 76/2
f 81/2 72/2 71/2
f 82/2 76/2 77/2
f 72/2 73/2 78/2 77/2
f 81/2 73/2 72/2
f 82/2 77/2 78/2
f 73/2 74/2 79/2 78/2
f 81/2 74/2 73/2
f 82/2 78/2 79/2
f 74/2 75/2 80/2 79/2
f 81/2 75/2 74/2
f 82/2 79/2 80/2
f 75/2 71/2 76/2 80/2
f 81/2 71/2 75/2
f 82/2 80/2 76/2
f 93/2 94/2 99/2 98/2
f 103/2 94/2 93/2
f 104/2 98/2 99/2
f 94/2 95/2 100/2 99/2
f 103/2 95/2 94/2
f 104/2 99/2 100/2
f 95/2 96/2 101/2 100/2
f 103/2 96/2 95/2
f 104/2 100/2 101/2
f 96/2 97/2 102/2 101/2
f 103/2 97/2 96/2
f 104/2 101/2 102/2
f 97/2 93/2 98/2 102/2
f 103/2 93/2 97/2
f 104/2 102/2 98/2
f 105/2 106/2 111/2 110/2
f 115/2 106/2 105/2
f 116/2 110/2 111/2
f 106/2 107/2 112/2 111/2
f 115/2 107/2 106/2
f 116/2 111/2 112/2
f 107/2 108/2 113/2 112/2
f 115/2 108/2 107/2
f 116/2 112/2 113/2
f 108/2 109/2 114/2 113/2
f 115/2 109/2 108/2
f 116/2 113/2 114/2
f 109/2 105/2 110/2 114/2
f 115/2 105/2 109/2
f 116/2 114/2 110/2
f 117/2 118/2 123/2 122/2
f 127/2 118/2 117/2
f 128/2 122/2 123/2
f 118/2 119/2 124/2 123/2
f 127/2 119/2 118/2
f 128/2 123/2 124/2
f 119/2 120/2 125/2 124/2
f 127/2 120/2 119/2
f 128/2 124/2 125/2
f 120/2 121/2 126/2 125/2
f 127/2 121/2 120/2
f 128/2 125/2 126/2
f 121/2 117/2 122/2 126/2
f 127/2 117/2 121/2
f 128/2 126/2 122/2
f 129/2 130/2 135/2 134/2
f 139/2 130/2 129/2
f 140/2 134/2 135/2
f 130/2 131/2 136/2 135/2
f 139/2 131/2 130/2
f 140/2 135/2 136/2
f 131/2 132/2 137/2 136/2
f 139/2 132/2 131/2
f 140/2 136/2 137/2
f 132/2 133/2 138/2 137/2
f 139/2 133/2 132/2
f 140/2 137/2 138/2
f 133/2 129/2 134/2 138/2
f 139/2 129/2 133/2
f 140/2 138/2 134/2
f 151/2 152/2 157/2 156/2
f 161/2 152/2 151/2
f 162/2 156/2 157/2
f 152/2 153/2 158/2 157/2
f 161/2 153/2 152/2
f 162/2 157/2 158/2
f 153/2 154/2 159/2 158/2
f 161/2 154/2 153/2
f 162/2 158/2 159/2
f 154/2 155/2 160/2 159/2
f 161/2 155/2 154/2
f 162/2 159/2 160/2
f 155/2 151/2 156/2 160/2
f 161/2 151/2 155/2
f 162/2 160/2 156/2
f 163/2 164/2 169/2 168/2
f 173/2 164/2 163/2
f 174/2 168/2 169/2
f 164/2 165/2 170/2 169/2
f 173/2 165/2 164/2
f 174/2 169/2 170/2
f 165/2 166/2 171/2 170/2
f 173/2 166/2 165/2
f 174/2 170/2 171/2
f 166/2 167/2 172/2 171/2
f 173/2 167/2 166/2
f 174/2 171/2 172/2
f 167/2 163/2 168/2 172/2
f 173/2 163/2 167/2
f 174/2 172/2 168/2
f 175/2 176/2 181/2 180/2
f 185/2 176/2 175/2
f 186/2 180/2 181/2
f 176/2 177/2 182/2 181/2
f 185/2 177/2 176/2
f 186/2 181/2 182/2
f 177/2 178/2 183/2 182/2
f 185/2 178/2 177/2
f 186/2 182/2 183/2
f 178/2 179/2 184/2 183/2
f 185/2 179/2 178/2
f 186/2 183/2 184/2
f 179/2 175/2 180/2 184/2
f 185/2 175/2 179/2
f 186/2 184/2 180/2
f 187/2 188/2 193/2 192/2
f 197/2 188/2 187/2
f 198/2 192/2 193/2
f 188/2 189/2 194/2 193/2
f 197/2 189/2 188/2
f 198/2 193/2 194/2
f 189/2 190/2 195/2 194/2
f 197/2 190/2 189/2
f 198/2 194/2 195/2
f 190/2 191/2 196/2 195/2
f 197/2 191/2 190/2
f 198/2 195/2 196/2
f 191/2 187/2 192/2 196/2
f 197/2 187/2 191/2
f 198/2 196/2 192/2
f 209/2 210/2 215/2 214/2
f 219/2 210/2 209/2
f 220/2 214/2 215/2
f 210/2 211/2 216/2 215/2
f 219/2 211/2 210/2
f 220/2 215/2 216/2
f 211/2 212/2 217/2 216/2
f 219/2 212/2 211/2
f 220/2 216/2 217/2
f 212/2 213/2 218/2 217/2
f 219/2 213/2 212/2
f 220/2 217/2 218/2
f 213/2 209/2 214/2 218/2
f 219/2 209/2 213/2
f 220/2 218/2 214/2
f 221/2 222/2 227/2 226/2
f 231/2 222/2 221/2
f 232/2 226/2 227/2
f 222/2 223/2 228/2 227/2
f 231/2 223/2 222/2
f 232/2 227/2 228/2
f 223/2 224/2 229/2 228/2
f 231/2 224/2 223/2
f 232/2 228/2 229/2
f 224/2 225/2 230/2 229/2
f 231/2 225/2 224/2
f 232/2 229/2 230/2
f 225/2 221/2 226/2 230/2
f 231/2 221/2 225/2
f 232/2 230/2 226/2
f 233/2 234/2 239/2 238/2
f 243/2 234/2 233/2
f 244/2 238/2 239/2
f 234/2 235/2 240/2 239/2
f 243/2 235/2 234/2
f 244/2 239/2 240/2
f 235/2 236/2 241/2 240/2
f 243/2 236/2 235/2
f 244/2 240/2 241/2
f 236/2 237/2 242/2 241/2
f 243/2 237/2 236/2
f 244/2 241/2 242/2
f 237/2 233/2 238/2 242/2
f 243/2 233/2 237/2
f 244/2 242/2 238/2
f 245/2 246/2 251/2 250/2
f 255/2 246/2 245/2
f 256/2 250/2 251/2
f 246/2 247/2 252/2 251/2
f 255/2 247/2 246/2
f 256/2 251/2 252/2
f 247/2 248/2 253/2 252/2
f 255/2 248/2 247/2
f 256/2 252/2 253/2
f 248/2 249/2 254/2 253/2
f 255/2 249/2 248/2
f 256/2 253/2 254/2
f 249/2 245/2 250/2 254/2
f 255/2 245/2 249/2
f 256/2 254/2 250/2
f 267/2 268/2 273/2 272/2
f 277/2 268/2 267/2
f 278/2 272/2 273/2
f 268/2 269/2 274/2 273/2
f 277/2 269/2 268/2
f 278/2 273/2 274/2
f 269/2 270/2 275/2 274/2
f 277/2 270/2 269/2
f 278/2 274/2 275/2
f 270/2 271/2 276/2 275/2
f 277/2 271/2 270/2
f 278/2 275/2 276/2
f 271/2 267/2 272/2 276/2
f 277/2 267/2 271/2
f 278/2 276/2 272/2
f 279/2 280/2 285/2 284/2
f 289/2 280/2 279/2
f 290/2 284/2 285/2
f 280/2 281/2 286/2 285/2
f 289/2 281/2 280/2
f 290/2 285/2 286/2
f 281/2 282/2 287/2 286/2
f 289/2 282/2 281/2
f 290/2 286/2 287/2
f 282/2 283/2 288/2 287/2
f 289/2 283/2 282/2
f 290/2 287/2 288/2
f 283/2 279/2 284/2 288/2
f 289/2 279/2 283/2
f 290/2 288/2 284/2
f 291/2 292/2 297/2 296/2
f 301/2 292/2 291/2
f 302/2 296/2 297/2
f 292/2 293/2 298/2 297/2
f 301/2 293/2 292/2
f 302/2 297/2 298/2
f 293/2 294/2 299/2 298/2
f 301/2 294/2 293/2
f 302/2 298/2 299/2
f 294/2 295/2 300/2 299/2
f 301/2 295/2 294/2
f 302/2 299/2 300/2
f 295/2 291/2 296/2 300/2
f 301/2 291/2 295/2
f 302/2 300/2 296/2
f 303/2 304/2 309/2 308/2
f 313/2 304/2 303/2
f 314/2 308/2 309/2
f 304/2 305/2 310/2 309/2
f 313/2 305/2 304/2
f 314/2 309/2 310/2
f 305/2 306/2 311/2 310/2
f 313/2 306/2 305/2
f 314/2 310/2 311/2
f 306/2 307/2 312/2 311/2
f 313/2 307/2 306/2
f 314/2 311/2 312/2
f 307/2 303/2 308/2 312/2
f 313/2 303/2 307/2
f 314/2 312/2 308/2
f 325/2 326/2 331/2 330/2
f 335/2 326/2 325/2
f 336/2 330/2 331/2
f 326/2 327/2 332/2 331/2
f 335/2 327/2 326/2
f 336/2 331/2 332/2
f 327/2 328/2 333/2 332/2
f 335/2 328/2 327/2
f 336/2 332/2 333/2
f 328/2 329/2 334/2 333/2
f 335/2 329/2 328/2
f 336/2 333/2 334/2
f 329/2 325/2 330/2 334/2
f 335/2 325/2 329/2
f 336/2 334/2 330/2
f 337/2 338/2 343/2 342/2
f 347/2 338/2 337/2
f 348/2 342/2 343/2
f 338/2 339/2 344/2 343/2
f 347/2 339/2 338/2
f 348/2 343/2 344/2
f 339/2 340/2 345/2 344/2
f 347/2 340/2 339/2
f 348/2 344/2 345/2
f 340/2 341/2 346/2 345/2
f 347/2 341/2 340/2
f 348/2 345/2 346/2
f 341/2 337/2 342/2 346/2
f 347/2 337/2 341/2
f 348/2 346/2 342/2
f 349/2 350/2 355/2 354/2
f 359/2 350/2 349/2
f 360/2 354/2 355/2
f 350/2 351/2 356/2 355/2
f 359/2 351/2 350/2
f 360/2 355/2 356/2
f 351/2 352/2 357/2 356/2
f 359/2 352/2 351/2
f 360/2 356/2 357/2
f 352/2 353/2 358/2 357/2
f 359/2 353/2 352/2
f 360/2 357/2 358/2
f 353/2 349/2 354/2 358/2
f 359/2 349/2 353/2
f 360/2 358/2 354/2
f 361/2 362/2 367/2 366/2
f 371/2 362/2 361/2
f 372/2 366/2 367/2
f 362/2 363/2 368/2 367/2
f 371/2 363/2 362/2
f 372/2 367/2 368/2
f 363/2 364/2 369/2 368/2
f 371/2 364/2 363/2
f 372/2 368/2 369/2
f 364/2 365/2 370/2 369/2
f 371/2 365/2 364/2
f 372/2 369/2 370/2
f 365/2 361/2 366/2 370/2
f 371/2 361/2 365/2
f 372/2 370/2 366/2
f 383/2 384/2 389/2 388/2
f 393/2 384/2 383/2
f 394/2 388/2 389/2
f 384/2 385/2 390/2 389/2
f 393/2 385/2 384/2
f 394/2 389/2 390/2
f 385/2 386/2 391/2 390/2
f 393/2 386/2 385/2
f 394/2 390/2 391/2
f 386/2 387/2 392/2 391/2
f 393/2 387/2 386/2
f 394/2 391/2 392/2
f 387/2 383/2 388/2 392/2
f 393/2 383/2 387/2
f 394/2 392/2 388/2
f 395/2 396/2 401/2 400/2
f 405/2 396/2 395/2
f 406/2 400/2 401/2
f 396/2 397/2 402/2 401/2
f 405/2 397/2 396/2
f 406/2 401/2 402/2
f 397/2 398/2 403/2 402/2
f 405/2 398/2 397/2
f 406/2 402/2 403/2
f 398/2 399/2 404/2 403/2
f 405/2 399/2 398/2
f 406/2 403/2 404/2
f 399/2 395/2 400/2 404/2
f 405/2 395/2 399/2
f 406/2 404/2 400/2
f 407/2 408/2 413/2 412/2
f 417/2 408/2 407/2
f 418/2 412/2 413/2
f 408/2 409/2 414/2 413/2
f 417/2 409/2 408/2
f 418/2 413/2 414/2
f 409/2 410/2 415/2 414/2
f 417/2 410/2 409/2
f 418/2 414/2 415/2
f 410/2 411/2 416/2 415/2
f 417/2 411/2 410/2
f 418/2 415/2 416/2
f 411/2 407/2 412/2 416/2
f 417/2 407/2 411/2
f 418/2 416/2 412/2
f 419/2 420/2 425/2 424/2
f 429/2 420/2 419/2
f 430/2 424/2 425/2
f 420/2 421/2 426/2 425/2
f 429/2 421/2 420/2
f 430/2 425/2 426/2
f 421/2 422/2 427/2 426/2
f 429/2 422/2 421/2
f 430/2 426/2 427/2
f 422/2 423/2 428/2 427/2
f 429/2 423/2 422/2
f 430/2 427/2 428/2
f 423/2 419/2 424/2 428/2
f 429/2 419/2 423/2
f 430/2 428/2 424/2
f 441/2 442/2 447/2 446/2
f 451/2 442/2 441/2
f 452/2 446/2 447/2
f 442/2 443/2 448/2 447/2
f 451/2 443/2 442/2
f 452/2 447/2 448/2
f 443/2 444/2 449/2 448/2
f 451/2 444/2 443/2
f 452/2 448/2 449/2
f 444/2 445/2 450/2 449/2
f 451/2 445/2 444/2
f 452/2 449/2 450/2
f 445/2 441/2 446/2 450/2
f 451/2 441/2 445/2
f 452/2 450/2 446/2
f 453/2 454/2 459/2 458/2
f 463/2 454/2 453/2
f 464/2 458/2 459/2
f 454/2 455/2 460/2 459/2
f 463/2 455/2 454/2
f 464/2 459/2 460/2
f 455/2 456/2 461/2 460/2
f 463/2 456/2 455/2
f 464/2 460/2 461/2
f 456/2 457/2 462/2 461/2
f 463/2 457/2 456/2
f 464/2 461/2 462/2
f 457/2 453/2 458/2 462/2
f 463/2 453/2 457/2
f 464/2 462/2 458/2
f 465/2 466/2 471/2 470/2
f 475/2 466/2 465/2
f 476/2 470/2 471/2
f 466/2 467/2 472/2 471/2
f 475/2 467/2 466/2
f 476/2 471/2 472/2
f 467/2 468/2 473/2 472/2
f 475/2 468/2 467/2
f 476/2 472/2 473/2
f 468/2 469/2 474/2 473/2
f 475/2 469/2 468/2
f 476/2 473/2 474/2
f 469/2 465/2 470/2 474/2
f 475/2 465/2 469/2
f 476/2 474/2 470/2
f 477/2 478/2 483/2 482/2
f 487/2 478/2 477/2
f 488/2 482/2 483/2
f 478/2 479/2 484/2 483/2
f 487/2 479/2 478/2
f 488/2 483/2 484/2
f 479/2 480/2 485/2 484/2
f 487/2 480/2 479/2
f 488/2 484/2 485/2
f 480/2 481/2 486/2 485/2
f 487/2 481/2 480/2
f 488/2 485/2 486/2
f 481/2 477/2 482/2 486/2
f 487/2 477/2 481/2
f 488/2 486/2 482/2
f 499/2 500/2 505/2 504/2
f 509/2 500/2 499/2
f 510/2 504/2 505/2
f 500/2 501/2 506/2 505/2
f 509/2 501/2 500/2
f 510/2 505/2 506/2
f 501/2 502/2 507/2 506/2
f 509/2 502/2 501/2
f 510/2 506/2 507/2
f 502/2 503/2 508/2 507/2
f 509/2 503/2 502/2
f 510/2 507/2 508/2
f 503/2 499/2 504/2 508/2
f 509/2 499/2 503/2
f 510/2 508/2 504/2
f 511/2 512/2 517/2 516/2
f 521/2 512/2 511/2
f 522/2 516/2 517/2
f 512/2 513/2 518/2 517/2
f 521/2 513/2 512/2
f 522/2 517/2 518/2
f 513/2 514/2 519/2 518/2
f 521/2 514/2 513/2
f 522/2 518/2 519/2
f 514/2 515/2 520/2 519/2
f 521/2 515/2 514/2
f 522/2 519/2 520/2
f 515/2 511/2 516/2 520/2
f 521/2 511/2 515/2
f 522/2 520/2 516/2
f 523/2 524/2 529/2 528/2
f 533/2 524/2 523/2
f 534/2 528/2 529/2
f 524/2 525/2 530/2 529/2
f 533/2 525/2 524/2
f 534/2 529/2 530/2
f 525/2 526/2 531/2 530/2
f 533/2 526/2 525/2
f 534/2 530/2 531/2
f 526/2 527/2 532/2 531/2
f 533/2 527/2 526/2
f 534/2 531/2 532/2
f 527/2 523/2 528/2 532/2
f 533/2 523/2 527/2
f 534/2 532/2 528/2
f 535/2 536/2 541/2 540/2
f 545/2 536/2 535/2
f 546/2 540/2 541/2
f 536/2 537/2 542/2 541/2
f 545/2 537/2 536/2
f 546/2 541/2 542/2
f 537/2 538/2 543/2 542/2
f 545/2 538/2 537/2
f 546/2 542/2 543/2
f 538/2 539/2 544/2 543/2
f 545/2 539/2 538/2
f 546/2 543/2 544/2
f 539/2 535/2 540/2 544/2
f 545/2 535/2 539/2
f 546/2 544/2 540/2
f 557/2 558/2 563/2 562/2
f 567/2 558/2 557/2
f 568/2 562/2 563/2
f 558/2 559/2 564/2 563/2
f 567/2 559/2 558/2
f 568/2 563/2 564/2
f 559/2 560/2 565/2 564/2
f 567/2 560/2 559/2
f 568/2 564/2 565/2
f 560/2 561/2 566/2 565/2
f 567/2 561/2 560/2
f 568/2 565/2 566/2
f 561/2 557/2 562/2 566/2
f 567/2 557/2 561/2
f 568/2 566/2 562/2
f 569/2 570/2 575/2 574/2
f 579/2 570/2 569/2
f 580/2 574/2 575/2
f 570/2 571/2 576/2 575/2
f 579/2 571/2 570/2
f 580/2 575/2 576/2
f 571/2 572/2 577/2 576/2
f 579/2 572/2 571/2
f 580/2 576/2 577/2
f 572/2 573/2 578/2 577/2
f 579/2 573/2 572/2
f 580/2 577/2 578/2
f 573/2 569/2 574/2 578/2
f 579/2 569/2 573/2
f 580/2 578/2 574/2
f 581/2 582/2 587/2 586/2
f 591/2 582/2 581/2
f 592/2 586/2 587/2
f 582/2 583/2 588/2 587/2
f 591/2 583/2 582/2
f 592/2 587/2 588/2
f 583/2 584/2 589/2 588/2
f 591/2 584/2 583/2
f 592/2 588/2 589/2
f 584/2 585/2 590/2 589/2
f 591/2 585/2 584/2
f 592/2 589/2 590/2
f 585/2 581/2 586/2 590/2
f 591/2 581/2 585/2
f 592/2 590/2 586/2
f 593/2 594/2 599/2 598/2
f 603/2 594/2 593/2
f 604/2 598/2 599/2
f 594/2 595/2 600/2 599/2
f 603/2 595/2 594/2
f 604/2 599/2 600/2
f 595/2 596/2 601/2 600/2
f 603/2 596/2 595/2
f 604/2 600/2 601/2
f 596/2 597/2 602/2 601/2
f 603/2 597/2 596/2
f 604/2 601/2 602/2
f 597/2 593/2 598/2 602/2
f 603/2 593/2 597/2
f 604/2 602/2 598/2
f 615/2 616/2 621/2 620/2
f 625/2 616/2 615/2
f 626/2 620/2 621/2
f 616/2 617/2 622/2 621/2
f 625/2 617/2 616/2
f 626/2 621/2 622/2
f 617/2 618/2 623/2 622/2
f 625/2 618/2 617/2
f 626/2 622/2 623/2
f 618/2 619/2 624/2 623/2
f 625/2 619/2 618/2
f 626/2 623/2 624/2
f 619/2 615/2 620/2 624/2
f 625/2 615/2 619/2
f 626/2 624/2 620/2
f 627/2 628/2 633/2 632/2
f 637/2 628/2 627/2
f 638/2 632/2 633/2
f 628/2 629/2 634/2 633/2
f 637/2 629/2 628/2
f 638/2 633/2 634/2
f 629/2 630/2 635/2 634/2
f 637/2 630/2 629/2
f 638/2 634/2 635/2
f 630/2 631/2 636/2 635/2
f 637/2 631/2 630/2
f 638/2 635/2 636/2
f 631/2 627/2 632/2 636/2
f 637/2 627/2 631/2
f 638/2 636/2 632/2
f 639/2 640/2 645/2 644/2
f 649/2 640/2 639/2
f 650/2 644/2 645/2
f 640/2 641/2 646/2 645/2
f 649/2 641/2 640/2
f 650/2 645/2 646/2
f 641/2 642/2 647/2 646/2
f 649/2 642/2 641/2
f 650/2 646/2 647/2
f 642/2 643/2 648/2 647/2
f 649/2 643/2 642/2
f 650/2 647/2 648/2
f 643/2 639/2 644/2 648/2
f 649/2 639/2 643/2
f 650/2 648/2 644/2
f 651/2 652/2 657/2 656/2
f 661/2 652/2 651/2
f 662/2 656/2 657/2
f 652/2 653/2 658/2 657/2
f 661/2 653/2 652/2
f 662/2 657/2 658/2
f 653/2 654/2 659/2 658/2
f 661/2 654/2 653/2
f 662/2 658/2 659/2
f 654/2 655/2 660/2 659/2
f 661/2 655/2 654/2
f 662/2 659/2 660/2
f 655/2 651/2 656/2 660/2
f 661/2 651/2 655/2
f 662/2 660/2 656/2
f 673/2 674/2 679/2 678/2
f 683/2 674/2 673/2
f 684/2 678/2 679/2
f 674/2 675/2 680/2 679/2
f 683/2 675/2 674/2
f 684/2 679/2 680/2
f 675/2 676/2 681/2 680/2
f 683/2 676/2 675/2
f 684/2 680/2 681/2
f 676/2 677/2 682/2 681/2
f 683/2 677/2 676/2
f 684/2 681/2 682/2
f 677/2 673/2 678/2 682/2
f 683/2 673/2 677/2
f 684/2 682/2 678/2
f 685/2 686/2 691/2 690/2
f 695/2 686/2 685/2
f 696/2 690/2 691/2
f 686/2 687/2 692/2 691/2
f 695/2 687/2 686/2
f 696/2 691/2 692/2
f 687/2 688/2 693/2 692/2
f 695/2 688/2 687/2
f 696/2 692/2 693/2
f 688/2 689/2 694/2 693/2
f 695/2 689/2 688/2
f 696/2 693/2 694/2
f 689/2 685/2 690/2 694/2
f 695/2 685/2 689/2
f 696/2 694/2 690/2
f 697/2 698/2 703/2 702/2
f 707/2 698/2 697/2
f 708/2 702/2 703/2
f 698/2 699/2 704/2 703/2
f 707/2 699/2 698/2
f 708/2 703/2 704/2
f 699/2 700/2 705/2 704/2
f 707/2 700/2 699/2
f 708/2 704/2 705/2
f 700/2 701/2 706/2 705/2
f 707/2 701/2 700/2
f 708/2 705/2 706/2
f 701/2 697/2 702/2 706/2
f 707/2 697/2 701/2
f 708/2 706/2 702/2
f 709/2 710/2 715/2 714/2
f 719/2 710/2 709/2
f 720/2 714/2 715/2
f 710/2 711/2 716/2 715/2
f 719/2 711/2 710/2
f 720/2 715/2 716/2
f 711/2 712/2 717/2 716/2
f 719/2 712/2 711/2
f 720/2 716/2 717/2
f 712/2 713/2 718/2 717/2
f 719/2 713/2 712/2
f 720/2 717/2 718/2
f 713/2 709/2 714/2 718/2
f 719/2 709/2 713/2
f 720/2 718/2 714/2
f 731/2 732/2 737/2 736/2
f 741/2 732/2 731/2
f 742/2 736/2 737/2
f 732/2 733/2 738/2 737/2
f 741/2 733/2 732/2
f 742/2 737/2 738/2
f 733/2 734/2 739/2 738/2
f 741/2 734/2 733/2
f 742/2 738/2 739/2
f 734/2 735/2 740/2 739/2
f 741/2 735/2 734/2
f 742/2 739/2 740/2
f 735/2 731/2 736/2 740/2
f 741/2 731/2 735/2
f 742/2 740/2 736/2
f 743/2 744/2 749/2 748/2
f 753/2 744/2 743/2
f 754/2 748/2 749/2
f 744/2 745/2 750/2 749/2
f 753/2 745/2 744/2
f 754/2 749/2 750/2
f 745/2 746/2 751/2 750/2
f 753/2 746/2 745/2
f 754/2 750/2 751/2
f 746/2 747/2 752/2 751/2
f 753/2 747/2 746/2
f 754/2 751/2 752/2
f 747/2 743/2 748/2 752/2
f 753/2 743/2 747/2
f 754/2 752/2 748/2
f 755/2 756/2 761/2 760/2
f 765/2 756/2 755/2
f 766/2 760/2 761/2
f 756/2 757/2 762/2 761/2
f 765/2 757/2 756/2
f 766/2 761/2 762/2
f 757/2 758/2 763/2 762/2
f 765/2 758/2 757/2
f 766/2 762/2 763/2
f 758/2 759/2 764/2 763/2
f 765/2 759/2 758/2
f 766/2 763/2 764/2
f 759/2 755/2 760/2 764/2
f 765/2 755/2 759/2
f 766/2 764/2 760/2
f 767/2 768/2 773/2 772/2
f 777/2 768/2 767/2
f 778/2 772/2 773/2
f 768/2 769/2 774/2 773/2
f 777/2 769/2 768/2
f 778/2 773/2 774/2
f 769/2 770/2 775/2 774/2
f 777/2 770/2 769/2
f 778/2 774/2 775/2
f 770/2 771/2 776/2 775/2
f 777/2 771/2 770/2
f 778/2 775/2 776/2
f 771/2 767/2 772/2 776/2
f 777/2 767/2 771/2
f 778/2 776/2 772/2
f 789/2 790/2 795/2 794/2
f 799/2 790/2 789/2
f 800/2 794/2 795/2
f 790/2 791/2 796/2 795/2
f 799/2 791/2 790/2
f 800/2 795/2 796/2
f 791/2 792/2 797/2 796/2
f 799/2 792/2 791/2
f 800/2 796/2 797/2
f 792/2 793/2 798/2 797/2
f 799/2 793/2 792/2
f 800/2 797/2 798/2
f 793/2 789/2 794/2 798/2
f 799/2 789/2 793/2
f 800/2 798/2 794/2
f 801/2 802/2 807/2 806/2
f 811/2 802/2 801/2
f 812/2 806/2 807/2
f 802/2 803/2 808/2 807/2
f 811/2 803/2 802/2
f 812/2 807/2 808/2
f 803/2 804/2 809/2 808/2
f 811/2 804/2 803/2
f 812/2 808/2 809/2
f 804/2 805/2 810/2 809/2
f 811/2 805/2 804/2
f 812/2 809/2 810/2
f 805/2 801/2 806/2 810/2
f 811/2 801/2 805/2
f 812/2 810/2 806/2
f 813/2 814/2 819/2 818/2
f 823/2 814/2 813/2
f 824/2 818/2 819/2
f 814/2 815/2 820/2 819/2
f 823/2 815/2 814/2
f 824/2 819/2 820/2
f 815/2 816/2 821/2 820/2
f 823/2 816/2 815/2
f 824/2 820/2 821/2
f 816/2 817/2 822/2 821/2
f 823/2 817/2 816/2
f 824/2 821/2 822/2
f 817/2 813/2 818/2 822/2
f 823/2 813/2 817/2
f 824/2 822/2 818/2
f 825/2 826/2 831/2 830/2
f 835/2 826/2 825/2
f 836/2 830/2 831/2
f 826/2 827/2 832/2 831/2
f 835/2 827/2 826/2
f 836/2 831/2 832/2
f 827/2 828/2 833/2 832/2
f 835/2 828/2 827/2
f 836/2 832/2 833/2
f 828/2 829/2 834/2 833/2
f 835/2 829/2 828/2
f 836/2 833/2 834/2
f 829/2 825/2 830/2 834/2
f 835/2 825/2 829/2
f 836/2 834/2 830/2
f 847/2 848/2 853/2 852/2
f 857/2 848/2 847/2
f 858/2 852/2 853/2
f 848/2 849/2 854/2 853/2
f 857/2 849/2 848/2
f 858/2 853/2 854/2
f 849/2 850/2 855/2 854/2
f 857/2 850/2 849/2
f 858/2 854/2 855/2
f 850/2 851/2 856/2 855/2
f 857/2 851/2 850/2
f 858/2 855/2 856/2
f 851/2 847/2 852/2 856/2
f 857/2 847/2 851/2
f 858/2 856/2 852/2
f 859/2 860/2 865/2 864/2
f 869/2 860/2 859/2
f 870/2 864/2 865/2
f 860/2 861/2 866/2 865/2
f 869/2 861/2 860/2
f 870/2 865/2 866/2
f 861/2 862/2 867/2 866/2
f 869/2 862/2 861/2
f 870/2 866/2 867/2
f 862/2 863/2 868/2 867/2
f 869/2 863/2 862/2
f 870/2 867/2 868/2
f 863/2 859/2 864/2 868/2
f 869/2 859/2 863/2
f 870/2 868/2 864/2
f 871/2 872/2 877/2 876/2
f 881/2 872/2 871/2
f 882/2 876/2 877/2
f 872/2 873/2 878/2 877/2
f 881/2 873/2 872/2
f 882/2 877/2 878/2
f 873/2 874/2 879/2 878/2
f 881/2 874/2 873/2
f 882/2 878/2 879/2
f 874/2 875/2 880/2 879/2
f 881/2 875/2 874/2
f 882/2 879/2 880/2
f 875/2 871/2 876/2 880/2
f 881/2 871/2 875/2
f 882/2 880/2 876/2
f 883/2 884/2 889/2 888/2
f 893/2 884/2 883/2
f 894/2 888/2 889/2
f 884/2 885/2 890/2 889/2
f 893/2 885/2 884/2
f 894/2 889/2 890/2
f 885/2 886/2 891/2 890/2
f 893/2 886/2 885/2
f 894/2 890/2 891/2
f 886/2 887/2 892/2 891/2
f 893/2 887/2 886/2
f 894/2 891/2 892/2
f 887/2 883/2 888/2 892/2
f 893/2 883/2 887/2
f 894/2 892/2 888/2
f 905/2 906/2 911/2 910/2
f 915/2 906/2 905/2
f 916/2 910/2 911/2
f 906/2 907/2 912/2 911/2
f 915/2 907/2 906/2
f 916/2 911/2 912/2
f 907/2 908/2 913/2 912/2
f 915/2 908/2 907/2
f 916/2 912/2 913/2
f 908/2 909/2 914/2 913/2
f 915/2 909/2 908/2
f 916/2 913/2 914/2
f 909/2 905/2 910/2 914/2
f 915/2 905/2 909/2
f 916/2 914/2 910/2
f 917/2 918/2 923/2 922/2
f 927/2 918/2 917/2
f 928/2 922/2 923/2
f 918/2 919/2 924/2 923/2
f 927/2 919/2 918/2
f 928/2 923/2 924/2
f 919/2 920/2 925/2 924/2
f 927/2 920/2 919/2
f 928/2 924/2 925/2
f 920/2 921/2 926/2 925/2
f 927/2 921/2 920/2
f 928/2 925/2 926/2
f 921/2 917/2 922/2 926/2
f 927/2 917/2 921/2
f 928/2 926/2 922/2
f 929/2 930/2 935/2 934/2
f 939/2 930/2 929/2
f 940/2 934/2 935/2
f 930/2 931/2 936/2 935/2
f 939/2 931/2 930/2
f 940/2 935/2 936/2
f 931/2 932/2 937/2 936/2
f 939/2 932/2 931/2
f 940/2 936/2 937/2
f 932/2 933/2 938/2 937/2
f 939/2 933/2 932/2
f 940/2 937/2 938/2
f 933/2 929/2 934/2 938/2
f 939/2 929/2 933/2
f 940/2 938/2 934/2
f 941/2 942/2 947/2 946/2
f 951/2 942/2 941/2
f 952/2 946/2 947/2
f 942/2 943/2 948/2 947/2
f 951/2 943/2 942/2
f 952/2 947/2 948/2
f 943/2 944/2 949/2 948/2
f 951/2 944/2 943/2
f 952/2 948/2 949/2
f 944/2 945/2 950/2 949/2
f 951/2 945/2 944/2
f 952/2 949/2 950/2
f 945/2 941/2 946/2 950/2
f 951/2 941/2 945/2
f 952/2 950/2 946/2
f 963/2 964/2 969/2 968/2
f 973/2 964/2 963/2
f 974/2 968/2 969/2
f 964/2 965/2 970/2 969/2
f 973/2 965/2 964/2
f 974/2 969/2 970/2
f 965/2 966/2 971/2 970/2
f 973/2 966/2 965/2
f 974/2 970/2 971/2
f 966/2 967/2 972/2 971/2
f 973/2 967/2 966/2
f 974/2 971/2 972/2
f 967/2 963/2 968/2 972/2
f 973/2 963/2 967/2
f 974/2 972/2 968/2
f 975/2 976/2 981/2 980/2
f 985/2 976/2 975/2
f 986/2 980/2 981/2
f 976/2 977/2 982/2 981/2
f 985/2 977/2 976/2
f 986/2 981/2 982/2
f 977/2 978/2 983/2 982/2
f 985/2 978/2 977/2
f 986/2 982/2 983/2
f 978/2 979/2 984/2 983/2
f 985/2 979/2 978/2
f 986/2 983/2 984/2
f 979/2 975/2 980/2 984/2
f 985/2 975/2 979/2
f 986/2 984/2 980/2
f 987/2 988/2 993/2 992/2
f 997/2 988/2 987/2
f 998/2 992/2 993/2
f 988/2 989/2 994/2 993/2
f 997/2 989/2 988/2
f 998/2 993/2 994/2
f 989/2 990/2 995/2 994/2
f 997/2 990/2 989/2
f 998/2 994/2 995/2
f 990/2 991/2 996/2 995/2
f 997/2 991/2 990/2
f 998/2 995/2 996/2
f 991/2 987/2 992/2 996/2
f 997/2 987/2 991/2
f 998/2 996/2 992/2
f 999/2 1000/2 1005/2 1004/2
f 1009/2 1000/2 999/2
f 1010/2 1004/2 1005/2
f 1000/2 1001/2 1006/2 1005/2
f 1009/2 1001/2 1000/2
f 1010/2 1005/2 1006/2
f 1001/2 1002/2 1007/2 1006/2
f 1009/2 1002/2 1001/2
f 1010/2 1006/2 1007/2
f 1002/2 1003/2 1008/2 1007/2
f 1009/2 1003/2 1002/2
f 1010/2 1007/2 1008/2
f 1003/2 999/2 1004/2 1008/2
f 1009/2 999/2 1003/2
f 1010/2 1008/2 1004/2
f 1021/2 1022/2 1027/2 1026/2
f 1031/2 1022/2 1021/2
f 1032/2 1026/2 1027/2
f 1022/2 1023/2 1028/2 1027/2
f 1031/2 1023/2 1022/2
f 1032/2 1027/2 1028/2
f 1023/2 1024/2 1029/2 1028/2
f 1031/2 1024/2 1023/2
f 1032/2 1028/2 1029/2
f 1024/2 1025/2 1030/2 1029/2
f 1031/2 1025/2 1024/2
f 1032/2 1029/2 1030/2
f 1025/2 1021/2 1026/2 1030/2
f 1031/2 1021/2 1025/2
f 1032/2 1030/2 1026/2
f 1033/2 1034/2 1039/2 1038/2
f 1043/2 1034/2 1033/2
f 1044/2 1038/2 1039/2
f 1034/2 1035/2 1040/2 1039/2
f 1043/2 1035/2 1034/2
f 1044/2 1039/2 1040/2
f 1035/2 1036/2 1041/2 1040/2
f 1043/2 1036/2 1035/2
f 1044/2 1040/2 1041/2
f 1036/2 1037/2 1042/2 1041/2
f 1043/2 1037/2 1036/2
f 1044/2 1041/2 1042/2
f 1037/2 1033/2 1038/2 1042/2
f 1043/2 1033/2 1037/2
f 1044/2 1042/2 1038/2
f 1045/2 1046/2 1051/2 1050/2
f 1055/2 1046/2 1045/2
f 1056/2 1050/2 1051/2
f 1046/2 1047/2 1052/2 1051/2
f 1055/2 1047/2 1046/2
f 1056/2 1051/2 1052/2
f 1047/2 1048/2 1053/2 1052/2
f 1055/2 1048/2 1047/2
f 1056/2 1052/2 1053/2
f 1048/2 1049/2 1054/2 1053/2
f 1055/2 1049/2 1048/2
f 1056/2 1053/2 1054/2
f 1049/2 1045/2 1050/2 1054/2
f 1055/2 1045/2 1049/2
f 1056/2 1054/2 1050/2
f 1057/2 1058/2 1063/2 1062/2
f 1067/2 1058/2 1057/2
f 1068/2 1062/2 1063/2
f 1058/2 1059/2 1064/2 1063/2
f 1067/2 1059/2 1058/2
f 1068/2 1063/2 1064/2
f 1059/2 1060/2 1065/2 1064/2
f 1067/2 1060/2 1059/2
f 1068/2 1064/2 1065/2
f 1060/2 1061/2 1066/2 1065/2
f 1067/2 1061/2 1060/2
f 1068/2 1065/2 1066/2
f 1061/2 1057/2 1062/2 1066/2
f 1067/2 1057/2 1061/2
f 1068/2 1066/2 1062/2
f 1109/2 1110/2 1115/2 1114/2
f 1119/2 1110/2 1109/2
f 1120/2 1114/2 1115/2
f 1110/2 1111/2 1116/2 1115/2
f 1119/2 1111/2 1110/2
f 1120/2 1115/2 1116/2
f 1111/2 1112/2 1117/2 1116/2
f 1119/2 1112/2 1111/2
f 1120/2 1116/2 1117/2
f 1112/2 1113/2 1118/2 1117/2
f 1119/2 1113/2 1112/2
f 1120/2 1117/2 1118/2
f 1113/2 1109/2 1114/2 1118/2
f 1119/2 1109/2 1113/2
f 1120/2 1118/2 1114/2
f 1121/2 1122/2 1127/2 1126/2
f 1131/2 1122/2 1121/2
f 1132/2 1126/2 1127/2
f 1122/2 1123/2 1128/2 1127/2
f 1131/2 1123/2 1122/2
f 1132/2 1127/2 1128/2
f 1123/2 1124/2 1129/2 1128/2
f 1131/2 1124/2 1123/2
f 1132/2 1128/2 1129/2
f 1124/2 1125/2 1130/2 1129/2
f 1131/2 1125/2 1124/2
f 1132/2 1129/2 1130/2
f 1125/2 1121/2 1126/2 1130/2
f 1131/2 1121/2 1125/2
f 1132/2 1130/2 1126/2
f 1133/2 1134/2 1139/2 1138/2
f 1143/2 1134/2 1133/2
f 1144/2 1138/2 1139/2
f 1134/2 1135/2 1140/2 1139/2
f 1143/2 1135/2 1134/2
f 1144/2 1139/2 1140/2
f 1135/2 1136/2 1141/2 1140/2
f 1143/2 1136/2 1135/2
f 1144/2 1140/2 1141/2
f 1136/2 1137/2 1142/2 1141/2
f 1143/2 1137/2 1136/2
f 1144/2 1141/2 1142/2
f 1137/2 1133/2 1138/2 1142/2
f 1143/2 1133/2 1137/2
f 1144/2 1142/2 1138/2
f 1145/2 1146/2 1151/2 1150/2
f 1155/2 1146/2 1145/2
f 1156/2 1150/2 1151/2
f 1146/2 1147/2 1152/2 1151/2
f 1155/2 1147/2 1146/2
f 1156/2 1151/2 1152/2
f 1147/2 1148/2 1153/2 1152/2
f 1155/2 1148/2 1147/2
f 1156/2 1152/2 1153/2
f 1148/2 1149/2 1154/2 1153/2
f 1155/2 1149/2 1148/2
f 1156/2 1153/2 1154/2
f 1149/2 1145/2 1150/2 1154/2
f 1155/2 1145/2 1149/2
f 1156/2 1154/2 1150/2
f 1175/2 1176/2 1181/2 1180/2
f 1185/2 1176/2 1175/2
f 1186/2 1180/2 1181/2
f 1176/2 1177/2 1182/2 1181/2
f 1185/2 1177/2 1176/2
f 1186/2 1181/2 1182/2
f 1177/2 1178/2 1183/2 1182/2
f 1185/2 1178/2 1177/2
f 1186/2 1182/2 1183/2
f 1178/2 1179/2 1184/2 1183/2
f 1185/2 1179/2 1178/2
f 1186/2 1183/2 1184/2
f 1179/2 1175/2 1180/2 1184/2
f 1185/2 1175/2 1179/2
f 1186/2 1184/2 1180/2
f 1187/2 1188/2 1193/2 1192/2
f 1197/2 1188/2 1187/2
f 1198/2 1192/2 1193/2
f 1188/2 1189/2 1194/2 1193/2
f 1197/2 1189/2 1188/2
f 1198/2 1193/2 1194/2
f 1189/2 1190/2 1195/2 1194/2
f 1197/2 1190/2 1189/2
f 1198/2 1194/2 1195/2
f 1190/2 1191/2 1196/2 1195/2
f 1197/2 1191/2 1190/2
f 1198/2 1195/2 1196/2
f 1191/2 1187/2 1192/2 1196/2
f 1197/2 1187/2 1191/2
f 1198/2 1196/2 1192/2
f 1199/2 1200/2 1205/2 1204/2
f 1209/2 1200/2 1199/2
f 1210/2 1204/2 1205/2
f 1200/2 1201/2 1206/2 1205/2
f 1209/2 1201/2 1200/2
f 1210/2 1205/2 1206/2
f 1201/2 1202/2 1207/2 1206/2
f 1209/2 1202/2 1201/2
f 1210/2 1206/2 1207/2
f 1202/2 1203/2 1208/2 1207/2
f 1209/2 1203/2 1202/2
f 1210/2 1207/2 1208/2
f 1203/2 1199/2 1204/2 1208/2
f 1209/2 1199/2 1203/2
f 1210/2 1208/2 1204/2
f 1211/2 1212/2 1217/2 1216/2
f 1221/2 1212/2 1211/2
f 1222/2 1216/2 1217/2
f 1212/2 1213/2 1218/2 1217/2
f 1221/2 1213/2 1212/2
f 1222/2 1217/2 1218/2
f 1213/2 1214/2 1219/2 1218/2
f 1221/2 1214/2 1213/2
f 1222/2 1218/2 1219/2
f 1214/2 1215/2 1220/2 1219/2
f 1221/2 1215/2 1214/2
f 1222/2 1219/2 1220/2
f 1215/2 1211/2 1216/2 1220/2
f 1221/2 1211/2 1215/2
f 1222/2 1220/2 1216/2
f 1241/2 1242/2 1247/2 1246/2
f 1251/2 1242/2 1241/2
f 1252/2 1246/2 1247/2
f 1242/2 1243/2 1248/2 1247/2
f 1251/2 1243/2 1242/2
f 1252/2 1247/2 1248/2
f 1243/2 1244/2 1249/2 1248/2
f 1251/2 1244/2 1243/2
f 1252/2 1248/2 1249/2
f 1244/2 1245/2 1250/2 1249/2
f 1251/2 1245/2 1244/2
f 1252/2 1249/2 1250/2
f 1245/2 1241/2 1246/2 1250/2
f 1251/2 1241/2 1245/2
f 1252/2 1250/2 1246/2
f 1253/2 1254/2 1259/2 1258/2
f 1263/2 1254/2 1253/2
f 1264/2 1258/2 1259/2
f 1254/2 1255/2 1260/2 1259/2
f 1263/2 1255/2 1254/2
f 1264/2 1259/2 1260/2
f 1255/2 1256/2 1261/2 1260/2
f 1263/2 1256/2 1255/2
f 1264/2 1260/2 1261/2
f 1256/2 1257/2 1262/2 1261/2
f 1263/2 1257/2 1256/2
f 1264/2 1261/2 1262/2
f 1257/2 1253/2 1258/2 1262/2
f 1263/2 1253/2 1257/2
f 1264/2 1262/2 1258/2
f 1265/2 1266/2 1271/2 1270/2
f 1275/2 1266/2 1265/2
f 1276/2 1270/2 1271/2
f 1266/2 1267/2 1272/2 1271/2
f 1275/2 1267/2 1266/2
f 1276/2 1271/2 1272/2
f 1267/2 1268/2 1273/2 1272/2
f 1275/2 1268/2 1267/2
f 1276/2 1272/2 1273/2
f 1268/2 1269/2 1274/2 1273/2
f 1275/2 1269/2 1268/2
f 1276/2 1273/2 1274/2
f 1269/2 1265/2 1270/2 1274/2
f 1275/2 1265/2 1269/2
f 1276/2 1274/2 1270/2
f 1277/2 1278/2 1283/2 1282/2
f 1287/2 1278/2 1277/2
f 1288/2 1282/2 1283/2
f 1278/2 1279/2 1284/2 1283/2
f 1287/2 1279/2 1278/2
f 1288/2 1283/2 1284/2
f 1279/2 1280/2 1285/2 1284/2
f 1287/2 1280/2 1279/2
f 1288/2 1284/2 1285/2
f 1280/2 1281/2 1286/2 1285/2
f 1287/2 1281/2 1280/2
f 1288/2 1285/2 1286/2
f 1281/2 1277/2 1282/2 1286/2
f 1287/2 1277/2 1281/2
f 1288/2 1286/2 1282/2
f 1329/2 1330/2 1335/2 1334/2
f 1339/2 1330/2 1329/2
f 1340/2 1334/2 1335/2
f 1330/2 1331/2 1336/2 1335/2
f 1339/2 1331/2 1330/2
f 1340/2 1335/2 1336/2
f 1331/2 1332/2 1337/2 1336/2
f 1339/2 1332/2 1331/2
f 1340/2 1336/2 1337/2
f 1332/2 1333/2 1338/2 1337/2
f 1339/2 1333/2 1332/2
f 1340/2 1337/2 1338/2
f 1333/2 1329/2 1334/2 1338/2
f 1339/2 1329/2 1333/2
f 1340/2 1338/2 1334/2
f 1341/2 1342/2 1347/2 1346/2
f 1351/2 1342/2 1341/2
f 1352/2 1346/2 1347/2
f 1342/2 1343/2 1348/2 1347/2
f 1351/2 1343/2 1342/2
f 1352/2 1347/2 1348/2
f 1343/2 1344/2 1349/2 1348/2
f 1351/2 1344/2 1343/2
f 1352/2 1348/2 1349/2
f 1344/2 1345/2 1350/2 1349/2
f 1351/2 1345/2 1344/2
f 1352/2 1349/2 1350/2
f 1345/2 1341/2 1346/2 1350/2
f 1351/2 1341/2 1345/2
f 1352/2 1350/2 1346/2
f 1353/2 1354/2 1359/2 1358/2
f 1363/2 1354/2 1353/2
f 1364/2 1358/2 1359/2
f 1354/2 1355/2 1360/2 1359/2
f 1363/2 1355/2 1354/2
f 1364/2 1359/2 1360/2
f 1355/2 1356/2 1361/2 1360/2
f 1363/2 1356/2 1355/2
f 1364/2 1360/2 1361/2
f 1356/2 1357/2 1362/2 1361/2
f 1363/2 1357/2 1356/2
f 1364/2 1361/2 1362/2
f 1357/2 1353/2 1358/2 1362/2
f 1363/2 1353/2 1357/2
f 1364/2 1362/2 1358/2
f 1365/2 1366/2 1371/2 1370/2
f 1375/2 1366/2 1365/2
f 1376/2 1370/2 1371/2
f 1366/2 1367/2 1372/2 1371/2
f 1375/2 1367/2 1366/2
f 1376/2 1371/2 1372/2
f 1367/2 1368/2 1373/2 1372/2
f 1375/2 1368/2 1367/2
f 1376/2 1372/2 1373/2
f 1368/2 1369/2 1374/2 1373/2
f 1375/2 1369/2 1368/2
f 1376/2 1373/2 1374/2
f 1369/2 1365/2 1370/2 1374/2
f 1375/2 1365/2 1369/2
f 1376/2 1374/2 1370/2
f 1395/2 1396/2 1401/2 1400/2
f 1405/2 1396/2 1395/2
f 1406/2 1400/2 1401/2
f 1396/2 1397/2 1402/2 1401/2
f 1405/2 1397/2 1396/2
f 1406/2 1401/2 1402/2
f 1397/2 1398/2 1403/2 1402/2
f 1405/2 1398/2 1397/2
f 1406/2 1402/2 1403/2
f 1398/2 1399/2 1404/2 1403/2
f 1405/2 1399/2 1398/2
f 1406/2 1403/2 1404/2
f 1399/2 1395/2 1400/2 1404/2
f 1405/2 1395/2 1399/2
f 1406/2 1404/2 1400/2
f 1407/2 1408/2 1413/2 1412/2
f 1417/2 1408/2 1407/2
f 1418/2 1412/2 1413/2
f 1408/2 1409/2 1414/2 1413/2
f 1417/2 1409/2 1408/2
f 1418/2 1413/2 1414/2
f 1409/2 1410/2 1415/2 1414/2
f 1417/2 1410/2 1409/2
f 1418/2 1414/2 1415/2
f 1410/2 1411/2 1416/2 1415/2
f 1417/2 1411/2 1410/2
f 1418/2 1415/2 1416/2
f 1411/2 1407/2 1412/2 1416/2
f 1417/2 1407/2 1411/2
f 1418/2 1416/2 1412/2
f 1419/2 1420/2 1425/2 1424/2
f 1429/2 1420/2 1419/2
f 1430/2 1424/2 1425/2
f 1420/2 1421/2 1426/2 1425/2
f 1429/2 1421/2 1420/2
f 1430/2 1425/2 1426/2
f 1421/2 1422/2 1427/2 1426/2
f 1429/2 1422/2 1421/2
f 1430/2 1426/2 1427/2
f 1422/2 1423/2 1428/2 1427/2
f 1429/2 1423/2 1422/2
f 1430/2 1427/2 1428/2
f 1423/2 1419/2 1424/2 1428/2
f 1429/2 1419/2 1423/2
f 1430/2 1428/2 1424/2
f 1431/2 1432/2 1437/2 1436/2
f 1441/2 1432/2 1431/2
f 1442/2 1436/2 1437/2
f 1432/2 1433/2 1438/2 1437/2
f 1441/2 1433/2 1432/2
f 1442/2 1437/2 1438/2
f 1433/2 1434/2 1439/2 1438/2
f 1441/2 1434/2 1433/2
f 1442/2 1438/2 1439/2
f 1434/2 1435/2 1440/2 1439/2
f 1441/2 1435/2 1434/2
f 1442/2 1439/2 1440/2
f 1435/2 1431/2 1436/2 1440/2
f 1441/2 1431/2 1435/2
f 1442/2 1440/2 1436/2
f 1461/2 1462/2 1467/2 1466/2
f 1471/2 1462/2 1461/2
f 1472/2 1466/2 1467/2
f 1462/2 1463/2 1468/2 1467/2
f 1471/2 1463/2 1462/2
f 1472/2 1467/2 1468/2
f 1463/2 1464/2 1469/2 1468/2
f 1471/2 1464/2 1463/2
f 1472/2 1468/2 1469/2
f 1464/2 1465/2 1470/2 1469/2
f 1471/2 1465/2 1464/2
f 1472/2 1469/2 1470/2
f 1465/2 1461/2 1466/2 1470/2
f 1471/2 1461/2 1465/2
f 1472/2 1470/2 1466/2
f 1473/2 1474/2 1479/2 1478/2
f 1483/2 1474/2 1473/2
f 1484/2 1478/2 1479/2
f 1474/2 1475/2 1480/2 1479/2
f 1483/2 1475/2 1474/2
f 1484/2 1479/2 1480/2
f 1475/2 1476/2 1481/2 1480/2
f 1483/2 1476/2 1475/2
f 1484/2 1480/2 1481/2
f 1476/2 1477/2 1482/2 1481/2
f 1483/2 1477/2 1476/2
f 1484/2 1481/2 1482/2
f 1477/2 1473/2 1478/2 1482/2
f 1483/2 1473/2 1477/2
f 1484/2 1482/2 1478/2
f 1485/2 1486/2 1491/2 1490/2
f 1495/2 1486/2 1485/2
f 1496/2 1490/2 1491/2
f 1486/2 1487/2 1492/2 1491/2
f 1495/2 1487/2 1486/2
f 1496/2 1491/2 1492/2
f 1487/2 1488/2 1493/2 1492/2
f 1495/2 1488/2 1487/2
f 1496/2 1492/2 1493/2
f 1488/2 1489/2 1494/2 1493/2
f 1495/2 1489/2 1488/2
f 1496/2 1493/2 1494/2
f 1489/2 1485/2 1490/2 1494/2
f 1495/2 1485/2 1489/2
f 1496/2 1494/2 1490/2
f 1497/2 1498/2 1503/2 1502/2
f 1507/2 1498/2 1497/2
f 1508/2 1502/2 1503/2
f 1498/2 1499/2 1504/2 1503/2
f 1507/2 1499/2 1498/2
f 1508/2 1503/2 1504/2
f 1499/2 1500/2 1505/2 1504/2
f 1507/2 1500/2 1499/2
f 1508/2 1504/2 1505/2
f 1500/2 1501/2 1506/2 1505/2
f 1507/2 1501/2 1500/2
f 1508/2 1505/2 1506/2
f 1501/2 1497/2 1502/2 1506/2
f 1507/2 1497/2 1501/2
f 1508/2 1506/2 1502/2
f 1549/2 1550/2 1555/2 1554/2
f 1559/2 1550/2 1549/2
f 1560/2 1554/2 1555/2
f 1550/2 1551/2 1556/2 1555/2
f 1559/2 1551/2 1550/2
f 1560/2 1555/2 1556/2
f 1551/2 1552/2 1557/2 1556/2
f 1559/2 1552/2 1551/2
f 1560/2 1556/2 1557/2
f 1552/2 1553/2 1558/2 1557/2
f 1559/2 1553/2 1552/2
f 1560/2 1557/2 1558/2
f 1553/2 1549/2 1554/2 1558/2
f 1559/2 1549/2 1553/2
f 1560/2 1558/2 1554/2
f 1561/2 1562/2 1567/2 1566/2
f 1571/2 1562/2 1561/2
f 1572/2 1566/2 1567/2
f 1562/2 1563/2 1568/2 1567/2
f 1571/2 1563/2 1562/2
f 1572/2 1567/2 1568/2
f 1563/2 1564/2 1569/2 1568/2
f 1571/2 1564/2 1563/2
f 1572/2 1568/2 1569/2
f 1564/2 1565/2 1570/2 1569/2
f 1571/2 1565/2 1564/2
f 1572/2 1569/2 1570/2
f 1565/2 1561/2 1566/2 1570/2
f 1571/2 1561/2 1565/2
f 1572/2 1570/2 1566/2
f 1573/2 1574/2 1579/2 1578/2
f 1583/2 1574/2 1573/2
f 1584/2 1578/2 1579/2
f 1574/2 1575/2 1580/2 1579/2
f 1583/2 1575/2 1574/2
f 1584/2 1579/2 1580/2
f 1575/2 1576/2 1581/2 1580/2
f 1583/2 1576/2 1575/2
f 1584/2 1580/2 1581/2
f 1576/2 1577/2 1582/2 1581/2
f 1583/2 1577/2 1576/2
f 1584/2 1581/2 1582/2
f 1577/2 1573/2 1578/2 1582/2
f 1583/2 1573/2 1577/2
f 1584/2 1582/2 1578/2
f 1585/2 1586/2 1591/2 1590/2
f 1595/2 1586/2 1585/2
f 1596/2 1590/2 1591/2
f 1586/2 1587/2 1592/2 1591/2
f 1595/2 1587/2 1586/2
f 1596/2 1591/2 1592/2
f 1587/2 1588/2 1593/2 1592/2
f 1595/2 1588/2 1587/2
f 1596/2 1592/2 1593/2
f 1588/2 1589/2 1594/2 1593/2
f 1595/2 1589/2 1588/2
f 1596/2 1593/2 1594/2
f 1589/2 1585/2 1590/2 1594/2
f 1595/2 1585/2 1589/2
f 1596/2 1594/2 1590/2
f 1615/2 1616/2 1621/2 1620/2
f 1625/2 1616/2 1615/2
f 1626/2 1620/2 1621/2
f 1616/2 1617/2 1622/2 1621/2
f 1625/2 1617/2 1616/2
f 1626/2 1621/2 1622/2
f 1617/2 1618/2 1623/2 1622/2
f 1625/2 1618/2 1617/2
f 1626/2 1622/2 1623/2
f 1618/2 1619/2 1624/2 1623/2
f 1625/2 1619/2 1618/2
f 1626/2 1623/2 1624/2
f 1619/2 1615/2 1620/2 1624/2
f 1625/2 1615/2 1619/2
f 1626/2 1624/2 1620/2
f 1627/2 1628/2 1633/2 1632/2
f 1637/2 1628/2 1627/2
f 1638/2 1632/2 1633/2
f 1628/2 1629/2 1634/2 1633/2
f 1637/2 1629/2 1628/2
f 1638/2 1633/2 1634/2
f 1629/2 1630/2 1635/2 1634/2
f 1637/2 1630/2 1629/2
f 1638/2 1634/2 1635/2
f 1630/2 1631/2 1636/2 1635/2
f 1637/2 1631/2 1630/2
f 1638/2 1635/2 1636/2
f 1631/2 1627/2 1632/2 1636/2
f 1637/2 1627/2 1631/2
f 1638/2 1636/2 1632/2
f 1639/2 1640/2 1645/2 1644/2
f 1649/2 1640/2 1639/2
f 1650/2 1644/2 1645/2
f 1640/2 1641/2 1646/2 1645/2
f 1649/2 1641/2 1640/2
f 1650/2 1645/2 1646/2
f 1641/2 1642/2 1647/2 1646/2
f 1649/2 1642/2 1641/2
f 1650/2 1646/2 1647/2
f 1642/2 1643/2 1648/2 1647/2
f 1649/2 1643/2 1642/2
f 1650/2 1647/2 1648/2
f 1643/2 1639/2 1644/2 1648/2
f 1649/2 1639/2 1643/2
f 1650/2 1648/2 1644/2
f 1651/2 1652/2 1657/2 1656/2
f 1661/2 1652/2 1651/2
f 1662/2 1656/2 1657/2
f 1652/2 1653/2 1658/2 1657/2
f 1661/2 1653/2 1652/2
f 1662/2 1657/2 1658/2
f 1653/2 1654/2 1659/2 1658/2
f 1661/2 1654/2 1653/2
f 1662/2 1658/2 1659/2
f 1654/2 1655/2 1660/2 1659/2
f 1661/2 1655/2 1654/2
f 1662/2 1659/2 1660/2
f 1655/2 1651/2 1656/2 1660/2
f 1661/2 1651/2 1655/2
f 1662/2 1660/2 1656/2
f 1681/2 1682/2 1687/2 1686/2
f 1691/2 1682/2 1681/2
f 1692/2 1686/2 1687/2
f 1682/2 1683/2 1688/2 1687/2
f 1691/2 1683/2 1682/2
f 1692/2 1687/2 1688/2
f 1683/2 1684/2 1689/2 1688/2
f 1691/2 1684/2 1683/2
f 1692/2 1688/2 1689/2
f 1684/2 1685/2 1690/2 1689/2
f 1691/2 1685/2 1684/2
f 1692/2 1689/2 1690/2
f 1685/2 1681/2 1686/2 1690/2
f 1691/2 1681/2 1685/2
f 1692/2 1690/2 1686/2
f 1693/2 1694/2 1699/2 1698/2
f 1703/2 1694/2 1693/2
f 1704/2 1698/2 1699/2
f 1694/2 1695/2 1700/2 1699/2
f 1703/2 1695/2 1694/2
f 1704/2 1699/2 1700/2
f 1695/2 1696/2 1701/2 1700/2
f 1703/2 1696/2 1695/2
f 1704/2 1700/2 1701/2
f 1696/2 1697/2 1702/2 1701/2
f 1703/2 1697/2 1696/2
f 1704/2 1701/2 1702/2
f 1697/2 1693/2 1698/2 1702/2
f 1703/2 1693/2 1697/2
f 1704/2 1702/2 1698/2
f 1705/2 1706/2 1711/2 1710/2
f 1715/2 1706/2 1705/2
f 1716/2 1710/2 1711/2
f 1706/2 1707/2 1712/2 1711/2
f 1715/2 1707/2 1706/2
f 1716/2 1711/2 1712/2
f 1707/2 1708/2 1713/2 1712/2
f 1715/2 1708/2 1707/2
f 1716/2 1712/2 1713/2
f 1708/2 1709/2 1714/2 1713/2
f 1715/2 1709/2 1708/2
f 1716/2 1713/2 1714/2
f 1709/2 1705/2 1710/2 1714/2
f 1715/2 1705/2 1709/2
f 1716/2 1714/2 1710/2
f 1717/2 1718/2 1723/2 1722/2
f 1727/2 1718/2 1717/2
f 1728/2 1722/2 1723/2
f 1718/2 1719/2 1724/2 1723/2
f 1727/2 1719/2 1718/2
f 1728/2 1723/2 1724/2
f 1719/2 1720/2 1725/2 1724/2
f 1727/2 1720/2 1719/2
f 1728/2 1724/2 1725/2
f 1720/2 1721/2 1726/2 1725/2
f 1727/2 1721/2 1720/2
f 1728/2 1725/2 1726/2
f 1721/2 1717/2 1722/2 1726/2
f 1727/2 1717/2 1721/2
f 1728/2 1726/2 1722/2
f 1769/2 1770/2 1775/2 1774/2
f 1779/2 1770/2 1769/2
f 1780/2 1774/2 1775/2
f 1770/2 1771/2 1776/2 1775/2
f 1779/2 1771/2 1770/2
f 1780/2 1775/2 1776/2
f 1771/2 1772/2 1777/2 1776/2
f 1779/2 1772/2 1771/2
f 1780/2 1776/2 1777/2
f 1772/2 1773/2 1778/2 1777/2
f 1779/2 1773/2 1772/2
f 1780/2 1777/2 1778/2
f 1773/2 1769/2 1774/2 1778/2
f 1779/2 1769/2 1773/2
f 1780/2 1778/2 1774/2
f 1781/2 1782/2 1787/2 1786/2
f 1791/2 1782/2 1781/2
f 1792/2 1786/2 1787/2
f 1782/2 1783/2 1788/2 1787/2
f 1791/2 1783/2 1782/2
f 1792/2 1787/2 1788/2
f 1783/2 1784/2 1789/2 1788/2
f 1791/2 1784/2 1783/2
f 1792/2 1788/2 1789/2
f 1784/2 1785/2 1790/2 1789/2
f 1791/2 1785/2 1784/2
f 1792/2 1789/2 1790/2
f 1785/2 1781/2 1786/2 1790/2
f 1791/2 1781/2 1785/2
f 1792/2 1790/2 1786/2
f 1793/2 1794/2 1799/2 1798/2
f 1803/2 1794/2 1793/2
f 1804/2 1798/2 1799/2
f 1794/2 1795/2 1800/2 1799/2
f 1803/2 1795/2 1794/2
f 1804/2 1799/2 1800/2
f 1795/2 1796/2 1801/2 1800/2
f 1803/2 1796/2 1795/2
f 1804/2 1800/2 1801/2
f 1796/2 1797/2 1802/2 1801/2
f 1803/2 1797/2 1796/2
f 1804/2 1801/2 1802/2
f 1797/2 1793/2 1798/2 1802/2
f 1803/2 1793/2 1797/2
f 1804/2 1802/2 1798/2
f 1805/2 1806/2 1811/2 1810/2
f 1815/2 1806/2 1805/2
f 1816/2 1810/2 1811/2
f 1806/2 1807/2 1812/2 1811/2
f 1815/2 1807/2 1806/2
f 1816/2 1811/2 1812/2
f 1807/2 1808/2 1813/2 1812/2
f 1815/2 1808/2 1807/2
f 1816/2 1812/2 1813/2
f 1808/2 1809/2 1814/2 1813/2
f 1815/2 1809/2 1808/2
f 1816/2 1813/2 1814/2
f 1809/2 1805/2 1810/2 1814/2
f 1815/2 1805/2 1809/2
f 1816/2 1814/2 1810/2
f 1835/2 1836/2 1841/2 1840/2
f 1845/2 1836/2 1835/2
f 1846/2 1840/2 1841/2
f 1836/2 1837/2 1842/2 1841/2
f 1845/2 1837/2 1836/2
f 1846/2 1841/2 1842/2
f 1837/2 1838/2 1843/2 1842/2
f 1845/2 1838/2 1837/2
f 1846/2 1842/2 1843/2
f 1838/2 1839/2 1844/2 1843/2
f 1845/2 1839/2 1838/2
f 1846/2 1843/2 1844/2
f 1839/2 1835/2 1840/2 1844/2
f 1845/2 1835/2 1839/2
f 1846/2 1844/2 1840/2
f 1847/2 1848/2 1853/2 1852/2
f 1857/2 1848/2 1847/2
f 1858/2 1852/2 1853/2
f 1848/2 1849/2 1854/2 1853/2
f 1857/2 1849/2 1848/2
f 1858/2 1853/2 1854/2
f 1849/2 1850/2 1855/2 1854/2
f 1857/2 1850/2 1849/2
f 1858/2 1854/2 1855/2
f 1850/2 1851/2 1856/2 1855/2
f 1857/2 1851/2 1850/2
f 1858/2 1855/2 1856/2
f 1851/2 1847/2 1852/2 1856/2
f 1857/2 1847/2 1851/2
f 1858/2 1856/2 1852/2
f 1859/2 1860/2 1865/2 1864/2
f 1869/2 1860/2 1859/2
f 1870/2 1864/2 1865/2
f 1860/2 1861/2 1866/2 1865/2
f 1869/2 1861/2 1860/2
f 1870/2 1865/2 1866/2
f 1861/2 1862/2 1867/2 1866/2
f 1869/2 1862/2 1861/2
f 1870/2 1866/2 1867/2
f 1862/2 1863/2 1868/2 1867/2
f 1869/2 1863/2 1862/2
f 1870/2 1867/2 1868/2
f 1863/2 1859/2 1864/2 1868/2
f 1869/2 1859/2 1863/2
f 1870/2 1868/2 1864/2
f 1871/2 1872/2 1877/2 1876/2
f 1881/2 1872/2 1871/2
f 1882/2 1876/2 1877/2
f 1872/2 1873/2 1878/2 1877/2
f 1881/2 1873/2 1872/2
f 1882/2 1877/2 1878/2
f 1873/2 1874/2 1879/2 1878/2
f 1881/2 1874/2 1873/2
f 1882/2 1878/2 1879/2
f 1874/2 1875/2 1880/2 1879/2
f 1881/2 1875/2 1874/2
f 1882/2 1879/2 1880/2
f 1875/2 1871/2 1876/2 1880/2
f 1881/2 1871/2 1875/2
f 1882/2 1880/2 1876/2
f 1901/2 1902/2 1907/2 1906/2
f 1911/2 1902/2 1901/2
f 1912/2 1906/2 1907/2
f 1902/2 1903/2 1908/2 1907/2
f 1911/2 1903/2 1902/2
f 1912/2 1907/2 1908/2
f 1903/2 1904/2 1909/2 1908/2
f 1911/2 1904/2 1903/2
f 1912/2 1908/2 1909/2
f 1904/2 1905/2 1910/2 1909/2
f 1911/2 1905/2 1904/2
f 1912/2 1909/2 1910/2
f 1905/2 1901/2 1906/2 1910/2
f 1911/2 1901/2 1905/2
f 1912/2 1910/2 1906/2
f 1913/2 1914/2 1919/2 1918/2
f 1923/2 1914/2 1913/2
f 1924/2 1918/2 1919/2
f 1914/2 1915/2 1920/2 1919/2
f 1923/2 1915/2 1914/2
f 1924/2 1919/2 1920/2
f 1915/2 1916/2 1921/2 1920/2
f 1923/2 1916/2 1915/2
f 1924/2 1920/2 1921/2
f 1916/2 1917/2 1922/2 1921/2
f 1923/2 1917/2 1916/2
f 1924/2 1921/2 1922/2
f 1917/2 1913/2 1918/2 1922/2
f 1923/2 1913/2 1917/2
f 1924/2 1922/2 1918/2
f 1925/2 1926/2 1931/2 1930/2
f 1935/2 1926/2 1925/2
f 1936/2 1930/2 1931/2
f 1926/2 1927/2 1932/2 1931/2
f 1935/2 1927/2 1926/2
f 1936/2 1931/2 1932/2
f 1927/2 1928/2 1933/2 1932/2
f 1935/2 1928/2 1927/2
f 1936/2 1932/2 1933/2
f 1928/2 1929/2 1934/2 1933/2
f 1935/2 1929/2 1928/2
f 1936/2 1933/2 1934/2
f 1929/2 1925/2 1930/2 1934/2
f 1935/2 1925/2 1929/2
f 1936/2 1934/2 1930/2
f 1937/2 1938/2 1943/2 1942/2
f 1947/2 1938/2 1937/2
f 1948/2 1942/2 1943/2
f 1938/2 1939/2 1944/2 1943/2
f 1947/2 1939/2 1938/2
f 1948/2 1943/2 1944/2
f 1939/2 1940/2 1945/2 1944/2
f 1947/2 1940/2 1939/2
f 1948/2 1944/2 1945/2
f 1940/2 1941/2 1946/2 1945/2
f 1947/2 1941/2 1940/2
f 1948/2 1945/2 1946/2
f 1941/2 1937/2 1942/2 1946/2
f 1947/2 1937/2 1941/2
f 1948/2 1946/2 1942/2
f 1989/2 1990/2 1995/2 1994/2
f 1999/2 1990/2 1989/2
f 2000/2 1994/2 1995/2
f 1990/2 1991/2 1996/2 1995/2
f 1999/2 1991/2 1990/2
f 2000/2 1995/2 1996/2
f 1991/2 1992/2 1997/2 1996/2
f 1999/2 1992/2 1991/2
f 2000/2 1996/2 1997/2
f 1992/2 1993/2 1998/2 1997/2
f 1999/2 1993/2 1992/2
f 2000/2 1997/2 1998/2
f 1993/2 1989/2 1994/2 1998/2
f 1999/2 1989/2 1993/2
f 2000/2 1998/2 1994/2
f 2001/2 2002/2 2007/2 2006/2
f 2011/2 2002/2 2001/2
f 2012/2 2006/2 2007/2
f 2002/2 2003/2 2008/2 2007/2
f 2011/2 2003/2 2002/2
f 2012/2 2007/2 2008/2
f 2003/2 2004/2 2009/2 2008/2
f 2011/2 2004/2 2003/2
f 2012/2 2008/2 2009/2
f 2004/2 2005/2 2010/2 2009/2
f 2011/2 2005/2 2004/2
f 2012/2 2009/2 2010/2
f 2005/2 2001/2 2006/2 2010/2
f 2011/2 2001/2 2005/2
f 2012/2 2010/2 2006/2
f 2013/2 2014/2 2019/2 2018/2
f 2023/2 2014/2 2013/2
f 2024/2 2018/2 2019/2
f 2014/2 2015/2 2020/2 2019/2
f 2023/2 2015/2 2014/2
f 2024/2 2019/2 2020/2
f 2015/2 2016/2 2021/2 2020/2
f 2023/2 2016/2 2015/2
f 2024/2 2020/2 2021/2
f 2016/2 2017/2 2022/2 2021/2
f 2023/2 2017/2 2016/2
f 2024/2 2021/2 2022/2
f 2017/2 2013/2 2018/2 2022/2
f 2023/2 2013/2 2017/2
f 2024/2 2022/2 2018/2
f 2025/2 2026/2 2031/2 2030/2
f 2035/2 2026/2 2025/2
f 2036/2 2030/2 2031/2
f 2026/2 2027/2 2032/2 2031/2
f 2035/2 2027/2 2026/2
f 2036/2 2031/2 2032/2
f 2027/2 2028/2 2033/2 2032/2
f 2035/2 2028/2 2027/2
f 2036/2 2032/2 2033/2
f 2028/2 2029/2 2034/2 2033/2
f 2035/2 2029/2 2028/2
f 2036/2 2033/2 2034/2
f 2029/2 2025/2 2030/2 2034/2
f 2035/2 2025/2 2029/2
f 2036/2 2034/2 2030/2
f 2055/2 2056/2 2061/2 2060/2
f 2065/2 2056/2 2055/2
f 2066/2 2060/2 2061/2
f 2056/2 2057/2 2062/2 2061/2
f 2065/2 2057/2 2056/2
f 2066/2 2061/2 2062/2
f 2057/2 2058/2 2063/2 2062/2
f 2065/2 2058/2 2057/2
f 2066/2 2062/2 2063/2
f 2058/2 2059/2 2064/2 2063/2
f 2065/2 2059/2 2058/2
f 2066/2 2063/2 2064/2
f 2059/2 2055/2 2060/2 2064/2
f 2065/2 2055/2 2059/2
f 2066/2 2064/2 2060/2
f 2067/2 2068/2 2073/2 2072/2
f 2077/2 2068/2 2067/2
f 2078/2 2072/2 2073/2
f 2068/2 2069/2 2074/2 2073/2
f 2077/2 2069/2 2068/2
f 2078/2 2073/2 2074/2
f 2069/2 2070/2 2075/2 2074/2
f 2077/2 2070/2 2069/2
f 2078/2 2074/2 2075/2
f 2070/2 2071/2 2076/2 2075/2
f 2077/2 2071/2 2070/2
f 2078/2 2075/2 2076/2
f 2071/2 2067/2 2072/2 2076/2
f 2077/2 2067/2 2071/2
f 2078/2 2076/2 2072/2
f 2079/2 2080/2 2085/2 2084/2
f 2089/2 2080/2 2079/2
f 2090/2 2084/2 2085/2
f 2080/2 2081/2 2086/2 2085/2
f 2089/2 2081/2 2080/2
f 2090/2 2085/2 2086/2
f 2081/2 2082/2 2087/2 2086/2
f 2089/2 2082/2 2081/2
f 2090/2 2086/2 2087/2
f 2082/2 2083/2 2088/2 2087/2
f 2089/2 2083/2 2082/2
f 2090/2 2087/2 2088/2
f 2083/2 2079/2 2084/2 2088/2
f 2089/2 2079/2 2083/2
f 2090/2 2088/2 2084/2
f 2091/2 2092/2 2097/2 2096/2
f 2101/2 2092/2 2091/2
f 2102/2 2096/2 2097/2
f 2092/2 2093/2 2098/2 2097/2
f 2101/2 2093/2 2092/2
f 2102/2 2097/2 2098/2
f 2093/2 2094/2 2099/2 2098/2
f 2101/2 2094/2 2093/2
f 2102/2 2098/2 2099/2
f 2094/2 2095/2 2100/2 2099/2
f 2101/2 2095/2 2094/2
f 2102/2 2099/2 2100/2
f 2095/2 2091/2 2096/2 2100/2
f 2101/2 2091/2 2095/2
f 2102/2 2100/2 2096/2
f 2121/2 2122/2 2127/2 2126/2
f 2131/2 2122/2 2121/2
f 2132/2 2126/2 2127/2
f 2122/2 2123/2 2128/2 2127/2
f 2131/2 2123/2 2122/2
f 2132/2 2127/2 2128/2
f 2123/2 2124/2 2129/2 2128/2
f 2131/2 2124/2 2123/2
f 2132/2 2128/2 2129/2
f 2124/2 2125/2 2130/2 2129/2
f 2131/2 2125/2 2124/2
f 2132/2 2129/2 2130/2
f 2125/2 2121/2 2126/2 2130/2
f 2131/2 2121/2 2125/2
f 2132/2 2130/2 2126/2
f 2133/2 2134/2 2139/2 2138/2
f 2143/2 2134/2 2133/2
f 2144/2 2138/2 2139/2
f 2134/2 2135/2 2140/2 2139/2
f 2143/2 2135/2 2134/2
f 2144/2 2139/2 2140/2
f 2135/2 2136/2 2141/2 2140/2
f 2143/2 2136/2 2135/2
f 2144/2 2140/2 2141/2
f 2136/2 2137/2 2142/2 2141/2
f 2143/2 2137/2 2136/2
f 2144/2 2141/2 2142/2
f 2137/2 2133/2 2138/2 2142/2
f 2143/2 2133/2 2137/2
f 2144/2 2142/2 2138/2
f 2145/2 2146/2 2151/2 2150/2
f 2155/2 2146/2 2145/2
f 2156/2 2150/2 2151/2
f 2146/2 2147/2 2152/2 2151/2
f 2155/2 2147/2 2146/2
f 2156/2 2151/2 2152/2
f 2147/2 2148/2 2153/2 2152/2
f 2155/2 2148/2 2147/2
f 2156/2 2152/2 2153/2
f 2148/2 2149/2 2154/2 2153/2
f 2155/2 2149/2 2148/2
f 2156/2 2153/2 2154/2
f 2149/2 2145/2 2150/2 2154/2
f 2155/2 2145/2 2149/2
f 2156/2 2154/2 2150/2
f 2157/2 2158/2 2163/2 2162/2
f 2167/2 2158/2 2157/2
f 2168/2 2162/2 2163/2
f 2158/2 2159/2 2164/2 2163/2
f 2167/2 2159/2 2158/2
f 2168/2 2163/2 2164/2
f 2159/2 2160/2 2165/2 2164/2
f 2167/2 2160/2 2159/2
f 2168/2 2164/2 2165/2
f 2160/2 2161/2 2166/2 2165/2
f 2167/2 2161/2 2160/2
f 2168/2 2165/2 2166/2
f 2161/2 2157/2 2162/2 2166/2
f 2167/2 2157/2 2161/2
f 2168/2 2166/2 2162/2
f 2209/2 2210/2 2215/2 2214/2
f 2219/2 2210/2 2209/2
f 2220/2 2214/2 2215/2
f 2210/2 2211/2 2216/2 2215/2
f 2219/2 2211/2 2210/2
f 2220/2 2215/2 2216/2
f 2211/2 2212/2 2217/2 2216/2
f 2219/2 2212/2 2211/2
f 2220/2 2216/2 2217/2
f 2212/2 2213/2 2218/2 2217/2
f 2219/2 2213/2 2212/2
f 2220/2 2217/2 2218/2
f 2213/2 2209/2 2214/2 2218/2
f 2219/2 2209/2 2213/2
f 2220/2 2218/2 2214/2
f 2221/2 2222/2 2227/2 2226/2
f 2231/2 2222/2 2221/2
f 2232/2 2226/2 2227/2
f 2222/2 2223/2 2228/2 2227/2
f 2231/2 2223/2 2222/2
f 2232/2 2227/2 2228/2
f 2223/2 2224/2 2229/2 2228/2
f 2231/2 2224/2 2223/2
f 2232/2 2228/2 2229/2
f 2224/2 2225/2 2230/2 2229/2
f 2231/2 2225/2 2224/2
f 2232/2 2229/2 2230/2
f 2225/2 2221/2 2226/2 2230/2
f 2231/2 2221/2 2225/2
f 2232/2 2230/2 2226/2
f 2233/2 2234/2 2239/2 2238/2
f 2243/2 2234/2 2233/2
f 2244/2 2238/2 2239/2
f 2234/2 2235/2 2240/2 2239/2
f 2243/2 2235/2 2234/2
f 2244/2 2239/2 2240/2
f 2235/2 2236/2 2241/2 2240/2
f 2243/2 2236/2 2235/2
f 2244/2 2240/2 2241/2
f 2236/2 2237/2 2242/2 2241/2
f 2243/2 2237/2 2236/2
f 2244/2 2241/2 2242/2
f 2237/2 2233/2 2238/2 2242/2
f 2243/2 2233/2 2237/2
f 2244/2 2242/2 2238/2
f 2245/2 2246/2 2251/2 2250/2
f 2255/2 2246/2 2245/2
f 2256/2 2250/2 2251/2
f 2246/2 2247/2 2252/2 2251/2
f 2255/2 2247/2 2246/2
f 2256/2 2251/2 2252/2
f 2247/2 2248/2 2253/2 2252/2
f 2255/2 2248/2 2247/2
f 2256/2 2252/2 2253/2
f 2248/2 2249/2 2254/2 2253/2
f 2255/2 2249/2 2248/2
f 2256/2 2253/2 2254/2
f 2249/2 2245/2 2250/2 2254/2
f 2255/2 2245/2 2249/2
f 2256/2 2254/2 2250/2
f 2275/2 2276/2 2281/2 2280/2
f 2285/2 2276/2 2275/2
f 2286/2 2280/2 2281/2
f 2276/2 2277/2 2282/2 2281/2
f 2285/2 2277/2 2276/2
f 2286/2 2281/2 2282/2
f 2277/2 2278/2 2283/2 2282/2
f 2285/2 2278/2 2277/2
f 2286/2 2282/2 2283/2
f 2278/2 2279/2 2284/2 2283/2
f 2285/2 2279/2 2278/2
f 2286/2 2283/2 2284/2
f 2279/2 2275/2 2280/2 2284/2
f 2285/2 2275/2 2279/2
f 2286/2 2284/2 2280/2
f 2287/2 2288/2 2293/2 2292/2
f 2297/2 2288/2 2287/2
f 2298/2 2292/2 2293/2
f 2288/2 2289/2 2294/2 2293/2
f 2297/2 2289/2 2288/2
f 2298/2 2293/2 2294/2
f 2289/2 2290/2 2295/2 2294/2
f 2297/2 2290/2 2289/2
f 2298/2 2294/2 2295/2
f 2290/2 2291/2 2296/2 2295/2
f 2297/2 2291/2 2290/2
f 2298/2 2295/2 2296/2
f 2291/2 2287/2 2292/2 2296/2
f 2297/2 2287/2 2291/2
f 2298/2 2296/2 2292/2
f 2299/2 2300/2 2305/2 2304/2
f 2309/2 2300/2 2299/2
f 2310/2 2304/2 2305/2
f 2300/2 2301/2 2306/2 2305/2
f 2309/2 2301/2 2300/2
f 2310/2 2305/2 2306/2
f 2301/2 2302/2 2307/2 2306/2
f 2309/2 2302/2 2301/2
f 2310/2 2306/2 2307/2
f 2302/2 2303/2 2308/2 2307/2
f 2309/2 2303/2 2302/2
f 2310/2 2307/2 2308/2
f 2303/2 2299/2 2304/2 2308/2
f 2309/2 2299/2 2303/2
f 2310/2 2308/2 2304/2
f 2311/2 2312/2 2317/2 2316/2
f 2321/2 2312/2 2311/2
f 2322/2 2316/2 2317/2
f 2312/2 2313/2 2318/2 2317/2
f 2321/2 2313/2 2312/2
f 2322/2 2317/2 2318/2
f 2313/2 2314/2 2319/2 2318/2
f 2321/2 2314/2 2313/2
f 2322/2 2318/2 2319/2
f 2314/2 2315/2 2320/2 2319/2
f 2321/2 2315/2 2314/2
f 2322/2 2319/2 2320/2
f 2315/2 2311/2 2316/2 2320/2
f 2321/2 2311/2 2315/2
f 2322/2 2320/2 2316/2
f 2341/2 2342/2 2347/2 2346/2
f 2351/2 2342/2 2341/2
f 2352/2 2346/2 2347/2
f 2342/2 2343/2 2348/2 2347/2
f 2351/2 2343/2 2342/2
f 2352/2 2347/2 2348/2
f 2343/2 2344/2 2349/2 2348/2
f 2351/2 2344/2 2343/2
f 2352/2 2348/2 2349/2
f 2344/2 2345/2 2350/2 2349/2
f 2351/2 2345/2 2344/2
f 2352/2 2349/2 2350/2
f 2345/2 2341/2 2346/2 2350/2
f 2351/2 2341/2 2345/2
f 2352/2 2350/2 2346/2
f 2353/2 2354/2 2359/2 2358/2
f 2363/2 2354/2 2353/2
f 2364/2 2358/2 2359/2
f 2354/2 2355/2 2360/2 2359/2
f 2363/2 2355/2 2354/2
f 2364/2 2359/2 2360/2
f 2355/2 2356/2 2361/2 2360/2
f 2363/2 2356/2 2355/2
f 2364/2 2360/2 2361/2
f 2356/2 2357/2 2362/2 2361/2
f 2363/2 2357/2 2356/2
f 2364/2 2361/2 2362/2
f 2357/2 2353/2 2358/2 2362/2
f 2363/2 2353/2 2357/2
f 2364/2 2362/2 2358/2
f 2365/2 2366/2 2371/2 2370/2
f 2375/2 2366/2 2365/2
f 2376/2 2370/2 2371/2
f 2366/2 2367/2 2372/2 2371/2
f 2375/2 2367/2 2366/2
f 2376/2 2371/2 2372/2
f 2367/2 2368/2 2373/2 2372/2
f 2375/2 2368/2 2367/2
f 2376/2 2372/2 2373/2
f 2368/2 2369/2 2374/2 2373/2
f 2375/2 2369/2 2368/2
f 2376/2 2373/2 2374/2
f 2369/2 2365/2 2370/2 2374/2
f 2375/2 2365/2 2369/2
f 2376/2 2374/2 2370/2
f 2377/2 2378/2 2383/2 2382/2
f 2387/2 2378/2 2377/2
f 2388/2 2382/2 2383/2
f 2378/2 2379/2 2384/2 2383/2
f 2387/2 2379/2 2378/2
f 2388/2 2383/2 2384/2
f 2379/2 2380/2 2385/2 2384/2
f 2387/2 2380/2 2379/2
f 2388/2 2384/2 2385/2
f 2380/2 2381/2 2386/2 2385/2
f 2387/2 2381/2 2380/2
f 2388/2 2385/2 2386/2
f 2381/2 2377/2 2382/2 2386/2
f 2387/2 2377/2 2381/2
f 2388/2 2386/2 2382/2
f 2429/2 2430/2 2435/2 2434/2
f 2439/2 2430/2 2429/2
f 2440/2 2434/2 2435/2
f 2430/2 2431/2 2436/2 2435/2
f 2439/2 2431/2 2430/2
f 2440/2 2435/2 2436/2
f 2431/2 2432/2 2437/2 2436/2
f 2439/2 2432/2 2431/2
f 2440/2 2436/2 2437/2
f 2432/2 2433/2 2438/2 2437/2
f 2439/2 2433/2 2432/2
f 2440/2 2437/2 2438/2
f 2433/2 2429/2 2434/2 2438/2
f 2439/2 2429/2 2433/2
f 2440/2 2438/2 2434/2
f 2441/2 2442/2 2447/2 2446/2
f 2451/2 2442/2 2441/2
f 2452/2 2446/2 2447/2
f 2442/2 2443/2 2448/2 2447/2
f 2451/2 2443/2 2442/2
f 2452/2 2447/2 2448/2
f 2443/2 2444/2 2449/2 2448/2
f 2451/2 2444/2 2443/2
f 2452/2 2448/2 2449/2
f 2444/2 2445/2 2450/2 2449/2
f 2451/2 2445/2 2444/2
f 2452/2 2449/2 2450/2
f 2445/2 2441/2 2446/2 2450/2
f 2451/2 2441/2 2445/2
f 2452/2 2450/2 2446/2
f 2453/2 2454/2 2459/2 2458/2
f 2463/2 2454/2 2453/2
f 2464/2 2458/2 2459/2
f 2454/2 2455/2 2460/2 2459/2
f 2463/2 2455/2 2454/2
f 2464/2 2459/2 2460/2
f 2455/2 2456/2 2461/2 2460/2
f 2463/2 2456/2 2455/2
f 2464/2 2460/2 2461/2
f 2456/2 2457/2 2462/2 2461/2
f 2463/2 2457/2 2456/2
f 2464/2 2461/2 2462/2
f 2457/2 2453/2 2458/2 2462/2
f 2463/2 2453/2 2457/2
f 2464/2 2462/2 2458/2
f 2465/2 2466/2 2471/2 2470/2
f 2475/2 2466/2 2465/2
f 2476/2 2470/2 2471/2
f 2466/2 2467/2 2472/2 2471/2
f 2475/2 2467/2 2466/2
f 2476/2 2471/2 2472/2
f 2467/2 2468/2 2473/2 2472/2
f 2475/2 2468/2 2467/2
f 2476/2 2472/2 2473/2
f 2468/2 2469/2 2474/2 2473/2
f 2475/2 2469/2 2468/2
f 2476/2 2473/2 2474/2
f 2469/2 2465/2 2470/2 2474/2
f 2475/2 2465/2 2469/2
f 2476/2 2474/2 2470/2
f 2495/2 2496/2 2501/2 2500/2
f 2505/2 2496/2 2495/2
f 2506/2 2500/2 2501/2
f 2496/2 2497/2 2502/2 2501/2
f 2505/2 2497/2 2496/2
f 2506/2 2501/2 2502/2
f 2497/2 2498/2 2503/2 2502/2
f 2505/2 2498/2 2497/2
f 2506/2 2502/2 2503/2
f 2498/2 2499/2 2504/2 2503/2
f 2505/2 2499/2 2498/2
f 2506/2 2503/2 2504/2
f 2499/2 2495/2 2500/2 2504/2
f 2505/2 2495/2 2499/2
f 2506/2 2504/2 2500/2
f 2507/2 2508/2 2513/2 2512/2
f 2517/2 2508/2 2507/2
f 2518/2 2512/2 2513/2
f 2508/2 2509/2 2514/2 2513/2
f 2517/2 2509/2 2508/2
f 2518/2 2513/2 2514/2
f 2509/2 2510/2 2515/2 2514/2
f 2517/2 2510/2 2509/2
f 2518/2 2514/2 2515/2
f 2510/2 2511/2 2516/2 2515/2
f 2517/2 2511/2 2510/2
f 2518/2 2515/2 2516/2
f 2511/2 2507/2 2512/2 2516/2
f 2517/2 2507/2 2511/2
f 2518/2 2516/2 2512/2
f 2519/2 2520/2 2525/2 2524/2
f 2529/2 2520/2 2519/2
f 2530/2 2524/2 2525/2
f 2520/2 2521/2 2526/2 2525/2
f 2529/2 2521/2 2520/2
f 2530/2 2525/2 2526/2
f 2521/2 2522/2 2527/2 2526/2
f 2529/2 2522/2 2521/2
f 2530/2 2526/2 2527/2
f 2522/2 2523/2 2528/2 2527/2
f 2529/2 2523/2 2522/2
f 2530/2 2527/2 2528/2
f 2523/2 2519/2 2524/2 2528/2
f 2529/2 2519/2 2523/2
f 2530/2 2528/2 2524/2
f 2531/2 2532/2 2537/2 2536/2
f 2541/2 2532/2 2531/2
f 2542/2 2536/2 2537/2
f 2532/2 2533/2 2538/2 2537/2
f 2541/2 2533/2 2532/2
f 2542/2 2537/2 2538/2
f 2533/2 2534/2 2539/2 2538/2
f 2541/2 2534/2 2533/2
f 2542/2 2538/2 2539/2
f 2534/2 2535/2 2540/2 2539/2
f 2541/2 2535/2 2534/2
f 2542/2 2539/2 2540/2
f 2535/2 2531/2 2536/2 2540/2
f 2541/2 2531/2 2535/2
f 2542/2 2540/2 2536/2
f 2561/2 2562/2 2567/2 2566/2
f 2571/2 2562/2 2561/2
f 2572/2 2566/2 2567/2
f 2562/2 2563/2 2568/2 2567/2
f 2571/2 2563/2 2562/2
f 2572/2 2567/2 2568/2
f 2563/2 2564/2 2569/2 2568/2
f 2571/2 2564/2 2563/2
f 2572/2 2568/2 2569/2
f 2564/2 2565/2 2570/2 2569/2
f 2571/2 2565/2 2564/2
f 2572/2 2569/2 2570/2
f 2565/2 2561/2 2566/2 2570/2
f 2571/2 2561/2 2565/2
f 2572/2 2570/2 2566/2
f 2573/2 2574/2 2579/2 2578/2
f 2583/2 2574/2 2573/2
f 2584/2 2578/2 2579/2
f 2574/2 2575/2 2580/2 2579/2
f 2583/2 2575/2 2574/2
f 2584/2 2579/2 2580/2
f 2575/2 2576/2 2581/2 2580/2
f 2583/2 2576/2 2575/2
f 2584/2 2580/2 2581/2
f 2576/2 2577/2 2582/2 2581/2
f 2583/2 2577/2 2576/2
f 2584/2 2581/2 2582/2
f 2577/2 2573/2 2578/2 2582/2
f 2583/2 2573/2 2577/2
f 2584/2 2582/2 2578/2
f 2585/2 2586/2 2591/2 2590/2
f 2595/2 2586/2 2585/2
f 2596/2 2590/2 2591/2
f 2586/2 2587/2 2592/2 2591/2
f 2595/2 2587/2 2586/2
f 2596/2 2591/2 2592/2
f 2587/2 2588/2 2593/2 2592/2
f 2595/2 2588/2 2587/2
f 2596/2 2592/2 2593/2
f 2588/2 2589/2 2594/2 2593/2
f 2595/2 2589/2 2588/2
f 2596/2 2593/2 2594/2
f 2589/2 2585/2 2590/2 2594/2
f 2595/2 2585/2 2589/2
f 2596/2 2594/2 2590/2
f 2597/2 2598/2 2603/2 2602/2
f 2607/2 2598/2 2597/2
f 2608/2 2602/2 2603/2
f 2598/2 2599/2 2604/2 2603/2
f 2607/2 2599/2 2598/2
f 2608/2 2603/2 2604/2
f 2599/2 2600/2 2605/2 2604/2
f 2607/2 2600/2 2599/2
f 2608/2 2604/2 2605/2
f 2600/2 2601/2 2606/2 2605/2
f 2607/2 2601/2 2600/2
f 2608/2 2605/2 2606/2
f 2601/2 2597/2 2602/2 2606/2
f 2607/2 2597/2 2601/2
f 2608/2 2606/2 2602/2
f 2641/2 2642/2 2647/2 2646/2
f 2651/2 2642/2 2641/2
f 2652/2 2646/2 2647/2
f 2642/2 2643/2 2648/2 2647/2
f 2651/2 2643/2 2642/2
f 2652/2 2647/2 2648/2
f 2643/2 2644/2 2649/2 2648/2
f 2651/2 2644/2 2643/2
f 2652/2 2648/2 2649/2
f 2644/2 2645/2 2650/2 2649/2
f 2651/2 2645/2 2644/2
f 2652/2 2649/2 2650/2
f 2645/2 2641/2 2646/2 2650/2
f 2651/2 2641/2 2645/2
f 2652/2 2650/2 2646/2
f 2653/2 2654/2 2659/2 2658/2
f 2663/2 2654/2 2653/2
f 2664/2 2658/2 2659/2
f 2654/2 2655/2 2660/2 2659/2
f 2663/2 2655/2 2654/2
f 2664/2 2659/2 2660/2
f 2655/2 2656/2 2661/2 2660/2
f 2663/2 2656/2 2655/2
f 2664/2 2660/2 2661/2
f 2656/2 2657/2 2662/2 2661/2
f 2663/2 2657/2 2656/2
f 2664/2 2661/2 2662/2
f 2657/2 2653/2 2658/2 2662/2
f 2663/2 2653/2 2657/2
f 2664/2 2662/2 2658/2
f 2665/2 2666/2 2671/2 2670/2
f 2675/2 2666/2 2665/2
f 2676/2 2670/2 2671/2
f 2666/2 2667/2 2672/2 2671/2
f 2675/2 2667/2 2666/2
f 2676/2 2671/2 2672/2
f 2667/2 2668/2 2673/2 2672/2
f 2675/2 2668/2 2667/2
f 2676/2 2672/2 2673/2
f 2668/2 2669/2 2674/2 2673/2
f 2675/2 2669/2 2668/2
f 2676/2 2673/2 2674/2
f 2669/2 2665/2 2670/2 2674/2
f 2675/2 2665/2 2669/2
f 2676/2 2674/2 2670/2
f 2677/2 2678/2 2683/2 2682/2
f 2687/2 2678/2 2677/2
f 2688/2 2682/2 2683/2
f 2678/2 2679/2 2684/2 2683/2
f 2687/2 2679/2 2678/2
f 2688/2 2683/2 2684/2
f 2679/2 2680/2 2685/2 2684/2
f 2687/2 2680/2 2679/2
f 2688/2 2684/2 2685/2
f 2680/2 2681/2 2686/2 2685/2
f 2687/2 2681/2 2680/2
f 2688/2 2685/2 2686/2
f 2681/2 2677/2 2682/2 2686/2
f 2687/2 2677/2 2681/2
f 2688/2 2686/2 2682/2
f 2699/2 2700/2 2705/2 2704/2
f 2709/2 2700/2 2699/2
f 2710/2 2704/2 2705/2
f 2700/2 2701/2 2706/2 2705/2
f 2709/2 2701/2 2700/2
f 2710/2 2705/2 2706/2
f 2701/2 2702/2 2707/2 2706/2
f 2709/2 2702/2 2701/2
f 2710/2 2706/2 2707/2
f 2702/2 2703/2 2708/2 2707/2
f 2709/2 2703/2 2702/2
f 2710/2 2707/2 2708/2
f 2703/2 2699/2 2704/2 2708/2
f 2709/2 2699/2 2703/2
f 2710/2 2708/2 2704/2
f 2711/2 2712/2 2717/2 2716/2
f 2721/2 2712/2 2711/2
f 2722/2 2716/2 2717/2
f 2712/2 2713/2 2718/2 2717/2
f 2721/2 2713/2 2712/2
f 2722/2 2717/2 2718/2
f 2713/2 2714/2 2719/2 2718/2
f 2721/2 2714/2 2713/2
f 2722/2 2718/2 2719/2
f 2714/2 2715/2 2720/2 2719/2
f 2721/2 2715/2 2714/2
f 2722/2 2719/2 2720/2
f 2715/2 2711/2 2716/2 2720/2
f 2721/2 2711/2 2715/2
f 2722/2 2720/2 2716/2
f 2723/2 2724/2 2729/2 2728/2
f 2733/2 2724/2 2723/2
f 2734/2 2728/2 2729/2
f 2724/2 2725/2 2730/2 2729/2
f 2733/2 2725/2 2724/2
f 2734/2 2729/2 2730/2
f 2725/2 2726/2 2731/2 2730/2
f 2733/2 2726/2 2725/2
f 2734/2 2730/2 2731/2
f 2726/2 2727/2 2732/2 2731/2
f 2733/2 2727/2 2726/2
f 2734/2 2731/2 2732/2
f 2727/2 2723/2 2728/2 2732/2
f 2733/2 2723/2 2727/2
f 2734/2 2732/2 2728/2
f 2735/2 2736/2 2741/2 2740/2
f 2745/2 2736/2 2735/2
f 2746/2 2740/2 2741/2
f 2736/2 2737/2 2742/2 2741/2
f 2745/2 2737/2 2736/2
f 2746/2 2741/2 2742/2
f 2737/2 2738/2 2743/2 2742/2
f 2745/2 2738/2 2737/2
f 2746/2 2742/2 2743/2
f 2738/2 2739/2 2744/2 2743/2
f 2745/2 2739/2 2738/2
f 2746/2 2743/2 2744/2
f 2739/2 2735/2 2740/2 2744/2
f 2745/2 2735/2 2739/2
f 2746/2 2744/2 2740/2
f 2757/2 2758/2 2763/2 2762/2
f 2767/2 2758/2 2757/2
f 2768/2 2762/2 2763/2
f 2758/2 2759/2 2764/2 2763/2
f 2767/2 2759/2 2758/2
f 2768/2 2763/2 2764/2
f 2759/2 2760/2 2765/2 2764/2
f 2767/2 2760/2 2759/2
f 2768/2 2764/2 2765/2
f 2760/2 2761/2 2766/2 2765/2
f 2767/2 2761/2 2760/2
f 2768/2 2765/2 2766/2
f 2761/2 2757/2 2762/2 2766/2
f 2767/2 2757/2 2761/2
f 2768/2 2766/2 2762/2
f 2769/2 2770/2 2775/2 2774/2
f 2779/2 2770/2 2769/2
f 2780/2 2774/2 2775/2
f 2770/2 2771/2 2776/2 2775/2
f 2779/2 2771/2 2770/2
f 2780/2 2775/2 2776/2
f 2771/2 2772/2 2777/2 2776/2
f 2779/2 2772/2 2771/2
f 2780/2 2776/2 2777/2
f 2772/2 2773/2 2778/2 2777/2
f 2779/2 2773/2 2772/2
f 2780/2 2777/2 2778/2
f 2773/2 2769/2 2774/2 2778/2
f 2779/2 2769/2 2773/2
f 2780/2 2778/2 2774/2
f 2781/2 2782/2 2787/2 2786/2
f 2791/2 2782/2 2781/2
f 2792/2 2786/2 2787/2
f 2782/2 2783/2 2788/2 2787/2
f 2791/2 2783/2 2782/2
f 2792/2 2787/2 2788/2
f 2783/2 2784/2 2789/2 2788/2
f 2791/2 2784/2 2783/2
f 2792/2 2788/2 2789/2
f 2784/2 2785/2 2790/2 2789/2
f 2791/2 2785/2 2784/2
f 2792/2 2789/2 2790/2
f 2785/2 2781/2 2786/2 2790/2
f 2791/2 2781/2 2785/2
f 2792/2 2790/2 2786/2
f 2793/2 2794/2 2799/2 2798/2
f 2803/2 2794/2 2793/2
f 2804/2 2798/2 2799/2
f 2794/2 2795/2 2800/2 2799/2
f 2803/2 2795/2 2794/2
f 2804/2 2799/2 2800/2
f 2795/2 2796/2 2801/2 2800/2
f 2803/2 2796/2 2795/2
f 2804/2 2800/2 2801/2
f 2796/2 2797/2 2802/2 2801/2
f 2803/2 2797/2 2796/2
f 2804/2 2801/2 2802/2
f 2797/2 2793/2 2798/2 2802/2
f 2803/2 2793/2 2797/2
f 2804/2 2802/2 2798/2
f 2837/2 2838/2 2843/2 2842/2
f 2847/2 2838/2 2837/2
f 2848/2 2842/2 2843/2
f 2838/2 2839/2 2844/2 2843/2
f 2847/2 2839/2 2838/2
f 2848/2 2843/2 2844/2
f 2839/2 2840/2 2845/2 2844/2
f 2847/2 2840/2 2839/2
f 2848/2 2844/2 2845/2
f 2840/2 2841/2 2846/2 2845/2
f 2847/2 2841/2 2840/2
f 2848/2 2845/2 2846/2
f 2841/2 2837/2 2842/2 2846/2
f 2847/2 2837/2 2841/2
f 2848/2 2846/2 2842/2
f 2849/2 2850/2 2855/2 2854/2
f 2859/2 2850/2 2849/2
f 2860/2 2854/2 2855/2
f 2850/2 2851/2 2856/2 2855/2
f 2859/2 2851/2 2850/2
f 2860/2 2855/2 2856/2
f 2851/2 2852/2 2857/2 2856/2
f 2859/2 2852/2 2851/2
f 2860/2 2856/2 2857/2
f 2852/2 2853/2 2858/2 2857/2
f 2859/2 2853/2 2852/2
f 2860/2 2857/2 2858/2
f 2853/2 2849/2 2854/2 2858/2
f 2859/2 2849/2 2853/2
f 2860/2 2858/2 2854/2
f 2861/2 2862/2 2867/2 2866/2
f 2871/2 2862/2 2861/2
f 2872/2 2866/2 2867/2
f 2862/2 2863/2 2868/2 2867/2
f 2871/2 2863/2 2862/2
f 2872/2 2867/2 2868/2
f 2863/2 2864/2 2869/2 2868/2
f 2871/2 2864/2 2863/2
f 2872/2 2868/2 2869/2
f 2864/2 2865/2 2870/2 2869/2
f 2871/2 2865/2 2864/2
f 2872/2 2869/2 2870/2
f 2865/2 2861/2 2866/2 2870/2
f 2871/2 2861/2 2865/2
f 2872/2 2870/2 2866/2
f 2873/2 2874/2 2879/2 2878/2
f 2883/2 2874/2 2873/2
f 2884/2 2878/2 2879/2
f 2874/2 2875/2 2880/2 2879/2
f 2883/2 2875/2 2874/2
f 2884/2 2879/2 2880/2
f 2875/2 2876/2 2881/2 2880/2
f 2883/2 2876/2 2875/2
f 2884/2 2880/2 2881/2
f 2876/2 2877/2 2882/2 2881/2
f 2883/2 2877/2 2876/2
f 2884/2 2881/2 2882/2
f 2877/2 2873/2 2878/2 2882/2
f 2883/2 2873/2 2877/2
f 2884/2 2882/2 2878/2
f 2895/2 2896/2 2901/2 2900/2
f 2905/2 2896/2 2895/2
f 2906/2 2900/2 2901/2
f 2896/2 2897/2 2902/2 2901/2
f 2905/2 2897/2 2896/2
f 2906/2 2901/2 2902/2
f 2897/2 2898/2 2903/2 2902/2
f 2905/2 2898/2 2897/2
f 2906/2 2902/2 2903/2
f 2898/2 2899/2 2904/2 2903/2
f 2905/2 2899/2 2898/2
f 2906/2 2903/2 2904/2
f 2899/2 2895/2 2900/2 2904/2
f 2905/2 2895/2 2899/2
f 2906/2 2904/2 2900/2
f 2907/2 2908/2 2913/2 2912/2
f 2917/2 2908/2 2907/2
f 2918/2 2912/2 2913/2
f 2908/2 2909/2 2914/2 2913/2
f 2917/2 2909/2 2908/2
f 2918/2 2913/2 2914/2
f 2909/2 2910/2 2915/2 2914/2
f 2917/2 2910/2 2909/2
f 2918/2 2914/2 2915/2
f 2910/2 2911/2 2916/2 2915/2
f 2917/2 2911/2 2910/2
f 2918/2 2915/2 2916/2
f 2911/2 2907/2 2912/2 2916/2
f 2917/2 2907/2 2911/2
f 2918/2 2916/2 2912/2
f 2919/2 2920/2 2925/2 2924/2
f 2929/2 2920/2 2919/2
f 2930/2 2924/2 2925/2
f 2920/2 2921/2 2926/2 2925/2
f 2929/2 2921/2 2920/2
f 2930/2 2925/2 2926/2
f 2921/2 2922/2 2927/2 2926/2
f 2929/2 2922/2 2921/2
f 2930/2 2926/2 2927/2
f 2922/2 2923/2 2928/2 2927/2
f 2929/2 2923/2 2922/2
f 2930/2 2927/2 2928/2
f 2923/2 2919/2 2924/2 2928/2
f 2929/2 2919/2 2923/2
f 2930/2 2928/2 2924/2
f 2931/2 2932/2 2937/2 2936/2
f 2941/2 2932/2 2931/2
f 2942/2 2936/2 2937/2
f 2932/2 2933/2 2938/2 2937/2
f 2941/2 2933/2 2932/2
f 2942/2 2937/2 2938/2
f 2933/2 2934/2 2939/2 2938/2
f 2941/2 2934/2 2933/2
f 2942/2 2938/2 2939/2
f 2934/2 2935/2 2940/2 2939/2
f 2941/2 2935/2 2934/2
f 2942/2 2939/2 2940/2
f 2935/2 2931/2 2936/2 2940/2
f 2941/2 2931/2 2935/2
f 2942/2 2940/2 2936/2
f 2953/2 2954/2 2959/2 2958/2
f 2963/2 2954/2 2953/2
f 2964/2 2958/2 2959/2
f 2954/2 2955/2 2960/2 2959/2
f 2963/2 2955/2 2954/2
f 2964/2 2959/2 2960/2
f 2955/2 2956/2 2961/2 2960/2
f 2963/2 2956/2 2955/2
f 2964/2 2960/2 2961/2
f 2956/2 2957/2 2962/2 2961/2
f 2963/2 2957/2 2956/2
f 2964/2 2961/2 2962/2
f 2957/2 2953/2 2958/2 2962/2
f 2963/2 2953/2 2957/2
f 2964/2 2962/2 2958/2
f 2965/2 2966/2 2971/2 2970/2
f 2975/2 2966/2 2965/2
f 2976/2 2970/2 2971/2
f 2966/2 2967/2 2972/2 2971/2
f 2975/2 2967/2 2966/2
f 2976/2 2971/2 2972/2
f 2967/2 2968/2 2973/2 2972/2
f 2975/2 2968/2 2967/2
f 2976/2 2972/2 2973/2
f 2968/2 2969/2 2974/2 2973/2
f 2975/2 2969/2 2968/2
f 2976/2 2973/2 2974/2
f 2969/2 2965/2 2970/2 2974/2
f 2975/2 2965/2 2969/2
f 2976/2 2974/2 2970/2
f 2977/2 2978/2 2983/2 2982/2
f 2987/2 2978/2 2977/2
f 2988/2 2982/2 2983/2
f 2978/2 2979/2 2984/2 2983/2
f 2987/2 2979/2 2978/2
f 2988/2 2983/2 2984/2
f 2979/2 2980/2 2985/2 2984/2
f 2987/2 2980/2 2979/2
f 2988/2 2984/2 2985/2
f 2980/2 2981/2 2986/2 2985/2
f 2987/2 2981/2 2980/2
f 2988/2 2985/2 2986/2
f 2981/2 2977/2 2982/2 2986/2
f 2987/2 2977/2 2981/2
f 2988/2 2986/2 2982/2
f 2989/2 2990/2 2995/2 2994/2
f 2999/2 2990/2 2989/2
f 3000/2 2994/2 2995/2
f 2990/2 2991/2 2996/2 2995/2
f 2999/2 2991/2 2990/2
f 3000/2 2995/2 2996/2
f 2991/2 2992/2 2997/2 2996/2
f 2999/2 2992/2 2991/2
f 3000/2 2996/2 2997/2
f 2992/2 2993/2 2998/2 2997/2
f 2999/2 2993/2 2992/2
f 3000/2 2997/2 2998/2
f 2993/2 2989/2 2994/2 2998/2
f 2999/2 2989/2 2993/2
f 3000/2 2998/2 2994/2
f 3033/2 3034/2 3039/2 3038/2
f 3043/2 3034/2 3033/2
f 3044/2 3038/2 3039/2
f 3034/2 3035/2 3040/2 3039/2
f 3043/2 3035/2 3034/2
f 3044/2 3039/2 3040/2
f 3035/2 3036/2 3041/2 3040/2
f 3043/2 3036/2 3035/2
f 3044/2 3040/2 3041/2
f 3036/2 3037/2 3042/2 3041/2
f 3043/2 3037/2 3036/2
f 3044/2 3041/2 3042/2
f 3037/2 3033/2 3038/2 3042/2
f 3043/2 3033/2 3037/2
f 3044/2 3042/2 3038/2
f 3045/2 3046/2 3051/2 3050/2
f 3055/2 3046/2 3045/2
f 3056/2 3050/2 3051/2
f 3046/2 3047/2 3052/2 3051/2
f 3055/2 3047/2 3046/2
f 3056/2 3051/2 3052/2
f 3047/2 3048/2 3053/2 3052/2
f 3055/2 3048/2 3047/2
f 3056/2 3052/2 3053/2
f 3048/2 3049/2 3054/2 3053/2
f 3055/2 3049/2 3048/2
f 3056/2 3053/2 3054/2
f 3049/2 3045/2 3050/2 3054/2
f 3055/2 3045/2 3049/2
f 3056/2 3054/2 3050/2
f 3057/2 3058/2 3063/2 3062/2
f 3067/2 3058/2 3057/2
f 3068/2 3062/2 3063/2
f 3058/2 3059/2 3064/2 3063/2
f 3067/2 3059/2 3058/2
f 3068/2 3063/2 3064/2
f 3059/2 3060/2 3065/2 3064/2
f 3067/2 3060/2 3059/2
f 3068/2 3064/2 3065/2
f 3060/2 3061/2 3066/2 3065/2
f 3067/2 3061/2 3060/2
f 3068/2 3065/2 3066/2
f 3061/2 3057/2 3062/2 3066/2
f 3067/2 3057/2 3061/2
f 3068/2 3066/2 3062/2
f 3069/2 3070/2 3075/2 3074/2
f 3079/2 3070/2 3069/2
f 3080/2 3074/2 3075/2
f 3070/2 3071/2 3076/2 3075/2
f 3079/2 3071/2 3070/2
f 3080/2 3075/2 3076/2
f 3071/2 3072/2 3077/2 3076/2
f 3079/2 3072/2 3071/2
f 3080/2 3076/2 3077/2
f 3072/2 3073/2 3078/2 3077/2
f 3079/2 3073/2 3072/2
f 3080/2 3077/2 3078/2
f 3073/2 3069/2 3074/2 3078/2
f 3079/2 3069/2 3073/2
f 3080/2 3078/2 3074/2
f 3091/2 3092/2 3097/2 3096/2
f 3101/2 3092/2 3091/2
f 3102/2 3096/2 3097/2
f 3092/2 3093/2 3098/2 3097/2
f 3101/2 3093/2 3092/2
f 3102/2 3097/2 3098/2
f 3093/2 3094/2 3099/2 3098/2
f 3101/2 3094/2 3093/2
f 3102/2 3098/2 3099/2
f 3094/2 3095/2 3100/2 3099/2
f 3101/2 3095/2 3094/2
f 3102/2 3099/2 3100/2
f 3095/2 3091/2 3096/2 3100/2
f 3101/2 3091/2 3095/2
f 3102/2 3100/2 3096/2
f 3103/2 3104/2 3109/2 3108/2
f 3113/2 3104/2 3103/2
f 3114/2 3108/2 3109/2
f 3104/2 3105/2 3110/2 3109/2
f 3113/2 3105/2 3104/2
f 3114/2 3109/2 3110/2
f 3105/2 3106/2 3111/2 3110/2
f 3113/2 3106/2 3105/2
f 3114/2 3110/2 3111/2
f 3106/2 3107/2 3112/2 3111/2
f 3113/2 3107/2 3106/2
f 3114/2 3111/2 3112/2
f 3107/2 3103/2 3108/2 3112/2
f 3113/2 3103/2 3107/2
f 3114/2 3112/2 3108/2
f 3115/2 3116/2 3121/2 3120/2
f 3125/2 3116/2 3115/2
f 3126/2 3120/2 3121/2
f 3116/2 3117/2 3122/2 3121/2
f 3125/2 3117/2 3116/2
f 3126/2 3121/2 3122/2
f 3117/2 3118/2 3123/2 3122/2
f 3125/2 3118/2 3117/2
f 3126/2 3122/2 3123/2
f 3118/2 3119/2 3124/2 3123/2
f 3125/2 3119/2 3118/2
f 3126/2 3123/2 3124/2
f 3119/2 3115/2 3120/2 3124/2
f 3125/2 3115/2 3119/2
f 3126/2 3124/2 3120/2
f 3127/2 3128/2 3133/2 3132/2
f 3137/2 3128/2 3127/2
f 3138/2 3132/2 3133/2
f 3128/2 3129/2 3134/2 3133/2
f 3137/2 3129/2 3128/2
f 3138/2 3133/2 3134/2
f 3129/2 3130/2 3135/2 3134/2
f 3137/2 3130/2 3129/2
f 3138/2 3134/2 3135/2
f 3130/2 3131/2 3136/2 3135/2
f 3137/2 3131/2 3130/2
f 3138/2 3135/2 3136/2
f 3131/2 3127/2 3132/2 3136/2
f 3137/2 3127/2 3131/2
f 3138/2 3136/2 3132/2
f 3149/2 3150/2 3155/2 3154/2
f 3159/2 3150/2 3149/2
f 3160/2 3154/2 3155/2
f 3150/2 3151/2 3156/2 3155/2
f 3159/2 3151/2 3150/2
f 3160/2 3155/2 3156/2
f 3151/2 3152/2 3157/2 3156/2
f 3159/2 3152/2 3151/2
f 3160/2 3156/2 3157/2
f 3152/2 3153/2 3158/2 3157/2
f 3159/2 3153/2 3152/2
f 3160/2 3157/2 3158/2
f 3153/2 3149/2 3154/2 3158/2
f 3159/2 3149/2 3153/2
f 3160/2 3158/2 3154/2
f 3161/2 3162/2 3167/2 3166/2
f 3171/2 3162/2 3161/2
f 3172/2 3166/2 3167/2
f 3162/2 3163/2 3168/2 3167/2
f 3171/2 3163/2 3162/2
f 3172/2 3167/2 3168/2
f 3163/2 3164/2 3169/2 3168/2
f 3171/2 3164/2 3163/2
f 3172/2 3168/2 3169/2
f 3164/2 3165/2 3170/2 3169/2
f 3171/2 3165/2 3164/2
f 3172/2 3169/2 3170/2
f 3165/2 3161/2 3166/2 3170/2
f 3171/2 3161/2 3165/2
f 3172/2 3170/2 3166/2
f 3173/2 3174/2 3179/2 3178/2
f 3183/2 3174/2 3173/2
f 3184/2 3178/2 3179/2
f 3174/2 3175/2 3180/2 3179/2
f 3183/2 3175/2 3174/2
f 3184/2 3179/2 3180/2
f 3175/2 3176/2 3181/2 3180/2
f 3183/2 3176/2 3175/2
f 3184/2 3180/2 3181/2
f 3176/2 3177/2 3182/2 3181/2
f 3183/2 3177/2 3176/2
f 3184/2 3181/2 3182/2
f 3177/2 3173/2 3178/2 3182/2
f 3183/2 3173/2 3177/2
f 3184/2 3182/2 3178/2
f 3185/2 3186/2 3191/2 3190/2
f 3195/2 3186/2 3185/2
f 3196/2 3190/2 3191/2
f 3186/2 3187/2 3192/2 3191/2
f 3195/2 3187/2 3186/2
f 3196/2 3191/2 3192/2
f 3187/2 3188/2 3193/2 3192/2
f 3195/2 3188/2 3187/2
f 3196/2 3192/2 3193/2
f 3188/2 3189/2 3194/2 3193/2
f 3195/2 3189/2 3188/2
f 3196/2 3193/2 3194/2
f 3189/2 3185/2 3190/2 3194/2
f 3195/2 3185/2 3189/2
f 3196/2 3194/2 3190/2
f 3229/2 3230/2 3235/2 3234/2
f 3239/2 3230/2 3229/2
f 3240/2 3234/2 3235/2
f 3230/2 3231/2 3236/2 3235/2
f 3239/2 3231/2 3230/2
f 3240/2 3235/2 3236/2
f 3231/2 3232/2 3237/2 3236/2
f 3239/2 3232/2 3231/2
f 3240/2 3236/2 3237/2
f 3232/2 3233/2 3238/2 3237/2
f 3239/2 3233/2 3232/2
f 3240/2 3237/2 3238/2
f 3233/2 3229/2 3234/2 3238/2
f 3239/2 3229/2 3233/2
f 3240/2 3238/2 3234/2
f 3241/2 3242/2 3247/2 3246/2
f 3251/2 3242/2 3241/2
f 3252/2 3246/2 3247/2
f 3242/2 3243/2 3248/2 3247/2
f 3251/2 3243/2 3242/2
f 3252/2 3247/2 3248/2
f 3243/2 3244/2 3249/2 3248/2
f 3251/2 3244/2 3243/2
f 3252/2 3248/2 3249/2
f 3244/2 3245/2 3250/2 3249/2
f 3251/2 3245/2 3244/2
f 3252/2 3249/2 3250/2
f 3245/2 3241/2 3246/2 3250/2
f 3251/2 3241/2 3245/2
f 3252/2 3250/2 3246/2
f 3253/2 3254/2 3259/2 3258/2
f 3263/2 3254/2 3253/2
f 3264/2 3258/2 3259/2
f 3254/2 3255/2 3260/2 3259/2
f 3263/2 3255/2 3254/2
f 3264/2 3259/2 3260/2
f 3255/2 3256/2 3261/2 3260/2
f 3263/2 3256/2 3255/2
f 3264/2 3260/2 3261/2
f 3256/2 3257/2 3262/2 3261/2
f 3263/2 3257/2 3256/2
f 3264/2 3261/2 3262/2
f 3257/2 3253/2 3258/2 3262/2
f 3263/2 3253/2 3257/2
f 3264/2 3262/2 3258/2
f 3265/2 3266/2 3271/2 3270/2
f 3275/2 3266/2 3265/2
f 3276/2 3270/2 3271/2
f 3266/2 3267/2 3272/2 3271/2
f 3275/2 3267/2 3266/2
f 3276/2 3271/2 3272/2
f 3267/2 3268/2 3273/2 3272/2
f 3275/2 3268/2 3267/2
f 3276/2 3272/2 3273/2
f 3268/2 3269/2 3274/2 3273/2
f 3275/2 3269/2 3268/2
f 3276/2 3273/2 3274/2
f 3269/2 3265/2 3270/2 3274/2
f 3275/2 3265/2 3269/2
f 3276/2 3274/2 3270/2
f 3287/2 3288/2 3293/2 3292/2
f 3297/2 3288/2 3287/2
f 3298/2 3292/2 3293/2
f 3288/2 3289/2 3294/2 3293/2
f 3297/2 3289/2 3288/2
f 3298/2 3293/2 3294/2
f 3289/2 3290/2 3295/2 3294/2
f 3297/2 3290/2 3289/2
f 3298/2 3294/2 3295/2
f 3290/2 3291/2 3296/2 3295/2
f 3297/2 3291/2 3290/2
f 3298/2 3295/2 3296/2
f 3291/2 3287/2 3292/2 3296/2
f 3297/2 3287/2 3291/2
f 3298/2 3296/2 3292/2
f 3299/2 3300/2 3305/2 3304/2
f 3309/2 3300/2 3299/2
f 3310/2 3304/2 3305/2
f 3300/2 3301/2 3306/2 3305/2
f 3309/2 3301/2 3300/2
f 3310/2 3305/2 3306/2
f 3301/2 3302/2 3307/2 3306/2
f 3309/2 3302/2 3301/2
f 3310/2 3306/2 3307/2
f 3302/2 3303/2 3308/2 3307/2
f 3309/2 3303/2 3302/2
f 3310/2 3307/2 3308/2
f 3303/2 3299/2 3304/2 3308/2
f 3309/2 3299/2 3303/2
f 3310/2 3308/2 3304/2
f 3311/2 3312/2 3317/2 3316/2
f 3321/2 3312/2 3311/2
f 3322/2 3316/2 3317/2
f 3312/2 3313/2 3318/2 3317/2
f 3321/2 3313/2 3312/2
f 3322/2 3317/2 3318/2
f 3313/2 3314/2 3319/2 3318/2
f 3321/2 3314/2 3313/2
f 3322/2 3318/2 3319/2
f 3314/2 3315/2 3320/2 3319/2
f 3321/2 3315/2 3314/2
f 3322/2 3319/2 3320/2
f 3315/2 3311/2 3316/2 3320/2
f 3321/2 3311/2 3315/2
f 3322/2 3320/2 3316/2
f 3323/2 3324/2 3329/2 3328/2
f 3333/2 3324/2 3323/2
f 3334/2 3328/2 3329/2
f 3324/2 3325/2 3330/2 3329/2
f 3333/2 3325/2 3324/2
f 3334/2 3329/2 3330/2
f 3325/2 3326/2 3331/2 3330/2
f 3333/2 3326/2 3325/2
f 3334/2 3330/2 3331/2
f 3326/2 3327/2 3332/2 3331/2
f 3333/2 3327/2 3326/2
f 3334/2 3331/2 3332/2
f 3327/2 3323/2 3328/2 3332/2
f 3333/2 3323/2 3327/2
f 3334/2 3332/2 3328/2
f 3345/2 3346/2 3351/2 3350/2
f 3355/2 3346/2 3345/2
f 3356/2 3350/2 3351/2
f 3346/2 3347/2 3352/2 3351/2
f 3355/2 3347/2 3346/2
f 3356/2 3351/2 3352/2
f 3347/2 3348/2 3353/2 3352/2
f 3355/2 3348/2 3347/2
f 3356/2 3352/2 3353/2
f 3348/2 3349/2 3354/2 3353/2
f 3355/2 3349/2 3348/2
f 3356/2 3353/2 3354/2
f 3349/2 3345/2 3350/2 3354/2
f 3355/2 3345/2 3349/2
f 3356/2 3354/2 3350/2
f 3357/2 3358/2 3363/2 3362/2
f 3367/2 3358/2 3357/2
f 3368/2 3362/2 3363/2
f 3358/2 3359/2 3364/2 3363/2
f 3367/2 3359/2 3358/2
f 3368/2 3363/2 3364/2
f 3359/2 3360/2 3365/2 3364/2
f 3367/2 3360/2 3359/2
f 3368/2 3364/2 3365/2
f 3360/2 3361/2 3366/2 3365/2
f 3367/2 3361/2 3360/2
f 3368/2 3365/2 3366/2
f 3361/2 3357/2 3362/2 3366/2
f 3367/2 3357/2 3361/2
f 3368/2 3366/2 3362/2
f 3369/2 3370/2 3375/2 3374/2
f 3379/2 3370/2 3369/2
f 3380/2 3374/2 3375/2
f 3370/2 3371/2 3376/2 3375/2
f 3379/2 3371/2 3370/2
f 3380/2 3375/2 3376/2
f 3371/2 3372/2 3377/2 3376/2
f 3379/2 3372/2 3371/2
f 3380/2 3376/2 3377/2
f 3372/2 3373/2 3378/2 3377/2
f 3379/2 3373/2 3372/2
f 3380/2 3377/2 3378/2
f 3373/2 3369/2 3374/2 3378/2
f 3379/2 3369/2 3373/2
f 3380/2 3378/2 3374/2
f 3381/2 3382/2 3387/2 3386/2
f 3391/2 3382/2 3381/2
f 3392/2 3386/2 3387/2
f 3382/2 3383/2 3388/2 3387/2
f 3391/2 3383/2 3382/2
f 3392/2 3387/2 3388/2
f 3383/2 3384/2 3389/2 3388/2
f 3391/2 3384/2 3383/2
f 3392/2 3388/2 3389/2
f 3384/2 3385/2 3390/2 3389/2
f 3391/2 3385/2 3384/2
f 3392/2 3389/2 3390/2
f 3385/2 3381/2 3386/2 3390/2
f 3391/2 3381/2 3385/2
f 3392/2 3390/2 3386/2
f 3425/2 3426/2 3431/2 3430/2
f 3435/2 3426/2 3425/2
f 3436/2 3430/2 3431/2
f 3426/2 3427/2 3432/2 3431/2
f 3435/2 3427/2 3426/2
f 3436/2 3431/2 3432/2
f 3427/2 3428/2 3433/2 3432/2
f 3435/2 3428/2 3427/2
f 3436/2 3432/2 3433/2
f 3428/2 3429/2 3434/2 3433/2
f 3435/2 3429/2 3428/2
f 3436/2 3433/2 3434/2
f 3429/2 3425/2 3430/2 3434/2
f 3435/2 3425/2 3429/2
f 3436/2 3434/2 3430/2
f 3437/2 3438/2 3443/2 3442/2
f 3447/2 3438/2 3437/2
f 3448/2 3442/2 3443/2
f 3438/2 3439/2 3444/2 3443/2
f 3447/2 3439/2 3438/2
f 3448/2 3443/2 3444/2
f 3439/2 3440/2 3445/2 3444/2
f 3447/2 3440/2 3439/2
f 3448/2 3444/2 3445/2
f 3440/2 3441/2 3446/2 3445/2
f 3447/2 3441/2 3440/2
f 3448/2 3445/2 3446/2
f 3441/2 3437/2 3442/2 3446/2
f 3447/2 3437/2 3441/2
f 3448/2 3446/2 3442/2
f 3449/2 3450/2 3455/2 3454/2
f 3459/2 3450/2 3449/2
f 3460/2 3454/2 3455/2
f 3450/2 3451/2 3456/2 3455/2
f 3459/2 3451/2 3450/2
f 3460/2 3455/2 3456/2
f 3451/2 3452/2 3457/2 3456/2
f 3459/2 3452/2 3451/2
f 3460/2 3456/2 3457/2
f 3452/2 3453/2 3458/2 3457/2
f 3459/2 3453/2 3452/2
f 3460/2 3457/2 3458/2
f 3453/2 3449/2 3454/2 3458/2
f 3459/2 3449/2 3453/2
f 3460/2 3458/2 3454/2
f 3461/2 3462/2 3467/2 3466/2
f 3471/2 3462/2 3461/2
f 3472/2 3466/2 3467/2
f 3462/2 3463/2 3468/2 3467/2
f 3471/2 3463/2 3462/2
f 3472/2 3467/2 3468/2
f 3463/2 3464/2 3469/2 3468/2
f 3471/2 3464/2 3463/2
f 3472/2 3468/2 3469/2
f 3464/2 3465/2 3470/2 3469/2
f 3471/2 3465/2 3464/2
f 3472/2 3469/2 3470/2
f 3465/2 3461/2 3466/2 3470/2
f 3471/2 3461/2 3465/2
f 3472/2 3470/2 3466/2
f 3483/2 3484/2 3489/2 3488/2
f 3493/2 3484/2 3483/2
f 3494/2 3488/2 3489/2
f 3484/2 3485/2 3490/2 3489/2
f 3493/2 3485/2 3484/2
f 3494/2 3489/2 3490/2
f 3485/2 3486/2 3491/2 3490/2
f 3493/2 3486/2 3485/2
f 3494/2 3490/2 3491/2
f 3486/2 3487/2 3492/2 3491/2
f 3493/2 3487/2 3486/2
f 3494/2 3491/2 3492/2
f 3487/2 3483/2 3488/2 3492/2
f 3493/2 3483/2 3487/2
f 3494/2 3492/2 3488/2
f 3495/2 3496/2 3501/2 3500/2
f 3505/2 3496/2 3495/2
f 3506/2 3500/2 3501/2
f 3496/2 3497/2 3502/2 3501/2
f 3505/2 3497/2 3496/2
f 3506/2 3501/2 3502/2
f 3497/2 3498/2 3503/2 3502/2
f 3505/2 3498/2 3497/2
f 3506/2 3502/2 3503/2
f 3498/2 3499/2 3504/2 3503/2
f 3505/2 3499/2 3498/2
f 3506/2 3503/2 3504/2
f 3499/2 3495/2 3500/2 3504/2
f 3505/2 3495/2 3499/2
f 3506/2 3504/2 3500/2
f 3507/2 3508/2 3513/2 3512/2
f 3517/2 3508/2 3507/2
f 3518/2 3512/2 3513/2
f 3508/2 3509/2 3514/2 3513/2
f 3517/2 3509/2 3508/2
f 3518/2 3513/2 3514/2
f 3509/2 3510/2 3515/2 3514/2
f 3517/2 3510/2 3509/2
f 3518/2 3514/2 3515/2
f 3510/2 3511/2 3516/2 3515/2
f 3517/2 3511/2 3510/2
f 3518/2 3515/2 3516/2
f 3511/2 3507/2 3512/2 3516/2
f 3517/2 3507/2 3511/2
f 3518/2 3516/2 3512/2
f 3519/2 3520/2 3525/2 3524/2
f 3529/2 3520/2 3519/2
f 3530/2 3524/2 3525/2
f 3520/2 3521/2 3526/2 3525/2
f 3529/2 3521/2 3520/2
f 3530/2 3525/2 3526/2
f 3521/2 3522/2 3527/2 3526/2
f 3529/2 3522/2 3521/2
f 3530/2 3526/2 3527/2
f 3522/2 3523/2 3528/2 3527/2
f 3529/2 3523/2 3522/2
f 3530/2 3527/2 3528/2
f 3523/2 3519/2 3524/2 3528/2
f 3529/2 3519/2 3523/2
f 3530/2 3528/2 3524/2
f 3541/2 3542/2 3547/2 3546/2
f 3551/2 3542/2 3541/2
f 3552/2 3546/2 3547/2
f 3542/2 3543/2 3548/2 3547/2
f 3551/2 3543/2 3542/2
f 3552/2 3547/2 3548/2
f 3543/2 3544/2 3549/2 3548/2
f 3551/2 3544/2 3543/2
f 3552/2 3548/2 3549/2
f 3544/2 3545/2 3550/2 3549/2
f 3551/2 3545/2 3544/2
f 3552/2 3549/2 3550/2
f 3545/2 3541/2 3546/2 3550/2
f 3551/2 3541/2 3545/2
f 3552/2 3550/2 3546/2
f 3553/2 3554/2 3559/2 3558/2
f 3563/2 3554/2 3553/2
f 3564/2 3558/2 3559/2
f 3554/2 3555/2 3560/2 3559/2
f 3563/2 3555/2 3554/2
f 3564/2 3559/2 3560/2
f 3555/2 3556/2 3561/2 3560/2
f 3563/2 3556/2 3555/2
f 3564/2 3560/2 3561/2
f 3556/2 3557/2 3562/2 3561/2
f 3563/2 3557/2 3556/2
f 3564/2 3561/2 3562/2
f 3557/2 3553/2 3558/2 3562/2
f 3563/2 3553/2 3557/2
f 3564/2 3562/2 3558/2
f 3565/2 3566/2 3571/2 3570/2
f 3575/2 3566/2 3565/2
f 3576/2 3570/2 3571/2
f 3566/2 3567/2 3572/2 3571/2
f 3575/2 3567/2 3566/2
f 3576/2 3571/2 3572/2
f 3567/2 3568/2 3573/2 3572/2
f 3575/2 3568/2 3567/2
f 3576/2 3572/2 3573/2
f 3568/2 3569/2 3574/2 3573/2
f 3575/2 3569/2 3568/2
f 3576/2 3573/2 3574/2
f 3569/2 3565/2 3570/2 3574/2
f 3575/2 3565/2 3569/2
f 3576/2 3574/2 3570/2
f 3577/2 3578/2 3583/2 3582/2
f 3587/2 3578/2 3577/2
f 3588/2 3582/2 3583/2
f 3578/2 3579/2 3584/2 3583/2
f 3587/2 3579/2 3578/2
f 3588/2 3583/2 3584/2
f 3579/2 3580/2 3585/2 3584/2
f 3587/2 3580/2 3579/2
f 3588/2 3584/2 3585/2
f 3580/2 3581/2 3586/2 3585/2
f 3587/2 3581/2 3580/2
f 3588/2 3585/2 3586/2
f 3581/2 3577/2 3582/2 3586/2
f 3587/2 3577/2 3581/2
f 3588/2 3586/2 3582/2
f 3621/2 3622/2 3627/2 3626/2
f 3631/2 3622/2 3621/2
f 3632/2 3626/2 3627/2
f 3622/2 3623/2 3628/2 3627/2
f 3631/2 3623/2 3622/2
f 3632/2 3627/2 3628/2
f 3623/2 3624/2 3629/2 3628/2
f 3631/2 3624/2 3623/2
f 3632/2 3628/2 3629/2
f 3624/2 3625/2 3630/2 3629/2
f 3631/2 3625/2 3624/2
f 3632/2 3629/2 3630/2
f 3625/2 3621/2 3626/2 3630/2
f 3631/2 3621/2 3625/2
f 3632/2 3630/2 3626/2
f 3633/2 3634/2 3639/2 3638/2
f 3643/2 3634/2 3633/2
f 3644/2 3638/2 3639/2
f 3634/2 3635/2 3640/2 3639/2
f 3643/2 3635/2 3634/2
f 3644/2 3639/2 3640/2
f 3635/2 3636/2 3641/2 3640/2
f 3643/2 3636/2 3635/2
f 3644/2 3640/2 3641/2
f 3636/2 3637/2 3642/2 3641/2
f 3643/2 3637/2 3636/2
f 3644/2 3641/2 3642/2
f 3637/2 3633/2 3638/2 3642/2
f 3643/2 3633/2 3637/2
f 3644/2 3642/2 3638/2
f 3645/2 3646/2 3651/2 3650/2
f 3655/2 3646/2 3645/2
f 3656/2 3650/2 3651/2
f 3646/2 3647/2 3652/2 3651/2
f 3655/2 3647/2 3646/2
f 3656/2 3651/2 3652/2
f 3647/2 3648/2 3653/2 3652/2
f 3655/2 3648/2 3647/2
f 3656/2 3652/2 3653/2
f 3648/2 3649/2 3654/2 3653/2
f 3655/2 3649/2 3648/2
f 3656/2 3653/2 3654/2
f 3649/2 3645/2 3650/2 3654/2
f 3655/2 3645/2 3649/2
f 3656/2 3654/2 3650/2
f 3657/2 3658/2 3663/2 3662/2
f 3667/2 3658/2 3657/2
f 3668/2 3662/2 3663/2
f 3658/2 3659/2 3664/2 3663/2
f 3667/2 3659/2 3658/2
f 3668/2 3663/2 3664/2
f 3659/2 3660/2 3665/2 3664/2
f 3667/2 3660/2 3659/2
f 3668/2 3664/2 3665/2
f 3660/2 3661/2 3666/2 3665/2
f 3667/2 3661/2 3660/2
f 3668/2 3665/2 3666/2
f 3661/2 3657/2 3662/2 3666/2
f 3667/2 3657/2 3661/2
f 3668/2 3666/2 3662/2
f 3679/2 3680/2 3685/2 3684/2
f 3689/2 3680/2 3679/2
f 3690/2 3684/2 3685/2
f 3680/2 3681/2 3686/2 3685/2
f 3689/2 3681/2 3680/2
f 3690/2 3685/2 3686/2
f 3681/2 3682/2 3687/2 3686/2
f 3689/2 3682/2 3681/2
f 3690/2 3686/2 3687/2
f 3682/2 3683/2 3688/2 3687/2
f 3689/2 3683/2 3682/2
f 3690/2 3687/2 3688/2
f 3683/2 3679/2 3684/2 3688/2
f 3689/2 3679/2 3683/2
f 3690/2 3688/2 3684/2
f 3691/2 3692/2 3697/2 3696/2
f 3701/2 3692/2 3691/2
f 3702/2 3696/2 3697/2
f 3692/2 3693/2 3698/2 3697/2
f 3701/2 3693/2 3692/2
f 3702/2 3697/2 3698/2
f 3693/2 3694/2 3699/2 3698/2
f 3701/2 3694/2 3693/2
f 3702/2 3698/2 3699/2
f 3694/2 3695/2 3700/2 3699/2
f 3701/2 3695/2 3694/2
f 3702/2 3699/2 3700/2
f 3695/2 3691/2 3696/2 3700/2
f 3701/2 3691/2 3695/2
f 3702/2 3700/2 3696/2
f 3703/2 3704/2 3709/2 3708/2
f 3713/2 3704/2 3703/2
f 3714/2 3708/2 3709/2
f 3704/2 3705/2 3710/2 3709/2
f 3713/2 3705/2 3704/2
f 3714/2 3709/2 3710/2
f 3705/2 3706/2 3711/2 3710/2
f 3713/2 3706/2 3705/2
f 3714/2 3710/2 3711/2
f 3706/2 3707/2 3712/2 3711/2
f 3713/2 3707/2 3706/2
f 3714/2 3711/2 3712/2
f 3707/2 3703/2 3708/2 3712/2
f 3713/2 3703/2 3707/2
f 3714/2 3712/2 3708/2
f 3715/2 3716/2 3721/2 3720/2
f 3725/2 3716/2 3715/2
f 3726/2 3720/2 3721/2
f 3716/2 3717/2 3722/2 3721/2
f 3725/2 3717/2 3716/2
f 3726/2 3721/2 3722/2
f 3717/2 3718/2 3723/2 3722/2
f 3725/2 3718/2 3717/2
f 3726/2 3722/2 3723/2
f 3718/2 3719/2 3724/2 3723/2
f 3725/2 3719/2 3718/2
f 3726/2 3723/2 3724/2
f 3719/2 3715/2 3720/2 3724/2
f 3725/2 3715/2 3719/2
f 3726/2 3724/2 3720/2
f 3737/2 3738/2 3743/2 3742/2
f 3747/2 3738/2 3737/2
f 3748/2 3742/2 3743/2
f 3738/2 3739/2 3744/2 3743/2
f 3747/2 3739/2 3738/2
f 3748/2 3743/2 3744/2
f 3739/2 3740/2 3745/2 3744/2
f 3747/2 3740/2 3739/2
f 3748/2 3744/2 3745/2
f 3740/2 3741/2 3746/2 3745/2
f 3747/2 3741/2 3740/2
f 3748/2 3745/2 3746/2
f 3741/2 3737/2 3742/2 3746/2
f 3747/2 3737/2 3741/2
f 3748/2 3746/2 3742/2
f 3749/2 3750/2 3755/2 3754/2
f 3759/2 3750/2 3749/2
f 3760/2 3754/2 3755/2
f 3750/2 3751/2 3756/2 3755/2
f 3759/2 3751/2 3750/2
f 3760/2 3755/2 3756/2
f 3751/2 3752/2 3757/2 3756/2
f 3759/2 3752/2 3751/2
f 3760/2 3756/2 3757/2
f 3752/2 3753/2 3758/2 3757/2
f 3759/2 3753/2 3752/2
f 3760/2 3757/2 3758/2
f 3753/2 3749/2 3754/2 3758/2
f 3759/2 3749/2 3753/2
f 3760/2 3758/2 3754/2
f 3761/2 3762/2 3767/2 3766/2
f 3771/2 3762/2 3761/2
f 3772/2 3766/2 3767/2
f 3762/2 3763/2 3768/2 3767/2
f 3771/2 3763/2 3762/2
f 3772/2 3767/2 3768/2
f 3763/2 3764/2 3769/2 3768/2
f 3771/2 3764/2 3763/2
f 3772/2 3768/2 3769/2
f 3764/2 3765/2 3770/2 3769/2
f 3771/2 3765/2 3764/2
f 3772/2 3769/2 3770/2
f 3765/2 3761/2 3766/2 3770/2
f 3771/2 3761/2 3765/2
f 3772/2 3770/2 3766/2
f 3773/2 3774/2 3779/2 3778/2
f 3783/2 3774/2 3773/2
f 3784/2 3778/2 3779/2
f 3774/2 3775/2 3780/2 3779/2
f 3783/2 3775/2 3774/2
f 3784/2 3779/2 3780/2
f 3775/2 3776/2 3781/2 3780/2
f 3783/2 3776/2 3775/2
f 3784/2 3780/2 3781/2
f 3776/2 3777/2 3782/2 3781/2
f 3783/2 3777/2 3776/2
f 3784/2 3781/2 3782/2
f 3777/2 3773/2 3778/2 3782/2
f 3783/2 3773/2 3777/2
f 3784/2 3782/2 3778/2
f 3817/2 3818/2 3823/2 3822/2
f 3827/2 3818/2 3817/2
f 3828/2 3822/2 3823/2
f 3818/2 3819/2 3824/2 3823/2
f 3827/2 3819/2 3818/2
f 3828/2 3823/2 3824/2
f 3819/2 3820/2 3825/2 3824/2
f 3827/2 3820/2 3819/2
f 3828/2 3824/2 3825/2
f 3820/2 3821/2 3826/2 3825/2
f 3827/2 3821/2 3820/2
f 3828/2 3825/2 3826/2
f 3821/2 3817/2 3822/2 3826/2
f 3827/2 3817/2 3821/2
f 3828/2 3826/2 3822/2
f 3829/2 3830/2 3835/2 3834/2
f 3839/2 3830/2 3829/2
f 3840/2 3834/2 3835/2
f 3830/2 3831/2 3836/2 3835/2
f 3839/2 3831/2 3830/2
f 3840/2 3835/2 3836/2
f 3831/2 3832/2 3837/2 3836/2
f 3839/2 3832/2 3831/2
f 3840/2 3836/2 3837/2
f 3832/2 3833/2 3838/2 3837/2
f 3839/2 3833/2 3832/2
f 3840/2 3837/2 3838/2
f 3833/2 3829/2 3834/2 3838/2
f 3839/2 3829/2 3833/2
f 3840/2 3838/2 3834/2
f 3841/2 3842/2 3847/2 3846/2
f 3851/2 3842/2 3841/2
f 3852/2 3846/2 3847/2
f 3842/2 3843/2 3848/2 3847/2
f 3851/2 3843/2 3842/2
f 3852/2 3847/2 3848/2
f 3843/2 3844/2 3849/2 3848/2
f 3851/2 3844/2 3843/2
f 3852/2 3848/2 3849/2
f 3844/2 3845/2 3850/2 3849/2
f 3851/2 3845/2 3844/2
f 3852/2 3849/2 3850/2
f 3845/2 3841/2 3846/2 3850/2
f 3851/2 3841/2 3845/2
f 3852/2 3850/2 3846/2
f 3853/2 3854/2 3859/2 3858/2
f 3863/2 3854/2 3853/2
f 3864/2 3858/2 3859/2
f 3854/2 3855/2 3860/2 3859/2
f 3863/2 3855/2 3854/2
f 3864/2 3859/2 3860/2
f 3855/2 3856/2 3861/2 3860/2
f 3863/2 3856/2 3855/2
f 3864/2 3860/2 3861/2
f 3856/2 3857/2 3862/2 3861/2
f 3863/2 3857/2 3856/2
f 3864/2 3861/2 3862/2
f 3857/2 3853/2 3858/2 3862/2
f 3863/2 3853/2 3857/2
f 3864/2 3862/2 3858/2
f 3875/2 3876/2 3881/2 3880/2
f 3885/2 3876/2 3875/2
f 3886/2 3880/2 3881/2
f 3876/2 3877/2 3882/2 3881/2
f 3885/2 3877/2 3876/2
f 3886/2 3881/2 3882/2
f 3877/2 3878/2 3883/2 3882/2
f 3885/2 3878/2 3877/2
f 3886/2 3882/2 3883/2
f 3878/2 3879/2 3884/2 3883/2
f 3885/2 3879/2 3878/2
f 3886/2 3883/2 3884/2
f 3879/2 3875/2 3880/2 3884/2
f 3885/2 3875/2 3879/2
f 3886/2 3884/2 3880/2
f 3887/2 3888/2 3893/2 3892/2
f 3897/2 3888/2 3887/2
f 3898/2 3892/2 3893/2
f 3888/2 3889/2 3894/2 3893/2
f 3897/2 3889/2 3888/2
f 3898/2 3893/2 3894/2
f 3889/2 3890/2 3895/2 3894/2
f 3897/2 3890/2 3889/2
f 3898/2 3894/2 3895/2
f 3890/2 3891/2 3896/2 3895/2
f 3897/2 3891/2 3890/2
f 3898/2 3895/2 3896/2
f 3891/2 3887/2 3892/2 3896/2
f 3897/2 3887/2 3891/2
f 3898/2 3896/2 3892/2
f 3899/2 3900/2 3905/2 3904/2
f 3909/2 3900/2 3899/2
f 3910/2 3904/2 3905/2
f 3900/2 3901/2 3906/2 3905/2
f 3909/2 3901/2 3900/2
f 3910/2 3905/2 3906/2
f 3901/2 3902/2 3907/2 3906/2
f 3909/2 3902/2 3901/2
f 3910/2 3906/2 3907/2
f 3902/2 3903/2 3908/2 3907/2
f 3909/2 3903/2 3902/2
f 3910/2 3907/2 3908/2
f 3903/2 3899/2 3904/2 3908/2
f 3909/2 3899/2 3903/2
f 3910/2 3908/2 3904/2
f 3911/2 3912/2 3917/2 3916/2
f 3921/2 3912/2 3911/2
f 3922/2 3916/2 3917/2
f 3912/2 3913/2 3918/2 3917/2
f 3921/2 3913/2 3912/2
f 3922/2 3917/2 3918/2
f 3913/2 3914/2 3919/2 3918/2
f 3921/2 3914/2 3913/2
f 3922/2 3918/2 3919/2
f 3914/2 3915/2 3920/2 3919/2
f 3921/2 3915/2 3914/2
f 3922/2 3919/2 3920/2
f 3915/2 3911/2 3916/2 3920/2
f 3921/2 3911/2 3915/2
f 3922/2 3920/2 3916/2
f 3933/2 3934/2 3939/2 3938/2
f 3943/2 3934/2 3933/2
f 3944/2 3938/2 3939/2
f 3934/2 3935/2 3940/2 3939/2
f 3943/2 3935/2 3934/2
f 3944/2 3939/2 3940/2
f 3935/2 3936/2 3941/2 3940/2
f 3943/2 3936/2 3935/2
f 3944/2 3940/2 3941/2
f 3936/2 3937/2 3942/2 3941/2
f 3943/2 3937/2 3936/2
f 3944/2 3941/2 3942/2
f 3937/2 3933/2 3938/2 3942/2
f 3943/2 3933/2 3937/2
f 3944/2 3942/2 3938/2
f 3945/2 3946/2 3951/2 3950/2
f 3955/2 3946/2 3945/2
f 3956/2 3950/2 3951/2
f 3946/2 3947/2 3952/2 3951/2
f 3955/2 3947/2 3946/2
f 3956/2 3951/2 3952/2
f 3947/2 3948/2 3953/2 3952/2
f 3955/2 3948/2 3947/2
f 3956/2 3952/2 3953/2
f 3948/2 3949/2 3954/2 3953/2
f 3955/2 3949/2 3948/2
f 3956/2 3953/2 3954/2
f 3949/2 3945/2 3950/2 3954/2
f 3955/2 3945/2 3949/2
f 3956/2 3954/2 3950/2
f 3957/2 3958/2 3963/2 3962/2
f 3967/2 3958/2 3957/2
f 3968/2 3962/2 3963/2
f 3958/2 3959/2 3964/2 3963/2
f 3967/2 3959/2 3958/2
f 3968/2 3963/2 3964/2
f 3959/2 3960/2 3965/2 3964/2
f 3967/2 3960/2 3959/2
f 3968/2 3964/2 3965/2
f 3960/2 3961/2 3966/2 3965/2
f 3967/2 3961/2 3960/2
f 3968/2 3965/2 3966/2
f 3961/2 3957/2 3962/2 3966/2
f 3967/2 3957/2 3961/2
f 3968/2 3966/2 3962/2
f 3969/2 3970/2 3975/2 3974/2
f 3979/2 3970/2 3969/2
f 3980/2 3974/2 3975/2
f 3970/2 3971/2 3976/2 3975/2
f 3979/2 3971/2 3970/2
f 3980/2 3975/2 3976/2
f 3971/2 3972/2 3977/2 3976/2
f 3979/2 3972/2 3971/2
f 3980/2 3976/2 3977/2
f 3972/2 3973/2 3978/2 3977/2
f 3979/2 3973/2 3972/2
f 3980/2 3977/2 3978/2
f 3973/2 3969/2 3974/2 3978/2
f 3979/2 3969/2 3973/2
f 3980/2 3978/2 3974/2
f 4013/2 4014/2 4019/2 4018/2
f 4023/2 4014/2 4013/2
f 4024/2 4018/2 4019/2
f 4014/2 4015/2 4020/2 4019/2
f 4023/2 4015/2 4014/2
f 4024/2 4019/2 4020/2
f 4015/2 4016/2 4021/2 4020/2
f 4023/2 4016/2 4015/2
f 4024/2 4020/2 4021/2
f 4016/2 4017/2 4022/2 4021/2
f 4023/2 4017/2 4016/2
f 4024/2 4021/2 4022/2
f 4017/2 4013/2 4018/2 4022/2
f 4023/2 4013/2 4017/2
f 4024/2 4022/2 4018/2
f 4025/2 4026/2 4031/2 4030/2
f 4035/2 4026/2 4025/2
f 4036/2 4030/2 4031/2
f 4026/2 4027/2 4032/2 4031/2
f 4035/2 4027/2 4026/2
f 4036/2 4031/2 4032/2
f 4027/2 4028/2 4033/2 4032/2
f 4035/2 4028/2 4027/2
f 4036/2 4032/2 4033/2
f 4028/2 4029/2 4034/2 4033/2
f 4035/2 4029/2 4028/2
f 4036/2 4033/2 4034/2
f 4029/2 4025/2 4030/2 4034/2
f 4035/2 4025/2 4029/2
f 4036/2 4034/2 4030/2
f 4037/2 4038/2 4043/2 4042/2
f 4047/2 4038/2 4037/2
f 4048/2 4042/2 4043/2
f 4038/2 4039/2 4044/2 4043/2
f 4047/2 4039/2 4038/2
f 4048/2 4043/2 4044/2
f 4039/2 4040/2 4045/2 4044/2
f 4047/2 4040/2 4039/2
f 4048/2 4044/2 4045/2
f 4040/2 4041/2 4046/2 4045/2
f 4047/2 4041/2 4040/2
f 4048/2 4045/2 4046/2
f 4041/2 4037/2 4042/2 4046/2
f 4047/2 4037/2 4041/2
f 4048/2 4046/2 4042/2
f 4049/2 4050/2 4055/2 4054/2
f 4059/2 4050/2 4049/2
f 4060/2 4054/2 4055/2
f 4050/2 4051/2 4056/2 4055/2
f 4059/2 4051/2 4050/2
f 4060/2 4055/2 4056/2
f 4051/2 4052/2 4057/2 4056/2
f 4059/2 4052/2 4051/2
f 4060/2 4056/2 4057/2
f 4052/2 4053/2 4058/2 4057/2
f 4059/2 4053/2 4052/2
f 4060/2 4057/2 4058/2
f 4053/2 4049/2 4054/2 4058/2
f 4059/2 4049/2 4053/2
f 4060/2 4058/2 4054/2
f 4071/2 4072/2 4077/2 4076/2
f 4081/2 4072/2 4071/2
f 4082/2 4076/2 4077/2
f 4072/2 4073/2 4078/2 4077/2
f 4081/2 4073/2 4072/2
f 4082/2 4077/2 4078/2
f 4073/2 4074/2 4079/2 4078/2
f 4081/2 4074/2 4073/2
f 4082/2 4078/2 4079/2
f 4074/2 4075/2 4080/2 4079/2
f 4081/2 4075/2 4074/2
f 4082/2 4079/2 4080/2
f 4075/2 4071/2 4076/2 4080/2
f 4081/2 4071/2 4075/2
f 4082/2 4080/2 4076/2
f 4083/2 4084/2 4089/2 4088/2
f 4093/2 4084/2 4083/2
f 4094/2 4088/2 4089/2
f 4084/2 4085/2 4090/2 4089/2
f 4093/2 4085/2 4084/2
f 4094/2 4089/2 4090/2
f 4085/2 4086/2 4091/2 4090/2
f 4093/2 4086/2 4085/2
f 4094/2 4090/2 4091/2
f 4086/2 4087/2 4092/2 4091/2
f 4093/2 4087/2 4086/2
f 4094/2 4091/2 4092/2
f 4087/2 4083/2 4088/2 4092/2
f 4093/2 4083/2 4087/2
f 4094/2 4092/2 4088/2
f 4095/2 4096/2 4101/2 4100/2
f 4105/2 4096/2 4095/2
f 4106/2 4100/2 4101/2
f 4096/2 4097/2 4102/2 4101/2
f 4105/2 4097/2 4096/2
f 4106/2 4101/2 4102/2
f 4097/2 4098/2 4103/2 4102/2
f 4105/2 4098/2 4097/2
f 4106/2 4102/2 4103/2
f 4098/2 4099/2 4104/2 4103/2
f 4105/2 4099/2 4098/2
f 4106/2 4103/2 4104/2
f 4099/2 4095/2 4100/2 4104/2
f 4105/2 4095/2 4099/2
f 4106/2 4104/2 4100/2
f 4107/2 4108/2 4113/2 4112/2
f 4117/2 4108/2 4107/2
f 4118/2 4112/2 4113/2
f 4108/2 4109/2 4114/2 4113/2
f 4117/2 4109/2 4108/2
f 4118/2 4113/2 4114/2
f 4109/2 4110/2 4115/2 4114/2
f 4117/2 4110/2 4109/2
f 4118/2 4114/2 4115/2
f 4110/2 4111/2 4116/2 4115/2
f 4117/2 4111/2 4110/2
f 4118/2 4115/2 4116/2
f 4111/2 4107/2 4112/2 4116/2
f 4117/2 4107/2 4111/2
f 4118/2 4116/2 4112/2
f 4129/2 4130/2 4135/2 4134/2
f 4139/2 4130/2 4129/2
f 4140/2 4134/2 4135/2
f 4130/2 4131/2 4136/2 4135/2
f 4139/2 4131/2 4130/2
f 4140/2 4135/2 4136/2
f 4131/2 4132/2 4137/2 4136/2
f 4139/2 4132/2 4131/2
f 4140/2 4136/2 4137/2
f 4132/2 4133/2 4138/2 4137/2
f 4139/2 4133/2 4132/2
f 4140/2 4137/2 4138/2
f 4133/2 4129/2 4134/2 4138/2
f 4139/2 4129/2 4133/2
f 4140/2 4138/2 4134/2
f 4141/2 4142/2 4147/2 4146/2
f 4151/2 4142/2 4141/2
f 4152/2 4146/2 4147/2
f 4142/2 4143/2 4148/2 4147/2
f 4151/2 4143/2 4142/2
f 4152/2 4147/2 4148/2
f 4143/2 4144/2 4149/2 4148/2
f 4151/2 4144/2 4143/2
f 4152/2 4148/2 4149/2
f 4144/2 4145/2 4150/2 4149/2
f 4151/2 4145/2 4144/2
f 4152/2 4149/2 4150/2
f 4145/2 4141/2 4146/2 4150/2
f 4151/2 4141/2 4145/2
f 4152/2 4150/2 4146/2
f 4153/2 4154/2 4159/2 4158/2
f 4163/2 4154/2 4153/2
f 4164/2 4158/2 4159/2
f 4154/2 4155/2 4160/2 4159/2
f 4163/2 4155/2 4154/2
f 4164/2 4159/2 4160/2
f 4155/2 4156/2 4161/2 4160/2
f 4163/2 4156/2 4155/2
f 4164/2 4160/2 4161/2
f 4156/2 4157/2 4162/2 4161/2
f 4163/2 4157/2 4156/2
f 4164/2 4161/2 4162/2
f 4157/2 4153/2 4158/2 4162/2
f 4163/2 4153/2 4157/2
f 4164/2 4162/2 4158/2
f 4165/2 4166/2 4171/2 4170/2
f 4175/2 4166/2 4165/2
f 4176/2 4170/2 4171/2
f 4166/2 4167/2 4172/2 4171/2
f 4175/2 4167/2 4166/2
f 4176/2 4171/2 4172/2
f 4167/2 4168/2 4173/2 4172/2
f 4175/2 4168/2 4167/2
f 4176/2 4172/2 4173/2
f 4168/2 4169/2 4174/2 4173/2
f 4175/2 4169/2 4168/2
f 4176/2 4173/2 4174/2
f 4169/2 4165/2 4170/2 4174/2
f 4175/2 4165/2 4169/2
f 4176/2 4174/2 4170/2
f 4209/2 4210/2 4215/2 4214/2
f 4219/2 4210/2 4209/2
f 4220/2 4214/2 4215/2
f 4210/2 4211/2 4216/2 4215/2
f 4219/2 4211/2 4210/2
f 4220/2 4215/2 4216/2
f 4211/2 4212/2 4217/2 4216/2
f 4219/2 4212/2 4211/2
f 4220/2 4216/2 4217/2
f 4212/2 4213/2 4218/2 4217/2
f 4219/2 4213/2 4212/2
f 4220/2 4217/2 4218/2
f 4213/2 4209/2 4214/2 4218/2
f 4219/2 4209/2 4213/2
f 4220/2 4218/2 4214/2
f 4221/2 4222/2 4227/2 4226/2
f 4231/2 4222/2 4221/2
f 4232/2 4226/2 4227/2
f 4222/2 4223/2 4228/2 4227/2
f 4231/2 4223/2 4222/2
f 4232/2 4227/2 4228/2
f 4223/2 4224/2 4229/2 4228/2
f 4231/2 4224/2 4223/2
f 4232/2 4228/2 4229/2
f 4224/2 4225/2 4230/2 4229/2
f 4231/2 4225/2 4224/2
f 4232/2 4229/2 4230/2
f 4225/2 4221/2 4226/2 4230/2
f 4231/2 4221/2 4225/2
f 4232/2 4230/2 4226/2
f 4233/2 4234/2 4239/2 4238/2
f 4243/2 4234/2 4233/2
f 4244/2 4238/2 4239/2
f 4234/2 4235/2 4240/2 4239/2
f 4243/2 4235/2 4234/2
f 4244/2 4239/2 4240/2
f 4235/2 4236/2 4241/2 4240/2
f 4243/2 4236/2 4235/2
f 4244/2 4240/2 4241/2
f 4236/2 4237/2 4242/2 4241/2
f 4243/2 4237/2 4236/2
f 4244/2 4241/2 4242/2
f 4237/2 4233/2 4238/2 4242/2
f 4243/2 4233/2 4237/2
f 4244/2 4242/2 4238/2
f 4245/2 4246/2 4251/2 4250/2
f 4255/2 4246/2 4245/2
f 4256/2 4250/2 4251/2
f 4246/2 4247/2 4252/2 4251/2
f 4255/2 4247/2 4246/2
f 4256/2 4251/2 4252/2
f 4247/2 4248/2 4253/2 4252/2
f 4255/2 4248/2 4247/2
f 4256/2 4252/2 4253/2
f 4248/2 4249/2 4254/2 4253/2
f 4255/2 4249/2 4248/2
f 4256/2 4253/2 4254/2
f 4249/2 4245/2 4250/2 4254/2
f 4255/2 4245/2 4249/2
f 4256/2 4254/2 4250/2
f 4267/2 4268/2 4273/2 4272/2
f 4277/2 4268/2 4267/2
f 4278/2 4272/2 4273/2
f 4268/2 4269/2 4274/2 4273/2
f 4277/2 4269/2 4268/2
f 4278/2 4273/2 4274/2
f 4269/2 4270/2 4275/2 4274/2
f 4277/2 4270/2 4269/2
f 4278/2 4274/2 4275/2
f 4270/2 4271/2 4276/2 4275/2
f 4277/2 4271/2 4270/2
f 4278/2 4275/2 4276/2
f 4271/2 4267/2 4272/2 4276/2
f 4277/2 4267/2 4271/2
f 4278/2 4276/2 4272/2
f 4279/2 4280/2 4285/2 4284/2
f 4289/2 4280/2 4279/2
f 4290/2 4284/2 4285/2
f 4280/2 4281/2 4286/2 4285/2
f 4289/2 4281/2 4280/2
f 4290/2 4285/2 4286/2
f 4281/2 4282/2 4287/2 4286/2
f 4289/2 4282/2 4281/2
f 4290/2 4286/2 4287/2
f 4282/2 4283/2 4288/2 4287/2
f 4289/2 4283/2 4282/2
f 4290/2 4287/2 4288/2
f 4283/2 4279/2 4284/2 4288/2
f 4289/2 4279/2 4283/2
f 4290/2 4288/2 4284/2
f 4291/2 4292/2 4297/2 4296/2
f 4301/2 4292/2 4291/2
f 4302/2 4296/2 4297/2
f 4292/2 4293/2 4298/2 4297/2
f 4301/2 4293/2 4292/2
f 4302/2 4297/2 4298/2
f 4293/2 4294/2 4299/2 4298/2
f 4301/2 4294/2 4293/2
f 4302/2 4298/2 4299/2
f 4294/2 4295/2 4300/2 4299/2
f 4301/2 4295/2 4294/2
f 4302/2 4299/2 4300/2
f 4295/2 4291/2 4296/2 4300/2
f 4301/2 4291/2 4295/2
f 4302/2 4300/2 4296/2
f 4303/2 4304/2 4309/2 4308/2
f 4313/2 4304/2 4303/2
f 4314/2 4308/2 4309/2
f 4304/2 4305/2 4310/2 4309/2
f 4313/2 4305/2 4304/2
f 4314/2 4309/2 4310/2
f 4305/2 4306/2 4311/2 4310/2
f 4313/2 4306/2 4305/2
f 4314/2 4310/2 4311/2
f 4306/2 4307/2 4312/2 4311/2
f 4313/2 4307/2 4306/2
f 4314/2 4311/2 4312/2
f 4307/2 4303/2 4308/2 4312/2
f 4313/2 4303/2 4307/2
f 4314/2 4312/2 4308/2
f 4325/2 4326/2 4331/2 4330/2
f 4335/2 4326/2 4325/2
f 4336/2 4330/2 4331/2
f 4326/2 4327/2 4332/2 4331/2
f 4335/2 4327/2 4326/2
f 4336/2 4331/2 4332/2
f 4327/2 4328/2 4333/2 4332/2
f 4335/2 4328/2 4327/2
f 4336/2 4332/2 4333/2
f 4328/2 4329/2 4334/2 4333/2
f 4335/2 4329/2 4328/2
f 4336/2 4333/2 4334/2
f 4329/2 4325/2 4330/2 4334/2
f 4335/2 4325/2 4329/2
f 4336/2 4334/2 4330/2
f 4337/2 4338/2 4343/2 4342/2
f 4347/2 4338/2 4337/2
f 4348/2 4342/2 4343/2
f 4338/2 4339/2 4344/2 4343/2
f 4347/2 4339/2 4338/2
f 4348/2 4343/2 4344/2
f 4339/2 4340/2 4345/2 4344/2
f 4347/2 4340/2 4339/2
f 4348/2 4344/2 4345/2
f 4340/2 4341/2 4346/2 4345/2
f 4347/2 4341/2 4340/2
f 4348/2 4345/2 4346/2
f 4341/2 4337/2 4342/2 4346/2
f 4347/2 4337/2 4341/2
f 4348/2 4346/2 4342/2
f 4349/2 4350/2 4355/2 4354/2
f 4359/2 4350/2 4349/2
f 4360/2 4354/2 4355/2
f 4350/2 4351/2 4356/2 4355/2
f 4359/2 4351/2 4350/2
f 4360/2 4355/2 4356/2
f 4351/2 4352/2 4357/2 4356/2
f 4359/2 4352/2 4351/2
f 4360/2 4356/2 4357/2
f 4352/2 4353/2 4358/2 4357/2
f 4359/2 4353/2 4352/2
f 4360/2 4357/2 4358/2
f 4353/2 4349/2 4354/2 4358/2
f 4359/2 4349/2 4353/2
f 4360/2 4358/2 4354/2
f 4361/2 4362/2 4367/2 4366/2
f 4371/2 4362/2 4361/2
f 4372/2 4366/2 4367/2
f 4362/2 4363/2 4368/2 4367/2
f 4371/2 4363/2 4362/2
f 4372/2 4367/2 4368/2
f 4363/2 4364/2 4369/2 4368/2
f 4371/2 4364/2 4363/2
f 4372/2 4368/2 4369/2
f 4364/2 4365/2 4370/2 4369/2
f 4371/2 4365/2 4364/2
f 4372/2 4369/2 4370/2
f 4365/2 4361/2 4366/2 4370/2
f 4371/2 4361/2 4365/2
f 4372/2 4370/2 4366/2
f 4405/2 4406/2 4411/2 4410/2
f 4415/2 4406/2 4405/2
f 4416/2 4410/2 4411/2
f 4406/2 4407/2 4412/2 4411/2
f 4415/2 4407/2 4406/2
f 4416/2 4411/2 4412/2
f 4407/2 4408/2 4413/2 4412/2
f 4415/2 4408/2 4407/2
f 4416/2 4412/2 4413/2
f 4408/2 4409/2 4414/2 4413/2
f 4415/2 4409/2 4408/2
f 4416/2 4413/2 4414/2
f 4409/2 4405/2 4410/2 4414/2
f 4415/2 4405/2 4409/2
f 4416/2 4414/2 4410/2
f 4417/2 4418/2 4423/2 4422/2
f 4427/2 4418/2 4417/2
f 4428/2 4422/2 4423/2
f 4418/2 4419/2 4424/2 4423/2
f 4427/2 4419/2 4418/2
f 4428/2 4423/2 4424/2
f 4419/2 4420/2 4425/2 4424/2
f 4427/2 4420/2 4419/2
f 4428/2 4424/2 4425/2
f 4420/2 4421/2 4426/2 4425/2
f 4427/2 4421/2 4420/2
f 4428/2 4425/2 4426/2
f 4421/2 4417/2 4422/2 4426/2
f 4427/2 4417/2 4421/2
f 4428/2 4426/2 4422/2
f 4429/2 4430/2 4435/2 4434/2
f 4439/2 4430/2 4429/2
f 4440/2 4434/2 4435/2
f 4430/2 4431/2 4436/2 4435/2
f 4439/2 4431/2 4430/2
f 4440/2 4435/2 4436/2
f 4431/2 4432/2 4437/2 4436/2
f 4439/2 4432/2 4431/2
f 4440/2 4436/2 4437/2
f 4432/2 4433/2 4438/2 4437/2
f 4439/2 4433/2 4432/2
f 4440/2 4437/2 4438/2
f 4433/2 4429/2 4434/2 4438/2
f 4439/2 4429/2 4433/2
f 4440/2 4438/2 4434/2
f 4441/2 4442/2 4447/2 4446/2
f 4451/2 4442/2 4441/2
f 4452/2 4446/2 4447/2
f 4442/2 4443/2 4448/2 4447/2
f 4451/2 4443/2 4442/2
f 4452/2 4447/2 4448/2
f 4443/2 4444/2 4449/2 4448/2
f 4451/2 4444/2 4443/2
f 4452/2 4448/2 4449/2
f 4444/2 4445/2 4450/2 4449/2
f 4451/2 4445/2 4444/2
f 4452/2 4449/2 4450/2
f 4445/2 4441/2 4446/2 4450/2
f 4451/2 4441/2 4445/2
f 4452/2 4450/2 4446/2
f 4463/2 4464/2 4469/2 4468/2
f 4473/2 4464/2 4463/2
f 4474/2 4468/2 4469/2
f 4464/2 4465/2 4470/2 4469/2
f 4473/2 4465/2 4464/2
f 4474/2 4469/2 4470/2
f 4465/2 4466/2 4471/2 4470/2
f 4473/2 4466/2 4465/2
f 4474/2 4470/2 4471/2
f 4466/2 4467/2 4472/2 4471/2
f 4473/2 4467/2 4466/2
f 4474/2 4471/2 4472/2
f 4467/2 4463/2 4468/2 4472/2
f 4473/2 4463/2 4467/2
f 4474/2 4472/2 4468/2
f 4475/2 4476/2 4481/2 4480/2
f 4485/2 4476/2 4475/2
f 4486/2 4480/2 4481/2
f 4476/2 4477/2 4482/2 4481/2
f 4485/2 4477/2 4476/2
f 4486/2 4481/2 4482/2
f 4477/2 4478/2 4483/2 4482/2
f 4485/2 4478/2 4477/2
f 4486/2 4482/2 4483/2
f 4478/2 4479/2 4484/2 4483/2
f 4485/2 4479/2 4478/2
f 4486/2 4483/2 4484/2
f 4479/2 4475/2 4480/2 4484/2
f 4485/2 4475/2 4479/2
f 4486/2 4484/2 4480/2
f 4487/2 4488/2 4493/2 4492/2
f 4497/2 4488/2 4487/2
f 4498/2 4492/2 4493/2
f 4488/2 4489/2 4494/2 4493/2
f 4497/2 4489/2 4488/2
f 4498/2 4493/2 4494/2
f 4489/2 4490/2 4495/2 4494/2
f 4497/2 4490/2 4489/2
f 4498/2 4494/2 4495/2
f 4490/2 4491/2 4496/2 4495/2
f 4497/2 4491/2 4490/2
f 4498/2 4495/2 4496/2
f 4491/2 4487/2 4492/2 4496/2
f 4497/2 4487/2 4491/2
f 4498/2 4496/2 4492/2
f 4499/2 4500/2 4505/2 4504/2
f 4509/2 4500/2 4499/2
f 4510/2 4504/2 4505/2
f 4500/2 4501/2 4506/2 4505/2
f 4509/2 4501/2 4500/2
f 4510/2 4505/2 4506/2
f 4501/2 4502/2 4507/2 4506/2
f 4509/2 4502/2 4501/2
f 4510/2 4506/2 4507/2
f 4502/2 4503/2 4508/2 4507/2
f 4509/2 4503/2 4502/2
f 4510/2 4507/2 4508/2
f 4503/2 4499/2 4504/2 4508/2
f 4509/2 4499/2 4503/2
f 4510/2 4508/2 4504/2
f 4521/2 4522/2 4527/2 4526/2
f 4531/2 4522/2 4521/2
f 4532/2 4526/2 4527/2
f 4522/2 4523/2 4528/2 4527/2
f 4531/2 4523/2 4522/2
f 4532/2 4527/2 4528/2
f 4523/2 4524/2 4529/2 4528/2
f 4531/2 4524/2 4523/2
f 4532/2 4528/2 4529/2
f 4524/2 4525/2 4530/2 4529/2
f 4531/2 4525/2 4524/2
f 4532/2 4529/2 4530/2
f 4525/2 4521/2 4526/2 4530/2
f 4531/2 4521/2 4525/2
f 4532/2 4530/2 4526/2
f 4533/2 4534/2 4539/2 4538/2
f 4543/2 4534/2 4533/2
f 4544/2 4538/2 4539/2
f 4534/2 4535/2 4540/2 4539/2
f 4543/2 4535/2 4534/2
f 4544/2 4539/2 4540/2
f 4535/2 4536/2 4541/2 4540/2
f 4543/2 4536/2 4535/2
f 4544/2 4540/2 4541/2
f 4536/2 4537/2 4542/2 4541/2
f 4543/2 4537/2 4536/2
f 4544/2 4541/2 4542/2
f 4537/2 4533/2 4538/2 4542/2
f 4543/2 4533/2 4537/2
f 4544/2 4542/2 4538/2
f 4545/2 4546/2 4551/2 4550/2
f 4555/2 4546/2 4545/2
f 4556/2 4550/2 4551/2
f 4546/2 4547/2 4552/2 4551/2
f 4555/2 4547/2 4546/2
f 4556/2 4551/2 4552/2
f 4547/2 4548/2 4553/2 4552/2
f 4555/2 4548/2 4547/2
f 4556/2 4552/2 4553/2
f 4548/2 4549/2 4554/2 4553/2
f 4555/2 4549/2 4548/2
f 4556/2 4553/2 4554/2
f 4549/2 4545/2 4550/2 4554/2
f 4555/2 4545/2 4549/2
f 4556/2 4554/2 4550/2
f 4557/2 4558/2 4563/2 4562/2
f 4567/2 4558/2 4557/2
f 4568/2 4562/2 4563/2
f 4558/2 4559/2 4564/2 4563/2
f 4567/2 4559/2 4558/2
f 4568/2 4563/2 4564/2
f 4559/2 4560/2 4565/2 4564/2
f 4567/2 4560/2 4559/2
f 4568/2 4564/2 4565/2
f 4560/2 4561/2 4566/2 4565/2
f 4567/2 4561/2 4560/2
f 4568/2 4565/2 4566/2
f 4561/2 4557/2 4562/2 4566/2
f 4567/2 4557/2 4561/2
f 4568/2 4566/2 4562/2
f 4601/2 4602/2 4607/2 4606/2
f 4611/2 4602/2 4601/2
f 4612/2 4606/2 4607/2
f 4602/2 4603/2 4608/2 4607/2
f 4611/2 4603/2 4602/2
f 4612/2 4607/2 4608/2
f 4603/2 4604/2 4609/2 4608/2
f 4611/2 4604/2 4603/2
f 4612/2 4608/2 4609/2
f 4604/2 4605/2 4610/2 4609/2
f 4611/2 4605/2 4604/2
f 4612/2 4609/2 4610/2
f 4605/2 4601/2 4606/2 4610/2
f 4611/2 4601/2 4605/2
f 4612/2 4610/2 4606/2
f 4613/2 4614/2 4619/2 4618/2
f 4623/2 4614/2 4613/2
f 4624/2 4618/2 4619/2
f 4614/2 4615/2 4620/2 4619/2
f 4623/2 4615/2 4614/2
f 4624/2 4619/2 4620/2
f 4615/2 4616/2 4621/2 4620/2
f 4623/2 4616/2 4615/2
f 4624/2 4620/2 4621/2
f 4616/2 4617/2 4622/2 4621/2
f 4623/2 4617/2 4616/2
f 4624/2 4621/2 4622/2
f 4617/2 4613/2 4618/2 4622/2
f 4623/2 4613/2 4617/2
f 4624/2 4622/2 4618/2
f 4625/2 4626/2 4631/2 4630/2
f 4635/2 4626/2 4625/2
f 4636/2 4630/2 4631/2
f 4626/2 4627/2 4632/2 4631/2
f 4635/2 4627/2 4626/2
f 4636/2 4631/2 4632/2
f 4627/2 4628/2 4633/2 4632/2
f 4635/2 4628/2 4627/2
f 4636/2 4632/2 4633/2
f 4628/2 4629/2 4634/2 4633/2
f 4635/2 4629/2 4628/2
f 4636/2 4633/2 4634/2
f 4629/2 4625/2 4630/2 4634/2
f 4635/2 4625/2 4629/2
f 4636/2 4634/2 4630/2
f 4637/2 4638/2 4643/2 4642/2
f 4647/2 4638/2 4637/2
f 4648/2 4642/2 4643/2
f 4638/2 4639/2 4644/2 4643/2
f 4647/2 4639/2 4638/2
f 4648/2 4643/2 4644/2
f 4639/2 4640/2 4645/2 4644/2
f 4647/2 4640/2 4639/2
f 4648/2 4644/2 4645/2
f 4640/2 4641/2 4646/2 4645/2
f 4647/2 4641/2 4640/2
f 4648/2 4645/2 4646/2
f 4641/2 4637/2 4642/2 4646/2
f 4647/2 4637/2 4641/2
f 4648/2 4646/2 4642/2
f 4659/2 4660/2 4665/2 4664/2
f 4669/2 4660/2 4659/2
f 4670/2 4664/2 4665/2
f 4660/2 4661/2 4666/2 4665/2
f 4669/2 4661/2 4660/2
f 4670/2 4665/2 4666/2
f 4661/2 4662/2 4667/2 4666/2
f 4669/2 4662/2 4661/2
f 4670/2 4666/2 4667/2
f 4662/2 4663/2 4668/2 4667/2
f 4669/2 4663/2 4662/2
f 4670/2 4667/2 4668/2
f 4663/2 4659/2 4664/2 4668/2
f 4669/2 4659/2 4663/2
f 4670/2 4668/2 4664/2
f 4671/2 4672/2 4677/2 4676/2
f 4681/2 4672/2 4671/2
f 4682/2 4676/2 4677/2
f 4672/2 4673/2 4678/2 4677/2
f 4681/2 4673/2 4672/2
f 4682/2 4677/2 4678/2
f 4673/2 4674/2 4679/2 4678/2
f 4681/2 4674/2 4673/2
f 4682/2 4678/2 4679/2
f 4674/2 4675/2 4680/2 4679/2
f 4681/2 4675/2 4674/2
f 4682/2 4679/2 4680/2
f 4675/2 4671/2 4676/2 4680/2
f 4681/2 4671/2 4675/2
f 4682/2 4680/2 4676/2
f 4683/2 4684/2 4689/2 4688/2
f 4693/2 4684/2 4683/2
f 4694/2 4688/2 4689/2
f 4684/2 4685/2 4690/2 4689/2
f 4693/2 4685/2 4684/2
f 4694/2 4689/2 4690/2
f 4685/2 4686/2 4691/2 4690/2
f 4693/2 4686/2 4685/2
f 4694/2 4690/2 4691/2
f 4686/2 4687/2 4692/2 4691/2
f 4693/2 4687/2 4686/2
f 4694/2 4691/2 4692/2
f 4687/2 4683/2 4688/2 4692/2
f 4693/2 4683/2 4687/2
f 4694/2 4692/2 4688/2
f 4695/2 4696/2 4701/2 4700/2
f 4705/2 4696/2 4695/2
f 4706/2 4700/2 4701/2
f 4696/2 4697/2 4702/2 4701/2
f 4705/2 4697/2 4696/2
f 4706/2 4701/2 4702/2
f 4697/2 4698/2 4703/2 4702/2
f 4705/2 4698/2 4697/2
f 4706/2 4702/2 4703/2
f 4698/2 4699/2 4704/2 4703/2
f 4705/2 4699/2 4698/2
f 4706/2 4703/2 4704/2
f 4699/2 4695/2 4700/2 4704/2
f 4705/2 4695/2 4699/2
f 4706/2 4704/2 4700/2
f 4717/2 4718/2 4723/2 4722/2
f 4727/2 4718/2 4717/2
f 4728/2 4722/2 4723/2
f 4718/2 4719/2 4724/2 4723/2
f 4727/2 4719/2 4718/2
f 4728/2 4723/2 4724/2
f 4719/2 4720/2 4725/2 4724/2
f 4727/2 4720/2 4719/2
f 4728/2 4724/2 4725/2
f 4720/2 4721/2 4726/2 4725/2
f 4727/2 4721/2 4720/2
f 4728/2 4725/2 4726/2
f 4721/2 4717/2 4722/2 4726/2
f 4727/2 4717/2 4721/2
f 4728/2 4726/2 4722/2
f 4729/2 4730/2 4735/2 4734/2
f 4739/2 4730/2 4729/2
f 4740/2 4734/2 4735/2
f 4730/2 4731/2 4736/2 4735/2
f 4739/2 4731/2 4730/2
f 4740/2 4735/2 4736/2
f 4731/2 4732/2 4737/2 4736/2
f 4739/2 4732/2 4731/2
f 4740/2 4736/2 4737/2
f 4732/2 4733/2 4738/2 4737/2
f 4739/2 4733/2 4732/2
f 4740/2 4737/2 4738/2
f 4733/2 4729/2 4734/2 4738/2
f 4739/2 4729/2 4733/2
f 4740/2 4738/2 4734/2
f 4741/2 4742/2 4747/2 4746/2
f 4751/2 4742/2 4741/2
f 4752/2 4746/2 4747/2
f 4742/2 4743/2 4748/2 4747/2
f 4751/2 4743/2 4742/2
f 4752/2 4747/2 4748/2
f 4743/2 4744/2 4749/2 4748/2
f 4751/2 4744/2 4743/2
f 4752/2 4748/2 4749/2
f 4744/2 4745/2 4750/2 4749/2
f 4751/2 4745/2 4744/2
f 4752/2 4749/2 4750/2
f 4745/2 4741/2 4746/2 4750/2
f 4751/2 4741/2 4745/2
f 4752/2 4750/2 4746/2
f 4753/2 4754/2 4759/2 4758/2
f 4763/2 4754/2 4753/2
f 4764/2 4758/2 4759/2
f 4754/2 4755/2 4760/2 4759/2
f 4763/2 4755/2 4754/2
f 4764/2 4759/2 4760/2
f 4755/2 4756/2 4761/2 4760/2
f 4763/2 4756/2 4755/2
f 4764/2 4760/2 4761/2
f 4756/2 4757/2 4762/2 4761/2
f 4763/2 4757/2 4756/2
f 4764/2 4761/2 4762/2
f 4757/2 4753/2 4758/2 4762/2
f 4763/2 4753/2 4757/2
f 4764/2 4762/2 4758/2
f 4797/2 4798/2 4803/2 4802/2
f 4807/2 4798/2 4797/2
f 4808/2 4802/2 4803/2
f 4798/2 4799/2 4804/2 4803/2
f 4807/2 4799/2 4798/2
f 4808/2 4803/2 4804/2
f 4799/2 4800/2 4805/2 4804/2
f 4807/2 4800/2 4799/2
f 4808/2 4804/2 4805/2
f 4800/2 4801/2 4806/2 4805/2
f 4807/2 4801/2 4800/2
f 4808/2 4805/2 4806/2
f 4801/2 4797/2 4802/2 4806/2
f 4807/2 4797/2 4801/2
f 4808/2 4806/2 4802/2
f 4809/2 4810/2 4815/2 4814/2
f 4819/2 4810/2 4809/2
f 4820/2 4814/2 4815/2
f 4810/2 4811/2 4816/2 4815/2
f 4819/2 4811/2 4810/2
f 4820/2 4815/2 4816/2
f 4811/2 4812/2 4817/2 4816/2
f 4819/2 4812/2 4811/2
f 4820/2 4816/2 4817/2
f 4812/2 4813/2 4818/2 4817/2
f 4819/2 4813/2 4812/2
f 4820/2 4817/2 4818/2
f 4813/2 4809/2 4814/2 4818/2
f 4819/2 4809/2 4813/2
f 4820/2 4818/2 4814/2
f 4821/2 4822/2 4827/2 4826/2
f 4831/2 4822/2 4821/2
f 4832/2 4826/2 4827/2
f 4822/2 4823/2 4828/2 4827/2
f 4831/2 4823/2 4822/2
f 4832/2 4827/2 4828/2
f 4823/2 4824/2 4829/2 4828/2
f 4831/2 4824/2 4823/2
f 4832/2 4828/2 4829/2
f 4824/2 4825/2 4830/2 4829/2
f 4831/2 4825/2 4824/2
f 4832/2 4829/2 4830/2
f 4825/2 4821/2 4826/2 4830/2
f 4831/2 4821/2 4825/2
f 4832/2 4830/2 4826/2
f 4833/2 4834/2 4839/2 4838/2
f 4843/2 4834/2 4833/2
f 4844/2 4838/2 4839/2
f 4834/2 4835/2 4840/2 4839/2
f 4843/2 4835/2 4834/2
f 4844/2 4839/2 4840/2
f 4835/2 4836/2 4841/2 4840/2
f 4843/2 4836/2 4835/2
f 4844/2 4840/2 4841/2
f 4836/2 4837/2 4842/2 4841/2
f 4843/2 4837/2 4836/2
f 4844/2 4841/2 4842/2
f 4837/2 4833/2 4838/2 4842/2
f 4843/2 4833/2 4837/2
f 4844/2 4842/2 4838/2
f 4855/2 4856/2 4861/2 4860/2
f 4865/2 4856/2 4855/2
f 4866/2 4860/2 4861/2
f 4856/2 4857/2 4862/2 4861/2
f 4865/2 4857/2 4856/2
f 4866/2 4861/2 4862/2
f 4857/2 4858/2 4863/2 4862/2
f 4865/2 4858/2 4857/2
f 4866/2 4862/2 4863/2
f 4858/2 4859/2 4864/2 4863/2
f 4865/2 4859/2 4858/2
f 4866/2 4863/2 4864/2
f 4859/2 4855/2 4860/2 4864/2
f 4865/2 4855/2 4859/2
f 4866/2 4864/2 4860/2
f 4867/2 4868/2 4873/2 4872/2
f 4877/2 4868/2 4867/2
f 4878/2 4872/2 4873/2
f 4868/2 4869/2 4874/2 4873/2
f 4877/2 4869/2 4868/2
f 4878/2 4873/2 4874/2
f 4869/2 4870/2 4875/2 4874/2
f 4877/2 4870/2 4869/2
f 4878/2 4874/2 4875/2
f 4870/2 4871/2 4876/2 4875/2
f 4877/2 4871/2 4870/2
f 4878/2 4875/2 4876/2
f 4871/2 4867/2 4872/2 4876/2
f 4877/2 4867/2 4871/2
f 4878/2 4876/2 4872/2
f 4879/2 4880/2 4885/2 4884/2
f 4889/2 4880/2 4879/2
f 4890/2 4884/2 4885/2
f 4880/2 4881/2 4886/2 4885/2
f 4889/2 4881/2 4880/2
f 4890/2 4885/2 4886/2
f 4881/2 4882/2 4887/2 4886/2
f 4889/2 4882/2 4881/2
f 4890/2 4886/2 4887/2
f 4882/2 4883/2 4888/2 4887/2
f 4889/2 4883/2 4882/2
f 4890/2 4887/2 4888/2
f 4883/2 4879/2 4884/2 4888/2
f 4889/2 4879/2 4883/2
f 4890/2 4888/2 4884/2
f 4891/2 4892/2 4897/2 4896/2
f 4901/2 4892/2 4891/2
f 4902/2 4896/2 4897/2
f 4892/2 4893/2 4898/2 4897/2
f 4901/2 4893/2 4892/2
f 4902/2 4897/2 4898/2
f 4893/2 4894/2 4899/2 4898/2
f 4901/2 4894/2 4893/2
f 4902/2 4898/2 4899/2
f 4894/2 4895/2 4900/2 4899/2
f 4901/2 4895/2 4894/2
f 4902/2 4899/2 4900/2
f 4895/2 4891/2 4896/2 4900/2
f 4901/2 4891/2 4895/2
f 4902/2 4900/2 4896/2
f 4913/2 4914/2 4919/2 4918/2
f 4923/2 4914/2 4913/2
f 4924/2 4918/2 4919/2
f 4914/2 4915/2 4920/2 4919/2
f 4923/2 4915/2 4914/2
f 4924/2 4919/2 4920/2
f 4915/2 4916/2 4921/2 4920/2
f 4923/2 4916/2 4915/2
f 4924/2 4920/2 4921/2
f 4916/2 4917/2 4922/2 4921/2
f 4923/2 4917/2 4916/2
f 4924/2 4921/2 4922/2
f 4917/2 4913/2 4918/2 4922/2
f 4923/2 4913/2 4917/2
f 4924/2 4922/2 4918/2
f 4925/2 4926/2 4931/2 4930/2
f 4935/2 4926/2 4925/2
f 4936/2 4930/2 4931/2
f 4926/2 4927/2 4932/2 4931/2
f 4935/2 4927/2 4926/2
f 4936/2 4931/2 4932/2
f 4927/2 4928/2 4933/2 4932/2
f 4935/2 4928/2 4927/2
f 4936/2 4932/2 4933/2
f 4928/2 4929/2 4934/2 4933/2
f 4935/2 4929/2 4928/2
f 4936/2 4933/2 4934/2
f 4929/2 4925/2 4930/2 4934/2
f 4935/2 4925/2 4929/2
f 4936/2 4934/2 4930/2
f 4937/2 4938/2 4943/2 4942/2
f 4947/2 4938/2 4937/2
f 4948/2 4942/2 4943/2
f 4938/2 4939/2 4944/2 4943/2
f 4947/2 4939/2 4938/2
f 4948/2 4943/2 4944/2
f 4939/2 4940/2 4945/2 4944/2
f 4947/2 4940/2 4939/2
f 4948/2 4944/2 4945/2
f 4940/2 4941/2 4946/2 4945/2
f 4947/2 4941/2 4940/2
f 4948/2 4945/2 4946/2
f 4941/2 4937/2 4942/2 4946/2
f 4947/2 4937/2 4941/2
f 4948/2 4946/2 4942/2
f 4949/2 4950/2 4955/2 4954/2
f 4959/2 4950/2 4949/2
f 4960/2 4954/2 4955/2
f 4950/2 4951/2 4956/2 4955/2
f 4959/2 4951/2 4950/2
f 4960/2 4955/2 4956/2
f 4951/2 4952/2 4957/2 4956/2
f 4959/2 4952/2 4951/2
f 4960/2 4956/2 4957/2
f 4952/2 4953/2 4958/2 4957/2
f 4959/2 4953/2 4952/2
f 4960/2 4957/2 4958/2
f 4953/2 4949/2 4954/2 4958/2
f 4959/2 4949/2 4953/2
f 4960/2 4958/2 4954/2
f 4971/2 4972/2 4977/2 4976/2
f 4981/2 4972/2 4971/2
f 4982/2 4976/2 4977/2
f 4972/2 4973/2 4978/2 4977/2
f 4981/2 4973/2 4972/2
f 4982/2 4977/2 4978/2
f 4973/2 4974/2 4979/2 4978/2
f 4981/2 4974/2 4973/2
f 4982/2 4978/2 4979/2
f 4974/2 4975/2 4980/2 4979/2
f 4981/2 4975/2 4974/2
f 4982/2 4979/2 4980/2
f 4975/2 4971/2 4976/2 4980/2
f 4981/2 4971/2 4975/2
f 4982/2 4980/2 4976/2
f 4983/2 4984/2 4989/2 4988/2
f 4993/2 4984/2 4983/2
f 4994/2 4988/2 4989/2
f 4984/2 4985/2 4990/2 4989/2
f 4993/2 4985/2 4984/2
f 4994/2 4989/2 4990/2
f 4985/2 4986/2 4991/2 4990/2
f 4993/2 4986/2 4985/2
f 4994/2 4990/2 4991/2
f 4986/2 4987/2 4992/2 4991/2
f 4993/2 4987/2 4986/2
f 4994/2 4991/2 4992/2
f 4987/2 4983/2 4988/2 4992/2
f 4993/2 4983/2 4987/2
f 4994/2 4992/2 4988/2
f 4995/2 4996/2 5001/2 5000/2
f 5005/2 4996/2 4995/2
f 5006/2 5000/2 5001/2
f 4996/2 4997/2 5002/2 5001/2
f 5005/2 4997/2 4996/2
f 5006/2 5001/2 5002/2
f 4997/2 4998/2 5003/2 5002/2
f 5005/2 4998/2 4997/2
f 5006/2 5002/2 5003/2
f 4998/2 4999/2 5004/2 5003/2
f 5005/2 4999/2 4998/2
f 5006/2 5003/2 5004/2
f 4999/2 4995/2 5000/2 5004/2
f 5005/2 4995/2 4999/2
f 5006/2 5004/2 5000/2
f 5007/2 5008/2 5013/2 5012/2
f 5017/2 5008/2 5007/2
f 5018/2 5012/2 5013/2
f 5008/2 5009/2 5014/2 5013/2
f 5017/2 5009/2 5008/2
f 5018/2 5013/2 5014/2
f 5009/2 5010/2 5015/2 5014/2
f 5017/2 5010/2 5009/2
f 5018/2 5014/2 5015/2
f 5010/2 5011/2 5016/2 5015/2
f 5017/2 5011/2 5010/2
f 5018/2 5015/2 5016/2
f 5011/2 5007/2 5012/2 5016/2
f 5017/2 5007/2 5011/2
f 5018/2 5016/2 5012/2
f 5029/2 5030/2 5035/2 5034/2
f 5039/2 5030/2 5029/2
f 5040/2 5034/2 5035/2
f 5030/2 5031/2 5036/2 5035/2
f 5039/2 5031/2 5030/2
f 5040/2 5035/2 5036/2
f 5031/2 5032/2 5037/2 5036/2
f 5039/2 5032/2 5031/2
f 5040/2 5036/2 5037/2
f 5032/2 5033/2 5038/2 5037/2
f 5039/2 5033/2 5032/2
f 5040/2 5037/2 5038/2
f 5033/2 5029/2 5034/2 5038/2
f 5039/2 5029/2 5033/2
f 5040/2 5038/2 5034/2
f 5041/2 5042/2 5047/2 5046/2
f 5051/2 5042/2 5041/2
f 5052/2 5046/2 5047/2
f 5042/2 5043/2 5048/2 5047/2
f 5051/2 5043/2 5042/2
f 5052/2 5047/2 5048/2
f 5043/2 5044/2 5049/2 5048/2
f 5051/2 5044/2 5043/2
f 5052/2 5048/2 5049/2
f 5044/2 5045/2 5050/2 5049/2
f 5051/2 5045/2 5044/2
f 5052/2 5049/2 5050/2
f 5045/2 5041/2 5046/2 5050/2
f 5051/2 5041/2 5045/2
f 5052/2 5050/2 5046/2
f 5053/2 5054/2 5059/2 5058/2
f 5063/2 5054/2 5053/2
f 5064/2 5058/2 5059/2
f 5054/2 5055/2 5060/2 5059/2
f 5063/2 5055/2 5054/2
f 5064/2 5059/2 5060/2
f 5055/2 5056/2 5061/2 5060/2
f 5063/2 5056/2 5055/2
f 5064/2 5060/2 5061/2
f 5056/2 5057/2 5062/2 5061/2
f 5063/2 5057/2 5056/2
f 5064/2 5061/2 5062/2
f 5057/2 5053/2 5058/2 5062/2
f 5063/2 5053/2 5057/2
f 5064/2 5062/2 5058/2
f 5065/2 5066/2 5071/2 5070/2
f 5075/2 5066/2 5065/2
f 5076/2 5070/2 5071/2
f 5066/2 5067/2 5072/2 5071/2
f 5075/2 5067/2 5066/2
f 5076/2 5071/2 5072/2
f 5067/2 5068/2 5073/2 5072/2
f 5075/2 5068/2 5067/2
f 5076/2 5072/2 5073/2
f 5068/2 5069/2 5074/2 5073/2
f 5075/2 5069/2 5068/2
f 5076/2 5073/2 5074/2
f 5069/2 5065/2 5070/2 5074/2
f 5075/2 5065/2 5069/2
f 5076/2 5074/2 5070/2
f 5087/2 5088/2 5093/2 5092/2
f 5097/2 5088/2 5087/2
f 5098/2 5092/2 5093/2
f 5088/2 5089/2 5094/2 5093/2
f 5097/2 5089/2 5088/2
f 5098/2 5093/2 5094/2
f 5089/2 5090/2 5095/2 5094/2
f 5097/2 5090/2 5089/2
f 5098/2 5094/2 5095/2
f 5090/2 5091/2 5096/2 5095/2
f 5097/2 5091/2 5090/2
f 5098/2 5095/2 5096/2
f 5091/2 5087/2 5092/2 5096/2
f 5097/2 5087/2 5091/2
f 5098/2 5096/2 5092/2
f 5099/2 5100/2 5105/2 5104/2
f 5109/2 5100/2 5099/2
f 5110/2 5104/2 5105/2
f 5100/2 5101/2 5106/2 5105/2
f 5109/2 5101/2 5100/2
f 5110/2 5105/2 5106/2
f 5101/2 5102/2 5107/2 5106/2
f 5109/2 5102/2 5101/2
f 5110/2 5106/2 5107/2
f 5102/2 5103/2 5108/2 5107/2
f 5109/2 5103/2 5102/2
f 5110/2 5107/2 5108/2
f 5103/2 5099/2 5104/2 5108/2
f 5109/2 5099/2 5103/2
f 5110/2 5108/2 5104/2
f 5111/2 5112/2 5117/2 5116/2
f 5121/2 5112/2 5111/2
f 5122/2 5116/2 5117/2
f 5112/2 5113/2 5118/2 5117/2
f 5121/2 5113/2 5112/2
f 5122/2 5117/2 5118/2
f 5113/2 5114/2 5119/2 5118/2
f 5121/2 5114/2 5113/2
f 5122/2 5118/2 5119/2
f 5114/2 5115/2 5120/2 5119/2
f 5121/2 5115/2 5114/2
f 5122/2 5119/2 5120/2
f 5115/2 5111/2 5116/2 5120/2
f 5121/2 5111/2 5115/2
f 5122/2 5120/2 5116/2
f 5123/2 5124/2 5129/2 5128/2
f 5133/2 5124/2 5123/2
f 5134/2 5128/2 5129/2
f 5124/2 5125/2 5130/2 5129/2
f 5133/2 5125/2 5124/2
f 5134/2 5129/2 5130/2
f 5125/2 5126/2 5131/2 5130/2
f 5133/2 5126/2 5125/2
f 5134/2 5130/2 5131/2
f 5126/2 5127/2 5132/2 5131/2
f 5133/2 5127/2 5126/2
f 5134/2 5131/2 5132/2
f 5127/2 5123/2 5128/2 5132/2
f 5133/2 5123/2 5127/2
f 5134/2 5132/2 5128/2
f 5145/2 5146/2 5151/2 5150/2
f 5155/2 5146/2 5145/2
f 5156/2 5150/2 5151/2
f 5146/2 5147/2 5152/2 5151/2
f 5155/2 5147/2 5146/2
f 5156/2 5151/2 5152/2
f 5147/2 5148/2 5153/2 5152/2
f 5155/2 5148/2 5147/2
f 5156/2 5152/2 5153/2
f 5148/2 5149/2 5154/2 5153/2
f 5155/2 5149/2 5148/2
f 5156/2 5153/2 5154/2
f 5149/2 5145/2 5150/2 5154/2
f 5155/2 5145/2 5149/2
f 5156/2 5154/2 5150/2
f 5157/2 5158/2 5163/2 5162/2
f 5167/2 5158/2 5157/2
f 5168/2 5162/2 5163/2
f 5158/2 5159/2 5164/2 5163/2
f 5167/2 5159/2 5158/2
f 5168/2 5163/2 5164/2
f 5159/2 5160/2 5165/2 5164/2
f 5167/2 5160/2 5159/2
f 5168/2 5164/2 5165/2
f 5160/2 5161/2 5166/2 5165/2
f 5167/2 5161/2 5160/2
f 5168/2 5165/2 5166/2
f 5161/2 5157/2 5162/2 5166/2
f 5167/2 5157/2 5161/2
f 5168/2 5166/2 5162/2
f 5169/2 5170/2 5175/2 5174/2
f 5179/2 5170/2 5169/2
f 5180/2 5174/2 5175/2
f 5170/2 5171/2 5176/2 5175/2
f 5179/2 5171/2 5170/2
f 5180/2 5175/2 5176/2
f 5171/2 5172/2 5177/2 5176/2
f 5179/2 5172/2 5171/2
f 5180/2 5176/2 5177/2
f 5172/2 5173/2 5178/2 5177/2
f 5179/2 5173/2 5172/2
f 5180/2 5177/2 5178/2
f 5173/2 5169/2 5174/2 5178/2
f 5179/2 5169/2 5173/2
f 5180/2 5178/2 5174/2
f 5181/2 5182/2 5187/2 5186/2
f 5191/2 5182/2 5181/2
f 5192/2 5186/2 5187/2
f 5182/2 5183/2 5188/2 5187/2
f 5191/2 5183/2 5182/2
f 5192/2 5187/2 5188/2
f 5183/2 5184/2 5189/2 5188/2
f 5191/2 5184/2 5183/2
f 5192/2 5188/2 5189/2
f 5184/2 5185/2 5190/2 5189/2
f 5191/2 5185/2 5184/2
f 5192/2 5189/2 5190/2
f 5185/2 5181/2 5186/2 5190/2
f 5191/2 5181/2 5185/2
f 5192/2 5190/2 5186/2
f 5203/2 5204/2 5209/2 5208/2
f 5213/2 5204/2 5203/2
f 5214/2 5208/2 5209/2
f 5204/2 5205/2 5210/2 5209/2
f 5213/2 5205/2 5204/2
f 5214/2 5209/2 5210/2
f 5205/2 5206/2 5211/2 5210/2
f 5213/2 5206/2 5205/2
f 5214/2 5210/2 5211/2
f 5206/2 5207/2 5212/2 5211/2
f 5213/2 5207/2 5206/2
f 5214/2 5211/2 5212/2
f 5207/2 5203/2 5208/2 5212/2
f 5213/2 5203/2 5207/2
f 5214/2 5212/2 5208/2
f 5215/2 5216/2 5221/2 5220/2
f 5225/2 5216/2 5215/2
f 5226/2 5220/2 5221/2
f 5216/2 5217/2 5222/2 5221/2
f 5225/2 5217/2 5216/2
f 5226/2 5221/2 5222/2
f 5217/2 5218/2 5223/2 5222/2
f 5225/2 5218/2 5217/2
f 5226/2 5222/2 5223/2
f 5218/2 5219/2 5224/2 5223/2
f 5225/2 5219/2 5218/2
f 5226/2 5223/2 5224/2
f 5219/2 5215/2 5220/2 5224/2
f 5225/2 5215/2 5219/2
f 5226/2 5224/2 5220/2
f 5355/2 5358/2 5357/2 5356/2
f 5359/2 5360/2 5361/2 5362/2
f 5355/2 5359/2 5362/2 5358/2
f 5356/2 5357/2 5361/2 5360/2
f 5355/2 5356/2 5360/2 5359/2
f 5358/2 5362/2 5361/2 5357/2
f 5371/2 5374/2 5373/2 5372/2
f 5375/2 5376/2 5377/2 5378/2
f 5371/2 5375/2 5378/2 5374/2
f 5372/2 5373/2 5377/2 5376/2
f 5371/2 5372/2 5376/2 5375/2
f 5374/2 5378/2 5377/2 5373/2
f 5387/2 5390/2 5389/2 5388/2
f 5391/2 5392/2 5393/2 5394/2
f 5387/2 5391/2 5394/2 5390/2
f 5388/2 5389/2 5393/2 5392/2
f 5387/2 5388/2 5392/2 5391/2
f 5390/2 5394/2 5393/2 5389/2
f 5403/2 5406/2 5405/2 5404/2
f 5407/2 5408/2 5409/2 5410/2
f 5403/2 5407/2 5410/2 5406/2
f 5404/2 5405/2 5409/2 5408/2
f 5403/2 5404/2 5408/2 5407/2
f 5406/2 5410/2 5409/2 5405/2
usemtl wood
f 25/5 26/5 30/5 29/5
f 33/5 26/5 25/5
f 34/5 29/5 30/5
f 26/5 27/5 31/5 30/5
f 33/5 27/5 26/5
f 34/5 30/5 31/5
f 27/5 28/5 32/5 31/5
f 33/5 28/5 27/5
f 34/5 31/5 32/5
f 28/5 25/5 29/5 32/5
f 33/5 25/5 28/5
f 34/5 32/5 29/5
f 83/5 84/5 88/5 87/5
f 91/5 84/5 83/5
f 92/5 87/5 88/5
f 84/5 85/5 89/5 88/5
f 91/5 85/5 84/5
f 92/5 88/5 89/5
f 85/5 86/5 90/5 89/5
f 91/5 86/5 85/5
f 92/5 89/5 90/5
f 86/5 83/5 87/5 90/5
f 91/5 83/5 86/5
f 92/5 90/5 87/5
f 141/5 142/5 146/5 145/5
f 149/5 142/5 141/5
f 150/5 145/5 146/5
f 142/5 143/5 147/5 146/5
f 149/5 143/5 142/5
f 150/5 146/5 147/5
f 143/5 144/5 148/5 147/5
f 149/5 144/5 143/5
f 150/5 147/5 148/5
f 144/5 141/5 145/5 148/5
f 149/5 141/5 144/5
f 150/5 148/5 145/5
f 199/5 200/5 204/5 203/5
f 207/5 200/5 199/5
f 208/5 203/5 204/5
f 200/5 201/5 205/5 204/5
f 207/5 201/5 200/5
f 208/5 204/5 205/5
f 201/5 202/5 206/5 205/5
f 207/5 202/5 201/5
f 208/5 205/5 206/5
f 202/5 199/5 203/5 206/5
f 207/5 199/5 202/5
f 208/5 206/5 203/5
f 257/5 258/5 262/5 261/5
f 265/5 258/5 257/5
f 266/5 261/5 262/5
f 258/5 259/5 263/5 262/5
f 265/5 259/5 258/5
f 266/5 262/5 263/5
f 259/5 260/5 264/5 263/5
f 265/5 260/5 259/5
f 266/5 263/5 264/5
f 260/5 257/5 261/5 264/5
f 265/5 257/5 260/5
f 266/5 264/5 261/5
f 315/5 316/5 320/5 319/5
f 323/5 316/5 315/5
f 324/5 319/5 320/5
f 316/5 317/5 321/5 320/5
f 323/5 317/5 316/5
f 324/5 320/5 321/5
f 317/5 318/5 322/5 321/5
f 323/5 318/5 317/5
f 324/5 321/5 322/5
f 318/5 315/5 319/5 322/5
f 323/5 315/5 318/5
f 324/5 322/5 319/5
f 373/5 374/5 378/5 377/5
f 381/5 374/5 373/5
f 382/5 377/5 378/5
f 374/5 375/5 379/5 378/5
f 381/5 375/5 374/5
f 382/5 378/5 379/5
f 375/5 376/5 380/5 379/5
f 381/5 376/5 375/5
f 382/5 379/5 380/5
f 376/5 373/5 377/5 380/5
f 381/5 373/5 376/5
f 382/5 380/5 377/5
f 431/5 432/5 436/5 435/5
f 439/5 432/5 431/5
f 440/5 435/5 436/5
f 432/5 433/5 437/5 436/5
f 439/5 433/5 432/5
f 440/5 436/5 437/5
f 433/5 434/5 438/5 437/5
f 439/5 434/5 433/5
f 440/5 437/5 438/5
f 434/5 431/5 435/5 438/5
f 439/5 431/5 434/5
f 440/5 438/5 435/5
f 489/5 490/5 494/5 493/5
f 497/5 490/5 489/5
f 498/5 493/5 494/5
f 490/5 491/5 495/5 494/5
f 497/5 491/5 490/5
f 498/5 494/5 495/5
f 491/5 492/5 496/5 495/5
f 497/5 492/5 491/5
f 498/5 495/5 496/5
f 492/5 489/5 493/5 496/5
f 497/5 489/5 492/5
f 498/5 496/5 493/5
f 547/5 548/5 552/5 551/5
f 555/5 548/5 547/5
f 556/5 551/5 552/5
f 548/5 549/5 553/5 552/5
f 555/5 549/5 548/5
f 556/5 552/5 553/5
f 549/5 550/5 554/5 553/5
f 555/5 550/5 549/5
f 556/5 553/5 554/5
f 550/5 547/5 551/5 554/5
f 555/5 547/5 550/5
f 556/5 554/5 551/5
f 605/5 606/5 610/5 609/5
f 613/5 606/5 605/5
f 614/5 609/5 610/5
f 606/5 607/5 611/5 610/5
f 613/5 607/5 606/5
f 614/5 610/5 611/5
f 607/5 608/5 612/5 611/5
f 613/5 608/5 607/5
f 614/5 611/5 612/5
f 608/5 605/5 609/5 612/5
f 613/5 605/5 608/5
f 614/5 612/5 609/5
f 663/5 664/5 668/5 667/5
f 671/5 664/5 663/5
f 672/5 667/5 668/5
f 664/5 665/5 669/5 668/5
f 671/5 665/5 664/5
f 672/5 668/5 669/5
f 665/5 666/5 670/5 669/5
f 671/5 666/5 665/5
f 672/5 669/5 670/5
f 666/5 663/5 667/5 670/5
f 671/5 663/5 666/5
f 672/5 670/5 667/5
f 721/5 722/5 726/5 725/5
f 729/5 722/5 721/5
f 730/5 725/5 726/5
f 722/5 723/5 727/5 726/5
f 729/5 723/5 722/5
f 730/5 726/5 727/5
f 723/5 724/5 728/5 727/5
f 729/5 724/5 723/5
f 730/5 727/5 728/5
f 724/5 721/5 725/5 728/5
f 729/5 721/5 724/5
f 730/5 728/5 725/5
f 779/5 780/5 784/5 783/5
f 787/5 780/5 779/5
f 788/5 783/5 784/5
f 780/5 781/5 785/5 784/5
f 787/5 781/5 780/5
f 788/5 784/5 785/5
f 781/5 782/5 786/5 785/5
f 787/5 782/5 781/5
f 788/5 785/5 786/5
f 782/5 779/5 783/5 786/5
f 787/5 779/5 782/5
f 788/5 786/5 783/5
f 837/5 838/5 842/5 841/5
f 845/5 838/5 837/5
f 846/5 841/5 842/5
f 838/5 839/5 843/5 842/5
f 845/5 839/5 838/5
f 846/5 842/5 843/5
f 839/5 840/5 844/5 843/5
f 845/5 840/5 839/5
f 846/5 843/5 844/5
f 840/5 837/5 841/5 844/5
f 845/5 837/5 840/5
f 846/5 844/5 841/5
f 895/5 896/5 900/5 899/5
f 903/5 896/5 895/5
f 904/5 899/5 900/5
f 896/5 897/5 901/5 900/5
f 903/5 897/5 896/5
f 904/5 900/5 901/5
f 897/5 898/5 902/5 901/5
f 903/5 898/5 897/5
f 904/5 901/5 902/5
f 898/5 895/5 899/5 902/5
f 903/5 895/5 898/5
f 904/5 902/5 899/5
f 953/5 954/5 958/5 957/5
f 961/5 954/5 953/5
f 962/5 957/5 958/5
f 954/5 955/5 959/5 958/5
f 961/5 955/5 954/5
f 962/5 958/5 959/5
f 955/5 956/5 960/5 959/5
f 961/5 956/5 955/5
f 962/5 959/5 960/5
f 956/5 953/5 957/5 960/5
f 961/5 953/5 956/5
f 962/5 960/5 957/5
f 1011/5 1012/5 1016/5 1015/5
f 1019/5 1012/5 1011/5
f 1020/5 1015/5 1016/5
f 1012/5 1013/5 1017/5 1016/5
f 1019/5 1013/5 1012/5
f 1020/5 1016/5 1017/5
f 1013/5 1014/5 1018/5 1017/5
f 1019/5 1014/5 1013/5
f 1020/5 1017/5 1018/5
f 1014/5 1011/5 1015/5 1018/5
f 1019/5 1011/5 1014/5
f 1020/5 1018/5 1015/5
f 1069/5 1070/5 1074/5 1073/5
f 1077/5 1070/5 1069/5
f 1078/5 1073/5 1074/5
f 1070/5 1071/5 1075/5 1074/5
f 1077/5 1071/5 1070/5
f 1078/5 1074/5 1075/5
f 1071/5 1072/5 1076/5 1075/5
f 1077/5 1072/5 1071/5
f 1078/5 1075/5 1076/5
f 1072/5 1069/5 1073/5 1076/5
f 1077/5 1069/5 1072/5
f 1078/5 1076/5 1073/5
f 1157/5 1158/5 1162/5 1161/5
f 1165/5 1158/5 1157/5
f 1166/5 1161/5 1162/5
f 1158/5 1159/5 1163/5 1162/5
f 1165/5 1159/5 1158/5
f 1166/5 1162/5 1163/5
f 1159/5 1160/5 1164/5 1163/5
f 1165/5 1160/5 1159/5
f 1166/5 1163/5 1164/5
f 1160/5 1157/5 1161/5 1164/5
f 1165/5 1157/5 1160/5
f 1166/5 1164/5 1161/5
f 1223/5 1224/5 1228/5 1227/5
f 1231/5 1224/5 1223/5
f 1232/5 1227/5 1228/5
f 1224/5 1225/5 1229/5 1228/5
f 1231/5 1225/5 1224/5
f 1232/5 1228/5 1229/5
f 1225/5 1226/5 1230/5 1229/5
f 1231/5 1226/5 1225/5
f 1232/5 1229/5 1230/5
f 1226/5 1223/5 1227/5 1230/5
f 1231/5 1223/5 1226/5
f 1232/5 1230/5 1227/5
f 1289/5 1290/5 1294/5 1293/5
f 1297/5 1290/5 1289/5
f 1298/5 1293/5 1294/5
f 1290/5 1291/5 1295/5 1294/5
f 1297/5 1291/5 1290/5
f 1298/5 1294/5 1295/5
f 1291/5 1292/5 1296/5 1295/5
f 1297/5 1292/5 1291/5
f 1298/5 1295/5 1296/5
f 1292/5 1289/5 1293/5 1296/5
f 1297/5 1289/5 1292/5
f 1298/5 1296/5 1293/5
f 1377/5 1378/5 1382/5 1381/5
f 1385/5 1378/5 1377/5
f 1386/5 1381/5 1382/5
f 1378/5 1379/5 1383/5 1382/5
f 1385/5 1379/5 1378/5
f 1386/5 1382/5 1383/5
f 1379/5 1380/5 1384/5 1383/5
f 1385/5 1380/5 1379/5
f 1386/5 1383/5 1384/5
f 1380/5 1377/5 1381/5 1384/5
f 1385/5 1377/5 1380/5
f 1386/5 1384/5 1381/5
f 1443/5 1444/5 1448/5 1447/5
f 1451/5 1444/5 1443/5
f 1452/5 1447/5 1448/5
f 1444/5 1445/5 1449/5 1448/5
f 1451/5 1445/5 1444/5
f 1452/5 1448/5 1449/5
f 1445/5 1446/5 1450/5 1449/5
f 1451/5 1446/5 1445/5
f 1452/5 1449/5 1450/5
f 1446/5 1443/5 1447/5 1450/5
f 1451/5 1443/5 1446/5
f 1452/5 1450/5 1447/5
f 1509/5 1510/5 1514/5 1513/5
f 1517/5 1510/5 1509/5
f 1518/5 1513/5 1514/5
f 1510/5 1511/5 1515/5 1514/5
f 1517/5 1511/5 1510/5
f 1518/5 1514/5 1515/5
f 1511/5 1512/5 1516/5 1515/5
f 1517/5 1512/5 1511/5
f 1518/5 1515/5 1516/5
f 1512/5 1509/5 1513/5 1516/5
f 1517/5 1509/5 1512/5
f 1518/5 1516/5 1513/5
f 1597/5 1598/5 1602/5 1601/5
f 1605/5 1598/5 1597/5
f 1606/5 1601/5 1602/5
f 1598/5 1599/5 1603/5 1602/5
f 1605/5 1599/5 1598/5
f 1606/5 1602/5 1603/5
f 1599/5 1600/5 1604/5 1603/5
f 1605/5 1600/5 1599/5
f 1606/5 1603/5 1604/5
f 1600/5 1597/5 1601/5 1604/5
f 1605/5 1597/5 1600/5
f 1606/5 1604/5 1601/5
f 1663/5 1664/5 1668/5 1667/5
f 1671/5 1664/5 1663/5
f 1672/5 1667/5 1668/5
f 1664/5 1665/5 1669/5 1668/5
f 1671/5 1665/5 1664/5
f 1672/5 1668/5 1669/5
f 1665/5 1666/5 1670/5 1669/5
f 1671/5 1666/5 1665/5
f 1672/5 1669/5 1670/5
f 1666/5 1663/5 1667/5 1670/5
f 1671/5 1663/5 1666/5
f 1672/5 1670/5 1667/5
f 1729/5 1730/5 1734/5 1733/5
f 1737/5 1730/5 1729/5
f 1738/5 1733/5 1734/5
f 1730/5 1731/5 1735/5 1734/5
f 1737/5 1731/5 1730/5
f 1738/5 1734/5 1735/5
f 1731/5 1732/5 1736/5 1735/5
f 1737/5 1732/5 1731/5
f 1738/5 1735/5 1736/5
f 1732/5 1729/5 1733/5 1736/5
f 1737/5 1729/5 1732/5
f 1738/5 1736/5 1733/5
f 1817/5 1818/5 1822/5 1821/5
f 1825/5 1818/5 1817/5
f 1826/5 1821/5 1822/5
f 1818/5 1819/5 1823/5 1822/5
f 1825/5 1819/5 1818/5
f 1826/5 1822/5 1823/5
f 1819/5 1820/5 1824/5 1823/5
f 1825/5 1820/5 1819/5
f 1826/5 1823/5 1824/5
f 1820/5 1817/5 1821/5 1824/5
f 1825/5 1817/5 1820/5
f 1826/5 1824/5 1821/5
f 1883/5 1884/5 1888/5 1887/5
f 1891/5 1884/5 1883/5
f 1892/5 1887/5 1888/5
f 1884/5 1885/5 1889/5 1888/5
f 1891/5 1885/5 1884/5
f 1892/5 1888/5 1889/5
f 1885/5 1886/5 1890/5 1889/5
f 1891/5 1886/5 1885/5
f 1892/5 1889/5 1890/5
f 1886/5 1883/5 1887/5 1890/5
f 1891/5 1883/5 1886/5
f 1892/5 1890/5 1887/5
f 1949/5 1950/5 1954/5 1953/5
f 1957/5 1950/5 1949/5
f 1958/5 1953/5 1954/5
f 1950/5 1951/5 1955/5 1954/5
f 1957/5 1951/5 1950/5
f 1958/5 1954/5 1955/5
f 1951/5 1952/5 1956/5 1955/5
f 1957/5 1952/5 1951/5
f 1958/5 1955/5 1956/5
f 1952/5 1949/5 1953/5 1956/5
f 1957/5 1949/5 1952/5
f 1958/5 1956/5 1953/5
f 2037/5 2038/5 2042/5 2041/5
f 2045/5 2038/5 2037/5
f 2046/5 2041/5 2042/5
f 2038/5 2039/5 2043/5 2042/5
f 2045/5 2039/5 2038/5
f 2046/5 2042/5 2043/5
f 2039/5 2040/5 2044/5 2043/5
f 2045/5 2040/5 2039/5
f 2046/5 2043/5 2044/5
f 2040/5 2037/5 2041/5 2044/5
f 2045/5 2037/5 2040/5
f 2046/5 2044/5 2041/5
f 2103/5 2104/5 2108/5 2107/5
f 2111/5 2104/5 2103/5
f 2112/5 2107/5 2108/5
f 2104/5 2105/5 2109/5 2108/5
f 2111/5 2105/5 2104/5
f 2112/5 2108/5 2109/5
f 2105/5 2106/5 2110/5 2109/5
f 2111/5 2106/5 2105/5
f 2112/5 2109/5 2110/5
f 2106/5 2103/5 2107/5 2110/5
f 2111/5 2103/5 2106/5
f 2112/5 2110/5 2107/5
f 2169/5 2170/5 2174/5 2173/5
f 2177/5 2170/5 2169/5
f 2178/5 2173/5 2174/5
f 2170/5 2171/5 2175/5 2174/5
f 2177/5 2171/5 2170/5
f 2178/5 2174/5 2175/5
f 2171/5 2172/5 2176/5 2175/5
f 2177/5 2172/5 2171/5
f 2178/5 2175/5 2176/5
f 2172/5 2169/5 2173/5 2176/5
f 2177/5 2169/5 2172/5
f 2178/5 2176/5 2173/5
f 2257/5 2258/5 2262/5 2261/5
f 2265/5 2258/5 2257/5
f 2266/5 2261/5 2262/5
f 2258/5 2259/5 2263/5 2262/5
f 2265/5 2259/5 2258/5
f 2266/5 2262/5 2263/5
f 2259/5 2260/5 2264/5 2263/5
f 2265/5 2260/5 2259/5
f 2266/5 2263/5 2264/5
f 2260/5 2257/5 2261/5 2264/5
f 2265/5 2257/5 2260/5
f 2266/5 2264/5 2261/5
f 2323/5 2324/5 2328/5 2327/5
f 2331/5 2324/5 2323/5
f 2332/5 2327/5 2328/5
f 2324/5 2325/5 2329/5 2328/5
f 2331/5 2325/5 2324/5
f 2332/5 2328/5 2329/5
f 2325/5 2326/5 2330/5 2329/5
f 2331/5 2326/5 2325/5
f 2332/5 2329/5 2330/5
f 2326/5 2323/5 2327/5 2330/5
f 2331/5 2323/5 2326/5
f 2332/5 2330/5 2327/5
f 2389/5 2390/5 2394/5 2393/5
f 2397/5 2390/5 2389/5
f 2398/5 2393/5 2394/5
f 2390/5 2391/5 2395/5 2394/5
f 2397/5 2391/5 2390/5
f 2398/5 2394/5 2395/5
f 2391/5 2392/5 2396/5 2395/5
f 2397/5 2392/5 2391/5
f 2398/5 2395/5 2396/5
f 2392/5 2389/5 2393/5 2396/5
f 2397/5 2389/5 2392/5
f 2398/5 2396/5 2393/5
f 2477/5 2478/5 2482/5 2481/5
f 2485/5 2478/5 2477/5
f 2486/5 2481/5 2482/5
f 2478/5 2479/5 2483/5 2482/5
f 2485/5 2479/5 2478/5
f 2486/5 2482/5 2483/5
f 2479/5 2480/5 2484/5 2483/5
f 2485/5 2480/5 2479/5
f 2486/5 2483/5 2484/5
f 2480/5 2477/5 2481/5 2484/5
f 2485/5 2477/5 2480/5
f 2486/5 2484/5 2481/5
f 2543/5 2544/5 2548/5 2547/5
f 2551/5 2544/5 2543/5
f 2552/5 2547/5 2548/5
f 2544/5 2545/5 2549/5 2548/5
f 2551/5 2545/5 2544/5
f 2552/5 2548/5 2549/5
f 2545/5 2546/5 2550/5 2549/5
f 2551/5 2546/5 2545/5
f 2552/5 2549/5 2550/5
f 2546/5 2543/5 2547/5 2550/5
f 2551/5 2543/5 2546/5
f 2552/5 2550/5 2547/5
f 2609/5 2610/5 2614/5 2613/5
f 2617/5 2610/5 2609/5
f 2618/5 2613/5 2614/5
f 2610/5 2611/5 2615/5 2614/5
f 2617/5 2611/5 2610/5
f 2618/5 2614/5 2615/5
f 2611/5 2612/5 2616/5 2615/5
f 2617/5 2612/5 2611/5
f 2618/5 2615/5 2616/5
f 2612/5 2609/5 2613/5 2616/5
f 2617/5 2609/5 2612/5
f 2618/5 2616/5 2613/5
f 2689/5 2690/5 2694/5 2693/5
f 2697/5 2690/5 2689/5
f 2698/5 2693/5 2694/5
f 2690/5 2691/5 2695/5 2694/5
f 2697/5 2691/5 2690/5
f 2698/5 2694/5 2695/5
f 2691/5 2692/5 2696/5 2695/5
f 2697/5 2692/5 2691/5
f 2698/5 2695/5 2696/5
f 2692/5 2689/5 2693/5 2696/5
f 2697/5 2689/5 2692/5
f 2698/5 2696/5 2693/5
f 2747/5 2748/5 2752/5 2751/5
f 2755/5 2748/5 2747/5
f 2756/5 2751/5 2752/5
f 2748/5 2749/5 2753/5 2752/5
f 2755/5 2749/5 2748/5
f 2756/5 2752/5 2753/5
f 2749/5 2750/5 2754/5 2753/5
f 2755/5 2750/5 2749/5
f 2756/5 2753/5 2754/5
f 2750/5 2747/5 2751/5 2754/5
f 2755/5 2747/5 2750/5
f 2756/5 2754/5 2751/5
f 2805/5 2806/5 2810/5 2809/5
f 2813/5 2806/5 2805/5
f 2814/5 2809/5 2810/5
f 2806/5 2807/5 2811/5 2810/5
f 2813/5 2807/5 2806/5
f 2814/5 2810/5 2811/5
f 2807/5 2808/5 2812/5 2811/5
f 2813/5 2808/5 2807/5
f 2814/5 2811/5 2812/5
f 2808/5 2805/5 2809/5 2812/5
f 2813/5 2805/5 2808/5
f 2814/5 2812/5 2809/5
f 2885/5 2886/5 2890/5 2889/5
f 2893/5 2886/5 2885/5
f 2894/5 2889/5 2890/5
f 2886/5 2887/5 2891/5 2890/5
f 2893/5 2887/5 2886/5
f 2894/5 2890/5 2891/5
f 2887/5 2888/5 2892/5 2891/5
f 2893/5 2888/5 2887/5
f 2894/5 2891/5 2892/5
f 2888/5 2885/5 2889/5 2892/5
f 2893/5 2885/5 2888/5
f 2894/5 2892/5 2889/5
f 2943/5 2944/5 2948/5 2947/5
f 2951/5 2944/5 2943/5
f 2952/5 2947/5 2948/5
f 2944/5 2945/5 2949/5 2948/5
f 2951/5 2945/5 2944/5
f 2952/5 2948/5 2949/5
f 2945/5 2946/5 2950/5 2949/5
f 2951/5 2946/5 2945/5
f 2952/5 2949/5 2950/5
f 2946/5 2943/5 2947/5 2950/5
f 2951/5 2943/5 2946/5
f 2952/5 2950/5 2947/5
f 3001/5 3002/5 3006/5 3005/5
f 3009/5 3002/5 3001/5
f 3010/5 3005/5 3006/5
f 3002/5 3003/5 3007/5 3006/5
f 3009/5 3003/5 3002/5
f 3010/5 3006/5 3007/5
f 3003/5 3004/5 3008/5 3007/5
f 3009/5 3004/5 3003/5
f 3010/5 3007/5 3008/5
f 3004/5 3001/5 3005/5 3008/5
f 3009/5 3001/5 3004/5
f 3010/5 3008/5 3005/5
f 3081/5 3082/5 3086/5 3085/5
f 3089/5 3082/5 3081/5
f 3090/5 3085/5 3086/5
f 3082/5 3083/5 3087/5 3086/5
f 3089/5 3083/5 3082/5
f 3090/5 3086/5 3087/5
f 3083/5 3084/5 3088/5 3087/5
f 3089/5 3084/5 3083/5
f 3090/5 3087/5 3088/5
f 3084/5 3081/5 3085/5 3088/5
f 3089/5 3081/5 3084/5
f 3090/5 3088/5 3085/5
f 3139/5 3140/5 3144/5 3143/5
f 3147/5 3140/5 3139/5
f 3148/5 3143/5 3144/5
f 3140/5 3141/5 3145/5 3144/5
f 3147/5 3141/5 3140/5
f 3148/5 3144/5 3145/5
f 3141/5 3142/5 3146/5 3145/5
f 3147/5 3142/5 3141/5
f 3148/5 3145/5 3146/5
f 3142/5 3139/5 3143/5 3146/5
f 3147/5 3139/5 3142/5
f 3148/5 3146/5 3143/5
f 3197/5 3198/5 3202/5 3201/5
f 3205/5 3198/5 3197/5
f 3206/5 3201/5 3202/5
f 3198/5 3199/5 3203/5 3202/5
f 3205/5 3199/5 3198/5
f 3206/5 3202/5 3203/5
f 3199/5 3200/5 3204/5 3203/5
f 3205/5 3200/5 3199/5
f 3206/5 3203/5 3204/5
f 3200/5 3197/5 3201/5 3204/5
f 3205/5 3197/5 3200/5
f 3206/5 3204/5 3201/5
f 3277/5 3278/5 3282/5 3281/5
f 3285/5 3278/5 3277/5
f 3286/5 3281/5 3282/5
f 3278/5 3279/5 3283/5 3282/5
f 3285/5 3279/5 3278/5
f 3286/5 3282/5 3283/5
f 3279/5 3280/5 3284/5 3283/5
f 3285/5 3280/5 3279/5
f 3286/5 3283/5 3284/5
f 3280/5 3277/5 3281/5 3284/5
f 3285/5 3277/5 3280/5
f 3286/5 3284/5 3281/5
f 3335/5 3336/5 3340/5 3339/5
f 3343/5 3336/5 3335/5
f 3344/5 3339/5 3340/5
f 3336/5 3337/5 3341/5 3340/5
f 3343/5 3337/5 3336/5
f 3344/5 3340/5 3341/5
f 3337/5 3338/5 3342/5 3341/5
f 3343/5 3338/5 3337/5
f 3344/5 3341/5 3342/5
f 3338/5 3335/5 3339/5 3342/5
f 3343/5 3335/5 3338/5
f 3344/5 3342/5 3339/5
f 3393/5 3394/5 3398/5 3397/5
f 3401/5 3394/5 3393/5
f 3402/5 3397/5 3398/5
f 3394/5 3395/5 3399/5 3398/5
f 3401/5 3395/5 3394/5
f 3402/5 3398/5 3399/5
f 3395/5 3396/5 3400/5 3399/5
f 3401/5 3396/5 3395/5
f 3402/5 3399/5 3400/5
f 3396/5 3393/5 3397/5 3400/5
f 3401/5 3393/5 3396/5
f 3402/5 3400/5 3397/5
f 3473/5 3474/5 3478/5 3477/5
f 3481/5 3474/5 3473/5
f 3482/5 3477/5 3478/5
f 3474/5 3475/5 3479/5 3478/5
f 3481/5 3475/5 3474/5
f 3482/5 3478/5 3479/5
f 3475/5 3476/5 3480/5 3479/5
f 3481/5 3476/5 3475/5
f 3482/5 3479/5 3480/5
f 3476/5 3473/5 3477/5 3480/5
f 3481/5 3473/5 3476/5
f 3482/5 3480/5 3477/5
f 3531/5 3532/5 3536/5 3535/5
f 3539/5 3532/5 3531/5
f 3540/5 3535/5 3536/5
f 3532/5 3533/5 3537/5 3536/5
f 3539/5 3533/5 3532/5
f 3540/5 3536/5 3537/5
f 3533/5 3534/5 3538/5 3537/5
f 3539/5 3534/5 3533/5
f 3540/5 3537/5 3538/5
f 3534/5 3531/5 3535/5 3538/5
f 3539/5 3531/5 3534/5
f 3540/5 3538/5 3535/5
f 3589/5 3590/5 3594/5 3593/5
f 3597/5 3590/5 3589/5
f 3598/5 3593/5 3594/5
f 3590/5 3591/5 3595/5 3594/5
f 3597/5 3591/5 3590/5
f 3598/5 3594/5 3595/5
f 3591/5 3592/5 3596/5 3595/5
f 3597/5 3592/5 3591/5
f 3598/5 3595/5 3596/5
f 3592/5 3589/5 3593/5 3596/5
f 3597/5 3589/5 3592/5
f 3598/5 3596/5 3593/5
f 3669/5 3670/5 3674/5 3673/5
f 3677/5 3670/5 3669/5
f 3678/5 3673/5 3674/5
f 3670/5 3671/5 3675/5 3674/5
f 3677/5 3671/5 3670/5
f 3678/5 3674/5 3675/5
f 3671/5 3672/5 3676/5 3675/5
f 3677/5 3672/5 3671/5
f 3678/5 3675/5 3676/5
f 3672/5 3669/5 3673/5 3676/5
f 3677/5 3669/5 3672/5
f 3678/5 3676/5 3673/5
f 3727/5 3728/5 3732/5 3731/5
f 3735/5 3728/5 3727/5
f 3736/5 3731/5 3732/5
f 3728/5 3729/5 3733/5 3732/5
f 3735/5 3729/5 3728/5
f 3736/5 3732/5 3733/5
f 3729/5 3730/5 3734/5 3733/5
f 3735/5 3730/5 3729/5
f 3736/5 3733/5 3734/5
f 3730/5 3727/5 3731/5 3734/5
f 3735/5 3727/5 3730/5
f 3736/5 3734/5 3731/5
f 3785/5 3786/5 3790/5 3789/5
f 3793/5 3786/5 3785/5
f 3794/5 3789/5 3790/5
f 3786/5 3787/5 3791/5 3790/5
f 3793/5 3787/5 3786/5
f 3794/5 3790/5 3791/5
f 3787/5 3788/5 3792/5 3791/5
f 3793/5 3788/5 3787/5
f 3794/5 3791/5 3792/5
f 3788/5 3785/5 3789/5 3792/5
f 3793/5 3785/5 3788/5
f 3794/5 3792/5 3789/5
f 3865/5 3866/5 3870/5 3869/5
f 3873/5 3866/5 3865/5
f 3874/5 3869/5 3870/5
f 3866/5 3867/5 3871/5 3870/5
f 3873/5 3867/5 3866/5
f 3874/5 3870/5 3871/5
f 3867/5 3868/5 3872/5 3871/5
f 3873/5 3868/5 3867/5
f 3874/5 3871/5 3872/5
f 3868/5 3865/5 3869/5 3872/5
f 3873/5 3865/5 3868/5
f 3874/5 3872/5 3869/5
f 3923/5 3924/5 3928/5 3927/5
f 3931/5 3924/5 3923/5
f 3932/5 3927/5 3928/5
f 3924/5 3925/5 3929/5 3928/5
f 3931/5 3925/5 3924/5
f 3932/5 3928/5 3929/5
f 3925/5 3926/5 3930/5 3929/5
f 3931/5 3926/5 3925/5
f 3932/5 3929/5 3930/5
f 3926/5 3923/5 3927/5 3930/5
f 3931/5 3923/5 3926/5
f 3932/5 3930/5 3927/5
f 3981/5 3982/5 3986/5 3985/5
f 3989/5 3982/5 3981/5
f 3990/5 3985/5 3986/5
f 3982/5 3983/5 3987/5 3986/5
f 3989/5 3983/5 3982/5
f 3990/5 3986/5 3987/5
f 3983/5 3984/5 3988/5 3987/5
f 3989/5 3984/5 3983/5
f 3990/5 3987/5 3988/5
f 3984/5 3981/5 3985/5 3988/5
f 3989/5 3981/5 3984/5
f 3990/5 3988/5 3985/5
f 4061/5 4062/5 4066/5 4065/5
f 4069/5 4062/5 4061/5
f 4070/5 4065/5 4066/5
f 4062/5 4063/5 4067/5 4066/5
f 4069/5 4063/5 4062/5
f 4070/5 4066/5 4067/5
f 4063/5 4064/5 4068/5 4067/5
f 4069/5 4064/5 4063/5
f 4070/5 4067/5 4068/5
f 4064/5 4061/5 4065/5 4068/5
f 4069/5 4061/5 4064/5
f 4070/5 4068/5 4065/5
f 4119/5 4120/5 4124/5 4123/5
f 4127/5 4120/5 4119/5
f 4128/5 4123/5 4124/5
f 4120/5 4121/5 4125/5 4124/5
f 4127/5 4121/5 4120/5
f 4128/5 4124/5 4125/5
f 4121/5 4122/5 4126/5 4125/5
f 4127/5 4122/5 4121/5
f 4128/5 4125/5 4126/5
f 4122/5 4119/5 4123/5 4126/5
f 4127/5 4119/5 4122/5
f 4128/5 4126/5 4123/5
f 4177/5 4178/5 4182/5 4181/5
f 4185/5 4178/5 4177/5
f 4186/5 4181/5 4182/5
f 4178/5 4179/5 4183/5 4182/5
f 4185/5 4179/5 4178/5
f 4186/5 4182/5 4183/5
f 4179/5 4180/5 4184/5 4183/5
f 4185/5 4180/5 4179/5
f 4186/5 4183/5 4184/5
f 4180/5 4177/5 4181/5 4184/5
f 4185/5 4177/5 4180/5
f 4186/5 4184/5 4181/5
f 4257/5 4258/5 4262/5 4261/5
f 4265/5 4258/5 4257/5
f 4266/5 4261/5 4262/5
f 4258/5 4259/5 4263/5 4262/5
f 4265/5 4259/5 4258/5
f 4266/5 4262/5 4263/5
f 4259/5 4260/5 4264/5 4263/5
f 4265/5 4260/5 4259/5
f 4266/5 4263/5 4264/5
f 4260/5 4257/5 4261/5 4264/5
f 4265/5 4257/5 4260/5
f 4266/5 4264/5 4261/5
f 4315/5 4316/5 4320/5 4319/5
f 4323/5 4316/5 4315/5
f 4324/5 4319/5 4320/5
f 4316/5 4317/5 4321/5 4320/5
f 4323/5 4317/5 4316/5
f 4324/5 4320/5 4321/5
f 4317/5 4318/5 4322/5 4321/5
f 4323/5 4318/5 4317/5
f 4324/5 4321/5 4322/5
f 4318/5 4315/5 4319/5 4322/5
f 4323/5 4315/5 4318/5
f 4324/5 4322/5 4319/5
f 4373/5 4374/5 4378/5 4377/5
f 4381/5 4374/5 4373/5
f 4382/5 4377/5 4378/5
f 4374/5 4375/5 4379/5 4378/5
f 4381/5 4375/5 4374/5
f 4382/5 4378/5 4379/5
f 4375/5 4376/5 4380/5 4379/5
f 4381/5 4376/5 4375/5
f 4382/5 4379/5 4380/5
f 4376/5 4373/5 4377/5 4380/5
f 4381/5 4373/5 4376/5
f 4382/5 4380/5 4377/5
f 4453/5 4454/5 4458/5 4457/5
f 4461/5 4454/5 4453/5
f 4462/5 4457/5 4458/5
f 4454/5 4455/5 4459/5 4458/5
f 4461/5 4455/5 4454/5
f 4462/5 4458/5 4459/5
f 4455/5 4456/5 4460/5 4459/5
f 4461/5 4456/5 4455/5
f 4462/5 4459/5 4460/5
f 4456/5 4453/5 4457/5 4460/5
f 4461/5 4453/5 4456/5
f 4462/5 4460/5 4457/5
f 4511/5 4512/5 4516/5 4515/5
f 4519/5 4512/5 4511/5
f 4520/5 4515/5 4516/5
f 4512/5 4513/5 4517/5 4516/5
f 4519/5 4513/5 4512/5
f 4520/5 4516/5 4517/5
f 4513/5 4514/5 4518/5 4517/5
f 4519/5 4514/5 4513/5
f 4520/5 4517/5 4518/5
f 4514/5 4511/5 4515/5 4518/5
f 4519/5 4511/5 4514/5
f 4520/5 4518/5 4515/5
f 4569/5 4570/5 4574/5 4573/5
f 4577/5 4570/5 4569/5
f 4578/5 4573/5 4574/5
f 4570/5 4571/5 4575/5 4574/5
f 4577/5 4571/5 4570/5
f 4578/5 4574/5 4575/5
f 4571/5 4572/5 4576/5 4575/5
f 4577/5 4572/5 4571/5
f 4578/5 4575/5 4576/5
f 4572/5 4569/5 4573/5 4576/5
f 4577/5 4569/5 4572/5
f 4578/5 4576/5 4573/5
f 4649/5 4650/5 4654/5 4653/5
f 4657/5 4650/5 4649/5
f 4658/5 4653/5 4654/5
f 4650/5 4651/5 4655/5 4654/5
f 4657/5 4651/5 4650/5
f 4658/5 4654/5 4655/5
f 4651/5 4652/5 4656/5 4655/5
f 4657/5 4652/5 4651/5
f 4658/5 4655/5 4656/5
f 4652/5 4649/5 4653/5 4656/5
f 4657/5 4649/5 4652/5
f 4658/5 4656/5 4653/5
f 4707/5 4708/5 4712/5 4711/5
f 4715/5 4708/5 4707/5
f 4716/5 4711/5 4712/5
f 4708/5 4709/5 4713/5 4712/5
f 4715/5 4709/5 4708/5
f 4716/5 4712/5 4713/5
f 4709/5 4710/5 4714/5 4713/5
f 4715/5 4710/5 4709/5
f 4716/5 4713/5 4714/5
f 4710/5 4707/5 4711/5 4714/5
f 4715/5 4707/5 4710/5
f 4716/5 4714/5 4711/5
f 4765/5 4766/5 4770/5 4769/5
f 4773/5 4766/5 4765/5
f 4774/5 4769/5 4770/5
f 4766/5 4767/5 4771/5 4770/5
f 4773/5 4767/5 4766/5
f 4774/5 4770/5 4771/5
f 4767/5 4768/5 4772/5 4771/5
f 4773/5 4768/5 4767/5
f 4774/5 4771/5 4772/5
f 4768/5 4765/5 4769/5 4772/5
f 4773/5 4765/5 4768/5
f 4774/5 4772/5 4769/5
f 4845/5 4846/5 4850/5 4849/5
f 4853/5 4846/5 4845/5
f 4854/5 4849/5 4850/5
f 4846/5 4847/5 4851/5 4850/5
f 4853/5 4847/5 4846/5
f 4854/5 4850/5 4851/5
f 4847/5 4848/5 4852/5 4851/5
f 4853/5 4848/5 4847/5
f 4854/5 4851/5 4852/5
f 4848/5 4845/5 4849/5 4852/5
f 4853/5 4845/5 4848/5
f 4854/5 4852/5 4849/5
f 4903/5 4904/5 4908/5 4907/5
f 4911/5 4904/5 4903/5
f 4912/5 4907/5 4908/5
f 4904/5 4905/5 4909/5 4908/5
f 4911/5 4905/5 4904/5
f 4912/5 4908/5 4909/5
f 4905/5 4906/5 4910/5 4909/5
f 4911/5 4906/5 4905/5
f 4912/5 4909/5 4910/5
f 4906/5 4903/5 4907/5 4910/5
f 4911/5 4903/5 4906/5
f 4912/5 4910/5 4907/5
f 4961/5 4962/5 4966/5 4965/5
f 4969/5 4962/5 4961/5
f 4970/5 4965/5 4966/5
f 4962/5 4963/5 4967/5 4966/5
f 4969/5 4963/5 4962/5
f 4970/5 4966/5 4967/5
f 4963/5 4964/5 4968/5 4967/5
f 4969/5 4964/5 4963/5
f 4970/5 4967/5 4968/5
f 4964/5 4961/5 4965/5 4968/5
f 4969/5 4961/5 4964/5
f 4970/5 4968/5 4965/5
f 5019/5 5020/5 5024/5 5023/5
f 5027/5 5020/5 5019/5
f 5028/5 5023/5 5024/5
f 5020/5 5021/5 5025/5 5024/5
f 5027/5 5021/5 5020/5
f 5028/5 5024/5 5025/5
f 5021/5 5022/5 5026/5 5025/5
f 5027/5 5022/5 5021/5
f 5028/5 5025/5 5026/5
f 5022/5 5019/5 5023/5 5026/5
f 5027/5 5019/5 5022/5
f 5028/5 5026/5 5023/5
f 5077/5 5078/5 5082/5 5081/5
f 5085/5 5078/5 5077/5
f 5086/5 5081/5 5082/5
f 5078/5 5079/5 5083/5 5082/5
f 5085/5 5079/5 5078/5
f 5086/5 5082/5 5083/5
f 5079/5 5080/5 5084/5 5083/5
f 5085/5 5080/5 5079/5
f 5086/5 5083/5 5084/5
f 5080/5 5077/5 5081/5 5084/5
f 5085/5 5077/5 5080/5
f 5086/5 5084/5 5081/5
f 5135/5 5136/5 5140/5 5139/5
f 5143/5 5136/5 5135/5
f 5144/5 5139/5 5140/5
f 5136/5 5137/5 5141/5 5140/5
f 5143/5 5137/5 5136/5
f 5144/5 5140/5 5141/5
f 5137/5 5138/5 5142/5 5141/5
f 5143/5 5138/5 5137/5
f 5144/5 5141/5 5142/5
f 5138/5 5135/5 5139/5 5142/5
f 5143/5 5135/5 5138/5
f 5144/5 5142/5 5139/5
f 5193/5 5194/5 5198/5 5197/5
f 5201/5 5194/5 5193/5
f 5202/5 5197/5 5198/5
f 5194/5 5195/5 5199/5 5198/5
f 5201/5 5195/5 5194/5
f 5202/5 5198/5 5199/5
f 5195/5 5196/5 5200/5 5199/5
f 5201/5 5196/5 5195/5
f 5202/5 5199/5 5200/5
f 5196/5 5193/5 5197/5 5200/5
f 5201/5 5193/5 5196/5
f 5202/5 5200/5 5197/5
usemtl gold
f 1079/4 1082/4 1081/4 1080/4
f 1083/4 1084/4 1085/4 1086/4
f 1079/4 1083/4 1086/4 1082/4
f 1080/4 1081/4 1085/4 1084/4
f 1079/4 1080/4 1084/4 1083/4
f 1082/4 1086/4 1085/4 1081/4
f 1101/4 1104/4 1103/4 1102/4
f 1105/4 1106/4 1107/4 1108/4
f 1101/4 1105/4 1108/4 1104/4
f 1102/4 1103/4 1107/4 1106/4
f 1101/4 1102/4 1106/4 1105/4
f 1104/4 1108/4 1107/4 1103/4
f 1167/4 1170/4 1169/4 1168/4
f 1171/4 1172/4 1173/4 1174/4
f 1167/4 1171/4 1174/4 1170/4
f 1168/4 1169/4 1173/4 1172/4
f 1167/4 1168/4 1172/4 1171/4
f 1170/4 1174/4 1173/4 1169/4
f 1233/4 1236/4 1235/4 1234/4
f 1237/4 1238/4 1239/4 1240/4
f 1233/4 1237/4 1240/4 1236/4
f 1234/4 1235/4 1239/4 1238/4
f 1233/4 1234/4 1238/4 1237/4
f 1236/4 1240/4 1239/4 1235/4
f 1299/4 1302/4 1301/4 1300/4
f 1303/4 1304/4 1305/4 1306/4
f 1299/4 1303/4 1306/4 1302/4
f 1300/4 1301/4 1305/4 1304/4
f 1299/4 1300/4 1304/4 1303/4
f 1302/4 1306/4 1305/4 1301/4
f 1321/4 1324/4 1323/4 1322/4
f 1325/4 1326/4 1327/4 1328/4
f 1321/4 1325/4 1328/4 1324/4
f 1322/4 1323/4 1327/4 1326/4
f 1321/4 1322/4 1326/4 1325/4
f 1324/4 1328/4 1327/4 1323/4
f 1387/4 1390/4 1389/4 1388/4
f 1391/4 1392/4 1393/4 1394/4
f 1387/4 1391/4 1394/4 1390/4
f 1388/4 1389/4 1393/4 1392/4
f 1387/4 1388/4 1392/4 1391/4
f 1390/4 1394/4 1393/4 1389/4
f 1453/4 1456/4 1455/4 1454/4
f 1457/4 1458/4 1459/4 1460/4
f 1453/4 1457/4 1460/4 1456/4
f 1454/4 1455/4 1459/4 1458/4
f 1453/4 1454/4 1458/4 1457/4
f 1456/4 1460/4 1459/4 1455/4
f 1519/4 1522/4 1521/4 1520/4
f 1523/4 1524/4 1525/4 1526/4
f 1519/4 1523/4 1526/4 1522/4
f 1520/4 1521/4 1525/4 1524/4
f 1519/4 1520/4 1524/4 1523/4
f 1522/4 1526/4 1525/4 1521/4
f 1541/4 1544/4 1543/4 1542/4
f 1545/4 1546/4 1547/4 1548/4
f 1541/4 1545/4 1548/4 1544/4
f 1542/4 1543/4 1547/4 1546/4
f 1541/4 1542/4 1546/4 1545/4
f 1544/4 1548/4 1547/4 1543/4
f 1607/4 1610/4 1609/4 1608/4
f 1611/4 1612/4 1613/4 1614/4
f 1607/4 1611/4 1614/4 1610/4
f 1608/4 1609/4 1613/4 1612/4
f 1607/4 1608/4 1612/4 1611/4
f 1610/4 1614/4 1613/4 1609/4
f 1673/4 1676/4 1675/4 1674/4
f 1677/4 1678/4 1679/4 1680/4
f 1673/4 1677/4 1680/4 1676/4
f 1674/4 1675/4 1679/4 1678/4
f 1673/4 1674/4 1678/4 1677/4
f 1676/4 1680/4 1679/4 1675/4
f 1739/4 1742/4 1741/4 1740/4
f 1743/4 1744/4 1745/4 1746/4
f 1739/4 1743/4 1746/4 1742/4
f 1740/4 1741/4 1745/4 1744/4
f 1739/4 1740/4 1744/4 1743/4
f 1742/4 1746/4 1745/4 1741/4
f 1761/4 1764/4 1763/4 1762/4
f 1765/4 1766/4 1767/4 1768/4
f 1761/4 1765/4 1768/4 1764/4
f 1762/4 1763/4 1767/4 1766/4
f 1761/4 1762/4 1766/4 1765/4
f 1764/4 1768/4 1767/4 1763/4
f 1827/4 1830/4 1829/4 1828/4
f 1831/4 1832/4 1833/4 1834/4
f 1827/4 1831/4 1834/4 1830/4
f 1828/4 1829/4 1833/4 1832/4
f 1827/4 1828/4 1832/4 1831/4
f 1830/4 1834/4 1833/4 1829/4
f 1893/4 1896/4 1895/4 1894/4
f 1897/4 1898/4 1899/4 1900/4
f 1893/4 1897/4 1900/4 1896/4
f 1894/4 1895/4 1899/4 1898/4
f 1893/4 1894/4 1898/4 1897/4
f 1896/4 1900/4 1899/4 1895/4
f 1959/4 1962/4 1961/4 1960/4
f 1963/4 1964/4 1965/4 1966/4
f 1959/4 1963/4 1966/4 1962/4
f 1960/4 1961/4 1965/4 1964/4
f 1959/4 1960/4 1964/4 1963/4
f 1962/4 1966/4 1965/4 1961/4
f 1981/4 1984/4 1983/4 1982/4
f 1985/4 1986/4 1987/4 1988/4
f 1981/4 1985/4 1988/4 1984/4
f 1982/4 1983/4 1987/4 1986/4
f 1981/4 1982/4 1986/4 1985/4
f 1984/4 1988/4 1987/4 1983/4
f 2047/4 2050/4 2049/4 2048/4
f 2051/4 2052/4 2053/4 2054/4
f 2047/4 2051/4 2054/4 2050/4
f 2048/4 2049/4 2053/4 2052/4
f 2047/4 2048/4 2052/4 2051/4
f 2050/4 2054/4 2053/4 2049/4
f 2113/4 2116/4 2115/4 2114/4
f 2117/4 2118/4 2119/4 2120/4
f 2113/4 2117/4 2120/4 2116/4
f 2114/4 2115/4 2119/4 2118/4
f 2113/4 2114/4 2118/4 2117/4
f 2116/4 2120/4 2119/4 2115/4
f 2179/4 2182/4 2181/4 2180/4
f 2183/4 2184/4 2185/4 2186/4
f 2179/4 2183/4 2186/4 2182/4
f 2180/4 2181/4 2185/4 2184/4
f 2179/4 2180/4 2184/4 2183/4
f 2182/4 2186/4 2185/4 2181/4
f 2201/4 2204/4 2203/4 2202/4
f 2205/4 2206/4 2207/4 2208/4
f 2201/4 2205/4 2208/4 2204/4
f 2202/4 2203/4 2207/4 2206/4
f 2201/4 2202/4 2206/4 2205/4
f 2204/4 2208/4 2207/4 2203/4
f 2267/4 2270/4 2269/4 2268/4
f 2271/4 2272/4 2273/4 2274/4
f 2267/4 2271/4 2274/4 2270/4
f 2268/4 2269/4 2273/4 2272/4
f 2267/4 2268/4 2272/4 2271/4
f 2270/4 2274/4 2273/4 2269/4
f 2333/4 2336/4 2335/4 2334/4
f 2337/4 2338/4 2339/4 2340/4
f 2333/4 2337/4 2340/4 2336/4
f 2334/4 2335/4 2339/4 2338/4
f 2333/4 2334/4 2338/4 2337/4
f 2336/4 2340/4 2339/4 2335/4
f 2399/4 2402/4 2401/4 2400/4
f 2403/4 2404/4 2405/4 2406/4
f 2399/4 2403/4 2406/4 2402/4
f 2400/4 2401/4 2405/4 2404/4
f 2399/4 2400/4 2404/4 2403/4
f 2402/4 2406/4 2405/4 2401/4
f 2421/4 2424/4 2423/4 2422/4
f 2425/4 2426/4 2427/4 2428/4
f 2421/4 2425/4 2428/4 2424/4
f 2422/4 2423/4 2427/4 2426/4
f 2421/4 2422/4 2426/4 2425/4
f 2424/4 2428/4 2427/4 2423/4
f 2487/4 2490/4 2489/4 2488/4
f 2491/4 2492/4 2493/4 2494/4
f 2487/4 2491/4 2494/4 2490/4
f 2488/4 2489/4 2493/4 2492/4
f 2487/4 2488/4 2492/4 2491/4
f 2490/4 2494/4 2493/4 2489/4
f 2553/4 2556/4 2555/4 2554/4
f 2557/4 2558/4 2559/4 2560/4
f 2553/4 2557/4 2560/4 2556/4
f 2554/4 2555/4 2559/4 2558/4
f 2553/4 2554/4 2558/4 2557/4
f 2556/4 2560/4 2559/4 2555/4
f 2633/4 2636/4 2635/4 2634/4
f 2637/4 2638/4 2639/4 2640/4
f 2633/4 2637/4 2640/4 2636/4
f 2634/4 2635/4 2639/4 2638/4
f 2633/4 2634/4 2638/4 2637/4
f 2636/4 2640/4 2639/4 2635/4
f 2829/4 2832/4 2831/4 2830/4
f 2833/4 2834/4 2835/4 2836/4
f 2829/4 2833/4 2836/4 2832/4
f 2830/4 2831/4 2835/4 2834/4
f 2829/4 2830/4 2834/4 2833/4
f 2832/4 2836/4 2835/4 2831/4
f 3025/4 3028/4 3027/4 3026/4
f 3029/4 3030/4 3031/4 3032/4
f 3025/4 3029/4 3032/4 3028/4
f 3026/4 3027/4 3031/4 3030/4
f 3025/4 3026/4 3030/4 3029/4
f 3028/4 3032/4 3031/4 3027/4
f 3221/4 3224/4 3223/4 3222/4
f 3225/4 3226/4 3227/4 3228/4
f 3221/4 3225/4 3228/4 3224/4
f 3222/4 3223/4 3227/4 3226/4
f 3221/4 3222/4 3226/4 3225/4
f 3224/4 3228/4 3227/4 3223/4
f 3417/4 3420/4 3419/4 3418/4
f 3421/4 3422/4 3423/4 3424/4
f 3417/4 3421/4 3424/4 3420/4
f 3418/4 3419/4 3423/4 3422/4
f 3417/4 3418/4 3422/4 3421/4
f 3420/4 3424/4 3423/4 3419/4
f 3613/4 3616/4 3615/4 3614/4
f 3617/4 3618/4 3619/4 3620/4
f 3613/4 3617/4 3620/4 3616/4
f 3614/4 3615/4 3619/4 3618/4
f 3613/4 3614/4 3618/4 3617/4
f 3616/4 3620/4 3619/4 3615/4
f 3809/4 3812/4 3811/4 3810/4
f 3813/4 3814/4 3815/4 3816/4
f 3809/4 3813/4 3816/4 3812/4
f 3810/4 3811/4 3815/4 3814/4
f 3809/4 3810/4 3814/4 3813/4
f 3812/4 3816/4 3815/4 3811/4
f 4005/4 4008/4 4007/4 4006/4
f 4009/4 4010/4 4011/4 4012/4
f 4005/4 4009/4 4012/4 4008/4
f 4006/4 4007/4 4011/4 4010/4
f 4005/4 4006/4 4010/4 4009/4
f 4008/4 4012/4 4011/4 4007/4
f 4201/4 4204/4 4203/4 4202/4
f 4205/4 4206/4 4207/4 4208/4
f 4201/4 4205/4 4208/4 4204/4
f 4202/4 4203/4 4207/4 4206/4
f 4201/4 4202/4 4206/4 4205/4
f 4204/4 4208/4 4207/4 4203/4
f 4397/4 4400/4 4399/4 4398/4
f 4401/4 4402/4 4403/4 4404/4
f 4397/4 4401/4 4404/4 4400/4
f 4398/4 4399/4 4403/4 4402/4
f 4397/4 4398/4 4402/4 4401/4
f 4400/4 4404/4 4403/4 4399/4
f 4593/4 4596/4 4595/4 4594/4
f 4597/4 4598/4 4599/4 4600/4
f 4593/4 4597/4 4600/4 4596/4
f 4594/4 4595/4 4599/4 4598/4
f 4593/4 4594/4 4598/4 4597/4
f 4596/4 4600/4 4599/4 4595/4
f 4789/4 4792/4 4791/4 4790/4
f 4793/4 4794/4 4795/4 4796/4
f 4789/4 4793/4 4796/4 4792/4
f 4790/4 4791/4 4795/4 4794/4
f 4789/4 4790/4 4794/4 4793/4
f 4792/4 4796/4 4795/4 4791/4
f 5235/4 5238/4 5237/4 5236/4
f 5239/4 5240/4 5241/4 5242/4
f 5235/4 5239/4 5242/4 5238/4
f 5236/4 5237/4 5241/4 5240/4
f 5235/4 5236/4 5240/4 5239/4
f 5238/4 5242/4 5241/4 5237/4
f 5243/4 5244/4 5250/4 5249/4
f 5255/4 5244/4 5243/4
f 5256/4 5249/4 5250/4
f 5244/4 5245/4 5251/4 5250/4
f 5255/4 5245/4 5244/4
f 5256/4 5250/4 5251/4
f 5245/4 5246/4 5252/4 5251/4
f 5255/4 5246/4 5245/4
f 5256/4 5251/4 5252/4
f 5246/4 5247/4 5253/4 5252/4
f 5255/4 5247/4 5246/4
f 5256/4 5252/4 5253/4
f 5247/4 5248/4 5254/4 5253/4
f 5255/4 5248/4 5247/4
f 5256/4 5253/4 5254/4
f 5248/4 5243/4 5249/4 5254/4
f 5255/4 5243/4 5248/4
f 5256/4 5254/4 5249/4
f 5257/4 5258/4 5264/4 5263/4
f 5269/4 5258/4 5257/4
f 5270/4 5263/4 5264/4
f 5258/4 5259/4 5265/4 5264/4
f 5269/4 5259/4 5258/4
f 5270/4 5264/4 5265/4
f 5259/4 5260/4 5266/4 5265/4
f 5269/4 5260/4 5259/4
f 5270/4 5265/4 5266/4
f 5260/4 5261/4 5267/4 5266/4
f 5269/4 5261/4 5260/4
f 5270/4 5266/4 5267/4
f 5261/4 5262/4 5268/4 5267/4
f 5269/4 5262/4 5261/4
f 5270/4 5267/4 5268/4
f 5262/4 5257/4 5263/4 5268/4
f 5269/4 5257/4 5262/4
f 5270/4 5268/4 5263/4
f 5271/4 5272/4 5278/4 5277/4
f 5283/4 5272/4 5271/4
f 5284/4 5277/4 5278/4
f 5272/4 5273/4 5279/4 5278/4
f 5283/4 5273/4 5272/4
f 5284/4 5278/4 5279/4
f 5273/4 5274/4 5280/4 5279/4
f 5283/4 5274/4 5273/4
f 5284/4 5279/4 5280/4
f 5274/4 5275/4 5281/4 5280/4
f 5283/4 5275/4 5274/4
f 5284/4 5280/4 5281/4
f 5275/4 5276/4 5282/4 5281/4
f 5283/4 5276/4 5275/4
f 5284/4 5281/4 5282/4
f 5276/4 5271/4 5277/4 5282/4
f 5283/4 5271/4 5276/4
f 5284/4 5282/4 5277/4
f 5285/4 5286/4 5292/4 5291/4
f 5297/4 5286/4 5285/4
f 5298/4 5291/4 5292/4
f 5286/4 5287/4 5293/4 5292/4
f 5297/4 5287/4 5286/4
f 5298/4 5292/4 5293/4
f 5287/4 5288/4 5294/4 5293/4
f 5297/4 5288/4 5287/4
f 5298/4 5293/4 5294/4
f 5288/4 5289/4 5295/4 5294/4
f 5297/4 5289/4 5288/4
f 5298/4 5294/4 5295/4
f 5289/4 5290/4 5296/4 5295/4
f 5297/4 5290/4 5289/4
f 5298/4 5295/4 5296/4
f 5290/4 5285/4 5291/4 5296/4
f 5297/4 5285/4 5290/4
f 5298/4 5296/4 5291/4
f 5299/4 5300/4 5306/4 5305/4
f 5311/4 5300/4 5299/4
f 5312/4 5305/4 5306/4
f 5300/4 5301/4 5307/4 5306/4
f 5311/4 5301/4 5300/4
f 5312/4 5306/4 5307/4
f 5301/4 5302/4 5308/4 5307/4
f 5311/4 5302/4 5301/4
f 5312/4 5307/4 5308/4
f 5302/4 5303/4 5309/4 5308/4
f 5311/4 5303/4 5302/4
f 5312/4 5308/4 5309/4
f 5303/4 5304/4 5310/4 5309/4
f 5311/4 5304/4 5303/4
f 5312/4 5309/4 5310/4
f 5304/4 5299/4 5305/4 5310/4
f 5311/4 5299/4 5304/4
f 5312/4 5310/4 5305/4
f 5313/4 5314/4 5320/4 5319/4
f 5325/4 5314/4 5313/4
f 5326/4 5319/4 5320/4
f 5314/4 5315/4 5321/4 5320/4
f 5325/4 5315/4 5314/4
f 5326/4 5320/4 5321/4
f 5315/4 5316/4 5322/4 5321/4
f 5325/4 5316/4 5315/4
f 5326/4 5321/4 5322/4
f 5316/4 5317/4 5323/4 5322/4
f 5325/4 5317/4 5316/4
f 5326/4 5322/4 5323/4
f 5317/4 5318/4 5324/4 5323/4
f 5325/4 5318/4 5317/4
f 5326/4 5323/4 5324/4
f 5318/4 5313/4 5319/4 5324/4
f 5325/4 5313/4 5318/4
f 5326/4 5324/4 5319/4
f 5327/4 5328/4 5334/4 5333/4
f 5339/4 5328/4 5327/4
f 5340/4 5333/4 5334/4
f 5328/4 5329/4 5335/4 5334/4
f 5339/4 5329/4 5328/4
f 5340/4 5334/4 5335/4
f 5329/4 5330/4 5336/4 5335/4
f 5339/4 5330/4 5329/4
f 5340/4 5335/4 5336/4
f 5330/4 5331/4 5337/4 5336/4
f 5339/4 5331/4 5330/4
f 5340/4 5336/4 5337/4
f 5331/4 5332/4 5338/4 5337/4
f 5339/4 5332/4 5331/4
f 5340/4 5337/4 5338/4
f 5332/4 5327/4 5333/4 5338/4
f 5339/4 5327/4 5332/4
f 5340/4 5338/4 5333/4
f 5341/4 5342/4 5348/4 5347/4
f 5353/4 5342/4 5341/4
f 5354/4 5347/4 5348/4
f 5342/4 5343/4 5349/4 5348/4
f 5353/4 5343/4 5342/4
f 5354/4 5348/4 5349/4
f 5343/4 5344/4 5350/4 5349/4
f 5353/4 5344/4 5343/4
f 5354/4 5349/4 5350/4
f 5344/4 5345/4 5351/4 5350/4
f 5353/4 5345/4 5344/4
f 5354/4 5350/4 5351/4
f 5345/4 5346/4 5352/4 5351/4
f 5353/4 5346/4 5345/4
f 5354/4 5351/4 5352/4
f 5346/4 5341/4 5347/4 5352/4
f 5353/4 5341/4 5346/4
f 5354/4 5352/4 5347/4
f 5420/4 5419/4 5439/4
f 5429/4 5430/4 5440/4
f 5420/4 5430/4 5429/4 5419/4
f 5421/4 5420/4 5439/4
f 5430/4 5431/4 5440/4
f 5421/4 5431/4 5430/4 5420/4
f 5422/4 5421/4 5439/4
f 5431/4 5432/4 5440/4
f 5422/4 5432/4 5431/4 5421/4
f 5423/4 5422/4 5439/4
f 5432/4 5433/4 5440/4
f 5423/4 5433/4 5432/4 5422/4
f 5424/4 5423/4 5439/4
f 5433/4 5434/4 5440/4
f 5424/4 5434/4 5433/4 5423/4
f 5425/4 5424/4 5439/4
f 5434/4 5435/4 5440/4
f 5425/4 5435/4 5434/4 5424/4
f 5426/4 5425/4 5439/4
f 5435/4 5436/4 5440/4
f 5426/4 5436/4 5435/4 5425/4
f 5427/4 5426/4 5439/4
f 5436/4 5437/4 5440/4
f 5427/4 5437/4 5436/4 5426/4
f 5428/4 5427/4 5439/4
f 5437/4 5438/4 5440/4
f 5428/4 5438/4 5437/4 5427/4
f 5419/4 5428/4 5439/4
f 5438/4 5429/4 5440/4
f 5419/4 5429/4 5438/4 5428/4
usemtl cream
f 1087/1 1088/1 1094/1 1093/1
f 1099/1 1088/1 1087/1
f 1100/1 1093/1 1094/1
f 1088/1 1089/1 1095/1 1094/1
f 1099/1 1089/1 1088/1
f 1100/1 1094/1 1095/1
f 1089/1 1090/1 1096/1 1095/1
f 1099/1 1090/1 1089/1
f 1100/1 1095/1 1096/1
f 1090/1 1091/1 1097/1 1096/1
f 1099/1 1091/1 1090/1
f 1100/1 1096/1 1097/1
f 1091/1 1092/1 1098/1 1097/1
f 1099/1 1092/1 1091/1
f 1100/1 1097/1 1098/1
f 1092/1 1087/1 1093/1 1098/1
f 1099/1 1087/1 1092/1
f 1100/1 1098/1 1093/1
f 1307/1 1308/1 1314/1 1313/1
f 1319/1 1308/1 1307/1
f 1320/1 1313/1 1314/1
f 1308/1 1309/1 1315/1 1314/1
f 1319/1 1309/1 1308/1
f 1320/1 1314/1 1315/1
f 1309/1 1310/1 1316/1 1315/1
f 1319/1 1310/1 1309/1
f 1320/1 1315/1 1316/1
f 1310/1 1311/1 1317/1 1316/1
f 1319/1 1311/1 1310/1
f 1320/1 1316/1 1317/1
f 1311/1 1312/1 1318/1 1317/1
f 1319/1 1312/1 1311/1
f 1320/1 1317/1 1318/1
f 1312/1 1307/1 1313/1 1318/1
f 1319/1 1307/1 1312/1
f 1320/1 1318/1 1313/1
f 1527/1 1528/1 1534/1 1533/1
f 1539/1 1528/1 1527/1
f 1540/1 1533/1 1534/1
f 1528/1 1529/1 1535/1 1534/1
f 1539/1 1529/1 1528/1
f 1540/1 1534/1 1535/1
f 1529/1 1530/1 1536/1 1535/1
f 1539/1 1530/1 1529/1
f 1540/1 1535/1 1536/1
f 1530/1 1531/1 1537/1 1536/1
f 1539/1 1531/1 1530/1
f 1540/1 1536/1 1537/1
f 1531/1 1532/1 1538/1 1537/1
f 1539/1 1532/1 1531/1
f 1540/1 1537/1 1538/1
f 1532/1 1527/1 1533/1 1538/1
f 1539/1 1527/1 1532/1
f 1540/1 1538/1 1533/1
f 1747/1 1748/1 1754/1 1753/1
f 1759/1 1748/1 1747/1
f 1760/1 1753/1 1754/1
f 1748/1 1749/1 1755/1 1754/1
f 1759/1 1749/1 1748/1
f 1760/1 1754/1 1755/1
f 1749/1 1750/1 1756/1 1755/1
f 1759/1 1750/1 1749/1
f 1760/1 1755/1 1756/1
f 1750/1 1751/1 1757/1 1756/1
f 1759/1 1751/1 1750/1
f 1760/1 1756/1 1757/1
f 1751/1 1752/1 1758/1 1757/1
f 1759/1 1752/1 1751/1
f 1760/1 1757/1 1758/1
f 1752/1 1747/1 1753/1 1758/1
f 1759/1 1747/1 1752/1
f 1760/1 1758/1 1753/1
f 1967/1 1968/1 1974/1 1973/1
f 1979/1 1968/1 1967/1
f 1980/1 1973/1 1974/1
f 1968/1 1969/1 1975/1 1974/1
f 1979/1 1969/1 1968/1
f 1980/1 1974/1 1975/1
f 1969/1 1970/1 1976/1 1975/1
f 1979/1 1970/1 1969/1
f 1980/1 1975/1 1976/1
f 1970/1 1971/1 1977/1 1976/1
f 1979/1 1971/1 1970/1
f 1980/1 1976/1 1977/1
f 1971/1 1972/1 1978/1 1977/1
f 1979/1 1972/1 1971/1
f 1980/1 1977/1 1978/1
f 1972/1 1967/1 1973/1 1978/1
f 1979/1 1967/1 1972/1
f 1980/1 1978/1 1973/1
f 2187/1 2188/1 2194/1 2193/1
f 2199/1 2188/1 2187/1
f 2200/1 2193/1 2194/1
f 2188/1 2189/1 2195/1 2194/1
f 2199/1 2189/1 2188/1
f 2200/1 2194/1 2195/1
f 2189/1 2190/1 2196/1 2195/1
f 2199/1 2190/1 2189/1
f 2200/1 2195/1 2196/1
f 2190/1 2191/1 2197/1 2196/1
f 2199/1 2191/1 2190/1
f 2200/1 2196/1 2197/1
f 2191/1 2192/1 2198/1 2197/1
f 2199/1 2192/1 2191/1
f 2200/1 2197/1 2198/1
f 2192/1 2187/1 2193/1 2198/1
f 2199/1 2187/1 2192/1
f 2200/1 2198/1 2193/1
f 2407/1 2408/1 2414/1 2413/1
f 2419/1 2408/1 2407/1
f 2420/1 2413/1 2414/1
f 2408/1 2409/1 2415/1 2414/1
f 2419/1 2409/1 2408/1
f 2420/1 2414/1 2415/1
f 2409/1 2410/1 2416/1 2415/1
f 2419/1 2410/1 2409/1
f 2420/1 2415/1 2416/1
f 2410/1 2411/1 2417/1 2416/1
f 2419/1 2411/1 2410/1
f 2420/1 2416/1 2417/1
f 2411/1 2412/1 2418/1 2417/1
f 2419/1 2412/1 2411/1
f 2420/1 2417/1 2418/1
f 2412/1 2407/1 2413/1 2418/1
f 2419/1 2407/1 2412/1
f 2420/1 2418/1 2413/1
f 2619/1 2620/1 2626/1 2625/1
f 2631/1 2620/1 2619/1
f 2632/1 2625/1 2626/1
f 2620/1 2621/1 2627/1 2626/1
f 2631/1 2621/1 2620/1
f 2632/1 2626/1 2627/1
f 2621/1 2622/1 2628/1 2627/1
f 2631/1 2622/1 2621/1
f 2632/1 2627/1 2628/1
f 2622/1 2623/1 2629/1 2628/1
f 2631/1 2623/1 2622/1
f 2632/1 2628/1 2629/1
f 2623/1 2624/1 2630/1 2629/1
f 2631/1 2624/1 2623/1
f 2632/1 2629/1 2630/1
f 2624/1 2619/1 2625/1 2630/1
f 2631/1 2619/1 2624/1
f 2632/1 2630/1 2625/1
f 2815/1 2816/1 2822/1 2821/1
f 2827/1 2816/1 2815/1
f 2828/1 2821/1 2822/1
f 2816/1 2817/1 2823/1 2822/1
f 2827/1 2817/1 2816/1
f 2828/1 2822/1 2823/1
f 2817/1 2818/1 2824/1 2823/1
f 2827/1 2818/1 2817/1
f 2828/1 2823/1 2824/1
f 2818/1 2819/1 2825/1 2824/1
f 2827/1 2819/1 2818/1
f 2828/1 2824/1 2825/1
f 2819/1 2820/1 2826/1 2825/1
f 2827/1 2820/1 2819/1
f 2828/1 2825/1 2826/1
f 2820/1 2815/1 2821/1 2826/1
f 2827/1 2815/1 2820/1
f 2828/1 2826/1 2821/1
f 3011/1 3012/1 3018/1 3017/1
f 3023/1 3012/1 3011/1
f 3024/1 3017/1 3018/1
f 3012/1 3013/1 3019/1 3018/1
f 3023/1 3013/1 3012/1
f 3024/1 3018/1 3019/1
f 3013/1 3014/1 3020/1 3019/1
f 3023/1 3014/1 3013/1
f 3024/1 3019/1 3020/1
f 3014/1 3015/1 3021/1 3020/1
f 3023/1 3015/1 3014/1
f 3024/1 3020/1 3021/1
f 3015/1 3016/1 3022/1 3021/1
f 3023/1 3016/1 3015/1
f 3024/1 3021/1 3022/1
f 3016/1 3011/1 3017/1 3022/1
f 3023/1 3011/1 3016/1
f 3024/1 3022/1 3017/1
f 3207/1 3208/1 3214/1 3213/1
f 3219/1 3208/1 3207/1
f 3220/1 3213/1 3214/1
f 3208/1 3209/1 3215/1 3214/1
f 3219/1 3209/1 3208/1
f 3220/1 3214/1 3215/1
f 3209/1 3210/1 3216/1 3215/1
f 3219/1 3210/1 3209/1
f 3220/1 3215/1 3216/1
f 3210/1 3211/1 3217/1 3216/1
f 3219/1 3211/1 3210/1
f 3220/1 3216/1 3217/1
f 3211/1 3212/1 3218/1 3217/1
f 3219/1 3212/1 3211/1
f 3220/1 3217/1 3218/1
f 3212/1 3207/1 3213/1 3218/1
f 3219/1 3207/1 3212/1
f 3220/1 3218/1 3213/1
f 3403/1 3404/1 3410/1 3409/1
f 3415/1 3404/1 3403/1
f 3416/1 3409/1 3410/1
f 3404/1 3405/1 3411/1 3410/1
f 3415/1 3405/1 3404/1
f 3416/1 3410/1 3411/1
f 3405/1 3406/1 3412/1 3411/1
f 3415/1 3406/1 3405/1
f 3416/1 3411/1 3412/1
f 3406/1 3407/1 3413/1 3412/1
f 3415/1 3407/1 3406/1
f 3416/1 3412/1 3413/1
f 3407/1 3408/1 3414/1 3413/1
f 3415/1 3408/1 3407/1
f 3416/1 3413/1 3414/1
f 3408/1 3403/1 3409/1 3414/1
f 3415/1 3403/1 3408/1
f 3416/1 3414/1 3409/1
f 3599/1 3600/1 3606/1 3605/1
f 3611/1 3600/1 3599/1
f 3612/1 3605/1 3606/1
f 3600/1 3601/1 3607/1 3606/1
f 3611/1 3601/1 3600/1
f 3612/1 3606/1 3607/1
f 3601/1 3602/1 3608/1 3607/1
f 3611/1 3602/1 3601/1
f 3612/1 3607/1 3608/1
f 3602/1 3603/1 3609/1 3608/1
f 3611/1 3603/1 3602/1
f 3612/1 3608/1 3609/1
f 3603/1 3604/1 3610/1 3609/1
f 3611/1 3604/1 3603/1
f 3612/1 3609/1 3610/1
f 3604/1 3599/1 3605/1 3610/1
f 3611/1 3599/1 3604/1
f 3612/1 3610/1 3605/1
f 3795/1 3796/1 3802/1 3801/1
f 3807/1 3796/1 3795/1
f 3808/1 3801/1 3802/1
f 3796/1 3797/1 3803/1 3802/1
f 3807/1 3797/1 3796/1
f 3808/1 3802/1 3803/1
f 3797/1 3798/1 3804/1 3803/1
f 3807/1 3798/1 3797/1
f 3808/1 3803/1 3804/1
f 3798/1 3799/1 3805/1 3804/1
f 3807/1 3799/1 3798/1
f 3808/1 3804/1 3805/1
f 3799/1 3800/1 3806/1 3805/1
f 3807/1 3800/1 3799/1
f 3808/1 3805/1 3806/1
f 3800/1 3795/1 3801/1 3806/1
f 3807/1 3795/1 3800/1
f 3808/1 3806/1 3801/1
f 3991/1 3992/1 3998/1 3997/1
f 4003/1 3992/1 3991/1
f 4004/1 3997/1 3998/1
f 3992/1 3993/1 3999/1 3998/1
f 4003/1 3993/1 3992/1
f 4004/1 3998/1 3999/1
f 3993/1 3994/1 4000/1 3999/1
f 4003/1 3994/1 3993/1
f 4004/1 3999/1 4000/1
f 3994/1 3995/1 4001/1 4000/1
f 4003/1 3995/1 3994/1
f 4004/1 4000/1 4001/1
f 3995/1 3996/1 4002/1 4001/1
f 4003/1 3996/1 3995/1
f 4004/1 4001/1 4002/1
f 3996/1 3991/1 3997/1 4002/1
f 4003/1 3991/1 3996/1
f 4004/1 4002/1 3997/1
f 4187/1 4188/1 4194/1 4193/1
f 4199/1 4188/1 4187/1
f 4200/1 4193/1 4194/1
f 4188/1 4189/1 4195/1 4194/1
f 4199/1 4189/1 4188/1
f 4200/1 4194/1 4195/1
f 4189/1 4190/1 4196/1 4195/1
f 4199/1 4190/1 4189/1
f 4200/1 4195/1 4196/1
f 4190/1 4191/1 4197/1 4196/1
f 4199/1 4191/1 4190/1
f 4200/1 4196/1 4197/1
f 4191/1 4192/1 4198/1 4197/1
f 4199/1 4192/1 4191/1
f 4200/1 4197/1 4198/1
f 4192/1 4187/1 4193/1 4198/1
f 4199/1 4187/1 4192/1
f 4200/1 4198/1 4193/1
f 4383/1 4384/1 4390/1 4389/1
f 4395/1 4384/1 4383/1
f 4396/1 4389/1 4390/1
f 4384/1 4385/1 4391/1 4390/1
f 4395/1 4385/1 4384/1
f 4396/1 4390/1 4391/1
f 4385/1 4386/1 4392/1 4391/1
f 4395/1 4386/1 4385/1
f 4396/1 4391/1 4392/1
f 4386/1 4387/1 4393/1 4392/1
f 4395/1 4387/1 4386/1
f 4396/1 4392/1 4393/1
f 4387/1 4388/1 4394/1 4393/1
f 4395/1 4388/1 4387/1
f 4396/1 4393/1 4394/1
f 4388/1 4383/1 4389/1 4394/1
f 4395/1 4383/1 4388/1
f 4396/1 4394/1 4389/1
f 4579/1 4580/1 4586/1 4585/1
f 4591/1 4580/1 4579/1
f 4592/1 4585/1 4586/1
f 4580/1 4581/1 4587/1 4586/1
f 4591/1 4581/1 4580/1
f 4592/1 4586/1 4587/1
f 4581/1 4582/1 4588/1 4587/1
f 4591/1 4582/1 4581/1
f 4592/1 4587/1 4588/1
f 4582/1 4583/1 4589/1 4588/1
f 4591/1 4583/1 4582/1
f 4592/1 4588/1 4589/1
f 4583/1 4584/1 4590/1 4589/1
f 4591/1 4584/1 4583/1
f 4592/1 4589/1 4590/1
f 4584/1 4579/1 4585/1 4590/1
f 4591/1 4579/1 4584/1
f 4592/1 4590/1 4585/1
f 4775/1 4776/1 4782/1 4781/1
f 4787/1 4776/1 4775/1
f 4788/1 4781/1 4782/1
f 4776/1 4777/1 4783/1 4782/1
f 4787/1 4777/1 4776/1
f 4788/1 4782/1 4783/1
f 4777/1 4778/1 4784/1 4783/1
f 4787/1 4778/1 4777/1
f 4788/1 4783/1 4784/1
f 4778/1 4779/1 4785/1 4784/1
f 4787/1 4779/1 4778/1
f 4788/1 4784/1 4785/1
f 4779/1 4780/1 4786/1 4785/1
f 4787/1 4780/1 4779/1
f 4788/1 4785/1 4786/1
f 4780/1 4775/1 4781/1 4786/1
f 4787/1 4775/1 4780/1
f 4788/1 4786/1 4781/1
f 5227/1 5230/1 5229/1 5228/1
f 5231/1 5232/1 5233/1 5234/1
f 5227/1 5231/1 5234/1 5230/1
f 5228/1 5229/1 5233/1 5232/1
f 5227/1 5228/1 5232/1 5231/1
f 5230/1 5234/1 5233/1 5229/1
f 5363/1 5366/1 5365/1 5364/1
f 5367/1 5368/1 5369/1 5370/1
f 5363/1 5367/1 5370/1 5366/1
f 5364/1 5365/1 5369/1 5368/1
f 5363/1 5364/1 5368/1 5367/1
f 5366/1 5370/1 5369/1 5365/1
f 5379/1 5382/1 5381/1 5380/1
f 5383/1 5384/1 5385/1 5386/1
f 5379/1 5383/1 5386/1 5382/1
f 5380/1 5381/1 5385/1 5384/1
f 5379/1 5380/1 5384/1 5383/1
f 5382/1 5386/1 5385/1 5381/1
f 5395/1 5398/1 5397/1 5396/1
f 5399/1 5400/1 5401/1 5402/1
f 5395/1 5399/1 5402/1 5398/1
f 5396/1 5397/1 5401/1 5400/1
f 5395/1 5396/1 5400/1 5399/1
f 5398/1 5402/1 5401/1 5397/1
f 5411/1 5414/1 5413/1 5412/1
f 5415/1 5416/1 5417/1 5418/1
f 5411/1 5415/1 5418/1 5414/1
f 5412/1 5413/1 5417/1 5416/1
f 5411/1 5412/1 5416/1 5415/1
f 5414/1 5418/1 5417/1 5413/1
