# ParkParkFlumeTrack — ParkPark original fairground mesh
mtllib ParkParkFairground.mtl
o ParkParkFlumeTrack
v -7.76306 0.55000 -6.82362
v -8.23694 0.55000 -9.17638
v -8.23694 0.95000 -9.17638
v -7.76306 0.95000 -6.82362
v -7.11953 0.55000 -6.95324
v -7.59341 0.55000 -9.30599
v -7.59341 0.95000 -9.30599
v -7.11953 0.95000 -6.95324
v -7.76306 0.95000 -6.82362
v -8.23694 0.95000 -9.17638
v -8.23694 1.12000 -9.17638
v -7.76306 1.12000 -6.82362
v -7.11953 0.95000 -6.95324
v -7.59341 0.95000 -9.30599
v -7.59341 1.12000 -9.30599
v -7.11953 1.12000 -6.95324
v -7.70383 0.55000 -6.52953
v -7.76306 0.55000 -6.82362
v -7.76306 1.85000 -6.82362
v -7.70383 1.85000 -6.52953
v -7.06029 0.55000 -6.65915
v -7.11953 0.55000 -6.95324
v -7.11953 1.85000 -6.95324
v -7.06029 1.85000 -6.65915
v -8.23694 0.55000 -9.17638
v -8.29617 0.55000 -9.47047
v -8.29617 1.85000 -9.47047
v -8.23694 1.85000 -9.17638
v -7.59341 0.55000 -9.30599
v -7.65264 0.55000 -9.60009
v -7.65264 1.85000 -9.60009
v -7.59341 1.85000 -9.30599
v -7.21027 0.55000 -6.93856
v -7.50267 0.55000 -9.32068
v -7.50267 0.95000 -9.32068
v -7.21027 0.95000 -6.93856
v -6.55863 0.55000 -7.01854
v -6.85103 0.55000 -9.40066
v -6.85103 0.95000 -9.40066
v -6.55863 0.95000 -7.01854
v -7.21027 0.95000 -6.93856
v -7.50267 0.95000 -9.32068
v -7.50267 1.12000 -9.32068
v -7.21027 1.12000 -6.93856
v -6.55863 0.95000 -7.01854
v -6.85103 0.95000 -9.40066
v -6.85103 1.12000 -9.40066
v -6.55863 1.12000 -7.01854
v -7.17372 0.55000 -6.64079
v -7.21027 0.55000 -6.93856
v -7.21027 1.85000 -6.93856
v -7.17372 1.85000 -6.64079
v -6.52208 0.55000 -6.72078
v -6.55863 0.55000 -7.01854
v -6.55863 1.85000 -7.01854
v -6.52208 1.85000 -6.72078
v -7.50267 0.55000 -9.32068
v -7.53922 0.55000 -9.61844
v -7.53922 1.85000 -9.61844
v -7.50267 1.85000 -9.32068
v -6.85103 0.55000 -9.40066
v -6.88758 0.55000 -9.69843
v -6.88758 1.85000 -9.69843
v -6.85103 1.85000 -9.40066
v -6.63231 0.55000 -7.01180
v -6.77735 0.55000 -9.40741
v -6.77735 0.95000 -9.40741
v -6.63231 0.95000 -7.01180
v -5.97692 0.55000 -7.05148
v -6.12197 0.55000 -9.44709
v -6.12197 0.95000 -9.44709
v -5.97692 0.95000 -7.05148
v -6.63231 0.95000 -7.01180
v -6.77735 0.95000 -9.40741
v -6.77735 1.12000 -9.40741
v -6.63231 1.12000 -7.01180
v -5.97692 0.95000 -7.05148
v -6.12197 0.95000 -9.44709
v -6.12197 1.12000 -9.44709
v -5.97692 1.12000 -7.05148
v -6.61418 0.55000 -6.71235
v -6.63231 0.55000 -7.01180
v -6.63231 1.85000 -7.01180
v -6.61418 1.85000 -6.71235
v -5.95879 0.55000 -6.75203
v -5.97692 0.55000 -7.05148
v -5.97692 1.85000 -7.05148
v -5.95879 1.85000 -6.75203
v -6.77735 0.55000 -9.40741
v -6.79548 0.55000 -9.70686
v -6.79548 1.85000 -9.70686
v -6.77735 1.85000 -9.40741
v -6.12197 0.55000 -9.44709
v -6.14010 0.55000 -9.74654
v -6.14010 1.85000 -9.74654
v -6.12197 1.85000 -9.44709
v -6.03194 0.55000 -7.04941
v -6.06694 0.55000 -9.44916
v -6.06694 0.95000 -9.44916
v -6.03194 0.95000 -7.04941
v -5.37539 0.55000 -7.05899
v -5.41039 0.55000 -9.45873
v -5.41039 0.95000 -9.45873
v -5.37539 0.95000 -7.05899
v -6.03194 0.95000 -7.04941
v -6.06694 0.95000 -9.44916
v -6.06694 1.12000 -9.44916
v -6.03194 1.12000 -7.04941
v -5.37539 0.95000 -7.05899
v -5.41039 0.95000 -9.45873
v -5.41039 1.12000 -9.45873
v -5.37539 1.12000 -7.05899
v -6.02757 0.55000 -6.74944
v -6.03194 0.55000 -7.04941
v -6.03194 1.85000 -7.04941
v -6.02757 1.85000 -6.74944
v -5.37102 0.55000 -6.75902
v -5.37539 0.55000 -7.05899
v -5.37539 1.85000 -7.05899
v -5.37102 1.85000 -6.75902
v -6.06694 0.55000 -9.44916
v -6.07132 0.55000 -9.74913
v -6.07132 1.85000 -9.74913
v -6.06694 1.85000 -9.44916
v -5.41039 0.55000 -9.45873
v -5.41477 0.55000 -9.75870
v -5.41477 1.85000 -9.75870
v -5.41039 1.85000 -9.45873
v -5.41686 0.55000 -7.05910
v -5.36893 0.55000 -9.45862
v -5.36893 0.95000 -9.45862
v -5.41686 0.95000 -7.05910
v -4.76034 0.55000 -7.04599
v -4.71241 0.55000 -9.44551
v -4.71241 0.95000 -9.44551
v -4.76034 0.95000 -7.04599
v -5.41686 0.95000 -7.05910
v -5.36893 0.95000 -9.45862
v -5.36893 1.12000 -9.45862
v -5.41686 1.12000 -7.05910
v -4.76034 0.95000 -7.04599
v -4.71241 0.95000 -9.44551
v -4.71241 1.12000 -9.44551
v -4.76034 1.12000 -7.04599
v -5.42285 0.55000 -6.75916
v -5.41686 0.55000 -7.05910
v -5.41686 1.85000 -7.05910
v -5.42285 1.85000 -6.75916
v -4.76634 0.55000 -6.74605
v -4.76034 0.55000 -7.04599
v -4.76034 1.85000 -7.04599
v -4.76634 1.85000 -6.74605
v -5.36893 0.55000 -9.45862
v -5.36293 0.55000 -9.75856
v -5.36293 1.85000 -9.75856
v -5.36893 1.85000 -9.45862
v -4.71241 0.55000 -9.44551
v -4.70642 0.55000 -9.74545
v -4.70642 1.85000 -9.74545
v -4.71241 1.85000 -9.44551
v -4.79024 0.55000 -7.04696
v -4.68252 0.55000 -9.44454
v -4.68252 0.95000 -9.44454
v -4.79024 0.95000 -7.04696
v -4.13424 0.55000 -7.01748
v -4.02652 0.55000 -9.41507
v -4.02652 0.95000 -9.41507
v -4.13424 0.95000 -7.01748
v -4.79024 0.95000 -7.04696
v -4.68252 0.95000 -9.44454
v -4.68252 1.12000 -9.44454
v -4.79024 1.12000 -7.04696
v -4.13424 0.95000 -7.01748
v -4.02652 0.95000 -9.41507
v -4.02652 1.12000 -9.41507
v -4.13424 1.12000 -7.01748
v -4.80370 0.55000 -6.74726
v -4.79024 0.55000 -7.04696
v -4.79024 1.85000 -7.04696
v -4.80370 1.85000 -6.74726
v -4.14770 0.55000 -6.71779
v -4.13424 0.55000 -7.01748
v -4.13424 1.85000 -7.01748
v -4.14770 1.85000 -6.71779
v -4.68252 0.55000 -9.44454
v -4.66906 0.55000 -9.74424
v -4.66906 1.85000 -9.74424
v -4.68252 1.85000 -9.44454
v -4.02652 0.55000 -9.41507
v -4.01306 0.55000 -9.71476
v -4.01306 1.85000 -9.71476
v -4.02652 1.85000 -9.41507
v -4.15301 0.55000 -7.01847
v -4.00775 0.55000 -9.41408
v -4.00775 0.95000 -9.41408
v -4.15301 0.95000 -7.01847
v -3.49755 0.55000 -6.97873
v -3.35229 0.55000 -9.37433
v -3.35229 0.95000 -9.37433
v -3.49755 0.95000 -6.97873
v -4.15301 0.95000 -7.01847
v -4.00775 0.95000 -9.41408
v -4.00775 1.12000 -9.41408
v -4.15301 1.12000 -7.01847
v -3.49755 0.95000 -6.97873
v -3.35229 0.95000 -9.37433
v -3.35229 1.12000 -9.37433
v -3.49755 1.12000 -6.97873
v -4.17117 0.55000 -6.71902
v -4.15301 0.55000 -7.01847
v -4.15301 1.85000 -7.01847
v -4.17117 1.85000 -6.71902
v -3.51571 0.55000 -6.67928
v -3.49755 0.55000 -6.97873
v -3.49755 1.85000 -6.97873
v -3.51571 1.85000 -6.67928
v -4.00775 0.55000 -9.41408
v -3.98959 0.55000 -9.71353
v -3.98959 1.85000 -9.71353
v -4.00775 1.85000 -9.41408
v -3.35229 0.55000 -9.37433
v -3.33413 0.55000 -9.67378
v -3.33413 1.85000 -9.67378
v -3.35229 1.85000 -9.37433
v -3.50692 0.55000 -6.97934
v -3.34292 0.55000 -9.37373
v -3.34292 0.95000 -9.37373
v -3.50692 0.95000 -6.97934
v -2.85178 0.55000 -6.93446
v -2.68779 0.55000 -9.32885
v -2.68779 0.95000 -9.32885
v -2.85178 0.95000 -6.93446
v -3.50692 0.95000 -6.97934
v -3.34292 0.95000 -9.37373
v -3.34292 1.12000 -9.37373
v -3.50692 1.12000 -6.97934
v -2.85178 0.95000 -6.93446
v -2.68779 0.95000 -9.32885
v -2.68779 1.12000 -9.32885
v -2.85178 1.12000 -6.93446
v -3.52742 0.55000 -6.68004
v -3.50692 0.55000 -6.97934
v -3.50692 1.85000 -6.97934
v -3.52742 1.85000 -6.68004
v -2.87228 0.55000 -6.63517
v -2.85178 0.55000 -6.93446
v -2.85178 1.85000 -6.93446
v -2.87228 1.85000 -6.63517
v -3.34292 0.55000 -9.37373
v -3.32242 0.55000 -9.67302
v -3.32242 1.85000 -9.67302
v -3.34292 1.85000 -9.37373
v -2.68779 0.55000 -9.32885
v -2.66729 0.55000 -9.62815
v -2.66729 1.85000 -9.62815
v -2.68779 1.85000 -9.32885
v -2.85219 0.55000 -6.93449
v -2.68739 0.55000 -9.32883
v -2.68739 0.95000 -9.32883
v -2.85219 0.95000 -6.93449
v -2.19707 0.55000 -6.88940
v -2.03227 0.55000 -9.28374
v -2.03227 0.95000 -9.28374
v -2.19707 0.95000 -6.88940
v -2.85219 0.95000 -6.93449
v -2.68739 0.95000 -9.32883
v -2.68739 1.12000 -9.32883
v -2.85219 1.12000 -6.93449
v -2.19707 0.95000 -6.88940
v -2.03227 0.95000 -9.28374
v -2.03227 1.12000 -9.28374
v -2.19707 1.12000 -6.88940
v -2.87279 0.55000 -6.63520
v -2.85219 0.55000 -6.93449
v -2.85219 1.85000 -6.93449
v -2.87279 1.85000 -6.63520
v -2.21767 0.55000 -6.59011
v -2.19707 0.55000 -6.88940
v -2.19707 1.85000 -6.88940
v -2.21767 1.85000 -6.59011
v -2.68739 0.55000 -9.32883
v -2.66679 0.55000 -9.62812
v -2.66679 1.85000 -9.62812
v -2.68739 1.85000 -9.32883
v -2.03227 0.55000 -9.28374
v -2.01167 0.55000 -9.58303
v -2.01167 1.85000 -9.58303
v -2.03227 1.85000 -9.28374
v -2.18852 0.55000 -6.88884
v -2.04081 0.55000 -9.28429
v -2.04081 0.95000 -9.28429
v -2.18852 0.95000 -6.88884
v -1.53310 0.55000 -6.84843
v -1.38539 0.55000 -9.24388
v -1.38539 0.95000 -9.24388
v -1.53310 0.95000 -6.84843
v -2.18852 0.95000 -6.88884
v -2.04081 0.95000 -9.28429
v -2.04081 1.12000 -9.28429
v -2.18852 1.12000 -6.88884
v -1.53310 0.95000 -6.84843
v -1.38539 0.95000 -9.24388
v -1.38539 1.12000 -9.24388
v -1.53310 1.12000 -6.84843
v -2.20699 0.55000 -6.58941
v -2.18852 0.55000 -6.88884
v -2.18852 1.85000 -6.88884
v -2.20699 1.85000 -6.58941
v -1.55157 0.55000 -6.54900
v -1.53310 0.55000 -6.84843
v -1.53310 1.85000 -6.84843
v -1.55157 1.85000 -6.54900
v -2.04081 0.55000 -9.28429
v -2.02234 0.55000 -9.58372
v -2.02234 1.85000 -9.58372
v -2.04081 1.85000 -9.28429
v -1.38539 0.55000 -9.24388
v -1.36692 0.55000 -9.54331
v -1.36692 1.85000 -9.54331
v -1.38539 1.85000 -9.24388
v -1.51514 0.55000 -6.84745
v -1.40335 0.55000 -9.24485
v -1.40335 0.95000 -9.24485
v -1.51514 0.95000 -6.84745
v -0.85920 0.55000 -6.81687
v -0.74740 0.55000 -9.21426
v -0.74740 0.95000 -9.21426
v -0.85920 0.95000 -6.81687
v -1.51514 0.95000 -6.84745
v -1.40335 0.95000 -9.24485
v -1.40335 1.12000 -9.24485
v -1.51514 1.12000 -6.84745
v -0.85920 0.95000 -6.81687
v -0.74740 0.95000 -9.21426
v -0.74740 1.12000 -9.21426
v -0.85920 1.12000 -6.81687
v -1.52912 0.55000 -6.54778
v -1.51514 0.55000 -6.84745
v -1.51514 1.85000 -6.84745
v -1.52912 1.85000 -6.54778
v -0.87317 0.55000 -6.51719
v -0.85920 0.55000 -6.81687
v -0.85920 1.85000 -6.81687
v -0.87317 1.85000 -6.51719
v -1.40335 0.55000 -9.24485
v -1.38937 0.55000 -9.54452
v -1.38937 1.85000 -9.54452
v -1.40335 1.85000 -9.24485
v -0.74740 0.55000 -9.21426
v -0.73343 0.55000 -9.51394
v -0.73343 1.85000 -9.51394
v -0.74740 1.85000 -9.21426
v -0.83031 0.55000 -6.81587
v -0.77628 0.55000 -9.21526
v -0.77628 0.95000 -9.21526
v -0.83031 0.95000 -6.81587
v -0.17384 0.55000 -6.80108
v -0.11980 0.55000 -9.20048
v -0.11980 0.95000 -9.20048
v -0.17384 0.95000 -6.80108
v -0.83031 0.95000 -6.81587
v -0.77628 0.95000 -9.21526
v -0.77628 1.12000 -9.21526
v -0.83031 1.12000 -6.81587
v -0.17384 0.95000 -6.80108
v -0.11980 0.95000 -9.20048
v -0.11980 1.12000 -9.20048
v -0.17384 1.12000 -6.80108
v -0.83707 0.55000 -6.51594
v -0.83031 0.55000 -6.81587
v -0.83031 1.85000 -6.81587
v -0.83707 1.85000 -6.51594
v -0.18059 0.55000 -6.50116
v -0.17384 0.55000 -6.80108
v -0.17384 1.85000 -6.80108
v -0.18059 1.85000 -6.50116
v -0.77628 0.55000 -9.21526
v -0.76953 0.55000 -9.51518
v -0.76953 1.85000 -9.51518
v -0.77628 1.85000 -9.21526
v -0.11980 0.55000 -9.20048
v -0.11305 0.55000 -9.50040
v -0.11305 1.85000 -9.50040
v -0.11980 1.85000 -9.20048
v -0.14122 0.55000 -6.80079
v -0.15242 0.55000 -9.20077
v -0.15242 0.95000 -9.20077
v -0.14122 0.95000 -6.80079
v 0.51542 0.54692 -6.80386
v 0.50422 0.54692 -9.20383
v 0.50422 0.94692 -9.20383
v 0.51542 0.94692 -6.80386
v -0.14122 0.95000 -6.80079
v -0.15242 0.95000 -9.20077
v -0.15242 1.12000 -9.20077
v -0.14122 1.12000 -6.80079
v 0.51542 0.94692 -6.80386
v 0.50422 0.94692 -9.20383
v 0.50422 1.11692 -9.20383
v 0.51542 1.11692 -6.80386
v -0.13982 0.55000 -6.50080
v -0.14122 0.55000 -6.80079
v -0.14122 1.85000 -6.80079
v -0.13982 1.85000 -6.50080
v 0.51682 0.54692 -6.50386
v 0.51542 0.54692 -6.80386
v 0.51542 1.84692 -6.80386
v 0.51682 1.84692 -6.50386
v -0.15242 0.55000 -9.20077
v -0.15382 0.55000 -9.50076
v -0.15382 1.85000 -9.50076
v -0.15242 1.85000 -9.20077
v 0.50422 0.54692 -9.20383
v 0.50281 0.54692 -9.50383
v 0.50281 1.84692 -9.50383
v 0.50422 1.84692 -9.20383
v 0.53475 0.54692 -6.80411
v 0.48488 0.54692 -9.20359
v 0.48488 0.94692 -9.20359
v 0.53475 0.94692 -6.80411
v 1.19118 0.53601 -6.81775
v 1.14131 0.53601 -9.21723
v 1.14131 0.93601 -9.21723
v 1.19118 0.93601 -6.81775
v 0.53475 0.94692 -6.80411
v 0.48488 0.94692 -9.20359
v 0.48488 1.11692 -9.20359
v 0.53475 1.11692 -6.80411
v 1.19118 0.93601 -6.81775
v 1.14131 0.93601 -9.21723
v 1.14131 1.10601 -9.21723
v 1.19118 1.10601 -6.81775
v 0.54099 0.54692 -6.50417
v 0.53475 0.54692 -6.80411
v 0.53475 1.84692 -6.80411
v 0.54099 1.84692 -6.50417
v 1.19742 0.53601 -6.51781
v 1.19118 0.53601 -6.81775
v 1.19118 1.83601 -6.81775
v 1.19742 1.83601 -6.51781
v 0.48488 0.54692 -9.20359
v 0.47865 0.54692 -9.50352
v 0.47865 1.84692 -9.50352
v 0.48488 1.84692 -9.20359
v 1.14131 0.53601 -9.21723
v 1.13508 0.53601 -9.51717
v 1.13508 1.83601 -9.51717
v 1.14131 1.83601 -9.21723
v 1.20371 0.53601 -6.81807
v 1.12878 0.53601 -9.21690
v 1.12878 0.93601 -9.21690
v 1.20371 0.93601 -6.81807
v 1.85985 0.51961 -6.83857
v 1.78493 0.51961 -9.23740
v 1.78493 0.91961 -9.23740
v 1.85985 0.91961 -6.83857
v 1.20371 0.93601 -6.81807
v 1.12878 0.93601 -9.21690
v 1.12878 1.10601 -9.21690
v 1.20371 1.10601 -6.81807
v 1.85985 0.91961 -6.83857
v 1.78493 0.91961 -9.23740
v 1.78493 1.08961 -9.23740
v 1.85985 1.08961 -6.83857
v 1.21307 0.53601 -6.51822
v 1.20371 0.53601 -6.81807
v 1.20371 1.83601 -6.81807
v 1.21307 1.83601 -6.51822
v 1.86922 0.51961 -6.53871
v 1.85985 0.51961 -6.83857
v 1.85985 1.81961 -6.83857
v 1.86922 1.81961 -6.53871
v 1.12878 0.53601 -9.21690
v 1.11942 0.53601 -9.51676
v 1.11942 1.83601 -9.51676
v 1.12878 1.83601 -9.21690
v 1.78493 0.51961 -9.23740
v 1.77556 0.51961 -9.53725
v 1.77556 1.81961 -9.53725
v 1.78493 1.81961 -9.23740
v 1.86698 0.51961 -6.83881
v 1.77779 0.51961 -9.23715
v 1.77779 0.91961 -9.23715
v 1.86698 0.91961 -6.83881
v 2.52291 0.50010 -6.86321
v 2.43372 0.50010 -9.26155
v 2.43372 0.90010 -9.26155
v 2.52291 0.90010 -6.86321
v 1.86698 0.91961 -6.83881
v 1.77779 0.91961 -9.23715
v 1.77779 1.08961 -9.23715
v 1.86698 1.08961 -6.83881
v 2.52291 0.90010 -6.86321
v 2.43372 0.90010 -9.26155
v 2.43372 1.07010 -9.26155
v 2.52291 1.07010 -6.86321
v 1.87813 0.51961 -6.53902
v 1.86698 0.51961 -6.83881
v 1.86698 1.81961 -6.83881
v 1.87813 1.81961 -6.53902
v 2.53406 0.50010 -6.56341
v 2.52291 0.50010 -6.86321
v 2.52291 1.80010 -6.86321
v 2.53406 1.80010 -6.56341
v 1.77779 0.51961 -9.23715
v 1.76664 0.51961 -9.53695
v 1.76664 1.81961 -9.53695
v 1.77779 1.81961 -9.23715
v 2.43372 0.50010 -9.26155
v 2.42257 0.50010 -9.56134
v 2.42257 1.80010 -9.56134
v 2.43372 1.80010 -9.26155
v 2.52512 0.50010 -6.86329
v 2.43150 0.50010 -9.26146
v 2.43150 0.90010 -9.26146
v 2.52512 0.90010 -6.86329
v 3.18097 0.47962 -6.88889
v 3.08736 0.47962 -9.28707
v 3.08736 0.87962 -9.28707
v 3.18097 0.87962 -6.88889
v 2.52512 0.90010 -6.86329
v 2.43150 0.90010 -9.26146
v 2.43150 1.07010 -9.26146
v 2.52512 1.07010 -6.86329
v 3.18097 0.87962 -6.88889
v 3.08736 0.87962 -9.28707
v 3.08736 1.04962 -9.28707
v 3.18097 1.04962 -6.88889
v 2.53683 0.50010 -6.56352
v 2.52512 0.50010 -6.86329
v 2.52512 1.80010 -6.86329
v 2.53683 1.80010 -6.56352
v 3.19268 0.47962 -6.58912
v 3.18097 0.47962 -6.88889
v 3.18097 1.77962 -6.88889
v 3.19268 1.77962 -6.58912
v 2.43150 0.50010 -9.26146
v 2.41980 0.50010 -9.56124
v 2.41980 1.80010 -9.56124
v 2.43150 1.80010 -9.26146
v 3.08736 0.47962 -9.28707
v 3.07565 0.47962 -9.58684
v 3.07565 1.77962 -9.58684
v 3.08736 1.77962 -9.28707
v 3.17835 0.47962 -6.88879
v 3.08998 0.47962 -9.28717
v 3.08998 0.87962 -9.28717
v 3.17835 0.87962 -6.88879
v 3.83429 0.46028 -6.91296
v 3.74592 0.46028 -9.31134
v 3.74592 0.86028 -9.31134
v 3.83429 0.86028 -6.91296
v 3.17835 0.87962 -6.88879
v 3.08998 0.87962 -9.28717
v 3.08998 1.04962 -9.28717
v 3.17835 1.04962 -6.88879
v 3.83429 0.86028 -6.91296
v 3.74592 0.86028 -9.31134
v 3.74592 1.03028 -9.31134
v 3.83429 1.03028 -6.91296
v 3.18940 0.47962 -6.58900
v 3.17835 0.47962 -6.88879
v 3.17835 1.77962 -6.88879
v 3.18940 1.77962 -6.58900
v 3.84534 0.46028 -6.61317
v 3.83429 0.46028 -6.91296
v 3.83429 1.76028 -6.91296
v 3.84534 1.76028 -6.61317
v 3.08998 0.47962 -9.28717
v 3.07893 0.47962 -9.58696
v 3.07893 1.77962 -9.58696
v 3.08998 1.77962 -9.28717
v 3.74592 0.46028 -9.31134
v 3.73487 0.46028 -9.61113
v 3.73487 1.76028 -9.61113
v 3.74592 1.76028 -9.31134
v 3.82670 0.46028 -6.91271
v 3.75350 0.46028 -9.31159
v 3.75350 0.86028 -9.31159
v 3.82670 0.86028 -6.91271
v 4.48287 0.44426 -6.93273
v 4.40967 0.44426 -9.33161
v 4.40967 0.84426 -9.33161
v 4.48287 0.84426 -6.93273
v 3.82670 0.86028 -6.91271
v 3.75350 0.86028 -9.31159
v 3.75350 1.03028 -9.31159
v 3.82670 1.03028 -6.91271
v 4.48287 0.84426 -6.93273
v 4.40967 0.84426 -9.33161
v 4.40967 1.01426 -9.33161
v 4.48287 1.01426 -6.93273
v 3.83585 0.46028 -6.61285
v 3.82670 0.46028 -6.91271
v 3.82670 1.76028 -6.91271
v 3.83585 1.76028 -6.61285
v 4.49202 0.44426 -6.63287
v 4.48287 0.44426 -6.93273
v 4.48287 1.74426 -6.93273
v 4.49202 1.74426 -6.63287
v 3.75350 0.46028 -9.31159
v 3.74436 0.46028 -9.61145
v 3.74436 1.76028 -9.61145
v 3.75350 1.76028 -9.31159
v 4.40967 0.44426 -9.33161
v 4.40052 0.44426 -9.63147
v 4.40052 1.74426 -9.63147
v 4.40967 1.74426 -9.33161
v 4.46982 0.44426 -6.93240
v 4.42272 0.44426 -9.33194
v 4.42272 0.84426 -9.33194
v 4.46982 0.84426 -6.93240
v 5.12627 0.43395 -6.94529
v 5.07917 0.43395 -9.34483
v 5.07917 0.83395 -9.34483
v 5.12627 0.83395 -6.94529
v 4.46982 0.84426 -6.93240
v 4.42272 0.84426 -9.33194
v 4.42272 1.01426 -9.33194
v 4.46982 1.01426 -6.93240
v 5.12627 0.83395 -6.94529
v 5.07917 0.83395 -9.34483
v 5.07917 1.00395 -9.34483
v 5.12627 1.00395 -6.94529
v 4.47571 0.44426 -6.63246
v 4.46982 0.44426 -6.93240
v 4.46982 1.74426 -6.93240
v 4.47571 1.74426 -6.63246
v 5.13216 0.43395 -6.64535
v 5.12627 0.43395 -6.94529
v 5.12627 1.73395 -6.94529
v 5.13216 1.73395 -6.64535
v 4.42272 0.44426 -9.33194
v 4.41683 0.44426 -9.63188
v 4.41683 1.74426 -9.63188
v 4.42272 1.74426 -9.33194
v 5.07917 0.43395 -9.34483
v 5.07328 0.43395 -9.64477
v 5.07328 1.73395 -9.64477
v 5.07917 1.73395 -9.34483
v 5.10688 0.43395 -6.94506
v 5.09856 0.43395 -9.34505
v 5.09856 0.83395 -9.34505
v 5.10688 0.83395 -6.94506
v 5.76352 0.43213 -6.94734
v 5.75521 0.43213 -9.34733
v 5.75521 0.83213 -9.34733
v 5.76352 0.83213 -6.94734
v 5.10688 0.83395 -6.94506
v 5.09856 0.83395 -9.34505
v 5.09856 1.00395 -9.34505
v 5.10688 1.00395 -6.94506
v 5.76352 0.83213 -6.94734
v 5.75521 0.83213 -9.34733
v 5.75521 1.00213 -9.34733
v 5.76352 1.00213 -6.94734
v 5.10792 0.43395 -6.64507
v 5.10688 0.43395 -6.94506
v 5.10688 1.73395 -6.94506
v 5.10792 1.73395 -6.64507
v 5.76456 0.43213 -6.64734
v 5.76352 0.43213 -6.94734
v 5.76352 1.73213 -6.94734
v 5.76456 1.73213 -6.64734
v 5.09856 0.43395 -9.34505
v 5.09753 0.43395 -9.64505
v 5.09753 1.73395 -9.64505
v 5.09856 1.73395 -9.34505
v 5.75521 0.43213 -9.34733
v 5.75417 0.43213 -9.64732
v 5.75417 1.73213 -9.64732
v 5.75521 1.73213 -9.34733
v 5.73618 0.43213 -6.94756
v 5.78255 0.43213 -9.34711
v 5.78255 0.83213 -9.34711
v 5.73618 0.83213 -6.94756
v 6.39261 0.44228 -6.93487
v 6.43899 0.44228 -9.33442
v 6.43899 0.84228 -9.33442
v 6.39261 0.84228 -6.93487
v 5.73618 0.83213 -6.94756
v 5.78255 0.83213 -9.34711
v 5.78255 1.00213 -9.34711
v 5.73618 1.00213 -6.94756
v 6.39261 0.84228 -6.93487
v 6.43899 0.84228 -9.33442
v 6.43899 1.01228 -9.33442
v 6.39261 1.01228 -6.93487
v 5.73038 0.43213 -6.64761
v 5.73618 0.43213 -6.94756
v 5.73618 1.73213 -6.94756
v 5.73038 1.73213 -6.64761
v 6.38682 0.44228 -6.63493
v 6.39261 0.44228 -6.93487
v 6.39261 1.74228 -6.93487
v 6.38682 1.74228 -6.63493
v 5.78255 0.43213 -9.34711
v 5.78835 0.43213 -9.64705
v 5.78835 1.73213 -9.64705
v 5.78255 1.73213 -9.34711
v 6.43899 0.44228 -9.33442
v 6.44478 0.44228 -9.63437
v 6.44478 1.74228 -9.63437
v 6.43899 1.74228 -9.33442
v 6.35386 0.44228 -6.93625
v 6.47774 0.44228 -9.33305
v 6.47774 0.84228 -9.33305
v 6.35386 0.84228 -6.93625
v 7.00903 0.46937 -6.90238
v 7.13291 0.46937 -9.29919
v 7.13291 0.86937 -9.29919
v 7.00903 0.86937 -6.90238
v 6.35386 0.84228 -6.93625
v 6.47774 0.84228 -9.33305
v 6.47774 1.01228 -9.33305
v 6.35386 1.01228 -6.93625
v 7.00903 0.86937 -6.90238
v 7.13291 0.86937 -9.29919
v 7.13291 1.03937 -9.29919
v 7.00903 1.03937 -6.90238
v 6.33838 0.44228 -6.63665
v 6.35386 0.44228 -6.93625
v 6.35386 1.74228 -6.93625
v 6.33838 1.74228 -6.63665
v 6.99355 0.46937 -6.60278
v 7.00903 0.46937 -6.90238
v 7.00903 1.76937 -6.90238
v 6.99355 1.76937 -6.60278
v 6.47774 0.44228 -9.33305
v 6.49322 0.44228 -9.63265
v 6.49322 1.74228 -9.63265
v 6.47774 1.74228 -9.33305
v 7.13291 0.46937 -9.29919
v 7.14839 0.46937 -9.59879
v 7.14839 1.76937 -9.59879
v 7.13291 1.76937 -9.29919
v 6.95614 0.46937 -6.90629
v 7.18580 0.46937 -9.29528
v 7.18580 0.86937 -9.29528
v 6.95614 0.86937 -6.90629
v 7.60775 0.51948 -6.84365
v 7.83741 0.51948 -9.23264
v 7.83741 0.91948 -9.23264
v 7.60775 0.91948 -6.84365
v 6.95614 0.86937 -6.90629
v 7.18580 0.86937 -9.29528
v 7.18580 1.03937 -9.29528
v 6.95614 1.03937 -6.90629
v 7.60775 0.91948 -6.84365
v 7.83741 0.91948 -9.23264
v 7.83741 1.08948 -9.23264
v 7.60775 1.08948 -6.84365
v 6.92743 0.46937 -6.60767
v 6.95614 0.46937 -6.90629
v 6.95614 1.76937 -6.90629
v 6.92743 1.76937 -6.60767
v 7.57904 0.51948 -6.54503
v 7.60775 0.51948 -6.84365
v 7.60775 1.81948 -6.84365
v 7.57904 1.81948 -6.54503
v 7.18580 0.46937 -9.29528
v 7.21451 0.46937 -9.59390
v 7.21451 1.76937 -9.59390
v 7.18580 1.76937 -9.29528
v 7.83741 0.51948 -9.23264
v 7.86612 0.51948 -9.53126
v 7.86612 1.81948 -9.53126
v 7.83741 1.81948 -9.23264
v 7.54601 0.51948 -6.85121
v 7.89915 0.51948 -9.22508
v 7.89915 0.91948 -9.22508
v 7.54601 0.91948 -6.85121
v 8.19083 0.59768 -6.75528
v 8.54398 0.59768 -9.12916
v 8.54398 0.99768 -9.12916
v 8.19083 0.99768 -6.75528
v 7.54601 0.91948 -6.85121
v 7.89915 0.91948 -9.22508
v 7.89915 1.08948 -9.22508
v 7.54601 1.08948 -6.85121
v 8.19083 0.99768 -6.75528
v 8.54398 0.99768 -9.12916
v 8.54398 1.16768 -9.12916
v 8.19083 1.16768 -6.75528
v 7.50186 0.51948 -6.55447
v 7.54601 0.51948 -6.85121
v 7.54601 1.81948 -6.85121
v 7.50186 1.81948 -6.55447
v 8.14669 0.59768 -6.45855
v 8.19083 0.59768 -6.75528
v 8.19083 1.89768 -6.75528
v 8.14669 1.89768 -6.45855
v 7.89915 0.51948 -9.22508
v 7.94330 0.51948 -9.52182
v 7.94330 1.81948 -9.52182
v 7.89915 1.81948 -9.22508
v 8.54398 0.59768 -9.12916
v 8.58812 0.59768 -9.42589
v 8.58812 1.89768 -9.42589
v 8.54398 1.89768 -9.12916
v 8.16508 0.59768 -6.75940
v 8.56972 0.59768 -9.12504
v 8.56972 0.99768 -9.12504
v 8.16508 0.99768 -6.75940
v 8.80533 0.69387 -6.64988
v 9.20998 0.69387 -9.01552
v 9.20998 1.09387 -9.01552
v 8.80533 1.09387 -6.64988
v 8.16508 0.99768 -6.75940
v 8.56972 0.99768 -9.12504
v 8.56972 1.16768 -9.12504
v 8.16508 1.16768 -6.75940
v 8.80533 1.09387 -6.64988
v 9.20998 1.09387 -9.01552
v 9.20998 1.26387 -9.01552
v 8.80533 1.26387 -6.64988
v 8.11450 0.59768 -6.46369
v 8.16508 0.59768 -6.75940
v 8.16508 1.89768 -6.75940
v 8.11450 1.89768 -6.46369
v 8.75475 0.69387 -6.35418
v 8.80533 0.69387 -6.64988
v 8.80533 1.99387 -6.64988
v 8.75475 1.99387 -6.35418
v 8.56972 0.59768 -9.12504
v 8.62031 0.59768 -9.42074
v 8.62031 1.89768 -9.42074
v 8.56972 1.89768 -9.12504
v 9.20998 0.69387 -9.01552
v 9.26056 0.69387 -9.31123
v 9.26056 1.99387 -9.31123
v 9.20998 1.99387 -9.01552
v 8.77123 0.69387 -6.65622
v 9.24408 0.69387 -9.00918
v 9.24408 1.09387 -9.00918
v 8.77123 1.09387 -6.65622
v 9.40477 0.81022 -6.52891
v 9.87762 0.81022 -8.88187
v 9.87762 1.21022 -8.88187
v 9.40477 1.21022 -6.52891
v 8.77123 1.09387 -6.65622
v 9.24408 1.09387 -9.00918
v 9.24408 1.26387 -9.00918
v 8.77123 1.26387 -6.65622
v 9.40477 1.21022 -6.52891
v 9.87762 1.21022 -8.88187
v 9.87762 1.38022 -8.88187
v 9.40477 1.38022 -6.52891
v 8.71213 0.69387 -6.36210
v 8.77123 0.69387 -6.65622
v 8.77123 1.99387 -6.65622
v 8.71213 1.99387 -6.36210
v 9.34567 0.81022 -6.23479
v 9.40477 0.81022 -6.52891
v 9.40477 2.11022 -6.52891
v 9.34567 2.11022 -6.23479
v 9.24408 0.69387 -9.00918
v 9.30318 0.69387 -9.30330
v 9.30318 1.99387 -9.30330
v 9.24408 1.99387 -9.00918
v 9.87762 0.81022 -8.88187
v 9.93672 0.81022 -9.17599
v 9.93672 2.11022 -9.17599
v 9.87762 2.11022 -8.88187
v 9.34979 0.81022 -6.54131
v 9.93260 0.81022 -8.86947
v 9.93260 1.21022 -8.86947
v 9.34979 1.21022 -6.54131
v 9.97164 0.95204 -6.38564
v 10.55444 0.95204 -8.71381
v 10.55444 1.35204 -8.71381
v 9.97164 1.35204 -6.38564
v 9.34979 1.21022 -6.54131
v 9.93260 1.21022 -8.86947
v 9.93260 1.38022 -8.86947
v 9.34979 1.38022 -6.54131
v 9.97164 1.35204 -6.38564
v 10.55444 1.35204 -8.71381
v 10.55444 1.52204 -8.71381
v 9.97164 1.52204 -6.38564
v 9.27694 0.81022 -6.25029
v 9.34979 0.81022 -6.54131
v 9.34979 2.11022 -6.54131
v 9.27694 2.11022 -6.25029
v 9.89879 0.95204 -6.09462
v 9.97164 0.95204 -6.38564
v 9.97164 2.25204 -6.38564
v 9.89879 2.25204 -6.09462
v 9.93260 0.81022 -8.86947
v 10.00545 0.81022 -9.16049
v 10.00545 2.11022 -9.16049
v 9.93260 2.11022 -8.86947
v 10.55444 0.95204 -8.71381
v 10.62729 0.95204 -9.00483
v 10.62729 2.25204 -9.00483
v 10.55444 2.25204 -8.71381
v 9.89468 0.95204 -6.40766
v 10.63140 0.95204 -8.69179
v 10.63140 1.35204 -8.69179
v 9.89468 1.35204 -6.40766
v 10.49779 1.12327 -6.21313
v 11.23451 1.12327 -8.49726
v 11.23451 1.52327 -8.49726
v 10.49779 1.52327 -6.21313
v 9.89468 1.35204 -6.40766
v 10.63140 1.35204 -8.69179
v 10.63140 1.52204 -8.69179
v 9.89468 1.52204 -6.40766
v 10.49779 1.52327 -6.21313
v 11.23451 1.52327 -8.49726
v 11.23451 1.69327 -8.49726
v 10.49779 1.69327 -6.21313
v 9.80259 0.95204 -6.12214
v 9.89468 0.95204 -6.40766
v 9.89468 2.25204 -6.40766
v 9.80259 2.25204 -6.12214
v 10.40569 1.12327 -5.92762
v 10.49779 1.12327 -6.21313
v 10.49779 2.42327 -6.21313
v 10.40569 2.42327 -5.92762
v 10.63140 0.95204 -8.69179
v 10.72349 0.95204 -8.97730
v 10.72349 2.25204 -8.97730
v 10.63140 2.25204 -8.69179
v 11.23451 1.12327 -8.49726
v 11.32660 1.12327 -8.78278
v 11.32660 2.42327 -8.78278
v 11.23451 2.42327 -8.49726
v 10.39942 1.12327 -6.24968
v 11.33287 1.12327 -8.46071
v 11.33287 1.52327 -8.46071
v 10.39942 1.52327 -6.24968
v 10.97447 1.32618 -6.00691
v 11.90792 1.32618 -8.21794
v 11.90792 1.72618 -8.21794
v 10.97447 1.72618 -6.00691
v 10.39942 1.52327 -6.24968
v 11.33287 1.52327 -8.46071
v 11.33287 1.69327 -8.46071
v 10.39942 1.69327 -6.24968
v 10.97447 1.72618 -6.00691
v 11.90792 1.72618 -8.21794
v 11.90792 1.89618 -8.21794
v 10.97447 1.89618 -6.00691
v 10.28274 1.12327 -5.97330
v 10.39942 1.12327 -6.24968
v 10.39942 2.42327 -6.24968
v 10.28274 2.42327 -5.97330
v 10.85779 1.32618 -5.73053
v 10.97447 1.32618 -6.00691
v 10.97447 2.62618 -6.00691
v 10.85779 2.62618 -5.73053
v 11.33287 1.12327 -8.46071
v 11.44955 1.12327 -8.73709
v 11.44955 2.42327 -8.73709
v 11.33287 2.42327 -8.46071
v 11.90792 1.32618 -8.21794
v 12.02460 1.32618 -8.49432
v 12.02460 2.62618 -8.49432
v 11.90792 2.62618 -8.21794
v 10.86296 1.32618 -6.06093
v 12.01942 1.32618 -8.16392
v 12.01942 1.72618 -8.16392
v 10.86296 1.72618 -6.06093
v 11.40051 1.55942 -5.76532
v 12.55698 1.55942 -7.86832
v 12.55698 1.95942 -7.86832
v 11.40051 1.95942 -5.76532
v 10.86296 1.72618 -6.06093
v 12.01942 1.72618 -8.16392
v 12.01942 1.89618 -8.16392
v 10.86296 1.89618 -6.06093
v 11.40051 1.95942 -5.76532
v 12.55698 1.95942 -7.86832
v 12.55698 2.12942 -7.86832
v 11.40051 2.12942 -5.76532
v 10.71840 1.32618 -5.79805
v 10.86296 1.32618 -6.06093
v 10.86296 2.62618 -6.06093
v 10.71840 2.62618 -5.79805
v 11.25595 1.55942 -5.50245
v 11.40051 1.55942 -5.76532
v 11.40051 2.85942 -5.76532
v 11.25595 2.85942 -5.50245
v 12.01942 1.32618 -8.16392
v 12.16398 1.32618 -8.42680
v 12.16398 2.62618 -8.42680
v 12.01942 2.62618 -8.16392
v 12.55698 1.55942 -7.86832
v 12.70153 1.55942 -8.13119
v 12.70153 2.85942 -8.13119
v 12.55698 2.85942 -7.86832
v 11.28850 1.55942 -5.83521
v 12.66899 1.55942 -7.79843
v 12.66899 1.95942 -7.79843
v 11.28850 1.95942 -5.83521
v 11.78190 1.81821 -5.48826
v 13.16239 1.81821 -7.45148
v 13.16239 2.21821 -7.45148
v 11.78190 2.21821 -5.48826
v 11.28850 1.95942 -5.83521
v 12.66899 1.95942 -7.79843
v 12.66899 2.12942 -7.79843
v 11.28850 2.12942 -5.83521
v 11.78190 2.21821 -5.48826
v 13.16239 2.21821 -7.45148
v 13.16239 2.38821 -7.45148
v 11.78190 2.38821 -5.48826
v 11.11593 1.55942 -5.58981
v 11.28850 1.55942 -5.83521
v 11.28850 2.85942 -5.83521
v 11.11593 2.85942 -5.58981
v 11.60933 1.81821 -5.24286
v 11.78190 1.81821 -5.48826
v 11.78190 3.11821 -5.48826
v 11.60933 3.11821 -5.24286
v 12.66899 1.55942 -7.79843
v 12.84155 1.55942 -8.04383
v 12.84155 2.85942 -8.04383
v 12.66899 2.85942 -7.79843
v 13.16239 1.81821 -7.45148
v 13.33495 1.81821 -7.69688
v 13.33495 3.11821 -7.69688
v 13.16239 3.11821 -7.45148
v 11.68225 1.81821 -5.56650
v 13.26203 1.81821 -7.37324
v 13.26203 2.21821 -7.37324
v 11.68225 2.21821 -5.56650
v 12.13002 2.09586 -5.17498
v 13.70980 2.09586 -6.98171
v 13.70980 2.49586 -6.98171
v 12.13002 2.49586 -5.17498
v 11.68225 2.21821 -5.56650
v 13.26203 2.21821 -7.37324
v 13.26203 2.38821 -7.37324
v 11.68225 2.38821 -5.56650
v 12.13002 2.49586 -5.17498
v 13.70980 2.49586 -6.98171
v 13.70980 2.66586 -6.98171
v 12.13002 2.66586 -5.17498
v 11.48478 1.81821 -5.34066
v 11.68225 1.81821 -5.56650
v 11.68225 3.11821 -5.56650
v 11.48478 3.11821 -5.34066
v 11.93255 2.09586 -4.94914
v 12.13002 2.09586 -5.17498
v 12.13002 3.39586 -5.17498
v 11.93255 3.39586 -4.94914
v 13.26203 1.81821 -7.37324
v 13.45951 1.81821 -7.59908
v 13.45951 3.11821 -7.59908
v 13.26203 3.11821 -7.37324
v 13.70980 2.09586 -6.98171
v 13.90728 2.09586 -7.20756
v 13.90728 3.39586 -7.20756
v 13.70980 3.39586 -6.98171
v 12.05324 2.09586 -5.24836
v 13.78659 2.09586 -6.90833
v 13.78659 2.49586 -6.90833
v 12.05324 2.49586 -5.24836
v 12.46075 2.38554 -4.82284
v 14.19410 2.38554 -6.48281
v 14.19410 2.78554 -6.48281
v 12.46075 2.78554 -4.82284
v 12.05324 2.49586 -5.24836
v 13.78659 2.49586 -6.90833
v 13.78659 2.66586 -6.90833
v 12.05324 2.66586 -5.24836
v 12.46075 2.78554 -4.82284
v 14.19410 2.78554 -6.48281
v 14.19410 2.95554 -6.48281
v 12.46075 2.95554 -4.82284
v 11.83657 2.09586 -5.04087
v 12.05324 2.09586 -5.24836
v 12.05324 3.39586 -5.24836
v 11.83657 3.39586 -5.04087
v 12.24408 2.38554 -4.61534
v 12.46075 2.38554 -4.82284
v 12.46075 3.68554 -4.82284
v 12.24408 3.68554 -4.61534
v 13.78659 2.09586 -6.90833
v 14.00326 2.09586 -7.11583
v 14.00326 3.39586 -7.11583
v 13.78659 3.39586 -6.90833
v 14.19410 2.38554 -6.48281
v 14.41076 2.38554 -6.69031
v 14.41076 3.68554 -6.69031
v 14.19410 3.68554 -6.48281
v 12.41134 2.38554 -4.87771
v 14.24350 2.38554 -6.42794
v 14.24350 2.78554 -6.42794
v 12.41134 2.78554 -4.87771
v 12.78956 2.68264 -4.43071
v 14.62172 2.68264 -5.98094
v 14.62172 3.08264 -5.98094
v 12.78956 3.08264 -4.43071
v 12.41134 2.78554 -4.87771
v 14.24350 2.78554 -6.42794
v 14.24350 2.95554 -6.42794
v 12.41134 2.95554 -4.87771
v 12.78956 3.08264 -4.43071
v 14.62172 3.08264 -5.98094
v 14.62172 3.25264 -5.98094
v 12.78956 3.25264 -4.43071
v 12.18233 2.38554 -4.68393
v 12.41134 2.38554 -4.87771
v 12.41134 3.68554 -4.87771
v 12.18233 3.68554 -4.68393
v 12.56054 2.68264 -4.23693
v 12.78956 2.68264 -4.43071
v 12.78956 3.98264 -4.43071
v 12.56054 3.98264 -4.23693
v 14.24350 2.38554 -6.42794
v 14.47252 2.38554 -6.62172
v 14.47252 3.68554 -6.62172
v 14.24350 3.68554 -6.42794
v 14.62172 2.68264 -5.98094
v 14.85073 2.68264 -6.17472
v 14.85073 3.98264 -6.17472
v 14.62172 3.98264 -5.98094
v 12.75175 2.68264 -4.47775
v 14.65953 2.68264 -5.93390
v 14.65953 3.08264 -5.93390
v 12.75175 3.08264 -4.47775
v 13.10510 2.98592 -4.01481
v 15.01287 2.98592 -5.47097
v 15.01287 3.38592 -5.47097
v 13.10510 3.38592 -4.01481
v 12.75175 3.08264 -4.47775
v 14.65953 3.08264 -5.93390
v 14.65953 3.25264 -5.93390
v 12.75175 3.25264 -4.47775
v 13.10510 3.38592 -4.01481
v 15.01287 3.38592 -5.47097
v 15.01287 3.55592 -5.47097
v 13.10510 3.55592 -4.01481
v 12.51328 2.68264 -4.29573
v 12.75175 2.68264 -4.47775
v 12.75175 3.98264 -4.47775
v 12.51328 3.98264 -4.29573
v 12.86662 2.98592 -3.83279
v 13.10510 2.98592 -4.01481
v 13.10510 4.28592 -4.01481
v 12.86662 4.28592 -3.83279
v 14.65953 2.68264 -5.93390
v 14.89800 2.68264 -6.11592
v 14.89800 3.98264 -6.11592
v 14.65953 3.98264 -5.93390
v 15.01287 2.98592 -5.47097
v 15.25134 2.98592 -5.65299
v 15.25134 4.28592 -5.65299
v 15.01287 4.28592 -5.47097
v 13.07336 2.98592 -4.05839
v 15.04461 2.98592 -5.42739
v 15.04461 3.38592 -5.42739
v 13.07336 3.38592 -4.05839
v 13.40386 3.29486 -3.58250
v 15.37511 3.29486 -4.95150
v 15.37511 3.69486 -4.95150
v 13.40386 3.69486 -3.58250
v 13.07336 3.38592 -4.05839
v 15.04461 3.38592 -5.42739
v 15.04461 3.55592 -5.42739
v 13.07336 3.55592 -4.05839
v 13.40386 3.69486 -3.58250
v 15.37511 3.69486 -4.95150
v 15.37511 3.86486 -4.95150
v 13.40386 3.86486 -3.58250
v 12.82695 2.98592 -3.88727
v 13.07336 2.98592 -4.05839
v 13.07336 4.28592 -4.05839
v 12.82695 4.28592 -3.88727
v 13.15745 3.29486 -3.41137
v 13.40386 3.29486 -3.58250
v 13.40386 4.59486 -3.58250
v 13.15745 4.59486 -3.41137
v 15.04461 2.98592 -5.42739
v 15.29102 2.98592 -5.59852
v 15.29102 4.28592 -5.59852
v 15.04461 4.28592 -5.42739
v 15.37511 3.29486 -4.95150
v 15.62152 3.29486 -5.12262
v 15.62152 4.59486 -5.12262
v 15.37511 4.59486 -4.95150
v 12.67695 4.28592 -4.03727
v 12.97695 4.28592 -4.03727
v 12.97695 4.58592 -4.03727
v 12.67695 4.58592 -4.03727
v 12.67695 4.28592 -3.73727
v 12.97695 4.28592 -3.73727
v 12.97695 4.58592 -3.73727
v 12.67695 4.58592 -3.73727
v 15.14102 4.28592 -5.74852
v 15.44102 4.28592 -5.74852
v 15.44102 4.58592 -5.74852
v 15.14102 4.58592 -5.74852
v 15.14102 4.28592 -5.44852
v 15.44102 4.28592 -5.44852
v 15.44102 4.58592 -5.44852
v 15.14102 4.58592 -5.44852
v 14.05898 0.10000 -4.96289
v 13.86846 0.10000 -4.85289
v 13.86846 0.10000 -4.63289
v 14.05898 0.10000 -4.52289
v 14.24951 0.10000 -4.63289
v 14.24951 0.10000 -4.85289
v 14.05898 2.83592 -4.92289
v 13.90310 2.83592 -4.83289
v 13.90310 2.83592 -4.65289
v 14.05898 2.83592 -4.56289
v 14.21487 2.83592 -4.65289
v 14.21487 2.83592 -4.83289
v 14.05898 0.10000 -4.74289
v 14.05898 2.83592 -4.74289
v 13.60898 0.00000 -5.19289
v 14.50898 0.00000 -5.19289
v 14.50898 0.30000 -5.19289
v 13.60898 0.30000 -5.19289
v 13.60898 0.00000 -4.29289
v 14.50898 0.00000 -4.29289
v 14.50898 0.30000 -4.29289
v 13.60898 0.30000 -4.29289
v 13.37524 3.29486 -3.62567
v 15.40373 3.29486 -4.90833
v 15.40373 3.69486 -4.90833
v 13.37524 3.69486 -3.62567
v 13.68331 3.60930 -3.13846
v 15.71180 3.60930 -4.42112
v 15.71180 4.00930 -4.42112
v 13.68331 4.00930 -3.13846
v 13.37524 3.69486 -3.62567
v 15.40373 3.69486 -4.90833
v 15.40373 3.86486 -4.90833
v 13.37524 3.86486 -3.62567
v 13.68331 4.00930 -3.13846
v 15.71180 4.00930 -4.42112
v 15.71180 4.17930 -4.42112
v 13.68331 4.17930 -3.13846
v 13.12168 3.29486 -3.46533
v 13.37524 3.29486 -3.62567
v 13.37524 4.59486 -3.62567
v 13.12168 4.59486 -3.46533
v 13.42975 3.60930 -2.97813
v 13.68331 3.60930 -3.13846
v 13.68331 4.90930 -3.13846
v 13.42975 4.90930 -2.97813
v 15.40373 3.29486 -4.90833
v 15.65729 3.29486 -5.06866
v 15.65729 4.59486 -5.06866
v 15.40373 4.59486 -4.90833
v 15.71180 3.60930 -4.42112
v 15.96536 3.60930 -4.58145
v 15.96536 4.90930 -4.58145
v 15.71180 4.90930 -4.42112
v 13.65607 3.60930 -3.18370
v 15.73904 3.60930 -4.37588
v 15.73904 4.00930 -4.37588
v 13.65607 4.00930 -3.18370
v 13.94088 3.92933 -2.68609
v 16.02384 3.92933 -3.87826
v 16.02384 4.32933 -3.87826
v 13.94088 4.32933 -2.68609
v 13.65607 4.00930 -3.18370
v 15.73904 4.00930 -4.37588
v 15.73904 4.17930 -4.37588
v 13.65607 4.17930 -3.18370
v 13.94088 4.32933 -2.68609
v 16.02384 4.32933 -3.87826
v 16.02384 4.49933 -3.87826
v 13.94088 4.49933 -2.68609
v 13.39570 3.60930 -3.03468
v 13.65607 3.60930 -3.18370
v 13.65607 4.90930 -3.18370
v 13.39570 4.90930 -3.03468
v 13.68051 3.92933 -2.53707
v 13.94088 3.92933 -2.68609
v 13.94088 5.22933 -2.68609
v 13.68051 5.22933 -2.53707
v 15.73904 3.60930 -4.37588
v 15.99941 3.60930 -4.52490
v 15.99941 4.90930 -4.52490
v 15.73904 4.90930 -4.37588
v 16.02384 3.92933 -3.87826
v 16.28421 3.92933 -4.02728
v 16.28421 5.22933 -4.02728
v 16.02384 5.22933 -3.87826
v 13.91415 3.92933 -2.73543
v 16.05057 3.92933 -3.82892
v 16.05057 4.32933 -3.82892
v 13.91415 4.32933 -2.73543
v 14.17390 4.25513 -2.22796
v 16.31031 4.25513 -3.32145
v 16.31031 4.65513 -3.32145
v 14.17390 4.65513 -2.22796
v 13.91415 4.32933 -2.73543
v 16.05057 4.32933 -3.82892
v 16.05057 4.49933 -3.82892
v 13.91415 4.49933 -2.73543
v 14.17390 4.65513 -2.22796
v 16.31031 4.65513 -3.32145
v 16.31031 4.82513 -3.32145
v 14.17390 4.82513 -2.22796
v 13.64710 3.92933 -2.59874
v 13.91415 3.92933 -2.73543
v 13.91415 5.22933 -2.73543
v 13.64710 5.22933 -2.59874
v 13.90685 4.25513 -2.09127
v 14.17390 4.25513 -2.22796
v 14.17390 5.55513 -2.22796
v 13.90685 5.55513 -2.09127
v 16.05057 3.92933 -3.82892
v 16.31762 3.92933 -3.96561
v 16.31762 5.22933 -3.96561
v 16.05057 5.22933 -3.82892
v 16.31031 4.25513 -3.32145
v 16.57736 4.25513 -3.45814
v 16.57736 5.55513 -3.45814
v 16.31031 5.55513 -3.32145
v 13.49710 5.22933 -2.74874
v 13.79710 5.22933 -2.74874
v 13.79710 5.52933 -2.74874
v 13.49710 5.52933 -2.74874
v 13.49710 5.22933 -2.44874
v 13.79710 5.22933 -2.44874
v 13.79710 5.52933 -2.44874
v 13.49710 5.52933 -2.44874
v 16.16762 5.22933 -4.11561
v 16.46762 5.22933 -4.11561
v 16.46762 5.52933 -4.11561
v 16.16762 5.52933 -4.11561
v 16.16762 5.22933 -3.81561
v 16.46762 5.22933 -3.81561
v 16.46762 5.52933 -3.81561
v 16.16762 5.52933 -3.81561
v 14.14710 4.25513 -2.28382
v 16.33711 4.25513 -3.26559
v 16.33711 4.65513 -3.26559
v 14.14710 4.65513 -2.28382
v 14.37886 4.58702 -1.76684
v 16.56887 4.58702 -2.74861
v 16.56887 4.98702 -2.74861
v 14.37886 4.98702 -1.76684
v 14.14710 4.65513 -2.28382
v 16.33711 4.65513 -3.26559
v 16.33711 4.82513 -3.26559
v 14.14710 4.82513 -2.28382
v 14.37886 4.98702 -1.76684
v 16.56887 4.98702 -2.74861
v 16.56887 5.15702 -2.74861
v 14.37886 5.15702 -1.76684
v 13.87335 4.25513 -2.16110
v 14.14710 4.25513 -2.28382
v 14.14710 5.55513 -2.28382
v 13.87335 5.55513 -2.16110
v 14.10511 4.58702 -1.64411
v 14.37886 4.58702 -1.76684
v 14.37886 5.88702 -1.76684
v 14.10511 5.88702 -1.64411
v 16.33711 4.25513 -3.26559
v 16.61086 4.25513 -3.38831
v 16.61086 5.55513 -3.38831
v 16.33711 5.55513 -3.26559
v 16.56887 4.58702 -2.74861
v 16.84262 4.58702 -2.87133
v 16.84262 5.88702 -2.87133
v 16.56887 5.88702 -2.74861
v 14.35143 4.58702 -1.83330
v 16.59630 4.58702 -2.68215
v 16.59630 4.98702 -2.68215
v 14.35143 4.98702 -1.83330
v 14.55044 4.92540 -1.30700
v 16.79531 4.92540 -2.15585
v 16.79531 5.32540 -2.15585
v 14.55044 5.32540 -1.30700
v 14.35143 4.98702 -1.83330
v 16.59630 4.98702 -2.68215
v 16.59630 5.15702 -2.68215
v 14.35143 5.15702 -1.83330
v 14.55044 5.32540 -1.30700
v 16.79531 5.32540 -2.15585
v 16.79531 5.49540 -2.15585
v 14.55044 5.49540 -1.30700
v 14.07082 4.58702 -1.72719
v 14.35143 4.58702 -1.83330
v 14.35143 5.88702 -1.83330
v 14.07082 5.88702 -1.72719
v 14.26983 4.92540 -1.20089
v 14.55044 4.92540 -1.30700
v 14.55044 6.22540 -1.30700
v 14.26983 6.22540 -1.20089
v 16.59630 4.58702 -2.68215
v 16.87691 4.58702 -2.78826
v 16.87691 5.88702 -2.78826
v 16.59630 5.88702 -2.68215
v 16.79531 4.92540 -2.15585
v 17.07592 4.92540 -2.26196
v 17.07592 6.22540 -2.26196
v 16.79531 6.22540 -2.15585
v 14.52338 4.92540 -1.38696
v 16.82238 4.92540 -2.07588
v 16.82238 5.32540 -2.07588
v 14.52338 5.32540 -1.38696
v 14.68370 5.27050 -0.85195
v 16.98270 5.27050 -1.54087
v 16.98270 5.67050 -1.54087
v 14.68370 5.67050 -0.85195
v 14.52338 5.32540 -1.38696
v 16.82238 5.32540 -2.07588
v 16.82238 5.49540 -2.07588
v 14.52338 5.49540 -1.38696
v 14.68370 5.67050 -0.85195
v 16.98270 5.67050 -1.54087
v 16.98270 5.84050 -1.54087
v 14.68370 5.84050 -0.85195
v 14.23600 4.92540 -1.30085
v 14.52338 4.92540 -1.38696
v 14.52338 6.22540 -1.38696
v 14.23600 6.22540 -1.30085
v 14.39632 5.27050 -0.76584
v 14.68370 5.27050 -0.85195
v 14.68370 6.57050 -0.85195
v 14.39632 6.57050 -0.76584
v 16.82238 4.92540 -2.07588
v 17.10975 4.92540 -2.16199
v 17.10975 6.22540 -2.16199
v 16.82238 6.22540 -2.07588
v 16.98270 5.27050 -1.54087
v 17.27007 5.27050 -1.62698
v 17.27007 6.57050 -1.62698
v 16.98270 6.57050 -1.54087
v 14.08600 6.22540 -1.45085
v 14.38600 6.22540 -1.45085
v 14.38600 6.52540 -1.45085
v 14.08600 6.52540 -1.45085
v 14.08600 6.22540 -1.15085
v 14.38600 6.22540 -1.15085
v 14.38600 6.52540 -1.15085
v 14.08600 6.52540 -1.15085
v 16.95975 6.22540 -2.31199
v 17.25975 6.22540 -2.31199
v 17.25975 6.52540 -2.31199
v 16.95975 6.52540 -2.31199
v 16.95975 6.22540 -2.01199
v 17.25975 6.22540 -2.01199
v 17.25975 6.52540 -2.01199
v 16.95975 6.52540 -2.01199
v 15.67288 0.10000 -1.95142
v 15.48235 0.10000 -1.84142
v 15.48235 0.10000 -1.62142
v 15.67288 0.10000 -1.51142
v 15.86340 0.10000 -1.62142
v 15.86340 0.10000 -1.84142
v 15.67288 4.77540 -1.91142
v 15.51699 4.77540 -1.82142
v 15.51699 4.77540 -1.64142
v 15.67288 4.77540 -1.55142
v 15.82876 4.77540 -1.64142
v 15.82876 4.77540 -1.82142
v 15.67288 0.10000 -1.73142
v 15.67288 4.77540 -1.73142
v 15.22288 0.00000 -2.18142
v 16.12288 0.00000 -2.18142
v 16.12288 0.30000 -2.18142
v 15.22288 0.30000 -2.18142
v 15.22288 0.00000 -1.28142
v 16.12288 0.00000 -1.28142
v 16.12288 0.30000 -1.28142
v 15.22288 0.30000 -1.28142
v 14.65836 5.27050 -0.95194
v 17.00803 5.27050 -1.44088
v 17.00803 5.67050 -1.44088
v 14.65836 5.67050 -0.95194
v 14.77127 5.62232 -0.40934
v 17.12094 5.62232 -0.89828
v 17.12094 6.02232 -0.89828
v 14.77127 6.02232 -0.40934
v 14.65836 5.67050 -0.95194
v 17.00803 5.67050 -1.44088
v 17.00803 5.84050 -1.44088
v 14.65836 5.84050 -0.95194
v 14.77127 6.02232 -0.40934
v 17.12094 6.02232 -0.89828
v 17.12094 6.19232 -0.89828
v 14.77127 6.19232 -0.40934
v 14.36466 5.27050 -0.89082
v 14.65836 5.27050 -0.95194
v 14.65836 6.57050 -0.95194
v 14.36466 6.57050 -0.89082
v 14.47757 5.62232 -0.34822
v 14.77127 5.62232 -0.40934
v 14.77127 6.92232 -0.40934
v 14.47757 6.92232 -0.34822
v 17.00803 5.27050 -1.44088
v 17.30174 5.27050 -1.50200
v 17.30174 6.57050 -1.50200
v 17.00803 6.57050 -1.44088
v 17.12094 5.62232 -0.89828
v 17.41465 5.62232 -0.95940
v 17.41465 6.92232 -0.95940
v 17.12094 6.92232 -0.89828
v 14.75142 5.62232 -0.54099
v 17.14079 5.62232 -0.76663
v 17.14079 6.02232 -0.76663
v 14.75142 6.02232 -0.54099
v 14.80314 5.98026 0.00670
v 17.19251 5.98026 -0.21893
v 17.19251 6.38026 -0.21893
v 14.80314 6.38026 0.00670
v 14.75142 6.02232 -0.54099
v 17.14079 6.02232 -0.76663
v 17.14079 6.19232 -0.76663
v 14.75142 6.19232 -0.54099
v 14.80314 6.38026 0.00670
v 17.19251 6.38026 -0.21893
v 17.19251 6.55026 -0.21893
v 14.80314 6.55026 0.00670
v 14.45275 5.62232 -0.51278
v 14.75142 5.62232 -0.54099
v 14.75142 6.92232 -0.54099
v 14.45275 6.92232 -0.51278
v 14.50447 5.98026 0.03491
v 14.80314 5.98026 0.00670
v 14.80314 7.28026 0.00670
v 14.50447 7.28026 0.03491
v 17.14079 5.62232 -0.76663
v 17.43946 5.62232 -0.79483
v 17.43946 6.92232 -0.79483
v 17.14079 6.92232 -0.76663
v 17.19251 5.98026 -0.21893
v 17.49119 5.98026 -0.24714
v 17.49119 7.28026 -0.24714
v 17.19251 7.28026 -0.21893
v 14.79835 5.98026 -0.14140
v 17.19731 5.98026 -0.07083
v 17.19731 6.38026 -0.07083
v 14.79835 6.38026 -0.14140
v 14.78228 6.34397 0.40483
v 17.18124 6.34397 0.47540
v 17.18124 6.74397 0.47540
v 14.78228 6.74397 0.40483
v 14.79835 6.38026 -0.14140
v 17.19731 6.38026 -0.07083
v 17.19731 6.55026 -0.07083
v 14.79835 6.55026 -0.14140
v 14.78228 6.74397 0.40483
v 17.18124 6.74397 0.47540
v 17.18124 6.91397 0.47540
v 14.78228 6.91397 0.40483
v 14.49848 5.98026 -0.15022
v 14.79835 5.98026 -0.14140
v 14.79835 7.28026 -0.14140
v 14.49848 7.28026 -0.15022
v 14.48241 6.34397 0.39601
v 14.78228 6.34397 0.40483
v 14.78228 7.64397 0.40483
v 14.48241 7.64397 0.39601
v 17.19731 5.98026 -0.07083
v 17.49718 5.98026 -0.06201
v 17.49718 7.28026 -0.06201
v 17.19731 7.28026 -0.07083
v 17.18124 6.34397 0.47540
v 17.48111 6.34397 0.48422
v 17.48111 7.64397 0.48422
v 17.18124 7.64397 0.47540
v 14.34848 7.28026 -0.30022
v 14.64848 7.28026 -0.30022
v 14.64848 7.58026 -0.30022
v 14.34848 7.58026 -0.30022
v 14.34848 7.28026 -0.00022
v 14.64848 7.28026 -0.00022
v 14.64848 7.58026 -0.00022
v 14.34848 7.58026 -0.00022
v 17.34718 7.28026 -0.21201
v 17.64718 7.28026 -0.21201
v 17.64718 7.58026 -0.21201
v 17.34718 7.58026 -0.21201
v 17.34718 7.28026 0.08799
v 17.64718 7.28026 0.08799
v 17.64718 7.58026 0.08799
v 17.34718 7.58026 0.08799
v 14.79106 6.34397 0.29098
v 17.17246 6.34397 0.58925
v 17.17246 6.74397 0.58925
v 14.79106 6.74397 0.29098
v 14.72357 6.71286 0.82984
v 17.10496 6.71286 1.12811
v 17.10496 7.11286 1.12811
v 14.72357 7.11286 0.82984
v 14.79106 6.74397 0.29098
v 17.17246 6.74397 0.58925
v 17.17246 6.91397 0.58925
v 14.79106 6.91397 0.29098
v 14.72357 7.11286 0.82984
v 17.10496 7.11286 1.12811
v 17.10496 7.28286 1.12811
v 14.72357 7.28286 0.82984
v 14.49339 6.34397 0.25369
v 14.79106 6.34397 0.29098
v 14.79106 7.64397 0.29098
v 14.49339 7.64397 0.25369
v 14.42590 6.71286 0.79256
v 14.72357 6.71286 0.82984
v 14.72357 8.01286 0.82984
v 14.42590 8.01286 0.79256
v 17.17246 6.34397 0.58925
v 17.47013 6.34397 0.62653
v 17.47013 7.64397 0.62653
v 17.17246 7.64397 0.58925
v 17.10496 6.71286 1.12811
v 17.40264 6.71286 1.16540
v 17.40264 8.01286 1.16540
v 17.10496 8.01286 1.12811
v 14.73942 6.71286 0.73457
v 17.08911 6.71286 1.22339
v 17.08911 7.11286 1.22339
v 14.73942 7.11286 0.73457
v 14.62894 7.08277 1.26562
v 16.97864 7.08277 1.75444
v 16.97864 7.48277 1.75444
v 14.62894 7.48277 1.26562
v 14.73942 7.11286 0.73457
v 17.08911 7.11286 1.22339
v 17.08911 7.28286 1.22339
v 14.73942 7.28286 0.73457
v 14.62894 7.48277 1.26562
v 16.97864 7.48277 1.75444
v 16.97864 7.65277 1.75444
v 14.62894 7.65277 1.26562
v 14.44571 6.71286 0.67346
v 14.73942 6.71286 0.73457
v 14.73942 8.01286 0.73457
v 14.44571 8.01286 0.67346
v 14.33523 7.08277 1.20451
v 14.62894 7.08277 1.26562
v 14.62894 8.38277 1.26562
v 14.33523 8.38277 1.20451
v 17.08911 6.71286 1.22339
v 17.38283 6.71286 1.28449
v 17.38283 8.01286 1.28449
v 17.08911 8.01286 1.22339
v 16.97864 7.08277 1.75444
v 17.27235 7.08277 1.81554
v 17.27235 8.38277 1.81554
v 16.97864 8.38277 1.75444
v 14.64960 7.08277 1.18164
v 16.95798 7.08277 1.83842
v 16.95798 7.48277 1.83842
v 14.64960 7.48277 1.18164
v 14.50076 7.45059 1.70474
v 16.80915 7.45059 2.36153
v 16.80915 7.85059 2.36153
v 14.50076 7.85059 1.70474
v 14.64960 7.48277 1.18164
v 16.95798 7.48277 1.83842
v 16.95798 7.65277 1.83842
v 14.64960 7.65277 1.18164
v 14.50076 7.85059 1.70474
v 16.80915 7.85059 2.36153
v 16.80915 8.02059 2.36153
v 14.50076 8.02059 1.70474
v 14.36105 7.08277 1.09954
v 14.64960 7.08277 1.18164
v 14.64960 8.38277 1.18164
v 14.36105 8.38277 1.09954
v 14.21221 7.45059 1.62265
v 14.50076 7.45059 1.70474
v 14.50076 8.75059 1.70474
v 14.21221 8.75059 1.62265
v 16.95798 7.08277 1.83842
v 17.24653 7.08277 1.92052
v 17.24653 8.38277 1.92052
v 16.95798 8.38277 1.83842
v 16.80915 7.45059 2.36153
v 17.09769 7.45059 2.44363
v 17.09769 8.75059 2.44363
v 16.80915 8.75059 2.36153
v 14.21105 8.38277 0.94954
v 14.51105 8.38277 0.94954
v 14.51105 8.68277 0.94954
v 14.21105 8.68277 0.94954
v 14.21105 8.38277 1.24954
v 14.51105 8.38277 1.24954
v 14.51105 8.68277 1.24954
v 14.21105 8.68277 1.24954
v 17.09653 8.38277 1.77052
v 17.39653 8.38277 1.77052
v 17.39653 8.68277 1.77052
v 17.09653 8.68277 1.77052
v 17.09653 8.38277 2.07052
v 17.39653 8.38277 2.07052
v 17.39653 8.68277 2.07052
v 17.09653 8.68277 2.07052
v 15.80379 0.10000 1.29003
v 15.61326 0.10000 1.40003
v 15.61326 0.10000 1.62003
v 15.80379 0.10000 1.73003
v 15.99432 0.10000 1.62003
v 15.99432 0.10000 1.40003
v 15.80379 6.93277 1.33003
v 15.64791 6.93277 1.42003
v 15.64791 6.93277 1.60003
v 15.80379 6.93277 1.69003
v 15.95967 6.93277 1.60003
v 15.95967 6.93277 1.42003
v 15.80379 0.10000 1.51003
v 15.80379 6.93277 1.51003
v 15.35379 0.00000 1.06003
v 16.25379 0.00000 1.06003
v 16.25379 0.30000 1.06003
v 15.35379 0.30000 1.06003
v 15.35379 0.00000 1.96003
v 16.25379 0.00000 1.96003
v 16.25379 0.30000 1.96003
v 15.35379 0.30000 1.96003
v 14.52536 7.45059 1.62816
v 16.78455 7.45059 2.43811
v 16.78455 7.85059 2.43811
v 14.52536 7.85059 1.62816
v 14.34074 7.81368 2.14312
v 16.59993 7.81368 2.95307
v 16.59993 8.21368 2.95307
v 14.34074 8.21368 2.14312
v 14.52536 7.85059 1.62816
v 16.78455 7.85059 2.43811
v 16.78455 8.02059 2.43811
v 14.52536 8.02059 1.62816
v 14.34074 8.21368 2.14312
v 16.59993 8.21368 2.95307
v 16.59993 8.38368 2.95307
v 14.34074 8.38368 2.14312
v 14.24296 7.45059 1.52691
v 14.52536 7.45059 1.62816
v 14.52536 8.75059 1.62816
v 14.24296 8.75059 1.52691
v 14.05834 7.81368 2.04187
v 14.34074 7.81368 2.14312
v 14.34074 9.11368 2.14312
v 14.05834 9.11368 2.04187
v 16.78455 7.45059 2.43811
v 17.06695 7.45059 2.53936
v 17.06695 8.75059 2.53936
v 16.78455 8.75059 2.43811
v 16.59993 7.81368 2.95307
v 16.88233 7.81368 3.05432
v 16.88233 9.11368 3.05432
v 16.59993 9.11368 2.95307
v 14.36912 7.81368 2.07131
v 16.57155 7.81368 3.02488
v 16.57155 8.21368 3.02488
v 14.36912 8.21368 2.07131
v 14.14987 8.16949 2.57770
v 16.35230 8.16949 3.53128
v 16.35230 8.56949 3.53128
v 14.14987 8.56949 2.57770
v 14.36912 8.21368 2.07131
v 16.57155 8.21368 3.02488
v 16.57155 8.38368 3.02488
v 14.36912 8.38368 2.07131
v 14.14987 8.56949 2.57770
v 16.35230 8.56949 3.53128
v 16.35230 8.73949 3.53128
v 14.14987 8.73949 2.57770
v 14.09382 7.81368 1.95211
v 14.36912 7.81368 2.07131
v 14.36912 9.11368 2.07131
v 14.09382 9.11368 1.95211
v 13.87457 8.16949 2.45850
v 14.14987 8.16949 2.57770
v 14.14987 9.46949 2.57770
v 13.87457 9.46949 2.45850
v 16.57155 7.81368 3.02488
v 16.84685 7.81368 3.14408
v 16.84685 9.11368 3.14408
v 16.57155 9.11368 3.02488
v 16.35230 8.16949 3.53128
v 16.62760 8.16949 3.65048
v 16.62760 9.46949 3.65048
v 16.35230 9.46949 3.53128
v 14.18151 8.16949 2.51042
v 16.32066 8.16949 3.59856
v 16.32066 8.56949 3.59856
v 14.18151 8.56949 2.51042
v 13.92852 8.51553 3.00776
v 16.06767 8.51553 4.09590
v 16.06767 8.91553 4.09590
v 13.92852 8.91553 3.00776
v 14.18151 8.56949 2.51042
v 16.32066 8.56949 3.59856
v 16.32066 8.73949 3.59856
v 14.18151 8.73949 2.51042
v 13.92852 8.91553 3.00776
v 16.06767 8.91553 4.09590
v 16.06767 9.08553 4.09590
v 13.92852 9.08553 3.00776
v 13.91411 8.16949 2.37441
v 14.18151 8.16949 2.51042
v 14.18151 9.46949 2.51042
v 13.91411 9.46949 2.37441
v 13.66113 8.51553 2.87175
v 13.92852 8.51553 3.00776
v 13.92852 9.81553 3.00776
v 13.66113 9.81553 2.87175
v 16.32066 8.16949 3.59856
v 16.58805 8.16949 3.73457
v 16.58805 9.46949 3.73457
v 16.32066 9.46949 3.59856
v 16.06767 8.51553 4.09590
v 16.33507 8.51553 4.23191
v 16.33507 9.81553 4.23191
v 16.06767 9.81553 4.09590
v 13.76411 9.46949 2.22441
v 14.06411 9.46949 2.22441
v 14.06411 9.76949 2.22441
v 13.76411 9.76949 2.22441
v 13.76411 9.46949 2.52441
v 14.06411 9.46949 2.52441
v 14.06411 9.76949 2.52441
v 13.76411 9.76949 2.52441
v 16.43805 9.46949 3.58457
v 16.73805 9.46949 3.58457
v 16.73805 9.76949 3.58457
v 16.43805 9.76949 3.58457
v 16.43805 9.46949 3.88457
v 16.73805 9.46949 3.88457
v 16.73805 9.76949 3.88457
v 16.43805 9.76949 3.88457
v 13.96426 8.51553 2.94258
v 16.03193 8.51553 4.16108
v 16.03193 8.91553 4.16108
v 13.96426 8.91553 2.94258
v 13.67709 8.84889 3.42989
v 15.74476 8.84889 4.64838
v 15.74476 9.24889 4.64838
v 13.67709 9.24889 3.42989
v 13.96426 8.91553 2.94258
v 16.03193 8.91553 4.16108
v 16.03193 9.08553 4.16108
v 13.96426 9.08553 2.94258
v 13.67709 9.24889 3.42989
v 15.74476 9.24889 4.64838
v 15.74476 9.41889 4.64838
v 13.67709 9.41889 3.42989
v 13.70580 8.51553 2.79027
v 13.96426 8.51553 2.94258
v 13.96426 9.81553 2.94258
v 13.70580 9.81553 2.79027
v 13.41863 8.84889 3.27757
v 13.67709 8.84889 3.42989
v 13.67709 10.14889 3.42989
v 13.41863 10.14889 3.27757
v 16.03193 8.51553 4.16108
v 16.29039 8.51553 4.31339
v 16.29039 9.81553 4.31339
v 16.03193 9.81553 4.16108
v 15.74476 8.84889 4.64838
v 16.00322 8.84889 4.80070
v 16.00322 10.14889 4.80070
v 15.74476 10.14889 4.64838
v 13.71770 8.84889 3.36570
v 15.70414 8.84889 4.71257
v 15.70414 9.24889 4.71257
v 13.71770 9.24889 3.36570
v 13.39512 9.16611 3.84146
v 15.38156 9.16611 5.18833
v 15.38156 9.56611 5.18833
v 13.39512 9.56611 3.84146
v 13.71770 9.24889 3.36570
v 15.70414 9.24889 4.71257
v 15.70414 9.41889 4.71257
v 13.71770 9.41889 3.36570
v 13.39512 9.56611 3.84146
v 15.38156 9.56611 5.18833
v 15.38156 9.73611 5.18833
v 13.39512 9.73611 3.84146
v 13.46940 8.84889 3.19734
v 13.71770 8.84889 3.36570
v 13.71770 10.14889 3.36570
v 13.46940 10.14889 3.19734
v 13.14682 9.16611 3.67310
v 13.39512 9.16611 3.84146
v 13.39512 10.46611 3.84146
v 13.14682 10.46611 3.67310
v 15.70414 8.84889 4.71257
v 15.95245 8.84889 4.88093
v 15.95245 10.14889 4.88093
v 15.70414 10.14889 4.71257
v 15.38156 9.16611 5.18833
v 15.62986 9.16611 5.35669
v 15.62986 10.46611 5.35669
v 15.38156 10.46611 5.18833
v 13.44170 9.16611 3.77742
v 15.33498 9.16611 5.25238
v 15.33498 9.56611 5.25238
v 13.44170 9.56611 3.77742
v 13.08180 9.46286 4.23940
v 14.97508 9.46286 5.71435
v 14.97508 9.86286 5.71435
v 13.08180 9.86286 4.23940
v 13.44170 9.56611 3.77742
v 15.33498 9.56611 5.25238
v 15.33498 9.73611 5.25238
v 13.44170 9.73611 3.77742
v 13.08180 9.86286 4.23940
v 14.97508 9.86286 5.71435
v 14.97508 10.03286 5.71435
v 13.08180 10.03286 4.23940
v 13.20504 9.16611 3.59305
v 13.44170 9.16611 3.77742
v 13.44170 10.46611 3.77742
v 13.20504 10.46611 3.59305
v 12.84514 9.46286 4.05503
v 13.08180 9.46286 4.23940
v 13.08180 10.76286 4.23940
v 12.84514 10.76286 4.05503
v 15.33498 9.16611 5.25238
v 15.57164 9.16611 5.43675
v 15.57164 10.46611 5.43675
v 15.33498 10.46611 5.25238
v 14.97508 9.46286 5.71435
v 15.21174 9.46286 5.89872
v 15.21174 10.76286 5.89872
v 14.97508 10.76286 5.71435
v 13.05504 10.46611 3.44305
v 13.35504 10.46611 3.44305
v 13.35504 10.76611 3.44305
v 13.05504 10.76611 3.44305
v 13.05504 10.46611 3.74305
v 13.35504 10.46611 3.74305
v 13.35504 10.76611 3.74305
v 13.05504 10.76611 3.74305
v 15.42164 10.46611 5.28675
v 15.72164 10.46611 5.28675
v 15.72164 10.76611 5.28675
v 15.42164 10.76611 5.28675
v 15.42164 10.46611 5.58675
v 15.72164 10.46611 5.58675
v 15.72164 10.76611 5.58675
v 15.42164 10.76611 5.58675
v 14.38834 0.10000 4.29490
v 14.19782 0.10000 4.40490
v 14.19782 0.10000 4.62490
v 14.38834 0.10000 4.73490
v 14.57887 0.10000 4.62490
v 14.57887 0.10000 4.40490
v 14.38834 9.01611 4.33490
v 14.23246 9.01611 4.42490
v 14.23246 9.01611 4.60490
v 14.38834 9.01611 4.69490
v 14.54423 9.01611 4.60490
v 14.54423 9.01611 4.42490
v 14.38834 0.10000 4.51490
v 14.38834 9.01611 4.51490
v 13.93834 0.00000 4.06490
v 14.83834 0.00000 4.06490
v 14.83834 0.30000 4.06490
v 13.93834 0.30000 4.06490
v 13.93834 0.00000 4.96490
v 14.83834 0.00000 4.96490
v 14.83834 0.30000 4.96490
v 13.93834 0.30000 4.96490
v 13.13695 9.46286 4.17360
v 14.91993 9.46286 5.78014
v 14.91993 9.86286 5.78014
v 13.13695 9.86286 4.17360
v 12.73645 9.73299 4.61809
v 14.51943 9.73299 6.22463
v 14.51943 10.13299 6.22463
v 12.73645 10.13299 4.61809
v 13.13695 9.86286 4.17360
v 14.91993 9.86286 5.78014
v 14.91993 10.03286 5.78014
v 13.13695 10.03286 4.17360
v 12.73645 10.13299 4.61809
v 14.51943 10.13299 6.22463
v 14.51943 10.30299 6.22463
v 12.73645 10.30299 4.61809
v 12.91408 9.46286 3.97279
v 13.13695 9.46286 4.17360
v 13.13695 10.76286 4.17360
v 12.91408 10.76286 3.97279
v 12.51357 9.73299 4.41728
v 12.73645 9.73299 4.61809
v 12.73645 11.03299 4.61809
v 12.51357 11.03299 4.41728
v 14.91993 9.46286 5.78014
v 15.14280 9.46286 5.98096
v 15.14280 10.76286 5.98096
v 14.91993 10.76286 5.78014
v 14.51943 9.73299 6.22463
v 14.74230 9.73299 6.42545
v 14.74230 11.03299 6.42545
v 14.51943 11.03299 6.22463
v 12.80101 9.73299 4.55177
v 14.45486 9.73299 6.29096
v 14.45486 10.13299 6.29096
v 12.80101 10.13299 4.55177
v 12.35720 9.96910 4.97381
v 14.01105 9.96910 6.71299
v 14.01105 10.36910 6.71299
v 12.35720 10.36910 4.97381
v 12.80101 10.13299 4.55177
v 14.45486 10.13299 6.29096
v 14.45486 10.30299 6.29096
v 12.80101 10.30299 4.55177
v 12.35720 10.36910 4.97381
v 14.01105 10.36910 6.71299
v 14.01105 10.53910 6.71299
v 12.35720 10.53910 4.97381
v 12.59428 9.73299 4.33437
v 12.80101 9.73299 4.55177
v 12.80101 11.03299 4.55177
v 12.59428 11.03299 4.33437
v 12.15047 9.96910 4.75641
v 12.35720 9.96910 4.97381
v 12.35720 11.26910 4.97381
v 12.15047 11.26910 4.75641
v 14.45486 9.73299 6.29096
v 14.66160 9.73299 6.50835
v 14.66160 11.03299 6.50835
v 14.45486 11.03299 6.29096
v 14.01105 9.96910 6.71299
v 14.21779 9.96910 6.93039
v 14.21779 11.26910 6.93039
v 14.01105 11.26910 6.71299
v 12.43549 9.96910 4.90556
v 13.93277 9.96910 6.78124
v 13.93277 10.36910 6.78124
v 12.43549 10.36910 4.90556
v 11.94635 10.16677 5.29602
v 13.44363 10.16677 7.17170
v 13.44363 10.56677 7.17170
v 11.94635 10.56677 5.29602
v 12.43549 10.36910 4.90556
v 13.93277 10.36910 6.78124
v 13.93277 10.53910 6.78124
v 12.43549 10.53910 4.90556
v 11.94635 10.56677 5.29602
v 13.44363 10.56677 7.17170
v 13.44363 10.73677 7.17170
v 11.94635 10.73677 5.29602
v 12.24832 9.96910 4.67110
v 12.43549 9.96910 4.90556
v 12.43549 11.26910 4.90556
v 12.24832 11.26910 4.67110
v 11.75919 10.16677 5.06156
v 11.94635 10.16677 5.29602
v 11.94635 11.46677 5.29602
v 11.75919 11.46677 5.06156
v 13.93277 9.96910 6.78124
v 14.11993 9.96910 7.01570
v 14.11993 11.26910 7.01570
v 13.93277 11.26910 6.78124
v 13.44363 10.16677 7.17170
v 13.63079 10.16677 7.40615
v 13.63079 11.46677 7.40615
v 13.44363 11.46677 7.17170
v 12.09832 11.26910 4.52110
v 12.39832 11.26910 4.52110
v 12.39832 11.56910 4.52110
v 12.09832 11.56910 4.52110
v 12.09832 11.26910 4.82110
v 12.39832 11.26910 4.82110
v 12.39832 11.56910 4.82110
v 12.09832 11.56910 4.82110
v 13.96993 11.26910 6.86570
v 14.26993 11.26910 6.86570
v 14.26993 11.56910 6.86570
v 13.96993 11.56910 6.86570
v 13.96993 11.26910 7.16570
v 14.26993 11.26910 7.16570
v 14.26993 11.56910 7.16570
v 13.96993 11.56910 7.16570
v 12.03322 10.16677 5.23283
v 13.35676 10.16677 7.23489
v 13.35676 10.56677 7.23489
v 12.03322 10.56677 5.23283
v 11.50480 10.33903 5.58216
v 12.82833 10.33903 7.58422
v 12.82833 10.73903 7.58422
v 11.50480 10.73903 5.58216
v 12.03322 10.56677 5.23283
v 13.35676 10.56677 7.23489
v 13.35676 10.73677 7.23489
v 12.03322 10.73677 5.23283
v 11.50480 10.73903 5.58216
v 12.82833 10.73903 7.58422
v 12.82833 10.90903 7.58422
v 11.50480 10.90903 5.58216
v 11.86778 10.16677 4.98257
v 12.03322 10.16677 5.23283
v 12.03322 11.46677 5.23283
v 11.86778 11.46677 4.98257
v 11.33936 10.33903 5.33191
v 11.50480 10.33903 5.58216
v 11.50480 11.63903 5.58216
v 11.33936 11.63903 5.33191
v 13.35676 10.16677 7.23489
v 13.52220 10.16677 7.48515
v 13.52220 11.46677 7.48515
v 13.35676 11.46677 7.23489
v 12.82833 10.33903 7.58422
v 12.99378 10.33903 7.83448
v 12.99378 11.63903 7.83448
v 12.82833 11.63903 7.58422
v 11.57531 10.33903 5.53896
v 12.75782 10.33903 7.62742
v 12.75782 10.73903 7.62742
v 11.57531 10.73903 5.53896
v 11.01912 10.48902 5.85388
v 12.20163 10.48902 7.94234
v 12.20163 10.88902 7.94234
v 11.01912 10.88902 5.85388
v 11.57531 10.73903 5.53896
v 12.75782 10.73903 7.62742
v 12.75782 10.90903 7.62742
v 11.57531 10.90903 5.53896
v 11.01912 10.88902 5.85388
v 12.20163 10.88902 7.94234
v 12.20163 11.05902 7.94234
v 11.01912 11.05902 5.85388
v 11.42750 10.33903 5.27791
v 11.57531 10.33903 5.53896
v 11.57531 11.63903 5.53896
v 11.42750 11.63903 5.27791
v 10.87131 10.48902 5.59283
v 11.01912 10.48902 5.85388
v 11.01912 11.78902 5.85388
v 10.87131 11.78902 5.59283
v 12.75782 10.33903 7.62742
v 12.90563 10.33903 7.88848
v 12.90563 11.63903 7.88848
v 12.75782 11.63903 7.62742
v 12.20163 10.48902 7.94234
v 12.34945 10.48902 8.20340
v 12.34945 11.78902 8.20340
v 12.20163 11.78902 7.94234
v 11.07747 10.48902 5.82293
v 12.14328 10.48902 7.97329
v 12.14328 10.88902 7.97329
v 11.07747 10.88902 5.82293
v 10.50052 10.61715 6.10890
v 11.56633 10.61715 8.25926
v 11.56633 11.01715 8.25926
v 10.50052 11.01715 6.10890
v 11.07747 10.88902 5.82293
v 12.14328 10.88902 7.97329
v 12.14328 11.05902 7.97329
v 11.07747 11.05902 5.82293
v 10.50052 11.01715 6.10890
v 11.56633 11.01715 8.25926
v 11.56633 11.18715 8.25926
v 10.50052 11.18715 6.10890
v 10.94425 10.48902 5.55414
v 11.07747 10.48902 5.82293
v 11.07747 11.78902 5.82293
v 10.94425 11.78902 5.55414
v 10.36730 10.61715 5.84010
v 10.50052 10.61715 6.10890
v 10.50052 11.91715 6.10890
v 10.36730 11.91715 5.84010
v 12.14328 10.48902 7.97329
v 12.27651 10.48902 8.24209
v 12.27651 11.78902 8.24209
v 12.14328 11.78902 7.97329
v 11.56633 10.61715 8.25926
v 11.69956 10.61715 8.52805
v 11.69956 11.91715 8.52805
v 11.56633 11.91715 8.25926
v 11.61038 0.10000 6.67811
v 11.41985 0.10000 6.78811
v 11.41985 0.10000 7.00811
v 11.61038 0.10000 7.11811
v 11.80090 0.10000 7.00811
v 11.80090 0.10000 6.78811
v 11.61038 10.33902 6.71811
v 11.45449 10.33902 6.80811
v 11.45449 10.33902 6.98811
v 11.61038 10.33902 7.07811
v 11.76626 10.33902 6.98811
v 11.76626 10.33902 6.80811
v 11.61038 0.10000 6.89811
v 11.61038 10.33902 6.89811
v 11.16038 0.00000 6.44811
v 12.06038 0.00000 6.44811
v 12.06038 0.30000 6.44811
v 11.16038 0.30000 6.44811
v 11.16038 0.00000 7.34811
v 12.06038 0.00000 7.34811
v 12.06038 0.30000 7.34811
v 11.16038 0.30000 7.34811
v 10.54944 10.61715 6.08601
v 11.51742 10.61715 8.28214
v 11.51742 11.01715 8.28214
v 10.54944 11.01715 6.08601
v 9.95657 10.72356 6.34732
v 10.92455 10.72356 8.54346
v 10.92455 11.12356 8.54346
v 9.95657 11.12356 6.34732
v 10.54944 11.01715 6.08601
v 11.51742 11.01715 8.28214
v 11.51742 11.18715 8.28214
v 10.54944 11.18715 6.08601
v 9.95657 11.12356 6.34732
v 10.92455 11.12356 8.54346
v 10.92455 11.29356 8.54346
v 9.95657 11.29356 6.34732
v 10.42844 10.61715 5.81149
v 10.54944 10.61715 6.08601
v 10.54944 11.91715 6.08601
v 10.42844 11.91715 5.81149
v 9.83558 10.72356 6.07280
v 9.95657 10.72356 6.34732
v 9.95657 12.02356 6.34732
v 9.83558 12.02356 6.07280
v 11.51742 10.61715 8.28214
v 11.63841 10.61715 8.55666
v 11.63841 11.91715 8.55666
v 11.51742 11.91715 8.28214
v 10.92455 10.72356 8.54346
v 11.04555 10.72356 8.81797
v 11.04555 12.02356 8.81797
v 10.92455 12.02356 8.54346
v 9.99827 10.72356 6.32987
v 10.88286 10.72356 8.56090
v 10.88286 11.12356 8.56090
v 9.99827 11.12356 6.32987
v 9.39297 10.80803 6.56987
v 10.27757 10.80803 8.80090
v 10.27757 11.20803 8.80090
v 9.39297 11.20803 6.56987
v 9.99827 11.12356 6.32987
v 10.88286 11.12356 8.56090
v 10.88286 11.29356 8.56090
v 9.99827 11.29356 6.32987
v 9.39297 11.20803 6.56987
v 10.27757 11.20803 8.80090
v 10.27757 11.37803 8.80090
v 9.39297 11.37803 6.56987
v 9.88769 10.72356 6.05099
v 9.99827 10.72356 6.32987
v 9.99827 12.02356 6.32987
v 9.88769 12.02356 6.05099
v 9.28240 10.80803 6.29099
v 9.39297 10.80803 6.56987
v 9.39297 12.10803 6.56987
v 9.28240 12.10803 6.29099
v 10.88286 10.72356 8.56090
v 10.99343 10.72356 8.83978
v 10.99343 12.02356 8.83978
v 10.88286 12.02356 8.56090
v 10.27757 10.80803 8.80090
v 10.38814 10.80803 9.07978
v 10.38814 12.10803 9.07978
v 10.27757 12.10803 8.80090
v 9.42916 10.80803 6.55619
v 10.24138 10.80803 8.81457
v 10.24138 11.20803 8.81457
v 9.42916 11.20803 6.55619
v 8.81405 10.86989 6.77741
v 9.62628 10.86989 9.03580
v 9.62628 11.26989 9.03580
v 8.81405 11.26989 6.77741
v 9.42916 11.20803 6.55619
v 10.24138 11.20803 8.81457
v 10.24138 11.37803 8.81457
v 9.42916 11.37803 6.55619
v 8.81405 11.26989 6.77741
v 9.62628 11.26989 9.03580
v 9.62628 11.43989 9.03580
v 8.81405 11.43989 6.77741
v 9.32763 10.80803 6.27390
v 9.42916 10.80803 6.55619
v 9.42916 12.10803 6.55619
v 9.32763 12.10803 6.27390
v 8.71252 10.86989 6.49512
v 8.81405 10.86989 6.77741
v 8.81405 12.16989 6.77741
v 8.71252 12.16989 6.49512
v 10.24138 10.80803 8.81457
v 10.34291 10.80803 9.09687
v 10.34291 12.10803 9.09687
v 10.24138 12.10803 8.81457
v 9.62628 10.86989 9.03580
v 9.72781 10.86989 9.31809
v 9.72781 12.16989 9.31809
v 9.62628 12.16989 9.03580
v 8.84603 10.86989 6.76642
v 9.59430 10.86989 9.04679
v 9.59430 11.26989 9.04679
v 8.84603 11.26989 6.76642
v 8.22321 10.90803 6.97079
v 8.97148 10.90803 9.25116
v 8.97148 11.30803 9.25116
v 8.22321 11.30803 6.97079
v 8.84603 11.26989 6.76642
v 9.59430 11.26989 9.04679
v 9.59430 11.43989 9.04679
v 8.84603 11.43989 6.76642
v 8.22321 11.30803 6.97079
v 8.97148 11.30803 9.25116
v 8.97148 11.47803 9.25116
v 8.22321 11.47803 6.97079
v 8.75250 10.86989 6.48137
v 8.84603 10.86989 6.76642
v 8.84603 12.16989 6.76642
v 8.75250 12.16989 6.48137
v 8.12968 10.90803 6.68574
v 8.22321 10.90803 6.97079
v 8.22321 12.20803 6.97079
v 8.12968 12.20803 6.68574
v 9.59430 10.86989 9.04679
v 9.68783 10.86989 9.33184
v 9.68783 12.16989 9.33184
v 9.59430 12.16989 9.04679
v 8.97148 10.90803 9.25116
v 9.06502 10.90803 9.53621
v 9.06502 12.20803 9.53621
v 8.97148 12.20803 9.25116
v 8.25200 10.90803 6.96174
v 8.94270 10.90803 9.26021
v 8.94270 11.30803 9.26021
v 8.25200 11.30803 6.96174
v 7.62329 10.92079 7.15067
v 8.31399 10.92079 9.44913
v 8.31399 11.32079 9.44913
v 7.62329 11.32079 7.15067
v 8.25200 11.30803 6.96174
v 8.94270 11.30803 9.26021
v 8.94270 11.47803 9.26021
v 8.25200 11.47803 6.96174
v 7.62329 11.32079 7.15067
v 8.31399 11.32079 9.44913
v 8.31399 11.49079 9.44913
v 7.62329 11.49079 7.15067
v 8.16566 10.90803 6.67443
v 8.25200 10.90803 6.96174
v 8.25200 12.20803 6.96174
v 8.16566 12.20803 6.67443
v 7.53696 10.92079 6.86336
v 7.62329 10.92079 7.15067
v 7.62329 12.22079 7.15067
v 7.53696 12.22079 6.86336
v 8.94270 10.90803 9.26021
v 9.02904 10.90803 9.54751
v 9.02904 12.20803 9.54751
v 8.94270 12.20803 9.26021
v 8.31399 10.92079 9.44913
v 8.40033 10.92079 9.73644
v 8.40033 12.22079 9.73644
v 8.31399 12.22079 9.44913
v 7.64968 10.92079 7.14307
v 8.28761 10.92079 9.45673
v 8.28761 11.32079 9.45673
v 7.64968 11.32079 7.14307
v 7.01685 10.90588 7.31756
v 7.65479 10.90588 9.63122
v 7.65479 11.30588 9.63122
v 7.01685 11.30588 7.31756
v 7.64968 11.32079 7.14307
v 8.28761 11.32079 9.45673
v 8.28761 11.49079 9.45673
v 7.64968 11.49079 7.14307
v 7.01685 11.30588 7.31756
v 7.65479 11.30588 9.63122
v 7.65479 11.47588 9.63122
v 7.01685 11.47588 7.31756
v 7.56993 10.92079 6.85386
v 7.64968 10.92079 7.14307
v 7.64968 12.22079 7.14307
v 7.56993 12.22079 6.85386
v 6.93711 10.90588 7.02835
v 7.01685 10.90588 7.31756
v 7.01685 12.20588 7.31756
v 6.93711 12.20588 7.02835
v 8.28761 10.92079 9.45673
v 8.36735 10.92079 9.74594
v 8.36735 12.22079 9.74594
v 8.28761 12.22079 9.45673
v 7.65479 10.90588 9.63122
v 7.73453 10.90588 9.92043
v 7.73453 12.20588 9.92043
v 7.65479 12.20588 9.63122
v 7.96864 0.10000 8.07990
v 7.77812 0.10000 8.18990
v 7.77812 0.10000 8.40990
v 7.96864 0.10000 8.51990
v 8.15917 0.10000 8.40990
v 8.15917 0.10000 8.18990
v 7.96864 10.77079 8.11990
v 7.81276 10.77079 8.20990
v 7.81276 10.77079 8.38990
v 7.96864 10.77079 8.47990
v 8.12453 10.77079 8.38990
v 8.12453 10.77079 8.20990
v 7.96864 0.10000 8.29990
v 7.96864 10.77079 8.29990
v 7.51864 0.00000 7.84990
v 8.41864 0.00000 7.84990
v 8.41864 0.30000 7.84990
v 7.51864 0.30000 7.84990
v 7.51864 0.00000 8.74990
v 8.41864 0.00000 8.74990
v 8.41864 0.30000 8.74990
v 7.51864 0.30000 8.74990
v 7.04174 10.90588 7.31098
v 7.62990 10.90588 9.63780
v 7.62990 11.30588 9.63780
v 7.04174 11.30588 7.31098
v 6.40673 10.85989 7.47149
v 6.99489 10.85989 9.79831
v 6.99489 11.25989 9.79831
v 6.40673 11.25989 7.47149
v 7.04174 11.30588 7.31098
v 7.62990 11.30588 9.63780
v 7.62990 11.47588 9.63780
v 7.04174 11.47588 7.31098
v 6.40673 11.25989 7.47149
v 6.99489 11.25989 9.79831
v 6.99489 11.42989 9.79831
v 6.40673 11.42989 7.47149
v 6.96822 10.90588 7.02013
v 7.04174 10.90588 7.31098
v 7.04174 12.20588 7.31098
v 6.96822 12.20588 7.02013
v 6.33321 10.85989 7.18064
v 6.40673 10.85989 7.47149
v 6.40673 12.15989 7.47149
v 6.33321 12.15989 7.18064
v 7.62990 10.90588 9.63780
v 7.70342 10.90588 9.92865
v 7.70342 12.20588 9.92865
v 7.62990 12.20588 9.63780
v 6.99489 10.85989 9.79831
v 7.06841 10.85989 10.08916
v 7.06841 12.15989 10.08916
v 6.99489 12.15989 9.79831
v 6.43003 10.85989 7.46585
v 6.97160 10.85989 9.80395
v 6.97160 11.25989 9.80395
v 6.43003 11.25989 7.46585
v 5.79522 10.77936 7.61289
v 6.33679 10.77936 9.95099
v 6.33679 11.17936 9.95099
v 5.79522 11.17936 7.61289
v 6.43003 11.25989 7.46585
v 6.97160 11.25989 9.80395
v 6.97160 11.42989 9.80395
v 6.43003 11.42989 7.46585
v 5.79522 11.17936 7.61289
v 6.33679 11.17936 9.95099
v 6.33679 11.34936 9.95099
v 5.79522 11.34936 7.61289
v 6.36233 10.85989 7.17359
v 6.43003 10.85989 7.46585
v 6.43003 12.15989 7.46585
v 6.36233 12.15989 7.17359
v 5.72752 10.77936 7.32063
v 5.79522 10.77936 7.61289
v 5.79522 12.07936 7.61289
v 5.72752 12.07936 7.32063
v 6.97160 10.85989 9.80395
v 7.03929 10.85989 10.09621
v 7.03929 12.15989 10.09621
v 6.97160 12.15989 9.80395
v 6.33679 10.77936 9.95099
v 6.40449 10.77936 10.24325
v 6.40449 12.07936 10.24325
v 6.33679 12.07936 9.95099
v 5.81783 10.77936 7.60788
v 6.31418 10.77936 9.95600
v 6.31418 11.17936 9.95600
v 5.81783 11.17936 7.60788
v 5.18629 10.65943 7.74138
v 5.68265 10.65943 10.08949
v 5.68265 11.05943 10.08949
v 5.18629 11.05943 7.74138
v 5.81783 11.17936 7.60788
v 6.31418 11.17936 9.95600
v 6.31418 11.34936 9.95600
v 5.81783 11.34936 7.60788
v 5.18629 11.05943 7.74138
v 5.68265 11.05943 10.08949
v 5.68265 11.22943 10.08949
v 5.18629 11.22943 7.74138
v 5.75578 10.77936 7.31437
v 5.81783 10.77936 7.60788
v 5.81783 12.07936 7.60788
v 5.75578 12.07936 7.31437
v 5.12425 10.65943 7.44787
v 5.18629 10.65943 7.74138
v 5.18629 11.95943 7.74138
v 5.12425 11.95943 7.44787
v 6.31418 10.77936 9.95600
v 6.37623 10.77936 10.24951
v 6.37623 12.07936 10.24951
v 6.31418 12.07936 9.95600
v 5.68265 10.65943 10.08949
v 5.74469 10.65943 10.38301
v 5.74469 11.95943 10.38301
v 5.68265 11.95943 10.08949
v 5.20991 10.65943 7.73664
v 5.65903 10.65943 10.09424
v 5.65903 11.05943 10.09424
v 5.20991 11.05943 7.73664
v 4.58604 10.49326 7.85548
v 5.03516 10.49326 10.21308
v 5.03516 10.89326 10.21308
v 4.58604 10.89326 7.85548
v 5.20991 11.05943 7.73664
v 5.65903 11.05943 10.09424
v 5.65903 11.22943 10.09424
v 5.20991 11.22943 7.73664
v 4.58604 10.89326 7.85548
v 5.03516 10.89326 10.21308
v 5.03516 11.06326 10.21308
v 4.58604 11.06326 7.85548
v 5.15377 10.65943 7.44194
v 5.20991 10.65943 7.73664
v 5.20991 11.95943 7.73664
v 5.15377 11.95943 7.44194
v 4.52990 10.49326 7.56078
v 4.58604 10.49326 7.85548
v 4.58604 11.79326 7.85548
v 4.52990 11.79326 7.56078
v 5.65903 10.65943 10.09424
v 5.71517 10.65943 10.38894
v 5.71517 11.95943 10.38894
v 5.65903 11.95943 10.09424
v 5.03516 10.49326 10.21308
v 5.09130 10.49326 10.50779
v 5.09130 11.79326 10.50779
v 5.03516 11.79326 10.21308
v 4.62502 10.49326 7.84872
v 4.99618 10.49326 10.21985
v 4.99618 10.89326 10.21985
v 4.62502 10.89326 7.84872
v 4.01532 10.26952 7.94416
v 4.38648 10.26952 10.31529
v 4.38648 10.66952 10.31529
v 4.01532 10.66952 7.94416
v 4.62502 10.89326 7.84872
v 4.99618 10.89326 10.21985
v 4.99618 11.06326 10.21985
v 4.62502 11.06326 7.84872
v 4.01532 10.66952 7.94416
v 4.38648 10.66952 10.31529
v 4.38648 10.83952 10.31529
v 4.01532 10.83952 7.94416
v 4.57862 10.49326 7.55233
v 4.62502 10.49326 7.84872
v 4.62502 11.79326 7.84872
v 4.57862 11.79326 7.55233
v 3.96892 10.26952 7.64777
v 4.01532 10.26952 7.94416
v 4.01532 11.56952 7.94416
v 3.96892 11.56952 7.64777
v 4.99618 10.49326 10.21985
v 5.04258 10.49326 10.51624
v 5.04258 11.79326 10.51624
v 4.99618 11.79326 10.21985
v 4.38648 10.26952 10.31529
v 4.43288 10.26952 10.61168
v 4.43288 11.56952 10.61168
v 4.38648 11.56952 10.31529
v 4.05635 10.26952 7.93846
v 4.34545 10.26952 10.32099
v 4.34545 10.66952 10.32099
v 4.05635 10.66952 7.93846
v 3.46325 9.99737 8.01043
v 3.75235 9.99737 10.39295
v 3.75235 10.39737 10.39295
v 3.46325 10.39737 8.01043
v 4.05635 10.66952 7.93846
v 4.34545 10.66952 10.32099
v 4.34545 10.83952 10.32099
v 4.05635 10.83952 7.93846
v 3.46325 10.39737 8.01043
v 3.75235 10.39737 10.39295
v 3.75235 10.56737 10.39295
v 3.46325 10.56737 8.01043
v 4.02021 10.26952 7.64065
v 4.05635 10.26952 7.93846
v 4.05635 11.56952 7.93846
v 4.02021 11.56952 7.64065
v 3.42711 9.99737 7.71261
v 3.46325 9.99737 8.01043
v 3.46325 11.29737 8.01043
v 3.42711 11.29737 7.71261
v 4.34545 10.26952 10.32099
v 4.38159 10.26952 10.61880
v 4.38159 11.56952 10.61880
v 4.34545 11.56952 10.32099
v 3.75235 9.99737 10.39295
v 3.78849 9.99737 10.69077
v 3.78849 11.29737 10.69077
v 3.75235 11.29737 10.39295
v 4.20090 0.10000 8.90972
v 4.01038 0.10000 9.01972
v 4.01038 0.10000 9.23972
v 4.20090 0.10000 9.34972
v 4.39143 0.10000 9.23972
v 4.39143 0.10000 9.01972
v 4.20090 10.11952 8.94972
v 4.04502 10.11952 9.03972
v 4.04502 10.11952 9.21972
v 4.20090 10.11952 9.30972
v 4.35679 10.11952 9.21972
v 4.35679 10.11952 9.03972
v 4.20090 0.10000 9.12972
v 4.20090 10.11952 9.12972
v 3.75090 0.00000 8.67972
v 4.65090 0.00000 8.67972
v 4.65090 0.30000 8.67972
v 3.75090 0.30000 8.67972
v 3.75090 0.00000 9.57972
v 4.65090 0.00000 9.57972
v 4.65090 0.30000 9.57972
v 3.75090 0.30000 9.57972
v 3.50030 9.99737 8.00652
v 3.71529 9.99737 10.39687
v 3.71529 10.39737 10.39687
v 3.50030 10.39737 8.00652
v 2.92304 9.68891 8.05844
v 3.13802 9.68891 10.44879
v 3.13802 10.08891 10.44879
v 2.92304 10.08891 8.05844
v 3.50030 10.39737 8.00652
v 3.71529 10.39737 10.39687
v 3.71529 10.56737 10.39687
v 3.50030 10.56737 8.00652
v 2.92304 10.08891 8.05844
v 3.13802 10.08891 10.44879
v 3.13802 10.25891 10.44879
v 2.92304 10.25891 8.05844
v 3.47343 9.99737 7.70772
v 3.50030 9.99737 8.00652
v 3.50030 11.29737 8.00652
v 3.47343 11.29737 7.70772
v 2.89616 9.68891 7.75964
v 2.92304 9.68891 8.05844
v 2.92304 10.98891 8.05844
v 2.89616 10.98891 7.75964
v 3.71529 9.99737 10.39687
v 3.74216 9.99737 10.69566
v 3.74216 11.29737 10.69566
v 3.71529 11.29737 10.39687
v 3.13802 9.68891 10.44879
v 3.16490 9.68891 10.74758
v 3.16490 10.98891 10.74758
v 3.13802 10.98891 10.44879
v 2.95652 9.68891 8.05590
v 3.10454 9.68891 10.45133
v 3.10454 10.08891 10.45133
v 2.95652 10.08891 8.05590
v 2.39319 9.35342 8.09070
v 2.54120 9.35342 10.48614
v 2.54120 9.75342 10.48614
v 2.39319 9.75342 8.09070
v 2.95652 10.08891 8.05590
v 3.10454 10.08891 10.45133
v 3.10454 10.25891 10.45133
v 2.95652 10.25891 8.05590
v 2.39319 9.75342 8.09070
v 2.54120 9.75342 10.48614
v 2.54120 9.92342 10.48614
v 2.39319 9.92342 8.09070
v 2.93802 9.68891 7.75647
v 2.95652 9.68891 8.05590
v 2.95652 10.98891 8.05590
v 2.93802 10.98891 7.75647
v 2.37468 9.35342 7.79128
v 2.39319 9.35342 8.09070
v 2.39319 10.65342 8.09070
v 2.37468 10.65342 7.79128
v 3.10454 9.68891 10.45133
v 3.12304 9.68891 10.75076
v 3.12304 10.98891 10.75076
v 3.10454 10.98891 10.45133
v 2.54120 9.35342 10.48614
v 2.55970 9.35342 10.78556
v 2.55970 10.65342 10.78556
v 2.54120 10.65342 10.48614
v 2.42357 9.35342 8.08921
v 2.51082 9.35342 10.48763
v 2.51082 9.75342 10.48763
v 2.42357 9.75342 8.08921
v 1.87187 8.99793 8.10928
v 1.95912 8.99793 10.50770
v 1.95912 9.39793 10.50770
v 1.87187 9.39793 8.10928
v 2.42357 9.75342 8.08921
v 2.51082 9.75342 10.48763
v 2.51082 9.92342 10.48763
v 2.42357 9.92342 8.08921
v 1.87187 9.39793 8.10928
v 1.95912 9.39793 10.50770
v 1.95912 9.56793 10.50770
v 1.87187 9.56793 8.10928
v 2.41267 9.35342 7.78941
v 2.42357 9.35342 8.08921
v 2.42357 10.65342 8.08921
v 2.41267 10.65342 7.78941
v 1.86096 8.99793 7.80948
v 1.87187 8.99793 8.10928
v 1.87187 10.29793 8.10928
v 1.86096 10.29793 7.80948
v 2.51082 9.35342 10.48763
v 2.52172 9.35342 10.78743
v 2.52172 10.65342 10.78743
v 2.51082 10.65342 10.48763
v 1.95912 8.99793 10.50770
v 1.97002 8.99793 10.80750
v 1.97002 10.29793 10.80750
v 1.95912 10.29793 10.50770
v 1.90013 8.99793 8.10859
v 1.93085 8.99793 10.50839
v 1.93085 9.39793 10.50839
v 1.90013 9.39793 8.10859
v 1.35790 8.62763 8.11553
v 1.38862 8.62763 10.51533
v 1.38862 9.02763 10.51533
v 1.35790 9.02763 8.11553
v 1.90013 9.39793 8.10859
v 1.93085 9.39793 10.50839
v 1.93085 9.56793 10.50839
v 1.90013 9.56793 8.10859
v 1.35790 9.02763 8.11553
v 1.38862 9.02763 10.51533
v 1.38862 9.19763 10.51533
v 1.35790 9.19763 8.11553
v 1.89629 8.99793 7.80861
v 1.90013 8.99793 8.10859
v 1.90013 10.29793 8.10859
v 1.89629 10.29793 7.80861
v 1.35406 8.62763 7.81555
v 1.35790 8.62763 8.11553
v 1.35790 9.92763 8.11553
v 1.35406 9.92763 7.81555
v 1.93085 8.99793 10.50839
v 1.93470 8.99793 10.80837
v 1.93470 10.29793 10.80837
v 1.93085 10.29793 10.50839
v 1.38862 8.62763 10.51533
v 1.39246 8.62763 10.81531
v 1.39246 9.92763 10.81531
v 1.38862 9.92763 10.51533
v 1.38411 8.62763 8.11548
v 1.36241 8.62763 10.51538
v 1.36241 9.02763 10.51538
v 1.38411 9.02763 8.11548
v 0.84903 8.24703 8.11064
v 0.82733 8.24703 10.51054
v 0.82733 8.64703 10.51054
v 0.84903 8.64703 8.11064
v 1.38411 9.02763 8.11548
v 1.36241 9.02763 10.51538
v 1.36241 9.19763 10.51538
v 1.38411 9.19763 8.11548
v 0.84903 8.64703 8.11064
v 0.82733 8.64703 10.51054
v 0.82733 8.81703 10.51054
v 0.84903 8.81703 8.11064
v 1.38682 8.62763 7.81549
v 1.38411 8.62763 8.11548
v 1.38411 9.92763 8.11548
v 1.38682 9.92763 7.81549
v 0.85174 8.24703 7.81065
v 0.84903 8.24703 8.11064
v 0.84903 9.54703 8.11064
v 0.85174 9.54703 7.81065
v 1.36241 8.62763 10.51538
v 1.35970 8.62763 10.81537
v 1.35970 9.92763 10.81537
v 1.36241 9.92763 10.51538
v 0.82733 8.24703 10.51054
v 0.82462 8.24703 10.81053
v 0.82462 9.54703 10.81053
v 0.82733 9.54703 10.51054
v 0.87253 8.24703 8.11108
v 0.80382 8.24703 10.51010
v 0.80382 8.64703 10.51010
v 0.87253 8.64703 8.11108
v 0.34217 7.86014 8.09589
v 0.27346 7.86014 10.49491
v 0.27346 8.26014 10.49491
v 0.34217 8.26014 8.09589
v 0.87253 8.64703 8.11108
v 0.80382 8.64703 10.51010
v 0.80382 8.81703 10.51010
v 0.87253 8.81703 8.11108
v 0.34217 8.26014 8.09589
v 0.27346 8.26014 10.49491
v 0.27346 8.43014 10.49491
v 0.34217 8.43014 8.09589
v 0.88112 8.24703 7.81121
v 0.87253 8.24703 8.11108
v 0.87253 9.54703 8.11108
v 0.88112 9.54703 7.81121
v 0.35076 7.86014 7.79602
v 0.34217 7.86014 8.09589
v 0.34217 9.16014 8.09589
v 0.35076 9.16014 7.79602
v 0.80382 8.24703 10.51010
v 0.79523 8.24703 10.80998
v 0.79523 9.54703 10.80998
v 0.80382 9.54703 10.51010
v 0.27346 7.86014 10.49491
v 0.26487 7.86014 10.79479
v 0.26487 9.16014 10.79479
v 0.27346 9.16014 10.49491
v 0.83818 0.10000 9.09059
v 0.64765 0.10000 9.20059
v 0.64765 0.10000 9.42059
v 0.83818 0.10000 9.53059
v 1.02870 0.10000 9.42059
v 1.02870 0.10000 9.20059
v 0.83818 8.09703 9.13059
v 0.68229 8.09703 9.22059
v 0.68229 8.09703 9.40059
v 0.83818 8.09703 9.49059
v 0.99406 8.09703 9.40059
v 0.99406 8.09703 9.22059
v 0.83818 0.10000 9.31059
v 0.83818 8.09703 9.31059
v 0.38818 0.00000 8.86059
v 1.28818 0.00000 8.86059
v 1.28818 0.30000 8.86059
v 0.38818 0.30000 8.86059
v 0.38818 0.00000 9.76059
v 1.28818 0.00000 9.76059
v 1.28818 0.30000 9.76059
v 0.38818 0.30000 9.76059
v 0.36488 7.86014 8.09676
v 0.25074 7.86014 10.49404
v 0.25074 8.26014 10.49404
v 0.36488 8.26014 8.09676
v -0.16288 7.47021 8.07163
v -0.27702 7.47021 10.46892
v -0.27702 7.87021 10.46892
v -0.16288 7.87021 8.07163
v 0.36488 8.26014 8.09676
v 0.25074 8.26014 10.49404
v 0.25074 8.43014 10.49404
v 0.36488 8.43014 8.09676
v -0.16288 7.87021 8.07163
v -0.27702 7.87021 10.46892
v -0.27702 8.04021 10.46892
v -0.16288 8.04021 8.07163
v 0.37915 7.86014 7.79710
v 0.36488 7.86014 8.09676
v 0.36488 9.16014 8.09676
v 0.37915 9.16014 7.79710
v -0.14861 7.47021 7.77197
v -0.16288 7.47021 8.07163
v -0.16288 8.77021 8.07163
v -0.14861 8.77021 7.77197
v 0.25074 7.86014 10.49404
v 0.23648 7.86014 10.79370
v 0.23648 9.16014 10.79370
v 0.25074 9.16014 10.49404
v -0.27702 7.47021 10.46892
v -0.29128 7.47021 10.76858
v -0.29128 8.77021 10.76858
v -0.27702 8.77021 10.46892
v -0.14220 7.47021 8.07279
v -0.29769 7.47021 10.46775
v -0.29769 7.87021 10.46775
v -0.14220 7.87021 8.07279
v -0.66975 7.08070 8.03854
v -0.82524 7.08070 10.43350
v -0.82524 7.48070 10.43350
v -0.66975 7.48070 8.03854
v -0.14220 7.87021 8.07279
v -0.29769 7.87021 10.46775
v -0.29769 8.04021 10.46775
v -0.14220 8.04021 8.07279
v -0.66975 7.48070 8.03854
v -0.82524 7.48070 10.43350
v -0.82524 7.65070 10.43350
v -0.66975 7.65070 8.03854
v -0.12277 7.47021 7.77343
v -0.14220 7.47021 8.07279
v -0.14220 8.77021 8.07279
v -0.12277 8.77021 7.77343
v -0.65032 7.08070 7.73917
v -0.66975 7.08070 8.03854
v -0.66975 8.38070 8.03854
v -0.65032 8.38070 7.73917
v -0.29769 7.47021 10.46775
v -0.31713 7.47021 10.76712
v -0.31713 8.77021 10.76712
v -0.29769 8.77021 10.46775
v -0.82524 7.08070 10.43350
v -0.84468 7.08070 10.73287
v -0.84468 8.38070 10.73287
v -0.82524 8.38070 10.43350
v -0.65060 7.08070 8.03994
v -0.84440 7.08070 10.43210
v -0.84440 7.48070 10.43210
v -0.65060 7.48070 8.03994
v -1.18027 6.69494 7.99703
v -1.37407 6.69494 10.38919
v -1.37407 7.09494 10.38919
v -1.18027 7.09494 7.99703
v -0.65060 7.48070 8.03994
v -0.84440 7.48070 10.43210
v -0.84440 7.65070 10.43210
v -0.65060 7.65070 8.03994
v -1.18027 7.09494 7.99703
v -1.37407 7.09494 10.38919
v -1.37407 7.26494 10.38919
v -1.18027 7.26494 7.99703
v -0.62638 7.08070 7.74092
v -0.65060 7.08070 8.03994
v -0.65060 8.38070 8.03994
v -0.62638 8.38070 7.74092
v -1.15605 6.69494 7.69801
v -1.18027 6.69494 7.99703
v -1.18027 7.99494 7.99703
v -1.15605 7.99494 7.69801
v -0.84440 7.08070 10.43210
v -0.86862 7.08070 10.73113
v -0.86862 8.38070 10.73113
v -0.84440 8.38070 10.43210
v -1.37407 6.69494 10.38919
v -1.39829 6.69494 10.68821
v -1.39829 7.99494 10.68821
v -1.37407 7.99494 10.38919
v -1.16165 6.69494 7.99869
v -1.39269 6.69494 10.38754
v -1.39269 7.09494 10.38754
v -1.16165 7.09494 7.99869
v -1.69623 6.31711 7.94699
v -1.92726 6.31711 10.33584
v -1.92726 6.71711 10.33584
v -1.69623 6.71711 7.94699
v -1.16165 7.09494 7.99869
v -1.39269 7.09494 10.38754
v -1.39269 7.26494 10.38754
v -1.16165 7.26494 7.99869
v -1.69623 6.71711 7.94699
v -1.92726 6.71711 10.33584
v -1.92726 6.88711 10.33584
v -1.69623 6.88711 7.94699
v -1.13277 6.69494 7.70008
v -1.16165 6.69494 7.99869
v -1.16165 7.99494 7.99869
v -1.13277 7.99494 7.70008
v -1.66735 6.31711 7.64838
v -1.69623 6.31711 7.94699
v -1.69623 7.61711 7.94699
v -1.66735 7.61711 7.64838
v -1.39269 6.69494 10.38754
v -1.42157 6.69494 10.68615
v -1.42157 7.99494 10.68615
v -1.39269 7.99494 10.38754
v -1.92726 6.31711 10.33584
v -1.95614 6.31711 10.63445
v -1.95614 7.61711 10.63445
v -1.92726 7.61711 10.33584
v -1.67921 6.31711 7.94875
v -1.94427 6.31711 10.33407
v -1.94427 6.71711 10.33407
v -1.67921 6.71711 7.94875
v -2.22155 5.95184 7.88849
v -2.48661 5.95184 10.27381
v -2.48661 6.35184 10.27381
v -2.22155 6.35184 7.88849
v -1.67921 6.71711 7.94875
v -1.94427 6.71711 10.33407
v -1.94427 6.88711 10.33407
v -1.67921 6.88711 7.94875
v -2.22155 6.35184 7.88849
v -2.48661 6.35184 10.27381
v -2.48661 6.52184 10.27381
v -2.22155 6.52184 7.88849
v -1.64608 6.31711 7.65059
v -1.67921 6.31711 7.94875
v -1.67921 7.61711 7.94875
v -1.64608 7.61711 7.65059
v -2.18842 5.95184 7.59032
v -2.22155 5.95184 7.88849
v -2.22155 7.25184 7.88849
v -2.18842 7.25184 7.59032
v -1.94427 6.31711 10.33407
v -1.97740 6.31711 10.63224
v -1.97740 7.61711 10.63224
v -1.94427 7.61711 10.33407
v -2.48661 5.95184 10.27381
v -2.51974 5.95184 10.57197
v -2.51974 7.25184 10.57197
v -2.48661 7.25184 10.27381
v -2.20559 5.95184 7.89037
v -2.50257 5.95184 10.27192
v -2.50257 6.35184 10.27192
v -2.20559 6.35184 7.89037
v -2.75900 5.60528 7.82136
v -3.05598 5.60528 10.20291
v -3.05598 6.00528 10.20291
v -2.75900 6.00528 7.82136
v -2.20559 6.35184 7.89037
v -2.50257 6.35184 10.27192
v -2.50257 6.52184 10.27192
v -2.20559 6.52184 7.89037
v -2.75900 6.00528 7.82136
v -3.05598 6.00528 10.20291
v -3.05598 6.17528 10.20291
v -2.75900 6.17528 7.82136
v -2.16846 5.95184 7.59268
v -2.20559 5.95184 7.89037
v -2.20559 7.25184 7.89037
v -2.16846 7.25184 7.59268
v -2.72188 5.60528 7.52366
v -2.75900 5.60528 7.82136
v -2.75900 6.90528 7.82136
v -2.72188 6.90528 7.52366
v -2.50257 5.95184 10.27192
v -2.53969 5.95184 10.56962
v -2.53969 7.25184 10.56962
v -2.50257 7.25184 10.27192
v -3.05598 5.60528 10.20291
v -3.09311 5.60528 10.50061
v -3.09311 6.90528 10.50061
v -3.05598 6.90528 10.20291
v -2.35408 0.10000 8.86115
v -2.54460 0.10000 8.97115
v -2.54460 0.10000 9.19115
v -2.35408 0.10000 9.30115
v -2.16355 0.10000 9.19115
v -2.16355 0.10000 8.97115
v -2.35408 5.80184 8.90115
v -2.50996 5.80184 8.99115
v -2.50996 5.80184 9.17115
v -2.35408 5.80184 9.26115
v -2.19819 5.80184 9.17115
v -2.19819 5.80184 8.99115
v -2.35408 0.10000 9.08115
v -2.35408 5.80184 9.08115
v -2.80408 0.00000 8.63115
v -1.90408 0.00000 8.63115
v -1.90408 0.30000 8.63115
v -2.80408 0.30000 8.63115
v -2.80408 0.00000 9.53115
v -1.90408 0.00000 9.53115
v -1.90408 0.30000 9.53115
v -2.80408 0.30000 9.53115
v -2.74475 5.60528 7.82322
v -3.07024 5.60528 10.20105
v -3.07024 6.00528 10.20105
v -2.74475 6.00528 7.82322
v -3.30667 5.27432 7.74630
v -3.63216 5.27432 10.12413
v -3.63216 5.67432 10.12413
v -3.30667 5.67432 7.74630
v -2.74475 6.00528 7.82322
v -3.07024 6.00528 10.20105
v -3.07024 6.17528 10.20105
v -2.74475 6.17528 7.82322
v -3.30667 5.67432 7.74630
v -3.63216 5.67432 10.12413
v -3.63216 5.84432 10.12413
v -3.30667 5.84432 7.74630
v -2.70406 5.60528 7.52599
v -2.74475 5.60528 7.82322
v -2.74475 6.90528 7.82322
v -2.70406 6.90528 7.52599
v -3.26598 5.27432 7.44908
v -3.30667 5.27432 7.74630
v -3.30667 6.57432 7.74630
v -3.26598 6.57432 7.44908
v -3.07024 5.60528 10.20105
v -3.11092 5.60528 10.49828
v -3.11092 6.90528 10.49828
v -3.07024 6.90528 10.20105
v -3.63216 5.27432 10.12413
v -3.67284 5.27432 10.42136
v -3.67284 6.57432 10.42136
v -3.63216 6.57432 10.12413
v -3.29241 5.27432 7.74834
v -3.64641 5.27432 10.12209
v -3.64641 5.67432 10.12209
v -3.29241 5.67432 7.74834
v -3.85395 4.94435 7.66460
v -4.20795 4.94435 10.03835
v -4.20795 5.34435 10.03835
v -3.85395 5.34435 7.66460
v -3.29241 5.67432 7.74834
v -3.64641 5.67432 10.12209
v -3.64641 5.84432 10.12209
v -3.29241 5.84432 7.74834
v -3.85395 5.34435 7.66460
v -4.20795 5.34435 10.03835
v -4.20795 5.51435 10.03835
v -3.85395 5.51435 7.66460
v -3.24816 5.27432 7.45162
v -3.29241 5.27432 7.74834
v -3.29241 6.57432 7.74834
v -3.24816 6.57432 7.45162
v -3.80970 4.94435 7.36788
v -3.85395 4.94435 7.66460
v -3.85395 6.24435 7.66460
v -3.80970 6.24435 7.36788
v -3.64641 5.27432 10.12209
v -3.69066 5.27432 10.41881
v -3.69066 6.57432 10.41881
v -3.64641 6.57432 10.12209
v -4.20795 4.94435 10.03835
v -4.25220 4.94435 10.33507
v -4.25220 6.24435 10.33507
v -4.20795 6.24435 10.03835
v -3.83674 4.94435 7.66730
v -4.22515 4.94435 10.03566
v -4.22515 5.34435 10.03566
v -3.83674 5.34435 7.66730
v -4.39765 4.61553 7.57531
v -4.78606 4.61553 9.94367
v -4.78606 5.01553 9.94367
v -4.39765 5.01553 7.57531
v -3.83674 5.34435 7.66730
v -4.22515 5.34435 10.03566
v -4.22515 5.51435 10.03566
v -3.83674 5.51435 7.66730
v -4.39765 5.01553 7.57531
v -4.78606 5.01553 9.94367
v -4.78606 5.18553 9.94367
v -4.39765 5.18553 7.57531
v -3.78819 4.94435 7.37125
v -3.83674 4.94435 7.66730
v -3.83674 6.24435 7.66730
v -3.78819 6.24435 7.37125
v -4.34910 4.61553 7.27926
v -4.39765 4.61553 7.57531
v -4.39765 5.91553 7.57531
v -4.34910 5.91553 7.27926
v -4.22515 4.94435 10.03566
v -4.27370 4.94435 10.33170
v -4.27370 6.24435 10.33170
v -4.22515 6.24435 10.03566
v -4.78606 4.61553 9.94367
v -4.83461 4.61553 10.23971
v -4.83461 5.91553 10.23971
v -4.78606 5.91553 9.94367
v -4.37725 4.61553 7.57883
v -4.80647 4.61553 9.94014
v -4.80647 5.01553 9.94014
v -4.37725 5.01553 7.57883
v -4.93767 4.28881 7.47696
v -5.36690 4.28881 9.83827
v -5.36690 4.68881 9.83827
v -4.93767 4.68881 7.47696
v -4.37725 5.01553 7.57883
v -4.80647 5.01553 9.94014
v -4.80647 5.18553 9.94014
v -4.37725 5.18553 7.57883
v -4.93767 4.68881 7.47696
v -5.36690 4.68881 9.83827
v -5.36690 4.85881 9.83827
v -4.93767 4.85881 7.47696
v -4.32359 4.61553 7.28367
v -4.37725 4.61553 7.57883
v -4.37725 5.91553 7.57883
v -4.32359 5.91553 7.28367
v -4.88402 4.28881 7.18180
v -4.93767 4.28881 7.47696
v -4.93767 5.58881 7.47696
v -4.88402 5.58881 7.18180
v -4.80647 4.61553 9.94014
v -4.86012 4.61553 10.23530
v -4.86012 5.91553 10.23530
v -4.80647 5.91553 9.94014
v -5.36690 4.28881 9.83827
v -5.42055 4.28881 10.13343
v -5.42055 5.58881 10.13343
v -5.36690 5.58881 9.83827
v -4.91387 4.28881 7.48154
v -5.39070 4.28881 9.83369
v -5.39070 4.68881 9.83369
v -4.91387 4.68881 7.48154
v -5.47390 3.96527 7.36801
v -5.95073 3.96527 9.72016
v -5.95073 4.36527 9.72016
v -5.47390 4.36527 7.36801
v -4.91387 4.68881 7.48154
v -5.39070 4.68881 9.83369
v -5.39070 4.85881 9.83369
v -4.91387 4.85881 7.48154
v -5.47390 4.36527 7.36801
v -5.95073 4.36527 9.72016
v -5.95073 4.53527 9.72016
v -5.47390 4.53527 7.36801
v -4.85426 4.28881 7.18752
v -4.91387 4.28881 7.48154
v -4.91387 5.58881 7.48154
v -4.85426 5.58881 7.18752
v -5.41429 3.96527 7.07399
v -5.47390 3.96527 7.36801
v -5.47390 5.26527 7.36801
v -5.41429 5.26527 7.07399
v -5.39070 4.28881 9.83369
v -5.45031 4.28881 10.12771
v -5.45031 5.58881 10.12771
v -5.39070 5.58881 9.83369
v -5.95073 3.96527 9.72016
v -6.01033 3.96527 10.01418
v -6.01033 5.26527 10.01418
v -5.95073 5.26527 9.72016
v -5.44644 3.96527 7.37391
v -5.97818 3.96527 9.71426
v -5.97818 4.36527 9.71426
v -5.44644 4.36527 7.37391
v -6.00605 3.64611 7.24676
v -6.53779 3.64611 9.58712
v -6.53779 4.04611 9.58712
v -6.00605 4.04611 7.24676
v -5.44644 4.36527 7.37391
v -5.97818 4.36527 9.71426
v -5.97818 4.53527 9.71426
v -5.44644 4.53527 7.37391
v -6.00605 4.04611 7.24676
v -6.53779 4.04611 9.58712
v -6.53779 4.21611 9.58712
v -6.00605 4.21611 7.24676
v -5.37998 3.96527 7.08137
v -5.44644 3.96527 7.37391
v -5.44644 5.26527 7.37391
v -5.37998 5.26527 7.08137
v -5.93959 3.64611 6.95422
v -6.00605 3.64611 7.24676
v -6.00605 4.94611 7.24676
v -5.93959 4.94611 6.95422
v -5.97818 3.96527 9.71426
v -6.04465 3.96527 10.00681
v -6.04465 5.26527 10.00681
v -5.97818 5.26527 9.71426
v -6.53779 3.64611 9.58712
v -6.60426 3.64611 9.87966
v -6.60426 4.94611 9.87966
v -6.53779 4.94611 9.58712
v -5.71231 0.10000 8.32409
v -5.90284 0.10000 8.43409
v -5.90284 0.10000 8.65409
v -5.71231 0.10000 8.76409
v -5.52179 0.10000 8.65409
v -5.52179 0.10000 8.43409
v -5.71231 3.81527 8.36409
v -5.86820 3.81527 8.45409
v -5.86820 3.81527 8.63409
v -5.71231 3.81527 8.72409
v -5.55643 3.81527 8.63409
v -5.55643 3.81527 8.45409
v -5.71231 0.10000 8.54409
v -5.71231 3.81527 8.54409
v -6.16231 0.00000 8.09409
v -5.26231 0.00000 8.09409
v -5.26231 0.30000 8.09409
v -6.16231 0.30000 8.09409
v -6.16231 0.00000 8.99409
v -5.26231 0.00000 8.99409
v -5.26231 0.30000 8.99409
v -6.16231 0.30000 8.99409
v -5.97468 3.64611 7.25434
v -6.56917 3.64611 9.57954
v -6.56917 4.04611 9.57954
v -5.97468 4.04611 7.25434
v -6.53373 3.33273 7.11140
v -7.12823 3.33273 9.43661
v -7.12823 3.73273 9.43661
v -6.53373 3.73273 7.11140
v -5.97468 4.04611 7.25434
v -6.56917 4.04611 9.57954
v -6.56917 4.21611 9.57954
v -5.97468 4.21611 7.25434
v -6.53373 3.73273 7.11140
v -7.12823 3.73273 9.43661
v -7.12823 3.90273 9.43661
v -6.53373 3.90273 7.11140
v -5.90036 3.64611 6.96369
v -5.97468 3.64611 7.25434
v -5.97468 4.94611 7.25434
v -5.90036 4.94611 6.96369
v -6.45942 3.33273 6.82075
v -6.53373 3.33273 7.11140
v -6.53373 4.63273 7.11140
v -6.45942 4.63273 6.82075
v -6.56917 3.64611 9.57954
v -6.64348 3.64611 9.87019
v -6.64348 4.94611 9.87019
v -6.56917 4.94611 9.57954
v -7.12823 3.33273 9.43661
v -7.20254 3.33273 9.72726
v -7.20254 4.63273 9.72726
v -7.12823 4.63273 9.43661
v -6.49813 3.33273 7.12109
v -7.16383 3.33273 9.42692
v -7.16383 3.73273 9.42692
v -6.49813 3.73273 7.12109
v -7.05632 3.02674 6.95994
v -7.72202 3.02674 9.26577
v -7.72202 3.42674 9.26577
v -7.05632 3.42674 6.95994
v -6.49813 3.73273 7.12109
v -7.16383 3.73273 9.42692
v -7.16383 3.90273 9.42692
v -6.49813 3.90273 7.12109
v -7.05632 3.42674 6.95994
v -7.72202 3.42674 9.26577
v -7.72202 3.59674 9.26577
v -7.05632 3.59674 6.95994
v -6.41492 3.33273 6.83286
v -6.49813 3.33273 7.12109
v -6.49813 4.63273 7.12109
v -6.41492 4.63273 6.83286
v -6.97311 3.02674 6.67171
v -7.05632 3.02674 6.95994
v -7.05632 4.32674 6.95994
v -6.97311 4.32674 6.67171
v -7.16383 3.33273 9.42692
v -7.24704 3.33273 9.71515
v -7.24704 4.63273 9.71515
v -7.16383 4.63273 9.42692
v -7.72202 3.02674 9.26577
v -7.80523 3.02674 9.55400
v -7.80523 4.32674 9.55400
v -7.72202 4.32674 9.26577
v -7.01526 3.02674 6.97259
v -7.76307 3.02674 9.25311
v -7.76307 3.42674 9.25311
v -7.01526 3.42674 6.97259
v -7.57201 2.73031 6.79003
v -8.31982 2.73031 9.07055
v -8.31982 3.13031 9.07055
v -7.57201 3.13031 6.79003
v -7.01526 3.42674 6.97259
v -7.76307 3.42674 9.25311
v -7.76307 3.59674 9.25311
v -7.01526 3.59674 6.97259
v -7.57201 3.13031 6.79003
v -8.31982 3.13031 9.07055
v -8.31982 3.30031 9.07055
v -7.57201 3.30031 6.79003
v -6.92179 3.02674 6.68753
v -7.01526 3.02674 6.97259
v -7.01526 4.32674 6.97259
v -6.92179 4.32674 6.68753
v -7.47853 2.73031 6.50496
v -7.57201 2.73031 6.79003
v -7.57201 4.03031 6.79003
v -7.47853 4.03031 6.50496
v -7.76307 3.02674 9.25311
v -7.85655 3.02674 9.53818
v -7.85655 4.32674 9.53818
v -7.76307 4.32674 9.25311
v -8.31982 2.73031 9.07055
v -8.41329 2.73031 9.35562
v -8.41329 4.03031 9.35562
v -8.31982 4.03031 9.07055
v -7.52658 2.73031 6.80594
v -8.36524 2.73031 9.05464
v -8.36524 3.13031 9.05464
v -7.52658 3.13031 6.80594
v -8.08100 2.44570 6.59917
v -8.91966 2.44570 8.84787
v -8.91966 2.84570 8.84787
v -8.08100 2.84570 6.59917
v -7.52658 3.13031 6.80594
v -8.36524 3.13031 9.05464
v -8.36524 3.30031 9.05464
v -7.52658 3.30031 6.80594
v -8.08100 2.84570 6.59917
v -8.91966 2.84570 8.84787
v -8.91966 3.01570 8.84787
v -8.08100 3.01570 6.59917
v -7.42175 2.73031 6.52485
v -7.52658 2.73031 6.80594
v -7.52658 4.03031 6.80594
v -7.42175 4.03031 6.52485
v -7.97617 2.44570 6.31808
v -8.08100 2.44570 6.59917
v -8.08100 3.74570 6.59917
v -7.97617 3.74570 6.31808
v -8.36524 2.73031 9.05464
v -8.47007 2.73031 9.33573
v -8.47007 4.03031 9.33573
v -8.36524 4.03031 9.05464
v -8.91966 2.44570 8.84787
v -9.02449 2.44570 9.12896
v -9.02449 3.74570 9.12896
v -8.91966 3.74570 8.84787
v -8.03061 2.44570 6.61927
v -8.97005 2.44570 8.82777
v -8.97005 2.84570 8.82777
v -8.03061 2.84570 6.61927
v -8.58136 2.17572 6.38499
v -9.52081 2.17572 8.59349
v -9.52081 2.57572 8.59349
v -8.58136 2.57572 6.38499
v -8.03061 2.84570 6.61927
v -8.97005 2.84570 8.82777
v -8.97005 3.01570 8.82777
v -8.03061 3.01570 6.61927
v -8.58136 2.57572 6.38499
v -9.52081 2.57572 8.59349
v -9.52081 2.74572 8.59349
v -8.58136 2.74572 6.38499
v -7.91318 2.44570 6.34321
v -8.03061 2.44570 6.61927
v -8.03061 3.74570 6.61927
v -7.91318 3.74570 6.34321
v -8.46393 2.17572 6.10893
v -8.58136 2.17572 6.38499
v -8.58136 3.47572 6.38499
v -8.46393 3.47572 6.10893
v -8.97005 2.44570 8.82777
v -9.08748 2.44570 9.10383
v -9.08748 3.74570 9.10383
v -8.97005 3.74570 8.82777
v -9.52081 2.17572 8.59349
v -9.63824 2.17572 8.86955
v -9.63824 3.47572 8.86955
v -9.52081 3.47572 8.59349
v -8.52413 2.17572 6.41113
v -9.57804 2.17572 8.56735
v -9.57804 2.57572 8.56735
v -8.52413 2.57572 6.41113
v -9.06907 1.92439 6.14478
v -10.12298 1.92439 8.30099
v -10.12298 2.32439 8.30099
v -9.06907 2.32439 6.14478
v -8.52413 2.57572 6.41113
v -9.57804 2.57572 8.56735
v -9.57804 2.74572 8.56735
v -8.52413 2.74572 6.41113
v -9.06907 2.32439 6.14478
v -10.12298 2.32439 8.30099
v -10.12298 2.49439 8.30099
v -9.06907 2.49439 6.14478
v -8.39239 2.17572 6.14160
v -8.52413 2.17572 6.41113
v -8.52413 3.47572 6.41113
v -8.39239 3.47572 6.14160
v -8.93733 1.92439 5.87525
v -9.06907 1.92439 6.14478
v -9.06907 3.22439 6.14478
v -8.93733 3.22439 5.87525
v -9.57804 2.17572 8.56735
v -9.70978 2.17572 8.83687
v -9.70978 3.47572 8.83687
v -9.57804 3.47572 8.56735
v -10.12298 1.92439 8.30099
v -10.25472 1.92439 8.57052
v -10.25472 3.22439 8.57052
v -10.12298 3.22439 8.30099
v -9.05109 0.10000 7.26924
v -9.24161 0.10000 7.37924
v -9.24161 0.10000 7.59924
v -9.05109 0.10000 7.70924
v -8.86056 0.10000 7.59924
v -8.86056 0.10000 7.37924
v -9.05109 2.02572 7.30924
v -9.20697 2.02572 7.39924
v -9.20697 2.02572 7.57924
v -9.05109 2.02572 7.66924
v -8.89520 2.02572 7.57924
v -8.89520 2.02572 7.39924
v -9.05109 0.10000 7.48924
v -9.05109 2.02572 7.48924
v -9.50109 0.00000 7.03924
v -8.60109 0.00000 7.03924
v -8.60109 0.30000 7.03924
v -9.50109 0.30000 7.03924
v -9.50109 0.00000 7.93924
v -8.60109 0.00000 7.93924
v -8.60109 0.30000 7.93924
v -9.50109 0.30000 7.93924
v -9.00869 1.92439 6.17645
v -10.18336 1.92439 8.26933
v -10.18336 2.32439 8.26933
v -9.00869 2.32439 6.17645
v -9.54544 1.69599 5.87518
v -10.72011 1.69599 7.96806
v -10.72011 2.09599 7.96806
v -9.54544 2.09599 5.87518
v -9.00869 2.32439 6.17645
v -10.18336 2.32439 8.26933
v -10.18336 2.49439 8.26933
v -9.00869 2.49439 6.17645
v -9.54544 2.09599 5.87518
v -10.72011 2.09599 7.96806
v -10.72011 2.26599 7.96806
v -9.54544 2.26599 5.87518
v -8.86185 1.92439 5.91484
v -9.00869 1.92439 6.17645
v -9.00869 3.22439 6.17645
v -8.86185 3.22439 5.91484
v -9.39861 1.69599 5.61357
v -9.54544 1.69599 5.87518
v -9.54544 2.99599 5.87518
v -9.39861 2.99599 5.61357
v -10.18336 1.92439 8.26933
v -10.33019 1.92439 8.53094
v -10.33019 3.22439 8.53094
v -10.18336 3.22439 8.26933
v -10.72011 1.69599 7.96806
v -10.86695 1.69599 8.22967
v -10.86695 2.99599 8.22967
v -10.72011 2.99599 7.96806
v -9.50007 1.69599 5.90197
v -10.76548 1.69599 7.94127
v -10.76548 2.09599 7.94127
v -9.50007 2.09599 5.90197
v -10.03251 1.49998 5.57159
v -11.29792 1.49998 7.61089
v -11.29792 1.89998 7.61089
v -10.03251 1.89998 5.57159
v -9.50007 2.09599 5.90197
v -10.76548 2.09599 7.94127
v -10.76548 2.26599 7.94127
v -9.50007 2.26599 5.90197
v -10.03251 1.89998 5.57159
v -11.29792 1.89998 7.61089
v -11.29792 2.06998 7.61089
v -10.03251 2.06998 5.57159
v -9.34189 1.69599 5.64706
v -9.50007 1.69599 5.90197
v -9.50007 2.99599 5.90197
v -9.34189 2.99599 5.64706
v -9.87433 1.49998 5.31668
v -10.03251 1.49998 5.57159
v -10.03251 2.79998 5.57159
v -9.87433 2.79998 5.31668
v -10.76548 1.69599 7.94127
v -10.92366 1.69599 8.19618
v -10.92366 2.99599 8.19618
v -10.76548 2.99599 7.94127
v -11.29792 1.49998 7.61089
v -11.45610 1.49998 7.86580
v -11.45610 2.79998 7.86580
v -11.29792 2.79998 7.61089
v -9.99705 1.49998 5.59446
v -11.33337 1.49998 7.58802
v -11.33337 1.89998 7.58802
v -9.99705 1.89998 5.59446
v -10.52464 1.33363 5.24081
v -11.86096 1.33363 7.23436
v -11.86096 1.73363 7.23436
v -10.52464 1.73363 5.24081
v -9.99705 1.89998 5.59446
v -11.33337 1.89998 7.58802
v -11.33337 2.06998 7.58802
v -9.99705 2.06998 5.59446
v -10.52464 1.73363 5.24081
v -11.86096 1.73363 7.23436
v -11.86096 1.90363 7.23436
v -10.52464 1.90363 5.24081
v -9.83001 1.49998 5.34527
v -9.99705 1.49998 5.59446
v -9.99705 2.79998 5.59446
v -9.83001 2.79998 5.34527
v -10.35760 1.33363 4.99161
v -10.52464 1.33363 5.24081
v -10.52464 2.63363 5.24081
v -10.35760 2.63363 4.99161
v -11.33337 1.49998 7.58802
v -11.50041 1.49998 7.83721
v -11.50041 2.79998 7.83721
v -11.33337 2.79998 7.58802
v -11.86096 1.33363 7.23436
v -12.02800 1.33363 7.48355
v -12.02800 2.63363 7.48355
v -11.86096 2.63363 7.23436
v -10.48914 1.33363 5.26555
v -11.89647 1.33363 7.20962
v -11.89647 1.73363 7.20962
v -10.48914 1.73363 5.26555
v -11.00851 1.19214 4.88957
v -12.41583 1.19214 6.83365
v -12.41583 1.59214 6.83365
v -11.00851 1.59214 4.88957
v -10.48914 1.73363 5.26555
v -11.89647 1.73363 7.20962
v -11.89647 1.90363 7.20962
v -10.48914 1.90363 5.26555
v -11.00851 1.59214 4.88957
v -12.41583 1.59214 6.83365
v -12.41583 1.76214 6.83365
v -11.00851 1.76214 4.88957
v -10.31323 1.33363 5.02254
v -10.48914 1.33363 5.26555
v -10.48914 2.63363 5.26555
v -10.31323 2.63363 5.02254
v -10.83259 1.19214 4.64656
v -11.00851 1.19214 4.88957
v -11.00851 2.49214 4.88957
v -10.83259 2.49214 4.64656
v -11.89647 1.33363 7.20962
v -12.07238 1.33363 7.45263
v -12.07238 2.63363 7.45263
v -11.89647 2.63363 7.20962
v -12.41583 1.19214 6.83365
v -12.59175 1.19214 7.07666
v -12.59175 2.49214 7.07666
v -12.41583 2.49214 6.83365
v -10.97206 1.19214 4.91703
v -12.45228 1.19214 6.80620
v -12.45228 1.59214 6.80620
v -10.97206 1.59214 4.91703
v -11.48008 1.07135 4.51898
v -12.96030 1.07135 6.40815
v -12.96030 1.47135 6.40815
v -11.48008 1.47135 4.51898
v -10.97206 1.59214 4.91703
v -12.45228 1.59214 6.80620
v -12.45228 1.76214 6.80620
v -10.97206 1.76214 4.91703
v -11.48008 1.47135 4.51898
v -12.96030 1.47135 6.40815
v -12.96030 1.64135 6.40815
v -11.48008 1.64135 4.51898
v -10.78703 1.19214 4.68088
v -10.97206 1.19214 4.91703
v -10.97206 2.49214 4.91703
v -10.78703 2.49214 4.68088
v -11.29506 1.07135 4.28283
v -11.48008 1.07135 4.51898
v -11.48008 2.37135 4.51898
v -11.29506 2.37135 4.28283
v -12.45228 1.19214 6.80620
v -12.63731 1.19214 7.04234
v -12.63731 2.49214 7.04234
v -12.45228 2.49214 6.80620
v -12.96030 1.07135 6.40815
v -13.14533 1.07135 6.64429
v -13.14533 2.37135 6.64429
v -12.96030 2.37135 6.40815
v -11.44237 1.07135 4.54979
v -12.99802 1.07135 6.37734
v -12.99802 1.47135 6.37734
v -11.44237 1.47135 4.54979
v -11.93606 0.96749 4.12954
v -13.49171 0.96749 5.95709
v -13.49171 1.36749 5.95709
v -11.93606 1.36749 4.12954
v -11.44237 1.47135 4.54979
v -12.99802 1.47135 6.37734
v -12.99802 1.64135 6.37734
v -11.44237 1.64135 4.54979
v -11.93606 1.36749 4.12954
v -13.49171 1.36749 5.95709
v -13.49171 1.53749 5.95709
v -11.93606 1.53749 4.12954
v -11.24791 1.07135 4.32134
v -11.44237 1.07135 4.54979
v -11.44237 2.37135 4.54979
v -11.24791 2.37135 4.32134
v -11.74160 0.96749 3.90110
v -11.93606 0.96749 4.12954
v -11.93606 2.26749 4.12954
v -11.74160 2.26749 3.90110
v -12.99802 1.07135 6.37734
v -13.19248 1.07135 6.60578
v -13.19248 2.37135 6.60578
v -12.99802 2.37135 6.37734
v -13.49171 0.96749 5.95709
v -13.68617 0.96749 6.18554
v -13.68617 2.26749 6.18554
v -13.49171 2.26749 5.95709
v -11.89406 0.96749 4.16703
v -13.53372 0.96749 5.91960
v -13.53372 1.36749 5.91960
v -11.89406 1.36749 4.16703
v -12.36905 0.87802 3.72264
v -14.00871 0.87802 5.47521
v -14.00871 1.27802 5.47521
v -12.36905 1.27802 3.72264
v -11.89406 1.36749 4.16703
v -13.53372 1.36749 5.91960
v -13.53372 1.53749 5.91960
v -11.89406 1.53749 4.16703
v -12.36905 1.27802 3.72264
v -14.00871 1.27802 5.47521
v -14.00871 1.44802 5.47521
v -12.36905 1.44802 3.72264
v -11.68910 0.96749 3.94796
v -11.89406 0.96749 4.16703
v -11.89406 2.26749 4.16703
v -11.68910 2.26749 3.94796
v -12.16409 0.87802 3.50357
v -12.36905 0.87802 3.72264
v -12.36905 2.17802 3.72264
v -12.16409 2.17802 3.50357
v -13.53372 0.96749 5.91960
v -13.73867 0.96749 6.13868
v -13.73867 2.26749 6.13868
v -13.53372 2.26749 5.91960
v -14.00871 0.87802 5.47521
v -14.21367 0.87802 5.69428
v -14.21367 2.17802 5.69428
v -14.00871 2.17802 5.47521
v -12.32417 0.87802 3.76689
v -14.05359 0.87802 5.43096
v -14.05359 1.27802 5.43096
v -12.32417 1.27802 3.76689
v -12.77616 0.79978 3.29715
v -14.50558 0.79978 4.96121
v -14.50558 1.19978 4.96121
v -12.77616 1.19978 3.29715
v -12.32417 1.27802 3.76689
v -14.05359 1.27802 5.43096
v -14.05359 1.44802 5.43096
v -12.32417 1.44802 3.76689
v -12.77616 1.19978 3.29715
v -14.50558 1.19978 4.96121
v -14.50558 1.36978 4.96121
v -12.77616 1.36978 3.29715
v -12.10799 0.87802 3.55889
v -12.32417 0.87802 3.76689
v -12.32417 2.17802 3.76689
v -12.10799 2.17802 3.55889
v -12.55999 0.79978 3.08914
v -12.77616 0.79978 3.29715
v -12.77616 2.09978 3.29715
v -12.55999 2.09978 3.08914
v -14.05359 0.87802 5.43096
v -14.26977 0.87802 5.63896
v -14.26977 2.17802 5.63896
v -14.05359 2.17802 5.43096
v -14.50558 0.79978 4.96121
v -14.72176 0.79978 5.16922
v -14.72176 2.09978 5.16922
v -14.50558 2.09978 4.96121
v -12.72445 0.79978 3.35447
v -14.55729 0.79978 4.90389
v -14.55729 1.19978 4.90389
v -12.72445 1.19978 3.35447
v -13.14592 0.73036 2.85591
v -14.97876 0.73036 4.40533
v -14.97876 1.13036 4.40533
v -13.14592 1.13036 2.85591
v -12.72445 1.19978 3.35447
v -14.55729 1.19978 4.90389
v -14.55729 1.36978 4.90389
v -12.72445 1.36978 3.35447
v -13.14592 1.13036 2.85591
v -14.97876 1.13036 4.40533
v -14.97876 1.30036 4.40533
v -13.14592 1.30036 2.85591
v -12.49535 0.79978 3.16079
v -12.72445 0.79978 3.35447
v -12.72445 2.09978 3.35447
v -12.49535 2.09978 3.16079
v -12.91682 0.73036 2.66223
v -13.14592 0.73036 2.85591
v -13.14592 2.03036 2.85591
v -12.91682 2.03036 2.66223
v -14.55729 0.79978 4.90389
v -14.78640 0.79978 5.09757
v -14.78640 2.09978 5.09757
v -14.55729 2.09978 4.90389
v -14.97876 0.73036 4.40533
v -15.20787 0.73036 4.59900
v -15.20787 2.03036 4.59900
v -14.97876 2.03036 4.40533
v -13.08857 0.73036 2.92936
v -15.03612 0.73036 4.33187
v -15.03612 1.13036 4.33187
v -13.08857 1.13036 2.92936
v -13.47036 0.66671 2.39919
v -15.41792 0.66671 3.80170
v -15.41792 1.06671 3.80170
v -13.47036 1.06671 2.39919
v -13.08857 1.13036 2.92936
v -15.03612 1.13036 4.33187
v -15.03612 1.30036 4.33187
v -13.08857 1.30036 2.92936
v -13.47036 1.06671 2.39919
v -15.41792 1.06671 3.80170
v -15.41792 1.23671 3.80170
v -13.47036 1.23671 2.39919
v -12.84512 0.73036 2.75405
v -13.08857 0.73036 2.92936
v -13.08857 2.03036 2.92936
v -12.84512 2.03036 2.75405
v -13.22692 0.66671 2.22387
v -13.47036 0.66671 2.39919
v -13.47036 1.96671 2.39919
v -13.22692 1.96671 2.22387
v -15.03612 0.73036 4.33187
v -15.27956 0.73036 4.50718
v -15.27956 2.03036 4.50718
v -15.03612 2.03036 4.33187
v -15.41792 0.66671 3.80170
v -15.66136 0.66671 3.97701
v -15.66136 1.96671 3.97701
v -15.41792 1.96671 3.80170
v -13.40551 0.66671 2.49940
v -15.48277 0.66671 3.70149
v -15.48277 1.06671 3.70149
v -13.40551 1.06671 2.49940
v -13.73280 0.60559 1.93383
v -15.81006 0.60559 3.13592
v -15.81006 1.00559 3.13592
v -13.73280 1.00559 1.93383
v -13.40551 1.06671 2.49940
v -15.48277 1.06671 3.70149
v -15.48277 1.23671 3.70149
v -13.40551 1.23671 2.49940
v -13.73280 1.00559 1.93383
v -15.81006 1.00559 3.13592
v -15.81006 1.17559 3.13592
v -13.73280 1.17559 1.93383
v -13.14586 0.66671 2.34914
v -13.40551 0.66671 2.49940
v -13.40551 1.96671 2.49940
v -13.14586 1.96671 2.34914
v -13.47314 0.60559 1.78357
v -13.73280 0.60559 1.93383
v -13.73280 1.90559 1.93383
v -13.47314 1.90559 1.78357
v -15.48277 0.66671 3.70149
v -15.74243 0.66671 3.85175
v -15.74243 1.96671 3.85175
v -15.48277 1.96671 3.70149
v -15.81006 0.60559 3.13592
v -16.06971 0.60559 3.28618
v -16.06971 1.90559 3.28618
v -15.81006 1.90559 3.13592
v -13.66354 0.60559 2.07380
v -15.87931 0.60559 2.99595
v -15.87931 1.00559 2.99595
v -13.66354 1.00559 2.07380
v -13.91447 0.54333 1.47087
v -16.13024 0.54333 2.39302
v -16.13024 0.94333 2.39302
v -13.91447 0.94333 1.47087
v -13.66354 1.00559 2.07380
v -15.87931 1.00559 2.99595
v -15.87931 1.17559 2.99595
v -13.66354 1.17559 2.07380
v -13.91447 0.94333 1.47087
v -16.13024 0.94333 2.39302
v -16.13024 1.11333 2.39302
v -13.91447 1.11333 1.47087
v -13.38657 0.60559 1.95853
v -13.66354 0.60559 2.07380
v -13.66354 1.90559 2.07380
v -13.38657 1.90559 1.95853
v -13.63750 0.54333 1.35561
v -13.91447 0.54333 1.47087
v -13.91447 1.84333 1.47087
v -13.63750 1.84333 1.35561
v -15.87931 0.60559 2.99595
v -16.15629 0.60559 3.11122
v -16.15629 1.90559 3.11122
v -15.87931 1.90559 2.99595
v -16.13024 0.54333 2.39302
v -16.40721 0.54333 2.50829
v -16.40721 1.84333 2.50829
v -16.13024 1.84333 2.39302
v -13.85990 0.54333 1.63410
v -16.18480 0.54333 2.22979
v -16.18480 0.94333 2.22979
v -13.85990 0.94333 1.63410
v -14.02233 0.49588 1.00019
v -16.34723 0.49588 1.59588
v -16.34723 0.89588 1.59588
v -14.02233 0.89588 1.00019
v -13.85990 0.94333 1.63410
v -16.18480 0.94333 2.22979
v -16.18480 1.11333 2.22979
v -13.85990 1.11333 1.63410
v -14.02233 0.89588 1.00019
v -16.34723 0.89588 1.59588
v -16.34723 1.06588 1.59588
v -14.02233 1.06588 1.00019
v -13.56929 0.54333 1.55964
v -13.85990 0.54333 1.63410
v -13.85990 1.84333 1.63410
v -13.56929 1.84333 1.55964
v -13.73171 0.49588 0.92572
v -14.02233 0.49588 1.00019
v -14.02233 1.79588 1.00019
v -13.73171 1.79588 0.92572
v -16.18480 0.54333 2.22979
v -16.47541 0.54333 2.30425
v -16.47541 1.84333 2.30425
v -16.18480 1.84333 2.22979
v -16.34723 0.49588 1.59588
v -16.63784 0.49588 1.67034
v -16.63784 1.79588 1.67034
v -16.34723 1.79588 1.59588
v -13.99559 0.49588 1.13729
v -16.37396 0.49588 1.45877
v -16.37396 0.89588 1.45877
v -13.99559 0.89588 1.13729
v -14.08344 0.47065 0.48737
v -16.46181 0.47065 0.80886
v -16.46181 0.87065 0.80886
v -14.08344 0.87065 0.48737
v -13.99559 0.89588 1.13729
v -16.37396 0.89588 1.45877
v -16.37396 1.06588 1.45877
v -13.99559 1.06588 1.13729
v -14.08344 0.87065 0.48737
v -16.46181 0.87065 0.80886
v -16.46181 1.04065 0.80886
v -14.08344 1.04065 0.48737
v -13.69829 0.49588 1.09710
v -13.99559 0.49588 1.13729
v -13.99559 1.79588 1.13729
v -13.69829 1.79588 1.09710
v -13.78614 0.47065 0.44719
v -14.08344 0.47065 0.48737
v -14.08344 1.77065 0.48737
v -13.78614 1.77065 0.44719
v -16.37396 0.49588 1.45877
v -16.67126 0.49588 1.49896
v -16.67126 1.79588 1.49896
v -16.37396 1.79588 1.45877
v -16.46181 0.47065 0.80886
v -16.75911 0.47065 0.84904
v -16.75911 1.77065 0.84904
v -16.46181 1.77065 0.80886
v -14.07353 0.47065 0.60160
v -16.47172 0.47065 0.69463
v -16.47172 0.87065 0.69463
v -14.07353 0.87065 0.60160
v -14.09897 0.46153 -0.05426
v -16.49717 0.46153 0.03877
v -16.49717 0.86153 0.03877
v -14.09897 0.86153 -0.05426
v -14.07353 0.87065 0.60160
v -16.47172 0.87065 0.69463
v -16.47172 1.04065 0.69463
v -14.07353 1.04065 0.60160
v -14.09897 0.86153 -0.05426
v -16.49717 0.86153 0.03877
v -16.49717 1.03153 0.03877
v -14.09897 1.03153 -0.05426
v -13.77375 0.47065 0.58997
v -14.07353 0.47065 0.60160
v -14.07353 1.77065 0.60160
v -13.77375 1.77065 0.58997
v -13.79920 0.46153 -0.06589
v -14.09897 0.46153 -0.05426
v -14.09897 1.76153 -0.05426
v -13.79920 1.76153 -0.06589
v -16.47172 0.47065 0.69463
v -16.77150 0.47065 0.70626
v -16.77150 1.77065 0.70626
v -16.47172 1.77065 0.69463
v -16.49717 0.46153 0.03877
v -16.79694 0.46153 0.05040
v -16.79694 1.76153 0.05040
v -16.49717 1.76153 0.03877
v -14.09920 0.46153 0.04441
v -16.49693 0.46153 -0.05990
v -16.49693 0.86153 -0.05990
v -14.09920 0.86153 0.04441
v -14.07067 0.46393 -0.61144
v -16.46840 0.46393 -0.71576
v -16.46840 0.86393 -0.71576
v -14.07067 0.86393 -0.61144
v -14.09920 0.86153 0.04441
v -16.49693 0.86153 -0.05990
v -16.49693 1.03153 -0.05990
v -14.09920 1.03153 0.04441
v -14.07067 0.86393 -0.61144
v -16.46840 0.86393 -0.71576
v -16.46840 1.03393 -0.71576
v -14.07067 1.03393 -0.61144
v -13.79949 0.46153 0.05745
v -14.09920 0.46153 0.04441
v -14.09920 1.76153 0.04441
v -13.79949 1.76153 0.05745
v -13.77095 0.46393 -0.59840
v -14.07067 0.46393 -0.61144
v -14.07067 1.76393 -0.61144
v -13.77095 1.76393 -0.59840
v -16.49693 0.46153 -0.05990
v -16.79665 0.46153 -0.07294
v -16.79665 1.76153 -0.07294
v -16.49693 1.76153 -0.05990
v -16.46840 0.46393 -0.71576
v -16.76812 0.46393 -0.72880
v -16.76812 1.76393 -0.72880
v -16.46840 1.76393 -0.71576
v -14.07799 0.46393 -0.52138
v -16.46108 0.46393 -0.80583
v -16.46108 0.86393 -0.80583
v -14.07799 0.86393 -0.52138
v -14.00019 0.47443 -1.17318
v -16.38327 0.47443 -1.45763
v -16.38327 0.87443 -1.45763
v -14.00019 0.87443 -1.17318
v -14.07799 0.86393 -0.52138
v -16.46108 0.86393 -0.80583
v -16.46108 1.03393 -0.80583
v -14.07799 1.03393 -0.52138
v -14.00019 0.87443 -1.17318
v -16.38327 0.87443 -1.45763
v -16.38327 1.04443 -1.45763
v -14.00019 1.04443 -1.17318
v -13.78011 0.46393 -0.48582
v -14.07799 0.46393 -0.52138
v -14.07799 1.76393 -0.52138
v -13.78011 1.76393 -0.48582
v -13.70231 0.47443 -1.13763
v -14.00019 0.47443 -1.17318
v -14.00019 1.77443 -1.17318
v -13.70231 1.77443 -1.13763
v -16.46108 0.46393 -0.80583
v -16.75896 0.46393 -0.84138
v -16.75896 1.76393 -0.84138
v -16.46108 1.76393 -0.80583
v -16.38327 0.47443 -1.45763
v -16.68116 0.47443 -1.49319
v -16.68116 1.77443 -1.49319
v -16.38327 1.77443 -1.45763
v -14.01349 0.47443 -1.08795
v -16.36998 0.47443 -1.54287
v -16.36998 0.87443 -1.54287
v -14.01349 0.87443 -1.08795
v -13.88908 0.49011 -1.73238
v -16.24557 0.49011 -2.18730
v -16.24557 0.89011 -2.18730
v -13.88908 0.89011 -1.73238
v -14.01349 0.87443 -1.08795
v -16.36998 0.87443 -1.54287
v -16.36998 1.04443 -1.54287
v -14.01349 1.04443 -1.08795
v -13.88908 0.89011 -1.73238
v -16.24557 0.89011 -2.18730
v -16.24557 1.06011 -2.18730
v -13.88908 1.06011 -1.73238
v -13.71893 0.47443 -1.03108
v -14.01349 0.47443 -1.08795
v -14.01349 1.77443 -1.08795
v -13.71893 1.77443 -1.03108
v -13.59452 0.49011 -1.67551
v -13.88908 0.49011 -1.73238
v -13.88908 1.79011 -1.73238
v -13.59452 1.79011 -1.67551
v -16.36998 0.47443 -1.54287
v -16.66454 0.47443 -1.59973
v -16.66454 1.77443 -1.59973
v -16.36998 1.77443 -1.54287
v -16.24557 0.49011 -2.18730
v -16.54013 0.49011 -2.24416
v -16.54013 1.79011 -2.24416
v -16.24557 1.79011 -2.18730
v -13.90831 0.49011 -1.64889
v -16.22634 0.49011 -2.27079
v -16.22634 0.89011 -2.27079
v -13.90831 0.89011 -1.64889
v -13.73826 0.50834 -2.28273
v -16.05629 0.50834 -2.90462
v -16.05629 0.90834 -2.90462
v -13.73826 0.90834 -2.28273
v -13.90831 0.89011 -1.64889
v -16.22634 0.89011 -2.27079
v -16.22634 1.06011 -2.27079
v -13.90831 1.06011 -1.64889
v -13.73826 0.90834 -2.28273
v -16.05629 0.90834 -2.90462
v -16.05629 1.07834 -2.90462
v -13.73826 1.07834 -2.28273
v -13.61856 0.49011 -1.57115
v -13.90831 0.49011 -1.64889
v -13.90831 1.79011 -1.64889
v -13.61856 1.79011 -1.57115
v -13.44851 0.50834 -2.20499
v -13.73826 0.50834 -2.28273
v -13.73826 1.80834 -2.28273
v -13.44851 1.80834 -2.20499
v -16.22634 0.49011 -2.27079
v -16.51609 0.49011 -2.34852
v -16.51609 1.79011 -2.34852
v -16.22634 1.79011 -2.27079
v -16.05629 0.50834 -2.90462
v -16.34604 0.50834 -2.98236
v -16.34604 1.80834 -2.98236
v -16.05629 1.80834 -2.90462
v -13.76513 0.50834 -2.19586
v -16.02942 0.50834 -2.99149
v -16.02942 0.90834 -2.99149
v -13.76513 0.90834 -2.19586
v -13.54758 0.52652 -2.81500
v -15.81186 0.52652 -3.61062
v -15.81186 0.92652 -3.61062
v -13.54758 0.92652 -2.81500
v -13.76513 0.90834 -2.19586
v -16.02942 0.90834 -2.99149
v -16.02942 1.07834 -2.99149
v -13.76513 1.07834 -2.19586
v -13.54758 0.92652 -2.81500
v -15.81186 0.92652 -3.61062
v -15.81186 1.09652 -3.61062
v -13.54758 1.09652 -2.81500
v -13.48210 0.50834 -2.09641
v -13.76513 0.50834 -2.19586
v -13.76513 1.80834 -2.19586
v -13.48210 1.80834 -2.09641
v -13.26455 0.52652 -2.71554
v -13.54758 0.52652 -2.81500
v -13.54758 1.82652 -2.81500
v -13.26455 1.82652 -2.71554
v -16.02942 0.50834 -2.99149
v -16.31245 0.50834 -3.09094
v -16.31245 1.80834 -3.09094
v -16.02942 1.80834 -2.99149
v -15.81186 0.52652 -3.61062
v -16.09490 0.52652 -3.71008
v -16.09490 1.82652 -3.71008
v -15.81186 1.82652 -3.61062
v -13.58570 0.52652 -2.71974
v -15.77374 0.52652 -3.70589
v -15.77374 0.92652 -3.70589
v -13.58570 0.92652 -2.71974
v -13.31604 0.54158 -3.31805
v -15.50408 0.54158 -4.30420
v -15.50408 0.94158 -4.30420
v -13.31604 0.94158 -3.31805
v -13.58570 0.92652 -2.71974
v -15.77374 0.92652 -3.70589
v -15.77374 1.09652 -3.70589
v -13.58570 1.09652 -2.71974
v -13.31604 0.94158 -3.31805
v -15.50408 0.94158 -4.30420
v -15.50408 1.11158 -4.30420
v -13.31604 1.11158 -3.31805
v -13.31220 0.52652 -2.59647
v -13.58570 0.52652 -2.71974
v -13.58570 1.82652 -2.71974
v -13.31220 1.82652 -2.59647
v -13.04254 0.54158 -3.19478
v -13.31604 0.54158 -3.31805
v -13.31604 1.84158 -3.31805
v -13.04254 1.84158 -3.19478
v -15.77374 0.52652 -3.70589
v -16.04725 0.52652 -3.82916
v -16.04725 1.82652 -3.82916
v -15.77374 1.82652 -3.70589
v -15.50408 0.54158 -4.30420
v -15.77758 0.54158 -4.42747
v -15.77758 1.84158 -4.42747
v -15.50408 1.84158 -4.30420
v -13.37104 0.54158 -3.21076
v -15.44908 0.54158 -4.41149
v -15.44908 0.94158 -4.41149
v -13.37104 0.94158 -3.21076
v -13.04270 0.54965 -3.77900
v -15.12074 0.54965 -4.97973
v -15.12074 0.94965 -4.97973
v -13.04270 0.94965 -3.77900
v -13.37104 0.94158 -3.21076
v -15.44908 0.94158 -4.41149
v -15.44908 1.11158 -4.41149
v -13.37104 1.11158 -3.21076
v -13.04270 0.94965 -3.77900
v -15.12074 0.94965 -4.97973
v -15.12074 1.11965 -4.97973
v -13.04270 1.11965 -3.77900
v -13.11129 0.54158 -3.06067
v -13.37104 0.54158 -3.21076
v -13.37104 1.84158 -3.21076
v -13.11129 1.84158 -3.06067
v -12.78295 0.54965 -3.62891
v -13.04270 0.54965 -3.77900
v -13.04270 1.84965 -3.77900
v -12.78295 1.84965 -3.62891
v -15.44908 0.54158 -4.41149
v -15.70883 0.54158 -4.56159
v -15.70883 1.84158 -4.56159
v -15.44908 1.84158 -4.41149
v -15.12074 0.54965 -4.97973
v -15.38049 0.54965 -5.12982
v -15.38049 1.84965 -5.12982
v -15.12074 1.84965 -4.97973
v -13.12519 0.54965 -3.65476
v -15.03825 0.54965 -5.10397
v -15.03825 0.94965 -5.10397
v -13.12519 0.94965 -3.65476
v -12.72896 0.55000 -4.17782
v -14.64202 0.55000 -5.62702
v -14.64202 0.95000 -5.62702
v -12.72896 0.95000 -4.17782
v -13.12519 0.94965 -3.65476
v -15.03825 0.94965 -5.10397
v -15.03825 1.11965 -5.10397
v -13.12519 1.11965 -3.65476
v -12.72896 0.95000 -4.17782
v -14.64202 0.95000 -5.62702
v -14.64202 1.12000 -5.62702
v -12.72896 1.12000 -4.17782
v -12.88606 0.54965 -3.47361
v -13.12519 0.54965 -3.65476
v -13.12519 1.84965 -3.65476
v -12.88606 1.84965 -3.47361
v -12.48983 0.55000 -3.99667
v -12.72896 0.55000 -4.17782
v -12.72896 1.85000 -4.17782
v -12.48983 1.85000 -3.99667
v -15.03825 0.54965 -5.10397
v -15.27739 0.54965 -5.28512
v -15.27739 1.84965 -5.28512
v -15.03825 1.84965 -5.10397
v -14.64202 0.55000 -5.62702
v -14.88116 0.55000 -5.80817
v -14.88116 1.85000 -5.80817
v -14.64202 1.85000 -5.62702
v -12.82109 0.55000 -4.07007
v -14.54989 0.55000 -5.73477
v -14.54989 0.95000 -5.73477
v -12.82109 0.95000 -4.07007
v -12.36584 0.55000 -4.54285
v -14.09465 0.55000 -6.20755
v -14.09465 0.95000 -6.20755
v -12.36584 0.95000 -4.54285
v -12.82109 0.95000 -4.07007
v -14.54989 0.95000 -5.73477
v -14.54989 1.12000 -5.73477
v -12.82109 1.12000 -4.07007
v -12.36584 0.95000 -4.54285
v -14.09465 0.95000 -6.20755
v -14.09465 1.12000 -6.20755
v -12.36584 1.12000 -4.54285
v -12.60499 0.55000 -3.86198
v -12.82109 0.55000 -4.07007
v -12.82109 1.85000 -4.07007
v -12.60499 1.85000 -3.86198
v -12.14974 0.55000 -4.33476
v -12.36584 0.55000 -4.54285
v -12.36584 1.85000 -4.54285
v -12.14974 1.85000 -4.33476
v -14.54989 0.55000 -5.73477
v -14.76600 0.55000 -5.94286
v -14.76600 1.85000 -5.94286
v -14.54989 1.85000 -5.73477
v -14.09465 0.55000 -6.20755
v -14.31075 0.55000 -6.41564
v -14.31075 1.85000 -6.41564
v -14.09465 1.85000 -6.20755
v -12.44976 0.55000 -4.46369
v -14.01073 0.55000 -6.28671
v -14.01073 0.95000 -6.28671
v -12.44976 0.95000 -4.46369
v -11.95114 0.55000 -4.89064
v -13.51210 0.55000 -6.71366
v -13.51210 0.95000 -6.71366
v -11.95114 0.95000 -4.89064
v -12.44976 0.95000 -4.46369
v -14.01073 0.95000 -6.28671
v -14.01073 1.12000 -6.28671
v -12.44976 1.12000 -4.46369
v -11.95114 0.95000 -4.89064
v -13.51210 0.95000 -6.71366
v -13.51210 1.12000 -6.71366
v -11.95114 1.12000 -4.89064
v -12.25464 0.55000 -4.23581
v -12.44976 0.55000 -4.46369
v -12.44976 1.85000 -4.46369
v -12.25464 1.85000 -4.23581
v -11.75602 0.55000 -4.66276
v -11.95114 0.55000 -4.89064
v -11.95114 1.85000 -4.89064
v -11.75602 1.85000 -4.66276
v -14.01073 0.55000 -6.28671
v -14.20585 0.55000 -6.51458
v -14.20585 1.85000 -6.51458
v -14.01073 1.85000 -6.28671
v -13.51210 0.55000 -6.71366
v -13.70722 0.55000 -6.94153
v -13.70722 1.85000 -6.94153
v -13.51210 1.85000 -6.71366
v -12.02580 0.55000 -4.83168
v -13.43744 0.55000 -6.77262
v -13.43744 0.95000 -6.77262
v -12.02580 0.95000 -4.83168
v -11.49485 0.55000 -5.21783
v -12.90649 0.55000 -7.15878
v -12.90649 0.95000 -7.15878
v -11.49485 0.95000 -5.21783
v -12.02580 0.95000 -4.83168
v -13.43744 0.95000 -6.77262
v -13.43744 1.12000 -6.77262
v -12.02580 1.12000 -4.83168
v -11.49485 0.95000 -5.21783
v -12.90649 0.95000 -7.15878
v -12.90649 1.12000 -7.15878
v -11.49485 1.12000 -5.21783
v -11.84934 0.55000 -4.58906
v -12.02580 0.55000 -4.83168
v -12.02580 1.85000 -4.83168
v -11.84934 1.85000 -4.58906
v -11.31839 0.55000 -4.97521
v -11.49485 0.55000 -5.21783
v -11.49485 1.85000 -5.21783
v -11.31839 1.85000 -4.97521
v -13.43744 0.55000 -6.77262
v -13.61390 0.55000 -7.01524
v -13.61390 1.85000 -7.01524
v -13.43744 1.85000 -6.77262
v -12.90649 0.55000 -7.15878
v -13.08295 0.55000 -7.40139
v -13.08295 1.85000 -7.40139
v -12.90649 1.85000 -7.15878
v -11.56272 0.55000 -5.17193
v -12.83862 0.55000 -7.20468
v -12.83862 0.95000 -7.20468
v -11.56272 0.95000 -5.17193
v -11.00663 0.55000 -5.52097
v -12.28252 0.55000 -7.55372
v -12.28252 0.95000 -7.55372
v -11.00663 0.95000 -5.52097
v -11.56272 0.95000 -5.17193
v -12.83862 0.95000 -7.20468
v -12.83862 1.12000 -7.20468
v -11.56272 1.12000 -5.17193
v -11.00663 0.95000 -5.52097
v -12.28252 0.95000 -7.55372
v -12.28252 1.12000 -7.55372
v -11.00663 1.12000 -5.52097
v -11.40324 0.55000 -4.91783
v -11.56272 0.55000 -5.17193
v -11.56272 1.85000 -5.17193
v -11.40324 1.85000 -4.91783
v -10.84714 0.55000 -5.26687
v -11.00663 0.55000 -5.52097
v -11.00663 1.85000 -5.52097
v -10.84714 1.85000 -5.26687
v -12.83862 0.55000 -7.20468
v -12.99810 0.55000 -7.45878
v -12.99810 1.85000 -7.45878
v -12.83862 1.85000 -7.20468
v -12.28252 0.55000 -7.55372
v -12.44201 0.55000 -7.80782
v -12.44201 1.85000 -7.80782
v -12.28252 1.85000 -7.55372
v -11.06680 0.55000 -5.48560
v -12.22236 0.55000 -7.58909
v -12.22236 0.95000 -7.58909
v -11.06680 0.95000 -5.48560
v -10.49134 0.55000 -5.80173
v -11.64690 0.55000 -7.90522
v -11.64690 0.95000 -7.90522
v -10.49134 0.95000 -5.80173
v -11.06680 0.95000 -5.48560
v -12.22236 0.95000 -7.58909
v -12.22236 1.12000 -7.58909
v -11.06680 1.12000 -5.48560
v -10.49134 0.95000 -5.80173
v -11.64690 0.95000 -7.90522
v -11.64690 1.12000 -7.90522
v -10.49134 1.12000 -5.80173
v -10.92235 0.55000 -5.22266
v -11.06680 0.55000 -5.48560
v -11.06680 1.85000 -5.48560
v -10.92235 1.85000 -5.22266
v -10.34689 0.55000 -5.53879
v -10.49134 0.55000 -5.80173
v -10.49134 1.85000 -5.80173
v -10.34689 1.85000 -5.53879
v -12.22236 0.55000 -7.58909
v -12.36680 0.55000 -7.85203
v -12.36680 1.85000 -7.85203
v -12.22236 1.85000 -7.58909
v -11.64690 0.55000 -7.90522
v -11.79134 0.55000 -8.16816
v -11.79134 1.85000 -8.16816
v -11.64690 1.85000 -7.90522
v -10.54721 0.55000 -5.77292
v -11.59103 0.55000 -7.93404
v -11.59103 0.95000 -7.93404
v -10.54721 0.95000 -5.77292
v -9.95596 0.55000 -6.05849
v -10.99979 0.55000 -8.21961
v -10.99979 0.95000 -8.21961
v -9.95596 0.95000 -6.05849
v -10.54721 0.95000 -5.77292
v -11.59103 0.95000 -7.93404
v -11.59103 1.12000 -7.93404
v -10.54721 1.12000 -5.77292
v -9.95596 0.95000 -6.05849
v -10.99979 0.95000 -8.21961
v -10.99979 1.12000 -8.21961
v -9.95596 1.12000 -6.05849
v -10.41673 0.55000 -5.50278
v -10.54721 0.55000 -5.77292
v -10.54721 1.85000 -5.77292
v -10.41673 1.85000 -5.50278
v -9.82548 0.55000 -5.78835
v -9.95596 0.55000 -6.05849
v -9.95596 1.85000 -6.05849
v -9.82548 1.85000 -5.78835
v -11.59103 0.55000 -7.93404
v -11.72151 0.55000 -8.20418
v -11.72151 1.85000 -8.20418
v -11.59103 1.85000 -7.93404
v -10.99979 0.55000 -8.21961
v -11.13026 0.55000 -8.48975
v -11.13026 1.85000 -8.48975
v -10.99979 1.85000 -8.21961
v -10.00887 0.55000 -6.03450
v -10.94688 0.55000 -8.24360
v -10.94688 0.95000 -8.24360
v -10.00887 0.95000 -6.03450
v -9.40449 0.55000 -6.29112
v -10.34250 0.55000 -8.50023
v -10.34250 0.95000 -8.50023
v -9.40449 0.95000 -6.29112
v -10.00887 0.95000 -6.03450
v -10.94688 0.95000 -8.24360
v -10.94688 1.12000 -8.24360
v -10.00887 1.12000 -6.03450
v -9.40449 0.95000 -6.29112
v -10.34250 0.95000 -8.50023
v -10.34250 1.12000 -8.50023
v -9.40449 1.12000 -6.29112
v -9.89162 0.55000 -5.75836
v -10.00887 0.55000 -6.03450
v -10.00887 1.85000 -6.03450
v -9.89162 1.85000 -5.75836
v -9.28724 0.55000 -6.01499
v -9.40449 0.55000 -6.29112
v -9.40449 1.85000 -6.29112
v -9.28724 1.85000 -6.01499
v -10.94688 0.55000 -8.24360
v -11.06413 0.55000 -8.51974
v -11.06413 1.85000 -8.51974
v -10.94688 1.85000 -8.24360
v -10.34250 0.55000 -8.50023
v -10.45976 0.55000 -8.77636
v -10.45976 1.85000 -8.77636
v -10.34250 1.85000 -8.50023
v -9.45487 0.55000 -6.27106
v -10.29213 0.55000 -8.52029
v -10.29213 0.95000 -8.52029
v -9.45487 0.95000 -6.27106
v -8.83951 0.55000 -6.50013
v -9.67677 0.55000 -8.74935
v -9.67677 0.95000 -8.74935
v -8.83951 0.95000 -6.50013
v -9.45487 0.95000 -6.27106
v -10.29213 0.95000 -8.52029
v -10.29213 1.12000 -8.52029
v -9.45487 1.12000 -6.27106
v -8.83951 0.95000 -6.50013
v -9.67677 0.95000 -8.74935
v -9.67677 1.12000 -8.74935
v -8.83951 1.12000 -6.50013
v -9.35021 0.55000 -5.98991
v -9.45487 0.55000 -6.27106
v -9.45487 1.85000 -6.27106
v -9.35021 1.85000 -5.98991
v -8.73485 0.55000 -6.21897
v -8.83951 0.55000 -6.50013
v -8.83951 1.85000 -6.50013
v -8.73485 1.85000 -6.21897
v -10.29213 0.55000 -8.52029
v -10.39678 0.55000 -8.80144
v -10.39678 1.85000 -8.80144
v -10.29213 1.85000 -8.52029
v -9.67677 0.55000 -8.74935
v -9.78142 0.55000 -9.03050
v -9.78142 1.85000 -9.03050
v -9.67677 1.85000 -8.74935
v -8.89008 0.55000 -6.48258
v -9.62620 0.55000 -8.76690
v -9.62620 0.95000 -8.76690
v -8.89008 0.95000 -6.48258
v -8.26511 0.55000 -6.68397
v -9.00124 0.55000 -8.96829
v -9.00124 0.95000 -8.96829
v -8.26511 0.95000 -6.68397
v -8.89008 0.95000 -6.48258
v -9.62620 0.95000 -8.76690
v -9.62620 1.12000 -8.76690
v -8.89008 1.12000 -6.48258
v -8.26511 0.95000 -6.68397
v -9.00124 0.95000 -8.96829
v -9.00124 1.12000 -8.96829
v -8.26511 1.12000 -6.68397
v -8.79806 0.55000 -6.19704
v -8.89008 0.55000 -6.48258
v -8.89008 1.85000 -6.48258
v -8.79806 1.85000 -6.19704
v -8.17310 0.55000 -6.39843
v -8.26511 0.55000 -6.68397
v -8.26511 1.85000 -6.68397
v -8.17310 1.85000 -6.39843
v -9.62620 0.55000 -8.76690
v -9.71821 0.55000 -9.05244
v -9.71821 1.85000 -9.05244
v -9.62620 1.85000 -8.76690
v -9.00124 0.55000 -8.96829
v -9.09325 0.55000 -9.25383
v -9.09325 1.85000 -9.25383
v -9.00124 1.85000 -8.96829
v -8.31542 0.55000 -6.66897
v -8.95093 0.55000 -8.98330
v -8.95093 0.95000 -8.98330
v -8.31542 0.95000 -6.66897
v -7.68225 0.55000 -6.84283
v -8.31775 0.55000 -9.15717
v -8.31775 0.95000 -9.15717
v -7.68225 0.95000 -6.84283
v -8.31542 0.95000 -6.66897
v -8.95093 0.95000 -8.98330
v -8.95093 1.12000 -8.98330
v -8.31542 1.12000 -6.66897
v -7.68225 0.95000 -6.84283
v -8.31775 0.95000 -9.15717
v -8.31775 1.12000 -9.15717
v -7.68225 1.12000 -6.84283
v -8.23598 0.55000 -6.37967
v -8.31542 0.55000 -6.66897
v -8.31542 1.85000 -6.66897
v -8.23598 1.85000 -6.37967
v -7.60281 0.55000 -6.55354
v -7.68225 0.55000 -6.84283
v -7.68225 1.85000 -6.84283
v -7.60281 1.85000 -6.55354
v -8.95093 0.55000 -8.98330
v -9.03037 0.55000 -9.27259
v -9.03037 1.85000 -9.27259
v -8.95093 1.85000 -8.98330
v -8.31775 0.55000 -9.15717
v -8.39719 0.55000 -9.44646
v -8.39719 1.85000 -9.44646
v -8.31775 1.85000 -9.15717
v -10.00000 0.00000 -10.20000
v 10.00000 0.00000 -10.20000
v 10.00000 0.70000 -10.20000
v -10.00000 0.70000 -10.20000
v -10.00000 0.00000 -5.80000
v 10.00000 0.00000 -5.80000
v 10.00000 0.70000 -5.80000
v -10.00000 0.70000 -5.80000
v -10.20000 0.67000 -10.40000
v 10.20000 0.67000 -10.40000
v 10.20000 0.77000 -10.40000
v -10.20000 0.77000 -10.40000
v -10.20000 0.67000 -5.60000
v 10.20000 0.67000 -5.60000
v 10.20000 0.77000 -5.60000
v -10.20000 0.77000 -5.60000
v -9.00000 0.70000 -9.96000
v -9.13856 0.70000 -9.88000
v -9.13856 0.70000 -9.72000
v -9.00000 0.70000 -9.64000
v -8.86144 0.70000 -9.72000
v -8.86144 0.70000 -9.88000
v -9.00000 4.60000 -9.96000
v -9.13856 4.60000 -9.88000
v -9.13856 4.60000 -9.72000
v -9.00000 4.60000 -9.64000
v -8.86144 4.60000 -9.72000
v -8.86144 4.60000 -9.88000
v -9.00000 0.70000 -9.80000
v -9.00000 4.60000 -9.80000
v -9.00000 0.70000 -6.36000
v -9.13856 0.70000 -6.28000
v -9.13856 0.70000 -6.12000
v -9.00000 0.70000 -6.04000
v -8.86144 0.70000 -6.12000
v -8.86144 0.70000 -6.28000
v -9.00000 4.60000 -6.36000
v -9.13856 4.60000 -6.28000
v -9.13856 4.60000 -6.12000
v -9.00000 4.60000 -6.04000
v -8.86144 4.60000 -6.12000
v -8.86144 4.60000 -6.28000
v -9.00000 0.70000 -6.20000
v -9.00000 4.60000 -6.20000
v -3.00000 0.70000 -9.96000
v -3.13856 0.70000 -9.88000
v -3.13856 0.70000 -9.72000
v -3.00000 0.70000 -9.64000
v -2.86144 0.70000 -9.72000
v -2.86144 0.70000 -9.88000
v -3.00000 4.60000 -9.96000
v -3.13856 4.60000 -9.88000
v -3.13856 4.60000 -9.72000
v -3.00000 4.60000 -9.64000
v -2.86144 4.60000 -9.72000
v -2.86144 4.60000 -9.88000
v -3.00000 0.70000 -9.80000
v -3.00000 4.60000 -9.80000
v -3.00000 0.70000 -6.36000
v -3.13856 0.70000 -6.28000
v -3.13856 0.70000 -6.12000
v -3.00000 0.70000 -6.04000
v -2.86144 0.70000 -6.12000
v -2.86144 0.70000 -6.28000
v -3.00000 4.60000 -6.36000
v -3.13856 4.60000 -6.28000
v -3.13856 4.60000 -6.12000
v -3.00000 4.60000 -6.04000
v -2.86144 4.60000 -6.12000
v -2.86144 4.60000 -6.28000
v -3.00000 0.70000 -6.20000
v -3.00000 4.60000 -6.20000
v 3.00000 0.70000 -9.96000
v 2.86144 0.70000 -9.88000
v 2.86144 0.70000 -9.72000
v 3.00000 0.70000 -9.64000
v 3.13856 0.70000 -9.72000
v 3.13856 0.70000 -9.88000
v 3.00000 4.60000 -9.96000
v 2.86144 4.60000 -9.88000
v 2.86144 4.60000 -9.72000
v 3.00000 4.60000 -9.64000
v 3.13856 4.60000 -9.72000
v 3.13856 4.60000 -9.88000
v 3.00000 0.70000 -9.80000
v 3.00000 4.60000 -9.80000
v 3.00000 0.70000 -6.36000
v 2.86144 0.70000 -6.28000
v 2.86144 0.70000 -6.12000
v 3.00000 0.70000 -6.04000
v 3.13856 0.70000 -6.12000
v 3.13856 0.70000 -6.28000
v 3.00000 4.60000 -6.36000
v 2.86144 4.60000 -6.28000
v 2.86144 4.60000 -6.12000
v 3.00000 4.60000 -6.04000
v 3.13856 4.60000 -6.12000
v 3.13856 4.60000 -6.28000
v 3.00000 0.70000 -6.20000
v 3.00000 4.60000 -6.20000
v 9.00000 0.70000 -9.96000
v 8.86144 0.70000 -9.88000
v 8.86144 0.70000 -9.72000
v 9.00000 0.70000 -9.64000
v 9.13856 0.70000 -9.72000
v 9.13856 0.70000 -9.88000
v 9.00000 4.60000 -9.96000
v 8.86144 4.60000 -9.88000
v 8.86144 4.60000 -9.72000
v 9.00000 4.60000 -9.64000
v 9.13856 4.60000 -9.72000
v 9.13856 4.60000 -9.88000
v 9.00000 0.70000 -9.80000
v 9.00000 4.60000 -9.80000
v 9.00000 0.70000 -6.36000
v 8.86144 0.70000 -6.28000
v 8.86144 0.70000 -6.12000
v 9.00000 0.70000 -6.04000
v 9.13856 0.70000 -6.12000
v 9.13856 0.70000 -6.28000
v 9.00000 4.60000 -6.36000
v 8.86144 4.60000 -6.28000
v 8.86144 4.60000 -6.12000
v 9.00000 4.60000 -6.04000
v 9.13856 4.60000 -6.12000
v 9.13856 4.60000 -6.28000
v 9.00000 0.70000 -6.20000
v 9.00000 4.60000 -6.20000
v -10.50000 4.50000 -10.30000
v -7.87500 4.50000 -10.30000
v -7.87500 4.65000 -10.30000
v -10.50000 4.65000 -10.30000
v -10.50000 5.30000 -5.70000
v -7.87500 5.30000 -5.70000
v -7.87500 5.45000 -5.70000
v -10.50000 5.45000 -5.70000
v -7.87500 4.50000 -10.30000
v -5.25000 4.50000 -10.30000
v -5.25000 4.65000 -10.30000
v -7.87500 4.65000 -10.30000
v -7.87500 5.30000 -5.70000
v -5.25000 5.30000 -5.70000
v -5.25000 5.45000 -5.70000
v -7.87500 5.45000 -5.70000
v -5.25000 4.50000 -10.30000
v -2.62500 4.50000 -10.30000
v -2.62500 4.65000 -10.30000
v -5.25000 4.65000 -10.30000
v -5.25000 5.30000 -5.70000
v -2.62500 5.30000 -5.70000
v -2.62500 5.45000 -5.70000
v -5.25000 5.45000 -5.70000
v -2.62500 4.50000 -10.30000
v 0.00000 4.50000 -10.30000
v 0.00000 4.65000 -10.30000
v -2.62500 4.65000 -10.30000
v -2.62500 5.30000 -5.70000
v 0.00000 5.30000 -5.70000
v 0.00000 5.45000 -5.70000
v -2.62500 5.45000 -5.70000
v 0.00000 4.50000 -10.30000
v 2.62500 4.50000 -10.30000
v 2.62500 4.65000 -10.30000
v 0.00000 4.65000 -10.30000
v 0.00000 5.30000 -5.70000
v 2.62500 5.30000 -5.70000
v 2.62500 5.45000 -5.70000
v 0.00000 5.45000 -5.70000
v 2.62500 4.50000 -10.30000
v 5.25000 4.50000 -10.30000
v 5.25000 4.65000 -10.30000
v 2.62500 4.65000 -10.30000
v 2.62500 5.30000 -5.70000
v 5.25000 5.30000 -5.70000
v 5.25000 5.45000 -5.70000
v 2.62500 5.45000 -5.70000
v 5.25000 4.50000 -10.30000
v 7.87500 4.50000 -10.30000
v 7.87500 4.65000 -10.30000
v 5.25000 4.65000 -10.30000
v 5.25000 5.30000 -5.70000
v 7.87500 5.30000 -5.70000
v 7.87500 5.45000 -5.70000
v 5.25000 5.45000 -5.70000
v 7.87500 4.50000 -10.30000
v 10.50000 4.50000 -10.30000
v 10.50000 4.65000 -10.30000
v 7.87500 4.65000 -10.30000
v 7.87500 5.30000 -5.70000
v 10.50000 5.30000 -5.70000
v 10.50000 5.45000 -5.70000
v 7.87500 5.45000 -5.70000
v 0.94046 5.33369 -8.00000
v 0.76085 5.33369 -7.86180
v 0.29062 5.33369 -7.77639
v -0.29062 5.33369 -7.77639
v -0.76085 5.33369 -7.86180
v -0.94046 5.33369 -8.00000
v -0.76085 5.33369 -8.13820
v -0.29062 5.33369 -8.22361
v 0.29062 5.33369 -8.22361
v 0.76085 5.33369 -8.13820
v 1.52169 5.68369 -8.00000
v 1.23107 5.68369 -7.77639
v 0.47023 5.68369 -7.63820
v -0.47023 5.68369 -7.63820
v -1.23107 5.68369 -7.77639
v -1.52169 5.68369 -8.00000
v -1.23107 5.68369 -8.22361
v -0.47023 5.68369 -8.36180
v 0.47023 5.68369 -8.36180
v 1.23107 5.68369 -8.22361
v 1.52169 6.11631 -8.00000
v 1.23107 6.11631 -7.77639
v 0.47023 6.11631 -7.63820
v -0.47023 6.11631 -7.63820
v -1.23107 6.11631 -7.77639
v -1.52169 6.11631 -8.00000
v -1.23107 6.11631 -8.22361
v -0.47023 6.11631 -8.36180
v 0.47023 6.11631 -8.36180
v 1.23107 6.11631 -8.22361
v 0.94046 6.46631 -8.00000
v 0.76085 6.46631 -7.86180
v 0.29062 6.46631 -7.77639
v -0.29062 6.46631 -7.77639
v -0.76085 6.46631 -7.86180
v -0.94046 6.46631 -8.00000
v -0.76085 6.46631 -8.13820
v -0.29062 6.46631 -8.22361
v 0.29062 6.46631 -8.22361
v 0.76085 6.46631 -8.13820
v 0.00000 5.20000 -8.00000
v 0.00000 6.60000 -8.00000
v 1.46569 5.94645 -8.00000
v 1.30000 5.94645 -7.80000
v 0.90000 5.94645 -7.71716
v 0.50000 5.94645 -7.80000
v 0.33431 5.94645 -8.00000
v 0.50000 5.94645 -8.20000
v 0.90000 5.94645 -8.28284
v 1.30000 5.94645 -8.20000
v 1.70000 6.30000 -8.00000
v 1.46569 6.30000 -7.71716
v 0.90000 6.30000 -7.60000
v 0.33431 6.30000 -7.71716
v 0.10000 6.30000 -8.00000
v 0.33431 6.30000 -8.28284
v 0.90000 6.30000 -8.40000
v 1.46569 6.30000 -8.28284
v 1.46569 6.65355 -8.00000
v 1.30000 6.65355 -7.80000
v 0.90000 6.65355 -7.71716
v 0.50000 6.65355 -7.80000
v 0.33431 6.65355 -8.00000
v 0.50000 6.65355 -8.20000
v 0.90000 6.65355 -8.28284
v 1.30000 6.65355 -8.20000
v 0.90000 5.80000 -8.00000
v 0.90000 6.80000 -8.00000
vt 0.05000 0.50000
vt 0.15000 0.50000
vt 0.25000 0.50000
vt 0.35000 0.50000
vt 0.45000 0.50000
vt 0.55000 0.50000
vt 0.65000 0.50000
vt 0.75000 0.50000
vt 0.85000 0.50000
vt 0.95000 0.50000
usemtl wood
f 1/5 4/5 3/5 2/5
f 5/5 6/5 7/5 8/5
f 1/5 5/5 8/5 4/5
f 2/5 3/5 7/5 6/5
f 1/5 2/5 6/5 5/5
f 4/5 8/5 7/5 3/5
f 33/5 36/5 35/5 34/5
f 37/5 38/5 39/5 40/5
f 33/5 37/5 40/5 36/5
f 34/5 35/5 39/5 38/5
f 33/5 34/5 38/5 37/5
f 36/5 40/5 39/5 35/5
f 65/5 68/5 67/5 66/5
f 69/5 70/5 71/5 72/5
f 65/5 69/5 72/5 68/5
f 66/5 67/5 71/5 70/5
f 65/5 66/5 70/5 69/5
f 68/5 72/5 71/5 67/5
f 97/5 100/5 99/5 98/5
f 101/5 102/5 103/5 104/5
f 97/5 101/5 104/5 100/5
f 98/5 99/5 103/5 102/5
f 97/5 98/5 102/5 101/5
f 100/5 104/5 103/5 99/5
f 129/5 132/5 131/5 130/5
f 133/5 134/5 135/5 136/5
f 129/5 133/5 136/5 132/5
f 130/5 131/5 135/5 134/5
f 129/5 130/5 134/5 133/5
f 132/5 136/5 135/5 131/5
f 161/5 164/5 163/5 162/5
f 165/5 166/5 167/5 168/5
f 161/5 165/5 168/5 164/5
f 162/5 163/5 167/5 166/5
f 161/5 162/5 166/5 165/5
f 164/5 168/5 167/5 163/5
f 193/5 196/5 195/5 194/5
f 197/5 198/5 199/5 200/5
f 193/5 197/5 200/5 196/5
f 194/5 195/5 199/5 198/5
f 193/5 194/5 198/5 197/5
f 196/5 200/5 199/5 195/5
f 225/5 228/5 227/5 226/5
f 229/5 230/5 231/5 232/5
f 225/5 229/5 232/5 228/5
f 226/5 227/5 231/5 230/5
f 225/5 226/5 230/5 229/5
f 228/5 232/5 231/5 227/5
f 257/5 260/5 259/5 258/5
f 261/5 262/5 263/5 264/5
f 257/5 261/5 264/5 260/5
f 258/5 259/5 263/5 262/5
f 257/5 258/5 262/5 261/5
f 260/5 264/5 263/5 259/5
f 289/5 292/5 291/5 290/5
f 293/5 294/5 295/5 296/5
f 289/5 293/5 296/5 292/5
f 290/5 291/5 295/5 294/5
f 289/5 290/5 294/5 293/5
f 292/5 296/5 295/5 291/5
f 321/5 324/5 323/5 322/5
f 325/5 326/5 327/5 328/5
f 321/5 325/5 328/5 324/5
f 322/5 323/5 327/5 326/5
f 321/5 322/5 326/5 325/5
f 324/5 328/5 327/5 323/5
f 353/5 356/5 355/5 354/5
f 357/5 358/5 359/5 360/5
f 353/5 357/5 360/5 356/5
f 354/5 355/5 359/5 358/5
f 353/5 354/5 358/5 357/5
f 356/5 360/5 359/5 355/5
f 385/5 388/5 387/5 386/5
f 389/5 390/5 391/5 392/5
f 385/5 389/5 392/5 388/5
f 386/5 387/5 391/5 390/5
f 385/5 386/5 390/5 389/5
f 388/5 392/5 391/5 387/5
f 417/5 420/5 419/5 418/5
f 421/5 422/5 423/5 424/5
f 417/5 421/5 424/5 420/5
f 418/5 419/5 423/5 422/5
f 417/5 418/5 422/5 421/5
f 420/5 424/5 423/5 419/5
f 449/5 452/5 451/5 450/5
f 453/5 454/5 455/5 456/5
f 449/5 453/5 456/5 452/5
f 450/5 451/5 455/5 454/5
f 449/5 450/5 454/5 453/5
f 452/5 456/5 455/5 451/5
f 481/5 484/5 483/5 482/5
f 485/5 486/5 487/5 488/5
f 481/5 485/5 488/5 484/5
f 482/5 483/5 487/5 486/5
f 481/5 482/5 486/5 485/5
f 484/5 488/5 487/5 483/5
f 513/5 516/5 515/5 514/5
f 517/5 518/5 519/5 520/5
f 513/5 517/5 520/5 516/5
f 514/5 515/5 519/5 518/5
f 513/5 514/5 518/5 517/5
f 516/5 520/5 519/5 515/5
f 545/5 548/5 547/5 546/5
f 549/5 550/5 551/5 552/5
f 545/5 549/5 552/5 548/5
f 546/5 547/5 551/5 550/5
f 545/5 546/5 550/5 549/5
f 548/5 552/5 551/5 547/5
f 577/5 580/5 579/5 578/5
f 581/5 582/5 583/5 584/5
f 577/5 581/5 584/5 580/5
f 578/5 579/5 583/5 582/5
f 577/5 578/5 582/5 581/5
f 580/5 584/5 583/5 579/5
f 609/5 612/5 611/5 610/5
f 613/5 614/5 615/5 616/5
f 609/5 613/5 616/5 612/5
f 610/5 611/5 615/5 614/5
f 609/5 610/5 614/5 613/5
f 612/5 616/5 615/5 611/5
f 641/5 644/5 643/5 642/5
f 645/5 646/5 647/5 648/5
f 641/5 645/5 648/5 644/5
f 642/5 643/5 647/5 646/5
f 641/5 642/5 646/5 645/5
f 644/5 648/5 647/5 643/5
f 673/5 676/5 675/5 674/5
f 677/5 678/5 679/5 680/5
f 673/5 677/5 680/5 676/5
f 674/5 675/5 679/5 678/5
f 673/5 674/5 678/5 677/5
f 676/5 680/5 679/5 675/5
f 705/5 708/5 707/5 706/5
f 709/5 710/5 711/5 712/5
f 705/5 709/5 712/5 708/5
f 706/5 707/5 711/5 710/5
f 705/5 706/5 710/5 709/5
f 708/5 712/5 711/5 707/5
f 737/5 740/5 739/5 738/5
f 741/5 742/5 743/5 744/5
f 737/5 741/5 744/5 740/5
f 738/5 739/5 743/5 742/5
f 737/5 738/5 742/5 741/5
f 740/5 744/5 743/5 739/5
f 769/5 772/5 771/5 770/5
f 773/5 774/5 775/5 776/5
f 769/5 773/5 776/5 772/5
f 770/5 771/5 775/5 774/5
f 769/5 770/5 774/5 773/5
f 772/5 776/5 775/5 771/5
f 801/5 804/5 803/5 802/5
f 805/5 806/5 807/5 808/5
f 801/5 805/5 808/5 804/5
f 802/5 803/5 807/5 806/5
f 801/5 802/5 806/5 805/5
f 804/5 808/5 807/5 803/5
f 833/5 836/5 835/5 834/5
f 837/5 838/5 839/5 840/5
f 833/5 837/5 840/5 836/5
f 834/5 835/5 839/5 838/5
f 833/5 834/5 838/5 837/5
f 836/5 840/5 839/5 835/5
f 865/5 868/5 867/5 866/5
f 869/5 870/5 871/5 872/5
f 865/5 869/5 872/5 868/5
f 866/5 867/5 871/5 870/5
f 865/5 866/5 870/5 869/5
f 868/5 872/5 871/5 867/5
f 897/5 900/5 899/5 898/5
f 901/5 902/5 903/5 904/5
f 897/5 901/5 904/5 900/5
f 898/5 899/5 903/5 902/5
f 897/5 898/5 902/5 901/5
f 900/5 904/5 903/5 899/5
f 929/5 932/5 931/5 930/5
f 933/5 934/5 935/5 936/5
f 929/5 933/5 936/5 932/5
f 930/5 931/5 935/5 934/5
f 929/5 930/5 934/5 933/5
f 932/5 936/5 935/5 931/5
f 961/5 964/5 963/5 962/5
f 965/5 966/5 967/5 968/5
f 961/5 965/5 968/5 964/5
f 962/5 963/5 967/5 966/5
f 961/5 962/5 966/5 965/5
f 964/5 968/5 967/5 963/5
f 993/5 996/5 995/5 994/5
f 997/5 998/5 999/5 1000/5
f 993/5 997/5 1000/5 996/5
f 994/5 995/5 999/5 998/5
f 993/5 994/5 998/5 997/5
f 996/5 1000/5 999/5 995/5
f 1025/5 1028/5 1027/5 1026/5
f 1029/5 1030/5 1031/5 1032/5
f 1025/5 1029/5 1032/5 1028/5
f 1026/5 1027/5 1031/5 1030/5
f 1025/5 1026/5 1030/5 1029/5
f 1028/5 1032/5 1031/5 1027/5
f 1057/5 1060/5 1059/5 1058/5
f 1061/5 1062/5 1063/5 1064/5
f 1057/5 1061/5 1064/5 1060/5
f 1058/5 1059/5 1063/5 1062/5
f 1057/5 1058/5 1062/5 1061/5
f 1060/5 1064/5 1063/5 1059/5
f 1089/5 1092/5 1091/5 1090/5
f 1093/5 1094/5 1095/5 1096/5
f 1089/5 1093/5 1096/5 1092/5
f 1090/5 1091/5 1095/5 1094/5
f 1089/5 1090/5 1094/5 1093/5
f 1092/5 1096/5 1095/5 1091/5
f 1121/5 1124/5 1123/5 1122/5
f 1125/5 1126/5 1127/5 1128/5
f 1121/5 1125/5 1128/5 1124/5
f 1122/5 1123/5 1127/5 1126/5
f 1121/5 1122/5 1126/5 1125/5
f 1124/5 1128/5 1127/5 1123/5
f 1153/5 1156/5 1155/5 1154/5
f 1157/5 1158/5 1159/5 1160/5
f 1153/5 1157/5 1160/5 1156/5
f 1154/5 1155/5 1159/5 1158/5
f 1153/5 1154/5 1158/5 1157/5
f 1156/5 1160/5 1159/5 1155/5
f 1223/5 1226/5 1225/5 1224/5
f 1227/5 1228/5 1229/5 1230/5
f 1223/5 1227/5 1230/5 1226/5
f 1224/5 1225/5 1229/5 1228/5
f 1223/5 1224/5 1228/5 1227/5
f 1226/5 1230/5 1229/5 1225/5
f 1255/5 1258/5 1257/5 1256/5
f 1259/5 1260/5 1261/5 1262/5
f 1255/5 1259/5 1262/5 1258/5
f 1256/5 1257/5 1261/5 1260/5
f 1255/5 1256/5 1260/5 1259/5
f 1258/5 1262/5 1261/5 1257/5
f 1287/5 1290/5 1289/5 1288/5
f 1291/5 1292/5 1293/5 1294/5
f 1287/5 1291/5 1294/5 1290/5
f 1288/5 1289/5 1293/5 1292/5
f 1287/5 1288/5 1292/5 1291/5
f 1290/5 1294/5 1293/5 1289/5
f 1335/5 1338/5 1337/5 1336/5
f 1339/5 1340/5 1341/5 1342/5
f 1335/5 1339/5 1342/5 1338/5
f 1336/5 1337/5 1341/5 1340/5
f 1335/5 1336/5 1340/5 1339/5
f 1338/5 1342/5 1341/5 1337/5
f 1367/5 1370/5 1369/5 1368/5
f 1371/5 1372/5 1373/5 1374/5
f 1367/5 1371/5 1374/5 1370/5
f 1368/5 1369/5 1373/5 1372/5
f 1367/5 1368/5 1372/5 1371/5
f 1370/5 1374/5 1373/5 1369/5
f 1399/5 1402/5 1401/5 1400/5
f 1403/5 1404/5 1405/5 1406/5
f 1399/5 1403/5 1406/5 1402/5
f 1400/5 1401/5 1405/5 1404/5
f 1399/5 1400/5 1404/5 1403/5
f 1402/5 1406/5 1405/5 1401/5
f 1469/5 1472/5 1471/5 1470/5
f 1473/5 1474/5 1475/5 1476/5
f 1469/5 1473/5 1476/5 1472/5
f 1470/5 1471/5 1475/5 1474/5
f 1469/5 1470/5 1474/5 1473/5
f 1472/5 1476/5 1475/5 1471/5
f 1501/5 1504/5 1503/5 1502/5
f 1505/5 1506/5 1507/5 1508/5
f 1501/5 1505/5 1508/5 1504/5
f 1502/5 1503/5 1507/5 1506/5
f 1501/5 1502/5 1506/5 1505/5
f 1504/5 1508/5 1507/5 1503/5
f 1533/5 1536/5 1535/5 1534/5
f 1537/5 1538/5 1539/5 1540/5
f 1533/5 1537/5 1540/5 1536/5
f 1534/5 1535/5 1539/5 1538/5
f 1533/5 1534/5 1538/5 1537/5
f 1536/5 1540/5 1539/5 1535/5
f 1581/5 1584/5 1583/5 1582/5
f 1585/5 1586/5 1587/5 1588/5
f 1581/5 1585/5 1588/5 1584/5
f 1582/5 1583/5 1587/5 1586/5
f 1581/5 1582/5 1586/5 1585/5
f 1584/5 1588/5 1587/5 1583/5
f 1613/5 1616/5 1615/5 1614/5
f 1617/5 1618/5 1619/5 1620/5
f 1613/5 1617/5 1620/5 1616/5
f 1614/5 1615/5 1619/5 1618/5
f 1613/5 1614/5 1618/5 1617/5
f 1616/5 1620/5 1619/5 1615/5
f 1645/5 1648/5 1647/5 1646/5
f 1649/5 1650/5 1651/5 1652/5
f 1645/5 1649/5 1652/5 1648/5
f 1646/5 1647/5 1651/5 1650/5
f 1645/5 1646/5 1650/5 1649/5
f 1648/5 1652/5 1651/5 1647/5
f 1715/5 1718/5 1717/5 1716/5
f 1719/5 1720/5 1721/5 1722/5
f 1715/5 1719/5 1722/5 1718/5
f 1716/5 1717/5 1721/5 1720/5
f 1715/5 1716/5 1720/5 1719/5
f 1718/5 1722/5 1721/5 1717/5
f 1747/5 1750/5 1749/5 1748/5
f 1751/5 1752/5 1753/5 1754/5
f 1747/5 1751/5 1754/5 1750/5
f 1748/5 1749/5 1753/5 1752/5
f 1747/5 1748/5 1752/5 1751/5
f 1750/5 1754/5 1753/5 1749/5
f 1779/5 1782/5 1781/5 1780/5
f 1783/5 1784/5 1785/5 1786/5
f 1779/5 1783/5 1786/5 1782/5
f 1780/5 1781/5 1785/5 1784/5
f 1779/5 1780/5 1784/5 1783/5
f 1782/5 1786/5 1785/5 1781/5
f 1827/5 1830/5 1829/5 1828/5
f 1831/5 1832/5 1833/5 1834/5
f 1827/5 1831/5 1834/5 1830/5
f 1828/5 1829/5 1833/5 1832/5
f 1827/5 1828/5 1832/5 1831/5
f 1830/5 1834/5 1833/5 1829/5
f 1859/5 1862/5 1861/5 1860/5
f 1863/5 1864/5 1865/5 1866/5
f 1859/5 1863/5 1866/5 1862/5
f 1860/5 1861/5 1865/5 1864/5
f 1859/5 1860/5 1864/5 1863/5
f 1862/5 1866/5 1865/5 1861/5
f 1891/5 1894/5 1893/5 1892/5
f 1895/5 1896/5 1897/5 1898/5
f 1891/5 1895/5 1898/5 1894/5
f 1892/5 1893/5 1897/5 1896/5
f 1891/5 1892/5 1896/5 1895/5
f 1894/5 1898/5 1897/5 1893/5
f 1961/5 1964/5 1963/5 1962/5
f 1965/5 1966/5 1967/5 1968/5
f 1961/5 1965/5 1968/5 1964/5
f 1962/5 1963/5 1967/5 1966/5
f 1961/5 1962/5 1966/5 1965/5
f 1964/5 1968/5 1967/5 1963/5
f 1993/5 1996/5 1995/5 1994/5
f 1997/5 1998/5 1999/5 2000/5
f 1993/5 1997/5 2000/5 1996/5
f 1994/5 1995/5 1999/5 1998/5
f 1993/5 1994/5 1998/5 1997/5
f 1996/5 2000/5 1999/5 1995/5
f 2025/5 2028/5 2027/5 2026/5
f 2029/5 2030/5 2031/5 2032/5
f 2025/5 2029/5 2032/5 2028/5
f 2026/5 2027/5 2031/5 2030/5
f 2025/5 2026/5 2030/5 2029/5
f 2028/5 2032/5 2031/5 2027/5
f 2073/5 2076/5 2075/5 2074/5
f 2077/5 2078/5 2079/5 2080/5
f 2073/5 2077/5 2080/5 2076/5
f 2074/5 2075/5 2079/5 2078/5
f 2073/5 2074/5 2078/5 2077/5
f 2076/5 2080/5 2079/5 2075/5
f 2105/5 2108/5 2107/5 2106/5
f 2109/5 2110/5 2111/5 2112/5
f 2105/5 2109/5 2112/5 2108/5
f 2106/5 2107/5 2111/5 2110/5
f 2105/5 2106/5 2110/5 2109/5
f 2108/5 2112/5 2111/5 2107/5
f 2137/5 2140/5 2139/5 2138/5
f 2141/5 2142/5 2143/5 2144/5
f 2137/5 2141/5 2144/5 2140/5
f 2138/5 2139/5 2143/5 2142/5
f 2137/5 2138/5 2142/5 2141/5
f 2140/5 2144/5 2143/5 2139/5
f 2191/5 2194/5 2193/5 2192/5
f 2195/5 2196/5 2197/5 2198/5
f 2191/5 2195/5 2198/5 2194/5
f 2192/5 2193/5 2197/5 2196/5
f 2191/5 2192/5 2196/5 2195/5
f 2194/5 2198/5 2197/5 2193/5
f 2223/5 2226/5 2225/5 2224/5
f 2227/5 2228/5 2229/5 2230/5
f 2223/5 2227/5 2230/5 2226/5
f 2224/5 2225/5 2229/5 2228/5
f 2223/5 2224/5 2228/5 2227/5
f 2226/5 2230/5 2229/5 2225/5
f 2255/5 2258/5 2257/5 2256/5
f 2259/5 2260/5 2261/5 2262/5
f 2255/5 2259/5 2262/5 2258/5
f 2256/5 2257/5 2261/5 2260/5
f 2255/5 2256/5 2260/5 2259/5
f 2258/5 2262/5 2261/5 2257/5
f 2287/5 2290/5 2289/5 2288/5
f 2291/5 2292/5 2293/5 2294/5
f 2287/5 2291/5 2294/5 2290/5
f 2288/5 2289/5 2293/5 2292/5
f 2287/5 2288/5 2292/5 2291/5
f 2290/5 2294/5 2293/5 2289/5
f 2319/5 2322/5 2321/5 2320/5
f 2323/5 2324/5 2325/5 2326/5
f 2319/5 2323/5 2326/5 2322/5
f 2320/5 2321/5 2325/5 2324/5
f 2319/5 2320/5 2324/5 2323/5
f 2322/5 2326/5 2325/5 2321/5
f 2351/5 2354/5 2353/5 2352/5
f 2355/5 2356/5 2357/5 2358/5
f 2351/5 2355/5 2358/5 2354/5
f 2352/5 2353/5 2357/5 2356/5
f 2351/5 2352/5 2356/5 2355/5
f 2354/5 2358/5 2357/5 2353/5
f 2405/5 2408/5 2407/5 2406/5
f 2409/5 2410/5 2411/5 2412/5
f 2405/5 2409/5 2412/5 2408/5
f 2406/5 2407/5 2411/5 2410/5
f 2405/5 2406/5 2410/5 2409/5
f 2408/5 2412/5 2411/5 2407/5
f 2437/5 2440/5 2439/5 2438/5
f 2441/5 2442/5 2443/5 2444/5
f 2437/5 2441/5 2444/5 2440/5
f 2438/5 2439/5 2443/5 2442/5
f 2437/5 2438/5 2442/5 2441/5
f 2440/5 2444/5 2443/5 2439/5
f 2469/5 2472/5 2471/5 2470/5
f 2473/5 2474/5 2475/5 2476/5
f 2469/5 2473/5 2476/5 2472/5
f 2470/5 2471/5 2475/5 2474/5
f 2469/5 2470/5 2474/5 2473/5
f 2472/5 2476/5 2475/5 2471/5
f 2501/5 2504/5 2503/5 2502/5
f 2505/5 2506/5 2507/5 2508/5
f 2501/5 2505/5 2508/5 2504/5
f 2502/5 2503/5 2507/5 2506/5
f 2501/5 2502/5 2506/5 2505/5
f 2504/5 2508/5 2507/5 2503/5
f 2533/5 2536/5 2535/5 2534/5
f 2537/5 2538/5 2539/5 2540/5
f 2533/5 2537/5 2540/5 2536/5
f 2534/5 2535/5 2539/5 2538/5
f 2533/5 2534/5 2538/5 2537/5
f 2536/5 2540/5 2539/5 2535/5
f 2565/5 2568/5 2567/5 2566/5
f 2569/5 2570/5 2571/5 2572/5
f 2565/5 2569/5 2572/5 2568/5
f 2566/5 2567/5 2571/5 2570/5
f 2565/5 2566/5 2570/5 2569/5
f 2568/5 2572/5 2571/5 2567/5
f 2619/5 2622/5 2621/5 2620/5
f 2623/5 2624/5 2625/5 2626/5
f 2619/5 2623/5 2626/5 2622/5
f 2620/5 2621/5 2625/5 2624/5
f 2619/5 2620/5 2624/5 2623/5
f 2622/5 2626/5 2625/5 2621/5
f 2651/5 2654/5 2653/5 2652/5
f 2655/5 2656/5 2657/5 2658/5
f 2651/5 2655/5 2658/5 2654/5
f 2652/5 2653/5 2657/5 2656/5
f 2651/5 2652/5 2656/5 2655/5
f 2654/5 2658/5 2657/5 2653/5
f 2683/5 2686/5 2685/5 2684/5
f 2687/5 2688/5 2689/5 2690/5
f 2683/5 2687/5 2690/5 2686/5
f 2684/5 2685/5 2689/5 2688/5
f 2683/5 2684/5 2688/5 2687/5
f 2686/5 2690/5 2689/5 2685/5
f 2715/5 2718/5 2717/5 2716/5
f 2719/5 2720/5 2721/5 2722/5
f 2715/5 2719/5 2722/5 2718/5
f 2716/5 2717/5 2721/5 2720/5
f 2715/5 2716/5 2720/5 2719/5
f 2718/5 2722/5 2721/5 2717/5
f 2747/5 2750/5 2749/5 2748/5
f 2751/5 2752/5 2753/5 2754/5
f 2747/5 2751/5 2754/5 2750/5
f 2748/5 2749/5 2753/5 2752/5
f 2747/5 2748/5 2752/5 2751/5
f 2750/5 2754/5 2753/5 2749/5
f 2779/5 2782/5 2781/5 2780/5
f 2783/5 2784/5 2785/5 2786/5
f 2779/5 2783/5 2786/5 2782/5
f 2780/5 2781/5 2785/5 2784/5
f 2779/5 2780/5 2784/5 2783/5
f 2782/5 2786/5 2785/5 2781/5
f 2833/5 2836/5 2835/5 2834/5
f 2837/5 2838/5 2839/5 2840/5
f 2833/5 2837/5 2840/5 2836/5
f 2834/5 2835/5 2839/5 2838/5
f 2833/5 2834/5 2838/5 2837/5
f 2836/5 2840/5 2839/5 2835/5
f 2865/5 2868/5 2867/5 2866/5
f 2869/5 2870/5 2871/5 2872/5
f 2865/5 2869/5 2872/5 2868/5
f 2866/5 2867/5 2871/5 2870/5
f 2865/5 2866/5 2870/5 2869/5
f 2868/5 2872/5 2871/5 2867/5
f 2897/5 2900/5 2899/5 2898/5
f 2901/5 2902/5 2903/5 2904/5
f 2897/5 2901/5 2904/5 2900/5
f 2898/5 2899/5 2903/5 2902/5
f 2897/5 2898/5 2902/5 2901/5
f 2900/5 2904/5 2903/5 2899/5
f 2929/5 2932/5 2931/5 2930/5
f 2933/5 2934/5 2935/5 2936/5
f 2929/5 2933/5 2936/5 2932/5
f 2930/5 2931/5 2935/5 2934/5
f 2929/5 2930/5 2934/5 2933/5
f 2932/5 2936/5 2935/5 2931/5
f 2961/5 2964/5 2963/5 2962/5
f 2965/5 2966/5 2967/5 2968/5
f 2961/5 2965/5 2968/5 2964/5
f 2962/5 2963/5 2967/5 2966/5
f 2961/5 2962/5 2966/5 2965/5
f 2964/5 2968/5 2967/5 2963/5
f 2993/5 2996/5 2995/5 2994/5
f 2997/5 2998/5 2999/5 3000/5
f 2993/5 2997/5 3000/5 2996/5
f 2994/5 2995/5 2999/5 2998/5
f 2993/5 2994/5 2998/5 2997/5
f 2996/5 3000/5 2999/5 2995/5
f 3047/5 3050/5 3049/5 3048/5
f 3051/5 3052/5 3053/5 3054/5
f 3047/5 3051/5 3054/5 3050/5
f 3048/5 3049/5 3053/5 3052/5
f 3047/5 3048/5 3052/5 3051/5
f 3050/5 3054/5 3053/5 3049/5
f 3079/5 3082/5 3081/5 3080/5
f 3083/5 3084/5 3085/5 3086/5
f 3079/5 3083/5 3086/5 3082/5
f 3080/5 3081/5 3085/5 3084/5
f 3079/5 3080/5 3084/5 3083/5
f 3082/5 3086/5 3085/5 3081/5
f 3111/5 3114/5 3113/5 3112/5
f 3115/5 3116/5 3117/5 3118/5
f 3111/5 3115/5 3118/5 3114/5
f 3112/5 3113/5 3117/5 3116/5
f 3111/5 3112/5 3116/5 3115/5
f 3114/5 3118/5 3117/5 3113/5
f 3143/5 3146/5 3145/5 3144/5
f 3147/5 3148/5 3149/5 3150/5
f 3143/5 3147/5 3150/5 3146/5
f 3144/5 3145/5 3149/5 3148/5
f 3143/5 3144/5 3148/5 3147/5
f 3146/5 3150/5 3149/5 3145/5
f 3175/5 3178/5 3177/5 3176/5
f 3179/5 3180/5 3181/5 3182/5
f 3175/5 3179/5 3182/5 3178/5
f 3176/5 3177/5 3181/5 3180/5
f 3175/5 3176/5 3180/5 3179/5
f 3178/5 3182/5 3181/5 3177/5
f 3207/5 3210/5 3209/5 3208/5
f 3211/5 3212/5 3213/5 3214/5
f 3207/5 3211/5 3214/5 3210/5
f 3208/5 3209/5 3213/5 3212/5
f 3207/5 3208/5 3212/5 3211/5
f 3210/5 3214/5 3213/5 3209/5
f 3261/5 3264/5 3263/5 3262/5
f 3265/5 3266/5 3267/5 3268/5
f 3261/5 3265/5 3268/5 3264/5
f 3262/5 3263/5 3267/5 3266/5
f 3261/5 3262/5 3266/5 3265/5
f 3264/5 3268/5 3267/5 3263/5
f 3293/5 3296/5 3295/5 3294/5
f 3297/5 3298/5 3299/5 3300/5
f 3293/5 3297/5 3300/5 3296/5
f 3294/5 3295/5 3299/5 3298/5
f 3293/5 3294/5 3298/5 3297/5
f 3296/5 3300/5 3299/5 3295/5
f 3325/5 3328/5 3327/5 3326/5
f 3329/5 3330/5 3331/5 3332/5
f 3325/5 3329/5 3332/5 3328/5
f 3326/5 3327/5 3331/5 3330/5
f 3325/5 3326/5 3330/5 3329/5
f 3328/5 3332/5 3331/5 3327/5
f 3357/5 3360/5 3359/5 3358/5
f 3361/5 3362/5 3363/5 3364/5
f 3357/5 3361/5 3364/5 3360/5
f 3358/5 3359/5 3363/5 3362/5
f 3357/5 3358/5 3362/5 3361/5
f 3360/5 3364/5 3363/5 3359/5
f 3389/5 3392/5 3391/5 3390/5
f 3393/5 3394/5 3395/5 3396/5
f 3389/5 3393/5 3396/5 3392/5
f 3390/5 3391/5 3395/5 3394/5
f 3389/5 3390/5 3394/5 3393/5
f 3392/5 3396/5 3395/5 3391/5
f 3421/5 3424/5 3423/5 3422/5
f 3425/5 3426/5 3427/5 3428/5
f 3421/5 3425/5 3428/5 3424/5
f 3422/5 3423/5 3427/5 3426/5
f 3421/5 3422/5 3426/5 3425/5
f 3424/5 3428/5 3427/5 3423/5
f 3475/5 3478/5 3477/5 3476/5
f 3479/5 3480/5 3481/5 3482/5
f 3475/5 3479/5 3482/5 3478/5
f 3476/5 3477/5 3481/5 3480/5
f 3475/5 3476/5 3480/5 3479/5
f 3478/5 3482/5 3481/5 3477/5
f 3507/5 3510/5 3509/5 3508/5
f 3511/5 3512/5 3513/5 3514/5
f 3507/5 3511/5 3514/5 3510/5
f 3508/5 3509/5 3513/5 3512/5
f 3507/5 3508/5 3512/5 3511/5
f 3510/5 3514/5 3513/5 3509/5
f 3539/5 3542/5 3541/5 3540/5
f 3543/5 3544/5 3545/5 3546/5
f 3539/5 3543/5 3546/5 3542/5
f 3540/5 3541/5 3545/5 3544/5
f 3539/5 3540/5 3544/5 3543/5
f 3542/5 3546/5 3545/5 3541/5
f 3571/5 3574/5 3573/5 3572/5
f 3575/5 3576/5 3577/5 3578/5
f 3571/5 3575/5 3578/5 3574/5
f 3572/5 3573/5 3577/5 3576/5
f 3571/5 3572/5 3576/5 3575/5
f 3574/5 3578/5 3577/5 3573/5
f 3603/5 3606/5 3605/5 3604/5
f 3607/5 3608/5 3609/5 3610/5
f 3603/5 3607/5 3610/5 3606/5
f 3604/5 3605/5 3609/5 3608/5
f 3603/5 3604/5 3608/5 3607/5
f 3606/5 3610/5 3609/5 3605/5
f 3635/5 3638/5 3637/5 3636/5
f 3639/5 3640/5 3641/5 3642/5
f 3635/5 3639/5 3642/5 3638/5
f 3636/5 3637/5 3641/5 3640/5
f 3635/5 3636/5 3640/5 3639/5
f 3638/5 3642/5 3641/5 3637/5
f 3667/5 3670/5 3669/5 3668/5
f 3671/5 3672/5 3673/5 3674/5
f 3667/5 3671/5 3674/5 3670/5
f 3668/5 3669/5 3673/5 3672/5
f 3667/5 3668/5 3672/5 3671/5
f 3670/5 3674/5 3673/5 3669/5
f 3699/5 3702/5 3701/5 3700/5
f 3703/5 3704/5 3705/5 3706/5
f 3699/5 3703/5 3706/5 3702/5
f 3700/5 3701/5 3705/5 3704/5
f 3699/5 3700/5 3704/5 3703/5
f 3702/5 3706/5 3705/5 3701/5
f 3731/5 3734/5 3733/5 3732/5
f 3735/5 3736/5 3737/5 3738/5
f 3731/5 3735/5 3738/5 3734/5
f 3732/5 3733/5 3737/5 3736/5
f 3731/5 3732/5 3736/5 3735/5
f 3734/5 3738/5 3737/5 3733/5
f 3763/5 3766/5 3765/5 3764/5
f 3767/5 3768/5 3769/5 3770/5
f 3763/5 3767/5 3770/5 3766/5
f 3764/5 3765/5 3769/5 3768/5
f 3763/5 3764/5 3768/5 3767/5
f 3766/5 3770/5 3769/5 3765/5
f 3795/5 3798/5 3797/5 3796/5
f 3799/5 3800/5 3801/5 3802/5
f 3795/5 3799/5 3802/5 3798/5
f 3796/5 3797/5 3801/5 3800/5
f 3795/5 3796/5 3800/5 3799/5
f 3798/5 3802/5 3801/5 3797/5
f 3827/5 3830/5 3829/5 3828/5
f 3831/5 3832/5 3833/5 3834/5
f 3827/5 3831/5 3834/5 3830/5
f 3828/5 3829/5 3833/5 3832/5
f 3827/5 3828/5 3832/5 3831/5
f 3830/5 3834/5 3833/5 3829/5
f 3859/5 3862/5 3861/5 3860/5
f 3863/5 3864/5 3865/5 3866/5
f 3859/5 3863/5 3866/5 3862/5
f 3860/5 3861/5 3865/5 3864/5
f 3859/5 3860/5 3864/5 3863/5
f 3862/5 3866/5 3865/5 3861/5
f 3891/5 3894/5 3893/5 3892/5
f 3895/5 3896/5 3897/5 3898/5
f 3891/5 3895/5 3898/5 3894/5
f 3892/5 3893/5 3897/5 3896/5
f 3891/5 3892/5 3896/5 3895/5
f 3894/5 3898/5 3897/5 3893/5
f 3923/5 3926/5 3925/5 3924/5
f 3927/5 3928/5 3929/5 3930/5
f 3923/5 3927/5 3930/5 3926/5
f 3924/5 3925/5 3929/5 3928/5
f 3923/5 3924/5 3928/5 3927/5
f 3926/5 3930/5 3929/5 3925/5
f 3955/5 3958/5 3957/5 3956/5
f 3959/5 3960/5 3961/5 3962/5
f 3955/5 3959/5 3962/5 3958/5
f 3956/5 3957/5 3961/5 3960/5
f 3955/5 3956/5 3960/5 3959/5
f 3958/5 3962/5 3961/5 3957/5
f 3987/5 3990/5 3989/5 3988/5
f 3991/5 3992/5 3993/5 3994/5
f 3987/5 3991/5 3994/5 3990/5
f 3988/5 3989/5 3993/5 3992/5
f 3987/5 3988/5 3992/5 3991/5
f 3990/5 3994/5 3993/5 3989/5
f 4019/5 4022/5 4021/5 4020/5
f 4023/5 4024/5 4025/5 4026/5
f 4019/5 4023/5 4026/5 4022/5
f 4020/5 4021/5 4025/5 4024/5
f 4019/5 4020/5 4024/5 4023/5
f 4022/5 4026/5 4025/5 4021/5
f 4051/5 4054/5 4053/5 4052/5
f 4055/5 4056/5 4057/5 4058/5
f 4051/5 4055/5 4058/5 4054/5
f 4052/5 4053/5 4057/5 4056/5
f 4051/5 4052/5 4056/5 4055/5
f 4054/5 4058/5 4057/5 4053/5
f 4083/5 4086/5 4085/5 4084/5
f 4087/5 4088/5 4089/5 4090/5
f 4083/5 4087/5 4090/5 4086/5
f 4084/5 4085/5 4089/5 4088/5
f 4083/5 4084/5 4088/5 4087/5
f 4086/5 4090/5 4089/5 4085/5
f 4115/5 4118/5 4117/5 4116/5
f 4119/5 4120/5 4121/5 4122/5
f 4115/5 4119/5 4122/5 4118/5
f 4116/5 4117/5 4121/5 4120/5
f 4115/5 4116/5 4120/5 4119/5
f 4118/5 4122/5 4121/5 4117/5
f 4147/5 4150/5 4149/5 4148/5
f 4151/5 4152/5 4153/5 4154/5
f 4147/5 4151/5 4154/5 4150/5
f 4148/5 4149/5 4153/5 4152/5
f 4147/5 4148/5 4152/5 4151/5
f 4150/5 4154/5 4153/5 4149/5
f 4179/5 4182/5 4181/5 4180/5
f 4183/5 4184/5 4185/5 4186/5
f 4179/5 4183/5 4186/5 4182/5
f 4180/5 4181/5 4185/5 4184/5
f 4179/5 4180/5 4184/5 4183/5
f 4182/5 4186/5 4185/5 4181/5
f 4211/5 4214/5 4213/5 4212/5
f 4215/5 4216/5 4217/5 4218/5
f 4211/5 4215/5 4218/5 4214/5
f 4212/5 4213/5 4217/5 4216/5
f 4211/5 4212/5 4216/5 4215/5
f 4214/5 4218/5 4217/5 4213/5
f 4243/5 4246/5 4245/5 4244/5
f 4247/5 4248/5 4249/5 4250/5
f 4243/5 4247/5 4250/5 4246/5
f 4244/5 4245/5 4249/5 4248/5
f 4243/5 4244/5 4248/5 4247/5
f 4246/5 4250/5 4249/5 4245/5
f 4275/5 4278/5 4277/5 4276/5
f 4279/5 4280/5 4281/5 4282/5
f 4275/5 4279/5 4282/5 4278/5
f 4276/5 4277/5 4281/5 4280/5
f 4275/5 4276/5 4280/5 4279/5
f 4278/5 4282/5 4281/5 4277/5
f 4307/5 4310/5 4309/5 4308/5
f 4311/5 4312/5 4313/5 4314/5
f 4307/5 4311/5 4314/5 4310/5
f 4308/5 4309/5 4313/5 4312/5
f 4307/5 4308/5 4312/5 4311/5
f 4310/5 4314/5 4313/5 4309/5
f 4339/5 4342/5 4341/5 4340/5
f 4343/5 4344/5 4345/5 4346/5
f 4339/5 4343/5 4346/5 4342/5
f 4340/5 4341/5 4345/5 4344/5
f 4339/5 4340/5 4344/5 4343/5
f 4342/5 4346/5 4345/5 4341/5
f 4371/5 4374/5 4373/5 4372/5
f 4375/5 4376/5 4377/5 4378/5
f 4371/5 4375/5 4378/5 4374/5
f 4372/5 4373/5 4377/5 4376/5
f 4371/5 4372/5 4376/5 4375/5
f 4374/5 4378/5 4377/5 4373/5
f 4403/5 4406/5 4405/5 4404/5
f 4407/5 4408/5 4409/5 4410/5
f 4403/5 4407/5 4410/5 4406/5
f 4404/5 4405/5 4409/5 4408/5
f 4403/5 4404/5 4408/5 4407/5
f 4406/5 4410/5 4409/5 4405/5
f 4435/5 4438/5 4437/5 4436/5
f 4439/5 4440/5 4441/5 4442/5
f 4435/5 4439/5 4442/5 4438/5
f 4436/5 4437/5 4441/5 4440/5
f 4435/5 4436/5 4440/5 4439/5
f 4438/5 4442/5 4441/5 4437/5
f 4467/5 4470/5 4469/5 4468/5
f 4471/5 4472/5 4473/5 4474/5
f 4467/5 4471/5 4474/5 4470/5
f 4468/5 4469/5 4473/5 4472/5
f 4467/5 4468/5 4472/5 4471/5
f 4470/5 4474/5 4473/5 4469/5
f 4499/5 4502/5 4501/5 4500/5
f 4503/5 4504/5 4505/5 4506/5
f 4499/5 4503/5 4506/5 4502/5
f 4500/5 4501/5 4505/5 4504/5
f 4499/5 4500/5 4504/5 4503/5
f 4502/5 4506/5 4505/5 4501/5
usemtl mint
f 9/3 12/3 11/3 10/3
f 13/3 14/3 15/3 16/3
f 9/3 13/3 16/3 12/3
f 10/3 11/3 15/3 14/3
f 9/3 10/3 14/3 13/3
f 12/3 16/3 15/3 11/3
f 41/3 44/3 43/3 42/3
f 45/3 46/3 47/3 48/3
f 41/3 45/3 48/3 44/3
f 42/3 43/3 47/3 46/3
f 41/3 42/3 46/3 45/3
f 44/3 48/3 47/3 43/3
f 73/3 76/3 75/3 74/3
f 77/3 78/3 79/3 80/3
f 73/3 77/3 80/3 76/3
f 74/3 75/3 79/3 78/3
f 73/3 74/3 78/3 77/3
f 76/3 80/3 79/3 75/3
f 105/3 108/3 107/3 106/3
f 109/3 110/3 111/3 112/3
f 105/3 109/3 112/3 108/3
f 106/3 107/3 111/3 110/3
f 105/3 106/3 110/3 109/3
f 108/3 112/3 111/3 107/3
f 137/3 140/3 139/3 138/3
f 141/3 142/3 143/3 144/3
f 137/3 141/3 144/3 140/3
f 138/3 139/3 143/3 142/3
f 137/3 138/3 142/3 141/3
f 140/3 144/3 143/3 139/3
f 169/3 172/3 171/3 170/3
f 173/3 174/3 175/3 176/3
f 169/3 173/3 176/3 172/3
f 170/3 171/3 175/3 174/3
f 169/3 170/3 174/3 173/3
f 172/3 176/3 175/3 171/3
f 201/3 204/3 203/3 202/3
f 205/3 206/3 207/3 208/3
f 201/3 205/3 208/3 204/3
f 202/3 203/3 207/3 206/3
f 201/3 202/3 206/3 205/3
f 204/3 208/3 207/3 203/3
f 233/3 236/3 235/3 234/3
f 237/3 238/3 239/3 240/3
f 233/3 237/3 240/3 236/3
f 234/3 235/3 239/3 238/3
f 233/3 234/3 238/3 237/3
f 236/3 240/3 239/3 235/3
f 265/3 268/3 267/3 266/3
f 269/3 270/3 271/3 272/3
f 265/3 269/3 272/3 268/3
f 266/3 267/3 271/3 270/3
f 265/3 266/3 270/3 269/3
f 268/3 272/3 271/3 267/3
f 297/3 300/3 299/3 298/3
f 301/3 302/3 303/3 304/3
f 297/3 301/3 304/3 300/3
f 298/3 299/3 303/3 302/3
f 297/3 298/3 302/3 301/3
f 300/3 304/3 303/3 299/3
f 329/3 332/3 331/3 330/3
f 333/3 334/3 335/3 336/3
f 329/3 333/3 336/3 332/3
f 330/3 331/3 335/3 334/3
f 329/3 330/3 334/3 333/3
f 332/3 336/3 335/3 331/3
f 361/3 364/3 363/3 362/3
f 365/3 366/3 367/3 368/3
f 361/3 365/3 368/3 364/3
f 362/3 363/3 367/3 366/3
f 361/3 362/3 366/3 365/3
f 364/3 368/3 367/3 363/3
f 393/3 396/3 395/3 394/3
f 397/3 398/3 399/3 400/3
f 393/3 397/3 400/3 396/3
f 394/3 395/3 399/3 398/3
f 393/3 394/3 398/3 397/3
f 396/3 400/3 399/3 395/3
f 425/3 428/3 427/3 426/3
f 429/3 430/3 431/3 432/3
f 425/3 429/3 432/3 428/3
f 426/3 427/3 431/3 430/3
f 425/3 426/3 430/3 429/3
f 428/3 432/3 431/3 427/3
f 457/3 460/3 459/3 458/3
f 461/3 462/3 463/3 464/3
f 457/3 461/3 464/3 460/3
f 458/3 459/3 463/3 462/3
f 457/3 458/3 462/3 461/3
f 460/3 464/3 463/3 459/3
f 489/3 492/3 491/3 490/3
f 493/3 494/3 495/3 496/3
f 489/3 493/3 496/3 492/3
f 490/3 491/3 495/3 494/3
f 489/3 490/3 494/3 493/3
f 492/3 496/3 495/3 491/3
f 521/3 524/3 523/3 522/3
f 525/3 526/3 527/3 528/3
f 521/3 525/3 528/3 524/3
f 522/3 523/3 527/3 526/3
f 521/3 522/3 526/3 525/3
f 524/3 528/3 527/3 523/3
f 553/3 556/3 555/3 554/3
f 557/3 558/3 559/3 560/3
f 553/3 557/3 560/3 556/3
f 554/3 555/3 559/3 558/3
f 553/3 554/3 558/3 557/3
f 556/3 560/3 559/3 555/3
f 585/3 588/3 587/3 586/3
f 589/3 590/3 591/3 592/3
f 585/3 589/3 592/3 588/3
f 586/3 587/3 591/3 590/3
f 585/3 586/3 590/3 589/3
f 588/3 592/3 591/3 587/3
f 617/3 620/3 619/3 618/3
f 621/3 622/3 623/3 624/3
f 617/3 621/3 624/3 620/3
f 618/3 619/3 623/3 622/3
f 617/3 618/3 622/3 621/3
f 620/3 624/3 623/3 619/3
f 649/3 652/3 651/3 650/3
f 653/3 654/3 655/3 656/3
f 649/3 653/3 656/3 652/3
f 650/3 651/3 655/3 654/3
f 649/3 650/3 654/3 653/3
f 652/3 656/3 655/3 651/3
f 681/3 684/3 683/3 682/3
f 685/3 686/3 687/3 688/3
f 681/3 685/3 688/3 684/3
f 682/3 683/3 687/3 686/3
f 681/3 682/3 686/3 685/3
f 684/3 688/3 687/3 683/3
f 713/3 716/3 715/3 714/3
f 717/3 718/3 719/3 720/3
f 713/3 717/3 720/3 716/3
f 714/3 715/3 719/3 718/3
f 713/3 714/3 718/3 717/3
f 716/3 720/3 719/3 715/3
f 745/3 748/3 747/3 746/3
f 749/3 750/3 751/3 752/3
f 745/3 749/3 752/3 748/3
f 746/3 747/3 751/3 750/3
f 745/3 746/3 750/3 749/3
f 748/3 752/3 751/3 747/3
f 777/3 780/3 779/3 778/3
f 781/3 782/3 783/3 784/3
f 777/3 781/3 784/3 780/3
f 778/3 779/3 783/3 782/3
f 777/3 778/3 782/3 781/3
f 780/3 784/3 783/3 779/3
f 809/3 812/3 811/3 810/3
f 813/3 814/3 815/3 816/3
f 809/3 813/3 816/3 812/3
f 810/3 811/3 815/3 814/3
f 809/3 810/3 814/3 813/3
f 812/3 816/3 815/3 811/3
f 841/3 844/3 843/3 842/3
f 845/3 846/3 847/3 848/3
f 841/3 845/3 848/3 844/3
f 842/3 843/3 847/3 846/3
f 841/3 842/3 846/3 845/3
f 844/3 848/3 847/3 843/3
f 873/3 876/3 875/3 874/3
f 877/3 878/3 879/3 880/3
f 873/3 877/3 880/3 876/3
f 874/3 875/3 879/3 878/3
f 873/3 874/3 878/3 877/3
f 876/3 880/3 879/3 875/3
f 905/3 908/3 907/3 906/3
f 909/3 910/3 911/3 912/3
f 905/3 909/3 912/3 908/3
f 906/3 907/3 911/3 910/3
f 905/3 906/3 910/3 909/3
f 908/3 912/3 911/3 907/3
f 937/3 940/3 939/3 938/3
f 941/3 942/3 943/3 944/3
f 937/3 941/3 944/3 940/3
f 938/3 939/3 943/3 942/3
f 937/3 938/3 942/3 941/3
f 940/3 944/3 943/3 939/3
f 969/3 972/3 971/3 970/3
f 973/3 974/3 975/3 976/3
f 969/3 973/3 976/3 972/3
f 970/3 971/3 975/3 974/3
f 969/3 970/3 974/3 973/3
f 972/3 976/3 975/3 971/3
f 1001/3 1004/3 1003/3 1002/3
f 1005/3 1006/3 1007/3 1008/3
f 1001/3 1005/3 1008/3 1004/3
f 1002/3 1003/3 1007/3 1006/3
f 1001/3 1002/3 1006/3 1005/3
f 1004/3 1008/3 1007/3 1003/3
f 1033/3 1036/3 1035/3 1034/3
f 1037/3 1038/3 1039/3 1040/3
f 1033/3 1037/3 1040/3 1036/3
f 1034/3 1035/3 1039/3 1038/3
f 1033/3 1034/3 1038/3 1037/3
f 1036/3 1040/3 1039/3 1035/3
f 1065/3 1068/3 1067/3 1066/3
f 1069/3 1070/3 1071/3 1072/3
f 1065/3 1069/3 1072/3 1068/3
f 1066/3 1067/3 1071/3 1070/3
f 1065/3 1066/3 1070/3 1069/3
f 1068/3 1072/3 1071/3 1067/3
f 1097/3 1100/3 1099/3 1098/3
f 1101/3 1102/3 1103/3 1104/3
f 1097/3 1101/3 1104/3 1100/3
f 1098/3 1099/3 1103/3 1102/3
f 1097/3 1098/3 1102/3 1101/3
f 1100/3 1104/3 1103/3 1099/3
f 1129/3 1132/3 1131/3 1130/3
f 1133/3 1134/3 1135/3 1136/3
f 1129/3 1133/3 1136/3 1132/3
f 1130/3 1131/3 1135/3 1134/3
f 1129/3 1130/3 1134/3 1133/3
f 1132/3 1136/3 1135/3 1131/3
f 1161/3 1164/3 1163/3 1162/3
f 1165/3 1166/3 1167/3 1168/3
f 1161/3 1165/3 1168/3 1164/3
f 1162/3 1163/3 1167/3 1166/3
f 1161/3 1162/3 1166/3 1165/3
f 1164/3 1168/3 1167/3 1163/3
f 1231/3 1234/3 1233/3 1232/3
f 1235/3 1236/3 1237/3 1238/3
f 1231/3 1235/3 1238/3 1234/3
f 1232/3 1233/3 1237/3 1236/3
f 1231/3 1232/3 1236/3 1235/3
f 1234/3 1238/3 1237/3 1233/3
f 1263/3 1266/3 1265/3 1264/3
f 1267/3 1268/3 1269/3 1270/3
f 1263/3 1267/3 1270/3 1266/3
f 1264/3 1265/3 1269/3 1268/3
f 1263/3 1264/3 1268/3 1267/3
f 1266/3 1270/3 1269/3 1265/3
f 1295/3 1298/3 1297/3 1296/3
f 1299/3 1300/3 1301/3 1302/3
f 1295/3 1299/3 1302/3 1298/3
f 1296/3 1297/3 1301/3 1300/3
f 1295/3 1296/3 1300/3 1299/3
f 1298/3 1302/3 1301/3 1297/3
f 1343/3 1346/3 1345/3 1344/3
f 1347/3 1348/3 1349/3 1350/3
f 1343/3 1347/3 1350/3 1346/3
f 1344/3 1345/3 1349/3 1348/3
f 1343/3 1344/3 1348/3 1347/3
f 1346/3 1350/3 1349/3 1345/3
f 1375/3 1378/3 1377/3 1376/3
f 1379/3 1380/3 1381/3 1382/3
f 1375/3 1379/3 1382/3 1378/3
f 1376/3 1377/3 1381/3 1380/3
f 1375/3 1376/3 1380/3 1379/3
f 1378/3 1382/3 1381/3 1377/3
f 1407/3 1410/3 1409/3 1408/3
f 1411/3 1412/3 1413/3 1414/3
f 1407/3 1411/3 1414/3 1410/3
f 1408/3 1409/3 1413/3 1412/3
f 1407/3 1408/3 1412/3 1411/3
f 1410/3 1414/3 1413/3 1409/3
f 1477/3 1480/3 1479/3 1478/3
f 1481/3 1482/3 1483/3 1484/3
f 1477/3 1481/3 1484/3 1480/3
f 1478/3 1479/3 1483/3 1482/3
f 1477/3 1478/3 1482/3 1481/3
f 1480/3 1484/3 1483/3 1479/3
f 1509/3 1512/3 1511/3 1510/3
f 1513/3 1514/3 1515/3 1516/3
f 1509/3 1513/3 1516/3 1512/3
f 1510/3 1511/3 1515/3 1514/3
f 1509/3 1510/3 1514/3 1513/3
f 1512/3 1516/3 1515/3 1511/3
f 1541/3 1544/3 1543/3 1542/3
f 1545/3 1546/3 1547/3 1548/3
f 1541/3 1545/3 1548/3 1544/3
f 1542/3 1543/3 1547/3 1546/3
f 1541/3 1542/3 1546/3 1545/3
f 1544/3 1548/3 1547/3 1543/3
f 1589/3 1592/3 1591/3 1590/3
f 1593/3 1594/3 1595/3 1596/3
f 1589/3 1593/3 1596/3 1592/3
f 1590/3 1591/3 1595/3 1594/3
f 1589/3 1590/3 1594/3 1593/3
f 1592/3 1596/3 1595/3 1591/3
f 1621/3 1624/3 1623/3 1622/3
f 1625/3 1626/3 1627/3 1628/3
f 1621/3 1625/3 1628/3 1624/3
f 1622/3 1623/3 1627/3 1626/3
f 1621/3 1622/3 1626/3 1625/3
f 1624/3 1628/3 1627/3 1623/3
f 1653/3 1656/3 1655/3 1654/3
f 1657/3 1658/3 1659/3 1660/3
f 1653/3 1657/3 1660/3 1656/3
f 1654/3 1655/3 1659/3 1658/3
f 1653/3 1654/3 1658/3 1657/3
f 1656/3 1660/3 1659/3 1655/3
f 1723/3 1726/3 1725/3 1724/3
f 1727/3 1728/3 1729/3 1730/3
f 1723/3 1727/3 1730/3 1726/3
f 1724/3 1725/3 1729/3 1728/3
f 1723/3 1724/3 1728/3 1727/3
f 1726/3 1730/3 1729/3 1725/3
f 1755/3 1758/3 1757/3 1756/3
f 1759/3 1760/3 1761/3 1762/3
f 1755/3 1759/3 1762/3 1758/3
f 1756/3 1757/3 1761/3 1760/3
f 1755/3 1756/3 1760/3 1759/3
f 1758/3 1762/3 1761/3 1757/3
f 1787/3 1790/3 1789/3 1788/3
f 1791/3 1792/3 1793/3 1794/3
f 1787/3 1791/3 1794/3 1790/3
f 1788/3 1789/3 1793/3 1792/3
f 1787/3 1788/3 1792/3 1791/3
f 1790/3 1794/3 1793/3 1789/3
f 1835/3 1838/3 1837/3 1836/3
f 1839/3 1840/3 1841/3 1842/3
f 1835/3 1839/3 1842/3 1838/3
f 1836/3 1837/3 1841/3 1840/3
f 1835/3 1836/3 1840/3 1839/3
f 1838/3 1842/3 1841/3 1837/3
f 1867/3 1870/3 1869/3 1868/3
f 1871/3 1872/3 1873/3 1874/3
f 1867/3 1871/3 1874/3 1870/3
f 1868/3 1869/3 1873/3 1872/3
f 1867/3 1868/3 1872/3 1871/3
f 1870/3 1874/3 1873/3 1869/3
f 1899/3 1902/3 1901/3 1900/3
f 1903/3 1904/3 1905/3 1906/3
f 1899/3 1903/3 1906/3 1902/3
f 1900/3 1901/3 1905/3 1904/3
f 1899/3 1900/3 1904/3 1903/3
f 1902/3 1906/3 1905/3 1901/3
f 1969/3 1972/3 1971/3 1970/3
f 1973/3 1974/3 1975/3 1976/3
f 1969/3 1973/3 1976/3 1972/3
f 1970/3 1971/3 1975/3 1974/3
f 1969/3 1970/3 1974/3 1973/3
f 1972/3 1976/3 1975/3 1971/3
f 2001/3 2004/3 2003/3 2002/3
f 2005/3 2006/3 2007/3 2008/3
f 2001/3 2005/3 2008/3 2004/3
f 2002/3 2003/3 2007/3 2006/3
f 2001/3 2002/3 2006/3 2005/3
f 2004/3 2008/3 2007/3 2003/3
f 2033/3 2036/3 2035/3 2034/3
f 2037/3 2038/3 2039/3 2040/3
f 2033/3 2037/3 2040/3 2036/3
f 2034/3 2035/3 2039/3 2038/3
f 2033/3 2034/3 2038/3 2037/3
f 2036/3 2040/3 2039/3 2035/3
f 2081/3 2084/3 2083/3 2082/3
f 2085/3 2086/3 2087/3 2088/3
f 2081/3 2085/3 2088/3 2084/3
f 2082/3 2083/3 2087/3 2086/3
f 2081/3 2082/3 2086/3 2085/3
f 2084/3 2088/3 2087/3 2083/3
f 2113/3 2116/3 2115/3 2114/3
f 2117/3 2118/3 2119/3 2120/3
f 2113/3 2117/3 2120/3 2116/3
f 2114/3 2115/3 2119/3 2118/3
f 2113/3 2114/3 2118/3 2117/3
f 2116/3 2120/3 2119/3 2115/3
f 2145/3 2148/3 2147/3 2146/3
f 2149/3 2150/3 2151/3 2152/3
f 2145/3 2149/3 2152/3 2148/3
f 2146/3 2147/3 2151/3 2150/3
f 2145/3 2146/3 2150/3 2149/3
f 2148/3 2152/3 2151/3 2147/3
f 2199/3 2202/3 2201/3 2200/3
f 2203/3 2204/3 2205/3 2206/3
f 2199/3 2203/3 2206/3 2202/3
f 2200/3 2201/3 2205/3 2204/3
f 2199/3 2200/3 2204/3 2203/3
f 2202/3 2206/3 2205/3 2201/3
f 2231/3 2234/3 2233/3 2232/3
f 2235/3 2236/3 2237/3 2238/3
f 2231/3 2235/3 2238/3 2234/3
f 2232/3 2233/3 2237/3 2236/3
f 2231/3 2232/3 2236/3 2235/3
f 2234/3 2238/3 2237/3 2233/3
f 2263/3 2266/3 2265/3 2264/3
f 2267/3 2268/3 2269/3 2270/3
f 2263/3 2267/3 2270/3 2266/3
f 2264/3 2265/3 2269/3 2268/3
f 2263/3 2264/3 2268/3 2267/3
f 2266/3 2270/3 2269/3 2265/3
f 2295/3 2298/3 2297/3 2296/3
f 2299/3 2300/3 2301/3 2302/3
f 2295/3 2299/3 2302/3 2298/3
f 2296/3 2297/3 2301/3 2300/3
f 2295/3 2296/3 2300/3 2299/3
f 2298/3 2302/3 2301/3 2297/3
f 2327/3 2330/3 2329/3 2328/3
f 2331/3 2332/3 2333/3 2334/3
f 2327/3 2331/3 2334/3 2330/3
f 2328/3 2329/3 2333/3 2332/3
f 2327/3 2328/3 2332/3 2331/3
f 2330/3 2334/3 2333/3 2329/3
f 2359/3 2362/3 2361/3 2360/3
f 2363/3 2364/3 2365/3 2366/3
f 2359/3 2363/3 2366/3 2362/3
f 2360/3 2361/3 2365/3 2364/3
f 2359/3 2360/3 2364/3 2363/3
f 2362/3 2366/3 2365/3 2361/3
f 2413/3 2416/3 2415/3 2414/3
f 2417/3 2418/3 2419/3 2420/3
f 2413/3 2417/3 2420/3 2416/3
f 2414/3 2415/3 2419/3 2418/3
f 2413/3 2414/3 2418/3 2417/3
f 2416/3 2420/3 2419/3 2415/3
f 2445/3 2448/3 2447/3 2446/3
f 2449/3 2450/3 2451/3 2452/3
f 2445/3 2449/3 2452/3 2448/3
f 2446/3 2447/3 2451/3 2450/3
f 2445/3 2446/3 2450/3 2449/3
f 2448/3 2452/3 2451/3 2447/3
f 2477/3 2480/3 2479/3 2478/3
f 2481/3 2482/3 2483/3 2484/3
f 2477/3 2481/3 2484/3 2480/3
f 2478/3 2479/3 2483/3 2482/3
f 2477/3 2478/3 2482/3 2481/3
f 2480/3 2484/3 2483/3 2479/3
f 2509/3 2512/3 2511/3 2510/3
f 2513/3 2514/3 2515/3 2516/3
f 2509/3 2513/3 2516/3 2512/3
f 2510/3 2511/3 2515/3 2514/3
f 2509/3 2510/3 2514/3 2513/3
f 2512/3 2516/3 2515/3 2511/3
f 2541/3 2544/3 2543/3 2542/3
f 2545/3 2546/3 2547/3 2548/3
f 2541/3 2545/3 2548/3 2544/3
f 2542/3 2543/3 2547/3 2546/3
f 2541/3 2542/3 2546/3 2545/3
f 2544/3 2548/3 2547/3 2543/3
f 2573/3 2576/3 2575/3 2574/3
f 2577/3 2578/3 2579/3 2580/3
f 2573/3 2577/3 2580/3 2576/3
f 2574/3 2575/3 2579/3 2578/3
f 2573/3 2574/3 2578/3 2577/3
f 2576/3 2580/3 2579/3 2575/3
f 2627/3 2630/3 2629/3 2628/3
f 2631/3 2632/3 2633/3 2634/3
f 2627/3 2631/3 2634/3 2630/3
f 2628/3 2629/3 2633/3 2632/3
f 2627/3 2628/3 2632/3 2631/3
f 2630/3 2634/3 2633/3 2629/3
f 2659/3 2662/3 2661/3 2660/3
f 2663/3 2664/3 2665/3 2666/3
f 2659/3 2663/3 2666/3 2662/3
f 2660/3 2661/3 2665/3 2664/3
f 2659/3 2660/3 2664/3 2663/3
f 2662/3 2666/3 2665/3 2661/3
f 2691/3 2694/3 2693/3 2692/3
f 2695/3 2696/3 2697/3 2698/3
f 2691/3 2695/3 2698/3 2694/3
f 2692/3 2693/3 2697/3 2696/3
f 2691/3 2692/3 2696/3 2695/3
f 2694/3 2698/3 2697/3 2693/3
f 2723/3 2726/3 2725/3 2724/3
f 2727/3 2728/3 2729/3 2730/3
f 2723/3 2727/3 2730/3 2726/3
f 2724/3 2725/3 2729/3 2728/3
f 2723/3 2724/3 2728/3 2727/3
f 2726/3 2730/3 2729/3 2725/3
f 2755/3 2758/3 2757/3 2756/3
f 2759/3 2760/3 2761/3 2762/3
f 2755/3 2759/3 2762/3 2758/3
f 2756/3 2757/3 2761/3 2760/3
f 2755/3 2756/3 2760/3 2759/3
f 2758/3 2762/3 2761/3 2757/3
f 2787/3 2790/3 2789/3 2788/3
f 2791/3 2792/3 2793/3 2794/3
f 2787/3 2791/3 2794/3 2790/3
f 2788/3 2789/3 2793/3 2792/3
f 2787/3 2788/3 2792/3 2791/3
f 2790/3 2794/3 2793/3 2789/3
f 2841/3 2844/3 2843/3 2842/3
f 2845/3 2846/3 2847/3 2848/3
f 2841/3 2845/3 2848/3 2844/3
f 2842/3 2843/3 2847/3 2846/3
f 2841/3 2842/3 2846/3 2845/3
f 2844/3 2848/3 2847/3 2843/3
f 2873/3 2876/3 2875/3 2874/3
f 2877/3 2878/3 2879/3 2880/3
f 2873/3 2877/3 2880/3 2876/3
f 2874/3 2875/3 2879/3 2878/3
f 2873/3 2874/3 2878/3 2877/3
f 2876/3 2880/3 2879/3 2875/3
f 2905/3 2908/3 2907/3 2906/3
f 2909/3 2910/3 2911/3 2912/3
f 2905/3 2909/3 2912/3 2908/3
f 2906/3 2907/3 2911/3 2910/3
f 2905/3 2906/3 2910/3 2909/3
f 2908/3 2912/3 2911/3 2907/3
f 2937/3 2940/3 2939/3 2938/3
f 2941/3 2942/3 2943/3 2944/3
f 2937/3 2941/3 2944/3 2940/3
f 2938/3 2939/3 2943/3 2942/3
f 2937/3 2938/3 2942/3 2941/3
f 2940/3 2944/3 2943/3 2939/3
f 2969/3 2972/3 2971/3 2970/3
f 2973/3 2974/3 2975/3 2976/3
f 2969/3 2973/3 2976/3 2972/3
f 2970/3 2971/3 2975/3 2974/3
f 2969/3 2970/3 2974/3 2973/3
f 2972/3 2976/3 2975/3 2971/3
f 3001/3 3004/3 3003/3 3002/3
f 3005/3 3006/3 3007/3 3008/3
f 3001/3 3005/3 3008/3 3004/3
f 3002/3 3003/3 3007/3 3006/3
f 3001/3 3002/3 3006/3 3005/3
f 3004/3 3008/3 3007/3 3003/3
f 3055/3 3058/3 3057/3 3056/3
f 3059/3 3060/3 3061/3 3062/3
f 3055/3 3059/3 3062/3 3058/3
f 3056/3 3057/3 3061/3 3060/3
f 3055/3 3056/3 3060/3 3059/3
f 3058/3 3062/3 3061/3 3057/3
f 3087/3 3090/3 3089/3 3088/3
f 3091/3 3092/3 3093/3 3094/3
f 3087/3 3091/3 3094/3 3090/3
f 3088/3 3089/3 3093/3 3092/3
f 3087/3 3088/3 3092/3 3091/3
f 3090/3 3094/3 3093/3 3089/3
f 3119/3 3122/3 3121/3 3120/3
f 3123/3 3124/3 3125/3 3126/3
f 3119/3 3123/3 3126/3 3122/3
f 3120/3 3121/3 3125/3 3124/3
f 3119/3 3120/3 3124/3 3123/3
f 3122/3 3126/3 3125/3 3121/3
f 3151/3 3154/3 3153/3 3152/3
f 3155/3 3156/3 3157/3 3158/3
f 3151/3 3155/3 3158/3 3154/3
f 3152/3 3153/3 3157/3 3156/3
f 3151/3 3152/3 3156/3 3155/3
f 3154/3 3158/3 3157/3 3153/3
f 3183/3 3186/3 3185/3 3184/3
f 3187/3 3188/3 3189/3 3190/3
f 3183/3 3187/3 3190/3 3186/3
f 3184/3 3185/3 3189/3 3188/3
f 3183/3 3184/3 3188/3 3187/3
f 3186/3 3190/3 3189/3 3185/3
f 3215/3 3218/3 3217/3 3216/3
f 3219/3 3220/3 3221/3 3222/3
f 3215/3 3219/3 3222/3 3218/3
f 3216/3 3217/3 3221/3 3220/3
f 3215/3 3216/3 3220/3 3219/3
f 3218/3 3222/3 3221/3 3217/3
f 3269/3 3272/3 3271/3 3270/3
f 3273/3 3274/3 3275/3 3276/3
f 3269/3 3273/3 3276/3 3272/3
f 3270/3 3271/3 3275/3 3274/3
f 3269/3 3270/3 3274/3 3273/3
f 3272/3 3276/3 3275/3 3271/3
f 3301/3 3304/3 3303/3 3302/3
f 3305/3 3306/3 3307/3 3308/3
f 3301/3 3305/3 3308/3 3304/3
f 3302/3 3303/3 3307/3 3306/3
f 3301/3 3302/3 3306/3 3305/3
f 3304/3 3308/3 3307/3 3303/3
f 3333/3 3336/3 3335/3 3334/3
f 3337/3 3338/3 3339/3 3340/3
f 3333/3 3337/3 3340/3 3336/3
f 3334/3 3335/3 3339/3 3338/3
f 3333/3 3334/3 3338/3 3337/3
f 3336/3 3340/3 3339/3 3335/3
f 3365/3 3368/3 3367/3 3366/3
f 3369/3 3370/3 3371/3 3372/3
f 3365/3 3369/3 3372/3 3368/3
f 3366/3 3367/3 3371/3 3370/3
f 3365/3 3366/3 3370/3 3369/3
f 3368/3 3372/3 3371/3 3367/3
f 3397/3 3400/3 3399/3 3398/3
f 3401/3 3402/3 3403/3 3404/3
f 3397/3 3401/3 3404/3 3400/3
f 3398/3 3399/3 3403/3 3402/3
f 3397/3 3398/3 3402/3 3401/3
f 3400/3 3404/3 3403/3 3399/3
f 3429/3 3432/3 3431/3 3430/3
f 3433/3 3434/3 3435/3 3436/3
f 3429/3 3433/3 3436/3 3432/3
f 3430/3 3431/3 3435/3 3434/3
f 3429/3 3430/3 3434/3 3433/3
f 3432/3 3436/3 3435/3 3431/3
f 3483/3 3486/3 3485/3 3484/3
f 3487/3 3488/3 3489/3 3490/3
f 3483/3 3487/3 3490/3 3486/3
f 3484/3 3485/3 3489/3 3488/3
f 3483/3 3484/3 3488/3 3487/3
f 3486/3 3490/3 3489/3 3485/3
f 3515/3 3518/3 3517/3 3516/3
f 3519/3 3520/3 3521/3 3522/3
f 3515/3 3519/3 3522/3 3518/3
f 3516/3 3517/3 3521/3 3520/3
f 3515/3 3516/3 3520/3 3519/3
f 3518/3 3522/3 3521/3 3517/3
f 3547/3 3550/3 3549/3 3548/3
f 3551/3 3552/3 3553/3 3554/3
f 3547/3 3551/3 3554/3 3550/3
f 3548/3 3549/3 3553/3 3552/3
f 3547/3 3548/3 3552/3 3551/3
f 3550/3 3554/3 3553/3 3549/3
f 3579/3 3582/3 3581/3 3580/3
f 3583/3 3584/3 3585/3 3586/3
f 3579/3 3583/3 3586/3 3582/3
f 3580/3 3581/3 3585/3 3584/3
f 3579/3 3580/3 3584/3 3583/3
f 3582/3 3586/3 3585/3 3581/3
f 3611/3 3614/3 3613/3 3612/3
f 3615/3 3616/3 3617/3 3618/3
f 3611/3 3615/3 3618/3 3614/3
f 3612/3 3613/3 3617/3 3616/3
f 3611/3 3612/3 3616/3 3615/3
f 3614/3 3618/3 3617/3 3613/3
f 3643/3 3646/3 3645/3 3644/3
f 3647/3 3648/3 3649/3 3650/3
f 3643/3 3647/3 3650/3 3646/3
f 3644/3 3645/3 3649/3 3648/3
f 3643/3 3644/3 3648/3 3647/3
f 3646/3 3650/3 3649/3 3645/3
f 3675/3 3678/3 3677/3 3676/3
f 3679/3 3680/3 3681/3 3682/3
f 3675/3 3679/3 3682/3 3678/3
f 3676/3 3677/3 3681/3 3680/3
f 3675/3 3676/3 3680/3 3679/3
f 3678/3 3682/3 3681/3 3677/3
f 3707/3 3710/3 3709/3 3708/3
f 3711/3 3712/3 3713/3 3714/3
f 3707/3 3711/3 3714/3 3710/3
f 3708/3 3709/3 3713/3 3712/3
f 3707/3 3708/3 3712/3 3711/3
f 3710/3 3714/3 3713/3 3709/3
f 3739/3 3742/3 3741/3 3740/3
f 3743/3 3744/3 3745/3 3746/3
f 3739/3 3743/3 3746/3 3742/3
f 3740/3 3741/3 3745/3 3744/3
f 3739/3 3740/3 3744/3 3743/3
f 3742/3 3746/3 3745/3 3741/3
f 3771/3 3774/3 3773/3 3772/3
f 3775/3 3776/3 3777/3 3778/3
f 3771/3 3775/3 3778/3 3774/3
f 3772/3 3773/3 3777/3 3776/3
f 3771/3 3772/3 3776/3 3775/3
f 3774/3 3778/3 3777/3 3773/3
f 3803/3 3806/3 3805/3 3804/3
f 3807/3 3808/3 3809/3 3810/3
f 3803/3 3807/3 3810/3 3806/3
f 3804/3 3805/3 3809/3 3808/3
f 3803/3 3804/3 3808/3 3807/3
f 3806/3 3810/3 3809/3 3805/3
f 3835/3 3838/3 3837/3 3836/3
f 3839/3 3840/3 3841/3 3842/3
f 3835/3 3839/3 3842/3 3838/3
f 3836/3 3837/3 3841/3 3840/3
f 3835/3 3836/3 3840/3 3839/3
f 3838/3 3842/3 3841/3 3837/3
f 3867/3 3870/3 3869/3 3868/3
f 3871/3 3872/3 3873/3 3874/3
f 3867/3 3871/3 3874/3 3870/3
f 3868/3 3869/3 3873/3 3872/3
f 3867/3 3868/3 3872/3 3871/3
f 3870/3 3874/3 3873/3 3869/3
f 3899/3 3902/3 3901/3 3900/3
f 3903/3 3904/3 3905/3 3906/3
f 3899/3 3903/3 3906/3 3902/3
f 3900/3 3901/3 3905/3 3904/3
f 3899/3 3900/3 3904/3 3903/3
f 3902/3 3906/3 3905/3 3901/3
f 3931/3 3934/3 3933/3 3932/3
f 3935/3 3936/3 3937/3 3938/3
f 3931/3 3935/3 3938/3 3934/3
f 3932/3 3933/3 3937/3 3936/3
f 3931/3 3932/3 3936/3 3935/3
f 3934/3 3938/3 3937/3 3933/3
f 3963/3 3966/3 3965/3 3964/3
f 3967/3 3968/3 3969/3 3970/3
f 3963/3 3967/3 3970/3 3966/3
f 3964/3 3965/3 3969/3 3968/3
f 3963/3 3964/3 3968/3 3967/3
f 3966/3 3970/3 3969/3 3965/3
f 3995/3 3998/3 3997/3 3996/3
f 3999/3 4000/3 4001/3 4002/3
f 3995/3 3999/3 4002/3 3998/3
f 3996/3 3997/3 4001/3 4000/3
f 3995/3 3996/3 4000/3 3999/3
f 3998/3 4002/3 4001/3 3997/3
f 4027/3 4030/3 4029/3 4028/3
f 4031/3 4032/3 4033/3 4034/3
f 4027/3 4031/3 4034/3 4030/3
f 4028/3 4029/3 4033/3 4032/3
f 4027/3 4028/3 4032/3 4031/3
f 4030/3 4034/3 4033/3 4029/3
f 4059/3 4062/3 4061/3 4060/3
f 4063/3 4064/3 4065/3 4066/3
f 4059/3 4063/3 4066/3 4062/3
f 4060/3 4061/3 4065/3 4064/3
f 4059/3 4060/3 4064/3 4063/3
f 4062/3 4066/3 4065/3 4061/3
f 4091/3 4094/3 4093/3 4092/3
f 4095/3 4096/3 4097/3 4098/3
f 4091/3 4095/3 4098/3 4094/3
f 4092/3 4093/3 4097/3 4096/3
f 4091/3 4092/3 4096/3 4095/3
f 4094/3 4098/3 4097/3 4093/3
f 4123/3 4126/3 4125/3 4124/3
f 4127/3 4128/3 4129/3 4130/3
f 4123/3 4127/3 4130/3 4126/3
f 4124/3 4125/3 4129/3 4128/3
f 4123/3 4124/3 4128/3 4127/3
f 4126/3 4130/3 4129/3 4125/3
f 4155/3 4158/3 4157/3 4156/3
f 4159/3 4160/3 4161/3 4162/3
f 4155/3 4159/3 4162/3 4158/3
f 4156/3 4157/3 4161/3 4160/3
f 4155/3 4156/3 4160/3 4159/3
f 4158/3 4162/3 4161/3 4157/3
f 4187/3 4190/3 4189/3 4188/3
f 4191/3 4192/3 4193/3 4194/3
f 4187/3 4191/3 4194/3 4190/3
f 4188/3 4189/3 4193/3 4192/3
f 4187/3 4188/3 4192/3 4191/3
f 4190/3 4194/3 4193/3 4189/3
f 4219/3 4222/3 4221/3 4220/3
f 4223/3 4224/3 4225/3 4226/3
f 4219/3 4223/3 4226/3 4222/3
f 4220/3 4221/3 4225/3 4224/3
f 4219/3 4220/3 4224/3 4223/3
f 4222/3 4226/3 4225/3 4221/3
f 4251/3 4254/3 4253/3 4252/3
f 4255/3 4256/3 4257/3 4258/3
f 4251/3 4255/3 4258/3 4254/3
f 4252/3 4253/3 4257/3 4256/3
f 4251/3 4252/3 4256/3 4255/3
f 4254/3 4258/3 4257/3 4253/3
f 4283/3 4286/3 4285/3 4284/3
f 4287/3 4288/3 4289/3 4290/3
f 4283/3 4287/3 4290/3 4286/3
f 4284/3 4285/3 4289/3 4288/3
f 4283/3 4284/3 4288/3 4287/3
f 4286/3 4290/3 4289/3 4285/3
f 4315/3 4318/3 4317/3 4316/3
f 4319/3 4320/3 4321/3 4322/3
f 4315/3 4319/3 4322/3 4318/3
f 4316/3 4317/3 4321/3 4320/3
f 4315/3 4316/3 4320/3 4319/3
f 4318/3 4322/3 4321/3 4317/3
f 4347/3 4350/3 4349/3 4348/3
f 4351/3 4352/3 4353/3 4354/3
f 4347/3 4351/3 4354/3 4350/3
f 4348/3 4349/3 4353/3 4352/3
f 4347/3 4348/3 4352/3 4351/3
f 4350/3 4354/3 4353/3 4349/3
f 4379/3 4382/3 4381/3 4380/3
f 4383/3 4384/3 4385/3 4386/3
f 4379/3 4383/3 4386/3 4382/3
f 4380/3 4381/3 4385/3 4384/3
f 4379/3 4380/3 4384/3 4383/3
f 4382/3 4386/3 4385/3 4381/3
f 4411/3 4414/3 4413/3 4412/3
f 4415/3 4416/3 4417/3 4418/3
f 4411/3 4415/3 4418/3 4414/3
f 4412/3 4413/3 4417/3 4416/3
f 4411/3 4412/3 4416/3 4415/3
f 4414/3 4418/3 4417/3 4413/3
f 4443/3 4446/3 4445/3 4444/3
f 4447/3 4448/3 4449/3 4450/3
f 4443/3 4447/3 4450/3 4446/3
f 4444/3 4445/3 4449/3 4448/3
f 4443/3 4444/3 4448/3 4447/3
f 4446/3 4450/3 4449/3 4445/3
f 4475/3 4478/3 4477/3 4476/3
f 4479/3 4480/3 4481/3 4482/3
f 4475/3 4479/3 4482/3 4478/3
f 4476/3 4477/3 4481/3 4480/3
f 4475/3 4476/3 4480/3 4479/3
f 4478/3 4482/3 4481/3 4477/3
f 4507/3 4510/3 4509/3 4508/3
f 4511/3 4512/3 4513/3 4514/3
f 4507/3 4511/3 4514/3 4510/3
f 4508/3 4509/3 4513/3 4512/3
f 4507/3 4508/3 4512/3 4511/3
f 4510/3 4514/3 4513/3 4509/3
f 4659/3 4662/3 4661/3 4660/3
f 4663/3 4664/3 4665/3 4666/3
f 4659/3 4663/3 4666/3 4662/3
f 4660/3 4661/3 4665/3 4664/3
f 4659/3 4660/3 4664/3 4663/3
f 4662/3 4666/3 4665/3 4661/3
f 4675/3 4678/3 4677/3 4676/3
f 4679/3 4680/3 4681/3 4682/3
f 4675/3 4679/3 4682/3 4678/3
f 4676/3 4677/3 4681/3 4680/3
f 4675/3 4676/3 4680/3 4679/3
f 4678/3 4682/3 4681/3 4677/3
f 4691/3 4694/3 4693/3 4692/3
f 4695/3 4696/3 4697/3 4698/3
f 4691/3 4695/3 4698/3 4694/3
f 4692/3 4693/3 4697/3 4696/3
f 4691/3 4692/3 4696/3 4695/3
f 4694/3 4698/3 4697/3 4693/3
f 4707/3 4710/3 4709/3 4708/3
f 4711/3 4712/3 4713/3 4714/3
f 4707/3 4711/3 4714/3 4710/3
f 4708/3 4709/3 4713/3 4712/3
f 4707/3 4708/3 4712/3 4711/3
f 4710/3 4714/3 4713/3 4709/3
f 4723/3 4724/3 4763/3
f 4754/3 4753/3 4764/3
f 4724/3 4725/3 4763/3
f 4755/3 4754/3 4764/3
f 4725/3 4726/3 4763/3
f 4756/3 4755/3 4764/3
f 4726/3 4727/3 4763/3
f 4757/3 4756/3 4764/3
f 4727/3 4728/3 4763/3
f 4758/3 4757/3 4764/3
f 4728/3 4729/3 4763/3
f 4759/3 4758/3 4764/3
f 4729/3 4730/3 4763/3
f 4760/3 4759/3 4764/3
f 4730/3 4731/3 4763/3
f 4761/3 4760/3 4764/3
f 4731/3 4732/3 4763/3
f 4762/3 4761/3 4764/3
f 4732/3 4723/3 4763/3
f 4753/3 4762/3 4764/3
f 4733/3 4734/3 4724/3 4723/3
f 4734/3 4735/3 4725/3 4724/3
f 4735/3 4736/3 4726/3 4725/3
f 4736/3 4737/3 4727/3 4726/3
f 4737/3 4738/3 4728/3 4727/3
f 4738/3 4739/3 4729/3 4728/3
f 4739/3 4740/3 4730/3 4729/3
f 4740/3 4741/3 4731/3 4730/3
f 4741/3 4742/3 4732/3 4731/3
f 4742/3 4733/3 4723/3 4732/3
f 4743/3 4744/3 4734/3 4733/3
f 4744/3 4745/3 4735/3 4734/3
f 4745/3 4746/3 4736/3 4735/3
f 4746/3 4747/3 4737/3 4736/3
f 4747/3 4748/3 4738/3 4737/3
f 4748/3 4749/3 4739/3 4738/3
f 4749/3 4750/3 4740/3 4739/3
f 4750/3 4751/3 4741/3 4740/3
f 4751/3 4752/3 4742/3 4741/3
f 4752/3 4743/3 4733/3 4742/3
f 4753/3 4754/3 4744/3 4743/3
f 4754/3 4755/3 4745/3 4744/3
f 4755/3 4756/3 4746/3 4745/3
f 4756/3 4757/3 4747/3 4746/3
f 4757/3 4758/3 4748/3 4747/3
f 4758/3 4759/3 4749/3 4748/3
f 4759/3 4760/3 4750/3 4749/3
f 4760/3 4761/3 4751/3 4750/3
f 4761/3 4762/3 4752/3 4751/3
f 4762/3 4753/3 4743/3 4752/3
usemtl coral
f 17/2 20/2 19/2 18/2
f 21/2 22/2 23/2 24/2
f 17/2 21/2 24/2 20/2
f 18/2 19/2 23/2 22/2
f 17/2 18/2 22/2 21/2
f 20/2 24/2 23/2 19/2
f 25/2 28/2 27/2 26/2
f 29/2 30/2 31/2 32/2
f 25/2 29/2 32/2 28/2
f 26/2 27/2 31/2 30/2
f 25/2 26/2 30/2 29/2
f 28/2 32/2 31/2 27/2
f 49/2 52/2 51/2 50/2
f 53/2 54/2 55/2 56/2
f 49/2 53/2 56/2 52/2
f 50/2 51/2 55/2 54/2
f 49/2 50/2 54/2 53/2
f 52/2 56/2 55/2 51/2
f 57/2 60/2 59/2 58/2
f 61/2 62/2 63/2 64/2
f 57/2 61/2 64/2 60/2
f 58/2 59/2 63/2 62/2
f 57/2 58/2 62/2 61/2
f 60/2 64/2 63/2 59/2
f 81/2 84/2 83/2 82/2
f 85/2 86/2 87/2 88/2
f 81/2 85/2 88/2 84/2
f 82/2 83/2 87/2 86/2
f 81/2 82/2 86/2 85/2
f 84/2 88/2 87/2 83/2
f 89/2 92/2 91/2 90/2
f 93/2 94/2 95/2 96/2
f 89/2 93/2 96/2 92/2
f 90/2 91/2 95/2 94/2
f 89/2 90/2 94/2 93/2
f 92/2 96/2 95/2 91/2
f 209/2 212/2 211/2 210/2
f 213/2 214/2 215/2 216/2
f 209/2 213/2 216/2 212/2
f 210/2 211/2 215/2 214/2
f 209/2 210/2 214/2 213/2
f 212/2 216/2 215/2 211/2
f 217/2 220/2 219/2 218/2
f 221/2 222/2 223/2 224/2
f 217/2 221/2 224/2 220/2
f 218/2 219/2 223/2 222/2
f 217/2 218/2 222/2 221/2
f 220/2 224/2 223/2 219/2
f 241/2 244/2 243/2 242/2
f 245/2 246/2 247/2 248/2
f 241/2 245/2 248/2 244/2
f 242/2 243/2 247/2 246/2
f 241/2 242/2 246/2 245/2
f 244/2 248/2 247/2 243/2
f 249/2 252/2 251/2 250/2
f 253/2 254/2 255/2 256/2
f 249/2 253/2 256/2 252/2
f 250/2 251/2 255/2 254/2
f 249/2 250/2 254/2 253/2
f 252/2 256/2 255/2 251/2
f 273/2 276/2 275/2 274/2
f 277/2 278/2 279/2 280/2
f 273/2 277/2 280/2 276/2
f 274/2 275/2 279/2 278/2
f 273/2 274/2 278/2 277/2
f 276/2 280/2 279/2 275/2
f 281/2 284/2 283/2 282/2
f 285/2 286/2 287/2 288/2
f 281/2 285/2 288/2 284/2
f 282/2 283/2 287/2 286/2
f 281/2 282/2 286/2 285/2
f 284/2 288/2 287/2 283/2
f 401/2 404/2 403/2 402/2
f 405/2 406/2 407/2 408/2
f 401/2 405/2 408/2 404/2
f 402/2 403/2 407/2 406/2
f 401/2 402/2 406/2 405/2
f 404/2 408/2 407/2 403/2
f 409/2 412/2 411/2 410/2
f 413/2 414/2 415/2 416/2
f 409/2 413/2 416/2 412/2
f 410/2 411/2 415/2 414/2
f 409/2 410/2 414/2 413/2
f 412/2 416/2 415/2 411/2
f 433/2 436/2 435/2 434/2
f 437/2 438/2 439/2 440/2
f 433/2 437/2 440/2 436/2
f 434/2 435/2 439/2 438/2
f 433/2 434/2 438/2 437/2
f 436/2 440/2 439/2 435/2
f 441/2 444/2 443/2 442/2
f 445/2 446/2 447/2 448/2
f 441/2 445/2 448/2 444/2
f 442/2 443/2 447/2 446/2
f 441/2 442/2 446/2 445/2
f 444/2 448/2 447/2 443/2
f 465/2 468/2 467/2 466/2
f 469/2 470/2 471/2 472/2
f 465/2 469/2 472/2 468/2
f 466/2 467/2 471/2 470/2
f 465/2 466/2 470/2 469/2
f 468/2 472/2 471/2 467/2
f 473/2 476/2 475/2 474/2
f 477/2 478/2 479/2 480/2
f 473/2 477/2 480/2 476/2
f 474/2 475/2 479/2 478/2
f 473/2 474/2 478/2 477/2
f 476/2 480/2 479/2 475/2
f 593/2 596/2 595/2 594/2
f 597/2 598/2 599/2 600/2
f 593/2 597/2 600/2 596/2
f 594/2 595/2 599/2 598/2
f 593/2 594/2 598/2 597/2
f 596/2 600/2 599/2 595/2
f 601/2 604/2 603/2 602/2
f 605/2 606/2 607/2 608/2
f 601/2 605/2 608/2 604/2
f 602/2 603/2 607/2 606/2
f 601/2 602/2 606/2 605/2
f 604/2 608/2 607/2 603/2
f 625/2 628/2 627/2 626/2
f 629/2 630/2 631/2 632/2
f 625/2 629/2 632/2 628/2
f 626/2 627/2 631/2 630/2
f 625/2 626/2 630/2 629/2
f 628/2 632/2 631/2 627/2
f 633/2 636/2 635/2 634/2
f 637/2 638/2 639/2 640/2
f 633/2 637/2 640/2 636/2
f 634/2 635/2 639/2 638/2
f 633/2 634/2 638/2 637/2
f 636/2 640/2 639/2 635/2
f 657/2 660/2 659/2 658/2
f 661/2 662/2 663/2 664/2
f 657/2 661/2 664/2 660/2
f 658/2 659/2 663/2 662/2
f 657/2 658/2 662/2 661/2
f 660/2 664/2 663/2 659/2
f 665/2 668/2 667/2 666/2
f 669/2 670/2 671/2 672/2
f 665/2 669/2 672/2 668/2
f 666/2 667/2 671/2 670/2
f 665/2 666/2 670/2 669/2
f 668/2 672/2 671/2 667/2
f 785/2 788/2 787/2 786/2
f 789/2 790/2 791/2 792/2
f 785/2 789/2 792/2 788/2
f 786/2 787/2 791/2 790/2
f 785/2 786/2 790/2 789/2
f 788/2 792/2 791/2 787/2
f 793/2 796/2 795/2 794/2
f 797/2 798/2 799/2 800/2
f 793/2 797/2 800/2 796/2
f 794/2 795/2 799/2 798/2
f 793/2 794/2 798/2 797/2
f 796/2 800/2 799/2 795/2
f 817/2 820/2 819/2 818/2
f 821/2 822/2 823/2 824/2
f 817/2 821/2 824/2 820/2
f 818/2 819/2 823/2 822/2
f 817/2 818/2 822/2 821/2
f 820/2 824/2 823/2 819/2
f 825/2 828/2 827/2 826/2
f 829/2 830/2 831/2 832/2
f 825/2 829/2 832/2 828/2
f 826/2 827/2 831/2 830/2
f 825/2 826/2 830/2 829/2
f 828/2 832/2 831/2 827/2
f 849/2 852/2 851/2 850/2
f 853/2 854/2 855/2 856/2
f 849/2 853/2 856/2 852/2
f 850/2 851/2 855/2 854/2
f 849/2 850/2 854/2 853/2
f 852/2 856/2 855/2 851/2
f 857/2 860/2 859/2 858/2
f 861/2 862/2 863/2 864/2
f 857/2 861/2 864/2 860/2
f 858/2 859/2 863/2 862/2
f 857/2 858/2 862/2 861/2
f 860/2 864/2 863/2 859/2
f 977/2 980/2 979/2 978/2
f 981/2 982/2 983/2 984/2
f 977/2 981/2 984/2 980/2
f 978/2 979/2 983/2 982/2
f 977/2 978/2 982/2 981/2
f 980/2 984/2 983/2 979/2
f 985/2 988/2 987/2 986/2
f 989/2 990/2 991/2 992/2
f 985/2 989/2 992/2 988/2
f 986/2 987/2 991/2 990/2
f 985/2 986/2 990/2 989/2
f 988/2 992/2 991/2 987/2
f 1009/2 1012/2 1011/2 1010/2
f 1013/2 1014/2 1015/2 1016/2
f 1009/2 1013/2 1016/2 1012/2
f 1010/2 1011/2 1015/2 1014/2
f 1009/2 1010/2 1014/2 1013/2
f 1012/2 1016/2 1015/2 1011/2
f 1017/2 1020/2 1019/2 1018/2
f 1021/2 1022/2 1023/2 1024/2
f 1017/2 1021/2 1024/2 1020/2
f 1018/2 1019/2 1023/2 1022/2
f 1017/2 1018/2 1022/2 1021/2
f 1020/2 1024/2 1023/2 1019/2
f 1041/2 1044/2 1043/2 1042/2
f 1045/2 1046/2 1047/2 1048/2
f 1041/2 1045/2 1048/2 1044/2
f 1042/2 1043/2 1047/2 1046/2
f 1041/2 1042/2 1046/2 1045/2
f 1044/2 1048/2 1047/2 1043/2
f 1049/2 1052/2 1051/2 1050/2
f 1053/2 1054/2 1055/2 1056/2
f 1049/2 1053/2 1056/2 1052/2
f 1050/2 1051/2 1055/2 1054/2
f 1049/2 1050/2 1054/2 1053/2
f 1052/2 1056/2 1055/2 1051/2
f 1169/2 1172/2 1171/2 1170/2
f 1173/2 1174/2 1175/2 1176/2
f 1169/2 1173/2 1176/2 1172/2
f 1170/2 1171/2 1175/2 1174/2
f 1169/2 1170/2 1174/2 1173/2
f 1172/2 1176/2 1175/2 1171/2
f 1177/2 1180/2 1179/2 1178/2
f 1181/2 1182/2 1183/2 1184/2
f 1177/2 1181/2 1184/2 1180/2
f 1178/2 1179/2 1183/2 1182/2
f 1177/2 1178/2 1182/2 1181/2
f 1180/2 1184/2 1183/2 1179/2
f 1239/2 1242/2 1241/2 1240/2
f 1243/2 1244/2 1245/2 1246/2
f 1239/2 1243/2 1246/2 1242/2
f 1240/2 1241/2 1245/2 1244/2
f 1239/2 1240/2 1244/2 1243/2
f 1242/2 1246/2 1245/2 1241/2
f 1247/2 1250/2 1249/2 1248/2
f 1251/2 1252/2 1253/2 1254/2
f 1247/2 1251/2 1254/2 1250/2
f 1248/2 1249/2 1253/2 1252/2
f 1247/2 1248/2 1252/2 1251/2
f 1250/2 1254/2 1253/2 1249/2
f 1271/2 1274/2 1273/2 1272/2
f 1275/2 1276/2 1277/2 1278/2
f 1271/2 1275/2 1278/2 1274/2
f 1272/2 1273/2 1277/2 1276/2
f 1271/2 1272/2 1276/2 1275/2
f 1274/2 1278/2 1277/2 1273/2
f 1279/2 1282/2 1281/2 1280/2
f 1283/2 1284/2 1285/2 1286/2
f 1279/2 1283/2 1286/2 1282/2
f 1280/2 1281/2 1285/2 1284/2
f 1279/2 1280/2 1284/2 1283/2
f 1282/2 1286/2 1285/2 1281/2
f 1415/2 1418/2 1417/2 1416/2
f 1419/2 1420/2 1421/2 1422/2
f 1415/2 1419/2 1422/2 1418/2
f 1416/2 1417/2 1421/2 1420/2
f 1415/2 1416/2 1420/2 1419/2
f 1418/2 1422/2 1421/2 1417/2
f 1423/2 1426/2 1425/2 1424/2
f 1427/2 1428/2 1429/2 1430/2
f 1423/2 1427/2 1430/2 1426/2
f 1424/2 1425/2 1429/2 1428/2
f 1423/2 1424/2 1428/2 1427/2
f 1426/2 1430/2 1429/2 1425/2
f 1485/2 1488/2 1487/2 1486/2
f 1489/2 1490/2 1491/2 1492/2
f 1485/2 1489/2 1492/2 1488/2
f 1486/2 1487/2 1491/2 1490/2
f 1485/2 1486/2 1490/2 1489/2
f 1488/2 1492/2 1491/2 1487/2
f 1493/2 1496/2 1495/2 1494/2
f 1497/2 1498/2 1499/2 1500/2
f 1493/2 1497/2 1500/2 1496/2
f 1494/2 1495/2 1499/2 1498/2
f 1493/2 1494/2 1498/2 1497/2
f 1496/2 1500/2 1499/2 1495/2
f 1517/2 1520/2 1519/2 1518/2
f 1521/2 1522/2 1523/2 1524/2
f 1517/2 1521/2 1524/2 1520/2
f 1518/2 1519/2 1523/2 1522/2
f 1517/2 1518/2 1522/2 1521/2
f 1520/2 1524/2 1523/2 1519/2
f 1525/2 1528/2 1527/2 1526/2
f 1529/2 1530/2 1531/2 1532/2
f 1525/2 1529/2 1532/2 1528/2
f 1526/2 1527/2 1531/2 1530/2
f 1525/2 1526/2 1530/2 1529/2
f 1528/2 1532/2 1531/2 1527/2
f 1661/2 1664/2 1663/2 1662/2
f 1665/2 1666/2 1667/2 1668/2
f 1661/2 1665/2 1668/2 1664/2
f 1662/2 1663/2 1667/2 1666/2
f 1661/2 1662/2 1666/2 1665/2
f 1664/2 1668/2 1667/2 1663/2
f 1669/2 1672/2 1671/2 1670/2
f 1673/2 1674/2 1675/2 1676/2
f 1669/2 1673/2 1676/2 1672/2
f 1670/2 1671/2 1675/2 1674/2
f 1669/2 1670/2 1674/2 1673/2
f 1672/2 1676/2 1675/2 1671/2
f 1731/2 1734/2 1733/2 1732/2
f 1735/2 1736/2 1737/2 1738/2
f 1731/2 1735/2 1738/2 1734/2
f 1732/2 1733/2 1737/2 1736/2
f 1731/2 1732/2 1736/2 1735/2
f 1734/2 1738/2 1737/2 1733/2
f 1739/2 1742/2 1741/2 1740/2
f 1743/2 1744/2 1745/2 1746/2
f 1739/2 1743/2 1746/2 1742/2
f 1740/2 1741/2 1745/2 1744/2
f 1739/2 1740/2 1744/2 1743/2
f 1742/2 1746/2 1745/2 1741/2
f 1763/2 1766/2 1765/2 1764/2
f 1767/2 1768/2 1769/2 1770/2
f 1763/2 1767/2 1770/2 1766/2
f 1764/2 1765/2 1769/2 1768/2
f 1763/2 1764/2 1768/2 1767/2
f 1766/2 1770/2 1769/2 1765/2
f 1771/2 1774/2 1773/2 1772/2
f 1775/2 1776/2 1777/2 1778/2
f 1771/2 1775/2 1778/2 1774/2
f 1772/2 1773/2 1777/2 1776/2
f 1771/2 1772/2 1776/2 1775/2
f 1774/2 1778/2 1777/2 1773/2
f 1907/2 1910/2 1909/2 1908/2
f 1911/2 1912/2 1913/2 1914/2
f 1907/2 1911/2 1914/2 1910/2
f 1908/2 1909/2 1913/2 1912/2
f 1907/2 1908/2 1912/2 1911/2
f 1910/2 1914/2 1913/2 1909/2
f 1915/2 1918/2 1917/2 1916/2
f 1919/2 1920/2 1921/2 1922/2
f 1915/2 1919/2 1922/2 1918/2
f 1916/2 1917/2 1921/2 1920/2
f 1915/2 1916/2 1920/2 1919/2
f 1918/2 1922/2 1921/2 1917/2
f 1977/2 1980/2 1979/2 1978/2
f 1981/2 1982/2 1983/2 1984/2
f 1977/2 1981/2 1984/2 1980/2
f 1978/2 1979/2 1983/2 1982/2
f 1977/2 1978/2 1982/2 1981/2
f 1980/2 1984/2 1983/2 1979/2
f 1985/2 1988/2 1987/2 1986/2
f 1989/2 1990/2 1991/2 1992/2
f 1985/2 1989/2 1992/2 1988/2
f 1986/2 1987/2 1991/2 1990/2
f 1985/2 1986/2 1990/2 1989/2
f 1988/2 1992/2 1991/2 1987/2
f 2009/2 2012/2 2011/2 2010/2
f 2013/2 2014/2 2015/2 2016/2
f 2009/2 2013/2 2016/2 2012/2
f 2010/2 2011/2 2015/2 2014/2
f 2009/2 2010/2 2014/2 2013/2
f 2012/2 2016/2 2015/2 2011/2
f 2017/2 2020/2 2019/2 2018/2
f 2021/2 2022/2 2023/2 2024/2
f 2017/2 2021/2 2024/2 2020/2
f 2018/2 2019/2 2023/2 2022/2
f 2017/2 2018/2 2022/2 2021/2
f 2020/2 2024/2 2023/2 2019/2
f 2153/2 2156/2 2155/2 2154/2
f 2157/2 2158/2 2159/2 2160/2
f 2153/2 2157/2 2160/2 2156/2
f 2154/2 2155/2 2159/2 2158/2
f 2153/2 2154/2 2158/2 2157/2
f 2156/2 2160/2 2159/2 2155/2
f 2161/2 2164/2 2163/2 2162/2
f 2165/2 2166/2 2167/2 2168/2
f 2161/2 2165/2 2168/2 2164/2
f 2162/2 2163/2 2167/2 2166/2
f 2161/2 2162/2 2166/2 2165/2
f 2164/2 2168/2 2167/2 2163/2
f 2207/2 2210/2 2209/2 2208/2
f 2211/2 2212/2 2213/2 2214/2
f 2207/2 2211/2 2214/2 2210/2
f 2208/2 2209/2 2213/2 2212/2
f 2207/2 2208/2 2212/2 2211/2
f 2210/2 2214/2 2213/2 2209/2
f 2215/2 2218/2 2217/2 2216/2
f 2219/2 2220/2 2221/2 2222/2
f 2215/2 2219/2 2222/2 2218/2
f 2216/2 2217/2 2221/2 2220/2
f 2215/2 2216/2 2220/2 2219/2
f 2218/2 2222/2 2221/2 2217/2
f 2239/2 2242/2 2241/2 2240/2
f 2243/2 2244/2 2245/2 2246/2
f 2239/2 2243/2 2246/2 2242/2
f 2240/2 2241/2 2245/2 2244/2
f 2239/2 2240/2 2244/2 2243/2
f 2242/2 2246/2 2245/2 2241/2
f 2247/2 2250/2 2249/2 2248/2
f 2251/2 2252/2 2253/2 2254/2
f 2247/2 2251/2 2254/2 2250/2
f 2248/2 2249/2 2253/2 2252/2
f 2247/2 2248/2 2252/2 2251/2
f 2250/2 2254/2 2253/2 2249/2
f 2367/2 2370/2 2369/2 2368/2
f 2371/2 2372/2 2373/2 2374/2
f 2367/2 2371/2 2374/2 2370/2
f 2368/2 2369/2 2373/2 2372/2
f 2367/2 2368/2 2372/2 2371/2
f 2370/2 2374/2 2373/2 2369/2
f 2375/2 2378/2 2377/2 2376/2
f 2379/2 2380/2 2381/2 2382/2
f 2375/2 2379/2 2382/2 2378/2
f 2376/2 2377/2 2381/2 2380/2
f 2375/2 2376/2 2380/2 2379/2
f 2378/2 2382/2 2381/2 2377/2
f 2421/2 2424/2 2423/2 2422/2
f 2425/2 2426/2 2427/2 2428/2
f 2421/2 2425/2 2428/2 2424/2
f 2422/2 2423/2 2427/2 2426/2
f 2421/2 2422/2 2426/2 2425/2
f 2424/2 2428/2 2427/2 2423/2
f 2429/2 2432/2 2431/2 2430/2
f 2433/2 2434/2 2435/2 2436/2
f 2429/2 2433/2 2436/2 2432/2
f 2430/2 2431/2 2435/2 2434/2
f 2429/2 2430/2 2434/2 2433/2
f 2432/2 2436/2 2435/2 2431/2
f 2453/2 2456/2 2455/2 2454/2
f 2457/2 2458/2 2459/2 2460/2
f 2453/2 2457/2 2460/2 2456/2
f 2454/2 2455/2 2459/2 2458/2
f 2453/2 2454/2 2458/2 2457/2
f 2456/2 2460/2 2459/2 2455/2
f 2461/2 2464/2 2463/2 2462/2
f 2465/2 2466/2 2467/2 2468/2
f 2461/2 2465/2 2468/2 2464/2
f 2462/2 2463/2 2467/2 2466/2
f 2461/2 2462/2 2466/2 2465/2
f 2464/2 2468/2 2467/2 2463/2
f 2581/2 2584/2 2583/2 2582/2
f 2585/2 2586/2 2587/2 2588/2
f 2581/2 2585/2 2588/2 2584/2
f 2582/2 2583/2 2587/2 2586/2
f 2581/2 2582/2 2586/2 2585/2
f 2584/2 2588/2 2587/2 2583/2
f 2589/2 2592/2 2591/2 2590/2
f 2593/2 2594/2 2595/2 2596/2
f 2589/2 2593/2 2596/2 2592/2
f 2590/2 2591/2 2595/2 2594/2
f 2589/2 2590/2 2594/2 2593/2
f 2592/2 2596/2 2595/2 2591/2
f 2635/2 2638/2 2637/2 2636/2
f 2639/2 2640/2 2641/2 2642/2
f 2635/2 2639/2 2642/2 2638/2
f 2636/2 2637/2 2641/2 2640/2
f 2635/2 2636/2 2640/2 2639/2
f 2638/2 2642/2 2641/2 2637/2
f 2643/2 2646/2 2645/2 2644/2
f 2647/2 2648/2 2649/2 2650/2
f 2643/2 2647/2 2650/2 2646/2
f 2644/2 2645/2 2649/2 2648/2
f 2643/2 2644/2 2648/2 2647/2
f 2646/2 2650/2 2649/2 2645/2
f 2667/2 2670/2 2669/2 2668/2
f 2671/2 2672/2 2673/2 2674/2
f 2667/2 2671/2 2674/2 2670/2
f 2668/2 2669/2 2673/2 2672/2
f 2667/2 2668/2 2672/2 2671/2
f 2670/2 2674/2 2673/2 2669/2
f 2675/2 2678/2 2677/2 2676/2
f 2679/2 2680/2 2681/2 2682/2
f 2675/2 2679/2 2682/2 2678/2
f 2676/2 2677/2 2681/2 2680/2
f 2675/2 2676/2 2680/2 2679/2
f 2678/2 2682/2 2681/2 2677/2
f 2795/2 2798/2 2797/2 2796/2
f 2799/2 2800/2 2801/2 2802/2
f 2795/2 2799/2 2802/2 2798/2
f 2796/2 2797/2 2801/2 2800/2
f 2795/2 2796/2 2800/2 2799/2
f 2798/2 2802/2 2801/2 2797/2
f 2803/2 2806/2 2805/2 2804/2
f 2807/2 2808/2 2809/2 2810/2
f 2803/2 2807/2 2810/2 2806/2
f 2804/2 2805/2 2809/2 2808/2
f 2803/2 2804/2 2808/2 2807/2
f 2806/2 2810/2 2809/2 2805/2
f 2849/2 2852/2 2851/2 2850/2
f 2853/2 2854/2 2855/2 2856/2
f 2849/2 2853/2 2856/2 2852/2
f 2850/2 2851/2 2855/2 2854/2
f 2849/2 2850/2 2854/2 2853/2
f 2852/2 2856/2 2855/2 2851/2
f 2857/2 2860/2 2859/2 2858/2
f 2861/2 2862/2 2863/2 2864/2
f 2857/2 2861/2 2864/2 2860/2
f 2858/2 2859/2 2863/2 2862/2
f 2857/2 2858/2 2862/2 2861/2
f 2860/2 2864/2 2863/2 2859/2
f 2881/2 2884/2 2883/2 2882/2
f 2885/2 2886/2 2887/2 2888/2
f 2881/2 2885/2 2888/2 2884/2
f 2882/2 2883/2 2887/2 2886/2
f 2881/2 2882/2 2886/2 2885/2
f 2884/2 2888/2 2887/2 2883/2
f 2889/2 2892/2 2891/2 2890/2
f 2893/2 2894/2 2895/2 2896/2
f 2889/2 2893/2 2896/2 2892/2
f 2890/2 2891/2 2895/2 2894/2
f 2889/2 2890/2 2894/2 2893/2
f 2892/2 2896/2 2895/2 2891/2
f 3009/2 3012/2 3011/2 3010/2
f 3013/2 3014/2 3015/2 3016/2
f 3009/2 3013/2 3016/2 3012/2
f 3010/2 3011/2 3015/2 3014/2
f 3009/2 3010/2 3014/2 3013/2
f 3012/2 3016/2 3015/2 3011/2
f 3017/2 3020/2 3019/2 3018/2
f 3021/2 3022/2 3023/2 3024/2
f 3017/2 3021/2 3024/2 3020/2
f 3018/2 3019/2 3023/2 3022/2
f 3017/2 3018/2 3022/2 3021/2
f 3020/2 3024/2 3023/2 3019/2
f 3063/2 3066/2 3065/2 3064/2
f 3067/2 3068/2 3069/2 3070/2
f 3063/2 3067/2 3070/2 3066/2
f 3064/2 3065/2 3069/2 3068/2
f 3063/2 3064/2 3068/2 3067/2
f 3066/2 3070/2 3069/2 3065/2
f 3071/2 3074/2 3073/2 3072/2
f 3075/2 3076/2 3077/2 3078/2
f 3071/2 3075/2 3078/2 3074/2
f 3072/2 3073/2 3077/2 3076/2
f 3071/2 3072/2 3076/2 3075/2
f 3074/2 3078/2 3077/2 3073/2
f 3095/2 3098/2 3097/2 3096/2
f 3099/2 3100/2 3101/2 3102/2
f 3095/2 3099/2 3102/2 3098/2
f 3096/2 3097/2 3101/2 3100/2
f 3095/2 3096/2 3100/2 3099/2
f 3098/2 3102/2 3101/2 3097/2
f 3103/2 3106/2 3105/2 3104/2
f 3107/2 3108/2 3109/2 3110/2
f 3103/2 3107/2 3110/2 3106/2
f 3104/2 3105/2 3109/2 3108/2
f 3103/2 3104/2 3108/2 3107/2
f 3106/2 3110/2 3109/2 3105/2
f 3223/2 3226/2 3225/2 3224/2
f 3227/2 3228/2 3229/2 3230/2
f 3223/2 3227/2 3230/2 3226/2
f 3224/2 3225/2 3229/2 3228/2
f 3223/2 3224/2 3228/2 3227/2
f 3226/2 3230/2 3229/2 3225/2
f 3231/2 3234/2 3233/2 3232/2
f 3235/2 3236/2 3237/2 3238/2
f 3231/2 3235/2 3238/2 3234/2
f 3232/2 3233/2 3237/2 3236/2
f 3231/2 3232/2 3236/2 3235/2
f 3234/2 3238/2 3237/2 3233/2
f 3277/2 3280/2 3279/2 3278/2
f 3281/2 3282/2 3283/2 3284/2
f 3277/2 3281/2 3284/2 3280/2
f 3278/2 3279/2 3283/2 3282/2
f 3277/2 3278/2 3282/2 3281/2
f 3280/2 3284/2 3283/2 3279/2
f 3285/2 3288/2 3287/2 3286/2
f 3289/2 3290/2 3291/2 3292/2
f 3285/2 3289/2 3292/2 3288/2
f 3286/2 3287/2 3291/2 3290/2
f 3285/2 3286/2 3290/2 3289/2
f 3288/2 3292/2 3291/2 3287/2
f 3309/2 3312/2 3311/2 3310/2
f 3313/2 3314/2 3315/2 3316/2
f 3309/2 3313/2 3316/2 3312/2
f 3310/2 3311/2 3315/2 3314/2
f 3309/2 3310/2 3314/2 3313/2
f 3312/2 3316/2 3315/2 3311/2
f 3317/2 3320/2 3319/2 3318/2
f 3321/2 3322/2 3323/2 3324/2
f 3317/2 3321/2 3324/2 3320/2
f 3318/2 3319/2 3323/2 3322/2
f 3317/2 3318/2 3322/2 3321/2
f 3320/2 3324/2 3323/2 3319/2
f 3437/2 3440/2 3439/2 3438/2
f 3441/2 3442/2 3443/2 3444/2
f 3437/2 3441/2 3444/2 3440/2
f 3438/2 3439/2 3443/2 3442/2
f 3437/2 3438/2 3442/2 3441/2
f 3440/2 3444/2 3443/2 3439/2
f 3445/2 3448/2 3447/2 3446/2
f 3449/2 3450/2 3451/2 3452/2
f 3445/2 3449/2 3452/2 3448/2
f 3446/2 3447/2 3451/2 3450/2
f 3445/2 3446/2 3450/2 3449/2
f 3448/2 3452/2 3451/2 3447/2
f 3491/2 3494/2 3493/2 3492/2
f 3495/2 3496/2 3497/2 3498/2
f 3491/2 3495/2 3498/2 3494/2
f 3492/2 3493/2 3497/2 3496/2
f 3491/2 3492/2 3496/2 3495/2
f 3494/2 3498/2 3497/2 3493/2
f 3499/2 3502/2 3501/2 3500/2
f 3503/2 3504/2 3505/2 3506/2
f 3499/2 3503/2 3506/2 3502/2
f 3500/2 3501/2 3505/2 3504/2
f 3499/2 3500/2 3504/2 3503/2
f 3502/2 3506/2 3505/2 3501/2
f 3523/2 3526/2 3525/2 3524/2
f 3527/2 3528/2 3529/2 3530/2
f 3523/2 3527/2 3530/2 3526/2
f 3524/2 3525/2 3529/2 3528/2
f 3523/2 3524/2 3528/2 3527/2
f 3526/2 3530/2 3529/2 3525/2
f 3531/2 3534/2 3533/2 3532/2
f 3535/2 3536/2 3537/2 3538/2
f 3531/2 3535/2 3538/2 3534/2
f 3532/2 3533/2 3537/2 3536/2
f 3531/2 3532/2 3536/2 3535/2
f 3534/2 3538/2 3537/2 3533/2
f 3651/2 3654/2 3653/2 3652/2
f 3655/2 3656/2 3657/2 3658/2
f 3651/2 3655/2 3658/2 3654/2
f 3652/2 3653/2 3657/2 3656/2
f 3651/2 3652/2 3656/2 3655/2
f 3654/2 3658/2 3657/2 3653/2
f 3659/2 3662/2 3661/2 3660/2
f 3663/2 3664/2 3665/2 3666/2
f 3659/2 3663/2 3666/2 3662/2
f 3660/2 3661/2 3665/2 3664/2
f 3659/2 3660/2 3664/2 3663/2
f 3662/2 3666/2 3665/2 3661/2
f 3683/2 3686/2 3685/2 3684/2
f 3687/2 3688/2 3689/2 3690/2
f 3683/2 3687/2 3690/2 3686/2
f 3684/2 3685/2 3689/2 3688/2
f 3683/2 3684/2 3688/2 3687/2
f 3686/2 3690/2 3689/2 3685/2
f 3691/2 3694/2 3693/2 3692/2
f 3695/2 3696/2 3697/2 3698/2
f 3691/2 3695/2 3698/2 3694/2
f 3692/2 3693/2 3697/2 3696/2
f 3691/2 3692/2 3696/2 3695/2
f 3694/2 3698/2 3697/2 3693/2
f 3715/2 3718/2 3717/2 3716/2
f 3719/2 3720/2 3721/2 3722/2
f 3715/2 3719/2 3722/2 3718/2
f 3716/2 3717/2 3721/2 3720/2
f 3715/2 3716/2 3720/2 3719/2
f 3718/2 3722/2 3721/2 3717/2
f 3723/2 3726/2 3725/2 3724/2
f 3727/2 3728/2 3729/2 3730/2
f 3723/2 3727/2 3730/2 3726/2
f 3724/2 3725/2 3729/2 3728/2
f 3723/2 3724/2 3728/2 3727/2
f 3726/2 3730/2 3729/2 3725/2
f 3843/2 3846/2 3845/2 3844/2
f 3847/2 3848/2 3849/2 3850/2
f 3843/2 3847/2 3850/2 3846/2
f 3844/2 3845/2 3849/2 3848/2
f 3843/2 3844/2 3848/2 3847/2
f 3846/2 3850/2 3849/2 3845/2
f 3851/2 3854/2 3853/2 3852/2
f 3855/2 3856/2 3857/2 3858/2
f 3851/2 3855/2 3858/2 3854/2
f 3852/2 3853/2 3857/2 3856/2
f 3851/2 3852/2 3856/2 3855/2
f 3854/2 3858/2 3857/2 3853/2
f 3875/2 3878/2 3877/2 3876/2
f 3879/2 3880/2 3881/2 3882/2
f 3875/2 3879/2 3882/2 3878/2
f 3876/2 3877/2 3881/2 3880/2
f 3875/2 3876/2 3880/2 3879/2
f 3878/2 3882/2 3881/2 3877/2
f 3883/2 3886/2 3885/2 3884/2
f 3887/2 3888/2 3889/2 3890/2
f 3883/2 3887/2 3890/2 3886/2
f 3884/2 3885/2 3889/2 3888/2
f 3883/2 3884/2 3888/2 3887/2
f 3886/2 3890/2 3889/2 3885/2
f 3907/2 3910/2 3909/2 3908/2
f 3911/2 3912/2 3913/2 3914/2
f 3907/2 3911/2 3914/2 3910/2
f 3908/2 3909/2 3913/2 3912/2
f 3907/2 3908/2 3912/2 3911/2
f 3910/2 3914/2 3913/2 3909/2
f 3915/2 3918/2 3917/2 3916/2
f 3919/2 3920/2 3921/2 3922/2
f 3915/2 3919/2 3922/2 3918/2
f 3916/2 3917/2 3921/2 3920/2
f 3915/2 3916/2 3920/2 3919/2
f 3918/2 3922/2 3921/2 3917/2
f 4035/2 4038/2 4037/2 4036/2
f 4039/2 4040/2 4041/2 4042/2
f 4035/2 4039/2 4042/2 4038/2
f 4036/2 4037/2 4041/2 4040/2
f 4035/2 4036/2 4040/2 4039/2
f 4038/2 4042/2 4041/2 4037/2
f 4043/2 4046/2 4045/2 4044/2
f 4047/2 4048/2 4049/2 4050/2
f 4043/2 4047/2 4050/2 4046/2
f 4044/2 4045/2 4049/2 4048/2
f 4043/2 4044/2 4048/2 4047/2
f 4046/2 4050/2 4049/2 4045/2
f 4067/2 4070/2 4069/2 4068/2
f 4071/2 4072/2 4073/2 4074/2
f 4067/2 4071/2 4074/2 4070/2
f 4068/2 4069/2 4073/2 4072/2
f 4067/2 4068/2 4072/2 4071/2
f 4070/2 4074/2 4073/2 4069/2
f 4075/2 4078/2 4077/2 4076/2
f 4079/2 4080/2 4081/2 4082/2
f 4075/2 4079/2 4082/2 4078/2
f 4076/2 4077/2 4081/2 4080/2
f 4075/2 4076/2 4080/2 4079/2
f 4078/2 4082/2 4081/2 4077/2
f 4099/2 4102/2 4101/2 4100/2
f 4103/2 4104/2 4105/2 4106/2
f 4099/2 4103/2 4106/2 4102/2
f 4100/2 4101/2 4105/2 4104/2
f 4099/2 4100/2 4104/2 4103/2
f 4102/2 4106/2 4105/2 4101/2
f 4107/2 4110/2 4109/2 4108/2
f 4111/2 4112/2 4113/2 4114/2
f 4107/2 4111/2 4114/2 4110/2
f 4108/2 4109/2 4113/2 4112/2
f 4107/2 4108/2 4112/2 4111/2
f 4110/2 4114/2 4113/2 4109/2
f 4227/2 4230/2 4229/2 4228/2
f 4231/2 4232/2 4233/2 4234/2
f 4227/2 4231/2 4234/2 4230/2
f 4228/2 4229/2 4233/2 4232/2
f 4227/2 4228/2 4232/2 4231/2
f 4230/2 4234/2 4233/2 4229/2
f 4235/2 4238/2 4237/2 4236/2
f 4239/2 4240/2 4241/2 4242/2
f 4235/2 4239/2 4242/2 4238/2
f 4236/2 4237/2 4241/2 4240/2
f 4235/2 4236/2 4240/2 4239/2
f 4238/2 4242/2 4241/2 4237/2
f 4259/2 4262/2 4261/2 4260/2
f 4263/2 4264/2 4265/2 4266/2
f 4259/2 4263/2 4266/2 4262/2
f 4260/2 4261/2 4265/2 4264/2
f 4259/2 4260/2 4264/2 4263/2
f 4262/2 4266/2 4265/2 4261/2
f 4267/2 4270/2 4269/2 4268/2
f 4271/2 4272/2 4273/2 4274/2
f 4267/2 4271/2 4274/2 4270/2
f 4268/2 4269/2 4273/2 4272/2
f 4267/2 4268/2 4272/2 4271/2
f 4270/2 4274/2 4273/2 4269/2
f 4291/2 4294/2 4293/2 4292/2
f 4295/2 4296/2 4297/2 4298/2
f 4291/2 4295/2 4298/2 4294/2
f 4292/2 4293/2 4297/2 4296/2
f 4291/2 4292/2 4296/2 4295/2
f 4294/2 4298/2 4297/2 4293/2
f 4299/2 4302/2 4301/2 4300/2
f 4303/2 4304/2 4305/2 4306/2
f 4299/2 4303/2 4306/2 4302/2
f 4300/2 4301/2 4305/2 4304/2
f 4299/2 4300/2 4304/2 4303/2
f 4302/2 4306/2 4305/2 4301/2
f 4419/2 4422/2 4421/2 4420/2
f 4423/2 4424/2 4425/2 4426/2
f 4419/2 4423/2 4426/2 4422/2
f 4420/2 4421/2 4425/2 4424/2
f 4419/2 4420/2 4424/2 4423/2
f 4422/2 4426/2 4425/2 4421/2
f 4427/2 4430/2 4429/2 4428/2
f 4431/2 4432/2 4433/2 4434/2
f 4427/2 4431/2 4434/2 4430/2
f 4428/2 4429/2 4433/2 4432/2
f 4427/2 4428/2 4432/2 4431/2
f 4430/2 4434/2 4433/2 4429/2
f 4451/2 4454/2 4453/2 4452/2
f 4455/2 4456/2 4457/2 4458/2
f 4451/2 4455/2 4458/2 4454/2
f 4452/2 4453/2 4457/2 4456/2
f 4451/2 4452/2 4456/2 4455/2
f 4454/2 4458/2 4457/2 4453/2
f 4459/2 4462/2 4461/2 4460/2
f 4463/2 4464/2 4465/2 4466/2
f 4459/2 4463/2 4466/2 4462/2
f 4460/2 4461/2 4465/2 4464/2
f 4459/2 4460/2 4464/2 4463/2
f 4462/2 4466/2 4465/2 4461/2
f 4483/2 4486/2 4485/2 4484/2
f 4487/2 4488/2 4489/2 4490/2
f 4483/2 4487/2 4490/2 4486/2
f 4484/2 4485/2 4489/2 4488/2
f 4483/2 4484/2 4488/2 4487/2
f 4486/2 4490/2 4489/2 4485/2
f 4491/2 4494/2 4493/2 4492/2
f 4495/2 4496/2 4497/2 4498/2
f 4491/2 4495/2 4498/2 4494/2
f 4492/2 4493/2 4497/2 4496/2
f 4491/2 4492/2 4496/2 4495/2
f 4494/2 4498/2 4497/2 4493/2
usemtl cream
f 113/1 116/1 115/1 114/1
f 117/1 118/1 119/1 120/1
f 113/1 117/1 120/1 116/1
f 114/1 115/1 119/1 118/1
f 113/1 114/1 118/1 117/1
f 116/1 120/1 119/1 115/1
f 121/1 124/1 123/1 122/1
f 125/1 126/1 127/1 128/1
f 121/1 125/1 128/1 124/1
f 122/1 123/1 127/1 126/1
f 121/1 122/1 126/1 125/1
f 124/1 128/1 127/1 123/1
f 145/1 148/1 147/1 146/1
f 149/1 150/1 151/1 152/1
f 145/1 149/1 152/1 148/1
f 146/1 147/1 151/1 150/1
f 145/1 146/1 150/1 149/1
f 148/1 152/1 151/1 147/1
f 153/1 156/1 155/1 154/1
f 157/1 158/1 159/1 160/1
f 153/1 157/1 160/1 156/1
f 154/1 155/1 159/1 158/1
f 153/1 154/1 158/1 157/1
f 156/1 160/1 159/1 155/1
f 177/1 180/1 179/1 178/1
f 181/1 182/1 183/1 184/1
f 177/1 181/1 184/1 180/1
f 178/1 179/1 183/1 182/1
f 177/1 178/1 182/1 181/1
f 180/1 184/1 183/1 179/1
f 185/1 188/1 187/1 186/1
f 189/1 190/1 191/1 192/1
f 185/1 189/1 192/1 188/1
f 186/1 187/1 191/1 190/1
f 185/1 186/1 190/1 189/1
f 188/1 192/1 191/1 187/1
f 305/1 308/1 307/1 306/1
f 309/1 310/1 311/1 312/1
f 305/1 309/1 312/1 308/1
f 306/1 307/1 311/1 310/1
f 305/1 306/1 310/1 309/1
f 308/1 312/1 311/1 307/1
f 313/1 316/1 315/1 314/1
f 317/1 318/1 319/1 320/1
f 313/1 317/1 320/1 316/1
f 314/1 315/1 319/1 318/1
f 313/1 314/1 318/1 317/1
f 316/1 320/1 319/1 315/1
f 337/1 340/1 339/1 338/1
f 341/1 342/1 343/1 344/1
f 337/1 341/1 344/1 340/1
f 338/1 339/1 343/1 342/1
f 337/1 338/1 342/1 341/1
f 340/1 344/1 343/1 339/1
f 345/1 348/1 347/1 346/1
f 349/1 350/1 351/1 352/1
f 345/1 349/1 352/1 348/1
f 346/1 347/1 351/1 350/1
f 345/1 346/1 350/1 349/1
f 348/1 352/1 351/1 347/1
f 369/1 372/1 371/1 370/1
f 373/1 374/1 375/1 376/1
f 369/1 373/1 376/1 372/1
f 370/1 371/1 375/1 374/1
f 369/1 370/1 374/1 373/1
f 372/1 376/1 375/1 371/1
f 377/1 380/1 379/1 378/1
f 381/1 382/1 383/1 384/1
f 377/1 381/1 384/1 380/1
f 378/1 379/1 383/1 382/1
f 377/1 378/1 382/1 381/1
f 380/1 384/1 383/1 379/1
f 497/1 500/1 499/1 498/1
f 501/1 502/1 503/1 504/1
f 497/1 501/1 504/1 500/1
f 498/1 499/1 503/1 502/1
f 497/1 498/1 502/1 501/1
f 500/1 504/1 503/1 499/1
f 505/1 508/1 507/1 506/1
f 509/1 510/1 511/1 512/1
f 505/1 509/1 512/1 508/1
f 506/1 507/1 511/1 510/1
f 505/1 506/1 510/1 509/1
f 508/1 512/1 511/1 507/1
f 529/1 532/1 531/1 530/1
f 533/1 534/1 535/1 536/1
f 529/1 533/1 536/1 532/1
f 530/1 531/1 535/1 534/1
f 529/1 530/1 534/1 533/1
f 532/1 536/1 535/1 531/1
f 537/1 540/1 539/1 538/1
f 541/1 542/1 543/1 544/1
f 537/1 541/1 544/1 540/1
f 538/1 539/1 543/1 542/1
f 537/1 538/1 542/1 541/1
f 540/1 544/1 543/1 539/1
f 561/1 564/1 563/1 562/1
f 565/1 566/1 567/1 568/1
f 561/1 565/1 568/1 564/1
f 562/1 563/1 567/1 566/1
f 561/1 562/1 566/1 565/1
f 564/1 568/1 567/1 563/1
f 569/1 572/1 571/1 570/1
f 573/1 574/1 575/1 576/1
f 569/1 573/1 576/1 572/1
f 570/1 571/1 575/1 574/1
f 569/1 570/1 574/1 573/1
f 572/1 576/1 575/1 571/1
f 689/1 692/1 691/1 690/1
f 693/1 694/1 695/1 696/1
f 689/1 693/1 696/1 692/1
f 690/1 691/1 695/1 694/1
f 689/1 690/1 694/1 693/1
f 692/1 696/1 695/1 691/1
f 697/1 700/1 699/1 698/1
f 701/1 702/1 703/1 704/1
f 697/1 701/1 704/1 700/1
f 698/1 699/1 703/1 702/1
f 697/1 698/1 702/1 701/1
f 700/1 704/1 703/1 699/1
f 721/1 724/1 723/1 722/1
f 725/1 726/1 727/1 728/1
f 721/1 725/1 728/1 724/1
f 722/1 723/1 727/1 726/1
f 721/1 722/1 726/1 725/1
f 724/1 728/1 727/1 723/1
f 729/1 732/1 731/1 730/1
f 733/1 734/1 735/1 736/1
f 729/1 733/1 736/1 732/1
f 730/1 731/1 735/1 734/1
f 729/1 730/1 734/1 733/1
f 732/1 736/1 735/1 731/1
f 753/1 756/1 755/1 754/1
f 757/1 758/1 759/1 760/1
f 753/1 757/1 760/1 756/1
f 754/1 755/1 759/1 758/1
f 753/1 754/1 758/1 757/1
f 756/1 760/1 759/1 755/1
f 761/1 764/1 763/1 762/1
f 765/1 766/1 767/1 768/1
f 761/1 765/1 768/1 764/1
f 762/1 763/1 767/1 766/1
f 761/1 762/1 766/1 765/1
f 764/1 768/1 767/1 763/1
f 881/1 884/1 883/1 882/1
f 885/1 886/1 887/1 888/1
f 881/1 885/1 888/1 884/1
f 882/1 883/1 887/1 886/1
f 881/1 882/1 886/1 885/1
f 884/1 888/1 887/1 883/1
f 889/1 892/1 891/1 890/1
f 893/1 894/1 895/1 896/1
f 889/1 893/1 896/1 892/1
f 890/1 891/1 895/1 894/1
f 889/1 890/1 894/1 893/1
f 892/1 896/1 895/1 891/1
f 913/1 916/1 915/1 914/1
f 917/1 918/1 919/1 920/1
f 913/1 917/1 920/1 916/1
f 914/1 915/1 919/1 918/1
f 913/1 914/1 918/1 917/1
f 916/1 920/1 919/1 915/1
f 921/1 924/1 923/1 922/1
f 925/1 926/1 927/1 928/1
f 921/1 925/1 928/1 924/1
f 922/1 923/1 927/1 926/1
f 921/1 922/1 926/1 925/1
f 924/1 928/1 927/1 923/1
f 945/1 948/1 947/1 946/1
f 949/1 950/1 951/1 952/1
f 945/1 949/1 952/1 948/1
f 946/1 947/1 951/1 950/1
f 945/1 946/1 950/1 949/1
f 948/1 952/1 951/1 947/1
f 953/1 956/1 955/1 954/1
f 957/1 958/1 959/1 960/1
f 953/1 957/1 960/1 956/1
f 954/1 955/1 959/1 958/1
f 953/1 954/1 958/1 957/1
f 956/1 960/1 959/1 955/1
f 1073/1 1076/1 1075/1 1074/1
f 1077/1 1078/1 1079/1 1080/1
f 1073/1 1077/1 1080/1 1076/1
f 1074/1 1075/1 1079/1 1078/1
f 1073/1 1074/1 1078/1 1077/1
f 1076/1 1080/1 1079/1 1075/1
f 1081/1 1084/1 1083/1 1082/1
f 1085/1 1086/1 1087/1 1088/1
f 1081/1 1085/1 1088/1 1084/1
f 1082/1 1083/1 1087/1 1086/1
f 1081/1 1082/1 1086/1 1085/1
f 1084/1 1088/1 1087/1 1083/1
f 1105/1 1108/1 1107/1 1106/1
f 1109/1 1110/1 1111/1 1112/1
f 1105/1 1109/1 1112/1 1108/1
f 1106/1 1107/1 1111/1 1110/1
f 1105/1 1106/1 1110/1 1109/1
f 1108/1 1112/1 1111/1 1107/1
f 1113/1 1116/1 1115/1 1114/1
f 1117/1 1118/1 1119/1 1120/1
f 1113/1 1117/1 1120/1 1116/1
f 1114/1 1115/1 1119/1 1118/1
f 1113/1 1114/1 1118/1 1117/1
f 1116/1 1120/1 1119/1 1115/1
f 1137/1 1140/1 1139/1 1138/1
f 1141/1 1142/1 1143/1 1144/1
f 1137/1 1141/1 1144/1 1140/1
f 1138/1 1139/1 1143/1 1142/1
f 1137/1 1138/1 1142/1 1141/1
f 1140/1 1144/1 1143/1 1139/1
f 1145/1 1148/1 1147/1 1146/1
f 1149/1 1150/1 1151/1 1152/1
f 1145/1 1149/1 1152/1 1148/1
f 1146/1 1147/1 1151/1 1150/1
f 1145/1 1146/1 1150/1 1149/1
f 1148/1 1152/1 1151/1 1147/1
f 1201/1 1202/1 1208/1 1207/1
f 1213/1 1202/1 1201/1
f 1214/1 1207/1 1208/1
f 1202/1 1203/1 1209/1 1208/1
f 1213/1 1203/1 1202/1
f 1214/1 1208/1 1209/1
f 1203/1 1204/1 1210/1 1209/1
f 1213/1 1204/1 1203/1
f 1214/1 1209/1 1210/1
f 1204/1 1205/1 1211/1 1210/1
f 1213/1 1205/1 1204/1
f 1214/1 1210/1 1211/1
f 1205/1 1206/1 1212/1 1211/1
f 1213/1 1206/1 1205/1
f 1214/1 1211/1 1212/1
f 1206/1 1201/1 1207/1 1212/1
f 1213/1 1201/1 1206/1
f 1214/1 1212/1 1207/1
f 1303/1 1306/1 1305/1 1304/1
f 1307/1 1308/1 1309/1 1310/1
f 1303/1 1307/1 1310/1 1306/1
f 1304/1 1305/1 1309/1 1308/1
f 1303/1 1304/1 1308/1 1307/1
f 1306/1 1310/1 1309/1 1305/1
f 1311/1 1314/1 1313/1 1312/1
f 1315/1 1316/1 1317/1 1318/1
f 1311/1 1315/1 1318/1 1314/1
f 1312/1 1313/1 1317/1 1316/1
f 1311/1 1312/1 1316/1 1315/1
f 1314/1 1318/1 1317/1 1313/1
f 1351/1 1354/1 1353/1 1352/1
f 1355/1 1356/1 1357/1 1358/1
f 1351/1 1355/1 1358/1 1354/1
f 1352/1 1353/1 1357/1 1356/1
f 1351/1 1352/1 1356/1 1355/1
f 1354/1 1358/1 1357/1 1353/1
f 1359/1 1362/1 1361/1 1360/1
f 1363/1 1364/1 1365/1 1366/1
f 1359/1 1363/1 1366/1 1362/1
f 1360/1 1361/1 1365/1 1364/1
f 1359/1 1360/1 1364/1 1363/1
f 1362/1 1366/1 1365/1 1361/1
f 1383/1 1386/1 1385/1 1384/1
f 1387/1 1388/1 1389/1 1390/1
f 1383/1 1387/1 1390/1 1386/1
f 1384/1 1385/1 1389/1 1388/1
f 1383/1 1384/1 1388/1 1387/1
f 1386/1 1390/1 1389/1 1385/1
f 1391/1 1394/1 1393/1 1392/1
f 1395/1 1396/1 1397/1 1398/1
f 1391/1 1395/1 1398/1 1394/1
f 1392/1 1393/1 1397/1 1396/1
f 1391/1 1392/1 1396/1 1395/1
f 1394/1 1398/1 1397/1 1393/1
f 1447/1 1448/1 1454/1 1453/1
f 1459/1 1448/1 1447/1
f 1460/1 1453/1 1454/1
f 1448/1 1449/1 1455/1 1454/1
f 1459/1 1449/1 1448/1
f 1460/1 1454/1 1455/1
f 1449/1 1450/1 1456/1 1455/1
f 1459/1 1450/1 1449/1
f 1460/1 1455/1 1456/1
f 1450/1 1451/1 1457/1 1456/1
f 1459/1 1451/1 1450/1
f 1460/1 1456/1 1457/1
f 1451/1 1452/1 1458/1 1457/1
f 1459/1 1452/1 1451/1
f 1460/1 1457/1 1458/1
f 1452/1 1447/1 1453/1 1458/1
f 1459/1 1447/1 1452/1
f 1460/1 1458/1 1453/1
f 1549/1 1552/1 1551/1 1550/1
f 1553/1 1554/1 1555/1 1556/1
f 1549/1 1553/1 1556/1 1552/1
f 1550/1 1551/1 1555/1 1554/1
f 1549/1 1550/1 1554/1 1553/1
f 1552/1 1556/1 1555/1 1551/1
f 1557/1 1560/1 1559/1 1558/1
f 1561/1 1562/1 1563/1 1564/1
f 1557/1 1561/1 1564/1 1560/1
f 1558/1 1559/1 1563/1 1562/1
f 1557/1 1558/1 1562/1 1561/1
f 1560/1 1564/1 1563/1 1559/1
f 1597/1 1600/1 1599/1 1598/1
f 1601/1 1602/1 1603/1 1604/1
f 1597/1 1601/1 1604/1 1600/1
f 1598/1 1599/1 1603/1 1602/1
f 1597/1 1598/1 1602/1 1601/1
f 1600/1 1604/1 1603/1 1599/1
f 1605/1 1608/1 1607/1 1606/1
f 1609/1 1610/1 1611/1 1612/1
f 1605/1 1609/1 1612/1 1608/1
f 1606/1 1607/1 1611/1 1610/1
f 1605/1 1606/1 1610/1 1609/1
f 1608/1 1612/1 1611/1 1607/1
f 1629/1 1632/1 1631/1 1630/1
f 1633/1 1634/1 1635/1 1636/1
f 1629/1 1633/1 1636/1 1632/1
f 1630/1 1631/1 1635/1 1634/1
f 1629/1 1630/1 1634/1 1633/1
f 1632/1 1636/1 1635/1 1631/1
f 1637/1 1640/1 1639/1 1638/1
f 1641/1 1642/1 1643/1 1644/1
f 1637/1 1641/1 1644/1 1640/1
f 1638/1 1639/1 1643/1 1642/1
f 1637/1 1638/1 1642/1 1641/1
f 1640/1 1644/1 1643/1 1639/1
f 1693/1 1694/1 1700/1 1699/1
f 1705/1 1694/1 1693/1
f 1706/1 1699/1 1700/1
f 1694/1 1695/1 1701/1 1700/1
f 1705/1 1695/1 1694/1
f 1706/1 1700/1 1701/1
f 1695/1 1696/1 1702/1 1701/1
f 1705/1 1696/1 1695/1
f 1706/1 1701/1 1702/1
f 1696/1 1697/1 1703/1 1702/1
f 1705/1 1697/1 1696/1
f 1706/1 1702/1 1703/1
f 1697/1 1698/1 1704/1 1703/1
f 1705/1 1698/1 1697/1
f 1706/1 1703/1 1704/1
f 1698/1 1693/1 1699/1 1704/1
f 1705/1 1693/1 1698/1
f 1706/1 1704/1 1699/1
f 1795/1 1798/1 1797/1 1796/1
f 1799/1 1800/1 1801/1 1802/1
f 1795/1 1799/1 1802/1 1798/1
f 1796/1 1797/1 1801/1 1800/1
f 1795/1 1796/1 1800/1 1799/1
f 1798/1 1802/1 1801/1 1797/1
f 1803/1 1806/1 1805/1 1804/1
f 1807/1 1808/1 1809/1 1810/1
f 1803/1 1807/1 1810/1 1806/1
f 1804/1 1805/1 1809/1 1808/1
f 1803/1 1804/1 1808/1 1807/1
f 1806/1 1810/1 1809/1 1805/1
f 1843/1 1846/1 1845/1 1844/1
f 1847/1 1848/1 1849/1 1850/1
f 1843/1 1847/1 1850/1 1846/1
f 1844/1 1845/1 1849/1 1848/1
f 1843/1 1844/1 1848/1 1847/1
f 1846/1 1850/1 1849/1 1845/1
f 1851/1 1854/1 1853/1 1852/1
f 1855/1 1856/1 1857/1 1858/1
f 1851/1 1855/1 1858/1 1854/1
f 1852/1 1853/1 1857/1 1856/1
f 1851/1 1852/1 1856/1 1855/1
f 1854/1 1858/1 1857/1 1853/1
f 1875/1 1878/1 1877/1 1876/1
f 1879/1 1880/1 1881/1 1882/1
f 1875/1 1879/1 1882/1 1878/1
f 1876/1 1877/1 1881/1 1880/1
f 1875/1 1876/1 1880/1 1879/1
f 1878/1 1882/1 1881/1 1877/1
f 1883/1 1886/1 1885/1 1884/1
f 1887/1 1888/1 1889/1 1890/1
f 1883/1 1887/1 1890/1 1886/1
f 1884/1 1885/1 1889/1 1888/1
f 1883/1 1884/1 1888/1 1887/1
f 1886/1 1890/1 1889/1 1885/1
f 1939/1 1940/1 1946/1 1945/1
f 1951/1 1940/1 1939/1
f 1952/1 1945/1 1946/1
f 1940/1 1941/1 1947/1 1946/1
f 1951/1 1941/1 1940/1
f 1952/1 1946/1 1947/1
f 1941/1 1942/1 1948/1 1947/1
f 1951/1 1942/1 1941/1
f 1952/1 1947/1 1948/1
f 1942/1 1943/1 1949/1 1948/1
f 1951/1 1943/1 1942/1
f 1952/1 1948/1 1949/1
f 1943/1 1944/1 1950/1 1949/1
f 1951/1 1944/1 1943/1
f 1952/1 1949/1 1950/1
f 1944/1 1939/1 1945/1 1950/1
f 1951/1 1939/1 1944/1
f 1952/1 1950/1 1945/1
f 2041/1 2044/1 2043/1 2042/1
f 2045/1 2046/1 2047/1 2048/1
f 2041/1 2045/1 2048/1 2044/1
f 2042/1 2043/1 2047/1 2046/1
f 2041/1 2042/1 2046/1 2045/1
f 2044/1 2048/1 2047/1 2043/1
f 2049/1 2052/1 2051/1 2050/1
f 2053/1 2054/1 2055/1 2056/1
f 2049/1 2053/1 2056/1 2052/1
f 2050/1 2051/1 2055/1 2054/1
f 2049/1 2050/1 2054/1 2053/1
f 2052/1 2056/1 2055/1 2051/1
f 2089/1 2092/1 2091/1 2090/1
f 2093/1 2094/1 2095/1 2096/1
f 2089/1 2093/1 2096/1 2092/1
f 2090/1 2091/1 2095/1 2094/1
f 2089/1 2090/1 2094/1 2093/1
f 2092/1 2096/1 2095/1 2091/1
f 2097/1 2100/1 2099/1 2098/1
f 2101/1 2102/1 2103/1 2104/1
f 2097/1 2101/1 2104/1 2100/1
f 2098/1 2099/1 2103/1 2102/1
f 2097/1 2098/1 2102/1 2101/1
f 2100/1 2104/1 2103/1 2099/1
f 2121/1 2124/1 2123/1 2122/1
f 2125/1 2126/1 2127/1 2128/1
f 2121/1 2125/1 2128/1 2124/1
f 2122/1 2123/1 2127/1 2126/1
f 2121/1 2122/1 2126/1 2125/1
f 2124/1 2128/1 2127/1 2123/1
f 2129/1 2132/1 2131/1 2130/1
f 2133/1 2134/1 2135/1 2136/1
f 2129/1 2133/1 2136/1 2132/1
f 2130/1 2131/1 2135/1 2134/1
f 2129/1 2130/1 2134/1 2133/1
f 2132/1 2136/1 2135/1 2131/1
f 2169/1 2170/1 2176/1 2175/1
f 2181/1 2170/1 2169/1
f 2182/1 2175/1 2176/1
f 2170/1 2171/1 2177/1 2176/1
f 2181/1 2171/1 2170/1
f 2182/1 2176/1 2177/1
f 2171/1 2172/1 2178/1 2177/1
f 2181/1 2172/1 2171/1
f 2182/1 2177/1 2178/1
f 2172/1 2173/1 2179/1 2178/1
f 2181/1 2173/1 2172/1
f 2182/1 2178/1 2179/1
f 2173/1 2174/1 2180/1 2179/1
f 2181/1 2174/1 2173/1
f 2182/1 2179/1 2180/1
f 2174/1 2169/1 2175/1 2180/1
f 2181/1 2169/1 2174/1
f 2182/1 2180/1 2175/1
f 2271/1 2274/1 2273/1 2272/1
f 2275/1 2276/1 2277/1 2278/1
f 2271/1 2275/1 2278/1 2274/1
f 2272/1 2273/1 2277/1 2276/1
f 2271/1 2272/1 2276/1 2275/1
f 2274/1 2278/1 2277/1 2273/1
f 2279/1 2282/1 2281/1 2280/1
f 2283/1 2284/1 2285/1 2286/1
f 2279/1 2283/1 2286/1 2282/1
f 2280/1 2281/1 2285/1 2284/1
f 2279/1 2280/1 2284/1 2283/1
f 2282/1 2286/1 2285/1 2281/1
f 2303/1 2306/1 2305/1 2304/1
f 2307/1 2308/1 2309/1 2310/1
f 2303/1 2307/1 2310/1 2306/1
f 2304/1 2305/1 2309/1 2308/1
f 2303/1 2304/1 2308/1 2307/1
f 2306/1 2310/1 2309/1 2305/1
f 2311/1 2314/1 2313/1 2312/1
f 2315/1 2316/1 2317/1 2318/1
f 2311/1 2315/1 2318/1 2314/1
f 2312/1 2313/1 2317/1 2316/1
f 2311/1 2312/1 2316/1 2315/1
f 2314/1 2318/1 2317/1 2313/1
f 2335/1 2338/1 2337/1 2336/1
f 2339/1 2340/1 2341/1 2342/1
f 2335/1 2339/1 2342/1 2338/1
f 2336/1 2337/1 2341/1 2340/1
f 2335/1 2336/1 2340/1 2339/1
f 2338/1 2342/1 2341/1 2337/1
f 2343/1 2346/1 2345/1 2344/1
f 2347/1 2348/1 2349/1 2350/1
f 2343/1 2347/1 2350/1 2346/1
f 2344/1 2345/1 2349/1 2348/1
f 2343/1 2344/1 2348/1 2347/1
f 2346/1 2350/1 2349/1 2345/1
f 2383/1 2384/1 2390/1 2389/1
f 2395/1 2384/1 2383/1
f 2396/1 2389/1 2390/1
f 2384/1 2385/1 2391/1 2390/1
f 2395/1 2385/1 2384/1
f 2396/1 2390/1 2391/1
f 2385/1 2386/1 2392/1 2391/1
f 2395/1 2386/1 2385/1
f 2396/1 2391/1 2392/1
f 2386/1 2387/1 2393/1 2392/1
f 2395/1 2387/1 2386/1
f 2396/1 2392/1 2393/1
f 2387/1 2388/1 2394/1 2393/1
f 2395/1 2388/1 2387/1
f 2396/1 2393/1 2394/1
f 2388/1 2383/1 2389/1 2394/1
f 2395/1 2383/1 2388/1
f 2396/1 2394/1 2389/1
f 2485/1 2488/1 2487/1 2486/1
f 2489/1 2490/1 2491/1 2492/1
f 2485/1 2489/1 2492/1 2488/1
f 2486/1 2487/1 2491/1 2490/1
f 2485/1 2486/1 2490/1 2489/1
f 2488/1 2492/1 2491/1 2487/1
f 2493/1 2496/1 2495/1 2494/1
f 2497/1 2498/1 2499/1 2500/1
f 2493/1 2497/1 2500/1 2496/1
f 2494/1 2495/1 2499/1 2498/1
f 2493/1 2494/1 2498/1 2497/1
f 2496/1 2500/1 2499/1 2495/1
f 2517/1 2520/1 2519/1 2518/1
f 2521/1 2522/1 2523/1 2524/1
f 2517/1 2521/1 2524/1 2520/1
f 2518/1 2519/1 2523/1 2522/1
f 2517/1 2518/1 2522/1 2521/1
f 2520/1 2524/1 2523/1 2519/1
f 2525/1 2528/1 2527/1 2526/1
f 2529/1 2530/1 2531/1 2532/1
f 2525/1 2529/1 2532/1 2528/1
f 2526/1 2527/1 2531/1 2530/1
f 2525/1 2526/1 2530/1 2529/1
f 2528/1 2532/1 2531/1 2527/1
f 2549/1 2552/1 2551/1 2550/1
f 2553/1 2554/1 2555/1 2556/1
f 2549/1 2553/1 2556/1 2552/1
f 2550/1 2551/1 2555/1 2554/1
f 2549/1 2550/1 2554/1 2553/1
f 2552/1 2556/1 2555/1 2551/1
f 2557/1 2560/1 2559/1 2558/1
f 2561/1 2562/1 2563/1 2564/1
f 2557/1 2561/1 2564/1 2560/1
f 2558/1 2559/1 2563/1 2562/1
f 2557/1 2558/1 2562/1 2561/1
f 2560/1 2564/1 2563/1 2559/1
f 2597/1 2598/1 2604/1 2603/1
f 2609/1 2598/1 2597/1
f 2610/1 2603/1 2604/1
f 2598/1 2599/1 2605/1 2604/1
f 2609/1 2599/1 2598/1
f 2610/1 2604/1 2605/1
f 2599/1 2600/1 2606/1 2605/1
f 2609/1 2600/1 2599/1
f 2610/1 2605/1 2606/1
f 2600/1 2601/1 2607/1 2606/1
f 2609/1 2601/1 2600/1
f 2610/1 2606/1 2607/1
f 2601/1 2602/1 2608/1 2607/1
f 2609/1 2602/1 2601/1
f 2610/1 2607/1 2608/1
f 2602/1 2597/1 2603/1 2608/1
f 2609/1 2597/1 2602/1
f 2610/1 2608/1 2603/1
f 2699/1 2702/1 2701/1 2700/1
f 2703/1 2704/1 2705/1 2706/1
f 2699/1 2703/1 2706/1 2702/1
f 2700/1 2701/1 2705/1 2704/1
f 2699/1 2700/1 2704/1 2703/1
f 2702/1 2706/1 2705/1 2701/1
f 2707/1 2710/1 2709/1 2708/1
f 2711/1 2712/1 2713/1 2714/1
f 2707/1 2711/1 2714/1 2710/1
f 2708/1 2709/1 2713/1 2712/1
f 2707/1 2708/1 2712/1 2711/1
f 2710/1 2714/1 2713/1 2709/1
f 2731/1 2734/1 2733/1 2732/1
f 2735/1 2736/1 2737/1 2738/1
f 2731/1 2735/1 2738/1 2734/1
f 2732/1 2733/1 2737/1 2736/1
f 2731/1 2732/1 2736/1 2735/1
f 2734/1 2738/1 2737/1 2733/1
f 2739/1 2742/1 2741/1 2740/1
f 2743/1 2744/1 2745/1 2746/1
f 2739/1 2743/1 2746/1 2742/1
f 2740/1 2741/1 2745/1 2744/1
f 2739/1 2740/1 2744/1 2743/1
f 2742/1 2746/1 2745/1 2741/1
f 2763/1 2766/1 2765/1 2764/1
f 2767/1 2768/1 2769/1 2770/1
f 2763/1 2767/1 2770/1 2766/1
f 2764/1 2765/1 2769/1 2768/1
f 2763/1 2764/1 2768/1 2767/1
f 2766/1 2770/1 2769/1 2765/1
f 2771/1 2774/1 2773/1 2772/1
f 2775/1 2776/1 2777/1 2778/1
f 2771/1 2775/1 2778/1 2774/1
f 2772/1 2773/1 2777/1 2776/1
f 2771/1 2772/1 2776/1 2775/1
f 2774/1 2778/1 2777/1 2773/1
f 2811/1 2812/1 2818/1 2817/1
f 2823/1 2812/1 2811/1
f 2824/1 2817/1 2818/1
f 2812/1 2813/1 2819/1 2818/1
f 2823/1 2813/1 2812/1
f 2824/1 2818/1 2819/1
f 2813/1 2814/1 2820/1 2819/1
f 2823/1 2814/1 2813/1
f 2824/1 2819/1 2820/1
f 2814/1 2815/1 2821/1 2820/1
f 2823/1 2815/1 2814/1
f 2824/1 2820/1 2821/1
f 2815/1 2816/1 2822/1 2821/1
f 2823/1 2816/1 2815/1
f 2824/1 2821/1 2822/1
f 2816/1 2811/1 2817/1 2822/1
f 2823/1 2811/1 2816/1
f 2824/1 2822/1 2817/1
f 2913/1 2916/1 2915/1 2914/1
f 2917/1 2918/1 2919/1 2920/1
f 2913/1 2917/1 2920/1 2916/1
f 2914/1 2915/1 2919/1 2918/1
f 2913/1 2914/1 2918/1 2917/1
f 2916/1 2920/1 2919/1 2915/1
f 2921/1 2924/1 2923/1 2922/1
f 2925/1 2926/1 2927/1 2928/1
f 2921/1 2925/1 2928/1 2924/1
f 2922/1 2923/1 2927/1 2926/1
f 2921/1 2922/1 2926/1 2925/1
f 2924/1 2928/1 2927/1 2923/1
f 2945/1 2948/1 2947/1 2946/1
f 2949/1 2950/1 2951/1 2952/1
f 2945/1 2949/1 2952/1 2948/1
f 2946/1 2947/1 2951/1 2950/1
f 2945/1 2946/1 2950/1 2949/1
f 2948/1 2952/1 2951/1 2947/1
f 2953/1 2956/1 2955/1 2954/1
f 2957/1 2958/1 2959/1 2960/1
f 2953/1 2957/1 2960/1 2956/1
f 2954/1 2955/1 2959/1 2958/1
f 2953/1 2954/1 2958/1 2957/1
f 2956/1 2960/1 2959/1 2955/1
f 2977/1 2980/1 2979/1 2978/1
f 2981/1 2982/1 2983/1 2984/1
f 2977/1 2981/1 2984/1 2980/1
f 2978/1 2979/1 2983/1 2982/1
f 2977/1 2978/1 2982/1 2981/1
f 2980/1 2984/1 2983/1 2979/1
f 2985/1 2988/1 2987/1 2986/1
f 2989/1 2990/1 2991/1 2992/1
f 2985/1 2989/1 2992/1 2988/1
f 2986/1 2987/1 2991/1 2990/1
f 2985/1 2986/1 2990/1 2989/1
f 2988/1 2992/1 2991/1 2987/1
f 3025/1 3026/1 3032/1 3031/1
f 3037/1 3026/1 3025/1
f 3038/1 3031/1 3032/1
f 3026/1 3027/1 3033/1 3032/1
f 3037/1 3027/1 3026/1
f 3038/1 3032/1 3033/1
f 3027/1 3028/1 3034/1 3033/1
f 3037/1 3028/1 3027/1
f 3038/1 3033/1 3034/1
f 3028/1 3029/1 3035/1 3034/1
f 3037/1 3029/1 3028/1
f 3038/1 3034/1 3035/1
f 3029/1 3030/1 3036/1 3035/1
f 3037/1 3030/1 3029/1
f 3038/1 3035/1 3036/1
f 3030/1 3025/1 3031/1 3036/1
f 3037/1 3025/1 3030/1
f 3038/1 3036/1 3031/1
f 3127/1 3130/1 3129/1 3128/1
f 3131/1 3132/1 3133/1 3134/1
f 3127/1 3131/1 3134/1 3130/1
f 3128/1 3129/1 3133/1 3132/1
f 3127/1 3128/1 3132/1 3131/1
f 3130/1 3134/1 3133/1 3129/1
f 3135/1 3138/1 3137/1 3136/1
f 3139/1 3140/1 3141/1 3142/1
f 3135/1 3139/1 3142/1 3138/1
f 3136/1 3137/1 3141/1 3140/1
f 3135/1 3136/1 3140/1 3139/1
f 3138/1 3142/1 3141/1 3137/1
f 3159/1 3162/1 3161/1 3160/1
f 3163/1 3164/1 3165/1 3166/1
f 3159/1 3163/1 3166/1 3162/1
f 3160/1 3161/1 3165/1 3164/1
f 3159/1 3160/1 3164/1 3163/1
f 3162/1 3166/1 3165/1 3161/1
f 3167/1 3170/1 3169/1 3168/1
f 3171/1 3172/1 3173/1 3174/1
f 3167/1 3171/1 3174/1 3170/1
f 3168/1 3169/1 3173/1 3172/1
f 3167/1 3168/1 3172/1 3171/1
f 3170/1 3174/1 3173/1 3169/1
f 3191/1 3194/1 3193/1 3192/1
f 3195/1 3196/1 3197/1 3198/1
f 3191/1 3195/1 3198/1 3194/1
f 3192/1 3193/1 3197/1 3196/1
f 3191/1 3192/1 3196/1 3195/1
f 3194/1 3198/1 3197/1 3193/1
f 3199/1 3202/1 3201/1 3200/1
f 3203/1 3204/1 3205/1 3206/1
f 3199/1 3203/1 3206/1 3202/1
f 3200/1 3201/1 3205/1 3204/1
f 3199/1 3200/1 3204/1 3203/1
f 3202/1 3206/1 3205/1 3201/1
f 3239/1 3240/1 3246/1 3245/1
f 3251/1 3240/1 3239/1
f 3252/1 3245/1 3246/1
f 3240/1 3241/1 3247/1 3246/1
f 3251/1 3241/1 3240/1
f 3252/1 3246/1 3247/1
f 3241/1 3242/1 3248/1 3247/1
f 3251/1 3242/1 3241/1
f 3252/1 3247/1 3248/1
f 3242/1 3243/1 3249/1 3248/1
f 3251/1 3243/1 3242/1
f 3252/1 3248/1 3249/1
f 3243/1 3244/1 3250/1 3249/1
f 3251/1 3244/1 3243/1
f 3252/1 3249/1 3250/1
f 3244/1 3239/1 3245/1 3250/1
f 3251/1 3239/1 3244/1
f 3252/1 3250/1 3245/1
f 3341/1 3344/1 3343/1 3342/1
f 3345/1 3346/1 3347/1 3348/1
f 3341/1 3345/1 3348/1 3344/1
f 3342/1 3343/1 3347/1 3346/1
f 3341/1 3342/1 3346/1 3345/1
f 3344/1 3348/1 3347/1 3343/1
f 3349/1 3352/1 3351/1 3350/1
f 3353/1 3354/1 3355/1 3356/1
f 3349/1 3353/1 3356/1 3352/1
f 3350/1 3351/1 3355/1 3354/1
f 3349/1 3350/1 3354/1 3353/1
f 3352/1 3356/1 3355/1 3351/1
f 3373/1 3376/1 3375/1 3374/1
f 3377/1 3378/1 3379/1 3380/1
f 3373/1 3377/1 3380/1 3376/1
f 3374/1 3375/1 3379/1 3378/1
f 3373/1 3374/1 3378/1 3377/1
f 3376/1 3380/1 3379/1 3375/1
f 3381/1 3384/1 3383/1 3382/1
f 3385/1 3386/1 3387/1 3388/1
f 3381/1 3385/1 3388/1 3384/1
f 3382/1 3383/1 3387/1 3386/1
f 3381/1 3382/1 3386/1 3385/1
f 3384/1 3388/1 3387/1 3383/1
f 3405/1 3408/1 3407/1 3406/1
f 3409/1 3410/1 3411/1 3412/1
f 3405/1 3409/1 3412/1 3408/1
f 3406/1 3407/1 3411/1 3410/1
f 3405/1 3406/1 3410/1 3409/1
f 3408/1 3412/1 3411/1 3407/1
f 3413/1 3416/1 3415/1 3414/1
f 3417/1 3418/1 3419/1 3420/1
f 3413/1 3417/1 3420/1 3416/1
f 3414/1 3415/1 3419/1 3418/1
f 3413/1 3414/1 3418/1 3417/1
f 3416/1 3420/1 3419/1 3415/1
f 3453/1 3454/1 3460/1 3459/1
f 3465/1 3454/1 3453/1
f 3466/1 3459/1 3460/1
f 3454/1 3455/1 3461/1 3460/1
f 3465/1 3455/1 3454/1
f 3466/1 3460/1 3461/1
f 3455/1 3456/1 3462/1 3461/1
f 3465/1 3456/1 3455/1
f 3466/1 3461/1 3462/1
f 3456/1 3457/1 3463/1 3462/1
f 3465/1 3457/1 3456/1
f 3466/1 3462/1 3463/1
f 3457/1 3458/1 3464/1 3463/1
f 3465/1 3458/1 3457/1
f 3466/1 3463/1 3464/1
f 3458/1 3453/1 3459/1 3464/1
f 3465/1 3453/1 3458/1
f 3466/1 3464/1 3459/1
f 3555/1 3558/1 3557/1 3556/1
f 3559/1 3560/1 3561/1 3562/1
f 3555/1 3559/1 3562/1 3558/1
f 3556/1 3557/1 3561/1 3560/1
f 3555/1 3556/1 3560/1 3559/1
f 3558/1 3562/1 3561/1 3557/1
f 3563/1 3566/1 3565/1 3564/1
f 3567/1 3568/1 3569/1 3570/1
f 3563/1 3567/1 3570/1 3566/1
f 3564/1 3565/1 3569/1 3568/1
f 3563/1 3564/1 3568/1 3567/1
f 3566/1 3570/1 3569/1 3565/1
f 3587/1 3590/1 3589/1 3588/1
f 3591/1 3592/1 3593/1 3594/1
f 3587/1 3591/1 3594/1 3590/1
f 3588/1 3589/1 3593/1 3592/1
f 3587/1 3588/1 3592/1 3591/1
f 3590/1 3594/1 3593/1 3589/1
f 3595/1 3598/1 3597/1 3596/1
f 3599/1 3600/1 3601/1 3602/1
f 3595/1 3599/1 3602/1 3598/1
f 3596/1 3597/1 3601/1 3600/1
f 3595/1 3596/1 3600/1 3599/1
f 3598/1 3602/1 3601/1 3597/1
f 3619/1 3622/1 3621/1 3620/1
f 3623/1 3624/1 3625/1 3626/1
f 3619/1 3623/1 3626/1 3622/1
f 3620/1 3621/1 3625/1 3624/1
f 3619/1 3620/1 3624/1 3623/1
f 3622/1 3626/1 3625/1 3621/1
f 3627/1 3630/1 3629/1 3628/1
f 3631/1 3632/1 3633/1 3634/1
f 3627/1 3631/1 3634/1 3630/1
f 3628/1 3629/1 3633/1 3632/1
f 3627/1 3628/1 3632/1 3631/1
f 3630/1 3634/1 3633/1 3629/1
f 3747/1 3750/1 3749/1 3748/1
f 3751/1 3752/1 3753/1 3754/1
f 3747/1 3751/1 3754/1 3750/1
f 3748/1 3749/1 3753/1 3752/1
f 3747/1 3748/1 3752/1 3751/1
f 3750/1 3754/1 3753/1 3749/1
f 3755/1 3758/1 3757/1 3756/1
f 3759/1 3760/1 3761/1 3762/1
f 3755/1 3759/1 3762/1 3758/1
f 3756/1 3757/1 3761/1 3760/1
f 3755/1 3756/1 3760/1 3759/1
f 3758/1 3762/1 3761/1 3757/1
f 3779/1 3782/1 3781/1 3780/1
f 3783/1 3784/1 3785/1 3786/1
f 3779/1 3783/1 3786/1 3782/1
f 3780/1 3781/1 3785/1 3784/1
f 3779/1 3780/1 3784/1 3783/1
f 3782/1 3786/1 3785/1 3781/1
f 3787/1 3790/1 3789/1 3788/1
f 3791/1 3792/1 3793/1 3794/1
f 3787/1 3791/1 3794/1 3790/1
f 3788/1 3789/1 3793/1 3792/1
f 3787/1 3788/1 3792/1 3791/1
f 3790/1 3794/1 3793/1 3789/1
f 3811/1 3814/1 3813/1 3812/1
f 3815/1 3816/1 3817/1 3818/1
f 3811/1 3815/1 3818/1 3814/1
f 3812/1 3813/1 3817/1 3816/1
f 3811/1 3812/1 3816/1 3815/1
f 3814/1 3818/1 3817/1 3813/1
f 3819/1 3822/1 3821/1 3820/1
f 3823/1 3824/1 3825/1 3826/1
f 3819/1 3823/1 3826/1 3822/1
f 3820/1 3821/1 3825/1 3824/1
f 3819/1 3820/1 3824/1 3823/1
f 3822/1 3826/1 3825/1 3821/1
f 3939/1 3942/1 3941/1 3940/1
f 3943/1 3944/1 3945/1 3946/1
f 3939/1 3943/1 3946/1 3942/1
f 3940/1 3941/1 3945/1 3944/1
f 3939/1 3940/1 3944/1 3943/1
f 3942/1 3946/1 3945/1 3941/1
f 3947/1 3950/1 3949/1 3948/1
f 3951/1 3952/1 3953/1 3954/1
f 3947/1 3951/1 3954/1 3950/1
f 3948/1 3949/1 3953/1 3952/1
f 3947/1 3948/1 3952/1 3951/1
f 3950/1 3954/1 3953/1 3949/1
f 3971/1 3974/1 3973/1 3972/1
f 3975/1 3976/1 3977/1 3978/1
f 3971/1 3975/1 3978/1 3974/1
f 3972/1 3973/1 3977/1 3976/1
f 3971/1 3972/1 3976/1 3975/1
f 3974/1 3978/1 3977/1 3973/1
f 3979/1 3982/1 3981/1 3980/1
f 3983/1 3984/1 3985/1 3986/1
f 3979/1 3983/1 3986/1 3982/1
f 3980/1 3981/1 3985/1 3984/1
f 3979/1 3980/1 3984/1 3983/1
f 3982/1 3986/1 3985/1 3981/1
f 4003/1 4006/1 4005/1 4004/1
f 4007/1 4008/1 4009/1 4010/1
f 4003/1 4007/1 4010/1 4006/1
f 4004/1 4005/1 4009/1 4008/1
f 4003/1 4004/1 4008/1 4007/1
f 4006/1 4010/1 4009/1 4005/1
f 4011/1 4014/1 4013/1 4012/1
f 4015/1 4016/1 4017/1 4018/1
f 4011/1 4015/1 4018/1 4014/1
f 4012/1 4013/1 4017/1 4016/1
f 4011/1 4012/1 4016/1 4015/1
f 4014/1 4018/1 4017/1 4013/1
f 4131/1 4134/1 4133/1 4132/1
f 4135/1 4136/1 4137/1 4138/1
f 4131/1 4135/1 4138/1 4134/1
f 4132/1 4133/1 4137/1 4136/1
f 4131/1 4132/1 4136/1 4135/1
f 4134/1 4138/1 4137/1 4133/1
f 4139/1 4142/1 4141/1 4140/1
f 4143/1 4144/1 4145/1 4146/1
f 4139/1 4143/1 4146/1 4142/1
f 4140/1 4141/1 4145/1 4144/1
f 4139/1 4140/1 4144/1 4143/1
f 4142/1 4146/1 4145/1 4141/1
f 4163/1 4166/1 4165/1 4164/1
f 4167/1 4168/1 4169/1 4170/1
f 4163/1 4167/1 4170/1 4166/1
f 4164/1 4165/1 4169/1 4168/1
f 4163/1 4164/1 4168/1 4167/1
f 4166/1 4170/1 4169/1 4165/1
f 4171/1 4174/1 4173/1 4172/1
f 4175/1 4176/1 4177/1 4178/1
f 4171/1 4175/1 4178/1 4174/1
f 4172/1 4173/1 4177/1 4176/1
f 4171/1 4172/1 4176/1 4175/1
f 4174/1 4178/1 4177/1 4173/1
f 4195/1 4198/1 4197/1 4196/1
f 4199/1 4200/1 4201/1 4202/1
f 4195/1 4199/1 4202/1 4198/1
f 4196/1 4197/1 4201/1 4200/1
f 4195/1 4196/1 4200/1 4199/1
f 4198/1 4202/1 4201/1 4197/1
f 4203/1 4206/1 4205/1 4204/1
f 4207/1 4208/1 4209/1 4210/1
f 4203/1 4207/1 4210/1 4206/1
f 4204/1 4205/1 4209/1 4208/1
f 4203/1 4204/1 4208/1 4207/1
f 4206/1 4210/1 4209/1 4205/1
f 4323/1 4326/1 4325/1 4324/1
f 4327/1 4328/1 4329/1 4330/1
f 4323/1 4327/1 4330/1 4326/1
f 4324/1 4325/1 4329/1 4328/1
f 4323/1 4324/1 4328/1 4327/1
f 4326/1 4330/1 4329/1 4325/1
f 4331/1 4334/1 4333/1 4332/1
f 4335/1 4336/1 4337/1 4338/1
f 4331/1 4335/1 4338/1 4334/1
f 4332/1 4333/1 4337/1 4336/1
f 4331/1 4332/1 4336/1 4335/1
f 4334/1 4338/1 4337/1 4333/1
f 4355/1 4358/1 4357/1 4356/1
f 4359/1 4360/1 4361/1 4362/1
f 4355/1 4359/1 4362/1 4358/1
f 4356/1 4357/1 4361/1 4360/1
f 4355/1 4356/1 4360/1 4359/1
f 4358/1 4362/1 4361/1 4357/1
f 4363/1 4366/1 4365/1 4364/1
f 4367/1 4368/1 4369/1 4370/1
f 4363/1 4367/1 4370/1 4366/1
f 4364/1 4365/1 4369/1 4368/1
f 4363/1 4364/1 4368/1 4367/1
f 4366/1 4370/1 4369/1 4365/1
f 4387/1 4390/1 4389/1 4388/1
f 4391/1 4392/1 4393/1 4394/1
f 4387/1 4391/1 4394/1 4390/1
f 4388/1 4389/1 4393/1 4392/1
f 4387/1 4388/1 4392/1 4391/1
f 4390/1 4394/1 4393/1 4389/1
f 4395/1 4398/1 4397/1 4396/1
f 4399/1 4400/1 4401/1 4402/1
f 4395/1 4399/1 4402/1 4398/1
f 4396/1 4397/1 4401/1 4400/1
f 4395/1 4396/1 4400/1 4399/1
f 4398/1 4402/1 4401/1 4397/1
f 4515/1 4518/1 4517/1 4516/1
f 4519/1 4520/1 4521/1 4522/1
f 4515/1 4519/1 4522/1 4518/1
f 4516/1 4517/1 4521/1 4520/1
f 4515/1 4516/1 4520/1 4519/1
f 4518/1 4522/1 4521/1 4517/1
f 4523/1 4526/1 4525/1 4524/1
f 4527/1 4528/1 4529/1 4530/1
f 4523/1 4527/1 4530/1 4526/1
f 4524/1 4525/1 4529/1 4528/1
f 4523/1 4524/1 4528/1 4527/1
f 4526/1 4530/1 4529/1 4525/1
f 4531/1 4534/1 4533/1 4532/1
f 4535/1 4536/1 4537/1 4538/1
f 4531/1 4535/1 4538/1 4534/1
f 4532/1 4533/1 4537/1 4536/1
f 4531/1 4532/1 4536/1 4535/1
f 4534/1 4538/1 4537/1 4533/1
f 4667/1 4670/1 4669/1 4668/1
f 4671/1 4672/1 4673/1 4674/1
f 4667/1 4671/1 4674/1 4670/1
f 4668/1 4669/1 4673/1 4672/1
f 4667/1 4668/1 4672/1 4671/1
f 4670/1 4674/1 4673/1 4669/1
f 4683/1 4686/1 4685/1 4684/1
f 4687/1 4688/1 4689/1 4690/1
f 4683/1 4687/1 4690/1 4686/1
f 4684/1 4685/1 4689/1 4688/1
f 4683/1 4684/1 4688/1 4687/1
f 4686/1 4690/1 4689/1 4685/1
f 4699/1 4702/1 4701/1 4700/1
f 4703/1 4704/1 4705/1 4706/1
f 4699/1 4703/1 4706/1 4702/1
f 4700/1 4701/1 4705/1 4704/1
f 4699/1 4700/1 4704/1 4703/1
f 4702/1 4706/1 4705/1 4701/1
f 4715/1 4718/1 4717/1 4716/1
f 4719/1 4720/1 4721/1 4722/1
f 4715/1 4719/1 4722/1 4718/1
f 4716/1 4717/1 4721/1 4720/1
f 4715/1 4716/1 4720/1 4719/1
f 4718/1 4722/1 4721/1 4717/1
f 4765/1 4766/1 4789/1
f 4782/1 4781/1 4790/1
f 4766/1 4767/1 4789/1
f 4783/1 4782/1 4790/1
f 4767/1 4768/1 4789/1
f 4784/1 4783/1 4790/1
f 4768/1 4769/1 4789/1
f 4785/1 4784/1 4790/1
f 4769/1 4770/1 4789/1
f 4786/1 4785/1 4790/1
f 4770/1 4771/1 4789/1
f 4787/1 4786/1 4790/1
f 4771/1 4772/1 4789/1
f 4788/1 4787/1 4790/1
f 4772/1 4765/1 4789/1
f 4781/1 4788/1 4790/1
f 4773/1 4774/1 4766/1 4765/1
f 4774/1 4775/1 4767/1 4766/1
f 4775/1 4776/1 4768/1 4767/1
f 4776/1 4777/1 4769/1 4768/1
f 4777/1 4778/1 4770/1 4769/1
f 4778/1 4779/1 4771/1 4770/1
f 4779/1 4780/1 4772/1 4771/1
f 4780/1 4773/1 4765/1 4772/1
f 4781/1 4782/1 4774/1 4773/1
f 4782/1 4783/1 4775/1 4774/1
f 4783/1 4784/1 4776/1 4775/1
f 4784/1 4785/1 4777/1 4776/1
f 4785/1 4786/1 4778/1 4777/1
f 4786/1 4787/1 4779/1 4778/1
f 4787/1 4788/1 4780/1 4779/1
f 4788/1 4781/1 4773/1 4780/1
usemtl gold
f 1185/4 1188/4 1187/4 1186/4
f 1189/4 1190/4 1191/4 1192/4
f 1185/4 1189/4 1192/4 1188/4
f 1186/4 1187/4 1191/4 1190/4
f 1185/4 1186/4 1190/4 1189/4
f 1188/4 1192/4 1191/4 1187/4
f 1193/4 1196/4 1195/4 1194/4
f 1197/4 1198/4 1199/4 1200/4
f 1193/4 1197/4 1200/4 1196/4
f 1194/4 1195/4 1199/4 1198/4
f 1193/4 1194/4 1198/4 1197/4
f 1196/4 1200/4 1199/4 1195/4
f 1215/4 1218/4 1217/4 1216/4
f 1219/4 1220/4 1221/4 1222/4
f 1215/4 1219/4 1222/4 1218/4
f 1216/4 1217/4 1221/4 1220/4
f 1215/4 1216/4 1220/4 1219/4
f 1218/4 1222/4 1221/4 1217/4
f 1319/4 1322/4 1321/4 1320/4
f 1323/4 1324/4 1325/4 1326/4
f 1319/4 1323/4 1326/4 1322/4
f 1320/4 1321/4 1325/4 1324/4
f 1319/4 1320/4 1324/4 1323/4
f 1322/4 1326/4 1325/4 1321/4
f 1327/4 1330/4 1329/4 1328/4
f 1331/4 1332/4 1333/4 1334/4
f 1327/4 1331/4 1334/4 1330/4
f 1328/4 1329/4 1333/4 1332/4
f 1327/4 1328/4 1332/4 1331/4
f 1330/4 1334/4 1333/4 1329/4
f 1431/4 1434/4 1433/4 1432/4
f 1435/4 1436/4 1437/4 1438/4
f 1431/4 1435/4 1438/4 1434/4
f 1432/4 1433/4 1437/4 1436/4
f 1431/4 1432/4 1436/4 1435/4
f 1434/4 1438/4 1437/4 1433/4
f 1439/4 1442/4 1441/4 1440/4
f 1443/4 1444/4 1445/4 1446/4
f 1439/4 1443/4 1446/4 1442/4
f 1440/4 1441/4 1445/4 1444/4
f 1439/4 1440/4 1444/4 1443/4
f 1442/4 1446/4 1445/4 1441/4
f 1461/4 1464/4 1463/4 1462/4
f 1465/4 1466/4 1467/4 1468/4
f 1461/4 1465/4 1468/4 1464/4
f 1462/4 1463/4 1467/4 1466/4
f 1461/4 1462/4 1466/4 1465/4
f 1464/4 1468/4 1467/4 1463/4
f 1565/4 1568/4 1567/4 1566/4
f 1569/4 1570/4 1571/4 1572/4
f 1565/4 1569/4 1572/4 1568/4
f 1566/4 1567/4 1571/4 1570/4
f 1565/4 1566/4 1570/4 1569/4
f 1568/4 1572/4 1571/4 1567/4
f 1573/4 1576/4 1575/4 1574/4
f 1577/4 1578/4 1579/4 1580/4
f 1573/4 1577/4 1580/4 1576/4
f 1574/4 1575/4 1579/4 1578/4
f 1573/4 1574/4 1578/4 1577/4
f 1576/4 1580/4 1579/4 1575/4
f 1677/4 1680/4 1679/4 1678/4
f 1681/4 1682/4 1683/4 1684/4
f 1677/4 1681/4 1684/4 1680/4
f 1678/4 1679/4 1683/4 1682/4
f 1677/4 1678/4 1682/4 1681/4
f 1680/4 1684/4 1683/4 1679/4
f 1685/4 1688/4 1687/4 1686/4
f 1689/4 1690/4 1691/4 1692/4
f 1685/4 1689/4 1692/4 1688/4
f 1686/4 1687/4 1691/4 1690/4
f 1685/4 1686/4 1690/4 1689/4
f 1688/4 1692/4 1691/4 1687/4
f 1707/4 1710/4 1709/4 1708/4
f 1711/4 1712/4 1713/4 1714/4
f 1707/4 1711/4 1714/4 1710/4
f 1708/4 1709/4 1713/4 1712/4
f 1707/4 1708/4 1712/4 1711/4
f 1710/4 1714/4 1713/4 1709/4
f 1811/4 1814/4 1813/4 1812/4
f 1815/4 1816/4 1817/4 1818/4
f 1811/4 1815/4 1818/4 1814/4
f 1812/4 1813/4 1817/4 1816/4
f 1811/4 1812/4 1816/4 1815/4
f 1814/4 1818/4 1817/4 1813/4
f 1819/4 1822/4 1821/4 1820/4
f 1823/4 1824/4 1825/4 1826/4
f 1819/4 1823/4 1826/4 1822/4
f 1820/4 1821/4 1825/4 1824/4
f 1819/4 1820/4 1824/4 1823/4
f 1822/4 1826/4 1825/4 1821/4
f 1923/4 1926/4 1925/4 1924/4
f 1927/4 1928/4 1929/4 1930/4
f 1923/4 1927/4 1930/4 1926/4
f 1924/4 1925/4 1929/4 1928/4
f 1923/4 1924/4 1928/4 1927/4
f 1926/4 1930/4 1929/4 1925/4
f 1931/4 1934/4 1933/4 1932/4
f 1935/4 1936/4 1937/4 1938/4
f 1931/4 1935/4 1938/4 1934/4
f 1932/4 1933/4 1937/4 1936/4
f 1931/4 1932/4 1936/4 1935/4
f 1934/4 1938/4 1937/4 1933/4
f 1953/4 1956/4 1955/4 1954/4
f 1957/4 1958/4 1959/4 1960/4
f 1953/4 1957/4 1960/4 1956/4
f 1954/4 1955/4 1959/4 1958/4
f 1953/4 1954/4 1958/4 1957/4
f 1956/4 1960/4 1959/4 1955/4
f 2057/4 2060/4 2059/4 2058/4
f 2061/4 2062/4 2063/4 2064/4
f 2057/4 2061/4 2064/4 2060/4
f 2058/4 2059/4 2063/4 2062/4
f 2057/4 2058/4 2062/4 2061/4
f 2060/4 2064/4 2063/4 2059/4
f 2065/4 2068/4 2067/4 2066/4
f 2069/4 2070/4 2071/4 2072/4
f 2065/4 2069/4 2072/4 2068/4
f 2066/4 2067/4 2071/4 2070/4
f 2065/4 2066/4 2070/4 2069/4
f 2068/4 2072/4 2071/4 2067/4
f 2183/4 2186/4 2185/4 2184/4
f 2187/4 2188/4 2189/4 2190/4
f 2183/4 2187/4 2190/4 2186/4
f 2184/4 2185/4 2189/4 2188/4
f 2183/4 2184/4 2188/4 2187/4
f 2186/4 2190/4 2189/4 2185/4
f 2397/4 2400/4 2399/4 2398/4
f 2401/4 2402/4 2403/4 2404/4
f 2397/4 2401/4 2404/4 2400/4
f 2398/4 2399/4 2403/4 2402/4
f 2397/4 2398/4 2402/4 2401/4
f 2400/4 2404/4 2403/4 2399/4
f 2611/4 2614/4 2613/4 2612/4
f 2615/4 2616/4 2617/4 2618/4
f 2611/4 2615/4 2618/4 2614/4
f 2612/4 2613/4 2617/4 2616/4
f 2611/4 2612/4 2616/4 2615/4
f 2614/4 2618/4 2617/4 2613/4
f 2825/4 2828/4 2827/4 2826/4
f 2829/4 2830/4 2831/4 2832/4
f 2825/4 2829/4 2832/4 2828/4
f 2826/4 2827/4 2831/4 2830/4
f 2825/4 2826/4 2830/4 2829/4
f 2828/4 2832/4 2831/4 2827/4
f 3039/4 3042/4 3041/4 3040/4
f 3043/4 3044/4 3045/4 3046/4
f 3039/4 3043/4 3046/4 3042/4
f 3040/4 3041/4 3045/4 3044/4
f 3039/4 3040/4 3044/4 3043/4
f 3042/4 3046/4 3045/4 3041/4
f 3253/4 3256/4 3255/4 3254/4
f 3257/4 3258/4 3259/4 3260/4
f 3253/4 3257/4 3260/4 3256/4
f 3254/4 3255/4 3259/4 3258/4
f 3253/4 3254/4 3258/4 3257/4
f 3256/4 3260/4 3259/4 3255/4
f 3467/4 3470/4 3469/4 3468/4
f 3471/4 3472/4 3473/4 3474/4
f 3467/4 3471/4 3474/4 3470/4
f 3468/4 3469/4 3473/4 3472/4
f 3467/4 3468/4 3472/4 3471/4
f 3470/4 3474/4 3473/4 3469/4
f 4539/4 4542/4 4541/4 4540/4
f 4543/4 4544/4 4545/4 4546/4
f 4539/4 4543/4 4546/4 4542/4
f 4540/4 4541/4 4545/4 4544/4
f 4539/4 4540/4 4544/4 4543/4
f 4542/4 4546/4 4545/4 4541/4
f 4547/4 4548/4 4554/4 4553/4
f 4559/4 4548/4 4547/4
f 4560/4 4553/4 4554/4
f 4548/4 4549/4 4555/4 4554/4
f 4559/4 4549/4 4548/4
f 4560/4 4554/4 4555/4
f 4549/4 4550/4 4556/4 4555/4
f 4559/4 4550/4 4549/4
f 4560/4 4555/4 4556/4
f 4550/4 4551/4 4557/4 4556/4
f 4559/4 4551/4 4550/4
f 4560/4 4556/4 4557/4
f 4551/4 4552/4 4558/4 4557/4
f 4559/4 4552/4 4551/4
f 4560/4 4557/4 4558/4
f 4552/4 4547/4 4553/4 4558/4
f 4559/4 4547/4 4552/4
f 4560/4 4558/4 4553/4
f 4561/4 4562/4 4568/4 4567/4
f 4573/4 4562/4 4561/4
f 4574/4 4567/4 4568/4
f 4562/4 4563/4 4569/4 4568/4
f 4573/4 4563/4 4562/4
f 4574/4 4568/4 4569/4
f 4563/4 4564/4 4570/4 4569/4
f 4573/4 4564/4 4563/4
f 4574/4 4569/4 4570/4
f 4564/4 4565/4 4571/4 4570/4
f 4573/4 4565/4 4564/4
f 4574/4 4570/4 4571/4
f 4565/4 4566/4 4572/4 4571/4
f 4573/4 4566/4 4565/4
f 4574/4 4571/4 4572/4
f 4566/4 4561/4 4567/4 4572/4
f 4573/4 4561/4 4566/4
f 4574/4 4572/4 4567/4
f 4575/4 4576/4 4582/4 4581/4
f 4587/4 4576/4 4575/4
f 4588/4 4581/4 4582/4
f 4576/4 4577/4 4583/4 4582/4
f 4587/4 4577/4 4576/4
f 4588/4 4582/4 4583/4
f 4577/4 4578/4 4584/4 4583/4
f 4587/4 4578/4 4577/4
f 4588/4 4583/4 4584/4
f 4578/4 4579/4 4585/4 4584/4
f 4587/4 4579/4 4578/4
f 4588/4 4584/4 4585/4
f 4579/4 4580/4 4586/4 4585/4
f 4587/4 4580/4 4579/4
f 4588/4 4585/4 4586/4
f 4580/4 4575/4 4581/4 4586/4
f 4587/4 4575/4 4580/4
f 4588/4 4586/4 4581/4
f 4589/4 4590/4 4596/4 4595/4
f 4601/4 4590/4 4589/4
f 4602/4 4595/4 4596/4
f 4590/4 4591/4 4597/4 4596/4
f 4601/4 4591/4 4590/4
f 4602/4 4596/4 4597/4
f 4591/4 4592/4 4598/4 4597/4
f 4601/4 4592/4 4591/4
f 4602/4 4597/4 4598/4
f 4592/4 4593/4 4599/4 4598/4
f 4601/4 4593/4 4592/4
f 4602/4 4598/4 4599/4
f 4593/4 4594/4 4600/4 4599/4
f 4601/4 4594/4 4593/4
f 4602/4 4599/4 4600/4
f 4594/4 4589/4 4595/4 4600/4
f 4601/4 4589/4 4594/4
f 4602/4 4600/4 4595/4
f 4603/4 4604/4 4610/4 4609/4
f 4615/4 4604/4 4603/4
f 4616/4 4609/4 4610/4
f 4604/4 4605/4 4611/4 4610/4
f 4615/4 4605/4 4604/4
f 4616/4 4610/4 4611/4
f 4605/4 4606/4 4612/4 4611/4
f 4615/4 4606/4 4605/4
f 4616/4 4611/4 4612/4
f 4606/4 4607/4 4613/4 4612/4
f 4615/4 4607/4 4606/4
f 4616/4 4612/4 4613/4
f 4607/4 4608/4 4614/4 4613/4
f 4615/4 4608/4 4607/4
f 4616/4 4613/4 4614/4
f 4608/4 4603/4 4609/4 4614/4
f 4615/4 4603/4 4608/4
f 4616/4 4614/4 4609/4
f 4617/4 4618/4 4624/4 4623/4
f 4629/4 4618/4 4617/4
f 4630/4 4623/4 4624/4
f 4618/4 4619/4 4625/4 4624/4
f 4629/4 4619/4 4618/4
f 4630/4 4624/4 4625/4
f 4619/4 4620/4 4626/4 4625/4
f 4629/4 4620/4 4619/4
f 4630/4 4625/4 4626/4
f 4620/4 4621/4 4627/4 4626/4
f 4629/4 4621/4 4620/4
f 4630/4 4626/4 4627/4
f 4621/4 4622/4 4628/4 4627/4
f 4629/4 4622/4 4621/4
f 4630/4 4627/4 4628/4
f 4622/4 4617/4 4623/4 4628/4
f 4629/4 4617/4 4622/4
f 4630/4 4628/4 4623/4
f 4631/4 4632/4 4638/4 4637/4
f 4643/4 4632/4 4631/4
f 4644/4 4637/4 4638/4
f 4632/4 4633/4 4639/4 4638/4
f 4643/4 4633/4 4632/4
f 4644/4 4638/4 4639/4
f 4633/4 4634/4 4640/4 4639/4
f 4643/4 4634/4 4633/4
f 4644/4 4639/4 4640/4
f 4634/4 4635/4 4641/4 4640/4
f 4643/4 4635/4 4634/4
f 4644/4 4640/4 4641/4
f 4635/4 4636/4 4642/4 4641/4
f 4643/4 4636/4 4635/4
f 4644/4 4641/4 4642/4
f 4636/4 4631/4 4637/4 4642/4
f 4643/4 4631/4 4636/4
f 4644/4 4642/4 4637/4
f 4645/4 4646/4 4652/4 4651/4
f 4657/4 4646/4 4645/4
f 4658/4 4651/4 4652/4
f 4646/4 4647/4 4653/4 4652/4
f 4657/4 4647/4 4646/4
f 4658/4 4652/4 4653/4
f 4647/4 4648/4 4654/4 4653/4
f 4657/4 4648/4 4647/4
f 4658/4 4653/4 4654/4
f 4648/4 4649/4 4655/4 4654/4
f 4657/4 4649/4 4648/4
f 4658/4 4654/4 4655/4
f 4649/4 4650/4 4656/4 4655/4
f 4657/4 4650/4 4649/4
f 4658/4 4655/4 4656/4
f 4650/4 4645/4 4651/4 4656/4
f 4657/4 4645/4 4650/4
f 4658/4 4656/4 4651/4
