# ParkParkCarouselRotor — ParkPark original fairground mesh
mtllib ParkParkFairground.mtl
o ParkParkCarouselRotor
v 0.00000 0.50000 0.00000
v 0.00000 0.50000 0.00000
v 0.00000 0.50000 0.00000
v 0.00000 0.50000 0.00000
v 0.00000 0.50000 0.00000
v 0.00000 0.50000 0.00000
v 0.00000 0.50000 0.00000
v 0.00000 0.50000 0.00000
v 0.00000 0.50000 0.00000
v -0.00000 0.50000 0.00000
v -0.00000 0.50000 0.00000
v -0.00000 0.50000 0.00000
v -0.00000 0.50000 0.00000
v -0.00000 0.50000 0.00000
v -0.00000 0.50000 0.00000
v -0.00000 0.50000 0.00000
v -0.00000 0.50000 0.00000
v -0.00000 0.50000 -0.00000
v -0.00000 0.50000 -0.00000
v -0.00000 0.50000 -0.00000
v -0.00000 0.50000 -0.00000
v -0.00000 0.50000 -0.00000
v -0.00000 0.50000 -0.00000
v -0.00000 0.50000 -0.00000
v -0.00000 0.50000 -0.00000
v 0.00000 0.50000 -0.00000
v 0.00000 0.50000 -0.00000
v 0.00000 0.50000 -0.00000
v 0.00000 0.50000 -0.00000
v 0.00000 0.50000 -0.00000
v 0.00000 0.50000 -0.00000
v 0.00000 0.50000 -0.00000
v 0.88000 0.50000 0.00000
v 0.86309 0.50000 0.17168
v 0.81301 0.50000 0.33676
v 0.73169 0.50000 0.48890
v 0.62225 0.50000 0.62225
v 0.48890 0.50000 0.73169
v 0.33676 0.50000 0.81301
v 0.17168 0.50000 0.86309
v 0.00000 0.50000 0.88000
v -0.17168 0.50000 0.86309
v -0.33676 0.50000 0.81301
v -0.48890 0.50000 0.73169
v -0.62225 0.50000 0.62225
v -0.73169 0.50000 0.48890
v -0.81301 0.50000 0.33676
v -0.86309 0.50000 0.17168
v -0.88000 0.50000 0.00000
v -0.86309 0.50000 -0.17168
v -0.81301 0.50000 -0.33676
v -0.73169 0.50000 -0.48890
v -0.62225 0.50000 -0.62225
v -0.48890 0.50000 -0.73169
v -0.33676 0.50000 -0.81301
v -0.17168 0.50000 -0.86309
v -0.00000 0.50000 -0.88000
v 0.17168 0.50000 -0.86309
v 0.33676 0.50000 -0.81301
v 0.48890 0.50000 -0.73169
v 0.62225 0.50000 -0.62225
v 0.73169 0.50000 -0.48890
v 0.81301 0.50000 -0.33676
v 0.86309 0.50000 -0.17168
v 0.78000 0.90000 0.00000
v 0.76501 0.90000 0.15217
v 0.72063 0.90000 0.29849
v 0.64855 0.90000 0.43334
v 0.55154 0.90000 0.55154
v 0.43334 0.90000 0.64855
v 0.29849 0.90000 0.72063
v 0.15217 0.90000 0.76501
v 0.00000 0.90000 0.78000
v -0.15217 0.90000 0.76501
v -0.29849 0.90000 0.72063
v -0.43334 0.90000 0.64855
v -0.55154 0.90000 0.55154
v -0.64855 0.90000 0.43334
v -0.72063 0.90000 0.29849
v -0.76501 0.90000 0.15217
v -0.78000 0.90000 0.00000
v -0.76501 0.90000 -0.15217
v -0.72063 0.90000 -0.29849
v -0.64855 0.90000 -0.43334
v -0.55154 0.90000 -0.55154
v -0.43334 0.90000 -0.64855
v -0.29849 0.90000 -0.72063
v -0.15217 0.90000 -0.76501
v -0.00000 0.90000 -0.78000
v 0.15217 0.90000 -0.76501
v 0.29849 0.90000 -0.72063
v 0.43334 0.90000 -0.64855
v 0.55154 0.90000 -0.55154
v 0.64855 0.90000 -0.43334
v 0.72063 0.90000 -0.29849
v 0.76501 0.90000 -0.15217
v 0.62000 1.20000 0.00000
v 0.60809 1.20000 0.12096
v 0.57281 1.20000 0.23726
v 0.51551 1.20000 0.34445
v 0.43841 1.20000 0.43841
v 0.34445 1.20000 0.51551
v 0.23726 1.20000 0.57281
v 0.12096 1.20000 0.60809
v 0.00000 1.20000 0.62000
v -0.12096 1.20000 0.60809
v -0.23726 1.20000 0.57281
v -0.34445 1.20000 0.51551
v -0.43841 1.20000 0.43841
v -0.51551 1.20000 0.34445
v -0.57281 1.20000 0.23726
v -0.60809 1.20000 0.12096
v -0.62000 1.20000 0.00000
v -0.60809 1.20000 -0.12096
v -0.57281 1.20000 -0.23726
v -0.51551 1.20000 -0.34445
v -0.43841 1.20000 -0.43841
v -0.34445 1.20000 -0.51551
v -0.23726 1.20000 -0.57281
v -0.12096 1.20000 -0.60809
v -0.00000 1.20000 -0.62000
v 0.12096 1.20000 -0.60809
v 0.23726 1.20000 -0.57281
v 0.34445 1.20000 -0.51551
v 0.43841 1.20000 -0.43841
v 0.51551 1.20000 -0.34445
v 0.57281 1.20000 -0.23726
v 0.60809 1.20000 -0.12096
v 0.48000 3.00000 0.00000
v 0.47078 3.00000 0.09364
v 0.44346 3.00000 0.18369
v 0.39911 3.00000 0.26667
v 0.33941 3.00000 0.33941
v 0.26667 3.00000 0.39911
v 0.18369 3.00000 0.44346
v 0.09364 3.00000 0.47078
v 0.00000 3.00000 0.48000
v -0.09364 3.00000 0.47078
v -0.18369 3.00000 0.44346
v -0.26667 3.00000 0.39911
v -0.33941 3.00000 0.33941
v -0.39911 3.00000 0.26667
v -0.44346 3.00000 0.18369
v -0.47078 3.00000 0.09364
v -0.48000 3.00000 0.00000
v -0.47078 3.00000 -0.09364
v -0.44346 3.00000 -0.18369
v -0.39911 3.00000 -0.26667
v -0.33941 3.00000 -0.33941
v -0.26667 3.00000 -0.39911
v -0.18369 3.00000 -0.44346
v -0.09364 3.00000 -0.47078
v -0.00000 3.00000 -0.48000
v 0.09364 3.00000 -0.47078
v 0.18369 3.00000 -0.44346
v 0.26667 3.00000 -0.39911
v 0.33941 3.00000 -0.33941
v 0.39911 3.00000 -0.26667
v 0.44346 3.00000 -0.18369
v 0.47078 3.00000 -0.09364
v 0.60000 3.20000 0.00000
v 0.58847 3.20000 0.11705
v 0.55433 3.20000 0.22961
v 0.49888 3.20000 0.33334
v 0.42426 3.20000 0.42426
v 0.33334 3.20000 0.49888
v 0.22961 3.20000 0.55433
v 0.11705 3.20000 0.58847
v 0.00000 3.20000 0.60000
v -0.11705 3.20000 0.58847
v -0.22961 3.20000 0.55433
v -0.33334 3.20000 0.49888
v -0.42426 3.20000 0.42426
v -0.49888 3.20000 0.33334
v -0.55433 3.20000 0.22961
v -0.58847 3.20000 0.11705
v -0.60000 3.20000 0.00000
v -0.58847 3.20000 -0.11705
v -0.55433 3.20000 -0.22961
v -0.49888 3.20000 -0.33334
v -0.42426 3.20000 -0.42426
v -0.33334 3.20000 -0.49888
v -0.22961 3.20000 -0.55433
v -0.11705 3.20000 -0.58847
v -0.00000 3.20000 -0.60000
v 0.11705 3.20000 -0.58847
v 0.22961 3.20000 -0.55433
v 0.33334 3.20000 -0.49888
v 0.42426 3.20000 -0.42426
v 0.49888 3.20000 -0.33334
v 0.55433 3.20000 -0.22961
v 0.58847 3.20000 -0.11705
v 0.48000 3.45000 0.00000
v 0.47078 3.45000 0.09364
v 0.44346 3.45000 0.18369
v 0.39911 3.45000 0.26667
v 0.33941 3.45000 0.33941
v 0.26667 3.45000 0.39911
v 0.18369 3.45000 0.44346
v 0.09364 3.45000 0.47078
v 0.00000 3.45000 0.48000
v -0.09364 3.45000 0.47078
v -0.18369 3.45000 0.44346
v -0.26667 3.45000 0.39911
v -0.33941 3.45000 0.33941
v -0.39911 3.45000 0.26667
v -0.44346 3.45000 0.18369
v -0.47078 3.45000 0.09364
v -0.48000 3.45000 0.00000
v -0.47078 3.45000 -0.09364
v -0.44346 3.45000 -0.18369
v -0.39911 3.45000 -0.26667
v -0.33941 3.45000 -0.33941
v -0.26667 3.45000 -0.39911
v -0.18369 3.45000 -0.44346
v -0.09364 3.45000 -0.47078
v -0.00000 3.45000 -0.48000
v 0.09364 3.45000 -0.47078
v 0.18369 3.45000 -0.44346
v 0.26667 3.45000 -0.39911
v 0.33941 3.45000 -0.33941
v 0.39911 3.45000 -0.26667
v 0.44346 3.45000 -0.18369
v 0.47078 3.45000 -0.09364
v 0.48000 11.60000 0.00000
v 0.47078 11.60000 0.09364
v 0.44346 11.60000 0.18369
v 0.39911 11.60000 0.26667
v 0.33941 11.60000 0.33941
v 0.26667 11.60000 0.39911
v 0.18369 11.60000 0.44346
v 0.09364 11.60000 0.47078
v 0.00000 11.60000 0.48000
v -0.09364 11.60000 0.47078
v -0.18369 11.60000 0.44346
v -0.26667 11.60000 0.39911
v -0.33941 11.60000 0.33941
v -0.39911 11.60000 0.26667
v -0.44346 11.60000 0.18369
v -0.47078 11.60000 0.09364
v -0.48000 11.60000 0.00000
v -0.47078 11.60000 -0.09364
v -0.44346 11.60000 -0.18369
v -0.39911 11.60000 -0.26667
v -0.33941 11.60000 -0.33941
v -0.26667 11.60000 -0.39911
v -0.18369 11.60000 -0.44346
v -0.09364 11.60000 -0.47078
v -0.00000 11.60000 -0.48000
v 0.09364 11.60000 -0.47078
v 0.18369 11.60000 -0.44346
v 0.26667 11.60000 -0.39911
v 0.33941 11.60000 -0.33941
v 0.39911 11.60000 -0.26667
v 0.44346 11.60000 -0.18369
v 0.47078 11.60000 -0.09364
v 0.75000 11.90000 0.00000
v 0.73559 11.90000 0.14632
v 0.69291 11.90000 0.28701
v 0.62360 11.90000 0.41668
v 0.53033 11.90000 0.53033
v 0.41668 11.90000 0.62360
v 0.28701 11.90000 0.69291
v 0.14632 11.90000 0.73559
v 0.00000 11.90000 0.75000
v -0.14632 11.90000 0.73559
v -0.28701 11.90000 0.69291
v -0.41668 11.90000 0.62360
v -0.53033 11.90000 0.53033
v -0.62360 11.90000 0.41668
v -0.69291 11.90000 0.28701
v -0.73559 11.90000 0.14632
v -0.75000 11.90000 0.00000
v -0.73559 11.90000 -0.14632
v -0.69291 11.90000 -0.28701
v -0.62360 11.90000 -0.41668
v -0.53033 11.90000 -0.53033
v -0.41668 11.90000 -0.62360
v -0.28701 11.90000 -0.69291
v -0.14632 11.90000 -0.73559
v -0.00000 11.90000 -0.75000
v 0.14632 11.90000 -0.73559
v 0.28701 11.90000 -0.69291
v 0.41668 11.90000 -0.62360
v 0.53033 11.90000 -0.53033
v 0.62360 11.90000 -0.41668
v 0.69291 11.90000 -0.28701
v 0.73559 11.90000 -0.14632
v 0.48000 12.20000 0.00000
v 0.47078 12.20000 0.09364
v 0.44346 12.20000 0.18369
v 0.39911 12.20000 0.26667
v 0.33941 12.20000 0.33941
v 0.26667 12.20000 0.39911
v 0.18369 12.20000 0.44346
v 0.09364 12.20000 0.47078
v 0.00000 12.20000 0.48000
v -0.09364 12.20000 0.47078
v -0.18369 12.20000 0.44346
v -0.26667 12.20000 0.39911
v -0.33941 12.20000 0.33941
v -0.39911 12.20000 0.26667
v -0.44346 12.20000 0.18369
v -0.47078 12.20000 0.09364
v -0.48000 12.20000 0.00000
v -0.47078 12.20000 -0.09364
v -0.44346 12.20000 -0.18369
v -0.39911 12.20000 -0.26667
v -0.33941 12.20000 -0.33941
v -0.26667 12.20000 -0.39911
v -0.18369 12.20000 -0.44346
v -0.09364 12.20000 -0.47078
v -0.00000 12.20000 -0.48000
v 0.09364 12.20000 -0.47078
v 0.18369 12.20000 -0.44346
v 0.26667 12.20000 -0.39911
v 0.33941 12.20000 -0.33941
v 0.39911 12.20000 -0.26667
v 0.44346 12.20000 -0.18369
v 0.47078 12.20000 -0.09364
v 0.00000 12.20000 0.00000
v 0.00000 12.20000 0.00000
v 0.00000 12.20000 0.00000
v 0.00000 12.20000 0.00000
v 0.00000 12.20000 0.00000
v 0.00000 12.20000 0.00000
v 0.00000 12.20000 0.00000
v 0.00000 12.20000 0.00000
v 0.00000 12.20000 0.00000
v -0.00000 12.20000 0.00000
v -0.00000 12.20000 0.00000
v -0.00000 12.20000 0.00000
v -0.00000 12.20000 0.00000
v -0.00000 12.20000 0.00000
v -0.00000 12.20000 0.00000
v -0.00000 12.20000 0.00000
v -0.00000 12.20000 0.00000
v -0.00000 12.20000 -0.00000
v -0.00000 12.20000 -0.00000
v -0.00000 12.20000 -0.00000
v -0.00000 12.20000 -0.00000
v -0.00000 12.20000 -0.00000
v -0.00000 12.20000 -0.00000
v -0.00000 12.20000 -0.00000
v -0.00000 12.20000 -0.00000
v 0.00000 12.20000 -0.00000
v 0.00000 12.20000 -0.00000
v 0.00000 12.20000 -0.00000
v 0.00000 12.20000 -0.00000
v 0.00000 12.20000 -0.00000
v 0.00000 12.20000 -0.00000
v 0.00000 12.20000 -0.00000
v 0.76000 1.00000 0.00000
v 0.71000 1.08660 0.00000
v 0.61000 1.08660 0.00000
v 0.56000 1.00000 0.00000
v 0.61000 0.91340 0.00000
v 0.71000 0.91340 0.00000
v 0.74540 1.00000 0.14827
v 0.69636 1.08660 0.13851
v 0.59828 1.08660 0.11901
v 0.54924 1.00000 0.10925
v 0.59828 0.91340 0.11901
v 0.69636 0.91340 0.13851
v 0.70215 1.00000 0.29084
v 0.65595 1.08660 0.27171
v 0.56357 1.08660 0.23344
v 0.51737 1.00000 0.21430
v 0.56357 0.91340 0.23344
v 0.65595 0.91340 0.27171
v 0.63192 1.00000 0.42223
v 0.59034 1.08660 0.39445
v 0.50720 1.08660 0.33890
v 0.46562 1.00000 0.31112
v 0.50720 0.91340 0.33890
v 0.59034 0.91340 0.39445
v 0.53740 1.00000 0.53740
v 0.50205 1.08660 0.50205
v 0.43134 1.08660 0.43134
v 0.39598 1.00000 0.39598
v 0.43134 0.91340 0.43134
v 0.50205 0.91340 0.50205
v 0.42223 1.00000 0.63192
v 0.39445 1.08660 0.59034
v 0.33890 1.08660 0.50720
v 0.31112 1.00000 0.46562
v 0.33890 0.91340 0.50720
v 0.39445 0.91340 0.59034
v 0.29084 1.00000 0.70215
v 0.27171 1.08660 0.65595
v 0.23344 1.08660 0.56357
v 0.21430 1.00000 0.51737
v 0.23344 0.91340 0.56357
v 0.27171 0.91340 0.65595
v 0.14827 1.00000 0.74540
v 0.13851 1.08660 0.69636
v 0.11901 1.08660 0.59828
v 0.10925 1.00000 0.54924
v 0.11901 0.91340 0.59828
v 0.13851 0.91340 0.69636
v 0.00000 1.00000 0.76000
v 0.00000 1.08660 0.71000
v 0.00000 1.08660 0.61000
v 0.00000 1.00000 0.56000
v 0.00000 0.91340 0.61000
v 0.00000 0.91340 0.71000
v -0.14827 1.00000 0.74540
v -0.13851 1.08660 0.69636
v -0.11901 1.08660 0.59828
v -0.10925 1.00000 0.54924
v -0.11901 0.91340 0.59828
v -0.13851 0.91340 0.69636
v -0.29084 1.00000 0.70215
v -0.27171 1.08660 0.65595
v -0.23344 1.08660 0.56357
v -0.21430 1.00000 0.51737
v -0.23344 0.91340 0.56357
v -0.27171 0.91340 0.65595
v -0.42223 1.00000 0.63192
v -0.39445 1.08660 0.59034
v -0.33890 1.08660 0.50720
v -0.31112 1.00000 0.46562
v -0.33890 0.91340 0.50720
v -0.39445 0.91340 0.59034
v -0.53740 1.00000 0.53740
v -0.50205 1.08660 0.50205
v -0.43134 1.08660 0.43134
v -0.39598 1.00000 0.39598
v -0.43134 0.91340 0.43134
v -0.50205 0.91340 0.50205
v -0.63192 1.00000 0.42223
v -0.59034 1.08660 0.39445
v -0.50720 1.08660 0.33890
v -0.46562 1.00000 0.31112
v -0.50720 0.91340 0.33890
v -0.59034 0.91340 0.39445
v -0.70215 1.00000 0.29084
v -0.65595 1.08660 0.27171
v -0.56357 1.08660 0.23344
v -0.51737 1.00000 0.21430
v -0.56357 0.91340 0.23344
v -0.65595 0.91340 0.27171
v -0.74540 1.00000 0.14827
v -0.69636 1.08660 0.13851
v -0.59828 1.08660 0.11901
v -0.54924 1.00000 0.10925
v -0.59828 0.91340 0.11901
v -0.69636 0.91340 0.13851
v -0.76000 1.00000 0.00000
v -0.71000 1.08660 0.00000
v -0.61000 1.08660 0.00000
v -0.56000 1.00000 0.00000
v -0.61000 0.91340 0.00000
v -0.71000 0.91340 0.00000
v -0.74540 1.00000 -0.14827
v -0.69636 1.08660 -0.13851
v -0.59828 1.08660 -0.11901
v -0.54924 1.00000 -0.10925
v -0.59828 0.91340 -0.11901
v -0.69636 0.91340 -0.13851
v -0.70215 1.00000 -0.29084
v -0.65595 1.08660 -0.27171
v -0.56357 1.08660 -0.23344
v -0.51737 1.00000 -0.21430
v -0.56357 0.91340 -0.23344
v -0.65595 0.91340 -0.27171
v -0.63192 1.00000 -0.42223
v -0.59034 1.08660 -0.39445
v -0.50720 1.08660 -0.33890
v -0.46562 1.00000 -0.31112
v -0.50720 0.91340 -0.33890
v -0.59034 0.91340 -0.39445
v -0.53740 1.00000 -0.53740
v -0.50205 1.08660 -0.50205
v -0.43134 1.08660 -0.43134
v -0.39598 1.00000 -0.39598
v -0.43134 0.91340 -0.43134
v -0.50205 0.91340 -0.50205
v -0.42223 1.00000 -0.63192
v -0.39445 1.08660 -0.59034
v -0.33890 1.08660 -0.50720
v -0.31112 1.00000 -0.46562
v -0.33890 0.91340 -0.50720
v -0.39445 0.91340 -0.59034
v -0.29084 1.00000 -0.70215
v -0.27171 1.08660 -0.65595
v -0.23344 1.08660 -0.56357
v -0.21430 1.00000 -0.51737
v -0.23344 0.91340 -0.56357
v -0.27171 0.91340 -0.65595
v -0.14827 1.00000 -0.74540
v -0.13851 1.08660 -0.69636
v -0.11901 1.08660 -0.59828
v -0.10925 1.00000 -0.54924
v -0.11901 0.91340 -0.59828
v -0.13851 0.91340 -0.69636
v -0.00000 1.00000 -0.76000
v -0.00000 1.08660 -0.71000
v -0.00000 1.08660 -0.61000
v -0.00000 1.00000 -0.56000
v -0.00000 0.91340 -0.61000
v -0.00000 0.91340 -0.71000
v 0.14827 1.00000 -0.74540
v 0.13851 1.08660 -0.69636
v 0.11901 1.08660 -0.59828
v 0.10925 1.00000 -0.54924
v 0.11901 0.91340 -0.59828
v 0.13851 0.91340 -0.69636
v 0.29084 1.00000 -0.70215
v 0.27171 1.08660 -0.65595
v 0.23344 1.08660 -0.56357
v 0.21430 1.00000 -0.51737
v 0.23344 0.91340 -0.56357
v 0.27171 0.91340 -0.65595
v 0.42223 1.00000 -0.63192
v 0.39445 1.08660 -0.59034
v 0.33890 1.08660 -0.50720
v 0.31112 1.00000 -0.46562
v 0.33890 0.91340 -0.50720
v 0.39445 0.91340 -0.59034
v 0.53740 1.00000 -0.53740
v 0.50205 1.08660 -0.50205
v 0.43134 1.08660 -0.43134
v 0.39598 1.00000 -0.39598
v 0.43134 0.91340 -0.43134
v 0.50205 0.91340 -0.50205
v 0.63192 1.00000 -0.42223
v 0.59034 1.08660 -0.39445
v 0.50720 1.08660 -0.33890
v 0.46562 1.00000 -0.31112
v 0.50720 0.91340 -0.33890
v 0.59034 0.91340 -0.39445
v 0.70215 1.00000 -0.29084
v 0.65595 1.08660 -0.27171
v 0.56357 1.08660 -0.23344
v 0.51737 1.00000 -0.21430
v 0.56357 0.91340 -0.23344
v 0.65595 0.91340 -0.27171
v 0.74540 1.00000 -0.14827
v 0.69636 1.08660 -0.13851
v 0.59828 1.08660 -0.11901
v 0.54924 1.00000 -0.10925
v 0.59828 0.91340 -0.11901
v 0.69636 0.91340 -0.13851
v 0.66000 3.35000 0.00000
v 0.61000 3.43660 0.00000
v 0.51000 3.43660 0.00000
v 0.46000 3.35000 0.00000
v 0.51000 3.26340 0.00000
v 0.61000 3.26340 0.00000
v 0.64732 3.35000 0.12876
v 0.59828 3.43660 0.11901
v 0.50020 3.43660 0.09950
v 0.45116 3.35000 0.08974
v 0.50020 3.26340 0.09950
v 0.59828 3.26340 0.11901
v 0.60976 3.35000 0.25257
v 0.56357 3.43660 0.23344
v 0.47118 3.43660 0.19517
v 0.42498 3.35000 0.17603
v 0.47118 3.26340 0.19517
v 0.56357 3.26340 0.23344
v 0.54877 3.35000 0.36668
v 0.50720 3.43660 0.33890
v 0.42405 3.43660 0.28334
v 0.38248 3.35000 0.25556
v 0.42405 3.26340 0.28334
v 0.50720 3.26340 0.33890
v 0.46669 3.35000 0.46669
v 0.43134 3.43660 0.43134
v 0.36062 3.43660 0.36062
v 0.32527 3.35000 0.32527
v 0.36062 3.26340 0.36062
v 0.43134 3.26340 0.43134
v 0.36668 3.35000 0.54877
v 0.33890 3.43660 0.50720
v 0.28334 3.43660 0.42405
v 0.25556 3.35000 0.38248
v 0.28334 3.26340 0.42405
v 0.33890 3.26340 0.50720
v 0.25257 3.35000 0.60976
v 0.23344 3.43660 0.56357
v 0.19517 3.43660 0.47118
v 0.17603 3.35000 0.42498
v 0.19517 3.26340 0.47118
v 0.23344 3.26340 0.56357
v 0.12876 3.35000 0.64732
v 0.11901 3.43660 0.59828
v 0.09950 3.43660 0.50020
v 0.08974 3.35000 0.45116
v 0.09950 3.26340 0.50020
v 0.11901 3.26340 0.59828
v 0.00000 3.35000 0.66000
v 0.00000 3.43660 0.61000
v 0.00000 3.43660 0.51000
v 0.00000 3.35000 0.46000
v 0.00000 3.26340 0.51000
v 0.00000 3.26340 0.61000
v -0.12876 3.35000 0.64732
v -0.11901 3.43660 0.59828
v -0.09950 3.43660 0.50020
v -0.08974 3.35000 0.45116
v -0.09950 3.26340 0.50020
v -0.11901 3.26340 0.59828
v -0.25257 3.35000 0.60976
v -0.23344 3.43660 0.56357
v -0.19517 3.43660 0.47118
v -0.17603 3.35000 0.42498
v -0.19517 3.26340 0.47118
v -0.23344 3.26340 0.56357
v -0.36668 3.35000 0.54877
v -0.33890 3.43660 0.50720
v -0.28334 3.43660 0.42405
v -0.25556 3.35000 0.38248
v -0.28334 3.26340 0.42405
v -0.33890 3.26340 0.50720
v -0.46669 3.35000 0.46669
v -0.43134 3.43660 0.43134
v -0.36062 3.43660 0.36062
v -0.32527 3.35000 0.32527
v -0.36062 3.26340 0.36062
v -0.43134 3.26340 0.43134
v -0.54877 3.35000 0.36668
v -0.50720 3.43660 0.33890
v -0.42405 3.43660 0.28334
v -0.38248 3.35000 0.25556
v -0.42405 3.26340 0.28334
v -0.50720 3.26340 0.33890
v -0.60976 3.35000 0.25257
v -0.56357 3.43660 0.23344
v -0.47118 3.43660 0.19517
v -0.42498 3.35000 0.17603
v -0.47118 3.26340 0.19517
v -0.56357 3.26340 0.23344
v -0.64732 3.35000 0.12876
v -0.59828 3.43660 0.11901
v -0.50020 3.43660 0.09950
v -0.45116 3.35000 0.08974
v -0.50020 3.26340 0.09950
v -0.59828 3.26340 0.11901
v -0.66000 3.35000 0.00000
v -0.61000 3.43660 0.00000
v -0.51000 3.43660 0.00000
v -0.46000 3.35000 0.00000
v -0.51000 3.26340 0.00000
v -0.61000 3.26340 0.00000
v -0.64732 3.35000 -0.12876
v -0.59828 3.43660 -0.11901
v -0.50020 3.43660 -0.09950
v -0.45116 3.35000 -0.08974
v -0.50020 3.26340 -0.09950
v -0.59828 3.26340 -0.11901
v -0.60976 3.35000 -0.25257
v -0.56357 3.43660 -0.23344
v -0.47118 3.43660 -0.19517
v -0.42498 3.35000 -0.17603
v -0.47118 3.26340 -0.19517
v -0.56357 3.26340 -0.23344
v -0.54877 3.35000 -0.36668
v -0.50720 3.43660 -0.33890
v -0.42405 3.43660 -0.28334
v -0.38248 3.35000 -0.25556
v -0.42405 3.26340 -0.28334
v -0.50720 3.26340 -0.33890
v -0.46669 3.35000 -0.46669
v -0.43134 3.43660 -0.43134
v -0.36062 3.43660 -0.36062
v -0.32527 3.35000 -0.32527
v -0.36062 3.26340 -0.36062
v -0.43134 3.26340 -0.43134
v -0.36668 3.35000 -0.54877
v -0.33890 3.43660 -0.50720
v -0.28334 3.43660 -0.42405
v -0.25556 3.35000 -0.38248
v -0.28334 3.26340 -0.42405
v -0.33890 3.26340 -0.50720
v -0.25257 3.35000 -0.60976
v -0.23344 3.43660 -0.56357
v -0.19517 3.43660 -0.47118
v -0.17603 3.35000 -0.42498
v -0.19517 3.26340 -0.47118
v -0.23344 3.26340 -0.56357
v -0.12876 3.35000 -0.64732
v -0.11901 3.43660 -0.59828
v -0.09950 3.43660 -0.50020
v -0.08974 3.35000 -0.45116
v -0.09950 3.26340 -0.50020
v -0.11901 3.26340 -0.59828
v -0.00000 3.35000 -0.66000
v -0.00000 3.43660 -0.61000
v -0.00000 3.43660 -0.51000
v -0.00000 3.35000 -0.46000
v -0.00000 3.26340 -0.51000
v -0.00000 3.26340 -0.61000
v 0.12876 3.35000 -0.64732
v 0.11901 3.43660 -0.59828
v 0.09950 3.43660 -0.50020
v 0.08974 3.35000 -0.45116
v 0.09950 3.26340 -0.50020
v 0.11901 3.26340 -0.59828
v 0.25257 3.35000 -0.60976
v 0.23344 3.43660 -0.56357
v 0.19517 3.43660 -0.47118
v 0.17603 3.35000 -0.42498
v 0.19517 3.26340 -0.47118
v 0.23344 3.26340 -0.56357
v 0.36668 3.35000 -0.54877
v 0.33890 3.43660 -0.50720
v 0.28334 3.43660 -0.42405
v 0.25556 3.35000 -0.38248
v 0.28334 3.26340 -0.42405
v 0.33890 3.26340 -0.50720
v 0.46669 3.35000 -0.46669
v 0.43134 3.43660 -0.43134
v 0.36062 3.43660 -0.36062
v 0.32527 3.35000 -0.32527
v 0.36062 3.26340 -0.36062
v 0.43134 3.26340 -0.43134
v 0.54877 3.35000 -0.36668
v 0.50720 3.43660 -0.33890
v 0.42405 3.43660 -0.28334
v 0.38248 3.35000 -0.25556
v 0.42405 3.26340 -0.28334
v 0.50720 3.26340 -0.33890
v 0.60976 3.35000 -0.25257
v 0.56357 3.43660 -0.23344
v 0.47118 3.43660 -0.19517
v 0.42498 3.35000 -0.17603
v 0.47118 3.26340 -0.19517
v 0.56357 3.26340 -0.23344
v 0.64732 3.35000 -0.12876
v 0.59828 3.43660 -0.11901
v 0.50020 3.43660 -0.09950
v 0.45116 3.35000 -0.08974
v 0.50020 3.26340 -0.09950
v 0.59828 3.26340 -0.11901
v 0.77000 11.75000 0.00000
v 0.72000 11.83660 0.00000
v 0.62000 11.83660 0.00000
v 0.57000 11.75000 0.00000
v 0.62000 11.66340 0.00000
v 0.72000 11.66340 0.00000
v 0.75520 11.75000 0.15022
v 0.70617 11.83660 0.14047
v 0.60809 11.83660 0.12096
v 0.55905 11.75000 0.11120
v 0.60809 11.66340 0.12096
v 0.70617 11.66340 0.14047
v 0.71139 11.75000 0.29467
v 0.66519 11.83660 0.27553
v 0.57281 11.83660 0.23726
v 0.52661 11.75000 0.21813
v 0.57281 11.66340 0.23726
v 0.66519 11.66340 0.27553
v 0.64023 11.75000 0.42779
v 0.59866 11.83660 0.40001
v 0.51551 11.83660 0.34445
v 0.47394 11.75000 0.31668
v 0.51551 11.66340 0.34445
v 0.59866 11.66340 0.40001
v 0.54447 11.75000 0.54447
v 0.50912 11.83660 0.50912
v 0.43841 11.83660 0.43841
v 0.40305 11.75000 0.40305
v 0.43841 11.66340 0.43841
v 0.50912 11.66340 0.50912
v 0.42779 11.75000 0.64023
v 0.40001 11.83660 0.59866
v 0.34445 11.83660 0.51551
v 0.31668 11.75000 0.47394
v 0.34445 11.66340 0.51551
v 0.40001 11.66340 0.59866
v 0.29467 11.75000 0.71139
v 0.27553 11.83660 0.66519
v 0.23726 11.83660 0.57281
v 0.21813 11.75000 0.52661
v 0.23726 11.66340 0.57281
v 0.27553 11.66340 0.66519
v 0.15022 11.75000 0.75520
v 0.14047 11.83660 0.70617
v 0.12096 11.83660 0.60809
v 0.11120 11.75000 0.55905
v 0.12096 11.66340 0.60809
v 0.14047 11.66340 0.70617
v 0.00000 11.75000 0.77000
v 0.00000 11.83660 0.72000
v 0.00000 11.83660 0.62000
v 0.00000 11.75000 0.57000
v 0.00000 11.66340 0.62000
v 0.00000 11.66340 0.72000
v -0.15022 11.75000 0.75520
v -0.14047 11.83660 0.70617
v -0.12096 11.83660 0.60809
v -0.11120 11.75000 0.55905
v -0.12096 11.66340 0.60809
v -0.14047 11.66340 0.70617
v -0.29467 11.75000 0.71139
v -0.27553 11.83660 0.66519
v -0.23726 11.83660 0.57281
v -0.21813 11.75000 0.52661
v -0.23726 11.66340 0.57281
v -0.27553 11.66340 0.66519
v -0.42779 11.75000 0.64023
v -0.40001 11.83660 0.59866
v -0.34445 11.83660 0.51551
v -0.31668 11.75000 0.47394
v -0.34445 11.66340 0.51551
v -0.40001 11.66340 0.59866
v -0.54447 11.75000 0.54447
v -0.50912 11.83660 0.50912
v -0.43841 11.83660 0.43841
v -0.40305 11.75000 0.40305
v -0.43841 11.66340 0.43841
v -0.50912 11.66340 0.50912
v -0.64023 11.75000 0.42779
v -0.59866 11.83660 0.40001
v -0.51551 11.83660 0.34445
v -0.47394 11.75000 0.31668
v -0.51551 11.66340 0.34445
v -0.59866 11.66340 0.40001
v -0.71139 11.75000 0.29467
v -0.66519 11.83660 0.27553
v -0.57281 11.83660 0.23726
v -0.52661 11.75000 0.21813
v -0.57281 11.66340 0.23726
v -0.66519 11.66340 0.27553
v -0.75520 11.75000 0.15022
v -0.70617 11.83660 0.14047
v -0.60809 11.83660 0.12096
v -0.55905 11.75000 0.11120
v -0.60809 11.66340 0.12096
v -0.70617 11.66340 0.14047
v -0.77000 11.75000 0.00000
v -0.72000 11.83660 0.00000
v -0.62000 11.83660 0.00000
v -0.57000 11.75000 0.00000
v -0.62000 11.66340 0.00000
v -0.72000 11.66340 0.00000
v -0.75520 11.75000 -0.15022
v -0.70617 11.83660 -0.14047
v -0.60809 11.83660 -0.12096
v -0.55905 11.75000 -0.11120
v -0.60809 11.66340 -0.12096
v -0.70617 11.66340 -0.14047
v -0.71139 11.75000 -0.29467
v -0.66519 11.83660 -0.27553
v -0.57281 11.83660 -0.23726
v -0.52661 11.75000 -0.21813
v -0.57281 11.66340 -0.23726
v -0.66519 11.66340 -0.27553
v -0.64023 11.75000 -0.42779
v -0.59866 11.83660 -0.40001
v -0.51551 11.83660 -0.34445
v -0.47394 11.75000 -0.31668
v -0.51551 11.66340 -0.34445
v -0.59866 11.66340 -0.40001
v -0.54447 11.75000 -0.54447
v -0.50912 11.83660 -0.50912
v -0.43841 11.83660 -0.43841
v -0.40305 11.75000 -0.40305
v -0.43841 11.66340 -0.43841
v -0.50912 11.66340 -0.50912
v -0.42779 11.75000 -0.64023
v -0.40001 11.83660 -0.59866
v -0.34445 11.83660 -0.51551
v -0.31668 11.75000 -0.47394
v -0.34445 11.66340 -0.51551
v -0.40001 11.66340 -0.59866
v -0.29467 11.75000 -0.71139
v -0.27553 11.83660 -0.66519
v -0.23726 11.83660 -0.57281
v -0.21813 11.75000 -0.52661
v -0.23726 11.66340 -0.57281
v -0.27553 11.66340 -0.66519
v -0.15022 11.75000 -0.75520
v -0.14047 11.83660 -0.70617
v -0.12096 11.83660 -0.60809
v -0.11120 11.75000 -0.55905
v -0.12096 11.66340 -0.60809
v -0.14047 11.66340 -0.70617
v -0.00000 11.75000 -0.77000
v -0.00000 11.83660 -0.72000
v -0.00000 11.83660 -0.62000
v -0.00000 11.75000 -0.57000
v -0.00000 11.66340 -0.62000
v -0.00000 11.66340 -0.72000
v 0.15022 11.75000 -0.75520
v 0.14047 11.83660 -0.70617
v 0.12096 11.83660 -0.60809
v 0.11120 11.75000 -0.55905
v 0.12096 11.66340 -0.60809
v 0.14047 11.66340 -0.70617
v 0.29467 11.75000 -0.71139
v 0.27553 11.83660 -0.66519
v 0.23726 11.83660 -0.57281
v 0.21813 11.75000 -0.52661
v 0.23726 11.66340 -0.57281
v 0.27553 11.66340 -0.66519
v 0.42779 11.75000 -0.64023
v 0.40001 11.83660 -0.59866
v 0.34445 11.83660 -0.51551
v 0.31668 11.75000 -0.47394
v 0.34445 11.66340 -0.51551
v 0.40001 11.66340 -0.59866
v 0.54447 11.75000 -0.54447
v 0.50912 11.83660 -0.50912
v 0.43841 11.83660 -0.43841
v 0.40305 11.75000 -0.40305
v 0.43841 11.66340 -0.43841
v 0.50912 11.66340 -0.50912
v 0.64023 11.75000 -0.42779
v 0.59866 11.83660 -0.40001
v 0.51551 11.83660 -0.34445
v 0.47394 11.75000 -0.31668
v 0.51551 11.66340 -0.34445
v 0.59866 11.66340 -0.40001
v 0.71139 11.75000 -0.29467
v 0.66519 11.83660 -0.27553
v 0.57281 11.83660 -0.23726
v 0.52661 11.75000 -0.21813
v 0.57281 11.66340 -0.23726
v 0.66519 11.66340 -0.27553
v 0.75520 11.75000 -0.15022
v 0.70617 11.83660 -0.14047
v 0.60809 11.83660 -0.12096
v 0.55905 11.75000 -0.11120
v 0.60809 11.66340 -0.12096
v 0.70617 11.66340 -0.14047
v 0.00000 11.65000 0.13000
v 0.00367 11.55815 0.09192
v 0.00520 11.52010 0.00000
v 0.00367 11.55815 -0.09192
v 0.00000 11.65000 -0.13000
v -0.00367 11.74185 -0.09192
v -0.00520 11.77990 -0.00000
v -0.00367 11.74185 0.09192
v 8.75000 12.00000 0.10000
v 8.75283 11.92935 0.07071
v 8.75400 11.90008 0.00000
v 8.75283 11.92935 -0.07071
v 8.75000 12.00000 -0.10000
v 8.74717 12.07065 -0.07071
v 8.74600 12.09992 -0.00000
v 8.74717 12.07065 0.07071
v 0.00000 11.65000 0.00000
v 8.75000 12.00000 0.00000
v 6.60000 3.40000 -0.10500
v 6.52575 3.40000 -0.07425
v 6.49500 3.40000 -0.00000
v 6.52575 3.40000 0.07425
v 6.60000 3.40000 0.10500
v 6.67425 3.40000 0.07425
v 6.70500 3.40000 0.00000
v 6.67425 3.40000 -0.07425
v 6.60000 11.90000 -0.07500
v 6.54697 11.90000 -0.05303
v 6.52500 11.90000 -0.00000
v 6.54697 11.90000 0.05303
v 6.60000 11.90000 0.07500
v 6.65303 11.90000 0.05303
v 6.67500 11.90000 0.00000
v 6.65303 11.90000 -0.05303
v 6.60000 3.40000 0.00000
v 6.60000 11.90000 0.00000
v 6.75556 3.31686 0.00000
v 6.71000 3.31686 0.11000
v 6.60000 3.31686 0.15556
v 6.49000 3.31686 0.11000
v 6.44444 3.31686 0.00000
v 6.49000 3.31686 -0.11000
v 6.60000 3.31686 -0.15556
v 6.71000 3.31686 -0.11000
v 6.82000 3.43000 0.00000
v 6.75556 3.43000 0.15556
v 6.60000 3.43000 0.22000
v 6.44444 3.43000 0.15556
v 6.38000 3.43000 0.00000
v 6.44444 3.43000 -0.15556
v 6.60000 3.43000 -0.22000
v 6.75556 3.43000 -0.15556
v 6.75556 3.54314 0.00000
v 6.71000 3.54314 0.11000
v 6.60000 3.54314 0.15556
v 6.49000 3.54314 0.11000
v 6.44444 3.54314 0.00000
v 6.49000 3.54314 -0.11000
v 6.60000 3.54314 -0.15556
v 6.71000 3.54314 -0.11000
v 6.60000 3.27000 0.00000
v 6.60000 3.59000 0.00000
v 7.17500 1.60440 0.00000
v 7.06518 1.60440 0.15576
v 6.77768 1.60440 0.25203
v 6.42232 1.60440 0.25203
v 6.13482 1.60440 0.15576
v 6.02500 1.60440 0.00000
v 6.13482 1.60440 -0.15576
v 6.42232 1.60440 -0.25203
v 6.77768 1.60440 -0.25203
v 7.06518 1.60440 -0.15576
v 7.59593 1.83500 0.00000
v 7.40572 1.83500 0.26979
v 6.90776 1.83500 0.43653
v 6.29224 1.83500 0.43653
v 5.79428 1.83500 0.26979
v 5.60407 1.83500 0.00000
v 5.79428 1.83500 -0.26979
v 6.29224 1.83500 -0.43653
v 6.90776 1.83500 -0.43653
v 7.40572 1.83500 -0.26979
v 7.75000 2.15000 0.00000
v 7.53037 2.15000 0.31153
v 6.95537 2.15000 0.50406
v 6.24463 2.15000 0.50406
v 5.66963 2.15000 0.31153
v 5.45000 2.15000 0.00000
v 5.66963 2.15000 -0.31153
v 6.24463 2.15000 -0.50406
v 6.95537 2.15000 -0.50406
v 7.53037 2.15000 -0.31153
v 7.59593 2.46500 0.00000
v 7.40572 2.46500 0.26979
v 6.90776 2.46500 0.43653
v 6.29224 2.46500 0.43653
v 5.79428 2.46500 0.26979
v 5.60407 2.46500 0.00000
v 5.79428 2.46500 -0.26979
v 6.29224 2.46500 -0.43653
v 6.90776 2.46500 -0.43653
v 7.40572 2.46500 -0.26979
v 7.17500 2.69560 0.00000
v 7.06518 2.69560 0.15576
v 6.77768 2.69560 0.25203
v 6.42232 2.69560 0.25203
v 6.13482 2.69560 0.15576
v 6.02500 2.69560 0.00000
v 6.13482 2.69560 -0.15576
v 6.42232 2.69560 -0.25203
v 6.77768 2.69560 -0.25203
v 7.06518 2.69560 -0.15576
v 6.60000 1.52000 0.00000
v 6.60000 2.78000 0.00000
v 7.66687 2.09594 0.00000
v 7.59456 2.09594 0.15794
v 7.42000 2.09594 0.22336
v 7.24544 2.09594 0.15794
v 7.17313 2.09594 0.00000
v 7.24544 2.09594 -0.15794
v 7.42000 2.09594 -0.22336
v 7.59456 2.09594 -0.15794
v 7.81944 2.32094 0.00000
v 7.70245 2.32094 0.25555
v 7.42000 2.32094 0.36140
v 7.13755 2.32094 0.25555
v 7.02056 2.32094 0.00000
v 7.13755 2.32094 -0.25555
v 7.42000 2.32094 -0.36140
v 7.70245 2.32094 -0.25555
v 7.81944 2.59906 0.00000
v 7.70245 2.59906 0.25555
v 7.42000 2.59906 0.36140
v 7.13755 2.59906 0.25555
v 7.02056 2.59906 0.00000
v 7.13755 2.59906 -0.25555
v 7.42000 2.59906 -0.36140
v 7.70245 2.59906 -0.25555
v 7.66687 2.82406 0.00000
v 7.59456 2.82406 0.15794
v 7.42000 2.82406 0.22336
v 7.24544 2.82406 0.15794
v 7.17313 2.82406 0.00000
v 7.24544 2.82406 -0.15794
v 7.42000 2.82406 -0.22336
v 7.59456 2.82406 -0.15794
v 7.42000 2.01000 0.00000
v 7.42000 2.91000 0.00000
v 7.09000 2.28000 -0.26000
v 6.92017 2.35042 -0.18385
v 6.84983 2.37958 -0.00000
v 6.92017 2.35042 0.18385
v 7.09000 2.28000 0.26000
v 7.25983 2.20958 0.18385
v 7.33017 2.18042 0.00000
v 7.25983 2.20958 -0.18385
v 7.43000 3.10000 -0.16000
v 7.32549 3.14333 -0.11314
v 7.28220 3.16128 -0.00000
v 7.32549 3.14333 0.11314
v 7.43000 3.10000 0.16000
v 7.53451 3.05667 0.11314
v 7.57780 3.03872 0.00000
v 7.53451 3.05667 -0.11314
v 7.09000 2.28000 0.00000
v 7.43000 3.10000 0.00000
v 7.99038 2.39493 0.00000
v 7.91119 2.39493 0.12884
v 7.72000 2.39493 0.18221
v 7.52881 2.39493 0.12884
v 7.44962 2.39493 0.00000
v 7.52881 2.39493 -0.12884
v 7.72000 2.39493 -0.18221
v 7.91119 2.39493 -0.12884
v 8.15749 2.56493 0.00000
v 8.02935 2.56493 0.20847
v 7.72000 2.56493 0.29483
v 7.41065 2.56493 0.20847
v 7.28251 2.56493 0.00000
v 7.41065 2.56493 -0.20847
v 7.72000 2.56493 -0.29483
v 8.02935 2.56493 -0.20847
v 8.15749 2.77507 0.00000
v 8.02935 2.77507 0.20847
v 7.72000 2.77507 0.29483
v 7.41065 2.77507 0.20847
v 7.28251 2.77507 0.00000
v 7.41065 2.77507 -0.20847
v 7.72000 2.77507 -0.29483
v 8.02935 2.77507 -0.20847
v 7.99038 2.94507 0.00000
v 7.91119 2.94507 0.12884
v 7.72000 2.94507 0.18221
v 7.52881 2.94507 0.12884
v 7.44962 2.94507 0.00000
v 7.52881 2.94507 -0.12884
v 7.72000 2.94507 -0.18221
v 7.91119 2.94507 -0.12884
v 7.72000 2.33000 0.00000
v 7.72000 3.01000 0.00000
v 8.26385 2.43858 0.00000
v 8.21000 2.43858 0.12500
v 8.08000 2.43858 0.17678
v 7.95000 2.43858 0.12500
v 7.89615 2.43858 0.00000
v 7.95000 2.43858 -0.12500
v 8.08000 2.43858 -0.17678
v 8.21000 2.43858 -0.12500
v 8.34000 2.58000 0.00000
v 8.26385 2.58000 0.17678
v 8.08000 2.58000 0.25000
v 7.89615 2.58000 0.17678
v 7.82000 2.58000 0.00000
v 7.89615 2.58000 -0.17678
v 8.08000 2.58000 -0.25000
v 8.26385 2.58000 -0.17678
v 8.26385 2.72142 0.00000
v 8.21000 2.72142 0.12500
v 8.08000 2.72142 0.17678
v 7.95000 2.72142 0.12500
v 7.89615 2.72142 0.00000
v 7.95000 2.72142 -0.12500
v 8.08000 2.72142 -0.17678
v 8.21000 2.72142 -0.12500
v 8.08000 2.38000 0.00000
v 8.08000 2.78000 0.00000
v 7.70527 2.79808 0.00000
v 7.61000 2.79808 0.20000
v 7.38000 2.79808 0.28284
v 7.15000 2.79808 0.20000
v 7.05473 2.79808 0.00000
v 7.15000 2.79808 -0.20000
v 7.38000 2.79808 -0.28284
v 7.61000 2.79808 -0.20000
v 7.84000 2.89000 0.00000
v 7.70527 2.89000 0.28284
v 7.38000 2.89000 0.40000
v 7.05473 2.89000 0.28284
v 6.92000 2.89000 0.00000
v 7.05473 2.89000 -0.28284
v 7.38000 2.89000 -0.40000
v 7.70527 2.89000 -0.28284
v 7.70527 2.98192 0.00000
v 7.61000 2.98192 0.20000
v 7.38000 2.98192 0.28284
v 7.15000 2.98192 0.20000
v 7.05473 2.98192 0.00000
v 7.15000 2.98192 -0.20000
v 7.38000 2.98192 -0.28284
v 7.61000 2.98192 -0.20000
v 7.38000 2.76000 0.00000
v 7.38000 3.02000 0.00000
v 7.08765 2.65000 -0.16096
v 7.13668 2.59597 -0.19378
v 7.14903 2.59597 -0.27283
v 7.11235 2.65000 -0.31904
v 7.06332 2.70403 -0.28622
v 7.05097 2.70403 -0.20717
v 7.41382 2.91000 -0.15048
v 7.43834 2.88299 -0.16689
v 7.44451 2.88299 -0.20641
v 7.42618 2.91000 -0.22952
v 7.40166 2.93701 -0.21311
v 7.39549 2.93701 -0.17359
v 7.10000 2.65000 -0.24000
v 7.42000 2.91000 -0.19000
v 7.11235 2.65000 0.31904
v 7.14903 2.59597 0.27283
v 7.13668 2.59597 0.19378
v 7.08765 2.65000 0.16096
v 7.05097 2.70403 0.20717
v 7.06332 2.70403 0.28622
v 7.42618 2.91000 0.22952
v 7.44451 2.88299 0.20641
v 7.43834 2.88299 0.16689
v 7.41382 2.91000 0.15048
v 7.39549 2.93701 0.17359
v 7.40166 2.93701 0.21311
v 7.10000 2.65000 0.24000
v 7.42000 2.91000 0.19000
v 5.88000 1.95000 -0.22000
v 5.78625 1.94632 -0.26518
v 5.76310 1.94542 -0.36670
v 5.82797 1.94796 -0.44812
v 5.93203 1.95204 -0.44812
v 5.99690 1.95458 -0.36670
v 5.97375 1.95368 -0.26518
v 5.92000 0.93000 -0.27000
v 5.86531 0.92786 -0.29636
v 5.85181 0.92733 -0.35558
v 5.88965 0.92881 -0.40307
v 5.95035 0.93119 -0.40307
v 5.98819 0.93267 -0.35558
v 5.97469 0.93214 -0.29636
v 5.88000 1.95000 -0.34000
v 5.92000 0.93000 -0.34000
v 5.88000 1.95000 0.46000
v 5.78625 1.94632 0.41482
v 5.76310 1.94542 0.31330
v 5.82797 1.94796 0.23188
v 5.93203 1.95204 0.23188
v 5.99690 1.95458 0.31330
v 5.97375 1.95368 0.41482
v 5.92000 0.93000 0.41000
v 5.86531 0.92786 0.38364
v 5.85181 0.92733 0.32442
v 5.88965 0.92881 0.27693
v 5.95035 0.93119 0.27693
v 5.98819 0.93267 0.32442
v 5.97469 0.93214 0.38364
v 5.88000 1.95000 0.34000
v 5.92000 0.93000 0.34000
v 7.25000 1.95000 -0.22000
v 7.15625 1.94632 -0.26518
v 7.13310 1.94542 -0.36670
v 7.19797 1.94796 -0.44812
v 7.30203 1.95204 -0.44812
v 7.36690 1.95458 -0.36670
v 7.34375 1.95368 -0.26518
v 7.29000 0.93000 -0.27000
v 7.23531 0.92786 -0.29636
v 7.22181 0.92733 -0.35558
v 7.25965 0.92881 -0.40307
v 7.32035 0.93119 -0.40307
v 7.35819 0.93267 -0.35558
v 7.34469 0.93214 -0.29636
v 7.25000 1.95000 -0.34000
v 7.29000 0.93000 -0.34000
v 7.25000 1.95000 0.46000
v 7.15625 1.94632 0.41482
v 7.13310 1.94542 0.31330
v 7.19797 1.94796 0.23188
v 7.30203 1.95204 0.23188
v 7.36690 1.95458 0.31330
v 7.34375 1.95368 0.41482
v 7.29000 0.93000 0.41000
v 7.23531 0.92786 0.38364
v 7.22181 0.92733 0.32442
v 7.25965 0.92881 0.27693
v 7.32035 0.93119 0.27693
v 7.35819 0.93267 0.32442
v 7.34469 0.93214 0.38364
v 7.25000 1.95000 0.34000
v 7.29000 0.93000 0.34000
v 5.57000 2.27000 -0.13000
v 5.63065 2.18844 -0.08105
v 5.64563 2.16830 0.02893
v 5.60366 2.22474 0.11713
v 5.53634 2.31526 0.11713
v 5.49437 2.37170 0.02893
v 5.50935 2.35156 -0.08105
v 5.18000 1.98000 -0.06000
v 5.20799 1.94236 -0.03741
v 5.21490 1.93306 0.01335
v 5.19553 1.95911 0.05406
v 5.16447 2.00089 0.05406
v 5.14510 2.02694 0.01335
v 5.15201 2.01764 -0.03741
v 5.57000 2.27000 0.00000
v 5.18000 1.98000 0.00000
v 7.11941 2.54858 0.00000
v 7.02000 2.54858 0.27000
v 6.78000 2.54858 0.38184
v 6.54000 2.54858 0.27000
v 6.44059 2.54858 0.00000
v 6.54000 2.54858 -0.27000
v 6.78000 2.54858 -0.38184
v 7.02000 2.54858 -0.27000
v 7.26000 2.69000 0.00000
v 7.11941 2.69000 0.38184
v 6.78000 2.69000 0.54000
v 6.44059 2.69000 0.38184
v 6.30000 2.69000 0.00000
v 6.44059 2.69000 -0.38184
v 6.78000 2.69000 -0.54000
v 7.11941 2.69000 -0.38184
v 7.11941 2.83142 0.00000
v 7.02000 2.83142 0.27000
v 6.78000 2.83142 0.38184
v 6.54000 2.83142 0.27000
v 6.44059 2.83142 0.00000
v 6.54000 2.83142 -0.27000
v 6.78000 2.83142 -0.38184
v 7.02000 2.83142 -0.27000
v 6.78000 2.49000 0.00000
v 6.78000 2.89000 0.00000
v -0.09192 11.65000 0.09192
v -0.06240 11.55815 0.06760
v 0.00367 11.52010 0.00367
v 0.06760 11.55815 -0.06240
v 0.09192 11.65000 -0.09192
v 0.06240 11.74185 -0.06760
v -0.00367 11.77990 -0.00367
v -0.06760 11.74185 0.06240
v 6.11647 12.00000 6.25790
v 6.13918 11.92935 6.23918
v 6.19001 11.90008 6.19001
v 6.23918 11.92935 6.13918
v 6.25790 12.00000 6.11647
v 6.23519 12.07065 6.13519
v 6.18436 12.09992 6.18436
v 6.13519 12.07065 6.23519
v 0.00000 11.65000 0.00000
v 6.18718 12.00000 6.18718
v 4.74115 3.40000 4.59266
v 4.66690 3.40000 4.56190
v 4.59266 3.40000 4.59266
v 4.56190 3.40000 4.66690
v 4.59266 3.40000 4.74115
v 4.66690 3.40000 4.77190
v 4.74115 3.40000 4.74115
v 4.77190 3.40000 4.66690
v 4.71994 11.90000 4.61387
v 4.66690 11.90000 4.59190
v 4.61387 11.90000 4.61387
v 4.59190 11.90000 4.66690
v 4.61387 11.90000 4.71994
v 4.66690 11.90000 4.74190
v 4.71994 11.90000 4.71994
v 4.74190 11.90000 4.66690
v 4.66690 3.40000 4.66690
v 4.66690 11.90000 4.66690
v 4.77690 3.31686 4.77690
v 4.66690 3.31686 4.82247
v 4.55690 3.31686 4.77690
v 4.51134 3.31686 4.66690
v 4.55690 3.31686 4.55690
v 4.66690 3.31686 4.51134
v 4.77690 3.31686 4.55690
v 4.82247 3.31686 4.66690
v 4.82247 3.43000 4.82247
v 4.66690 3.43000 4.88690
v 4.51134 3.43000 4.82247
v 4.44690 3.43000 4.66690
v 4.51134 3.43000 4.51134
v 4.66690 3.43000 4.44690
v 4.82247 3.43000 4.51134
v 4.88690 3.43000 4.66690
v 4.77690 3.54314 4.77690
v 4.66690 3.54314 4.82247
v 4.55690 3.54314 4.77690
v 4.51134 3.54314 4.66690
v 4.55690 3.54314 4.55690
v 4.66690 3.54314 4.51134
v 4.77690 3.54314 4.55690
v 4.82247 3.54314 4.66690
v 4.66690 3.27000 4.66690
v 4.66690 3.59000 4.66690
v 5.07349 1.60440 5.07349
v 4.88570 1.60440 5.10598
v 4.61433 1.60440 4.97076
v 4.36305 1.60440 4.71947
v 4.22783 1.60440 4.44811
v 4.26032 1.60440 4.26032
v 4.44811 1.60440 4.22783
v 4.71947 1.60440 4.36305
v 4.97076 1.60440 4.61433
v 5.10598 1.60440 4.88570
v 5.37113 1.83500 5.37113
v 5.04587 1.83500 5.42741
v 4.57585 1.83500 5.19320
v 4.14061 1.83500 4.75796
v 3.90640 1.83500 4.28794
v 3.96268 1.83500 3.96268
v 4.28794 1.83500 3.90640
v 4.75796 1.83500 4.14061
v 5.19320 1.83500 4.57585
v 5.42741 1.83500 5.04587
v 5.48008 2.15000 5.48008
v 5.10449 2.15000 5.54506
v 4.56176 2.15000 5.27461
v 4.05920 2.15000 4.77204
v 3.78875 2.15000 4.22932
v 3.85373 2.15000 3.85373
v 4.22932 2.15000 3.78875
v 4.77204 2.15000 4.05920
v 5.27461 2.15000 4.56176
v 5.54506 2.15000 5.10449
v 5.37113 2.46500 5.37113
v 5.04587 2.46500 5.42741
v 4.57585 2.46500 5.19320
v 4.14061 2.46500 4.75796
v 3.90640 2.46500 4.28794
v 3.96268 2.46500 3.96268
v 4.28794 2.46500 3.90640
v 4.75796 2.46500 4.14061
v 5.19320 2.46500 4.57585
v 5.42741 2.46500 5.04587
v 5.07349 2.69560 5.07349
v 4.88570 2.69560 5.10598
v 4.61433 2.69560 4.97076
v 4.36305 2.69560 4.71947
v 4.22783 2.69560 4.44811
v 4.26032 2.69560 4.26032
v 4.44811 2.69560 4.22783
v 4.71947 2.69560 4.36305
v 4.97076 2.69560 4.61433
v 5.10598 2.69560 4.88570
v 4.66690 1.52000 4.66690
v 4.66690 2.78000 4.66690
v 5.42130 2.09594 5.42130
v 5.25849 2.09594 5.48185
v 5.08879 2.09594 5.40467
v 5.01162 2.09594 5.23498
v 5.07217 2.09594 5.07217
v 5.23498 2.09594 5.01162
v 5.40467 2.09594 5.08879
v 5.48185 2.09594 5.25849
v 5.52918 2.32094 5.52918
v 5.26575 2.32094 5.62715
v 4.99118 2.32094 5.50228
v 4.86631 2.32094 5.22771
v 4.96428 2.32094 4.96428
v 5.22771 2.32094 4.86631
v 5.50228 2.32094 4.99118
v 5.62715 2.32094 5.26575
v 5.52918 2.59906 5.52918
v 5.26575 2.59906 5.62715
v 4.99118 2.59906 5.50228
v 4.86631 2.59906 5.22771
v 4.96428 2.59906 4.96428
v 5.22771 2.59906 4.86631
v 5.50228 2.59906 4.99118
v 5.62715 2.59906 5.26575
v 5.42130 2.82406 5.42130
v 5.25849 2.82406 5.48185
v 5.08879 2.82406 5.40467
v 5.01162 2.82406 5.23498
v 5.07217 2.82406 5.07217
v 5.23498 2.82406 5.01162
v 5.40467 2.82406 5.08879
v 5.48185 2.82406 5.25849
v 5.24673 2.01000 5.24673
v 5.24673 2.91000 5.24673
v 5.19723 2.28000 4.82954
v 5.02330 2.35042 4.76330
v 4.84356 2.37958 4.84356
v 4.76330 2.35042 5.02330
v 4.82954 2.28000 5.19723
v 5.00347 2.20958 5.26347
v 5.18321 2.18042 5.18321
v 5.26347 2.20958 5.00347
v 5.36694 3.10000 5.14067
v 5.25990 3.14333 5.09990
v 5.14929 3.16128 5.14929
v 5.09990 3.14333 5.25990
v 5.14067 3.10000 5.36694
v 5.24770 3.05667 5.40770
v 5.35831 3.03872 5.35831
v 5.40770 3.05667 5.24770
v 5.01339 2.28000 5.01339
v 5.25380 3.10000 5.25380
v 5.65005 2.39493 5.65005
v 5.50295 2.39493 5.68516
v 5.33002 2.39493 5.58771
v 5.23257 2.39493 5.41478
v 5.26768 2.39493 5.26768
v 5.41478 2.39493 5.23257
v 5.58771 2.39493 5.33002
v 5.68516 2.39493 5.50295
v 5.76821 2.56493 5.76821
v 5.53019 2.56493 5.82502
v 5.25039 2.56493 5.66734
v 5.09271 2.56493 5.38754
v 5.14952 2.56493 5.14952
v 5.38754 2.56493 5.09271
v 5.66734 2.56493 5.25039
v 5.82502 2.56493 5.53019
v 5.76821 2.77507 5.76821
v 5.53019 2.77507 5.82502
v 5.25039 2.77507 5.66734
v 5.09271 2.77507 5.38754
v 5.14952 2.77507 5.14952
v 5.38754 2.77507 5.09271
v 5.66734 2.77507 5.25039
v 5.82502 2.77507 5.53019
v 5.65005 2.94507 5.65005
v 5.50295 2.94507 5.68516
v 5.33002 2.94507 5.58771
v 5.23257 2.94507 5.41478
v 5.26768 2.94507 5.26768
v 5.41478 2.94507 5.23257
v 5.58771 2.94507 5.33002
v 5.68516 2.94507 5.50295
v 5.45886 2.33000 5.45886
v 5.45886 3.01000 5.45886
v 5.84342 2.43858 5.84342
v 5.71696 2.43858 5.89374
v 5.58842 2.43858 5.83842
v 5.53311 2.43858 5.70989
v 5.58342 2.43858 5.58342
v 5.70989 2.43858 5.53311
v 5.83842 2.43858 5.58842
v 5.89374 2.43858 5.71696
v 5.89727 2.58000 5.89727
v 5.71842 2.58000 5.96842
v 5.53665 2.58000 5.89020
v 5.45842 2.58000 5.70842
v 5.52958 2.58000 5.52958
v 5.70842 2.58000 5.45842
v 5.89020 2.58000 5.53665
v 5.96842 2.58000 5.71842
v 5.84342 2.72142 5.84342
v 5.71696 2.72142 5.89374
v 5.58842 2.72142 5.83842
v 5.53311 2.72142 5.70989
v 5.58342 2.72142 5.58342
v 5.70989 2.72142 5.53311
v 5.83842 2.72142 5.58842
v 5.89374 2.72142 5.71696
v 5.71342 2.38000 5.71342
v 5.71342 2.78000 5.71342
v 5.44845 2.79808 5.44845
v 5.23966 2.79808 5.52250
v 5.01845 2.79808 5.41845
v 4.91439 2.79808 5.19723
v 4.98845 2.79808 4.98845
v 5.19723 2.79808 4.91439
v 5.41845 2.79808 5.01845
v 5.52250 2.79808 5.23966
v 5.54372 2.89000 5.54372
v 5.24845 2.89000 5.64845
v 4.93561 2.89000 5.50129
v 4.78845 2.89000 5.18845
v 4.89318 2.89000 4.89318
v 5.18845 2.89000 4.78845
v 5.50129 2.89000 4.93561
v 5.64845 2.89000 5.24845
v 5.44845 2.98192 5.44845
v 5.23966 2.98192 5.52250
v 5.01845 2.98192 5.41845
v 4.91439 2.98192 5.19723
v 4.98845 2.98192 4.98845
v 5.19723 2.98192 4.91439
v 5.41845 2.98192 5.01845
v 5.52250 2.98192 5.23966
v 5.21845 2.76000 5.21845
v 5.21845 3.02000 5.21845
v 5.12554 2.65000 4.89791
v 5.18342 2.59597 4.90937
v 5.24804 2.59597 4.86221
v 5.25479 2.65000 4.80359
v 5.19691 2.70403 4.79214
v 5.13229 2.70403 4.83930
v 5.34877 2.91000 5.13596
v 5.37771 2.88299 5.14169
v 5.41002 2.88299 5.11811
v 5.41339 2.91000 5.08880
v 5.38446 2.93701 5.08308
v 5.35214 2.93701 5.10665
v 5.19016 2.65000 4.85075
v 5.38108 2.91000 5.11238
v 4.80359 2.65000 5.25479
v 4.86221 2.59597 5.24804
v 4.90937 2.59597 5.18342
v 4.89791 2.65000 5.12554
v 4.83930 2.70403 5.13229
v 4.79214 2.70403 5.19691
v 5.08880 2.91000 5.41339
v 5.11811 2.88299 5.41002
v 5.14169 2.88299 5.37771
v 5.13596 2.91000 5.34877
v 5.10665 2.93701 5.35214
v 5.08308 2.93701 5.38446
v 4.85075 2.65000 5.19016
v 5.11238 2.91000 5.38108
v 4.31335 1.95000 4.00222
v 4.27901 1.94632 3.90399
v 4.33442 1.94542 3.81583
v 4.43787 1.94796 3.80413
v 4.51144 1.95204 3.87771
v 4.49975 1.95458 3.98115
v 4.41159 1.95368 4.03657
v 4.37699 0.93000 3.99515
v 4.35696 0.92786 3.93785
v 4.38928 0.92733 3.88642
v 4.44962 0.92881 3.87960
v 4.49254 0.93119 3.92252
v 4.48572 0.93267 3.98286
v 4.43430 0.93214 4.01519
v 4.39820 1.95000 3.91737
v 4.42649 0.93000 3.94566
v 3.83252 1.95000 4.48306
v 3.79818 1.94632 4.38482
v 3.85359 1.94542 4.29666
v 3.95703 1.94796 4.28497
v 4.03061 1.95204 4.35854
v 4.01891 1.95458 4.46198
v 3.93076 1.95368 4.51740
v 3.89616 0.93000 4.47599
v 3.87613 0.92786 4.41868
v 3.90845 0.92733 4.36725
v 3.96879 0.92881 4.36043
v 4.01171 0.93119 4.40335
v 4.00489 0.93267 4.46369
v 3.95346 0.93214 4.49602
v 3.91737 1.95000 4.39820
v 3.94566 0.93000 4.42649
v 5.28209 1.95000 4.97096
v 5.24775 1.94632 4.87272
v 5.30316 1.94542 4.78456
v 5.40660 1.94796 4.77287
v 5.48018 1.95204 4.84645
v 5.46848 1.95458 4.94989
v 5.38033 1.95368 5.00530
v 5.34573 0.93000 4.96389
v 5.32569 0.92786 4.90658
v 5.35802 0.92733 4.85516
v 5.41836 0.92881 4.84834
v 5.46128 0.93119 4.89126
v 5.45446 0.93267 4.95160
v 5.40303 0.93214 4.98392
v 5.36694 1.95000 4.88611
v 5.39522 0.93000 4.91439
v 4.80126 1.95000 5.45179
v 4.76691 1.94632 5.35356
v 4.82233 1.94542 5.26540
v 4.92577 1.94796 5.25370
v 4.99935 1.95204 5.32728
v 4.98765 1.95458 5.43072
v 4.89949 1.95368 5.48613
v 4.86489 0.93000 5.44472
v 4.84486 0.92786 5.38742
v 4.87719 0.92733 5.33599
v 4.93753 0.92881 5.32917
v 4.98045 0.93119 5.37209
v 4.97363 0.93267 5.43243
v 4.92220 0.93214 5.46475
v 4.88611 1.95000 5.36694
v 4.91439 0.93000 5.39522
v 4.03051 2.27000 3.84666
v 4.03878 2.18844 3.92416
v 3.97161 2.16830 4.01252
v 3.87956 2.22474 4.04520
v 3.83197 2.31526 3.99761
v 3.86465 2.37170 3.90556
v 3.95301 2.35156 3.83839
v 3.70524 1.98000 3.62039
v 3.70906 1.94236 3.65615
v 3.67805 1.93306 3.69694
v 3.63557 1.95911 3.71202
v 3.61360 2.00089 3.69005
v 3.62869 2.02694 3.64757
v 3.66947 2.01764 3.61657
v 3.93858 2.27000 3.93858
v 3.66281 1.98000 3.66281
v 5.03418 2.54858 5.03418
v 4.77297 2.54858 5.15481
v 4.52418 2.54858 5.06418
v 4.43356 2.54858 4.81540
v 4.55418 2.54858 4.55418
v 4.81540 2.54858 4.43356
v 5.06418 2.54858 4.52418
v 5.15481 2.54858 4.77297
v 5.13360 2.69000 5.13360
v 4.76418 2.69000 5.30418
v 4.41235 2.69000 5.17602
v 4.28418 2.69000 4.82418
v 4.45477 2.69000 4.45477
v 4.82418 2.69000 4.28418
v 5.17602 2.69000 4.41235
v 5.30418 2.69000 4.76418
v 5.03418 2.83142 5.03418
v 4.77297 2.83142 5.15481
v 4.52418 2.83142 5.06418
v 4.43356 2.83142 4.81540
v 4.55418 2.83142 4.55418
v 4.81540 2.83142 4.43356
v 5.06418 2.83142 4.52418
v 5.15481 2.83142 4.77297
v 4.79418 2.49000 4.79418
v 4.79418 2.89000 4.79418
v -0.13000 11.65000 0.00000
v -0.09192 11.55815 0.00367
v -0.00000 11.52010 0.00520
v 0.09192 11.55815 0.00367
v 0.13000 11.65000 -0.00000
v 0.09192 11.74185 -0.00367
v 0.00000 11.77990 -0.00520
v -0.09192 11.74185 -0.00367
v -0.10000 12.00000 8.75000
v -0.07071 11.92935 8.75283
v 0.00000 11.90008 8.75400
v 0.07071 11.92935 8.75283
v 0.10000 12.00000 8.75000
v 0.07071 12.07065 8.74717
v 0.00000 12.09992 8.74600
v -0.07071 12.07065 8.74717
v 0.00000 11.65000 0.00000
v 0.00000 12.00000 8.75000
v 0.10500 3.40000 6.60000
v 0.07425 3.40000 6.52575
v 0.00000 3.40000 6.49500
v -0.07425 3.40000 6.52575
v -0.10500 3.40000 6.60000
v -0.07425 3.40000 6.67425
v 0.00000 3.40000 6.70500
v 0.07425 3.40000 6.67425
v 0.07500 11.90000 6.60000
v 0.05303 11.90000 6.54697
v 0.00000 11.90000 6.52500
v -0.05303 11.90000 6.54697
v -0.07500 11.90000 6.60000
v -0.05303 11.90000 6.65303
v 0.00000 11.90000 6.67500
v 0.05303 11.90000 6.65303
v 0.00000 3.40000 6.60000
v 0.00000 11.90000 6.60000
v 0.00000 3.31686 6.75556
v -0.11000 3.31686 6.71000
v -0.15556 3.31686 6.60000
v -0.11000 3.31686 6.49000
v 0.00000 3.31686 6.44444
v 0.11000 3.31686 6.49000
v 0.15556 3.31686 6.60000
v 0.11000 3.31686 6.71000
v 0.00000 3.43000 6.82000
v -0.15556 3.43000 6.75556
v -0.22000 3.43000 6.60000
v -0.15556 3.43000 6.44444
v 0.00000 3.43000 6.38000
v 0.15556 3.43000 6.44444
v 0.22000 3.43000 6.60000
v 0.15556 3.43000 6.75556
v 0.00000 3.54314 6.75556
v -0.11000 3.54314 6.71000
v -0.15556 3.54314 6.60000
v -0.11000 3.54314 6.49000
v 0.00000 3.54314 6.44444
v 0.11000 3.54314 6.49000
v 0.15556 3.54314 6.60000
v 0.11000 3.54314 6.71000
v 0.00000 3.27000 6.60000
v 0.00000 3.59000 6.60000
v 0.00000 1.60440 7.17500
v -0.15576 1.60440 7.06518
v -0.25203 1.60440 6.77768
v -0.25203 1.60440 6.42232
v -0.15576 1.60440 6.13482
v 0.00000 1.60440 6.02500
v 0.15576 1.60440 6.13482
v 0.25203 1.60440 6.42232
v 0.25203 1.60440 6.77768
v 0.15576 1.60440 7.06518
v 0.00000 1.83500 7.59593
v -0.26979 1.83500 7.40572
v -0.43653 1.83500 6.90776
v -0.43653 1.83500 6.29224
v -0.26979 1.83500 5.79428
v 0.00000 1.83500 5.60407
v 0.26979 1.83500 5.79428
v 0.43653 1.83500 6.29224
v 0.43653 1.83500 6.90776
v 0.26979 1.83500 7.40572
v 0.00000 2.15000 7.75000
v -0.31153 2.15000 7.53037
v -0.50406 2.15000 6.95537
v -0.50406 2.15000 6.24463
v -0.31153 2.15000 5.66963
v 0.00000 2.15000 5.45000
v 0.31153 2.15000 5.66963
v 0.50406 2.15000 6.24463
v 0.50406 2.15000 6.95537
v 0.31153 2.15000 7.53037
v 0.00000 2.46500 7.59593
v -0.26979 2.46500 7.40572
v -0.43653 2.46500 6.90776
v -0.43653 2.46500 6.29224
v -0.26979 2.46500 5.79428
v 0.00000 2.46500 5.60407
v 0.26979 2.46500 5.79428
v 0.43653 2.46500 6.29224
v 0.43653 2.46500 6.90776
v 0.26979 2.46500 7.40572
v 0.00000 2.69560 7.17500
v -0.15576 2.69560 7.06518
v -0.25203 2.69560 6.77768
v -0.25203 2.69560 6.42232
v -0.15576 2.69560 6.13482
v 0.00000 2.69560 6.02500
v 0.15576 2.69560 6.13482
v 0.25203 2.69560 6.42232
v 0.25203 2.69560 6.77768
v 0.15576 2.69560 7.06518
v 0.00000 1.52000 6.60000
v 0.00000 2.78000 6.60000
v 0.00000 2.09594 7.66687
v -0.15794 2.09594 7.59456
v -0.22336 2.09594 7.42000
v -0.15794 2.09594 7.24544
v 0.00000 2.09594 7.17313
v 0.15794 2.09594 7.24544
v 0.22336 2.09594 7.42000
v 0.15794 2.09594 7.59456
v 0.00000 2.32094 7.81944
v -0.25555 2.32094 7.70245
v -0.36140 2.32094 7.42000
v -0.25555 2.32094 7.13755
v 0.00000 2.32094 7.02056
v 0.25555 2.32094 7.13755
v 0.36140 2.32094 7.42000
v 0.25555 2.32094 7.70245
v 0.00000 2.59906 7.81944
v -0.25555 2.59906 7.70245
v -0.36140 2.59906 7.42000
v -0.25555 2.59906 7.13755
v 0.00000 2.59906 7.02056
v 0.25555 2.59906 7.13755
v 0.36140 2.59906 7.42000
v 0.25555 2.59906 7.70245
v 0.00000 2.82406 7.66687
v -0.15794 2.82406 7.59456
v -0.22336 2.82406 7.42000
v -0.15794 2.82406 7.24544
v 0.00000 2.82406 7.17313
v 0.15794 2.82406 7.24544
v 0.22336 2.82406 7.42000
v 0.15794 2.82406 7.59456
v 0.00000 2.01000 7.42000
v 0.00000 2.91000 7.42000
v 0.26000 2.28000 7.09000
v 0.18385 2.35042 6.92017
v 0.00000 2.37958 6.84983
v -0.18385 2.35042 6.92017
v -0.26000 2.28000 7.09000
v -0.18385 2.20958 7.25983
v 0.00000 2.18042 7.33017
v 0.18385 2.20958 7.25983
v 0.16000 3.10000 7.43000
v 0.11314 3.14333 7.32549
v 0.00000 3.16128 7.28220
v -0.11314 3.14333 7.32549
v -0.16000 3.10000 7.43000
v -0.11314 3.05667 7.53451
v 0.00000 3.03872 7.57780
v 0.11314 3.05667 7.53451
v 0.00000 2.28000 7.09000
v 0.00000 3.10000 7.43000
v 0.00000 2.39493 7.99038
v -0.12884 2.39493 7.91119
v -0.18221 2.39493 7.72000
v -0.12884 2.39493 7.52881
v 0.00000 2.39493 7.44962
v 0.12884 2.39493 7.52881
v 0.18221 2.39493 7.72000
v 0.12884 2.39493 7.91119
v 0.00000 2.56493 8.15749
v -0.20847 2.56493 8.02935
v -0.29483 2.56493 7.72000
v -0.20847 2.56493 7.41065
v 0.00000 2.56493 7.28251
v 0.20847 2.56493 7.41065
v 0.29483 2.56493 7.72000
v 0.20847 2.56493 8.02935
v 0.00000 2.77507 8.15749
v -0.20847 2.77507 8.02935
v -0.29483 2.77507 7.72000
v -0.20847 2.77507 7.41065
v 0.00000 2.77507 7.28251
v 0.20847 2.77507 7.41065
v 0.29483 2.77507 7.72000
v 0.20847 2.77507 8.02935
v 0.00000 2.94507 7.99038
v -0.12884 2.94507 7.91119
v -0.18221 2.94507 7.72000
v -0.12884 2.94507 7.52881
v 0.00000 2.94507 7.44962
v 0.12884 2.94507 7.52881
v 0.18221 2.94507 7.72000
v 0.12884 2.94507 7.91119
v 0.00000 2.33000 7.72000
v 0.00000 3.01000 7.72000
v 0.00000 2.43858 8.26385
v -0.12500 2.43858 8.21000
v -0.17678 2.43858 8.08000
v -0.12500 2.43858 7.95000
v 0.00000 2.43858 7.89615
v 0.12500 2.43858 7.95000
v 0.17678 2.43858 8.08000
v 0.12500 2.43858 8.21000
v 0.00000 2.58000 8.34000
v -0.17678 2.58000 8.26385
v -0.25000 2.58000 8.08000
v -0.17678 2.58000 7.89615
v 0.00000 2.58000 7.82000
v 0.17678 2.58000 7.89615
v 0.25000 2.58000 8.08000
v 0.17678 2.58000 8.26385
v 0.00000 2.72142 8.26385
v -0.12500 2.72142 8.21000
v -0.17678 2.72142 8.08000
v -0.12500 2.72142 7.95000
v 0.00000 2.72142 7.89615
v 0.12500 2.72142 7.95000
v 0.17678 2.72142 8.08000
v 0.12500 2.72142 8.21000
v 0.00000 2.38000 8.08000
v 0.00000 2.78000 8.08000
v 0.00000 2.79808 7.70527
v -0.20000 2.79808 7.61000
v -0.28284 2.79808 7.38000
v -0.20000 2.79808 7.15000
v 0.00000 2.79808 7.05473
v 0.20000 2.79808 7.15000
v 0.28284 2.79808 7.38000
v 0.20000 2.79808 7.61000
v 0.00000 2.89000 7.84000
v -0.28284 2.89000 7.70527
v -0.40000 2.89000 7.38000
v -0.28284 2.89000 7.05473
v 0.00000 2.89000 6.92000
v 0.28284 2.89000 7.05473
v 0.40000 2.89000 7.38000
v 0.28284 2.89000 7.70527
v 0.00000 2.98192 7.70527
v -0.20000 2.98192 7.61000
v -0.28284 2.98192 7.38000
v -0.20000 2.98192 7.15000
v 0.00000 2.98192 7.05473
v 0.20000 2.98192 7.15000
v 0.28284 2.98192 7.38000
v 0.20000 2.98192 7.61000
v 0.00000 2.76000 7.38000
v 0.00000 3.02000 7.38000
v 0.16096 2.65000 7.08765
v 0.19378 2.59597 7.13668
v 0.27283 2.59597 7.14903
v 0.31904 2.65000 7.11235
v 0.28622 2.70403 7.06332
v 0.20717 2.70403 7.05097
v 0.15048 2.91000 7.41382
v 0.16689 2.88299 7.43834
v 0.20641 2.88299 7.44451
v 0.22952 2.91000 7.42618
v 0.21311 2.93701 7.40166
v 0.17359 2.93701 7.39549
v 0.24000 2.65000 7.10000
v 0.19000 2.91000 7.42000
v -0.31904 2.65000 7.11235
v -0.27283 2.59597 7.14903
v -0.19378 2.59597 7.13668
v -0.16096 2.65000 7.08765
v -0.20717 2.70403 7.05097
v -0.28622 2.70403 7.06332
v -0.22952 2.91000 7.42618
v -0.20641 2.88299 7.44451
v -0.16689 2.88299 7.43834
v -0.15048 2.91000 7.41382
v -0.17359 2.93701 7.39549
v -0.21311 2.93701 7.40166
v -0.24000 2.65000 7.10000
v -0.19000 2.91000 7.42000
v 0.22000 1.95000 5.88000
v 0.26518 1.94632 5.78625
v 0.36670 1.94542 5.76310
v 0.44812 1.94796 5.82797
v 0.44812 1.95204 5.93203
v 0.36670 1.95458 5.99690
v 0.26518 1.95368 5.97375
v 0.27000 0.93000 5.92000
v 0.29636 0.92786 5.86531
v 0.35558 0.92733 5.85181
v 0.40307 0.92881 5.88965
v 0.40307 0.93119 5.95035
v 0.35558 0.93267 5.98819
v 0.29636 0.93214 5.97469
v 0.34000 1.95000 5.88000
v 0.34000 0.93000 5.92000
v -0.46000 1.95000 5.88000
v -0.41482 1.94632 5.78625
v -0.31330 1.94542 5.76310
v -0.23188 1.94796 5.82797
v -0.23188 1.95204 5.93203
v -0.31330 1.95458 5.99690
v -0.41482 1.95368 5.97375
v -0.41000 0.93000 5.92000
v -0.38364 0.92786 5.86531
v -0.32442 0.92733 5.85181
v -0.27693 0.92881 5.88965
v -0.27693 0.93119 5.95035
v -0.32442 0.93267 5.98819
v -0.38364 0.93214 5.97469
v -0.34000 1.95000 5.88000
v -0.34000 0.93000 5.92000
v 0.22000 1.95000 7.25000
v 0.26518 1.94632 7.15625
v 0.36670 1.94542 7.13310
v 0.44812 1.94796 7.19797
v 0.44812 1.95204 7.30203
v 0.36670 1.95458 7.36690
v 0.26518 1.95368 7.34375
v 0.27000 0.93000 7.29000
v 0.29636 0.92786 7.23531
v 0.35558 0.92733 7.22181
v 0.40307 0.92881 7.25965
v 0.40307 0.93119 7.32035
v 0.35558 0.93267 7.35819
v 0.29636 0.93214 7.34469
v 0.34000 1.95000 7.25000
v 0.34000 0.93000 7.29000
v -0.46000 1.95000 7.25000
v -0.41482 1.94632 7.15625
v -0.31330 1.94542 7.13310
v -0.23188 1.94796 7.19797
v -0.23188 1.95204 7.30203
v -0.31330 1.95458 7.36690
v -0.41482 1.95368 7.34375
v -0.41000 0.93000 7.29000
v -0.38364 0.92786 7.23531
v -0.32442 0.92733 7.22181
v -0.27693 0.92881 7.25965
v -0.27693 0.93119 7.32035
v -0.32442 0.93267 7.35819
v -0.38364 0.93214 7.34469
v -0.34000 1.95000 7.25000
v -0.34000 0.93000 7.29000
v 0.13000 2.27000 5.57000
v 0.08105 2.18844 5.63065
v -0.02893 2.16830 5.64563
v -0.11713 2.22474 5.60366
v -0.11713 2.31526 5.53634
v -0.02893 2.37170 5.49437
v 0.08105 2.35156 5.50935
v 0.06000 1.98000 5.18000
v 0.03741 1.94236 5.20799
v -0.01335 1.93306 5.21490
v -0.05406 1.95911 5.19553
v -0.05406 2.00089 5.16447
v -0.01335 2.02694 5.14510
v 0.03741 2.01764 5.15201
v 0.00000 2.27000 5.57000
v 0.00000 1.98000 5.18000
v 0.00000 2.54858 7.11941
v -0.27000 2.54858 7.02000
v -0.38184 2.54858 6.78000
v -0.27000 2.54858 6.54000
v 0.00000 2.54858 6.44059
v 0.27000 2.54858 6.54000
v 0.38184 2.54858 6.78000
v 0.27000 2.54858 7.02000
v 0.00000 2.69000 7.26000
v -0.38184 2.69000 7.11941
v -0.54000 2.69000 6.78000
v -0.38184 2.69000 6.44059
v 0.00000 2.69000 6.30000
v 0.38184 2.69000 6.44059
v 0.54000 2.69000 6.78000
v 0.38184 2.69000 7.11941
v 0.00000 2.83142 7.11941
v -0.27000 2.83142 7.02000
v -0.38184 2.83142 6.78000
v -0.27000 2.83142 6.54000
v 0.00000 2.83142 6.44059
v 0.27000 2.83142 6.54000
v 0.38184 2.83142 6.78000
v 0.27000 2.83142 7.02000
v 0.00000 2.49000 6.78000
v 0.00000 2.89000 6.78000
v -0.09192 11.65000 -0.09192
v -0.06760 11.55815 -0.06240
v -0.00367 11.52010 0.00367
v 0.06240 11.55815 0.06760
v 0.09192 11.65000 0.09192
v 0.06760 11.74185 0.06240
v 0.00367 11.77990 -0.00367
v -0.06240 11.74185 -0.06760
v -6.25790 12.00000 6.11647
v -6.23918 11.92935 6.13918
v -6.19001 11.90008 6.19001
v -6.13918 11.92935 6.23918
v -6.11647 12.00000 6.25790
v -6.13519 12.07065 6.23519
v -6.18436 12.09992 6.18436
v -6.23519 12.07065 6.13519
v 0.00000 11.65000 0.00000
v -6.18718 12.00000 6.18718
v -4.59266 3.40000 4.74115
v -4.56190 3.40000 4.66690
v -4.59266 3.40000 4.59266
v -4.66690 3.40000 4.56190
v -4.74115 3.40000 4.59266
v -4.77190 3.40000 4.66690
v -4.74115 3.40000 4.74115
v -4.66690 3.40000 4.77190
v -4.61387 11.90000 4.71994
v -4.59190 11.90000 4.66690
v -4.61387 11.90000 4.61387
v -4.66690 11.90000 4.59190
v -4.71994 11.90000 4.61387
v -4.74190 11.90000 4.66690
v -4.71994 11.90000 4.71994
v -4.66690 11.90000 4.74190
v -4.66690 3.40000 4.66690
v -4.66690 11.90000 4.66690
v -4.77690 3.31686 4.77690
v -4.82247 3.31686 4.66690
v -4.77690 3.31686 4.55690
v -4.66690 3.31686 4.51134
v -4.55690 3.31686 4.55690
v -4.51134 3.31686 4.66690
v -4.55690 3.31686 4.77690
v -4.66690 3.31686 4.82247
v -4.82247 3.43000 4.82247
v -4.88690 3.43000 4.66690
v -4.82247 3.43000 4.51134
v -4.66690 3.43000 4.44690
v -4.51134 3.43000 4.51134
v -4.44690 3.43000 4.66690
v -4.51134 3.43000 4.82247
v -4.66690 3.43000 4.88690
v -4.77690 3.54314 4.77690
v -4.82247 3.54314 4.66690
v -4.77690 3.54314 4.55690
v -4.66690 3.54314 4.51134
v -4.55690 3.54314 4.55690
v -4.51134 3.54314 4.66690
v -4.55690 3.54314 4.77690
v -4.66690 3.54314 4.82247
v -4.66690 3.27000 4.66690
v -4.66690 3.59000 4.66690
v -5.07349 1.60440 5.07349
v -5.10598 1.60440 4.88570
v -4.97076 1.60440 4.61433
v -4.71947 1.60440 4.36305
v -4.44811 1.60440 4.22783
v -4.26032 1.60440 4.26032
v -4.22783 1.60440 4.44811
v -4.36305 1.60440 4.71947
v -4.61433 1.60440 4.97076
v -4.88570 1.60440 5.10598
v -5.37113 1.83500 5.37113
v -5.42741 1.83500 5.04587
v -5.19320 1.83500 4.57585
v -4.75796 1.83500 4.14061
v -4.28794 1.83500 3.90640
v -3.96268 1.83500 3.96268
v -3.90640 1.83500 4.28794
v -4.14061 1.83500 4.75796
v -4.57585 1.83500 5.19320
v -5.04587 1.83500 5.42741
v -5.48008 2.15000 5.48008
v -5.54506 2.15000 5.10449
v -5.27461 2.15000 4.56176
v -4.77204 2.15000 4.05920
v -4.22932 2.15000 3.78875
v -3.85373 2.15000 3.85373
v -3.78875 2.15000 4.22932
v -4.05920 2.15000 4.77204
v -4.56176 2.15000 5.27461
v -5.10449 2.15000 5.54506
v -5.37113 2.46500 5.37113
v -5.42741 2.46500 5.04587
v -5.19320 2.46500 4.57585
v -4.75796 2.46500 4.14061
v -4.28794 2.46500 3.90640
v -3.96268 2.46500 3.96268
v -3.90640 2.46500 4.28794
v -4.14061 2.46500 4.75796
v -4.57585 2.46500 5.19320
v -5.04587 2.46500 5.42741
v -5.07349 2.69560 5.07349
v -5.10598 2.69560 4.88570
v -4.97076 2.69560 4.61433
v -4.71947 2.69560 4.36305
v -4.44811 2.69560 4.22783
v -4.26032 2.69560 4.26032
v -4.22783 2.69560 4.44811
v -4.36305 2.69560 4.71947
v -4.61433 2.69560 4.97076
v -4.88570 2.69560 5.10598
v -4.66690 1.52000 4.66690
v -4.66690 2.78000 4.66690
v -5.42130 2.09594 5.42130
v -5.48185 2.09594 5.25849
v -5.40467 2.09594 5.08879
v -5.23498 2.09594 5.01162
v -5.07217 2.09594 5.07217
v -5.01162 2.09594 5.23498
v -5.08879 2.09594 5.40467
v -5.25849 2.09594 5.48185
v -5.52918 2.32094 5.52918
v -5.62715 2.32094 5.26575
v -5.50228 2.32094 4.99118
v -5.22771 2.32094 4.86631
v -4.96428 2.32094 4.96428
v -4.86631 2.32094 5.22771
v -4.99118 2.32094 5.50228
v -5.26575 2.32094 5.62715
v -5.52918 2.59906 5.52918
v -5.62715 2.59906 5.26575
v -5.50228 2.59906 4.99118
v -5.22771 2.59906 4.86631
v -4.96428 2.59906 4.96428
v -4.86631 2.59906 5.22771
v -4.99118 2.59906 5.50228
v -5.26575 2.59906 5.62715
v -5.42130 2.82406 5.42130
v -5.48185 2.82406 5.25849
v -5.40467 2.82406 5.08879
v -5.23498 2.82406 5.01162
v -5.07217 2.82406 5.07217
v -5.01162 2.82406 5.23498
v -5.08879 2.82406 5.40467
v -5.25849 2.82406 5.48185
v -5.24673 2.01000 5.24673
v -5.24673 2.91000 5.24673
v -4.82954 2.28000 5.19723
v -4.76330 2.35042 5.02330
v -4.84356 2.37958 4.84356
v -5.02330 2.35042 4.76330
v -5.19723 2.28000 4.82954
v -5.26347 2.20958 5.00347
v -5.18321 2.18042 5.18321
v -5.00347 2.20958 5.26347
v -5.14067 3.10000 5.36694
v -5.09990 3.14333 5.25990
v -5.14929 3.16128 5.14929
v -5.25990 3.14333 5.09990
v -5.36694 3.10000 5.14067
v -5.40770 3.05667 5.24770
v -5.35831 3.03872 5.35831
v -5.24770 3.05667 5.40770
v -5.01339 2.28000 5.01339
v -5.25380 3.10000 5.25380
v -5.65005 2.39493 5.65005
v -5.68516 2.39493 5.50295
v -5.58771 2.39493 5.33002
v -5.41478 2.39493 5.23257
v -5.26768 2.39493 5.26768
v -5.23257 2.39493 5.41478
v -5.33002 2.39493 5.58771
v -5.50295 2.39493 5.68516
v -5.76821 2.56493 5.76821
v -5.82502 2.56493 5.53019
v -5.66734 2.56493 5.25039
v -5.38754 2.56493 5.09271
v -5.14952 2.56493 5.14952
v -5.09271 2.56493 5.38754
v -5.25039 2.56493 5.66734
v -5.53019 2.56493 5.82502
v -5.76821 2.77507 5.76821
v -5.82502 2.77507 5.53019
v -5.66734 2.77507 5.25039
v -5.38754 2.77507 5.09271
v -5.14952 2.77507 5.14952
v -5.09271 2.77507 5.38754
v -5.25039 2.77507 5.66734
v -5.53019 2.77507 5.82502
v -5.65005 2.94507 5.65005
v -5.68516 2.94507 5.50295
v -5.58771 2.94507 5.33002
v -5.41478 2.94507 5.23257
v -5.26768 2.94507 5.26768
v -5.23257 2.94507 5.41478
v -5.33002 2.94507 5.58771
v -5.50295 2.94507 5.68516
v -5.45886 2.33000 5.45886
v -5.45886 3.01000 5.45886
v -5.84342 2.43858 5.84342
v -5.89374 2.43858 5.71696
v -5.83842 2.43858 5.58842
v -5.70989 2.43858 5.53311
v -5.58342 2.43858 5.58342
v -5.53311 2.43858 5.70989
v -5.58842 2.43858 5.83842
v -5.71696 2.43858 5.89374
v -5.89727 2.58000 5.89727
v -5.96842 2.58000 5.71842
v -5.89020 2.58000 5.53665
v -5.70842 2.58000 5.45842
v -5.52958 2.58000 5.52958
v -5.45842 2.58000 5.70842
v -5.53665 2.58000 5.89020
v -5.71842 2.58000 5.96842
v -5.84342 2.72142 5.84342
v -5.89374 2.72142 5.71696
v -5.83842 2.72142 5.58842
v -5.70989 2.72142 5.53311
v -5.58342 2.72142 5.58342
v -5.53311 2.72142 5.70989
v -5.58842 2.72142 5.83842
v -5.71696 2.72142 5.89374
v -5.71342 2.38000 5.71342
v -5.71342 2.78000 5.71342
v -5.44845 2.79808 5.44845
v -5.52250 2.79808 5.23966
v -5.41845 2.79808 5.01845
v -5.19723 2.79808 4.91439
v -4.98845 2.79808 4.98845
v -4.91439 2.79808 5.19723
v -5.01845 2.79808 5.41845
v -5.23966 2.79808 5.52250
v -5.54372 2.89000 5.54372
v -5.64845 2.89000 5.24845
v -5.50129 2.89000 4.93561
v -5.18845 2.89000 4.78845
v -4.89318 2.89000 4.89318
v -4.78845 2.89000 5.18845
v -4.93561 2.89000 5.50129
v -5.24845 2.89000 5.64845
v -5.44845 2.98192 5.44845
v -5.52250 2.98192 5.23966
v -5.41845 2.98192 5.01845
v -5.19723 2.98192 4.91439
v -4.98845 2.98192 4.98845
v -4.91439 2.98192 5.19723
v -5.01845 2.98192 5.41845
v -5.23966 2.98192 5.52250
v -5.21845 2.76000 5.21845
v -5.21845 3.02000 5.21845
v -4.89791 2.65000 5.12554
v -4.90937 2.59597 5.18342
v -4.86221 2.59597 5.24804
v -4.80359 2.65000 5.25479
v -4.79214 2.70403 5.19691
v -4.83930 2.70403 5.13229
v -5.13596 2.91000 5.34877
v -5.14169 2.88299 5.37771
v -5.11811 2.88299 5.41002
v -5.08880 2.91000 5.41339
v -5.08308 2.93701 5.38446
v -5.10665 2.93701 5.35214
v -4.85075 2.65000 5.19016
v -5.11238 2.91000 5.38108
v -5.25479 2.65000 4.80359
v -5.24804 2.59597 4.86221
v -5.18342 2.59597 4.90937
v -5.12554 2.65000 4.89791
v -5.13229 2.70403 4.83930
v -5.19691 2.70403 4.79214
v -5.41339 2.91000 5.08880
v -5.41002 2.88299 5.11811
v -5.37771 2.88299 5.14169
v -5.34877 2.91000 5.13596
v -5.35214 2.93701 5.10665
v -5.38446 2.93701 5.08308
v -5.19016 2.65000 4.85075
v -5.38108 2.91000 5.11238
v -4.00222 1.95000 4.31335
v -3.90399 1.94632 4.27901
v -3.81583 1.94542 4.33442
v -3.80413 1.94796 4.43787
v -3.87771 1.95204 4.51144
v -3.98115 1.95458 4.49975
v -4.03657 1.95368 4.41159
v -3.99515 0.93000 4.37699
v -3.93785 0.92786 4.35696
v -3.88642 0.92733 4.38928
v -3.87960 0.92881 4.44962
v -3.92252 0.93119 4.49254
v -3.98286 0.93267 4.48572
v -4.01519 0.93214 4.43430
v -3.91737 1.95000 4.39820
v -3.94566 0.93000 4.42649
v -4.48306 1.95000 3.83252
v -4.38482 1.94632 3.79818
v -4.29666 1.94542 3.85359
v -4.28497 1.94796 3.95703
v -4.35854 1.95204 4.03061
v -4.46198 1.95458 4.01891
v -4.51740 1.95368 3.93076
v -4.47599 0.93000 3.89616
v -4.41868 0.92786 3.87613
v -4.36725 0.92733 3.90845
v -4.36043 0.92881 3.96879
v -4.40335 0.93119 4.01171
v -4.46369 0.93267 4.00489
v -4.49602 0.93214 3.95346
v -4.39820 1.95000 3.91737
v -4.42649 0.93000 3.94566
v -4.97096 1.95000 5.28209
v -4.87272 1.94632 5.24775
v -4.78456 1.94542 5.30316
v -4.77287 1.94796 5.40660
v -4.84645 1.95204 5.48018
v -4.94989 1.95458 5.46848
v -5.00530 1.95368 5.38033
v -4.96389 0.93000 5.34573
v -4.90658 0.92786 5.32569
v -4.85516 0.92733 5.35802
v -4.84834 0.92881 5.41836
v -4.89126 0.93119 5.46128
v -4.95160 0.93267 5.45446
v -4.98392 0.93214 5.40303
v -4.88611 1.95000 5.36694
v -4.91439 0.93000 5.39522
v -5.45179 1.95000 4.80126
v -5.35356 1.94632 4.76691
v -5.26540 1.94542 4.82233
v -5.25370 1.94796 4.92577
v -5.32728 1.95204 4.99935
v -5.43072 1.95458 4.98765
v -5.48613 1.95368 4.89949
v -5.44472 0.93000 4.86489
v -5.38742 0.92786 4.84486
v -5.33599 0.92733 4.87719
v -5.32917 0.92881 4.93753
v -5.37209 0.93119 4.98045
v -5.43243 0.93267 4.97363
v -5.46475 0.93214 4.92220
v -5.36694 1.95000 4.88611
v -5.39522 0.93000 4.91439
v -3.84666 2.27000 4.03051
v -3.92416 2.18844 4.03878
v -4.01252 2.16830 3.97161
v -4.04520 2.22474 3.87956
v -3.99761 2.31526 3.83197
v -3.90556 2.37170 3.86465
v -3.83839 2.35156 3.95301
v -3.62039 1.98000 3.70524
v -3.65615 1.94236 3.70906
v -3.69694 1.93306 3.67805
v -3.71202 1.95911 3.63557
v -3.69005 2.00089 3.61360
v -3.64757 2.02694 3.62869
v -3.61657 2.01764 3.66947
v -3.93858 2.27000 3.93858
v -3.66281 1.98000 3.66281
v -5.03418 2.54858 5.03418
v -5.15481 2.54858 4.77297
v -5.06418 2.54858 4.52418
v -4.81540 2.54858 4.43356
v -4.55418 2.54858 4.55418
v -4.43356 2.54858 4.81540
v -4.52418 2.54858 5.06418
v -4.77297 2.54858 5.15481
v -5.13360 2.69000 5.13360
v -5.30418 2.69000 4.76418
v -5.17602 2.69000 4.41235
v -4.82418 2.69000 4.28418
v -4.45477 2.69000 4.45477
v -4.28418 2.69000 4.82418
v -4.41235 2.69000 5.17602
v -4.76418 2.69000 5.30418
v -5.03418 2.83142 5.03418
v -5.15481 2.83142 4.77297
v -5.06418 2.83142 4.52418
v -4.81540 2.83142 4.43356
v -4.55418 2.83142 4.55418
v -4.43356 2.83142 4.81540
v -4.52418 2.83142 5.06418
v -4.77297 2.83142 5.15481
v -4.79418 2.49000 4.79418
v -4.79418 2.89000 4.79418
v -0.00000 11.65000 -0.13000
v -0.00367 11.55815 -0.09192
v -0.00520 11.52010 -0.00000
v -0.00367 11.55815 0.09192
v 0.00000 11.65000 0.13000
v 0.00367 11.74185 0.09192
v 0.00520 11.77990 0.00000
v 0.00367 11.74185 -0.09192
v -8.75000 12.00000 -0.10000
v -8.75283 11.92935 -0.07071
v -8.75400 11.90008 0.00000
v -8.75283 11.92935 0.07071
v -8.75000 12.00000 0.10000
v -8.74717 12.07065 0.07071
v -8.74600 12.09992 0.00000
v -8.74717 12.07065 -0.07071
v 0.00000 11.65000 0.00000
v -8.75000 12.00000 0.00000
v -6.60000 3.40000 0.10500
v -6.52575 3.40000 0.07425
v -6.49500 3.40000 0.00000
v -6.52575 3.40000 -0.07425
v -6.60000 3.40000 -0.10500
v -6.67425 3.40000 -0.07425
v -6.70500 3.40000 0.00000
v -6.67425 3.40000 0.07425
v -6.60000 11.90000 0.07500
v -6.54697 11.90000 0.05303
v -6.52500 11.90000 0.00000
v -6.54697 11.90000 -0.05303
v -6.60000 11.90000 -0.07500
v -6.65303 11.90000 -0.05303
v -6.67500 11.90000 0.00000
v -6.65303 11.90000 0.05303
v -6.60000 3.40000 0.00000
v -6.60000 11.90000 0.00000
v -6.75556 3.31686 0.00000
v -6.71000 3.31686 -0.11000
v -6.60000 3.31686 -0.15556
v -6.49000 3.31686 -0.11000
v -6.44444 3.31686 0.00000
v -6.49000 3.31686 0.11000
v -6.60000 3.31686 0.15556
v -6.71000 3.31686 0.11000
v -6.82000 3.43000 0.00000
v -6.75556 3.43000 -0.15556
v -6.60000 3.43000 -0.22000
v -6.44444 3.43000 -0.15556
v -6.38000 3.43000 0.00000
v -6.44444 3.43000 0.15556
v -6.60000 3.43000 0.22000
v -6.75556 3.43000 0.15556
v -6.75556 3.54314 0.00000
v -6.71000 3.54314 -0.11000
v -6.60000 3.54314 -0.15556
v -6.49000 3.54314 -0.11000
v -6.44444 3.54314 0.00000
v -6.49000 3.54314 0.11000
v -6.60000 3.54314 0.15556
v -6.71000 3.54314 0.11000
v -6.60000 3.27000 0.00000
v -6.60000 3.59000 0.00000
v -7.17500 1.60440 0.00000
v -7.06518 1.60440 -0.15576
v -6.77768 1.60440 -0.25203
v -6.42232 1.60440 -0.25203
v -6.13482 1.60440 -0.15576
v -6.02500 1.60440 0.00000
v -6.13482 1.60440 0.15576
v -6.42232 1.60440 0.25203
v -6.77768 1.60440 0.25203
v -7.06518 1.60440 0.15576
v -7.59593 1.83500 0.00000
v -7.40572 1.83500 -0.26979
v -6.90776 1.83500 -0.43653
v -6.29224 1.83500 -0.43653
v -5.79428 1.83500 -0.26979
v -5.60407 1.83500 0.00000
v -5.79428 1.83500 0.26979
v -6.29224 1.83500 0.43653
v -6.90776 1.83500 0.43653
v -7.40572 1.83500 0.26979
v -7.75000 2.15000 0.00000
v -7.53037 2.15000 -0.31153
v -6.95537 2.15000 -0.50406
v -6.24463 2.15000 -0.50406
v -5.66963 2.15000 -0.31153
v -5.45000 2.15000 0.00000
v -5.66963 2.15000 0.31153
v -6.24463 2.15000 0.50406
v -6.95537 2.15000 0.50406
v -7.53037 2.15000 0.31153
v -7.59593 2.46500 0.00000
v -7.40572 2.46500 -0.26979
v -6.90776 2.46500 -0.43653
v -6.29224 2.46500 -0.43653
v -5.79428 2.46500 -0.26979
v -5.60407 2.46500 0.00000
v -5.79428 2.46500 0.26979
v -6.29224 2.46500 0.43653
v -6.90776 2.46500 0.43653
v -7.40572 2.46500 0.26979
v -7.17500 2.69560 0.00000
v -7.06518 2.69560 -0.15576
v -6.77768 2.69560 -0.25203
v -6.42232 2.69560 -0.25203
v -6.13482 2.69560 -0.15576
v -6.02500 2.69560 0.00000
v -6.13482 2.69560 0.15576
v -6.42232 2.69560 0.25203
v -6.77768 2.69560 0.25203
v -7.06518 2.69560 0.15576
v -6.60000 1.52000 0.00000
v -6.60000 2.78000 0.00000
v -7.66687 2.09594 0.00000
v -7.59456 2.09594 -0.15794
v -7.42000 2.09594 -0.22336
v -7.24544 2.09594 -0.15794
v -7.17313 2.09594 0.00000
v -7.24544 2.09594 0.15794
v -7.42000 2.09594 0.22336
v -7.59456 2.09594 0.15794
v -7.81944 2.32094 0.00000
v -7.70245 2.32094 -0.25555
v -7.42000 2.32094 -0.36140
v -7.13755 2.32094 -0.25555
v -7.02056 2.32094 0.00000
v -7.13755 2.32094 0.25555
v -7.42000 2.32094 0.36140
v -7.70245 2.32094 0.25555
v -7.81944 2.59906 0.00000
v -7.70245 2.59906 -0.25555
v -7.42000 2.59906 -0.36140
v -7.13755 2.59906 -0.25555
v -7.02056 2.59906 0.00000
v -7.13755 2.59906 0.25555
v -7.42000 2.59906 0.36140
v -7.70245 2.59906 0.25555
v -7.66687 2.82406 0.00000
v -7.59456 2.82406 -0.15794
v -7.42000 2.82406 -0.22336
v -7.24544 2.82406 -0.15794
v -7.17313 2.82406 0.00000
v -7.24544 2.82406 0.15794
v -7.42000 2.82406 0.22336
v -7.59456 2.82406 0.15794
v -7.42000 2.01000 0.00000
v -7.42000 2.91000 0.00000
v -7.09000 2.28000 0.26000
v -6.92017 2.35042 0.18385
v -6.84983 2.37958 0.00000
v -6.92017 2.35042 -0.18385
v -7.09000 2.28000 -0.26000
v -7.25983 2.20958 -0.18385
v -7.33017 2.18042 0.00000
v -7.25983 2.20958 0.18385
v -7.43000 3.10000 0.16000
v -7.32549 3.14333 0.11314
v -7.28220 3.16128 0.00000
v -7.32549 3.14333 -0.11314
v -7.43000 3.10000 -0.16000
v -7.53451 3.05667 -0.11314
v -7.57780 3.03872 0.00000
v -7.53451 3.05667 0.11314
v -7.09000 2.28000 0.00000
v -7.43000 3.10000 0.00000
v -7.99038 2.39493 0.00000
v -7.91119 2.39493 -0.12884
v -7.72000 2.39493 -0.18221
v -7.52881 2.39493 -0.12884
v -7.44962 2.39493 0.00000
v -7.52881 2.39493 0.12884
v -7.72000 2.39493 0.18221
v -7.91119 2.39493 0.12884
v -8.15749 2.56493 0.00000
v -8.02935 2.56493 -0.20847
v -7.72000 2.56493 -0.29483
v -7.41065 2.56493 -0.20847
v -7.28251 2.56493 0.00000
v -7.41065 2.56493 0.20847
v -7.72000 2.56493 0.29483
v -8.02935 2.56493 0.20847
v -8.15749 2.77507 0.00000
v -8.02935 2.77507 -0.20847
v -7.72000 2.77507 -0.29483
v -7.41065 2.77507 -0.20847
v -7.28251 2.77507 0.00000
v -7.41065 2.77507 0.20847
v -7.72000 2.77507 0.29483
v -8.02935 2.77507 0.20847
v -7.99038 2.94507 0.00000
v -7.91119 2.94507 -0.12884
v -7.72000 2.94507 -0.18221
v -7.52881 2.94507 -0.12884
v -7.44962 2.94507 0.00000
v -7.52881 2.94507 0.12884
v -7.72000 2.94507 0.18221
v -7.91119 2.94507 0.12884
v -7.72000 2.33000 0.00000
v -7.72000 3.01000 0.00000
v -8.26385 2.43858 0.00000
v -8.21000 2.43858 -0.12500
v -8.08000 2.43858 -0.17678
v -7.95000 2.43858 -0.12500
v -7.89615 2.43858 0.00000
v -7.95000 2.43858 0.12500
v -8.08000 2.43858 0.17678
v -8.21000 2.43858 0.12500
v -8.34000 2.58000 0.00000
v -8.26385 2.58000 -0.17678
v -8.08000 2.58000 -0.25000
v -7.89615 2.58000 -0.17678
v -7.82000 2.58000 0.00000
v -7.89615 2.58000 0.17678
v -8.08000 2.58000 0.25000
v -8.26385 2.58000 0.17678
v -8.26385 2.72142 0.00000
v -8.21000 2.72142 -0.12500
v -8.08000 2.72142 -0.17678
v -7.95000 2.72142 -0.12500
v -7.89615 2.72142 0.00000
v -7.95000 2.72142 0.12500
v -8.08000 2.72142 0.17678
v -8.21000 2.72142 0.12500
v -8.08000 2.38000 0.00000
v -8.08000 2.78000 0.00000
v -7.70527 2.79808 0.00000
v -7.61000 2.79808 -0.20000
v -7.38000 2.79808 -0.28284
v -7.15000 2.79808 -0.20000
v -7.05473 2.79808 0.00000
v -7.15000 2.79808 0.20000
v -7.38000 2.79808 0.28284
v -7.61000 2.79808 0.20000
v -7.84000 2.89000 0.00000
v -7.70527 2.89000 -0.28284
v -7.38000 2.89000 -0.40000
v -7.05473 2.89000 -0.28284
v -6.92000 2.89000 0.00000
v -7.05473 2.89000 0.28284
v -7.38000 2.89000 0.40000
v -7.70527 2.89000 0.28284
v -7.70527 2.98192 0.00000
v -7.61000 2.98192 -0.20000
v -7.38000 2.98192 -0.28284
v -7.15000 2.98192 -0.20000
v -7.05473 2.98192 0.00000
v -7.15000 2.98192 0.20000
v -7.38000 2.98192 0.28284
v -7.61000 2.98192 0.20000
v -7.38000 2.76000 0.00000
v -7.38000 3.02000 0.00000
v -7.08765 2.65000 0.16096
v -7.13668 2.59597 0.19378
v -7.14903 2.59597 0.27283
v -7.11235 2.65000 0.31904
v -7.06332 2.70403 0.28622
v -7.05097 2.70403 0.20717
v -7.41382 2.91000 0.15048
v -7.43834 2.88299 0.16689
v -7.44451 2.88299 0.20641
v -7.42618 2.91000 0.22952
v -7.40166 2.93701 0.21311
v -7.39549 2.93701 0.17359
v -7.10000 2.65000 0.24000
v -7.42000 2.91000 0.19000
v -7.11235 2.65000 -0.31904
v -7.14903 2.59597 -0.27283
v -7.13668 2.59597 -0.19378
v -7.08765 2.65000 -0.16096
v -7.05097 2.70403 -0.20717
v -7.06332 2.70403 -0.28622
v -7.42618 2.91000 -0.22952
v -7.44451 2.88299 -0.20641
v -7.43834 2.88299 -0.16689
v -7.41382 2.91000 -0.15048
v -7.39549 2.93701 -0.17359
v -7.40166 2.93701 -0.21311
v -7.10000 2.65000 -0.24000
v -7.42000 2.91000 -0.19000
v -5.88000 1.95000 0.22000
v -5.78625 1.94632 0.26518
v -5.76310 1.94542 0.36670
v -5.82797 1.94796 0.44812
v -5.93203 1.95204 0.44812
v -5.99690 1.95458 0.36670
v -5.97375 1.95368 0.26518
v -5.92000 0.93000 0.27000
v -5.86531 0.92786 0.29636
v -5.85181 0.92733 0.35558
v -5.88965 0.92881 0.40307
v -5.95035 0.93119 0.40307
v -5.98819 0.93267 0.35558
v -5.97469 0.93214 0.29636
v -5.88000 1.95000 0.34000
v -5.92000 0.93000 0.34000
v -5.88000 1.95000 -0.46000
v -5.78625 1.94632 -0.41482
v -5.76310 1.94542 -0.31330
v -5.82797 1.94796 -0.23188
v -5.93203 1.95204 -0.23188
v -5.99690 1.95458 -0.31330
v -5.97375 1.95368 -0.41482
v -5.92000 0.93000 -0.41000
v -5.86531 0.92786 -0.38364
v -5.85181 0.92733 -0.32442
v -5.88965 0.92881 -0.27693
v -5.95035 0.93119 -0.27693
v -5.98819 0.93267 -0.32442
v -5.97469 0.93214 -0.38364
v -5.88000 1.95000 -0.34000
v -5.92000 0.93000 -0.34000
v -7.25000 1.95000 0.22000
v -7.15625 1.94632 0.26518
v -7.13310 1.94542 0.36670
v -7.19797 1.94796 0.44812
v -7.30203 1.95204 0.44812
v -7.36690 1.95458 0.36670
v -7.34375 1.95368 0.26518
v -7.29000 0.93000 0.27000
v -7.23531 0.92786 0.29636
v -7.22181 0.92733 0.35558
v -7.25965 0.92881 0.40307
v -7.32035 0.93119 0.40307
v -7.35819 0.93267 0.35558
v -7.34469 0.93214 0.29636
v -7.25000 1.95000 0.34000
v -7.29000 0.93000 0.34000
v -7.25000 1.95000 -0.46000
v -7.15625 1.94632 -0.41482
v -7.13310 1.94542 -0.31330
v -7.19797 1.94796 -0.23188
v -7.30203 1.95204 -0.23188
v -7.36690 1.95458 -0.31330
v -7.34375 1.95368 -0.41482
v -7.29000 0.93000 -0.41000
v -7.23531 0.92786 -0.38364
v -7.22181 0.92733 -0.32442
v -7.25965 0.92881 -0.27693
v -7.32035 0.93119 -0.27693
v -7.35819 0.93267 -0.32442
v -7.34469 0.93214 -0.38364
v -7.25000 1.95000 -0.34000
v -7.29000 0.93000 -0.34000
v -5.57000 2.27000 0.13000
v -5.63065 2.18844 0.08105
v -5.64563 2.16830 -0.02893
v -5.60366 2.22474 -0.11713
v -5.53634 2.31526 -0.11713
v -5.49437 2.37170 -0.02893
v -5.50935 2.35156 0.08105
v -5.18000 1.98000 0.06000
v -5.20799 1.94236 0.03741
v -5.21490 1.93306 -0.01335
v -5.19553 1.95911 -0.05406
v -5.16447 2.00089 -0.05406
v -5.14510 2.02694 -0.01335
v -5.15201 2.01764 0.03741
v -5.57000 2.27000 0.00000
v -5.18000 1.98000 0.00000
v -7.11941 2.54858 0.00000
v -7.02000 2.54858 -0.27000
v -6.78000 2.54858 -0.38184
v -6.54000 2.54858 -0.27000
v -6.44059 2.54858 0.00000
v -6.54000 2.54858 0.27000
v -6.78000 2.54858 0.38184
v -7.02000 2.54858 0.27000
v -7.26000 2.69000 0.00000
v -7.11941 2.69000 -0.38184
v -6.78000 2.69000 -0.54000
v -6.44059 2.69000 -0.38184
v -6.30000 2.69000 0.00000
v -6.44059 2.69000 0.38184
v -6.78000 2.69000 0.54000
v -7.11941 2.69000 0.38184
v -7.11941 2.83142 0.00000
v -7.02000 2.83142 -0.27000
v -6.78000 2.83142 -0.38184
v -6.54000 2.83142 -0.27000
v -6.44059 2.83142 0.00000
v -6.54000 2.83142 0.27000
v -6.78000 2.83142 0.38184
v -7.02000 2.83142 0.27000
v -6.78000 2.49000 0.00000
v -6.78000 2.89000 0.00000
v 0.09192 11.65000 -0.09192
v 0.06240 11.55815 -0.06760
v -0.00367 11.52010 -0.00367
v -0.06760 11.55815 0.06240
v -0.09192 11.65000 0.09192
v -0.06240 11.74185 0.06760
v 0.00367 11.77990 0.00367
v 0.06760 11.74185 -0.06240
v -6.11647 12.00000 -6.25790
v -6.13918 11.92935 -6.23918
v -6.19001 11.90008 -6.19001
v -6.23918 11.92935 -6.13918
v -6.25790 12.00000 -6.11647
v -6.23519 12.07065 -6.13519
v -6.18436 12.09992 -6.18436
v -6.13519 12.07065 -6.23519
v 0.00000 11.65000 0.00000
v -6.18718 12.00000 -6.18718
v -4.74115 3.40000 -4.59266
v -4.66690 3.40000 -4.56190
v -4.59266 3.40000 -4.59266
v -4.56190 3.40000 -4.66690
v -4.59266 3.40000 -4.74115
v -4.66690 3.40000 -4.77190
v -4.74115 3.40000 -4.74115
v -4.77190 3.40000 -4.66690
v -4.71994 11.90000 -4.61387
v -4.66690 11.90000 -4.59190
v -4.61387 11.90000 -4.61387
v -4.59190 11.90000 -4.66690
v -4.61387 11.90000 -4.71994
v -4.66690 11.90000 -4.74190
v -4.71994 11.90000 -4.71994
v -4.74190 11.90000 -4.66690
v -4.66690 3.40000 -4.66690
v -4.66690 11.90000 -4.66690
v -4.77690 3.31686 -4.77690
v -4.66690 3.31686 -4.82247
v -4.55690 3.31686 -4.77690
v -4.51134 3.31686 -4.66690
v -4.55690 3.31686 -4.55690
v -4.66690 3.31686 -4.51134
v -4.77690 3.31686 -4.55690
v -4.82247 3.31686 -4.66690
v -4.82247 3.43000 -4.82247
v -4.66690 3.43000 -4.88690
v -4.51134 3.43000 -4.82247
v -4.44690 3.43000 -4.66690
v -4.51134 3.43000 -4.51134
v -4.66690 3.43000 -4.44690
v -4.82247 3.43000 -4.51134
v -4.88690 3.43000 -4.66690
v -4.77690 3.54314 -4.77690
v -4.66690 3.54314 -4.82247
v -4.55690 3.54314 -4.77690
v -4.51134 3.54314 -4.66690
v -4.55690 3.54314 -4.55690
v -4.66690 3.54314 -4.51134
v -4.77690 3.54314 -4.55690
v -4.82247 3.54314 -4.66690
v -4.66690 3.27000 -4.66690
v -4.66690 3.59000 -4.66690
v -5.07349 1.60440 -5.07349
v -4.88570 1.60440 -5.10598
v -4.61433 1.60440 -4.97076
v -4.36305 1.60440 -4.71947
v -4.22783 1.60440 -4.44811
v -4.26032 1.60440 -4.26032
v -4.44811 1.60440 -4.22783
v -4.71947 1.60440 -4.36305
v -4.97076 1.60440 -4.61433
v -5.10598 1.60440 -4.88570
v -5.37113 1.83500 -5.37113
v -5.04587 1.83500 -5.42741
v -4.57585 1.83500 -5.19320
v -4.14061 1.83500 -4.75796
v -3.90640 1.83500 -4.28794
v -3.96268 1.83500 -3.96268
v -4.28794 1.83500 -3.90640
v -4.75796 1.83500 -4.14061
v -5.19320 1.83500 -4.57585
v -5.42741 1.83500 -5.04587
v -5.48008 2.15000 -5.48008
v -5.10449 2.15000 -5.54506
v -4.56176 2.15000 -5.27461
v -4.05920 2.15000 -4.77204
v -3.78875 2.15000 -4.22932
v -3.85373 2.15000 -3.85373
v -4.22932 2.15000 -3.78875
v -4.77204 2.15000 -4.05920
v -5.27461 2.15000 -4.56176
v -5.54506 2.15000 -5.10449
v -5.37113 2.46500 -5.37113
v -5.04587 2.46500 -5.42741
v -4.57585 2.46500 -5.19320
v -4.14061 2.46500 -4.75796
v -3.90640 2.46500 -4.28794
v -3.96268 2.46500 -3.96268
v -4.28794 2.46500 -3.90640
v -4.75796 2.46500 -4.14061
v -5.19320 2.46500 -4.57585
v -5.42741 2.46500 -5.04587
v -5.07349 2.69560 -5.07349
v -4.88570 2.69560 -5.10598
v -4.61433 2.69560 -4.97076
v -4.36305 2.69560 -4.71947
v -4.22783 2.69560 -4.44811
v -4.26032 2.69560 -4.26032
v -4.44811 2.69560 -4.22783
v -4.71947 2.69560 -4.36305
v -4.97076 2.69560 -4.61433
v -5.10598 2.69560 -4.88570
v -4.66690 1.52000 -4.66690
v -4.66690 2.78000 -4.66690
v -5.42130 2.09594 -5.42130
v -5.25849 2.09594 -5.48185
v -5.08879 2.09594 -5.40467
v -5.01162 2.09594 -5.23498
v -5.07217 2.09594 -5.07217
v -5.23498 2.09594 -5.01162
v -5.40467 2.09594 -5.08879
v -5.48185 2.09594 -5.25849
v -5.52918 2.32094 -5.52918
v -5.26575 2.32094 -5.62715
v -4.99118 2.32094 -5.50228
v -4.86631 2.32094 -5.22771
v -4.96428 2.32094 -4.96428
v -5.22771 2.32094 -4.86631
v -5.50228 2.32094 -4.99118
v -5.62715 2.32094 -5.26575
v -5.52918 2.59906 -5.52918
v -5.26575 2.59906 -5.62715
v -4.99118 2.59906 -5.50228
v -4.86631 2.59906 -5.22771
v -4.96428 2.59906 -4.96428
v -5.22771 2.59906 -4.86631
v -5.50228 2.59906 -4.99118
v -5.62715 2.59906 -5.26575
v -5.42130 2.82406 -5.42130
v -5.25849 2.82406 -5.48185
v -5.08879 2.82406 -5.40467
v -5.01162 2.82406 -5.23498
v -5.07217 2.82406 -5.07217
v -5.23498 2.82406 -5.01162
v -5.40467 2.82406 -5.08879
v -5.48185 2.82406 -5.25849
v -5.24673 2.01000 -5.24673
v -5.24673 2.91000 -5.24673
v -5.19723 2.28000 -4.82954
v -5.02330 2.35042 -4.76330
v -4.84356 2.37958 -4.84356
v -4.76330 2.35042 -5.02330
v -4.82954 2.28000 -5.19723
v -5.00347 2.20958 -5.26347
v -5.18321 2.18042 -5.18321
v -5.26347 2.20958 -5.00347
v -5.36694 3.10000 -5.14067
v -5.25990 3.14333 -5.09990
v -5.14929 3.16128 -5.14929
v -5.09990 3.14333 -5.25990
v -5.14067 3.10000 -5.36694
v -5.24770 3.05667 -5.40770
v -5.35831 3.03872 -5.35831
v -5.40770 3.05667 -5.24770
v -5.01339 2.28000 -5.01339
v -5.25380 3.10000 -5.25380
v -5.65005 2.39493 -5.65005
v -5.50295 2.39493 -5.68516
v -5.33002 2.39493 -5.58771
v -5.23257 2.39493 -5.41478
v -5.26768 2.39493 -5.26768
v -5.41478 2.39493 -5.23257
v -5.58771 2.39493 -5.33002
v -5.68516 2.39493 -5.50295
v -5.76821 2.56493 -5.76821
v -5.53019 2.56493 -5.82502
v -5.25039 2.56493 -5.66734
v -5.09271 2.56493 -5.38754
v -5.14952 2.56493 -5.14952
v -5.38754 2.56493 -5.09271
v -5.66734 2.56493 -5.25039
v -5.82502 2.56493 -5.53019
v -5.76821 2.77507 -5.76821
v -5.53019 2.77507 -5.82502
v -5.25039 2.77507 -5.66734
v -5.09271 2.77507 -5.38754
v -5.14952 2.77507 -5.14952
v -5.38754 2.77507 -5.09271
v -5.66734 2.77507 -5.25039
v -5.82502 2.77507 -5.53019
v -5.65005 2.94507 -5.65005
v -5.50295 2.94507 -5.68516
v -5.33002 2.94507 -5.58771
v -5.23257 2.94507 -5.41478
v -5.26768 2.94507 -5.26768
v -5.41478 2.94507 -5.23257
v -5.58771 2.94507 -5.33002
v -5.68516 2.94507 -5.50295
v -5.45886 2.33000 -5.45886
v -5.45886 3.01000 -5.45886
v -5.84342 2.43858 -5.84342
v -5.71696 2.43858 -5.89374
v -5.58842 2.43858 -5.83842
v -5.53311 2.43858 -5.70989
v -5.58342 2.43858 -5.58342
v -5.70989 2.43858 -5.53311
v -5.83842 2.43858 -5.58842
v -5.89374 2.43858 -5.71696
v -5.89727 2.58000 -5.89727
v -5.71842 2.58000 -5.96842
v -5.53665 2.58000 -5.89020
v -5.45842 2.58000 -5.70842
v -5.52958 2.58000 -5.52958
v -5.70842 2.58000 -5.45842
v -5.89020 2.58000 -5.53665
v -5.96842 2.58000 -5.71842
v -5.84342 2.72142 -5.84342
v -5.71696 2.72142 -5.89374
v -5.58842 2.72142 -5.83842
v -5.53311 2.72142 -5.70989
v -5.58342 2.72142 -5.58342
v -5.70989 2.72142 -5.53311
v -5.83842 2.72142 -5.58842
v -5.89374 2.72142 -5.71696
v -5.71342 2.38000 -5.71342
v -5.71342 2.78000 -5.71342
v -5.44845 2.79808 -5.44845
v -5.23966 2.79808 -5.52250
v -5.01845 2.79808 -5.41845
v -4.91439 2.79808 -5.19723
v -4.98845 2.79808 -4.98845
v -5.19723 2.79808 -4.91439
v -5.41845 2.79808 -5.01845
v -5.52250 2.79808 -5.23966
v -5.54372 2.89000 -5.54372
v -5.24845 2.89000 -5.64845
v -4.93561 2.89000 -5.50129
v -4.78845 2.89000 -5.18845
v -4.89318 2.89000 -4.89318
v -5.18845 2.89000 -4.78845
v -5.50129 2.89000 -4.93561
v -5.64845 2.89000 -5.24845
v -5.44845 2.98192 -5.44845
v -5.23966 2.98192 -5.52250
v -5.01845 2.98192 -5.41845
v -4.91439 2.98192 -5.19723
v -4.98845 2.98192 -4.98845
v -5.19723 2.98192 -4.91439
v -5.41845 2.98192 -5.01845
v -5.52250 2.98192 -5.23966
v -5.21845 2.76000 -5.21845
v -5.21845 3.02000 -5.21845
v -5.12554 2.65000 -4.89791
v -5.18342 2.59597 -4.90937
v -5.24804 2.59597 -4.86221
v -5.25479 2.65000 -4.80359
v -5.19691 2.70403 -4.79214
v -5.13229 2.70403 -4.83930
v -5.34877 2.91000 -5.13596
v -5.37771 2.88299 -5.14169
v -5.41002 2.88299 -5.11811
v -5.41339 2.91000 -5.08880
v -5.38446 2.93701 -5.08308
v -5.35214 2.93701 -5.10665
v -5.19016 2.65000 -4.85075
v -5.38108 2.91000 -5.11238
v -4.80359 2.65000 -5.25479
v -4.86221 2.59597 -5.24804
v -4.90937 2.59597 -5.18342
v -4.89791 2.65000 -5.12554
v -4.83930 2.70403 -5.13229
v -4.79214 2.70403 -5.19691
v -5.08880 2.91000 -5.41339
v -5.11811 2.88299 -5.41002
v -5.14169 2.88299 -5.37771
v -5.13596 2.91000 -5.34877
v -5.10665 2.93701 -5.35214
v -5.08308 2.93701 -5.38446
v -4.85075 2.65000 -5.19016
v -5.11238 2.91000 -5.38108
v -4.31335 1.95000 -4.00222
v -4.27901 1.94632 -3.90399
v -4.33442 1.94542 -3.81583
v -4.43787 1.94796 -3.80413
v -4.51144 1.95204 -3.87771
v -4.49975 1.95458 -3.98115
v -4.41159 1.95368 -4.03657
v -4.37699 0.93000 -3.99515
v -4.35696 0.92786 -3.93785
v -4.38928 0.92733 -3.88642
v -4.44962 0.92881 -3.87960
v -4.49254 0.93119 -3.92252
v -4.48572 0.93267 -3.98286
v -4.43430 0.93214 -4.01519
v -4.39820 1.95000 -3.91737
v -4.42649 0.93000 -3.94566
v -3.83252 1.95000 -4.48306
v -3.79818 1.94632 -4.38482
v -3.85359 1.94542 -4.29666
v -3.95703 1.94796 -4.28497
v -4.03061 1.95204 -4.35854
v -4.01891 1.95458 -4.46198
v -3.93076 1.95368 -4.51740
v -3.89616 0.93000 -4.47599
v -3.87613 0.92786 -4.41868
v -3.90845 0.92733 -4.36725
v -3.96879 0.92881 -4.36043
v -4.01171 0.93119 -4.40335
v -4.00489 0.93267 -4.46369
v -3.95346 0.93214 -4.49602
v -3.91737 1.95000 -4.39820
v -3.94566 0.93000 -4.42649
v -5.28209 1.95000 -4.97096
v -5.24775 1.94632 -4.87272
v -5.30316 1.94542 -4.78456
v -5.40660 1.94796 -4.77287
v -5.48018 1.95204 -4.84645
v -5.46848 1.95458 -4.94989
v -5.38033 1.95368 -5.00530
v -5.34573 0.93000 -4.96389
v -5.32569 0.92786 -4.90658
v -5.35802 0.92733 -4.85516
v -5.41836 0.92881 -4.84834
v -5.46128 0.93119 -4.89126
v -5.45446 0.93267 -4.95160
v -5.40303 0.93214 -4.98392
v -5.36694 1.95000 -4.88611
v -5.39522 0.93000 -4.91439
v -4.80126 1.95000 -5.45179
v -4.76691 1.94632 -5.35356
v -4.82233 1.94542 -5.26540
v -4.92577 1.94796 -5.25370
v -4.99935 1.95204 -5.32728
v -4.98765 1.95458 -5.43072
v -4.89949 1.95368 -5.48613
v -4.86489 0.93000 -5.44472
v -4.84486 0.92786 -5.38742
v -4.87719 0.92733 -5.33599
v -4.93753 0.92881 -5.32917
v -4.98045 0.93119 -5.37209
v -4.97363 0.93267 -5.43243
v -4.92220 0.93214 -5.46475
v -4.88611 1.95000 -5.36694
v -4.91439 0.93000 -5.39522
v -4.03051 2.27000 -3.84666
v -4.03878 2.18844 -3.92416
v -3.97161 2.16830 -4.01252
v -3.87956 2.22474 -4.04520
v -3.83197 2.31526 -3.99761
v -3.86465 2.37170 -3.90556
v -3.95301 2.35156 -3.83839
v -3.70524 1.98000 -3.62039
v -3.70906 1.94236 -3.65615
v -3.67805 1.93306 -3.69694
v -3.63557 1.95911 -3.71202
v -3.61360 2.00089 -3.69005
v -3.62869 2.02694 -3.64757
v -3.66947 2.01764 -3.61657
v -3.93858 2.27000 -3.93858
v -3.66281 1.98000 -3.66281
v -5.03418 2.54858 -5.03418
v -4.77297 2.54858 -5.15481
v -4.52418 2.54858 -5.06418
v -4.43356 2.54858 -4.81540
v -4.55418 2.54858 -4.55418
v -4.81540 2.54858 -4.43356
v -5.06418 2.54858 -4.52418
v -5.15481 2.54858 -4.77297
v -5.13360 2.69000 -5.13360
v -4.76418 2.69000 -5.30418
v -4.41235 2.69000 -5.17602
v -4.28418 2.69000 -4.82418
v -4.45477 2.69000 -4.45477
v -4.82418 2.69000 -4.28418
v -5.17602 2.69000 -4.41235
v -5.30418 2.69000 -4.76418
v -5.03418 2.83142 -5.03418
v -4.77297 2.83142 -5.15481
v -4.52418 2.83142 -5.06418
v -4.43356 2.83142 -4.81540
v -4.55418 2.83142 -4.55418
v -4.81540 2.83142 -4.43356
v -5.06418 2.83142 -4.52418
v -5.15481 2.83142 -4.77297
v -4.79418 2.49000 -4.79418
v -4.79418 2.89000 -4.79418
v 0.13000 11.65000 -0.00000
v 0.09192 11.55815 -0.00367
v 0.00000 11.52010 -0.00520
v -0.09192 11.55815 -0.00367
v -0.13000 11.65000 0.00000
v -0.09192 11.74185 0.00367
v -0.00000 11.77990 0.00520
v 0.09192 11.74185 0.00367
v 0.10000 12.00000 -8.75000
v 0.07071 11.92935 -8.75283
v -0.00000 11.90008 -8.75400
v -0.07071 11.92935 -8.75283
v -0.10000 12.00000 -8.75000
v -0.07071 12.07065 -8.74717
v -0.00000 12.09992 -8.74600
v 0.07071 12.07065 -8.74717
v 0.00000 11.65000 0.00000
v -0.00000 12.00000 -8.75000
v -0.10500 3.40000 -6.60000
v -0.07425 3.40000 -6.52575
v -0.00000 3.40000 -6.49500
v 0.07425 3.40000 -6.52575
v 0.10500 3.40000 -6.60000
v 0.07425 3.40000 -6.67425
v -0.00000 3.40000 -6.70500
v -0.07425 3.40000 -6.67425
v -0.07500 11.90000 -6.60000
v -0.05303 11.90000 -6.54697
v -0.00000 11.90000 -6.52500
v 0.05303 11.90000 -6.54697
v 0.07500 11.90000 -6.60000
v 0.05303 11.90000 -6.65303
v -0.00000 11.90000 -6.67500
v -0.05303 11.90000 -6.65303
v -0.00000 3.40000 -6.60000
v -0.00000 11.90000 -6.60000
v -0.00000 3.31686 -6.75556
v 0.11000 3.31686 -6.71000
v 0.15556 3.31686 -6.60000
v 0.11000 3.31686 -6.49000
v -0.00000 3.31686 -6.44444
v -0.11000 3.31686 -6.49000
v -0.15556 3.31686 -6.60000
v -0.11000 3.31686 -6.71000
v -0.00000 3.43000 -6.82000
v 0.15556 3.43000 -6.75556
v 0.22000 3.43000 -6.60000
v 0.15556 3.43000 -6.44444
v -0.00000 3.43000 -6.38000
v -0.15556 3.43000 -6.44444
v -0.22000 3.43000 -6.60000
v -0.15556 3.43000 -6.75556
v -0.00000 3.54314 -6.75556
v 0.11000 3.54314 -6.71000
v 0.15556 3.54314 -6.60000
v 0.11000 3.54314 -6.49000
v -0.00000 3.54314 -6.44444
v -0.11000 3.54314 -6.49000
v -0.15556 3.54314 -6.60000
v -0.11000 3.54314 -6.71000
v -0.00000 3.27000 -6.60000
v -0.00000 3.59000 -6.60000
v -0.00000 1.60440 -7.17500
v 0.15576 1.60440 -7.06518
v 0.25203 1.60440 -6.77768
v 0.25203 1.60440 -6.42232
v 0.15576 1.60440 -6.13482
v -0.00000 1.60440 -6.02500
v -0.15576 1.60440 -6.13482
v -0.25203 1.60440 -6.42232
v -0.25203 1.60440 -6.77768
v -0.15576 1.60440 -7.06518
v -0.00000 1.83500 -7.59593
v 0.26979 1.83500 -7.40572
v 0.43653 1.83500 -6.90776
v 0.43653 1.83500 -6.29224
v 0.26979 1.83500 -5.79428
v -0.00000 1.83500 -5.60407
v -0.26979 1.83500 -5.79428
v -0.43653 1.83500 -6.29224
v -0.43653 1.83500 -6.90776
v -0.26979 1.83500 -7.40572
v -0.00000 2.15000 -7.75000
v 0.31153 2.15000 -7.53037
v 0.50406 2.15000 -6.95537
v 0.50406 2.15000 -6.24463
v 0.31153 2.15000 -5.66963
v -0.00000 2.15000 -5.45000
v -0.31153 2.15000 -5.66963
v -0.50406 2.15000 -6.24463
v -0.50406 2.15000 -6.95537
v -0.31153 2.15000 -7.53037
v -0.00000 2.46500 -7.59593
v 0.26979 2.46500 -7.40572
v 0.43653 2.46500 -6.90776
v 0.43653 2.46500 -6.29224
v 0.26979 2.46500 -5.79428
v -0.00000 2.46500 -5.60407
v -0.26979 2.46500 -5.79428
v -0.43653 2.46500 -6.29224
v -0.43653 2.46500 -6.90776
v -0.26979 2.46500 -7.40572
v -0.00000 2.69560 -7.17500
v 0.15576 2.69560 -7.06518
v 0.25203 2.69560 -6.77768
v 0.25203 2.69560 -6.42232
v 0.15576 2.69560 -6.13482
v -0.00000 2.69560 -6.02500
v -0.15576 2.69560 -6.13482
v -0.25203 2.69560 -6.42232
v -0.25203 2.69560 -6.77768
v -0.15576 2.69560 -7.06518
v -0.00000 1.52000 -6.60000
v -0.00000 2.78000 -6.60000
v -0.00000 2.09594 -7.66687
v 0.15794 2.09594 -7.59456
v 0.22336 2.09594 -7.42000
v 0.15794 2.09594 -7.24544
v -0.00000 2.09594 -7.17313
v -0.15794 2.09594 -7.24544
v -0.22336 2.09594 -7.42000
v -0.15794 2.09594 -7.59456
v -0.00000 2.32094 -7.81944
v 0.25555 2.32094 -7.70245
v 0.36140 2.32094 -7.42000
v 0.25555 2.32094 -7.13755
v -0.00000 2.32094 -7.02056
v -0.25555 2.32094 -7.13755
v -0.36140 2.32094 -7.42000
v -0.25555 2.32094 -7.70245
v -0.00000 2.59906 -7.81944
v 0.25555 2.59906 -7.70245
v 0.36140 2.59906 -7.42000
v 0.25555 2.59906 -7.13755
v -0.00000 2.59906 -7.02056
v -0.25555 2.59906 -7.13755
v -0.36140 2.59906 -7.42000
v -0.25555 2.59906 -7.70245
v -0.00000 2.82406 -7.66687
v 0.15794 2.82406 -7.59456
v 0.22336 2.82406 -7.42000
v 0.15794 2.82406 -7.24544
v -0.00000 2.82406 -7.17313
v -0.15794 2.82406 -7.24544
v -0.22336 2.82406 -7.42000
v -0.15794 2.82406 -7.59456
v -0.00000 2.01000 -7.42000
v -0.00000 2.91000 -7.42000
v -0.26000 2.28000 -7.09000
v -0.18385 2.35042 -6.92017
v -0.00000 2.37958 -6.84983
v 0.18385 2.35042 -6.92017
v 0.26000 2.28000 -7.09000
v 0.18385 2.20958 -7.25983
v -0.00000 2.18042 -7.33017
v -0.18385 2.20958 -7.25983
v -0.16000 3.10000 -7.43000
v -0.11314 3.14333 -7.32549
v -0.00000 3.16128 -7.28220
v 0.11314 3.14333 -7.32549
v 0.16000 3.10000 -7.43000
v 0.11314 3.05667 -7.53451
v -0.00000 3.03872 -7.57780
v -0.11314 3.05667 -7.53451
v -0.00000 2.28000 -7.09000
v -0.00000 3.10000 -7.43000
v -0.00000 2.39493 -7.99038
v 0.12884 2.39493 -7.91119
v 0.18221 2.39493 -7.72000
v 0.12884 2.39493 -7.52881
v -0.00000 2.39493 -7.44962
v -0.12884 2.39493 -7.52881
v -0.18221 2.39493 -7.72000
v -0.12884 2.39493 -7.91119
v -0.00000 2.56493 -8.15749
v 0.20847 2.56493 -8.02935
v 0.29483 2.56493 -7.72000
v 0.20847 2.56493 -7.41065
v -0.00000 2.56493 -7.28251
v -0.20847 2.56493 -7.41065
v -0.29483 2.56493 -7.72000
v -0.20847 2.56493 -8.02935
v -0.00000 2.77507 -8.15749
v 0.20847 2.77507 -8.02935
v 0.29483 2.77507 -7.72000
v 0.20847 2.77507 -7.41065
v -0.00000 2.77507 -7.28251
v -0.20847 2.77507 -7.41065
v -0.29483 2.77507 -7.72000
v -0.20847 2.77507 -8.02935
v -0.00000 2.94507 -7.99038
v 0.12884 2.94507 -7.91119
v 0.18221 2.94507 -7.72000
v 0.12884 2.94507 -7.52881
v -0.00000 2.94507 -7.44962
v -0.12884 2.94507 -7.52881
v -0.18221 2.94507 -7.72000
v -0.12884 2.94507 -7.91119
v -0.00000 2.33000 -7.72000
v -0.00000 3.01000 -7.72000
v -0.00000 2.43858 -8.26385
v 0.12500 2.43858 -8.21000
v 0.17678 2.43858 -8.08000
v 0.12500 2.43858 -7.95000
v -0.00000 2.43858 -7.89615
v -0.12500 2.43858 -7.95000
v -0.17678 2.43858 -8.08000
v -0.12500 2.43858 -8.21000
v -0.00000 2.58000 -8.34000
v 0.17678 2.58000 -8.26385
v 0.25000 2.58000 -8.08000
v 0.17678 2.58000 -7.89615
v -0.00000 2.58000 -7.82000
v -0.17678 2.58000 -7.89615
v -0.25000 2.58000 -8.08000
v -0.17678 2.58000 -8.26385
v -0.00000 2.72142 -8.26385
v 0.12500 2.72142 -8.21000
v 0.17678 2.72142 -8.08000
v 0.12500 2.72142 -7.95000
v -0.00000 2.72142 -7.89615
v -0.12500 2.72142 -7.95000
v -0.17678 2.72142 -8.08000
v -0.12500 2.72142 -8.21000
v -0.00000 2.38000 -8.08000
v -0.00000 2.78000 -8.08000
v -0.00000 2.79808 -7.70527
v 0.20000 2.79808 -7.61000
v 0.28284 2.79808 -7.38000
v 0.20000 2.79808 -7.15000
v -0.00000 2.79808 -7.05473
v -0.20000 2.79808 -7.15000
v -0.28284 2.79808 -7.38000
v -0.20000 2.79808 -7.61000
v -0.00000 2.89000 -7.84000
v 0.28284 2.89000 -7.70527
v 0.40000 2.89000 -7.38000
v 0.28284 2.89000 -7.05473
v -0.00000 2.89000 -6.92000
v -0.28284 2.89000 -7.05473
v -0.40000 2.89000 -7.38000
v -0.28284 2.89000 -7.70527
v -0.00000 2.98192 -7.70527
v 0.20000 2.98192 -7.61000
v 0.28284 2.98192 -7.38000
v 0.20000 2.98192 -7.15000
v -0.00000 2.98192 -7.05473
v -0.20000 2.98192 -7.15000
v -0.28284 2.98192 -7.38000
v -0.20000 2.98192 -7.61000
v -0.00000 2.76000 -7.38000
v -0.00000 3.02000 -7.38000
v -0.16096 2.65000 -7.08765
v -0.19378 2.59597 -7.13668
v -0.27283 2.59597 -7.14903
v -0.31904 2.65000 -7.11235
v -0.28622 2.70403 -7.06332
v -0.20717 2.70403 -7.05097
v -0.15048 2.91000 -7.41382
v -0.16689 2.88299 -7.43834
v -0.20641 2.88299 -7.44451
v -0.22952 2.91000 -7.42618
v -0.21311 2.93701 -7.40166
v -0.17359 2.93701 -7.39549
v -0.24000 2.65000 -7.10000
v -0.19000 2.91000 -7.42000
v 0.31904 2.65000 -7.11235
v 0.27283 2.59597 -7.14903
v 0.19378 2.59597 -7.13668
v 0.16096 2.65000 -7.08765
v 0.20717 2.70403 -7.05097
v 0.28622 2.70403 -7.06332
v 0.22952 2.91000 -7.42618
v 0.20641 2.88299 -7.44451
v 0.16689 2.88299 -7.43834
v 0.15048 2.91000 -7.41382
v 0.17359 2.93701 -7.39549
v 0.21311 2.93701 -7.40166
v 0.24000 2.65000 -7.10000
v 0.19000 2.91000 -7.42000
v -0.22000 1.95000 -5.88000
v -0.26518 1.94632 -5.78625
v -0.36670 1.94542 -5.76310
v -0.44812 1.94796 -5.82797
v -0.44812 1.95204 -5.93203
v -0.36670 1.95458 -5.99690
v -0.26518 1.95368 -5.97375
v -0.27000 0.93000 -5.92000
v -0.29636 0.92786 -5.86531
v -0.35558 0.92733 -5.85181
v -0.40307 0.92881 -5.88965
v -0.40307 0.93119 -5.95035
v -0.35558 0.93267 -5.98819
v -0.29636 0.93214 -5.97469
v -0.34000 1.95000 -5.88000
v -0.34000 0.93000 -5.92000
v 0.46000 1.95000 -5.88000
v 0.41482 1.94632 -5.78625
v 0.31330 1.94542 -5.76310
v 0.23188 1.94796 -5.82797
v 0.23188 1.95204 -5.93203
v 0.31330 1.95458 -5.99690
v 0.41482 1.95368 -5.97375
v 0.41000 0.93000 -5.92000
v 0.38364 0.92786 -5.86531
v 0.32442 0.92733 -5.85181
v 0.27693 0.92881 -5.88965
v 0.27693 0.93119 -5.95035
v 0.32442 0.93267 -5.98819
v 0.38364 0.93214 -5.97469
v 0.34000 1.95000 -5.88000
v 0.34000 0.93000 -5.92000
v -0.22000 1.95000 -7.25000
v -0.26518 1.94632 -7.15625
v -0.36670 1.94542 -7.13310
v -0.44812 1.94796 -7.19797
v -0.44812 1.95204 -7.30203
v -0.36670 1.95458 -7.36690
v -0.26518 1.95368 -7.34375
v -0.27000 0.93000 -7.29000
v -0.29636 0.92786 -7.23531
v -0.35558 0.92733 -7.22181
v -0.40307 0.92881 -7.25965
v -0.40307 0.93119 -7.32035
v -0.35558 0.93267 -7.35819
v -0.29636 0.93214 -7.34469
v -0.34000 1.95000 -7.25000
v -0.34000 0.93000 -7.29000
v 0.46000 1.95000 -7.25000
v 0.41482 1.94632 -7.15625
v 0.31330 1.94542 -7.13310
v 0.23188 1.94796 -7.19797
v 0.23188 1.95204 -7.30203
v 0.31330 1.95458 -7.36690
v 0.41482 1.95368 -7.34375
v 0.41000 0.93000 -7.29000
v 0.38364 0.92786 -7.23531
v 0.32442 0.92733 -7.22181
v 0.27693 0.92881 -7.25965
v 0.27693 0.93119 -7.32035
v 0.32442 0.93267 -7.35819
v 0.38364 0.93214 -7.34469
v 0.34000 1.95000 -7.25000
v 0.34000 0.93000 -7.29000
v -0.13000 2.27000 -5.57000
v -0.08105 2.18844 -5.63065
v 0.02893 2.16830 -5.64563
v 0.11713 2.22474 -5.60366
v 0.11713 2.31526 -5.53634
v 0.02893 2.37170 -5.49437
v -0.08105 2.35156 -5.50935
v -0.06000 1.98000 -5.18000
v -0.03741 1.94236 -5.20799
v 0.01335 1.93306 -5.21490
v 0.05406 1.95911 -5.19553
v 0.05406 2.00089 -5.16447
v 0.01335 2.02694 -5.14510
v -0.03741 2.01764 -5.15201
v -0.00000 2.27000 -5.57000
v -0.00000 1.98000 -5.18000
v -0.00000 2.54858 -7.11941
v 0.27000 2.54858 -7.02000
v 0.38184 2.54858 -6.78000
v 0.27000 2.54858 -6.54000
v -0.00000 2.54858 -6.44059
v -0.27000 2.54858 -6.54000
v -0.38184 2.54858 -6.78000
v -0.27000 2.54858 -7.02000
v -0.00000 2.69000 -7.26000
v 0.38184 2.69000 -7.11941
v 0.54000 2.69000 -6.78000
v 0.38184 2.69000 -6.44059
v -0.00000 2.69000 -6.30000
v -0.38184 2.69000 -6.44059
v -0.54000 2.69000 -6.78000
v -0.38184 2.69000 -7.11941
v -0.00000 2.83142 -7.11941
v 0.27000 2.83142 -7.02000
v 0.38184 2.83142 -6.78000
v 0.27000 2.83142 -6.54000
v -0.00000 2.83142 -6.44059
v -0.27000 2.83142 -6.54000
v -0.38184 2.83142 -6.78000
v -0.27000 2.83142 -7.02000
v -0.00000 2.49000 -6.78000
v -0.00000 2.89000 -6.78000
v 0.09192 11.65000 0.09192
v 0.06760 11.55815 0.06240
v 0.00367 11.52010 -0.00367
v -0.06240 11.55815 -0.06760
v -0.09192 11.65000 -0.09192
v -0.06760 11.74185 -0.06240
v -0.00367 11.77990 0.00367
v 0.06240 11.74185 0.06760
v 6.25790 12.00000 -6.11647
v 6.23918 11.92935 -6.13918
v 6.19001 11.90008 -6.19001
v 6.13918 11.92935 -6.23918
v 6.11647 12.00000 -6.25790
v 6.13519 12.07065 -6.23519
v 6.18436 12.09992 -6.18436
v 6.23519 12.07065 -6.13519
v 0.00000 11.65000 0.00000
v 6.18718 12.00000 -6.18718
v 4.59266 3.40000 -4.74115
v 4.56190 3.40000 -4.66690
v 4.59266 3.40000 -4.59266
v 4.66690 3.40000 -4.56190
v 4.74115 3.40000 -4.59266
v 4.77190 3.40000 -4.66690
v 4.74115 3.40000 -4.74115
v 4.66690 3.40000 -4.77190
v 4.61387 11.90000 -4.71994
v 4.59190 11.90000 -4.66690
v 4.61387 11.90000 -4.61387
v 4.66690 11.90000 -4.59190
v 4.71994 11.90000 -4.61387
v 4.74190 11.90000 -4.66690
v 4.71994 11.90000 -4.71994
v 4.66690 11.90000 -4.74190
v 4.66690 3.40000 -4.66690
v 4.66690 11.90000 -4.66690
v 4.77690 3.31686 -4.77690
v 4.82247 3.31686 -4.66690
v 4.77690 3.31686 -4.55690
v 4.66690 3.31686 -4.51134
v 4.55690 3.31686 -4.55690
v 4.51134 3.31686 -4.66690
v 4.55690 3.31686 -4.77690
v 4.66690 3.31686 -4.82247
v 4.82247 3.43000 -4.82247
v 4.88690 3.43000 -4.66690
v 4.82247 3.43000 -4.51134
v 4.66690 3.43000 -4.44690
v 4.51134 3.43000 -4.51134
v 4.44690 3.43000 -4.66690
v 4.51134 3.43000 -4.82247
v 4.66690 3.43000 -4.88690
v 4.77690 3.54314 -4.77690
v 4.82247 3.54314 -4.66690
v 4.77690 3.54314 -4.55690
v 4.66690 3.54314 -4.51134
v 4.55690 3.54314 -4.55690
v 4.51134 3.54314 -4.66690
v 4.55690 3.54314 -4.77690
v 4.66690 3.54314 -4.82247
v 4.66690 3.27000 -4.66690
v 4.66690 3.59000 -4.66690
v 5.07349 1.60440 -5.07349
v 5.10598 1.60440 -4.88570
v 4.97076 1.60440 -4.61433
v 4.71947 1.60440 -4.36305
v 4.44811 1.60440 -4.22783
v 4.26032 1.60440 -4.26032
v 4.22783 1.60440 -4.44811
v 4.36305 1.60440 -4.71947
v 4.61433 1.60440 -4.97076
v 4.88570 1.60440 -5.10598
v 5.37113 1.83500 -5.37113
v 5.42741 1.83500 -5.04587
v 5.19320 1.83500 -4.57585
v 4.75796 1.83500 -4.14061
v 4.28794 1.83500 -3.90640
v 3.96268 1.83500 -3.96268
v 3.90640 1.83500 -4.28794
v 4.14061 1.83500 -4.75796
v 4.57585 1.83500 -5.19320
v 5.04587 1.83500 -5.42741
v 5.48008 2.15000 -5.48008
v 5.54506 2.15000 -5.10449
v 5.27461 2.15000 -4.56176
v 4.77204 2.15000 -4.05920
v 4.22932 2.15000 -3.78875
v 3.85373 2.15000 -3.85373
v 3.78875 2.15000 -4.22932
v 4.05920 2.15000 -4.77204
v 4.56176 2.15000 -5.27461
v 5.10449 2.15000 -5.54506
v 5.37113 2.46500 -5.37113
v 5.42741 2.46500 -5.04587
v 5.19320 2.46500 -4.57585
v 4.75796 2.46500 -4.14061
v 4.28794 2.46500 -3.90640
v 3.96268 2.46500 -3.96268
v 3.90640 2.46500 -4.28794
v 4.14061 2.46500 -4.75796
v 4.57585 2.46500 -5.19320
v 5.04587 2.46500 -5.42741
v 5.07349 2.69560 -5.07349
v 5.10598 2.69560 -4.88570
v 4.97076 2.69560 -4.61433
v 4.71947 2.69560 -4.36305
v 4.44811 2.69560 -4.22783
v 4.26032 2.69560 -4.26032
v 4.22783 2.69560 -4.44811
v 4.36305 2.69560 -4.71947
v 4.61433 2.69560 -4.97076
v 4.88570 2.69560 -5.10598
v 4.66690 1.52000 -4.66690
v 4.66690 2.78000 -4.66690
v 5.42130 2.09594 -5.42130
v 5.48185 2.09594 -5.25849
v 5.40467 2.09594 -5.08879
v 5.23498 2.09594 -5.01162
v 5.07217 2.09594 -5.07217
v 5.01162 2.09594 -5.23498
v 5.08879 2.09594 -5.40467
v 5.25849 2.09594 -5.48185
v 5.52918 2.32094 -5.52918
v 5.62715 2.32094 -5.26575
v 5.50228 2.32094 -4.99118
v 5.22771 2.32094 -4.86631
v 4.96428 2.32094 -4.96428
v 4.86631 2.32094 -5.22771
v 4.99118 2.32094 -5.50228
v 5.26575 2.32094 -5.62715
v 5.52918 2.59906 -5.52918
v 5.62715 2.59906 -5.26575
v 5.50228 2.59906 -4.99118
v 5.22771 2.59906 -4.86631
v 4.96428 2.59906 -4.96428
v 4.86631 2.59906 -5.22771
v 4.99118 2.59906 -5.50228
v 5.26575 2.59906 -5.62715
v 5.42130 2.82406 -5.42130
v 5.48185 2.82406 -5.25849
v 5.40467 2.82406 -5.08879
v 5.23498 2.82406 -5.01162
v 5.07217 2.82406 -5.07217
v 5.01162 2.82406 -5.23498
v 5.08879 2.82406 -5.40467
v 5.25849 2.82406 -5.48185
v 5.24673 2.01000 -5.24673
v 5.24673 2.91000 -5.24673
v 4.82954 2.28000 -5.19723
v 4.76330 2.35042 -5.02330
v 4.84356 2.37958 -4.84356
v 5.02330 2.35042 -4.76330
v 5.19723 2.28000 -4.82954
v 5.26347 2.20958 -5.00347
v 5.18321 2.18042 -5.18321
v 5.00347 2.20958 -5.26347
v 5.14067 3.10000 -5.36694
v 5.09990 3.14333 -5.25990
v 5.14929 3.16128 -5.14929
v 5.25990 3.14333 -5.09990
v 5.36694 3.10000 -5.14067
v 5.40770 3.05667 -5.24770
v 5.35831 3.03872 -5.35831
v 5.24770 3.05667 -5.40770
v 5.01339 2.28000 -5.01339
v 5.25380 3.10000 -5.25380
v 5.65005 2.39493 -5.65005
v 5.68516 2.39493 -5.50295
v 5.58771 2.39493 -5.33002
v 5.41478 2.39493 -5.23257
v 5.26768 2.39493 -5.26768
v 5.23257 2.39493 -5.41478
v 5.33002 2.39493 -5.58771
v 5.50295 2.39493 -5.68516
v 5.76821 2.56493 -5.76821
v 5.82502 2.56493 -5.53019
v 5.66734 2.56493 -5.25039
v 5.38754 2.56493 -5.09271
v 5.14952 2.56493 -5.14952
v 5.09271 2.56493 -5.38754
v 5.25039 2.56493 -5.66734
v 5.53019 2.56493 -5.82502
v 5.76821 2.77507 -5.76821
v 5.82502 2.77507 -5.53019
v 5.66734 2.77507 -5.25039
v 5.38754 2.77507 -5.09271
v 5.14952 2.77507 -5.14952
v 5.09271 2.77507 -5.38754
v 5.25039 2.77507 -5.66734
v 5.53019 2.77507 -5.82502
v 5.65005 2.94507 -5.65005
v 5.68516 2.94507 -5.50295
v 5.58771 2.94507 -5.33002
v 5.41478 2.94507 -5.23257
v 5.26768 2.94507 -5.26768
v 5.23257 2.94507 -5.41478
v 5.33002 2.94507 -5.58771
v 5.50295 2.94507 -5.68516
v 5.45886 2.33000 -5.45886
v 5.45886 3.01000 -5.45886
v 5.84342 2.43858 -5.84342
v 5.89374 2.43858 -5.71696
v 5.83842 2.43858 -5.58842
v 5.70989 2.43858 -5.53311
v 5.58342 2.43858 -5.58342
v 5.53311 2.43858 -5.70989
v 5.58842 2.43858 -5.83842
v 5.71696 2.43858 -5.89374
v 5.89727 2.58000 -5.89727
v 5.96842 2.58000 -5.71842
v 5.89020 2.58000 -5.53665
v 5.70842 2.58000 -5.45842
v 5.52958 2.58000 -5.52958
v 5.45842 2.58000 -5.70842
v 5.53665 2.58000 -5.89020
v 5.71842 2.58000 -5.96842
v 5.84342 2.72142 -5.84342
v 5.89374 2.72142 -5.71696
v 5.83842 2.72142 -5.58842
v 5.70989 2.72142 -5.53311
v 5.58342 2.72142 -5.58342
v 5.53311 2.72142 -5.70989
v 5.58842 2.72142 -5.83842
v 5.71696 2.72142 -5.89374
v 5.71342 2.38000 -5.71342
v 5.71342 2.78000 -5.71342
v 5.44845 2.79808 -5.44845
v 5.52250 2.79808 -5.23966
v 5.41845 2.79808 -5.01845
v 5.19723 2.79808 -4.91439
v 4.98845 2.79808 -4.98845
v 4.91439 2.79808 -5.19723
v 5.01845 2.79808 -5.41845
v 5.23966 2.79808 -5.52250
v 5.54372 2.89000 -5.54372
v 5.64845 2.89000 -5.24845
v 5.50129 2.89000 -4.93561
v 5.18845 2.89000 -4.78845
v 4.89318 2.89000 -4.89318
v 4.78845 2.89000 -5.18845
v 4.93561 2.89000 -5.50129
v 5.24845 2.89000 -5.64845
v 5.44845 2.98192 -5.44845
v 5.52250 2.98192 -5.23966
v 5.41845 2.98192 -5.01845
v 5.19723 2.98192 -4.91439
v 4.98845 2.98192 -4.98845
v 4.91439 2.98192 -5.19723
v 5.01845 2.98192 -5.41845
v 5.23966 2.98192 -5.52250
v 5.21845 2.76000 -5.21845
v 5.21845 3.02000 -5.21845
v 4.89791 2.65000 -5.12554
v 4.90937 2.59597 -5.18342
v 4.86221 2.59597 -5.24804
v 4.80359 2.65000 -5.25479
v 4.79214 2.70403 -5.19691
v 4.83930 2.70403 -5.13229
v 5.13596 2.91000 -5.34877
v 5.14169 2.88299 -5.37771
v 5.11811 2.88299 -5.41002
v 5.08880 2.91000 -5.41339
v 5.08308 2.93701 -5.38446
v 5.10665 2.93701 -5.35214
v 4.85075 2.65000 -5.19016
v 5.11238 2.91000 -5.38108
v 5.25479 2.65000 -4.80359
v 5.24804 2.59597 -4.86221
v 5.18342 2.59597 -4.90937
v 5.12554 2.65000 -4.89791
v 5.13229 2.70403 -4.83930
v 5.19691 2.70403 -4.79214
v 5.41339 2.91000 -5.08880
v 5.41002 2.88299 -5.11811
v 5.37771 2.88299 -5.14169
v 5.34877 2.91000 -5.13596
v 5.35214 2.93701 -5.10665
v 5.38446 2.93701 -5.08308
v 5.19016 2.65000 -4.85075
v 5.38108 2.91000 -5.11238
v 4.00222 1.95000 -4.31335
v 3.90399 1.94632 -4.27901
v 3.81583 1.94542 -4.33442
v 3.80413 1.94796 -4.43787
v 3.87771 1.95204 -4.51144
v 3.98115 1.95458 -4.49975
v 4.03657 1.95368 -4.41159
v 3.99515 0.93000 -4.37699
v 3.93785 0.92786 -4.35696
v 3.88642 0.92733 -4.38928
v 3.87960 0.92881 -4.44962
v 3.92252 0.93119 -4.49254
v 3.98286 0.93267 -4.48572
v 4.01519 0.93214 -4.43430
v 3.91737 1.95000 -4.39820
v 3.94566 0.93000 -4.42649
v 4.48306 1.95000 -3.83252
v 4.38482 1.94632 -3.79818
v 4.29666 1.94542 -3.85359
v 4.28497 1.94796 -3.95703
v 4.35854 1.95204 -4.03061
v 4.46198 1.95458 -4.01891
v 4.51740 1.95368 -3.93076
v 4.47599 0.93000 -3.89616
v 4.41868 0.92786 -3.87613
v 4.36725 0.92733 -3.90845
v 4.36043 0.92881 -3.96879
v 4.40335 0.93119 -4.01171
v 4.46369 0.93267 -4.00489
v 4.49602 0.93214 -3.95346
v 4.39820 1.95000 -3.91737
v 4.42649 0.93000 -3.94566
v 4.97096 1.95000 -5.28209
v 4.87272 1.94632 -5.24775
v 4.78456 1.94542 -5.30316
v 4.77287 1.94796 -5.40660
v 4.84645 1.95204 -5.48018
v 4.94989 1.95458 -5.46848
v 5.00530 1.95368 -5.38033
v 4.96389 0.93000 -5.34573
v 4.90658 0.92786 -5.32569
v 4.85516 0.92733 -5.35802
v 4.84834 0.92881 -5.41836
v 4.89126 0.93119 -5.46128
v 4.95160 0.93267 -5.45446
v 4.98392 0.93214 -5.40303
v 4.88611 1.95000 -5.36694
v 4.91439 0.93000 -5.39522
v 5.45179 1.95000 -4.80126
v 5.35356 1.94632 -4.76691
v 5.26540 1.94542 -4.82233
v 5.25370 1.94796 -4.92577
v 5.32728 1.95204 -4.99935
v 5.43072 1.95458 -4.98765
v 5.48613 1.95368 -4.89949
v 5.44472 0.93000 -4.86489
v 5.38742 0.92786 -4.84486
v 5.33599 0.92733 -4.87719
v 5.32917 0.92881 -4.93753
v 5.37209 0.93119 -4.98045
v 5.43243 0.93267 -4.97363
v 5.46475 0.93214 -4.92220
v 5.36694 1.95000 -4.88611
v 5.39522 0.93000 -4.91439
v 3.84666 2.27000 -4.03051
v 3.92416 2.18844 -4.03878
v 4.01252 2.16830 -3.97161
v 4.04520 2.22474 -3.87956
v 3.99761 2.31526 -3.83197
v 3.90556 2.37170 -3.86465
v 3.83839 2.35156 -3.95301
v 3.62039 1.98000 -3.70524
v 3.65615 1.94236 -3.70906
v 3.69694 1.93306 -3.67805
v 3.71202 1.95911 -3.63557
v 3.69005 2.00089 -3.61360
v 3.64757 2.02694 -3.62869
v 3.61657 2.01764 -3.66947
v 3.93858 2.27000 -3.93858
v 3.66281 1.98000 -3.66281
v 5.03418 2.54858 -5.03418
v 5.15481 2.54858 -4.77297
v 5.06418 2.54858 -4.52418
v 4.81540 2.54858 -4.43356
v 4.55418 2.54858 -4.55418
v 4.43356 2.54858 -4.81540
v 4.52418 2.54858 -5.06418
v 4.77297 2.54858 -5.15481
v 5.13360 2.69000 -5.13360
v 5.30418 2.69000 -4.76418
v 5.17602 2.69000 -4.41235
v 4.82418 2.69000 -4.28418
v 4.45477 2.69000 -4.45477
v 4.28418 2.69000 -4.82418
v 4.41235 2.69000 -5.17602
v 4.76418 2.69000 -5.30418
v 5.03418 2.83142 -5.03418
v 5.15481 2.83142 -4.77297
v 5.06418 2.83142 -4.52418
v 4.81540 2.83142 -4.43356
v 4.55418 2.83142 -4.55418
v 4.43356 2.83142 -4.81540
v 4.52418 2.83142 -5.06418
v 4.77297 2.83142 -5.15481
v 4.79418 2.49000 -4.79418
v 4.79418 2.89000 -4.79418
usemtl coral
f 33 34 2 1
f 34 35 3 2
f 35 36 4 3
f 36 37 5 4
f 37 38 6 5
f 38 39 7 6
f 39 40 8 7
f 40 41 9 8
f 41 42 10 9
f 42 43 11 10
f 43 44 12 11
f 44 45 13 12
f 45 46 14 13
f 46 47 15 14
f 47 48 16 15
f 48 49 17 16
f 49 50 18 17
f 50 51 19 18
f 51 52 20 19
f 52 53 21 20
f 53 54 22 21
f 54 55 23 22
f 55 56 24 23
f 56 57 25 24
f 57 58 26 25
f 58 59 27 26
f 59 60 28 27
f 60 61 29 28
f 61 62 30 29
f 62 63 31 30
f 63 64 32 31
f 64 33 1 32
f 161 162 130 129
f 162 163 131 130
f 163 164 132 131
f 164 165 133 132
f 165 166 134 133
f 166 167 135 134
f 167 168 136 135
f 168 169 137 136
f 169 170 138 137
f 170 171 139 138
f 171 172 140 139
f 172 173 141 140
f 173 174 142 141
f 174 175 143 142
f 175 176 144 143
f 176 177 145 144
f 177 178 146 145
f 178 179 147 146
f 179 180 148 147
f 180 181 149 148
f 181 182 150 149
f 182 183 151 150
f 183 184 152 151
f 184 185 153 152
f 185 186 154 153
f 186 187 155 154
f 187 188 156 155
f 188 189 157 156
f 189 190 158 157
f 190 191 159 158
f 191 192 160 159
f 192 161 129 160
f 545 546 552 551
f 546 547 553 552
f 547 548 554 553
f 548 549 555 554
f 549 550 556 555
f 550 545 551 556
f 551 552 558 557
f 552 553 559 558
f 553 554 560 559
f 554 555 561 560
f 555 556 562 561
f 556 551 557 562
f 557 558 564 563
f 558 559 565 564
f 559 560 566 565
f 560 561 567 566
f 561 562 568 567
f 562 557 563 568
f 563 564 570 569
f 564 565 571 570
f 565 566 572 571
f 566 567 573 572
f 567 568 574 573
f 568 563 569 574
f 569 570 576 575
f 570 571 577 576
f 571 572 578 577
f 572 573 579 578
f 573 574 580 579
f 574 569 575 580
f 575 576 582 581
f 576 577 583 582
f 577 578 584 583
f 578 579 585 584
f 579 580 586 585
f 580 575 581 586
f 581 582 588 587
f 582 583 589 588
f 583 584 590 589
f 584 585 591 590
f 585 586 592 591
f 586 581 587 592
f 587 588 594 593
f 588 589 595 594
f 589 590 596 595
f 590 591 597 596
f 591 592 598 597
f 592 587 593 598
f 593 594 600 599
f 594 595 601 600
f 595 596 602 601
f 596 597 603 602
f 597 598 604 603
f 598 593 599 604
f 599 600 606 605
f 600 601 607 606
f 601 602 608 607
f 602 603 609 608
f 603 604 610 609
f 604 599 605 610
f 605 606 612 611
f 606 607 613 612
f 607 608 614 613
f 608 609 615 614
f 609 610 616 615
f 610 605 611 616
f 611 612 618 617
f 612 613 619 618
f 613 614 620 619
f 614 615 621 620
f 615 616 622 621
f 616 611 617 622
f 617 618 624 623
f 618 619 625 624
f 619 620 626 625
f 620 621 627 626
f 621 622 628 627
f 622 617 623 628
f 623 624 630 629
f 624 625 631 630
f 625 626 632 631
f 626 627 633 632
f 627 628 634 633
f 628 623 629 634
f 629 630 636 635
f 630 631 637 636
f 631 632 638 637
f 632 633 639 638
f 633 634 640 639
f 634 629 635 640
f 635 636 642 641
f 636 637 643 642
f 637 638 644 643
f 638 639 645 644
f 639 640 646 645
f 640 635 641 646
f 641 642 648 647
f 642 643 649 648
f 643 644 650 649
f 644 645 651 650
f 645 646 652 651
f 646 641 647 652
f 647 648 654 653
f 648 649 655 654
f 649 650 656 655
f 650 651 657 656
f 651 652 658 657
f 652 647 653 658
f 653 654 660 659
f 654 655 661 660
f 655 656 662 661
f 656 657 663 662
f 657 658 664 663
f 658 653 659 664
f 659 660 666 665
f 660 661 667 666
f 661 662 668 667
f 662 663 669 668
f 663 664 670 669
f 664 659 665 670
f 665 666 672 671
f 666 667 673 672
f 667 668 674 673
f 668 669 675 674
f 669 670 676 675
f 670 665 671 676
f 671 672 678 677
f 672 673 679 678
f 673 674 680 679
f 674 675 681 680
f 675 676 682 681
f 676 671 677 682
f 677 678 684 683
f 678 679 685 684
f 679 680 686 685
f 680 681 687 686
f 681 682 688 687
f 682 677 683 688
f 683 684 690 689
f 684 685 691 690
f 685 686 692 691
f 686 687 693 692
f 687 688 694 693
f 688 683 689 694
f 689 690 696 695
f 690 691 697 696
f 691 692 698 697
f 692 693 699 698
f 693 694 700 699
f 694 689 695 700
f 695 696 702 701
f 696 697 703 702
f 697 698 704 703
f 698 699 705 704
f 699 700 706 705
f 700 695 701 706
f 701 702 708 707
f 702 703 709 708
f 703 704 710 709
f 704 705 711 710
f 705 706 712 711
f 706 701 707 712
f 707 708 714 713
f 708 709 715 714
f 709 710 716 715
f 710 711 717 716
f 711 712 718 717
f 712 707 713 718
f 713 714 720 719
f 714 715 721 720
f 715 716 722 721
f 716 717 723 722
f 717 718 724 723
f 718 713 719 724
f 719 720 726 725
f 720 721 727 726
f 721 722 728 727
f 722 723 729 728
f 723 724 730 729
f 724 719 725 730
f 725 726 732 731
f 726 727 733 732
f 727 728 734 733
f 728 729 735 734
f 729 730 736 735
f 730 725 731 736
f 731 732 546 545
f 732 733 547 546
f 733 734 548 547
f 734 735 549 548
f 735 736 550 549
f 736 731 545 550
f 991 992 1041
f 1032 1031 1042
f 992 993 1041
f 1033 1032 1042
f 993 994 1041
f 1034 1033 1042
f 994 995 1041
f 1035 1034 1042
f 995 996 1041
f 1036 1035 1042
f 996 997 1041
f 1037 1036 1042
f 997 998 1041
f 1038 1037 1042
f 998 999 1041
f 1039 1038 1042
f 999 1000 1041
f 1040 1039 1042
f 1000 991 1041
f 1031 1040 1042
f 1001 1002 992 991
f 1002 1003 993 992
f 1003 1004 994 993
f 1004 1005 995 994
f 1005 1006 996 995
f 1006 1007 997 996
f 1007 1008 998 997
f 1008 1009 999 998
f 1009 1010 1000 999
f 1010 1001 991 1000
f 1011 1012 1002 1001
f 1012 1013 1003 1002
f 1013 1014 1004 1003
f 1014 1015 1005 1004
f 1015 1016 1006 1005
f 1016 1017 1007 1006
f 1017 1018 1008 1007
f 1018 1019 1009 1008
f 1019 1020 1010 1009
f 1020 1011 1001 1010
f 1021 1022 1012 1011
f 1022 1023 1013 1012
f 1023 1024 1014 1013
f 1024 1025 1015 1014
f 1025 1026 1016 1015
f 1026 1027 1017 1016
f 1027 1028 1018 1017
f 1028 1029 1019 1018
f 1029 1030 1020 1019
f 1030 1021 1011 1020
f 1031 1032 1022 1021
f 1032 1033 1023 1022
f 1033 1034 1024 1023
f 1034 1035 1025 1024
f 1035 1036 1026 1025
f 1036 1037 1027 1026
f 1037 1038 1028 1027
f 1038 1039 1029 1028
f 1039 1040 1030 1029
f 1040 1031 1021 1030
f 1077 1078 1086 1085
f 1093 1078 1077
f 1094 1085 1086
f 1078 1079 1087 1086
f 1093 1079 1078
f 1094 1086 1087
f 1079 1080 1088 1087
f 1093 1080 1079
f 1094 1087 1088
f 1080 1081 1089 1088
f 1093 1081 1080
f 1094 1088 1089
f 1081 1082 1090 1089
f 1093 1082 1081
f 1094 1089 1090
f 1082 1083 1091 1090
f 1093 1083 1082
f 1094 1090 1091
f 1083 1084 1092 1091
f 1093 1084 1083
f 1094 1091 1092
f 1084 1077 1085 1092
f 1093 1077 1084
f 1094 1092 1085
f 1095 1096 1127
f 1120 1119 1128
f 1096 1097 1127
f 1121 1120 1128
f 1097 1098 1127
f 1122 1121 1128
f 1098 1099 1127
f 1123 1122 1128
f 1099 1100 1127
f 1124 1123 1128
f 1100 1101 1127
f 1125 1124 1128
f 1101 1102 1127
f 1126 1125 1128
f 1102 1095 1127
f 1119 1126 1128
f 1103 1104 1096 1095
f 1104 1105 1097 1096
f 1105 1106 1098 1097
f 1106 1107 1099 1098
f 1107 1108 1100 1099
f 1108 1109 1101 1100
f 1109 1110 1102 1101
f 1110 1103 1095 1102
f 1111 1112 1104 1103
f 1112 1113 1105 1104
f 1113 1114 1106 1105
f 1114 1115 1107 1106
f 1115 1116 1108 1107
f 1116 1117 1109 1108
f 1117 1118 1110 1109
f 1118 1111 1103 1110
f 1119 1120 1112 1111
f 1120 1121 1113 1112
f 1121 1122 1114 1113
f 1122 1123 1115 1114
f 1123 1124 1116 1115
f 1124 1125 1117 1116
f 1125 1126 1118 1117
f 1126 1119 1111 1118
f 1155 1156 1179
f 1172 1171 1180
f 1156 1157 1179
f 1173 1172 1180
f 1157 1158 1179
f 1174 1173 1180
f 1158 1159 1179
f 1175 1174 1180
f 1159 1160 1179
f 1176 1175 1180
f 1160 1161 1179
f 1177 1176 1180
f 1161 1162 1179
f 1178 1177 1180
f 1162 1155 1179
f 1171 1178 1180
f 1163 1164 1156 1155
f 1164 1165 1157 1156
f 1165 1166 1158 1157
f 1166 1167 1159 1158
f 1167 1168 1160 1159
f 1168 1169 1161 1160
f 1169 1170 1162 1161
f 1170 1163 1155 1162
f 1171 1172 1164 1163
f 1172 1173 1165 1164
f 1173 1174 1166 1165
f 1174 1175 1167 1166
f 1175 1176 1168 1167
f 1176 1177 1169 1168
f 1177 1178 1170 1169
f 1178 1171 1163 1170
f 1209 1210 1217 1216
f 1223 1210 1209
f 1224 1216 1217
f 1210 1211 1218 1217
f 1223 1211 1210
f 1224 1217 1218
f 1211 1212 1219 1218
f 1223 1212 1211
f 1224 1218 1219
f 1212 1213 1220 1219
f 1223 1213 1212
f 1224 1219 1220
f 1213 1214 1221 1220
f 1223 1214 1213
f 1224 1220 1221
f 1214 1215 1222 1221
f 1223 1215 1214
f 1224 1221 1222
f 1215 1209 1216 1222
f 1223 1209 1215
f 1224 1222 1216
f 1225 1226 1233 1232
f 1239 1226 1225
f 1240 1232 1233
f 1226 1227 1234 1233
f 1239 1227 1226
f 1240 1233 1234
f 1227 1228 1235 1234
f 1239 1228 1227
f 1240 1234 1235
f 1228 1229 1236 1235
f 1239 1229 1228
f 1240 1235 1236
f 1229 1230 1237 1236
f 1239 1230 1229
f 1240 1236 1237
f 1230 1231 1238 1237
f 1239 1231 1230
f 1240 1237 1238
f 1231 1225 1232 1238
f 1239 1225 1231
f 1240 1238 1232
f 1241 1242 1249 1248
f 1255 1242 1241
f 1256 1248 1249
f 1242 1243 1250 1249
f 1255 1243 1242
f 1256 1249 1250
f 1243 1244 1251 1250
f 1255 1244 1243
f 1256 1250 1251
f 1244 1245 1252 1251
f 1255 1245 1244
f 1256 1251 1252
f 1245 1246 1253 1252
f 1255 1246 1245
f 1256 1252 1253
f 1246 1247 1254 1253
f 1255 1247 1246
f 1256 1253 1254
f 1247 1241 1248 1254
f 1255 1241 1247
f 1256 1254 1248
f 1257 1258 1265 1264
f 1271 1258 1257
f 1272 1264 1265
f 1258 1259 1266 1265
f 1271 1259 1258
f 1272 1265 1266
f 1259 1260 1267 1266
f 1271 1260 1259
f 1272 1266 1267
f 1260 1261 1268 1267
f 1271 1261 1260
f 1272 1267 1268
f 1261 1262 1269 1268
f 1271 1262 1261
f 1272 1268 1269
f 1262 1263 1270 1269
f 1271 1263 1262
f 1272 1269 1270
f 1263 1257 1264 1270
f 1271 1257 1263
f 1272 1270 1264
f 1541 1542 1565
f 1558 1557 1566
f 1542 1543 1565
f 1559 1558 1566
f 1543 1544 1565
f 1560 1559 1566
f 1544 1545 1565
f 1561 1560 1566
f 1545 1546 1565
f 1562 1561 1566
f 1546 1547 1565
f 1563 1562 1566
f 1547 1548 1565
f 1564 1563 1566
f 1548 1541 1565
f 1557 1564 1566
f 1549 1550 1542 1541
f 1550 1551 1543 1542
f 1551 1552 1544 1543
f 1552 1553 1545 1544
f 1553 1554 1546 1545
f 1554 1555 1547 1546
f 1555 1556 1548 1547
f 1556 1549 1541 1548
f 1557 1558 1550 1549
f 1558 1559 1551 1550
f 1559 1560 1552 1551
f 1560 1561 1553 1552
f 1561 1562 1554 1553
f 1562 1563 1555 1554
f 1563 1564 1556 1555
f 1564 1557 1549 1556
f 1763 1764 1813
f 1804 1803 1814
f 1764 1765 1813
f 1805 1804 1814
f 1765 1766 1813
f 1806 1805 1814
f 1766 1767 1813
f 1807 1806 1814
f 1767 1768 1813
f 1808 1807 1814
f 1768 1769 1813
f 1809 1808 1814
f 1769 1770 1813
f 1810 1809 1814
f 1770 1771 1813
f 1811 1810 1814
f 1771 1772 1813
f 1812 1811 1814
f 1772 1763 1813
f 1803 1812 1814
f 1773 1774 1764 1763
f 1774 1775 1765 1764
f 1775 1776 1766 1765
f 1776 1777 1767 1766
f 1777 1778 1768 1767
f 1778 1779 1769 1768
f 1779 1780 1770 1769
f 1780 1781 1771 1770
f 1781 1782 1772 1771
f 1782 1773 1763 1772
f 1783 1784 1774 1773
f 1784 1785 1775 1774
f 1785 1786 1776 1775
f 1786 1787 1777 1776
f 1787 1788 1778 1777
f 1788 1789 1779 1778
f 1789 1790 1780 1779
f 1790 1791 1781 1780
f 1791 1792 1782 1781
f 1792 1783 1773 1782
f 1793 1794 1784 1783
f 1794 1795 1785 1784
f 1795 1796 1786 1785
f 1796 1797 1787 1786
f 1797 1798 1788 1787
f 1798 1799 1789 1788
f 1799 1800 1790 1789
f 1800 1801 1791 1790
f 1801 1802 1792 1791
f 1802 1793 1783 1792
f 1803 1804 1794 1793
f 1804 1805 1795 1794
f 1805 1806 1796 1795
f 1806 1807 1797 1796
f 1807 1808 1798 1797
f 1808 1809 1799 1798
f 1809 1810 1800 1799
f 1810 1811 1801 1800
f 1811 1812 1802 1801
f 1812 1803 1793 1802
f 1849 1850 1858 1857
f 1865 1850 1849
f 1866 1857 1858
f 1850 1851 1859 1858
f 1865 1851 1850
f 1866 1858 1859
f 1851 1852 1860 1859
f 1865 1852 1851
f 1866 1859 1860
f 1852 1853 1861 1860
f 1865 1853 1852
f 1866 1860 1861
f 1853 1854 1862 1861
f 1865 1854 1853
f 1866 1861 1862
f 1854 1855 1863 1862
f 1865 1855 1854
f 1866 1862 1863
f 1855 1856 1864 1863
f 1865 1856 1855
f 1866 1863 1864
f 1856 1849 1857 1864
f 1865 1849 1856
f 1866 1864 1857
f 1867 1868 1899
f 1892 1891 1900
f 1868 1869 1899
f 1893 1892 1900
f 1869 1870 1899
f 1894 1893 1900
f 1870 1871 1899
f 1895 1894 1900
f 1871 1872 1899
f 1896 1895 1900
f 1872 1873 1899
f 1897 1896 1900
f 1873 1874 1899
f 1898 1897 1900
f 1874 1867 1899
f 1891 1898 1900
f 1875 1876 1868 1867
f 1876 1877 1869 1868
f 1877 1878 1870 1869
f 1878 1879 1871 1870
f 1879 1880 1872 1871
f 1880 1881 1873 1872
f 1881 1882 1874 1873
f 1882 1875 1867 1874
f 1883 1884 1876 1875
f 1884 1885 1877 1876
f 1885 1886 1878 1877
f 1886 1887 1879 1878
f 1887 1888 1880 1879
f 1888 1889 1881 1880
f 1889 1890 1882 1881
f 1890 1883 1875 1882
f 1891 1892 1884 1883
f 1892 1893 1885 1884
f 1893 1894 1886 1885
f 1894 1895 1887 1886
f 1895 1896 1888 1887
f 1896 1897 1889 1888
f 1897 1898 1890 1889
f 1898 1891 1883 1890
f 1927 1928 1951
f 1944 1943 1952
f 1928 1929 1951
f 1945 1944 1952
f 1929 1930 1951
f 1946 1945 1952
f 1930 1931 1951
f 1947 1946 1952
f 1931 1932 1951
f 1948 1947 1952
f 1932 1933 1951
f 1949 1948 1952
f 1933 1934 1951
f 1950 1949 1952
f 1934 1927 1951
f 1943 1950 1952
f 1935 1936 1928 1927
f 1936 1937 1929 1928
f 1937 1938 1930 1929
f 1938 1939 1931 1930
f 1939 1940 1932 1931
f 1940 1941 1933 1932
f 1941 1942 1934 1933
f 1942 1935 1927 1934
f 1943 1944 1936 1935
f 1944 1945 1937 1936
f 1945 1946 1938 1937
f 1946 1947 1939 1938
f 1947 1948 1940 1939
f 1948 1949 1941 1940
f 1949 1950 1942 1941
f 1950 1943 1935 1942
f 1981 1982 1989 1988
f 1995 1982 1981
f 1996 1988 1989
f 1982 1983 1990 1989
f 1995 1983 1982
f 1996 1989 1990
f 1983 1984 1991 1990
f 1995 1984 1983
f 1996 1990 1991
f 1984 1985 1992 1991
f 1995 1985 1984
f 1996 1991 1992
f 1985 1986 1993 1992
f 1995 1986 1985
f 1996 1992 1993
f 1986 1987 1994 1993
f 1995 1987 1986
f 1996 1993 1994
f 1987 1981 1988 1994
f 1995 1981 1987
f 1996 1994 1988
f 1997 1998 2005 2004
f 2011 1998 1997
f 2012 2004 2005
f 1998 1999 2006 2005
f 2011 1999 1998
f 2012 2005 2006
f 1999 2000 2007 2006
f 2011 2000 1999
f 2012 2006 2007
f 2000 2001 2008 2007
f 2011 2001 2000
f 2012 2007 2008
f 2001 2002 2009 2008
f 2011 2002 2001
f 2012 2008 2009
f 2002 2003 2010 2009
f 2011 2003 2002
f 2012 2009 2010
f 2003 1997 2004 2010
f 2011 1997 2003
f 2012 2010 2004
f 2013 2014 2021 2020
f 2027 2014 2013
f 2028 2020 2021
f 2014 2015 2022 2021
f 2027 2015 2014
f 2028 2021 2022
f 2015 2016 2023 2022
f 2027 2016 2015
f 2028 2022 2023
f 2016 2017 2024 2023
f 2027 2017 2016
f 2028 2023 2024
f 2017 2018 2025 2024
f 2027 2018 2017
f 2028 2024 2025
f 2018 2019 2026 2025
f 2027 2019 2018
f 2028 2025 2026
f 2019 2013 2020 2026
f 2027 2013 2019
f 2028 2026 2020
f 2029 2030 2037 2036
f 2043 2030 2029
f 2044 2036 2037
f 2030 2031 2038 2037
f 2043 2031 2030
f 2044 2037 2038
f 2031 2032 2039 2038
f 2043 2032 2031
f 2044 2038 2039
f 2032 2033 2040 2039
f 2043 2033 2032
f 2044 2039 2040
f 2033 2034 2041 2040
f 2043 2034 2033
f 2044 2040 2041
f 2034 2035 2042 2041
f 2043 2035 2034
f 2044 2041 2042
f 2035 2029 2036 2042
f 2043 2029 2035
f 2044 2042 2036
f 2313 2314 2337
f 2330 2329 2338
f 2314 2315 2337
f 2331 2330 2338
f 2315 2316 2337
f 2332 2331 2338
f 2316 2317 2337
f 2333 2332 2338
f 2317 2318 2337
f 2334 2333 2338
f 2318 2319 2337
f 2335 2334 2338
f 2319 2320 2337
f 2336 2335 2338
f 2320 2313 2337
f 2329 2336 2338
f 2321 2322 2314 2313
f 2322 2323 2315 2314
f 2323 2324 2316 2315
f 2324 2325 2317 2316
f 2325 2326 2318 2317
f 2326 2327 2319 2318
f 2327 2328 2320 2319
f 2328 2321 2313 2320
f 2329 2330 2322 2321
f 2330 2331 2323 2322
f 2331 2332 2324 2323
f 2332 2333 2325 2324
f 2333 2334 2326 2325
f 2334 2335 2327 2326
f 2335 2336 2328 2327
f 2336 2329 2321 2328
f 2535 2536 2585
f 2576 2575 2586
f 2536 2537 2585
f 2577 2576 2586
f 2537 2538 2585
f 2578 2577 2586
f 2538 2539 2585
f 2579 2578 2586
f 2539 2540 2585
f 2580 2579 2586
f 2540 2541 2585
f 2581 2580 2586
f 2541 2542 2585
f 2582 2581 2586
f 2542 2543 2585
f 2583 2582 2586
f 2543 2544 2585
f 2584 2583 2586
f 2544 2535 2585
f 2575 2584 2586
f 2545 2546 2536 2535
f 2546 2547 2537 2536
f 2547 2548 2538 2537
f 2548 2549 2539 2538
f 2549 2550 2540 2539
f 2550 2551 2541 2540
f 2551 2552 2542 2541
f 2552 2553 2543 2542
f 2553 2554 2544 2543
f 2554 2545 2535 2544
f 2555 2556 2546 2545
f 2556 2557 2547 2546
f 2557 2558 2548 2547
f 2558 2559 2549 2548
f 2559 2560 2550 2549
f 2560 2561 2551 2550
f 2561 2562 2552 2551
f 2562 2563 2553 2552
f 2563 2564 2554 2553
f 2564 2555 2545 2554
f 2565 2566 2556 2555
f 2566 2567 2557 2556
f 2567 2568 2558 2557
f 2568 2569 2559 2558
f 2569 2570 2560 2559
f 2570 2571 2561 2560
f 2571 2572 2562 2561
f 2572 2573 2563 2562
f 2573 2574 2564 2563
f 2574 2565 2555 2564
f 2575 2576 2566 2565
f 2576 2577 2567 2566
f 2577 2578 2568 2567
f 2578 2579 2569 2568
f 2579 2580 2570 2569
f 2580 2581 2571 2570
f 2581 2582 2572 2571
f 2582 2583 2573 2572
f 2583 2584 2574 2573
f 2584 2575 2565 2574
f 2621 2622 2630 2629
f 2637 2622 2621
f 2638 2629 2630
f 2622 2623 2631 2630
f 2637 2623 2622
f 2638 2630 2631
f 2623 2624 2632 2631
f 2637 2624 2623
f 2638 2631 2632
f 2624 2625 2633 2632
f 2637 2625 2624
f 2638 2632 2633
f 2625 2626 2634 2633
f 2637 2626 2625
f 2638 2633 2634
f 2626 2627 2635 2634
f 2637 2627 2626
f 2638 2634 2635
f 2627 2628 2636 2635
f 2637 2628 2627
f 2638 2635 2636
f 2628 2621 2629 2636
f 2637 2621 2628
f 2638 2636 2629
f 2639 2640 2671
f 2664 2663 2672
f 2640 2641 2671
f 2665 2664 2672
f 2641 2642 2671
f 2666 2665 2672
f 2642 2643 2671
f 2667 2666 2672
f 2643 2644 2671
f 2668 2667 2672
f 2644 2645 2671
f 2669 2668 2672
f 2645 2646 2671
f 2670 2669 2672
f 2646 2639 2671
f 2663 2670 2672
f 2647 2648 2640 2639
f 2648 2649 2641 2640
f 2649 2650 2642 2641
f 2650 2651 2643 2642
f 2651 2652 2644 2643
f 2652 2653 2645 2644
f 2653 2654 2646 2645
f 2654 2647 2639 2646
f 2655 2656 2648 2647
f 2656 2657 2649 2648
f 2657 2658 2650 2649
f 2658 2659 2651 2650
f 2659 2660 2652 2651
f 2660 2661 2653 2652
f 2661 2662 2654 2653
f 2662 2655 2647 2654
f 2663 2664 2656 2655
f 2664 2665 2657 2656
f 2665 2666 2658 2657
f 2666 2667 2659 2658
f 2667 2668 2660 2659
f 2668 2669 2661 2660
f 2669 2670 2662 2661
f 2670 2663 2655 2662
f 2699 2700 2723
f 2716 2715 2724
f 2700 2701 2723
f 2717 2716 2724
f 2701 2702 2723
f 2718 2717 2724
f 2702 2703 2723
f 2719 2718 2724
f 2703 2704 2723
f 2720 2719 2724
f 2704 2705 2723
f 2721 2720 2724
f 2705 2706 2723
f 2722 2721 2724
f 2706 2699 2723
f 2715 2722 2724
f 2707 2708 2700 2699
f 2708 2709 2701 2700
f 2709 2710 2702 2701
f 2710 2711 2703 2702
f 2711 2712 2704 2703
f 2712 2713 2705 2704
f 2713 2714 2706 2705
f 2714 2707 2699 2706
f 2715 2716 2708 2707
f 2716 2717 2709 2708
f 2717 2718 2710 2709
f 2718 2719 2711 2710
f 2719 2720 2712 2711
f 2720 2721 2713 2712
f 2721 2722 2714 2713
f 2722 2715 2707 2714
f 2753 2754 2761 2760
f 2767 2754 2753
f 2768 2760 2761
f 2754 2755 2762 2761
f 2767 2755 2754
f 2768 2761 2762
f 2755 2756 2763 2762
f 2767 2756 2755
f 2768 2762 2763
f 2756 2757 2764 2763
f 2767 2757 2756
f 2768 2763 2764
f 2757 2758 2765 2764
f 2767 2758 2757
f 2768 2764 2765
f 2758 2759 2766 2765
f 2767 2759 2758
f 2768 2765 2766
f 2759 2753 2760 2766
f 2767 2753 2759
f 2768 2766 2760
f 2769 2770 2777 2776
f 2783 2770 2769
f 2784 2776 2777
f 2770 2771 2778 2777
f 2783 2771 2770
f 2784 2777 2778
f 2771 2772 2779 2778
f 2783 2772 2771
f 2784 2778 2779
f 2772 2773 2780 2779
f 2783 2773 2772
f 2784 2779 2780
f 2773 2774 2781 2780
f 2783 2774 2773
f 2784 2780 2781
f 2774 2775 2782 2781
f 2783 2775 2774
f 2784 2781 2782
f 2775 2769 2776 2782
f 2783 2769 2775
f 2784 2782 2776
f 2785 2786 2793 2792
f 2799 2786 2785
f 2800 2792 2793
f 2786 2787 2794 2793
f 2799 2787 2786
f 2800 2793 2794
f 2787 2788 2795 2794
f 2799 2788 2787
f 2800 2794 2795
f 2788 2789 2796 2795
f 2799 2789 2788
f 2800 2795 2796
f 2789 2790 2797 2796
f 2799 2790 2789
f 2800 2796 2797
f 2790 2791 2798 2797
f 2799 2791 2790
f 2800 2797 2798
f 2791 2785 2792 2798
f 2799 2785 2791
f 2800 2798 2792
f 2801 2802 2809 2808
f 2815 2802 2801
f 2816 2808 2809
f 2802 2803 2810 2809
f 2815 2803 2802
f 2816 2809 2810
f 2803 2804 2811 2810
f 2815 2804 2803
f 2816 2810 2811
f 2804 2805 2812 2811
f 2815 2805 2804
f 2816 2811 2812
f 2805 2806 2813 2812
f 2815 2806 2805
f 2816 2812 2813
f 2806 2807 2814 2813
f 2815 2807 2806
f 2816 2813 2814
f 2807 2801 2808 2814
f 2815 2801 2807
f 2816 2814 2808
f 3085 3086 3109
f 3102 3101 3110
f 3086 3087 3109
f 3103 3102 3110
f 3087 3088 3109
f 3104 3103 3110
f 3088 3089 3109
f 3105 3104 3110
f 3089 3090 3109
f 3106 3105 3110
f 3090 3091 3109
f 3107 3106 3110
f 3091 3092 3109
f 3108 3107 3110
f 3092 3085 3109
f 3101 3108 3110
f 3093 3094 3086 3085
f 3094 3095 3087 3086
f 3095 3096 3088 3087
f 3096 3097 3089 3088
f 3097 3098 3090 3089
f 3098 3099 3091 3090
f 3099 3100 3092 3091
f 3100 3093 3085 3092
f 3101 3102 3094 3093
f 3102 3103 3095 3094
f 3103 3104 3096 3095
f 3104 3105 3097 3096
f 3105 3106 3098 3097
f 3106 3107 3099 3098
f 3107 3108 3100 3099
f 3108 3101 3093 3100
f 3307 3308 3357
f 3348 3347 3358
f 3308 3309 3357
f 3349 3348 3358
f 3309 3310 3357
f 3350 3349 3358
f 3310 3311 3357
f 3351 3350 3358
f 3311 3312 3357
f 3352 3351 3358
f 3312 3313 3357
f 3353 3352 3358
f 3313 3314 3357
f 3354 3353 3358
f 3314 3315 3357
f 3355 3354 3358
f 3315 3316 3357
f 3356 3355 3358
f 3316 3307 3357
f 3347 3356 3358
f 3317 3318 3308 3307
f 3318 3319 3309 3308
f 3319 3320 3310 3309
f 3320 3321 3311 3310
f 3321 3322 3312 3311
f 3322 3323 3313 3312
f 3323 3324 3314 3313
f 3324 3325 3315 3314
f 3325 3326 3316 3315
f 3326 3317 3307 3316
f 3327 3328 3318 3317
f 3328 3329 3319 3318
f 3329 3330 3320 3319
f 3330 3331 3321 3320
f 3331 3332 3322 3321
f 3332 3333 3323 3322
f 3333 3334 3324 3323
f 3334 3335 3325 3324
f 3335 3336 3326 3325
f 3336 3327 3317 3326
f 3337 3338 3328 3327
f 3338 3339 3329 3328
f 3339 3340 3330 3329
f 3340 3341 3331 3330
f 3341 3342 3332 3331
f 3342 3343 3333 3332
f 3343 3344 3334 3333
f 3344 3345 3335 3334
f 3345 3346 3336 3335
f 3346 3337 3327 3336
f 3347 3348 3338 3337
f 3348 3349 3339 3338
f 3349 3350 3340 3339
f 3350 3351 3341 3340
f 3351 3352 3342 3341
f 3352 3353 3343 3342
f 3353 3354 3344 3343
f 3354 3355 3345 3344
f 3355 3356 3346 3345
f 3356 3347 3337 3346
f 3393 3394 3402 3401
f 3409 3394 3393
f 3410 3401 3402
f 3394 3395 3403 3402
f 3409 3395 3394
f 3410 3402 3403
f 3395 3396 3404 3403
f 3409 3396 3395
f 3410 3403 3404
f 3396 3397 3405 3404
f 3409 3397 3396
f 3410 3404 3405
f 3397 3398 3406 3405
f 3409 3398 3397
f 3410 3405 3406
f 3398 3399 3407 3406
f 3409 3399 3398
f 3410 3406 3407
f 3399 3400 3408 3407
f 3409 3400 3399
f 3410 3407 3408
f 3400 3393 3401 3408
f 3409 3393 3400
f 3410 3408 3401
f 3411 3412 3443
f 3436 3435 3444
f 3412 3413 3443
f 3437 3436 3444
f 3413 3414 3443
f 3438 3437 3444
f 3414 3415 3443
f 3439 3438 3444
f 3415 3416 3443
f 3440 3439 3444
f 3416 3417 3443
f 3441 3440 3444
f 3417 3418 3443
f 3442 3441 3444
f 3418 3411 3443
f 3435 3442 3444
f 3419 3420 3412 3411
f 3420 3421 3413 3412
f 3421 3422 3414 3413
f 3422 3423 3415 3414
f 3423 3424 3416 3415
f 3424 3425 3417 3416
f 3425 3426 3418 3417
f 3426 3419 3411 3418
f 3427 3428 3420 3419
f 3428 3429 3421 3420
f 3429 3430 3422 3421
f 3430 3431 3423 3422
f 3431 3432 3424 3423
f 3432 3433 3425 3424
f 3433 3434 3426 3425
f 3434 3427 3419 3426
f 3435 3436 3428 3427
f 3436 3437 3429 3428
f 3437 3438 3430 3429
f 3438 3439 3431 3430
f 3439 3440 3432 3431
f 3440 3441 3433 3432
f 3441 3442 3434 3433
f 3442 3435 3427 3434
f 3471 3472 3495
f 3488 3487 3496
f 3472 3473 3495
f 3489 3488 3496
f 3473 3474 3495
f 3490 3489 3496
f 3474 3475 3495
f 3491 3490 3496
f 3475 3476 3495
f 3492 3491 3496
f 3476 3477 3495
f 3493 3492 3496
f 3477 3478 3495
f 3494 3493 3496
f 3478 3471 3495
f 3487 3494 3496
f 3479 3480 3472 3471
f 3480 3481 3473 3472
f 3481 3482 3474 3473
f 3482 3483 3475 3474
f 3483 3484 3476 3475
f 3484 3485 3477 3476
f 3485 3486 3478 3477
f 3486 3479 3471 3478
f 3487 3488 3480 3479
f 3488 3489 3481 3480
f 3489 3490 3482 3481
f 3490 3491 3483 3482
f 3491 3492 3484 3483
f 3492 3493 3485 3484
f 3493 3494 3486 3485
f 3494 3487 3479 3486
f 3525 3526 3533 3532
f 3539 3526 3525
f 3540 3532 3533
f 3526 3527 3534 3533
f 3539 3527 3526
f 3540 3533 3534
f 3527 3528 3535 3534
f 3539 3528 3527
f 3540 3534 3535
f 3528 3529 3536 3535
f 3539 3529 3528
f 3540 3535 3536
f 3529 3530 3537 3536
f 3539 3530 3529
f 3540 3536 3537
f 3530 3531 3538 3537
f 3539 3531 3530
f 3540 3537 3538
f 3531 3525 3532 3538
f 3539 3525 3531
f 3540 3538 3532
f 3541 3542 3549 3548
f 3555 3542 3541
f 3556 3548 3549
f 3542 3543 3550 3549
f 3555 3543 3542
f 3556 3549 3550
f 3543 3544 3551 3550
f 3555 3544 3543
f 3556 3550 3551
f 3544 3545 3552 3551
f 3555 3545 3544
f 3556 3551 3552
f 3545 3546 3553 3552
f 3555 3546 3545
f 3556 3552 3553
f 3546 3547 3554 3553
f 3555 3547 3546
f 3556 3553 3554
f 3547 3541 3548 3554
f 3555 3541 3547
f 3556 3554 3548
f 3557 3558 3565 3564
f 3571 3558 3557
f 3572 3564 3565
f 3558 3559 3566 3565
f 3571 3559 3558
f 3572 3565 3566
f 3559 3560 3567 3566
f 3571 3560 3559
f 3572 3566 3567
f 3560 3561 3568 3567
f 3571 3561 3560
f 3572 3567 3568
f 3561 3562 3569 3568
f 3571 3562 3561
f 3572 3568 3569
f 3562 3563 3570 3569
f 3571 3563 3562
f 3572 3569 3570
f 3563 3557 3564 3570
f 3571 3557 3563
f 3572 3570 3564
f 3573 3574 3581 3580
f 3587 3574 3573
f 3588 3580 3581
f 3574 3575 3582 3581
f 3587 3575 3574
f 3588 3581 3582
f 3575 3576 3583 3582
f 3587 3576 3575
f 3588 3582 3583
f 3576 3577 3584 3583
f 3587 3577 3576
f 3588 3583 3584
f 3577 3578 3585 3584
f 3587 3578 3577
f 3588 3584 3585
f 3578 3579 3586 3585
f 3587 3579 3578
f 3588 3585 3586
f 3579 3573 3580 3586
f 3587 3573 3579
f 3588 3586 3580
f 3857 3858 3881
f 3874 3873 3882
f 3858 3859 3881
f 3875 3874 3882
f 3859 3860 3881
f 3876 3875 3882
f 3860 3861 3881
f 3877 3876 3882
f 3861 3862 3881
f 3878 3877 3882
f 3862 3863 3881
f 3879 3878 3882
f 3863 3864 3881
f 3880 3879 3882
f 3864 3857 3881
f 3873 3880 3882
f 3865 3866 3858 3857
f 3866 3867 3859 3858
f 3867 3868 3860 3859
f 3868 3869 3861 3860
f 3869 3870 3862 3861
f 3870 3871 3863 3862
f 3871 3872 3864 3863
f 3872 3865 3857 3864
f 3873 3874 3866 3865
f 3874 3875 3867 3866
f 3875 3876 3868 3867
f 3876 3877 3869 3868
f 3877 3878 3870 3869
f 3878 3879 3871 3870
f 3879 3880 3872 3871
f 3880 3873 3865 3872
usemtl cream
f 65 66 34 33
f 66 67 35 34
f 67 68 36 35
f 68 69 37 36
f 69 70 38 37
f 70 71 39 38
f 71 72 40 39
f 72 73 41 40
f 73 74 42 41
f 74 75 43 42
f 75 76 44 43
f 76 77 45 44
f 77 78 46 45
f 78 79 47 46
f 79 80 48 47
f 80 81 49 48
f 81 82 50 49
f 82 83 51 50
f 83 84 52 51
f 84 85 53 52
f 85 86 54 53
f 86 87 55 54
f 87 88 56 55
f 88 89 57 56
f 89 90 58 57
f 90 91 59 58
f 91 92 60 59
f 92 93 61 60
f 93 94 62 61
f 94 95 63 62
f 95 96 64 63
f 96 65 33 64
f 129 130 98 97
f 130 131 99 98
f 131 132 100 99
f 132 133 101 100
f 133 134 102 101
f 134 135 103 102
f 135 136 104 103
f 136 137 105 104
f 137 138 106 105
f 138 139 107 106
f 139 140 108 107
f 140 141 109 108
f 141 142 110 109
f 142 143 111 110
f 143 144 112 111
f 144 145 113 112
f 145 146 114 113
f 146 147 115 114
f 147 148 116 115
f 148 149 117 116
f 149 150 118 117
f 150 151 119 118
f 151 152 120 119
f 152 153 121 120
f 153 154 122 121
f 154 155 123 122
f 155 156 124 123
f 156 157 125 124
f 157 158 126 125
f 158 159 127 126
f 159 160 128 127
f 160 129 97 128
f 193 194 162 161
f 194 195 163 162
f 195 196 164 163
f 196 197 165 164
f 197 198 166 165
f 198 199 167 166
f 199 200 168 167
f 200 201 169 168
f 201 202 170 169
f 202 203 171 170
f 203 204 172 171
f 204 205 173 172
f 205 206 174 173
f 206 207 175 174
f 207 208 176 175
f 208 209 177 176
f 209 210 178 177
f 210 211 179 178
f 211 212 180 179
f 212 213 181 180
f 213 214 182 181
f 214 215 183 182
f 215 216 184 183
f 216 217 185 184
f 217 218 186 185
f 218 219 187 186
f 219 220 188 187
f 220 221 189 188
f 221 222 190 189
f 222 223 191 190
f 223 224 192 191
f 224 193 161 192
f 225 226 194 193
f 226 227 195 194
f 227 228 196 195
f 228 229 197 196
f 229 230 198 197
f 230 231 199 198
f 231 232 200 199
f 232 233 201 200
f 233 234 202 201
f 234 235 203 202
f 235 236 204 203
f 236 237 205 204
f 237 238 206 205
f 238 239 207 206
f 239 240 208 207
f 240 241 209 208
f 241 242 210 209
f 242 243 211 210
f 243 244 212 211
f 244 245 213 212
f 245 246 214 213
f 246 247 215 214
f 247 248 216 215
f 248 249 217 216
f 249 250 218 217
f 250 251 219 218
f 251 252 220 219
f 252 253 221 220
f 253 254 222 221
f 254 255 223 222
f 255 256 224 223
f 256 225 193 224
f 289 290 258 257
f 290 291 259 258
f 291 292 260 259
f 292 293 261 260
f 293 294 262 261
f 294 295 263 262
f 295 296 264 263
f 296 297 265 264
f 297 298 266 265
f 298 299 267 266
f 299 300 268 267
f 300 301 269 268
f 301 302 270 269
f 302 303 271 270
f 303 304 272 271
f 304 305 273 272
f 305 306 274 273
f 306 307 275 274
f 307 308 276 275
f 308 309 277 276
f 309 310 278 277
f 310 311 279 278
f 311 312 280 279
f 312 313 281 280
f 313 314 282 281
f 314 315 283 282
f 315 316 284 283
f 316 317 285 284
f 317 318 286 285
f 318 319 287 286
f 319 320 288 287
f 320 289 257 288
f 947 948 956 955
f 963 948 947
f 964 955 956
f 948 949 957 956
f 963 949 948
f 964 956 957
f 949 950 958 957
f 963 950 949
f 964 957 958
f 950 951 959 958
f 963 951 950
f 964 958 959
f 951 952 960 959
f 963 952 951
f 964 959 960
f 952 953 961 960
f 963 953 952
f 964 960 961
f 953 954 962 961
f 963 954 953
f 964 961 962
f 954 947 955 962
f 963 947 954
f 964 962 955
f 1043 1044 1075
f 1068 1067 1076
f 1044 1045 1075
f 1069 1068 1076
f 1045 1046 1075
f 1070 1069 1076
f 1046 1047 1075
f 1071 1070 1076
f 1047 1048 1075
f 1072 1071 1076
f 1048 1049 1075
f 1073 1072 1076
f 1049 1050 1075
f 1074 1073 1076
f 1050 1043 1075
f 1067 1074 1076
f 1051 1052 1044 1043
f 1052 1053 1045 1044
f 1053 1054 1046 1045
f 1054 1055 1047 1046
f 1055 1056 1048 1047
f 1056 1057 1049 1048
f 1057 1058 1050 1049
f 1058 1051 1043 1050
f 1059 1060 1052 1051
f 1060 1061 1053 1052
f 1061 1062 1054 1053
f 1062 1063 1055 1054
f 1063 1064 1056 1055
f 1064 1065 1057 1056
f 1065 1066 1058 1057
f 1066 1059 1051 1058
f 1067 1068 1060 1059
f 1068 1069 1061 1060
f 1069 1070 1062 1061
f 1070 1071 1063 1062
f 1071 1072 1064 1063
f 1072 1073 1065 1064
f 1073 1074 1066 1065
f 1074 1067 1059 1066
f 1129 1130 1153
f 1146 1145 1154
f 1130 1131 1153
f 1147 1146 1154
f 1131 1132 1153
f 1148 1147 1154
f 1132 1133 1153
f 1149 1148 1154
f 1133 1134 1153
f 1150 1149 1154
f 1134 1135 1153
f 1151 1150 1154
f 1135 1136 1153
f 1152 1151 1154
f 1136 1129 1153
f 1145 1152 1154
f 1137 1138 1130 1129
f 1138 1139 1131 1130
f 1139 1140 1132 1131
f 1140 1141 1133 1132
f 1141 1142 1134 1133
f 1142 1143 1135 1134
f 1143 1144 1136 1135
f 1144 1137 1129 1136
f 1145 1146 1138 1137
f 1146 1147 1139 1138
f 1147 1148 1140 1139
f 1148 1149 1141 1140
f 1149 1150 1142 1141
f 1150 1151 1143 1142
f 1151 1152 1144 1143
f 1152 1145 1137 1144
f 1333 1334 1342 1341
f 1349 1334 1333
f 1350 1341 1342
f 1334 1335 1343 1342
f 1349 1335 1334
f 1350 1342 1343
f 1335 1336 1344 1343
f 1349 1336 1335
f 1350 1343 1344
f 1336 1337 1345 1344
f 1349 1337 1336
f 1350 1344 1345
f 1337 1338 1346 1345
f 1349 1338 1337
f 1350 1345 1346
f 1338 1339 1347 1346
f 1349 1339 1338
f 1350 1346 1347
f 1339 1340 1348 1347
f 1349 1340 1339
f 1350 1347 1348
f 1340 1333 1341 1348
f 1349 1333 1340
f 1350 1348 1341
f 1429 1430 1461
f 1454 1453 1462
f 1430 1431 1461
f 1455 1454 1462
f 1431 1432 1461
f 1456 1455 1462
f 1432 1433 1461
f 1457 1456 1462
f 1433 1434 1461
f 1458 1457 1462
f 1434 1435 1461
f 1459 1458 1462
f 1435 1436 1461
f 1460 1459 1462
f 1436 1429 1461
f 1453 1460 1462
f 1437 1438 1430 1429
f 1438 1439 1431 1430
f 1439 1440 1432 1431
f 1440 1441 1433 1432
f 1441 1442 1434 1433
f 1442 1443 1435 1434
f 1443 1444 1436 1435
f 1444 1437 1429 1436
f 1445 1446 1438 1437
f 1446 1447 1439 1438
f 1447 1448 1440 1439
f 1448 1449 1441 1440
f 1449 1450 1442 1441
f 1450 1451 1443 1442
f 1451 1452 1444 1443
f 1452 1445 1437 1444
f 1453 1454 1446 1445
f 1454 1455 1447 1446
f 1455 1456 1448 1447
f 1456 1457 1449 1448
f 1457 1458 1450 1449
f 1458 1459 1451 1450
f 1459 1460 1452 1451
f 1460 1453 1445 1452
f 1515 1516 1539
f 1532 1531 1540
f 1516 1517 1539
f 1533 1532 1540
f 1517 1518 1539
f 1534 1533 1540
f 1518 1519 1539
f 1535 1534 1540
f 1519 1520 1539
f 1536 1535 1540
f 1520 1521 1539
f 1537 1536 1540
f 1521 1522 1539
f 1538 1537 1540
f 1522 1515 1539
f 1531 1538 1540
f 1523 1524 1516 1515
f 1524 1525 1517 1516
f 1525 1526 1518 1517
f 1526 1527 1519 1518
f 1527 1528 1520 1519
f 1528 1529 1521 1520
f 1529 1530 1522 1521
f 1530 1523 1515 1522
f 1531 1532 1524 1523
f 1532 1533 1525 1524
f 1533 1534 1526 1525
f 1534 1535 1527 1526
f 1535 1536 1528 1527
f 1536 1537 1529 1528
f 1537 1538 1530 1529
f 1538 1531 1523 1530
f 1719 1720 1728 1727
f 1735 1720 1719
f 1736 1727 1728
f 1720 1721 1729 1728
f 1735 1721 1720
f 1736 1728 1729
f 1721 1722 1730 1729
f 1735 1722 1721
f 1736 1729 1730
f 1722 1723 1731 1730
f 1735 1723 1722
f 1736 1730 1731
f 1723 1724 1732 1731
f 1735 1724 1723
f 1736 1731 1732
f 1724 1725 1733 1732
f 1735 1725 1724
f 1736 1732 1733
f 1725 1726 1734 1733
f 1735 1726 1725
f 1736 1733 1734
f 1726 1719 1727 1734
f 1735 1719 1726
f 1736 1734 1727
f 1815 1816 1847
f 1840 1839 1848
f 1816 1817 1847
f 1841 1840 1848
f 1817 1818 1847
f 1842 1841 1848
f 1818 1819 1847
f 1843 1842 1848
f 1819 1820 1847
f 1844 1843 1848
f 1820 1821 1847
f 1845 1844 1848
f 1821 1822 1847
f 1846 1845 1848
f 1822 1815 1847
f 1839 1846 1848
f 1823 1824 1816 1815
f 1824 1825 1817 1816
f 1825 1826 1818 1817
f 1826 1827 1819 1818
f 1827 1828 1820 1819
f 1828 1829 1821 1820
f 1829 1830 1822 1821
f 1830 1823 1815 1822
f 1831 1832 1824 1823
f 1832 1833 1825 1824
f 1833 1834 1826 1825
f 1834 1835 1827 1826
f 1835 1836 1828 1827
f 1836 1837 1829 1828
f 1837 1838 1830 1829
f 1838 1831 1823 1830
f 1839 1840 1832 1831
f 1840 1841 1833 1832
f 1841 1842 1834 1833
f 1842 1843 1835 1834
f 1843 1844 1836 1835
f 1844 1845 1837 1836
f 1845 1846 1838 1837
f 1846 1839 1831 1838
f 1901 1902 1925
f 1918 1917 1926
f 1902 1903 1925
f 1919 1918 1926
f 1903 1904 1925
f 1920 1919 1926
f 1904 1905 1925
f 1921 1920 1926
f 1905 1906 1925
f 1922 1921 1926
f 1906 1907 1925
f 1923 1922 1926
f 1907 1908 1925
f 1924 1923 1926
f 1908 1901 1925
f 1917 1924 1926
f 1909 1910 1902 1901
f 1910 1911 1903 1902
f 1911 1912 1904 1903
f 1912 1913 1905 1904
f 1913 1914 1906 1905
f 1914 1915 1907 1906
f 1915 1916 1908 1907
f 1916 1909 1901 1908
f 1917 1918 1910 1909
f 1918 1919 1911 1910
f 1919 1920 1912 1911
f 1920 1921 1913 1912
f 1921 1922 1914 1913
f 1922 1923 1915 1914
f 1923 1924 1916 1915
f 1924 1917 1909 1916
f 2105 2106 2114 2113
f 2121 2106 2105
f 2122 2113 2114
f 2106 2107 2115 2114
f 2121 2107 2106
f 2122 2114 2115
f 2107 2108 2116 2115
f 2121 2108 2107
f 2122 2115 2116
f 2108 2109 2117 2116
f 2121 2109 2108
f 2122 2116 2117
f 2109 2110 2118 2117
f 2121 2110 2109
f 2122 2117 2118
f 2110 2111 2119 2118
f 2121 2111 2110
f 2122 2118 2119
f 2111 2112 2120 2119
f 2121 2112 2111
f 2122 2119 2120
f 2112 2105 2113 2120
f 2121 2105 2112
f 2122 2120 2113
f 2201 2202 2233
f 2226 2225 2234
f 2202 2203 2233
f 2227 2226 2234
f 2203 2204 2233
f 2228 2227 2234
f 2204 2205 2233
f 2229 2228 2234
f 2205 2206 2233
f 2230 2229 2234
f 2206 2207 2233
f 2231 2230 2234
f 2207 2208 2233
f 2232 2231 2234
f 2208 2201 2233
f 2225 2232 2234
f 2209 2210 2202 2201
f 2210 2211 2203 2202
f 2211 2212 2204 2203
f 2212 2213 2205 2204
f 2213 2214 2206 2205
f 2214 2215 2207 2206
f 2215 2216 2208 2207
f 2216 2209 2201 2208
f 2217 2218 2210 2209
f 2218 2219 2211 2210
f 2219 2220 2212 2211
f 2220 2221 2213 2212
f 2221 2222 2214 2213
f 2222 2223 2215 2214
f 2223 2224 2216 2215
f 2224 2217 2209 2216
f 2225 2226 2218 2217
f 2226 2227 2219 2218
f 2227 2228 2220 2219
f 2228 2229 2221 2220
f 2229 2230 2222 2221
f 2230 2231 2223 2222
f 2231 2232 2224 2223
f 2232 2225 2217 2224
f 2287 2288 2311
f 2304 2303 2312
f 2288 2289 2311
f 2305 2304 2312
f 2289 2290 2311
f 2306 2305 2312
f 2290 2291 2311
f 2307 2306 2312
f 2291 2292 2311
f 2308 2307 2312
f 2292 2293 2311
f 2309 2308 2312
f 2293 2294 2311
f 2310 2309 2312
f 2294 2287 2311
f 2303 2310 2312
f 2295 2296 2288 2287
f 2296 2297 2289 2288
f 2297 2298 2290 2289
f 2298 2299 2291 2290
f 2299 2300 2292 2291
f 2300 2301 2293 2292
f 2301 2302 2294 2293
f 2302 2295 2287 2294
f 2303 2304 2296 2295
f 2304 2305 2297 2296
f 2305 2306 2298 2297
f 2306 2307 2299 2298
f 2307 2308 2300 2299
f 2308 2309 2301 2300
f 2309 2310 2302 2301
f 2310 2303 2295 2302
f 2491 2492 2500 2499
f 2507 2492 2491
f 2508 2499 2500
f 2492 2493 2501 2500
f 2507 2493 2492
f 2508 2500 2501
f 2493 2494 2502 2501
f 2507 2494 2493
f 2508 2501 2502
f 2494 2495 2503 2502
f 2507 2495 2494
f 2508 2502 2503
f 2495 2496 2504 2503
f 2507 2496 2495
f 2508 2503 2504
f 2496 2497 2505 2504
f 2507 2497 2496
f 2508 2504 2505
f 2497 2498 2506 2505
f 2507 2498 2497
f 2508 2505 2506
f 2498 2491 2499 2506
f 2507 2491 2498
f 2508 2506 2499
f 2587 2588 2619
f 2612 2611 2620
f 2588 2589 2619
f 2613 2612 2620
f 2589 2590 2619
f 2614 2613 2620
f 2590 2591 2619
f 2615 2614 2620
f 2591 2592 2619
f 2616 2615 2620
f 2592 2593 2619
f 2617 2616 2620
f 2593 2594 2619
f 2618 2617 2620
f 2594 2587 2619
f 2611 2618 2620
f 2595 2596 2588 2587
f 2596 2597 2589 2588
f 2597 2598 2590 2589
f 2598 2599 2591 2590
f 2599 2600 2592 2591
f 2600 2601 2593 2592
f 2601 2602 2594 2593
f 2602 2595 2587 2594
f 2603 2604 2596 2595
f 2604 2605 2597 2596
f 2605 2606 2598 2597
f 2606 2607 2599 2598
f 2607 2608 2600 2599
f 2608 2609 2601 2600
f 2609 2610 2602 2601
f 2610 2603 2595 2602
f 2611 2612 2604 2603
f 2612 2613 2605 2604
f 2613 2614 2606 2605
f 2614 2615 2607 2606
f 2615 2616 2608 2607
f 2616 2617 2609 2608
f 2617 2618 2610 2609
f 2618 2611 2603 2610
f 2673 2674 2697
f 2690 2689 2698
f 2674 2675 2697
f 2691 2690 2698
f 2675 2676 2697
f 2692 2691 2698
f 2676 2677 2697
f 2693 2692 2698
f 2677 2678 2697
f 2694 2693 2698
f 2678 2679 2697
f 2695 2694 2698
f 2679 2680 2697
f 2696 2695 2698
f 2680 2673 2697
f 2689 2696 2698
f 2681 2682 2674 2673
f 2682 2683 2675 2674
f 2683 2684 2676 2675
f 2684 2685 2677 2676
f 2685 2686 2678 2677
f 2686 2687 2679 2678
f 2687 2688 2680 2679
f 2688 2681 2673 2680
f 2689 2690 2682 2681
f 2690 2691 2683 2682
f 2691 2692 2684 2683
f 2692 2693 2685 2684
f 2693 2694 2686 2685
f 2694 2695 2687 2686
f 2695 2696 2688 2687
f 2696 2689 2681 2688
f 2877 2878 2886 2885
f 2893 2878 2877
f 2894 2885 2886
f 2878 2879 2887 2886
f 2893 2879 2878
f 2894 2886 2887
f 2879 2880 2888 2887
f 2893 2880 2879
f 2894 2887 2888
f 2880 2881 2889 2888
f 2893 2881 2880
f 2894 2888 2889
f 2881 2882 2890 2889
f 2893 2882 2881
f 2894 2889 2890
f 2882 2883 2891 2890
f 2893 2883 2882
f 2894 2890 2891
f 2883 2884 2892 2891
f 2893 2884 2883
f 2894 2891 2892
f 2884 2877 2885 2892
f 2893 2877 2884
f 2894 2892 2885
f 2973 2974 3005
f 2998 2997 3006
f 2974 2975 3005
f 2999 2998 3006
f 2975 2976 3005
f 3000 2999 3006
f 2976 2977 3005
f 3001 3000 3006
f 2977 2978 3005
f 3002 3001 3006
f 2978 2979 3005
f 3003 3002 3006
f 2979 2980 3005
f 3004 3003 3006
f 2980 2973 3005
f 2997 3004 3006
f 2981 2982 2974 2973
f 2982 2983 2975 2974
f 2983 2984 2976 2975
f 2984 2985 2977 2976
f 2985 2986 2978 2977
f 2986 2987 2979 2978
f 2987 2988 2980 2979
f 2988 2981 2973 2980
f 2989 2990 2982 2981
f 2990 2991 2983 2982
f 2991 2992 2984 2983
f 2992 2993 2985 2984
f 2993 2994 2986 2985
f 2994 2995 2987 2986
f 2995 2996 2988 2987
f 2996 2989 2981 2988
f 2997 2998 2990 2989
f 2998 2999 2991 2990
f 2999 3000 2992 2991
f 3000 3001 2993 2992
f 3001 3002 2994 2993
f 3002 3003 2995 2994
f 3003 3004 2996 2995
f 3004 2997 2989 2996
f 3059 3060 3083
f 3076 3075 3084
f 3060 3061 3083
f 3077 3076 3084
f 3061 3062 3083
f 3078 3077 3084
f 3062 3063 3083
f 3079 3078 3084
f 3063 3064 3083
f 3080 3079 3084
f 3064 3065 3083
f 3081 3080 3084
f 3065 3066 3083
f 3082 3081 3084
f 3066 3059 3083
f 3075 3082 3084
f 3067 3068 3060 3059
f 3068 3069 3061 3060
f 3069 3070 3062 3061
f 3070 3071 3063 3062
f 3071 3072 3064 3063
f 3072 3073 3065 3064
f 3073 3074 3066 3065
f 3074 3067 3059 3066
f 3075 3076 3068 3067
f 3076 3077 3069 3068
f 3077 3078 3070 3069
f 3078 3079 3071 3070
f 3079 3080 3072 3071
f 3080 3081 3073 3072
f 3081 3082 3074 3073
f 3082 3075 3067 3074
f 3263 3264 3272 3271
f 3279 3264 3263
f 3280 3271 3272
f 3264 3265 3273 3272
f 3279 3265 3264
f 3280 3272 3273
f 3265 3266 3274 3273
f 3279 3266 3265
f 3280 3273 3274
f 3266 3267 3275 3274
f 3279 3267 3266
f 3280 3274 3275
f 3267 3268 3276 3275
f 3279 3268 3267
f 3280 3275 3276
f 3268 3269 3277 3276
f 3279 3269 3268
f 3280 3276 3277
f 3269 3270 3278 3277
f 3279 3270 3269
f 3280 3277 3278
f 3270 3263 3271 3278
f 3279 3263 3270
f 3280 3278 3271
f 3359 3360 3391
f 3384 3383 3392
f 3360 3361 3391
f 3385 3384 3392
f 3361 3362 3391
f 3386 3385 3392
f 3362 3363 3391
f 3387 3386 3392
f 3363 3364 3391
f 3388 3387 3392
f 3364 3365 3391
f 3389 3388 3392
f 3365 3366 3391
f 3390 3389 3392
f 3366 3359 3391
f 3383 3390 3392
f 3367 3368 3360 3359
f 3368 3369 3361 3360
f 3369 3370 3362 3361
f 3370 3371 3363 3362
f 3371 3372 3364 3363
f 3372 3373 3365 3364
f 3373 3374 3366 3365
f 3374 3367 3359 3366
f 3375 3376 3368 3367
f 3376 3377 3369 3368
f 3377 3378 3370 3369
f 3378 3379 3371 3370
f 3379 3380 3372 3371
f 3380 3381 3373 3372
f 3381 3382 3374 3373
f 3382 3375 3367 3374
f 3383 3384 3376 3375
f 3384 3385 3377 3376
f 3385 3386 3378 3377
f 3386 3387 3379 3378
f 3387 3388 3380 3379
f 3388 3389 3381 3380
f 3389 3390 3382 3381
f 3390 3383 3375 3382
f 3445 3446 3469
f 3462 3461 3470
f 3446 3447 3469
f 3463 3462 3470
f 3447 3448 3469
f 3464 3463 3470
f 3448 3449 3469
f 3465 3464 3470
f 3449 3450 3469
f 3466 3465 3470
f 3450 3451 3469
f 3467 3466 3470
f 3451 3452 3469
f 3468 3467 3470
f 3452 3445 3469
f 3461 3468 3470
f 3453 3454 3446 3445
f 3454 3455 3447 3446
f 3455 3456 3448 3447
f 3456 3457 3449 3448
f 3457 3458 3450 3449
f 3458 3459 3451 3450
f 3459 3460 3452 3451
f 3460 3453 3445 3452
f 3461 3462 3454 3453
f 3462 3463 3455 3454
f 3463 3464 3456 3455
f 3464 3465 3457 3456
f 3465 3466 3458 3457
f 3466 3467 3459 3458
f 3467 3468 3460 3459
f 3468 3461 3453 3460
f 3649 3650 3658 3657
f 3665 3650 3649
f 3666 3657 3658
f 3650 3651 3659 3658
f 3665 3651 3650
f 3666 3658 3659
f 3651 3652 3660 3659
f 3665 3652 3651
f 3666 3659 3660
f 3652 3653 3661 3660
f 3665 3653 3652
f 3666 3660 3661
f 3653 3654 3662 3661
f 3665 3654 3653
f 3666 3661 3662
f 3654 3655 3663 3662
f 3665 3655 3654
f 3666 3662 3663
f 3655 3656 3664 3663
f 3665 3656 3655
f 3666 3663 3664
f 3656 3649 3657 3664
f 3665 3649 3656
f 3666 3664 3657
f 3745 3746 3777
f 3770 3769 3778
f 3746 3747 3777
f 3771 3770 3778
f 3747 3748 3777
f 3772 3771 3778
f 3748 3749 3777
f 3773 3772 3778
f 3749 3750 3777
f 3774 3773 3778
f 3750 3751 3777
f 3775 3774 3778
f 3751 3752 3777
f 3776 3775 3778
f 3752 3745 3777
f 3769 3776 3778
f 3753 3754 3746 3745
f 3754 3755 3747 3746
f 3755 3756 3748 3747
f 3756 3757 3749 3748
f 3757 3758 3750 3749
f 3758 3759 3751 3750
f 3759 3760 3752 3751
f 3760 3753 3745 3752
f 3761 3762 3754 3753
f 3762 3763 3755 3754
f 3763 3764 3756 3755
f 3764 3765 3757 3756
f 3765 3766 3758 3757
f 3766 3767 3759 3758
f 3767 3768 3760 3759
f 3768 3761 3753 3760
f 3769 3770 3762 3761
f 3770 3771 3763 3762
f 3771 3772 3764 3763
f 3772 3773 3765 3764
f 3773 3774 3766 3765
f 3774 3775 3767 3766
f 3775 3776 3768 3767
f 3776 3769 3761 3768
f 3831 3832 3855
f 3848 3847 3856
f 3832 3833 3855
f 3849 3848 3856
f 3833 3834 3855
f 3850 3849 3856
f 3834 3835 3855
f 3851 3850 3856
f 3835 3836 3855
f 3852 3851 3856
f 3836 3837 3855
f 3853 3852 3856
f 3837 3838 3855
f 3854 3853 3856
f 3838 3831 3855
f 3847 3854 3856
f 3839 3840 3832 3831
f 3840 3841 3833 3832
f 3841 3842 3834 3833
f 3842 3843 3835 3834
f 3843 3844 3836 3835
f 3844 3845 3837 3836
f 3845 3846 3838 3837
f 3846 3839 3831 3838
f 3847 3848 3840 3839
f 3848 3849 3841 3840
f 3849 3850 3842 3841
f 3850 3851 3843 3842
f 3851 3852 3844 3843
f 3852 3853 3845 3844
f 3853 3854 3846 3845
f 3854 3847 3839 3846
usemtl gold
f 97 98 66 65
f 98 99 67 66
f 99 100 68 67
f 100 101 69 68
f 101 102 70 69
f 102 103 71 70
f 103 104 72 71
f 104 105 73 72
f 105 106 74 73
f 106 107 75 74
f 107 108 76 75
f 108 109 77 76
f 109 110 78 77
f 110 111 79 78
f 111 112 80 79
f 112 113 81 80
f 113 114 82 81
f 114 115 83 82
f 115 116 84 83
f 116 117 85 84
f 117 118 86 85
f 118 119 87 86
f 119 120 88 87
f 120 121 89 88
f 121 122 90 89
f 122 123 91 90
f 123 124 92 91
f 124 125 93 92
f 125 126 94 93
f 126 127 95 94
f 127 128 96 95
f 128 97 65 96
f 257 258 226 225
f 258 259 227 226
f 259 260 228 227
f 260 261 229 228
f 261 262 230 229
f 262 263 231 230
f 263 264 232 231
f 264 265 233 232
f 265 266 234 233
f 266 267 235 234
f 267 268 236 235
f 268 269 237 236
f 269 270 238 237
f 270 271 239 238
f 271 272 240 239
f 272 273 241 240
f 273 274 242 241
f 274 275 243 242
f 275 276 244 243
f 276 277 245 244
f 277 278 246 245
f 278 279 247 246
f 279 280 248 247
f 280 281 249 248
f 281 282 250 249
f 282 283 251 250
f 283 284 252 251
f 284 285 253 252
f 285 286 254 253
f 286 287 255 254
f 287 288 256 255
f 288 257 225 256
f 321 322 290 289
f 322 323 291 290
f 323 324 292 291
f 324 325 293 292
f 325 326 294 293
f 326 327 295 294
f 327 328 296 295
f 328 329 297 296
f 329 330 298 297
f 330 331 299 298
f 331 332 300 299
f 332 333 301 300
f 333 334 302 301
f 334 335 303 302
f 335 336 304 303
f 336 337 305 304
f 337 338 306 305
f 338 339 307 306
f 339 340 308 307
f 340 341 309 308
f 341 342 310 309
f 342 343 311 310
f 343 344 312 311
f 344 345 313 312
f 345 346 314 313
f 346 347 315 314
f 347 348 316 315
f 348 349 317 316
f 349 350 318 317
f 350 351 319 318
f 351 352 320 319
f 352 321 289 320
f 353 354 360 359
f 354 355 361 360
f 355 356 362 361
f 356 357 363 362
f 357 358 364 363
f 358 353 359 364
f 359 360 366 365
f 360 361 367 366
f 361 362 368 367
f 362 363 369 368
f 363 364 370 369
f 364 359 365 370
f 365 366 372 371
f 366 367 373 372
f 367 368 374 373
f 368 369 375 374
f 369 370 376 375
f 370 365 371 376
f 371 372 378 377
f 372 373 379 378
f 373 374 380 379
f 374 375 381 380
f 375 376 382 381
f 376 371 377 382
f 377 378 384 383
f 378 379 385 384
f 379 380 386 385
f 380 381 387 386
f 381 382 388 387
f 382 377 383 388
f 383 384 390 389
f 384 385 391 390
f 385 386 392 391
f 386 387 393 392
f 387 388 394 393
f 388 383 389 394
f 389 390 396 395
f 390 391 397 396
f 391 392 398 397
f 392 393 399 398
f 393 394 400 399
f 394 389 395 400
f 395 396 402 401
f 396 397 403 402
f 397 398 404 403
f 398 399 405 404
f 399 400 406 405
f 400 395 401 406
f 401 402 408 407
f 402 403 409 408
f 403 404 410 409
f 404 405 411 410
f 405 406 412 411
f 406 401 407 412
f 407 408 414 413
f 408 409 415 414
f 409 410 416 415
f 410 411 417 416
f 411 412 418 417
f 412 407 413 418
f 413 414 420 419
f 414 415 421 420
f 415 416 422 421
f 416 417 423 422
f 417 418 424 423
f 418 413 419 424
f 419 420 426 425
f 420 421 427 426
f 421 422 428 427
f 422 423 429 428
f 423 424 430 429
f 424 419 425 430
f 425 426 432 431
f 426 427 433 432
f 427 428 434 433
f 428 429 435 434
f 429 430 436 435
f 430 425 431 436
f 431 432 438 437
f 432 433 439 438
f 433 434 440 439
f 434 435 441 440
f 435 436 442 441
f 436 431 437 442
f 437 438 444 443
f 438 439 445 444
f 439 440 446 445
f 440 441 447 446
f 441 442 448 447
f 442 437 443 448
f 443 444 450 449
f 444 445 451 450
f 445 446 452 451
f 446 447 453 452
f 447 448 454 453
f 448 443 449 454
f 449 450 456 455
f 450 451 457 456
f 451 452 458 457
f 452 453 459 458
f 453 454 460 459
f 454 449 455 460
f 455 456 462 461
f 456 457 463 462
f 457 458 464 463
f 458 459 465 464
f 459 460 466 465
f 460 455 461 466
f 461 462 468 467
f 462 463 469 468
f 463 464 470 469
f 464 465 471 470
f 465 466 472 471
f 466 461 467 472
f 467 468 474 473
f 468 469 475 474
f 469 470 476 475
f 470 471 477 476
f 471 472 478 477
f 472 467 473 478
f 473 474 480 479
f 474 475 481 480
f 475 476 482 481
f 476 477 483 482
f 477 478 484 483
f 478 473 479 484
f 479 480 486 485
f 480 481 487 486
f 481 482 488 487
f 482 483 489 488
f 483 484 490 489
f 484 479 485 490
f 485 486 492 491
f 486 487 493 492
f 487 488 494 493
f 488 489 495 494
f 489 490 496 495
f 490 485 491 496
f 491 492 498 497
f 492 493 499 498
f 493 494 500 499
f 494 495 501 500
f 495 496 502 501
f 496 491 497 502
f 497 498 504 503
f 498 499 505 504
f 499 500 506 505
f 500 501 507 506
f 501 502 508 507
f 502 497 503 508
f 503 504 510 509
f 504 505 511 510
f 505 506 512 511
f 506 507 513 512
f 507 508 514 513
f 508 503 509 514
f 509 510 516 515
f 510 511 517 516
f 511 512 518 517
f 512 513 519 518
f 513 514 520 519
f 514 509 515 520
f 515 516 522 521
f 516 517 523 522
f 517 518 524 523
f 518 519 525 524
f 519 520 526 525
f 520 515 521 526
f 521 522 528 527
f 522 523 529 528
f 523 524 530 529
f 524 525 531 530
f 525 526 532 531
f 526 521 527 532
f 527 528 534 533
f 528 529 535 534
f 529 530 536 535
f 530 531 537 536
f 531 532 538 537
f 532 527 533 538
f 533 534 540 539
f 534 535 541 540
f 535 536 542 541
f 536 537 543 542
f 537 538 544 543
f 538 533 539 544
f 539 540 354 353
f 540 541 355 354
f 541 542 356 355
f 542 543 357 356
f 543 544 358 357
f 544 539 353 358
f 737 738 744 743
f 738 739 745 744
f 739 740 746 745
f 740 741 747 746
f 741 742 748 747
f 742 737 743 748
f 743 744 750 749
f 744 745 751 750
f 745 746 752 751
f 746 747 753 752
f 747 748 754 753
f 748 743 749 754
f 749 750 756 755
f 750 751 757 756
f 751 752 758 757
f 752 753 759 758
f 753 754 760 759
f 754 749 755 760
f 755 756 762 761
f 756 757 763 762
f 757 758 764 763
f 758 759 765 764
f 759 760 766 765
f 760 755 761 766
f 761 762 768 767
f 762 763 769 768
f 763 764 770 769
f 764 765 771 770
f 765 766 772 771
f 766 761 767 772
f 767 768 774 773
f 768 769 775 774
f 769 770 776 775
f 770 771 777 776
f 771 772 778 777
f 772 767 773 778
f 773 774 780 779
f 774 775 781 780
f 775 776 782 781
f 776 777 783 782
f 777 778 784 783
f 778 773 779 784
f 779 780 786 785
f 780 781 787 786
f 781 782 788 787
f 782 783 789 788
f 783 784 790 789
f 784 779 785 790
f 785 786 792 791
f 786 787 793 792
f 787 788 794 793
f 788 789 795 794
f 789 790 796 795
f 790 785 791 796
f 791 792 798 797
f 792 793 799 798
f 793 794 800 799
f 794 795 801 800
f 795 796 802 801
f 796 791 797 802
f 797 798 804 803
f 798 799 805 804
f 799 800 806 805
f 800 801 807 806
f 801 802 808 807
f 802 797 803 808
f 803 804 810 809
f 804 805 811 810
f 805 806 812 811
f 806 807 813 812
f 807 808 814 813
f 808 803 809 814
f 809 810 816 815
f 810 811 817 816
f 811 812 818 817
f 812 813 819 818
f 813 814 820 819
f 814 809 815 820
f 815 816 822 821
f 816 817 823 822
f 817 818 824 823
f 818 819 825 824
f 819 820 826 825
f 820 815 821 826
f 821 822 828 827
f 822 823 829 828
f 823 824 830 829
f 824 825 831 830
f 825 826 832 831
f 826 821 827 832
f 827 828 834 833
f 828 829 835 834
f 829 830 836 835
f 830 831 837 836
f 831 832 838 837
f 832 827 833 838
f 833 834 840 839
f 834 835 841 840
f 835 836 842 841
f 836 837 843 842
f 837 838 844 843
f 838 833 839 844
f 839 840 846 845
f 840 841 847 846
f 841 842 848 847
f 842 843 849 848
f 843 844 850 849
f 844 839 845 850
f 845 846 852 851
f 846 847 853 852
f 847 848 854 853
f 848 849 855 854
f 849 850 856 855
f 850 845 851 856
f 851 852 858 857
f 852 853 859 858
f 853 854 860 859
f 854 855 861 860
f 855 856 862 861
f 856 851 857 862
f 857 858 864 863
f 858 859 865 864
f 859 860 866 865
f 860 861 867 866
f 861 862 868 867
f 862 857 863 868
f 863 864 870 869
f 864 865 871 870
f 865 866 872 871
f 866 867 873 872
f 867 868 874 873
f 868 863 869 874
f 869 870 876 875
f 870 871 877 876
f 871 872 878 877
f 872 873 879 878
f 873 874 880 879
f 874 869 875 880
f 875 876 882 881
f 876 877 883 882
f 877 878 884 883
f 878 879 885 884
f 879 880 886 885
f 880 875 881 886
f 881 882 888 887
f 882 883 889 888
f 883 884 890 889
f 884 885 891 890
f 885 886 892 891
f 886 881 887 892
f 887 888 894 893
f 888 889 895 894
f 889 890 896 895
f 890 891 897 896
f 891 892 898 897
f 892 887 893 898
f 893 894 900 899
f 894 895 901 900
f 895 896 902 901
f 896 897 903 902
f 897 898 904 903
f 898 893 899 904
f 899 900 906 905
f 900 901 907 906
f 901 902 908 907
f 902 903 909 908
f 903 904 910 909
f 904 899 905 910
f 905 906 912 911
f 906 907 913 912
f 907 908 914 913
f 908 909 915 914
f 909 910 916 915
f 910 905 911 916
f 911 912 918 917
f 912 913 919 918
f 913 914 920 919
f 914 915 921 920
f 915 916 922 921
f 916 911 917 922
f 917 918 924 923
f 918 919 925 924
f 919 920 926 925
f 920 921 927 926
f 921 922 928 927
f 922 917 923 928
f 923 924 738 737
f 924 925 739 738
f 925 926 740 739
f 926 927 741 740
f 927 928 742 741
f 928 923 737 742
f 929 930 938 937
f 945 930 929
f 946 937 938
f 930 931 939 938
f 945 931 930
f 946 938 939
f 931 932 940 939
f 945 932 931
f 946 939 940
f 932 933 941 940
f 945 933 932
f 946 940 941
f 933 934 942 941
f 945 934 933
f 946 941 942
f 934 935 943 942
f 945 935 934
f 946 942 943
f 935 936 944 943
f 945 936 935
f 946 943 944
f 936 929 937 944
f 945 929 936
f 946 944 937
f 965 966 989
f 982 981 990
f 966 967 989
f 983 982 990
f 967 968 989
f 984 983 990
f 968 969 989
f 985 984 990
f 969 970 989
f 986 985 990
f 970 971 989
f 987 986 990
f 971 972 989
f 988 987 990
f 972 965 989
f 981 988 990
f 973 974 966 965
f 974 975 967 966
f 975 976 968 967
f 976 977 969 968
f 977 978 970 969
f 978 979 971 970
f 979 980 972 971
f 980 973 965 972
f 981 982 974 973
f 982 983 975 974
f 983 984 976 975
f 984 985 977 976
f 985 986 978 977
f 986 987 979 978
f 987 988 980 979
f 988 981 973 980
f 1273 1274 1281 1280
f 1287 1274 1273
f 1288 1280 1281
f 1274 1275 1282 1281
f 1287 1275 1274
f 1288 1281 1282
f 1275 1276 1283 1282
f 1287 1276 1275
f 1288 1282 1283
f 1276 1277 1284 1283
f 1287 1277 1276
f 1288 1283 1284
f 1277 1278 1285 1284
f 1287 1278 1277
f 1288 1284 1285
f 1278 1279 1286 1285
f 1287 1279 1278
f 1288 1285 1286
f 1279 1273 1280 1286
f 1287 1273 1279
f 1288 1286 1280
f 1315 1316 1324 1323
f 1331 1316 1315
f 1332 1323 1324
f 1316 1317 1325 1324
f 1331 1317 1316
f 1332 1324 1325
f 1317 1318 1326 1325
f 1331 1318 1317
f 1332 1325 1326
f 1318 1319 1327 1326
f 1331 1319 1318
f 1332 1326 1327
f 1319 1320 1328 1327
f 1331 1320 1319
f 1332 1327 1328
f 1320 1321 1329 1328
f 1331 1321 1320
f 1332 1328 1329
f 1321 1322 1330 1329
f 1331 1322 1321
f 1332 1329 1330
f 1322 1315 1323 1330
f 1331 1315 1322
f 1332 1330 1323
f 1351 1352 1375
f 1368 1367 1376
f 1352 1353 1375
f 1369 1368 1376
f 1353 1354 1375
f 1370 1369 1376
f 1354 1355 1375
f 1371 1370 1376
f 1355 1356 1375
f 1372 1371 1376
f 1356 1357 1375
f 1373 1372 1376
f 1357 1358 1375
f 1374 1373 1376
f 1358 1351 1375
f 1367 1374 1376
f 1359 1360 1352 1351
f 1360 1361 1353 1352
f 1361 1362 1354 1353
f 1362 1363 1355 1354
f 1363 1364 1356 1355
f 1364 1365 1357 1356
f 1365 1366 1358 1357
f 1366 1359 1351 1358
f 1367 1368 1360 1359
f 1368 1369 1361 1360
f 1369 1370 1362 1361
f 1370 1371 1363 1362
f 1371 1372 1364 1363
f 1372 1373 1365 1364
f 1373 1374 1366 1365
f 1374 1367 1359 1366
f 1659 1660 1667 1666
f 1673 1660 1659
f 1674 1666 1667
f 1660 1661 1668 1667
f 1673 1661 1660
f 1674 1667 1668
f 1661 1662 1669 1668
f 1673 1662 1661
f 1674 1668 1669
f 1662 1663 1670 1669
f 1673 1663 1662
f 1674 1669 1670
f 1663 1664 1671 1670
f 1673 1664 1663
f 1674 1670 1671
f 1664 1665 1672 1671
f 1673 1665 1664
f 1674 1671 1672
f 1665 1659 1666 1672
f 1673 1659 1665
f 1674 1672 1666
f 1701 1702 1710 1709
f 1717 1702 1701
f 1718 1709 1710
f 1702 1703 1711 1710
f 1717 1703 1702
f 1718 1710 1711
f 1703 1704 1712 1711
f 1717 1704 1703
f 1718 1711 1712
f 1704 1705 1713 1712
f 1717 1705 1704
f 1718 1712 1713
f 1705 1706 1714 1713
f 1717 1706 1705
f 1718 1713 1714
f 1706 1707 1715 1714
f 1717 1707 1706
f 1718 1714 1715
f 1707 1708 1716 1715
f 1717 1708 1707
f 1718 1715 1716
f 1708 1701 1709 1716
f 1717 1701 1708
f 1718 1716 1709
f 1737 1738 1761
f 1754 1753 1762
f 1738 1739 1761
f 1755 1754 1762
f 1739 1740 1761
f 1756 1755 1762
f 1740 1741 1761
f 1757 1756 1762
f 1741 1742 1761
f 1758 1757 1762
f 1742 1743 1761
f 1759 1758 1762
f 1743 1744 1761
f 1760 1759 1762
f 1744 1737 1761
f 1753 1760 1762
f 1745 1746 1738 1737
f 1746 1747 1739 1738
f 1747 1748 1740 1739
f 1748 1749 1741 1740
f 1749 1750 1742 1741
f 1750 1751 1743 1742
f 1751 1752 1744 1743
f 1752 1745 1737 1744
f 1753 1754 1746 1745
f 1754 1755 1747 1746
f 1755 1756 1748 1747
f 1756 1757 1749 1748
f 1757 1758 1750 1749
f 1758 1759 1751 1750
f 1759 1760 1752 1751
f 1760 1753 1745 1752
f 2045 2046 2053 2052
f 2059 2046 2045
f 2060 2052 2053
f 2046 2047 2054 2053
f 2059 2047 2046
f 2060 2053 2054
f 2047 2048 2055 2054
f 2059 2048 2047
f 2060 2054 2055
f 2048 2049 2056 2055
f 2059 2049 2048
f 2060 2055 2056
f 2049 2050 2057 2056
f 2059 2050 2049
f 2060 2056 2057
f 2050 2051 2058 2057
f 2059 2051 2050
f 2060 2057 2058
f 2051 2045 2052 2058
f 2059 2045 2051
f 2060 2058 2052
f 2087 2088 2096 2095
f 2103 2088 2087
f 2104 2095 2096
f 2088 2089 2097 2096
f 2103 2089 2088
f 2104 2096 2097
f 2089 2090 2098 2097
f 2103 2090 2089
f 2104 2097 2098
f 2090 2091 2099 2098
f 2103 2091 2090
f 2104 2098 2099
f 2091 2092 2100 2099
f 2103 2092 2091
f 2104 2099 2100
f 2092 2093 2101 2100
f 2103 2093 2092
f 2104 2100 2101
f 2093 2094 2102 2101
f 2103 2094 2093
f 2104 2101 2102
f 2094 2087 2095 2102
f 2103 2087 2094
f 2104 2102 2095
f 2123 2124 2147
f 2140 2139 2148
f 2124 2125 2147
f 2141 2140 2148
f 2125 2126 2147
f 2142 2141 2148
f 2126 2127 2147
f 2143 2142 2148
f 2127 2128 2147
f 2144 2143 2148
f 2128 2129 2147
f 2145 2144 2148
f 2129 2130 2147
f 2146 2145 2148
f 2130 2123 2147
f 2139 2146 2148
f 2131 2132 2124 2123
f 2132 2133 2125 2124
f 2133 2134 2126 2125
f 2134 2135 2127 2126
f 2135 2136 2128 2127
f 2136 2137 2129 2128
f 2137 2138 2130 2129
f 2138 2131 2123 2130
f 2139 2140 2132 2131
f 2140 2141 2133 2132
f 2141 2142 2134 2133
f 2142 2143 2135 2134
f 2143 2144 2136 2135
f 2144 2145 2137 2136
f 2145 2146 2138 2137
f 2146 2139 2131 2138
f 2431 2432 2439 2438
f 2445 2432 2431
f 2446 2438 2439
f 2432 2433 2440 2439
f 2445 2433 2432
f 2446 2439 2440
f 2433 2434 2441 2440
f 2445 2434 2433
f 2446 2440 2441
f 2434 2435 2442 2441
f 2445 2435 2434
f 2446 2441 2442
f 2435 2436 2443 2442
f 2445 2436 2435
f 2446 2442 2443
f 2436 2437 2444 2443
f 2445 2437 2436
f 2446 2443 2444
f 2437 2431 2438 2444
f 2445 2431 2437
f 2446 2444 2438
f 2473 2474 2482 2481
f 2489 2474 2473
f 2490 2481 2482
f 2474 2475 2483 2482
f 2489 2475 2474
f 2490 2482 2483
f 2475 2476 2484 2483
f 2489 2476 2475
f 2490 2483 2484
f 2476 2477 2485 2484
f 2489 2477 2476
f 2490 2484 2485
f 2477 2478 2486 2485
f 2489 2478 2477
f 2490 2485 2486
f 2478 2479 2487 2486
f 2489 2479 2478
f 2490 2486 2487
f 2479 2480 2488 2487
f 2489 2480 2479
f 2490 2487 2488
f 2480 2473 2481 2488
f 2489 2473 2480
f 2490 2488 2481
f 2509 2510 2533
f 2526 2525 2534
f 2510 2511 2533
f 2527 2526 2534
f 2511 2512 2533
f 2528 2527 2534
f 2512 2513 2533
f 2529 2528 2534
f 2513 2514 2533
f 2530 2529 2534
f 2514 2515 2533
f 2531 2530 2534
f 2515 2516 2533
f 2532 2531 2534
f 2516 2509 2533
f 2525 2532 2534
f 2517 2518 2510 2509
f 2518 2519 2511 2510
f 2519 2520 2512 2511
f 2520 2521 2513 2512
f 2521 2522 2514 2513
f 2522 2523 2515 2514
f 2523 2524 2516 2515
f 2524 2517 2509 2516
f 2525 2526 2518 2517
f 2526 2527 2519 2518
f 2527 2528 2520 2519
f 2528 2529 2521 2520
f 2529 2530 2522 2521
f 2530 2531 2523 2522
f 2531 2532 2524 2523
f 2532 2525 2517 2524
f 2817 2818 2825 2824
f 2831 2818 2817
f 2832 2824 2825
f 2818 2819 2826 2825
f 2831 2819 2818
f 2832 2825 2826
f 2819 2820 2827 2826
f 2831 2820 2819
f 2832 2826 2827
f 2820 2821 2828 2827
f 2831 2821 2820
f 2832 2827 2828
f 2821 2822 2829 2828
f 2831 2822 2821
f 2832 2828 2829
f 2822 2823 2830 2829
f 2831 2823 2822
f 2832 2829 2830
f 2823 2817 2824 2830
f 2831 2817 2823
f 2832 2830 2824
f 2859 2860 2868 2867
f 2875 2860 2859
f 2876 2867 2868
f 2860 2861 2869 2868
f 2875 2861 2860
f 2876 2868 2869
f 2861 2862 2870 2869
f 2875 2862 2861
f 2876 2869 2870
f 2862 2863 2871 2870
f 2875 2863 2862
f 2876 2870 2871
f 2863 2864 2872 2871
f 2875 2864 2863
f 2876 2871 2872
f 2864 2865 2873 2872
f 2875 2865 2864
f 2876 2872 2873
f 2865 2866 2874 2873
f 2875 2866 2865
f 2876 2873 2874
f 2866 2859 2867 2874
f 2875 2859 2866
f 2876 2874 2867
f 2895 2896 2919
f 2912 2911 2920
f 2896 2897 2919
f 2913 2912 2920
f 2897 2898 2919
f 2914 2913 2920
f 2898 2899 2919
f 2915 2914 2920
f 2899 2900 2919
f 2916 2915 2920
f 2900 2901 2919
f 2917 2916 2920
f 2901 2902 2919
f 2918 2917 2920
f 2902 2895 2919
f 2911 2918 2920
f 2903 2904 2896 2895
f 2904 2905 2897 2896
f 2905 2906 2898 2897
f 2906 2907 2899 2898
f 2907 2908 2900 2899
f 2908 2909 2901 2900
f 2909 2910 2902 2901
f 2910 2903 2895 2902
f 2911 2912 2904 2903
f 2912 2913 2905 2904
f 2913 2914 2906 2905
f 2914 2915 2907 2906
f 2915 2916 2908 2907
f 2916 2917 2909 2908
f 2917 2918 2910 2909
f 2918 2911 2903 2910
f 3203 3204 3211 3210
f 3217 3204 3203
f 3218 3210 3211
f 3204 3205 3212 3211
f 3217 3205 3204
f 3218 3211 3212
f 3205 3206 3213 3212
f 3217 3206 3205
f 3218 3212 3213
f 3206 3207 3214 3213
f 3217 3207 3206
f 3218 3213 3214
f 3207 3208 3215 3214
f 3217 3208 3207
f 3218 3214 3215
f 3208 3209 3216 3215
f 3217 3209 3208
f 3218 3215 3216
f 3209 3203 3210 3216
f 3217 3203 3209
f 3218 3216 3210
f 3245 3246 3254 3253
f 3261 3246 3245
f 3262 3253 3254
f 3246 3247 3255 3254
f 3261 3247 3246
f 3262 3254 3255
f 3247 3248 3256 3255
f 3261 3248 3247
f 3262 3255 3256
f 3248 3249 3257 3256
f 3261 3249 3248
f 3262 3256 3257
f 3249 3250 3258 3257
f 3261 3250 3249
f 3262 3257 3258
f 3250 3251 3259 3258
f 3261 3251 3250
f 3262 3258 3259
f 3251 3252 3260 3259
f 3261 3252 3251
f 3262 3259 3260
f 3252 3245 3253 3260
f 3261 3245 3252
f 3262 3260 3253
f 3281 3282 3305
f 3298 3297 3306
f 3282 3283 3305
f 3299 3298 3306
f 3283 3284 3305
f 3300 3299 3306
f 3284 3285 3305
f 3301 3300 3306
f 3285 3286 3305
f 3302 3301 3306
f 3286 3287 3305
f 3303 3302 3306
f 3287 3288 3305
f 3304 3303 3306
f 3288 3281 3305
f 3297 3304 3306
f 3289 3290 3282 3281
f 3290 3291 3283 3282
f 3291 3292 3284 3283
f 3292 3293 3285 3284
f 3293 3294 3286 3285
f 3294 3295 3287 3286
f 3295 3296 3288 3287
f 3296 3289 3281 3288
f 3297 3298 3290 3289
f 3298 3299 3291 3290
f 3299 3300 3292 3291
f 3300 3301 3293 3292
f 3301 3302 3294 3293
f 3302 3303 3295 3294
f 3303 3304 3296 3295
f 3304 3297 3289 3296
f 3589 3590 3597 3596
f 3603 3590 3589
f 3604 3596 3597
f 3590 3591 3598 3597
f 3603 3591 3590
f 3604 3597 3598
f 3591 3592 3599 3598
f 3603 3592 3591
f 3604 3598 3599
f 3592 3593 3600 3599
f 3603 3593 3592
f 3604 3599 3600
f 3593 3594 3601 3600
f 3603 3594 3593
f 3604 3600 3601
f 3594 3595 3602 3601
f 3603 3595 3594
f 3604 3601 3602
f 3595 3589 3596 3602
f 3603 3589 3595
f 3604 3602 3596
f 3631 3632 3640 3639
f 3647 3632 3631
f 3648 3639 3640
f 3632 3633 3641 3640
f 3647 3633 3632
f 3648 3640 3641
f 3633 3634 3642 3641
f 3647 3634 3633
f 3648 3641 3642
f 3634 3635 3643 3642
f 3647 3635 3634
f 3648 3642 3643
f 3635 3636 3644 3643
f 3647 3636 3635
f 3648 3643 3644
f 3636 3637 3645 3644
f 3647 3637 3636
f 3648 3644 3645
f 3637 3638 3646 3645
f 3647 3638 3637
f 3648 3645 3646
f 3638 3631 3639 3646
f 3647 3631 3638
f 3648 3646 3639
f 3667 3668 3691
f 3684 3683 3692
f 3668 3669 3691
f 3685 3684 3692
f 3669 3670 3691
f 3686 3685 3692
f 3670 3671 3691
f 3687 3686 3692
f 3671 3672 3691
f 3688 3687 3692
f 3672 3673 3691
f 3689 3688 3692
f 3673 3674 3691
f 3690 3689 3692
f 3674 3667 3691
f 3683 3690 3692
f 3675 3676 3668 3667
f 3676 3677 3669 3668
f 3677 3678 3670 3669
f 3678 3679 3671 3670
f 3679 3680 3672 3671
f 3680 3681 3673 3672
f 3681 3682 3674 3673
f 3682 3675 3667 3674
f 3683 3684 3676 3675
f 3684 3685 3677 3676
f 3685 3686 3678 3677
f 3686 3687 3679 3678
f 3687 3688 3680 3679
f 3688 3689 3681 3680
f 3689 3690 3682 3681
f 3690 3683 3675 3682
f 3975 3976 3983 3982
f 3989 3976 3975
f 3990 3982 3983
f 3976 3977 3984 3983
f 3989 3977 3976
f 3990 3983 3984
f 3977 3978 3985 3984
f 3989 3978 3977
f 3990 3984 3985
f 3978 3979 3986 3985
f 3989 3979 3978
f 3990 3985 3986
f 3979 3980 3987 3986
f 3989 3980 3979
f 3990 3986 3987
f 3980 3981 3988 3987
f 3989 3981 3980
f 3990 3987 3988
f 3981 3975 3982 3988
f 3989 3975 3981
f 3990 3988 3982
usemtl wood
f 1181 1182 1188 1187
f 1193 1182 1181
f 1194 1187 1188
f 1182 1183 1189 1188
f 1193 1183 1182
f 1194 1188 1189
f 1183 1184 1190 1189
f 1193 1184 1183
f 1194 1189 1190
f 1184 1185 1191 1190
f 1193 1185 1184
f 1194 1190 1191
f 1185 1186 1192 1191
f 1193 1186 1185
f 1194 1191 1192
f 1186 1181 1187 1192
f 1193 1181 1186
f 1194 1192 1187
f 1195 1196 1202 1201
f 1207 1196 1195
f 1208 1201 1202
f 1196 1197 1203 1202
f 1207 1197 1196
f 1208 1202 1203
f 1197 1198 1204 1203
f 1207 1198 1197
f 1208 1203 1204
f 1198 1199 1205 1204
f 1207 1199 1198
f 1208 1204 1205
f 1199 1200 1206 1205
f 1207 1200 1199
f 1208 1205 1206
f 1200 1195 1201 1206
f 1207 1195 1200
f 1208 1206 1201
f 1289 1290 1313
f 1306 1305 1314
f 1290 1291 1313
f 1307 1306 1314
f 1291 1292 1313
f 1308 1307 1314
f 1292 1293 1313
f 1309 1308 1314
f 1293 1294 1313
f 1310 1309 1314
f 1294 1295 1313
f 1311 1310 1314
f 1295 1296 1313
f 1312 1311 1314
f 1296 1289 1313
f 1305 1312 1314
f 1297 1298 1290 1289
f 1298 1299 1291 1290
f 1299 1300 1292 1291
f 1300 1301 1293 1292
f 1301 1302 1294 1293
f 1302 1303 1295 1294
f 1303 1304 1296 1295
f 1304 1297 1289 1296
f 1305 1306 1298 1297
f 1306 1307 1299 1298
f 1307 1308 1300 1299
f 1308 1309 1301 1300
f 1309 1310 1302 1301
f 1310 1311 1303 1302
f 1311 1312 1304 1303
f 1312 1305 1297 1304
f 1567 1568 1574 1573
f 1579 1568 1567
f 1580 1573 1574
f 1568 1569 1575 1574
f 1579 1569 1568
f 1580 1574 1575
f 1569 1570 1576 1575
f 1579 1570 1569
f 1580 1575 1576
f 1570 1571 1577 1576
f 1579 1571 1570
f 1580 1576 1577
f 1571 1572 1578 1577
f 1579 1572 1571
f 1580 1577 1578
f 1572 1567 1573 1578
f 1579 1567 1572
f 1580 1578 1573
f 1581 1582 1588 1587
f 1593 1582 1581
f 1594 1587 1588
f 1582 1583 1589 1588
f 1593 1583 1582
f 1594 1588 1589
f 1583 1584 1590 1589
f 1593 1584 1583
f 1594 1589 1590
f 1584 1585 1591 1590
f 1593 1585 1584
f 1594 1590 1591
f 1585 1586 1592 1591
f 1593 1586 1585
f 1594 1591 1592
f 1586 1581 1587 1592
f 1593 1581 1586
f 1594 1592 1587
f 1675 1676 1699
f 1692 1691 1700
f 1676 1677 1699
f 1693 1692 1700
f 1677 1678 1699
f 1694 1693 1700
f 1678 1679 1699
f 1695 1694 1700
f 1679 1680 1699
f 1696 1695 1700
f 1680 1681 1699
f 1697 1696 1700
f 1681 1682 1699
f 1698 1697 1700
f 1682 1675 1699
f 1691 1698 1700
f 1683 1684 1676 1675
f 1684 1685 1677 1676
f 1685 1686 1678 1677
f 1686 1687 1679 1678
f 1687 1688 1680 1679
f 1688 1689 1681 1680
f 1689 1690 1682 1681
f 1690 1683 1675 1682
f 1691 1692 1684 1683
f 1692 1693 1685 1684
f 1693 1694 1686 1685
f 1694 1695 1687 1686
f 1695 1696 1688 1687
f 1696 1697 1689 1688
f 1697 1698 1690 1689
f 1698 1691 1683 1690
f 1953 1954 1960 1959
f 1965 1954 1953
f 1966 1959 1960
f 1954 1955 1961 1960
f 1965 1955 1954
f 1966 1960 1961
f 1955 1956 1962 1961
f 1965 1956 1955
f 1966 1961 1962
f 1956 1957 1963 1962
f 1965 1957 1956
f 1966 1962 1963
f 1957 1958 1964 1963
f 1965 1958 1957
f 1966 1963 1964
f 1958 1953 1959 1964
f 1965 1953 1958
f 1966 1964 1959
f 1967 1968 1974 1973
f 1979 1968 1967
f 1980 1973 1974
f 1968 1969 1975 1974
f 1979 1969 1968
f 1980 1974 1975
f 1969 1970 1976 1975
f 1979 1970 1969
f 1980 1975 1976
f 1970 1971 1977 1976
f 1979 1971 1970
f 1980 1976 1977
f 1971 1972 1978 1977
f 1979 1972 1971
f 1980 1977 1978
f 1972 1967 1973 1978
f 1979 1967 1972
f 1980 1978 1973
f 2061 2062 2085
f 2078 2077 2086
f 2062 2063 2085
f 2079 2078 2086
f 2063 2064 2085
f 2080 2079 2086
f 2064 2065 2085
f 2081 2080 2086
f 2065 2066 2085
f 2082 2081 2086
f 2066 2067 2085
f 2083 2082 2086
f 2067 2068 2085
f 2084 2083 2086
f 2068 2061 2085
f 2077 2084 2086
f 2069 2070 2062 2061
f 2070 2071 2063 2062
f 2071 2072 2064 2063
f 2072 2073 2065 2064
f 2073 2074 2066 2065
f 2074 2075 2067 2066
f 2075 2076 2068 2067
f 2076 2069 2061 2068
f 2077 2078 2070 2069
f 2078 2079 2071 2070
f 2079 2080 2072 2071
f 2080 2081 2073 2072
f 2081 2082 2074 2073
f 2082 2083 2075 2074
f 2083 2084 2076 2075
f 2084 2077 2069 2076
f 2339 2340 2346 2345
f 2351 2340 2339
f 2352 2345 2346
f 2340 2341 2347 2346
f 2351 2341 2340
f 2352 2346 2347
f 2341 2342 2348 2347
f 2351 2342 2341
f 2352 2347 2348
f 2342 2343 2349 2348
f 2351 2343 2342
f 2352 2348 2349
f 2343 2344 2350 2349
f 2351 2344 2343
f 2352 2349 2350
f 2344 2339 2345 2350
f 2351 2339 2344
f 2352 2350 2345
f 2353 2354 2360 2359
f 2365 2354 2353
f 2366 2359 2360
f 2354 2355 2361 2360
f 2365 2355 2354
f 2366 2360 2361
f 2355 2356 2362 2361
f 2365 2356 2355
f 2366 2361 2362
f 2356 2357 2363 2362
f 2365 2357 2356
f 2366 2362 2363
f 2357 2358 2364 2363
f 2365 2358 2357
f 2366 2363 2364
f 2358 2353 2359 2364
f 2365 2353 2358
f 2366 2364 2359
f 2447 2448 2471
f 2464 2463 2472
f 2448 2449 2471
f 2465 2464 2472
f 2449 2450 2471
f 2466 2465 2472
f 2450 2451 2471
f 2467 2466 2472
f 2451 2452 2471
f 2468 2467 2472
f 2452 2453 2471
f 2469 2468 2472
f 2453 2454 2471
f 2470 2469 2472
f 2454 2447 2471
f 2463 2470 2472
f 2455 2456 2448 2447
f 2456 2457 2449 2448
f 2457 2458 2450 2449
f 2458 2459 2451 2450
f 2459 2460 2452 2451
f 2460 2461 2453 2452
f 2461 2462 2454 2453
f 2462 2455 2447 2454
f 2463 2464 2456 2455
f 2464 2465 2457 2456
f 2465 2466 2458 2457
f 2466 2467 2459 2458
f 2467 2468 2460 2459
f 2468 2469 2461 2460
f 2469 2470 2462 2461
f 2470 2463 2455 2462
f 2725 2726 2732 2731
f 2737 2726 2725
f 2738 2731 2732
f 2726 2727 2733 2732
f 2737 2727 2726
f 2738 2732 2733
f 2727 2728 2734 2733
f 2737 2728 2727
f 2738 2733 2734
f 2728 2729 2735 2734
f 2737 2729 2728
f 2738 2734 2735
f 2729 2730 2736 2735
f 2737 2730 2729
f 2738 2735 2736
f 2730 2725 2731 2736
f 2737 2725 2730
f 2738 2736 2731
f 2739 2740 2746 2745
f 2751 2740 2739
f 2752 2745 2746
f 2740 2741 2747 2746
f 2751 2741 2740
f 2752 2746 2747
f 2741 2742 2748 2747
f 2751 2742 2741
f 2752 2747 2748
f 2742 2743 2749 2748
f 2751 2743 2742
f 2752 2748 2749
f 2743 2744 2750 2749
f 2751 2744 2743
f 2752 2749 2750
f 2744 2739 2745 2750
f 2751 2739 2744
f 2752 2750 2745
f 2833 2834 2857
f 2850 2849 2858
f 2834 2835 2857
f 2851 2850 2858
f 2835 2836 2857
f 2852 2851 2858
f 2836 2837 2857
f 2853 2852 2858
f 2837 2838 2857
f 2854 2853 2858
f 2838 2839 2857
f 2855 2854 2858
f 2839 2840 2857
f 2856 2855 2858
f 2840 2833 2857
f 2849 2856 2858
f 2841 2842 2834 2833
f 2842 2843 2835 2834
f 2843 2844 2836 2835
f 2844 2845 2837 2836
f 2845 2846 2838 2837
f 2846 2847 2839 2838
f 2847 2848 2840 2839
f 2848 2841 2833 2840
f 2849 2850 2842 2841
f 2850 2851 2843 2842
f 2851 2852 2844 2843
f 2852 2853 2845 2844
f 2853 2854 2846 2845
f 2854 2855 2847 2846
f 2855 2856 2848 2847
f 2856 2849 2841 2848
f 3111 3112 3118 3117
f 3123 3112 3111
f 3124 3117 3118
f 3112 3113 3119 3118
f 3123 3113 3112
f 3124 3118 3119
f 3113 3114 3120 3119
f 3123 3114 3113
f 3124 3119 3120
f 3114 3115 3121 3120
f 3123 3115 3114
f 3124 3120 3121
f 3115 3116 3122 3121
f 3123 3116 3115
f 3124 3121 3122
f 3116 3111 3117 3122
f 3123 3111 3116
f 3124 3122 3117
f 3125 3126 3132 3131
f 3137 3126 3125
f 3138 3131 3132
f 3126 3127 3133 3132
f 3137 3127 3126
f 3138 3132 3133
f 3127 3128 3134 3133
f 3137 3128 3127
f 3138 3133 3134
f 3128 3129 3135 3134
f 3137 3129 3128
f 3138 3134 3135
f 3129 3130 3136 3135
f 3137 3130 3129
f 3138 3135 3136
f 3130 3125 3131 3136
f 3137 3125 3130
f 3138 3136 3131
f 3219 3220 3243
f 3236 3235 3244
f 3220 3221 3243
f 3237 3236 3244
f 3221 3222 3243
f 3238 3237 3244
f 3222 3223 3243
f 3239 3238 3244
f 3223 3224 3243
f 3240 3239 3244
f 3224 3225 3243
f 3241 3240 3244
f 3225 3226 3243
f 3242 3241 3244
f 3226 3219 3243
f 3235 3242 3244
f 3227 3228 3220 3219
f 3228 3229 3221 3220
f 3229 3230 3222 3221
f 3230 3231 3223 3222
f 3231 3232 3224 3223
f 3232 3233 3225 3224
f 3233 3234 3226 3225
f 3234 3227 3219 3226
f 3235 3236 3228 3227
f 3236 3237 3229 3228
f 3237 3238 3230 3229
f 3238 3239 3231 3230
f 3239 3240 3232 3231
f 3240 3241 3233 3232
f 3241 3242 3234 3233
f 3242 3235 3227 3234
f 3497 3498 3504 3503
f 3509 3498 3497
f 3510 3503 3504
f 3498 3499 3505 3504
f 3509 3499 3498
f 3510 3504 3505
f 3499 3500 3506 3505
f 3509 3500 3499
f 3510 3505 3506
f 3500 3501 3507 3506
f 3509 3501 3500
f 3510 3506 3507
f 3501 3502 3508 3507
f 3509 3502 3501
f 3510 3507 3508
f 3502 3497 3503 3508
f 3509 3497 3502
f 3510 3508 3503
f 3511 3512 3518 3517
f 3523 3512 3511
f 3524 3517 3518
f 3512 3513 3519 3518
f 3523 3513 3512
f 3524 3518 3519
f 3513 3514 3520 3519
f 3523 3514 3513
f 3524 3519 3520
f 3514 3515 3521 3520
f 3523 3515 3514
f 3524 3520 3521
f 3515 3516 3522 3521
f 3523 3516 3515
f 3524 3521 3522
f 3516 3511 3517 3522
f 3523 3511 3516
f 3524 3522 3517
f 3605 3606 3629
f 3622 3621 3630
f 3606 3607 3629
f 3623 3622 3630
f 3607 3608 3629
f 3624 3623 3630
f 3608 3609 3629
f 3625 3624 3630
f 3609 3610 3629
f 3626 3625 3630
f 3610 3611 3629
f 3627 3626 3630
f 3611 3612 3629
f 3628 3627 3630
f 3612 3605 3629
f 3621 3628 3630
f 3613 3614 3606 3605
f 3614 3615 3607 3606
f 3615 3616 3608 3607
f 3616 3617 3609 3608
f 3617 3618 3610 3609
f 3618 3619 3611 3610
f 3619 3620 3612 3611
f 3620 3613 3605 3612
f 3621 3622 3614 3613
f 3622 3623 3615 3614
f 3623 3624 3616 3615
f 3624 3625 3617 3616
f 3625 3626 3618 3617
f 3626 3627 3619 3618
f 3627 3628 3620 3619
f 3628 3621 3613 3620
f 3883 3884 3890 3889
f 3895 3884 3883
f 3896 3889 3890
f 3884 3885 3891 3890
f 3895 3885 3884
f 3896 3890 3891
f 3885 3886 3892 3891
f 3895 3886 3885
f 3896 3891 3892
f 3886 3887 3893 3892
f 3895 3887 3886
f 3896 3892 3893
f 3887 3888 3894 3893
f 3895 3888 3887
f 3896 3893 3894
f 3888 3883 3889 3894
f 3895 3883 3888
f 3896 3894 3889
f 3897 3898 3904 3903
f 3909 3898 3897
f 3910 3903 3904
f 3898 3899 3905 3904
f 3909 3899 3898
f 3910 3904 3905
f 3899 3900 3906 3905
f 3909 3900 3899
f 3910 3905 3906
f 3900 3901 3907 3906
f 3909 3901 3900
f 3910 3906 3907
f 3901 3902 3908 3907
f 3909 3902 3901
f 3910 3907 3908
f 3902 3897 3903 3908
f 3909 3897 3902
f 3910 3908 3903
f 3991 3992 4015
f 4008 4007 4016
f 3992 3993 4015
f 4009 4008 4016
f 3993 3994 4015
f 4010 4009 4016
f 3994 3995 4015
f 4011 4010 4016
f 3995 3996 4015
f 4012 4011 4016
f 3996 3997 4015
f 4013 4012 4016
f 3997 3998 4015
f 4014 4013 4016
f 3998 3991 4015
f 4007 4014 4016
f 3999 4000 3992 3991
f 4000 4001 3993 3992
f 4001 4002 3994 3993
f 4002 4003 3995 3994
f 4003 4004 3996 3995
f 4004 4005 3997 3996
f 4005 4006 3998 3997
f 4006 3999 3991 3998
f 4007 4008 4000 3999
f 4008 4009 4001 4000
f 4009 4010 4002 4001
f 4010 4011 4003 4002
f 4011 4012 4004 4003
f 4012 4013 4005 4004
f 4013 4014 4006 4005
f 4014 4007 3999 4006
usemtl mint
f 1377 1378 1427
f 1418 1417 1428
f 1378 1379 1427
f 1419 1418 1428
f 1379 1380 1427
f 1420 1419 1428
f 1380 1381 1427
f 1421 1420 1428
f 1381 1382 1427
f 1422 1421 1428
f 1382 1383 1427
f 1423 1422 1428
f 1383 1384 1427
f 1424 1423 1428
f 1384 1385 1427
f 1425 1424 1428
f 1385 1386 1427
f 1426 1425 1428
f 1386 1377 1427
f 1417 1426 1428
f 1387 1388 1378 1377
f 1388 1389 1379 1378
f 1389 1390 1380 1379
f 1390 1391 1381 1380
f 1391 1392 1382 1381
f 1392 1393 1383 1382
f 1393 1394 1384 1383
f 1394 1395 1385 1384
f 1395 1396 1386 1385
f 1396 1387 1377 1386
f 1397 1398 1388 1387
f 1398 1399 1389 1388
f 1399 1400 1390 1389
f 1400 1401 1391 1390
f 1401 1402 1392 1391
f 1402 1403 1393 1392
f 1403 1404 1394 1393
f 1404 1405 1395 1394
f 1405 1406 1396 1395
f 1406 1397 1387 1396
f 1407 1408 1398 1397
f 1408 1409 1399 1398
f 1409 1410 1400 1399
f 1410 1411 1401 1400
f 1411 1412 1402 1401
f 1412 1413 1403 1402
f 1413 1414 1404 1403
f 1414 1415 1405 1404
f 1415 1416 1406 1405
f 1416 1407 1397 1406
f 1417 1418 1408 1407
f 1418 1419 1409 1408
f 1419 1420 1410 1409
f 1420 1421 1411 1410
f 1421 1422 1412 1411
f 1422 1423 1413 1412
f 1423 1424 1414 1413
f 1424 1425 1415 1414
f 1425 1426 1416 1415
f 1426 1417 1407 1416
f 1463 1464 1472 1471
f 1479 1464 1463
f 1480 1471 1472
f 1464 1465 1473 1472
f 1479 1465 1464
f 1480 1472 1473
f 1465 1466 1474 1473
f 1479 1466 1465
f 1480 1473 1474
f 1466 1467 1475 1474
f 1479 1467 1466
f 1480 1474 1475
f 1467 1468 1476 1475
f 1479 1468 1467
f 1480 1475 1476
f 1468 1469 1477 1476
f 1479 1469 1468
f 1480 1476 1477
f 1469 1470 1478 1477
f 1479 1470 1469
f 1480 1477 1478
f 1470 1463 1471 1478
f 1479 1463 1470
f 1480 1478 1471
f 1481 1482 1513
f 1506 1505 1514
f 1482 1483 1513
f 1507 1506 1514
f 1483 1484 1513
f 1508 1507 1514
f 1484 1485 1513
f 1509 1508 1514
f 1485 1486 1513
f 1510 1509 1514
f 1486 1487 1513
f 1511 1510 1514
f 1487 1488 1513
f 1512 1511 1514
f 1488 1481 1513
f 1505 1512 1514
f 1489 1490 1482 1481
f 1490 1491 1483 1482
f 1491 1492 1484 1483
f 1492 1493 1485 1484
f 1493 1494 1486 1485
f 1494 1495 1487 1486
f 1495 1496 1488 1487
f 1496 1489 1481 1488
f 1497 1498 1490 1489
f 1498 1499 1491 1490
f 1499 1500 1492 1491
f 1500 1501 1493 1492
f 1501 1502 1494 1493
f 1502 1503 1495 1494
f 1503 1504 1496 1495
f 1504 1497 1489 1496
f 1505 1506 1498 1497
f 1506 1507 1499 1498
f 1507 1508 1500 1499
f 1508 1509 1501 1500
f 1509 1510 1502 1501
f 1510 1511 1503 1502
f 1511 1512 1504 1503
f 1512 1505 1497 1504
f 1595 1596 1603 1602
f 1609 1596 1595
f 1610 1602 1603
f 1596 1597 1604 1603
f 1609 1597 1596
f 1610 1603 1604
f 1597 1598 1605 1604
f 1609 1598 1597
f 1610 1604 1605
f 1598 1599 1606 1605
f 1609 1599 1598
f 1610 1605 1606
f 1599 1600 1607 1606
f 1609 1600 1599
f 1610 1606 1607
f 1600 1601 1608 1607
f 1609 1601 1600
f 1610 1607 1608
f 1601 1595 1602 1608
f 1609 1595 1601
f 1610 1608 1602
f 1611 1612 1619 1618
f 1625 1612 1611
f 1626 1618 1619
f 1612 1613 1620 1619
f 1625 1613 1612
f 1626 1619 1620
f 1613 1614 1621 1620
f 1625 1614 1613
f 1626 1620 1621
f 1614 1615 1622 1621
f 1625 1615 1614
f 1626 1621 1622
f 1615 1616 1623 1622
f 1625 1616 1615
f 1626 1622 1623
f 1616 1617 1624 1623
f 1625 1617 1616
f 1626 1623 1624
f 1617 1611 1618 1624
f 1625 1611 1617
f 1626 1624 1618
f 1627 1628 1635 1634
f 1641 1628 1627
f 1642 1634 1635
f 1628 1629 1636 1635
f 1641 1629 1628
f 1642 1635 1636
f 1629 1630 1637 1636
f 1641 1630 1629
f 1642 1636 1637
f 1630 1631 1638 1637
f 1641 1631 1630
f 1642 1637 1638
f 1631 1632 1639 1638
f 1641 1632 1631
f 1642 1638 1639
f 1632 1633 1640 1639
f 1641 1633 1632
f 1642 1639 1640
f 1633 1627 1634 1640
f 1641 1627 1633
f 1642 1640 1634
f 1643 1644 1651 1650
f 1657 1644 1643
f 1658 1650 1651
f 1644 1645 1652 1651
f 1657 1645 1644
f 1658 1651 1652
f 1645 1646 1653 1652
f 1657 1646 1645
f 1658 1652 1653
f 1646 1647 1654 1653
f 1657 1647 1646
f 1658 1653 1654
f 1647 1648 1655 1654
f 1657 1648 1647
f 1658 1654 1655
f 1648 1649 1656 1655
f 1657 1649 1648
f 1658 1655 1656
f 1649 1643 1650 1656
f 1657 1643 1649
f 1658 1656 1650
f 2149 2150 2199
f 2190 2189 2200
f 2150 2151 2199
f 2191 2190 2200
f 2151 2152 2199
f 2192 2191 2200
f 2152 2153 2199
f 2193 2192 2200
f 2153 2154 2199
f 2194 2193 2200
f 2154 2155 2199
f 2195 2194 2200
f 2155 2156 2199
f 2196 2195 2200
f 2156 2157 2199
f 2197 2196 2200
f 2157 2158 2199
f 2198 2197 2200
f 2158 2149 2199
f 2189 2198 2200
f 2159 2160 2150 2149
f 2160 2161 2151 2150
f 2161 2162 2152 2151
f 2162 2163 2153 2152
f 2163 2164 2154 2153
f 2164 2165 2155 2154
f 2165 2166 2156 2155
f 2166 2167 2157 2156
f 2167 2168 2158 2157
f 2168 2159 2149 2158
f 2169 2170 2160 2159
f 2170 2171 2161 2160
f 2171 2172 2162 2161
f 2172 2173 2163 2162
f 2173 2174 2164 2163
f 2174 2175 2165 2164
f 2175 2176 2166 2165
f 2176 2177 2167 2166
f 2177 2178 2168 2167
f 2178 2169 2159 2168
f 2179 2180 2170 2169
f 2180 2181 2171 2170
f 2181 2182 2172 2171
f 2182 2183 2173 2172
f 2183 2184 2174 2173
f 2184 2185 2175 2174
f 2185 2186 2176 2175
f 2186 2187 2177 2176
f 2187 2188 2178 2177
f 2188 2179 2169 2178
f 2189 2190 2180 2179
f 2190 2191 2181 2180
f 2191 2192 2182 2181
f 2192 2193 2183 2182
f 2193 2194 2184 2183
f 2194 2195 2185 2184
f 2195 2196 2186 2185
f 2196 2197 2187 2186
f 2197 2198 2188 2187
f 2198 2189 2179 2188
f 2235 2236 2244 2243
f 2251 2236 2235
f 2252 2243 2244
f 2236 2237 2245 2244
f 2251 2237 2236
f 2252 2244 2245
f 2237 2238 2246 2245
f 2251 2238 2237
f 2252 2245 2246
f 2238 2239 2247 2246
f 2251 2239 2238
f 2252 2246 2247
f 2239 2240 2248 2247
f 2251 2240 2239
f 2252 2247 2248
f 2240 2241 2249 2248
f 2251 2241 2240
f 2252 2248 2249
f 2241 2242 2250 2249
f 2251 2242 2241
f 2252 2249 2250
f 2242 2235 2243 2250
f 2251 2235 2242
f 2252 2250 2243
f 2253 2254 2285
f 2278 2277 2286
f 2254 2255 2285
f 2279 2278 2286
f 2255 2256 2285
f 2280 2279 2286
f 2256 2257 2285
f 2281 2280 2286
f 2257 2258 2285
f 2282 2281 2286
f 2258 2259 2285
f 2283 2282 2286
f 2259 2260 2285
f 2284 2283 2286
f 2260 2253 2285
f 2277 2284 2286
f 2261 2262 2254 2253
f 2262 2263 2255 2254
f 2263 2264 2256 2255
f 2264 2265 2257 2256
f 2265 2266 2258 2257
f 2266 2267 2259 2258
f 2267 2268 2260 2259
f 2268 2261 2253 2260
f 2269 2270 2262 2261
f 2270 2271 2263 2262
f 2271 2272 2264 2263
f 2272 2273 2265 2264
f 2273 2274 2266 2265
f 2274 2275 2267 2266
f 2275 2276 2268 2267
f 2276 2269 2261 2268
f 2277 2278 2270 2269
f 2278 2279 2271 2270
f 2279 2280 2272 2271
f 2280 2281 2273 2272
f 2281 2282 2274 2273
f 2282 2283 2275 2274
f 2283 2284 2276 2275
f 2284 2277 2269 2276
f 2367 2368 2375 2374
f 2381 2368 2367
f 2382 2374 2375
f 2368 2369 2376 2375
f 2381 2369 2368
f 2382 2375 2376
f 2369 2370 2377 2376
f 2381 2370 2369
f 2382 2376 2377
f 2370 2371 2378 2377
f 2381 2371 2370
f 2382 2377 2378
f 2371 2372 2379 2378
f 2381 2372 2371
f 2382 2378 2379
f 2372 2373 2380 2379
f 2381 2373 2372
f 2382 2379 2380
f 2373 2367 2374 2380
f 2381 2367 2373
f 2382 2380 2374
f 2383 2384 2391 2390
f 2397 2384 2383
f 2398 2390 2391
f 2384 2385 2392 2391
f 2397 2385 2384
f 2398 2391 2392
f 2385 2386 2393 2392
f 2397 2386 2385
f 2398 2392 2393
f 2386 2387 2394 2393
f 2397 2387 2386
f 2398 2393 2394
f 2387 2388 2395 2394
f 2397 2388 2387
f 2398 2394 2395
f 2388 2389 2396 2395
f 2397 2389 2388
f 2398 2395 2396
f 2389 2383 2390 2396
f 2397 2383 2389
f 2398 2396 2390
f 2399 2400 2407 2406
f 2413 2400 2399
f 2414 2406 2407
f 2400 2401 2408 2407
f 2413 2401 2400
f 2414 2407 2408
f 2401 2402 2409 2408
f 2413 2402 2401
f 2414 2408 2409
f 2402 2403 2410 2409
f 2413 2403 2402
f 2414 2409 2410
f 2403 2404 2411 2410
f 2413 2404 2403
f 2414 2410 2411
f 2404 2405 2412 2411
f 2413 2405 2404
f 2414 2411 2412
f 2405 2399 2406 2412
f 2413 2399 2405
f 2414 2412 2406
f 2415 2416 2423 2422
f 2429 2416 2415
f 2430 2422 2423
f 2416 2417 2424 2423
f 2429 2417 2416
f 2430 2423 2424
f 2417 2418 2425 2424
f 2429 2418 2417
f 2430 2424 2425
f 2418 2419 2426 2425
f 2429 2419 2418
f 2430 2425 2426
f 2419 2420 2427 2426
f 2429 2420 2419
f 2430 2426 2427
f 2420 2421 2428 2427
f 2429 2421 2420
f 2430 2427 2428
f 2421 2415 2422 2428
f 2429 2415 2421
f 2430 2428 2422
f 2921 2922 2971
f 2962 2961 2972
f 2922 2923 2971
f 2963 2962 2972
f 2923 2924 2971
f 2964 2963 2972
f 2924 2925 2971
f 2965 2964 2972
f 2925 2926 2971
f 2966 2965 2972
f 2926 2927 2971
f 2967 2966 2972
f 2927 2928 2971
f 2968 2967 2972
f 2928 2929 2971
f 2969 2968 2972
f 2929 2930 2971
f 2970 2969 2972
f 2930 2921 2971
f 2961 2970 2972
f 2931 2932 2922 2921
f 2932 2933 2923 2922
f 2933 2934 2924 2923
f 2934 2935 2925 2924
f 2935 2936 2926 2925
f 2936 2937 2927 2926
f 2937 2938 2928 2927
f 2938 2939 2929 2928
f 2939 2940 2930 2929
f 2940 2931 2921 2930
f 2941 2942 2932 2931
f 2942 2943 2933 2932
f 2943 2944 2934 2933
f 2944 2945 2935 2934
f 2945 2946 2936 2935
f 2946 2947 2937 2936
f 2947 2948 2938 2937
f 2948 2949 2939 2938
f 2949 2950 2940 2939
f 2950 2941 2931 2940
f 2951 2952 2942 2941
f 2952 2953 2943 2942
f 2953 2954 2944 2943
f 2954 2955 2945 2944
f 2955 2956 2946 2945
f 2956 2957 2947 2946
f 2957 2958 2948 2947
f 2958 2959 2949 2948
f 2959 2960 2950 2949
f 2960 2951 2941 2950
f 2961 2962 2952 2951
f 2962 2963 2953 2952
f 2963 2964 2954 2953
f 2964 2965 2955 2954
f 2965 2966 2956 2955
f 2966 2967 2957 2956
f 2967 2968 2958 2957
f 2968 2969 2959 2958
f 2969 2970 2960 2959
f 2970 2961 2951 2960
f 3007 3008 3016 3015
f 3023 3008 3007
f 3024 3015 3016
f 3008 3009 3017 3016
f 3023 3009 3008
f 3024 3016 3017
f 3009 3010 3018 3017
f 3023 3010 3009
f 3024 3017 3018
f 3010 3011 3019 3018
f 3023 3011 3010
f 3024 3018 3019
f 3011 3012 3020 3019
f 3023 3012 3011
f 3024 3019 3020
f 3012 3013 3021 3020
f 3023 3013 3012
f 3024 3020 3021
f 3013 3014 3022 3021
f 3023 3014 3013
f 3024 3021 3022
f 3014 3007 3015 3022
f 3023 3007 3014
f 3024 3022 3015
f 3025 3026 3057
f 3050 3049 3058
f 3026 3027 3057
f 3051 3050 3058
f 3027 3028 3057
f 3052 3051 3058
f 3028 3029 3057
f 3053 3052 3058
f 3029 3030 3057
f 3054 3053 3058
f 3030 3031 3057
f 3055 3054 3058
f 3031 3032 3057
f 3056 3055 3058
f 3032 3025 3057
f 3049 3056 3058
f 3033 3034 3026 3025
f 3034 3035 3027 3026
f 3035 3036 3028 3027
f 3036 3037 3029 3028
f 3037 3038 3030 3029
f 3038 3039 3031 3030
f 3039 3040 3032 3031
f 3040 3033 3025 3032
f 3041 3042 3034 3033
f 3042 3043 3035 3034
f 3043 3044 3036 3035
f 3044 3045 3037 3036
f 3045 3046 3038 3037
f 3046 3047 3039 3038
f 3047 3048 3040 3039
f 3048 3041 3033 3040
f 3049 3050 3042 3041
f 3050 3051 3043 3042
f 3051 3052 3044 3043
f 3052 3053 3045 3044
f 3053 3054 3046 3045
f 3054 3055 3047 3046
f 3055 3056 3048 3047
f 3056 3049 3041 3048
f 3139 3140 3147 3146
f 3153 3140 3139
f 3154 3146 3147
f 3140 3141 3148 3147
f 3153 3141 3140
f 3154 3147 3148
f 3141 3142 3149 3148
f 3153 3142 3141
f 3154 3148 3149
f 3142 3143 3150 3149
f 3153 3143 3142
f 3154 3149 3150
f 3143 3144 3151 3150
f 3153 3144 3143
f 3154 3150 3151
f 3144 3145 3152 3151
f 3153 3145 3144
f 3154 3151 3152
f 3145 3139 3146 3152
f 3153 3139 3145
f 3154 3152 3146
f 3155 3156 3163 3162
f 3169 3156 3155
f 3170 3162 3163
f 3156 3157 3164 3163
f 3169 3157 3156
f 3170 3163 3164
f 3157 3158 3165 3164
f 3169 3158 3157
f 3170 3164 3165
f 3158 3159 3166 3165
f 3169 3159 3158
f 3170 3165 3166
f 3159 3160 3167 3166
f 3169 3160 3159
f 3170 3166 3167
f 3160 3161 3168 3167
f 3169 3161 3160
f 3170 3167 3168
f 3161 3155 3162 3168
f 3169 3155 3161
f 3170 3168 3162
f 3171 3172 3179 3178
f 3185 3172 3171
f 3186 3178 3179
f 3172 3173 3180 3179
f 3185 3173 3172
f 3186 3179 3180
f 3173 3174 3181 3180
f 3185 3174 3173
f 3186 3180 3181
f 3174 3175 3182 3181
f 3185 3175 3174
f 3186 3181 3182
f 3175 3176 3183 3182
f 3185 3176 3175
f 3186 3182 3183
f 3176 3177 3184 3183
f 3185 3177 3176
f 3186 3183 3184
f 3177 3171 3178 3184
f 3185 3171 3177
f 3186 3184 3178
f 3187 3188 3195 3194
f 3201 3188 3187
f 3202 3194 3195
f 3188 3189 3196 3195
f 3201 3189 3188
f 3202 3195 3196
f 3189 3190 3197 3196
f 3201 3190 3189
f 3202 3196 3197
f 3190 3191 3198 3197
f 3201 3191 3190
f 3202 3197 3198
f 3191 3192 3199 3198
f 3201 3192 3191
f 3202 3198 3199
f 3192 3193 3200 3199
f 3201 3193 3192
f 3202 3199 3200
f 3193 3187 3194 3200
f 3201 3187 3193
f 3202 3200 3194
f 3693 3694 3743
f 3734 3733 3744
f 3694 3695 3743
f 3735 3734 3744
f 3695 3696 3743
f 3736 3735 3744
f 3696 3697 3743
f 3737 3736 3744
f 3697 3698 3743
f 3738 3737 3744
f 3698 3699 3743
f 3739 3738 3744
f 3699 3700 3743
f 3740 3739 3744
f 3700 3701 3743
f 3741 3740 3744
f 3701 3702 3743
f 3742 3741 3744
f 3702 3693 3743
f 3733 3742 3744
f 3703 3704 3694 3693
f 3704 3705 3695 3694
f 3705 3706 3696 3695
f 3706 3707 3697 3696
f 3707 3708 3698 3697
f 3708 3709 3699 3698
f 3709 3710 3700 3699
f 3710 3711 3701 3700
f 3711 3712 3702 3701
f 3712 3703 3693 3702
f 3713 3714 3704 3703
f 3714 3715 3705 3704
f 3715 3716 3706 3705
f 3716 3717 3707 3706
f 3717 3718 3708 3707
f 3718 3719 3709 3708
f 3719 3720 3710 3709
f 3720 3721 3711 3710
f 3721 3722 3712 3711
f 3722 3713 3703 3712
f 3723 3724 3714 3713
f 3724 3725 3715 3714
f 3725 3726 3716 3715
f 3726 3727 3717 3716
f 3727 3728 3718 3717
f 3728 3729 3719 3718
f 3729 3730 3720 3719
f 3730 3731 3721 3720
f 3731 3732 3722 3721
f 3732 3723 3713 3722
f 3733 3734 3724 3723
f 3734 3735 3725 3724
f 3735 3736 3726 3725
f 3736 3737 3727 3726
f 3737 3738 3728 3727
f 3738 3739 3729 3728
f 3739 3740 3730 3729
f 3740 3741 3731 3730
f 3741 3742 3732 3731
f 3742 3733 3723 3732
f 3779 3780 3788 3787
f 3795 3780 3779
f 3796 3787 3788
f 3780 3781 3789 3788
f 3795 3781 3780
f 3796 3788 3789
f 3781 3782 3790 3789
f 3795 3782 3781
f 3796 3789 3790
f 3782 3783 3791 3790
f 3795 3783 3782
f 3796 3790 3791
f 3783 3784 3792 3791
f 3795 3784 3783
f 3796 3791 3792
f 3784 3785 3793 3792
f 3795 3785 3784
f 3796 3792 3793
f 3785 3786 3794 3793
f 3795 3786 3785
f 3796 3793 3794
f 3786 3779 3787 3794
f 3795 3779 3786
f 3796 3794 3787
f 3797 3798 3829
f 3822 3821 3830
f 3798 3799 3829
f 3823 3822 3830
f 3799 3800 3829
f 3824 3823 3830
f 3800 3801 3829
f 3825 3824 3830
f 3801 3802 3829
f 3826 3825 3830
f 3802 3803 3829
f 3827 3826 3830
f 3803 3804 3829
f 3828 3827 3830
f 3804 3797 3829
f 3821 3828 3830
f 3805 3806 3798 3797
f 3806 3807 3799 3798
f 3807 3808 3800 3799
f 3808 3809 3801 3800
f 3809 3810 3802 3801
f 3810 3811 3803 3802
f 3811 3812 3804 3803
f 3812 3805 3797 3804
f 3813 3814 3806 3805
f 3814 3815 3807 3806
f 3815 3816 3808 3807
f 3816 3817 3809 3808
f 3817 3818 3810 3809
f 3818 3819 3811 3810
f 3819 3820 3812 3811
f 3820 3813 3805 3812
f 3821 3822 3814 3813
f 3822 3823 3815 3814
f 3823 3824 3816 3815
f 3824 3825 3817 3816
f 3825 3826 3818 3817
f 3826 3827 3819 3818
f 3827 3828 3820 3819
f 3828 3821 3813 3820
f 3911 3912 3919 3918
f 3925 3912 3911
f 3926 3918 3919
f 3912 3913 3920 3919
f 3925 3913 3912
f 3926 3919 3920
f 3913 3914 3921 3920
f 3925 3914 3913
f 3926 3920 3921
f 3914 3915 3922 3921
f 3925 3915 3914
f 3926 3921 3922
f 3915 3916 3923 3922
f 3925 3916 3915
f 3926 3922 3923
f 3916 3917 3924 3923
f 3925 3917 3916
f 3926 3923 3924
f 3917 3911 3918 3924
f 3925 3911 3917
f 3926 3924 3918
f 3927 3928 3935 3934
f 3941 3928 3927
f 3942 3934 3935
f 3928 3929 3936 3935
f 3941 3929 3928
f 3942 3935 3936
f 3929 3930 3937 3936
f 3941 3930 3929
f 3942 3936 3937
f 3930 3931 3938 3937
f 3941 3931 3930
f 3942 3937 3938
f 3931 3932 3939 3938
f 3941 3932 3931
f 3942 3938 3939
f 3932 3933 3940 3939
f 3941 3933 3932
f 3942 3939 3940
f 3933 3927 3934 3940
f 3941 3927 3933
f 3942 3940 3934
f 3943 3944 3951 3950
f 3957 3944 3943
f 3958 3950 3951
f 3944 3945 3952 3951
f 3957 3945 3944
f 3958 3951 3952
f 3945 3946 3953 3952
f 3957 3946 3945
f 3958 3952 3953
f 3946 3947 3954 3953
f 3957 3947 3946
f 3958 3953 3954
f 3947 3948 3955 3954
f 3957 3948 3947
f 3958 3954 3955
f 3948 3949 3956 3955
f 3957 3949 3948
f 3958 3955 3956
f 3949 3943 3950 3956
f 3957 3943 3949
f 3958 3956 3950
f 3959 3960 3967 3966
f 3973 3960 3959
f 3974 3966 3967
f 3960 3961 3968 3967
f 3973 3961 3960
f 3974 3967 3968
f 3961 3962 3969 3968
f 3973 3962 3961
f 3974 3968 3969
f 3962 3963 3970 3969
f 3973 3963 3962
f 3974 3969 3970
f 3963 3964 3971 3970
f 3973 3964 3963
f 3974 3970 3971
f 3964 3965 3972 3971
f 3973 3965 3964
f 3974 3971 3972
f 3965 3959 3966 3972
f 3973 3959 3965
f 3974 3972 3966
