# ParkParkFerrisWheel — ParkPark original fairground mesh
mtllib ParkParkFairground.mtl
o ParkParkFerrisWheel
v 6.17000 0.00000 -0.50000
v 6.08500 0.00000 -0.35278
v 5.91500 0.00000 -0.35278
v 5.83000 0.00000 -0.50000
v 5.91500 0.00000 -0.64722
v 6.08500 0.00000 -0.64722
v 6.11721 0.80535 -0.50000
v 6.03294 0.79425 -0.35278
v 5.86440 0.77206 -0.35278
v 5.78012 0.76097 -0.50000
v 5.86440 0.77206 -0.64722
v 6.03294 0.79425 -0.64722
v 5.95976 1.59691 -0.50000
v 5.87766 1.57491 -0.35278
v 5.71345 1.53091 -0.35278
v 5.63135 1.50892 -0.50000
v 5.71345 1.53091 -0.64722
v 5.87766 1.57491 -0.64722
v 5.70034 2.36116 -0.50000
v 5.62181 2.32863 -0.35278
v 5.46475 2.26357 -0.35278
v 5.38622 2.23104 -0.50000
v 5.46475 2.26357 -0.64722
v 5.62181 2.32863 -0.64722
v 5.34338 3.08500 -0.50000
v 5.26976 3.04250 -0.35278
v 5.12254 2.95750 -0.35278
v 5.04893 2.91500 -0.50000
v 5.12254 2.95750 -0.64722
v 5.26976 3.04250 -0.64722
v 4.89499 3.75606 -0.50000
v 4.82756 3.70431 -0.35278
v 4.69269 3.60082 -0.35278
v 4.62525 3.54908 -0.50000
v 4.69269 3.60082 -0.64722
v 4.82756 3.70431 -0.64722
v 4.36285 4.36285 -0.50000
v 4.30274 4.30274 -0.35278
v 4.18254 4.18254 -0.35278
v 4.12243 4.12243 -0.50000
v 4.18254 4.18254 -0.64722
v 4.30274 4.30274 -0.64722
v 3.75606 4.89499 -0.50000
v 3.70431 4.82756 -0.35278
v 3.60082 4.69269 -0.35278
v 3.54908 4.62525 -0.50000
v 3.60082 4.69269 -0.64722
v 3.70431 4.82756 -0.64722
v 3.08500 5.34338 -0.50000
v 3.04250 5.26976 -0.35278
v 2.95750 5.12254 -0.35278
v 2.91500 5.04893 -0.50000
v 2.95750 5.12254 -0.64722
v 3.04250 5.26976 -0.64722
v 2.36116 5.70034 -0.50000
v 2.32863 5.62181 -0.35278
v 2.26357 5.46475 -0.35278
v 2.23104 5.38622 -0.50000
v 2.26357 5.46475 -0.64722
v 2.32863 5.62181 -0.64722
v 1.59691 5.95976 -0.50000
v 1.57491 5.87766 -0.35278
v 1.53091 5.71345 -0.35278
v 1.50892 5.63135 -0.50000
v 1.53091 5.71345 -0.64722
v 1.57491 5.87766 -0.64722
v 0.80535 6.11721 -0.50000
v 0.79425 6.03294 -0.35278
v 0.77206 5.86440 -0.35278
v 0.76097 5.78012 -0.50000
v 0.77206 5.86440 -0.64722
v 0.79425 6.03294 -0.64722
v 0.00000 6.17000 -0.50000
v 0.00000 6.08500 -0.35278
v 0.00000 5.91500 -0.35278
v 0.00000 5.83000 -0.50000
v 0.00000 5.91500 -0.64722
v 0.00000 6.08500 -0.64722
v -0.80535 6.11721 -0.50000
v -0.79425 6.03294 -0.35278
v -0.77206 5.86440 -0.35278
v -0.76097 5.78012 -0.50000
v -0.77206 5.86440 -0.64722
v -0.79425 6.03294 -0.64722
v -1.59691 5.95976 -0.50000
v -1.57491 5.87766 -0.35278
v -1.53091 5.71345 -0.35278
v -1.50892 5.63135 -0.50000
v -1.53091 5.71345 -0.64722
v -1.57491 5.87766 -0.64722
v -2.36116 5.70034 -0.50000
v -2.32863 5.62181 -0.35278
v -2.26357 5.46475 -0.35278
v -2.23104 5.38622 -0.50000
v -2.26357 5.46475 -0.64722
v -2.32863 5.62181 -0.64722
v -3.08500 5.34338 -0.50000
v -3.04250 5.26976 -0.35278
v -2.95750 5.12254 -0.35278
v -2.91500 5.04893 -0.50000
v -2.95750 5.12254 -0.64722
v -3.04250 5.26976 -0.64722
v -3.75606 4.89499 -0.50000
v -3.70431 4.82756 -0.35278
v -3.60082 4.69269 -0.35278
v -3.54908 4.62525 -0.50000
v -3.60082 4.69269 -0.64722
v -3.70431 4.82756 -0.64722
v -4.36285 4.36285 -0.50000
v -4.30274 4.30274 -0.35278
v -4.18254 4.18254 -0.35278
v -4.12243 4.12243 -0.50000
v -4.18254 4.18254 -0.64722
v -4.30274 4.30274 -0.64722
v -4.89499 3.75606 -0.50000
v -4.82756 3.70431 -0.35278
v -4.69269 3.60082 -0.35278
v -4.62525 3.54908 -0.50000
v -4.69269 3.60082 -0.64722
v -4.82756 3.70431 -0.64722
v -5.34338 3.08500 -0.50000
v -5.26976 3.04250 -0.35278
v -5.12254 2.95750 -0.35278
v -5.04893 2.91500 -0.50000
v -5.12254 2.95750 -0.64722
v -5.26976 3.04250 -0.64722
v -5.70034 2.36116 -0.50000
v -5.62181 2.32863 -0.35278
v -5.46475 2.26357 -0.35278
v -5.38622 2.23104 -0.50000
v -5.46475 2.26357 -0.64722
v -5.62181 2.32863 -0.64722
v -5.95976 1.59691 -0.50000
v -5.87766 1.57491 -0.35278
v -5.71345 1.53091 -0.35278
v -5.63135 1.50892 -0.50000
v -5.71345 1.53091 -0.64722
v -5.87766 1.57491 -0.64722
v -6.11721 0.80535 -0.50000
v -6.03294 0.79425 -0.35278
v -5.86440 0.77206 -0.35278
v -5.78012 0.76097 -0.50000
v -5.86440 0.77206 -0.64722
v -6.03294 0.79425 -0.64722
v -6.17000 0.00000 -0.50000
v -6.08500 0.00000 -0.35278
v -5.91500 0.00000 -0.35278
v -5.83000 0.00000 -0.50000
v -5.91500 0.00000 -0.64722
v -6.08500 0.00000 -0.64722
v -6.11721 -0.80535 -0.50000
v -6.03294 -0.79425 -0.35278
v -5.86440 -0.77206 -0.35278
v -5.78012 -0.76097 -0.50000
v -5.86440 -0.77206 -0.64722
v -6.03294 -0.79425 -0.64722
v -5.95976 -1.59691 -0.50000
v -5.87766 -1.57491 -0.35278
v -5.71345 -1.53091 -0.35278
v -5.63135 -1.50892 -0.50000
v -5.71345 -1.53091 -0.64722
v -5.87766 -1.57491 -0.64722
v -5.70034 -2.36116 -0.50000
v -5.62181 -2.32863 -0.35278
v -5.46475 -2.26357 -0.35278
v -5.38622 -2.23104 -0.50000
v -5.46475 -2.26357 -0.64722
v -5.62181 -2.32863 -0.64722
v -5.34338 -3.08500 -0.50000
v -5.26976 -3.04250 -0.35278
v -5.12254 -2.95750 -0.35278
v -5.04893 -2.91500 -0.50000
v -5.12254 -2.95750 -0.64722
v -5.26976 -3.04250 -0.64722
v -4.89499 -3.75606 -0.50000
v -4.82756 -3.70431 -0.35278
v -4.69269 -3.60082 -0.35278
v -4.62525 -3.54908 -0.50000
v -4.69269 -3.60082 -0.64722
v -4.82756 -3.70431 -0.64722
v -4.36285 -4.36285 -0.50000
v -4.30274 -4.30274 -0.35278
v -4.18254 -4.18254 -0.35278
v -4.12243 -4.12243 -0.50000
v -4.18254 -4.18254 -0.64722
v -4.30274 -4.30274 -0.64722
v -3.75606 -4.89499 -0.50000
v -3.70431 -4.82756 -0.35278
v -3.60082 -4.69269 -0.35278
v -3.54908 -4.62525 -0.50000
v -3.60082 -4.69269 -0.64722
v -3.70431 -4.82756 -0.64722
v -3.08500 -5.34338 -0.50000
v -3.04250 -5.26976 -0.35278
v -2.95750 -5.12254 -0.35278
v -2.91500 -5.04893 -0.50000
v -2.95750 -5.12254 -0.64722
v -3.04250 -5.26976 -0.64722
v -2.36116 -5.70034 -0.50000
v -2.32863 -5.62181 -0.35278
v -2.26357 -5.46475 -0.35278
v -2.23104 -5.38622 -0.50000
v -2.26357 -5.46475 -0.64722
v -2.32863 -5.62181 -0.64722
v -1.59691 -5.95976 -0.50000
v -1.57491 -5.87766 -0.35278
v -1.53091 -5.71345 -0.35278
v -1.50892 -5.63135 -0.50000
v -1.53091 -5.71345 -0.64722
v -1.57491 -5.87766 -0.64722
v -0.80535 -6.11721 -0.50000
v -0.79425 -6.03294 -0.35278
v -0.77206 -5.86440 -0.35278
v -0.76097 -5.78012 -0.50000
v -0.77206 -5.86440 -0.64722
v -0.79425 -6.03294 -0.64722
v -0.00000 -6.17000 -0.50000
v -0.00000 -6.08500 -0.35278
v -0.00000 -5.91500 -0.35278
v -0.00000 -5.83000 -0.50000
v -0.00000 -5.91500 -0.64722
v -0.00000 -6.08500 -0.64722
v 0.80535 -6.11721 -0.50000
v 0.79425 -6.03294 -0.35278
v 0.77206 -5.86440 -0.35278
v 0.76097 -5.78012 -0.50000
v 0.77206 -5.86440 -0.64722
v 0.79425 -6.03294 -0.64722
v 1.59691 -5.95976 -0.50000
v 1.57491 -5.87766 -0.35278
v 1.53091 -5.71345 -0.35278
v 1.50892 -5.63135 -0.50000
v 1.53091 -5.71345 -0.64722
v 1.57491 -5.87766 -0.64722
v 2.36116 -5.70034 -0.50000
v 2.32863 -5.62181 -0.35278
v 2.26357 -5.46475 -0.35278
v 2.23104 -5.38622 -0.50000
v 2.26357 -5.46475 -0.64722
v 2.32863 -5.62181 -0.64722
v 3.08500 -5.34338 -0.50000
v 3.04250 -5.26976 -0.35278
v 2.95750 -5.12254 -0.35278
v 2.91500 -5.04893 -0.50000
v 2.95750 -5.12254 -0.64722
v 3.04250 -5.26976 -0.64722
v 3.75606 -4.89499 -0.50000
v 3.70431 -4.82756 -0.35278
v 3.60082 -4.69269 -0.35278
v 3.54908 -4.62525 -0.50000
v 3.60082 -4.69269 -0.64722
v 3.70431 -4.82756 -0.64722
v 4.36285 -4.36285 -0.50000
v 4.30274 -4.30274 -0.35278
v 4.18254 -4.18254 -0.35278
v 4.12243 -4.12243 -0.50000
v 4.18254 -4.18254 -0.64722
v 4.30274 -4.30274 -0.64722
v 4.89499 -3.75606 -0.50000
v 4.82756 -3.70431 -0.35278
v 4.69269 -3.60082 -0.35278
v 4.62525 -3.54908 -0.50000
v 4.69269 -3.60082 -0.64722
v 4.82756 -3.70431 -0.64722
v 5.34338 -3.08500 -0.50000
v 5.26976 -3.04250 -0.35278
v 5.12254 -2.95750 -0.35278
v 5.04893 -2.91500 -0.50000
v 5.12254 -2.95750 -0.64722
v 5.26976 -3.04250 -0.64722
v 5.70034 -2.36116 -0.50000
v 5.62181 -2.32863 -0.35278
v 5.46475 -2.26357 -0.35278
v 5.38622 -2.23104 -0.50000
v 5.46475 -2.26357 -0.64722
v 5.62181 -2.32863 -0.64722
v 5.95976 -1.59691 -0.50000
v 5.87766 -1.57491 -0.35278
v 5.71345 -1.53091 -0.35278
v 5.63135 -1.50892 -0.50000
v 5.71345 -1.53091 -0.64722
v 5.87766 -1.57491 -0.64722
v 6.11721 -0.80535 -0.50000
v 6.03294 -0.79425 -0.35278
v 5.86440 -0.77206 -0.35278
v 5.78012 -0.76097 -0.50000
v 5.86440 -0.77206 -0.64722
v 6.03294 -0.79425 -0.64722
v 5.20000 0.00000 -0.50000
v 5.13090 0.00000 -0.40489
v 5.01910 0.00000 -0.44122
v 5.01910 0.00000 -0.55878
v 5.13090 0.00000 -0.59511
v 5.13598 0.81346 -0.50000
v 5.06773 0.80265 -0.40489
v 4.95730 0.78516 -0.44122
v 4.95730 0.78516 -0.55878
v 5.06773 0.80265 -0.59511
v 4.94549 1.60689 -0.50000
v 4.87978 1.58554 -0.40489
v 4.77345 1.55099 -0.44122
v 4.77345 1.55099 -0.55878
v 4.87978 1.58554 -0.59511
v 4.63323 2.36075 -0.50000
v 4.57167 2.32938 -0.40489
v 4.47205 2.27862 -0.44122
v 4.47205 2.27862 -0.55878
v 4.57167 2.32938 -0.59511
v 4.20689 3.05648 -0.50000
v 4.15099 3.01587 -0.40489
v 4.06054 2.95015 -0.44122
v 4.06054 2.95015 -0.55878
v 4.15099 3.01587 -0.59511
v 3.67696 3.67696 -0.50000
v 3.62810 3.62810 -0.40489
v 3.54904 3.54904 -0.44122
v 3.54904 3.54904 -0.55878
v 3.62810 3.62810 -0.59511
v 3.05648 4.20689 -0.50000
v 3.01587 4.15099 -0.40489
v 2.95015 4.06054 -0.44122
v 2.95015 4.06054 -0.55878
v 3.01587 4.15099 -0.59511
v 2.36075 4.63323 -0.50000
v 2.32938 4.57167 -0.40489
v 2.27862 4.47205 -0.44122
v 2.27862 4.47205 -0.55878
v 2.32938 4.57167 -0.59511
v 1.60689 4.94549 -0.50000
v 1.58554 4.87978 -0.40489
v 1.55099 4.77345 -0.44122
v 1.55099 4.77345 -0.55878
v 1.58554 4.87978 -0.59511
v 0.81346 5.13598 -0.50000
v 0.80265 5.06773 -0.40489
v 0.78516 4.95730 -0.44122
v 0.78516 4.95730 -0.55878
v 0.80265 5.06773 -0.59511
v 0.00000 5.20000 -0.50000
v 0.00000 5.13090 -0.40489
v 0.00000 5.01910 -0.44122
v 0.00000 5.01910 -0.55878
v 0.00000 5.13090 -0.59511
v -0.81346 5.13598 -0.50000
v -0.80265 5.06773 -0.40489
v -0.78516 4.95730 -0.44122
v -0.78516 4.95730 -0.55878
v -0.80265 5.06773 -0.59511
v -1.60689 4.94549 -0.50000
v -1.58554 4.87978 -0.40489
v -1.55099 4.77345 -0.44122
v -1.55099 4.77345 -0.55878
v -1.58554 4.87978 -0.59511
v -2.36075 4.63323 -0.50000
v -2.32938 4.57167 -0.40489
v -2.27862 4.47205 -0.44122
v -2.27862 4.47205 -0.55878
v -2.32938 4.57167 -0.59511
v -3.05648 4.20689 -0.50000
v -3.01587 4.15099 -0.40489
v -2.95015 4.06054 -0.44122
v -2.95015 4.06054 -0.55878
v -3.01587 4.15099 -0.59511
v -3.67696 3.67696 -0.50000
v -3.62810 3.62810 -0.40489
v -3.54904 3.54904 -0.44122
v -3.54904 3.54904 -0.55878
v -3.62810 3.62810 -0.59511
v -4.20689 3.05648 -0.50000
v -4.15099 3.01587 -0.40489
v -4.06054 2.95015 -0.44122
v -4.06054 2.95015 -0.55878
v -4.15099 3.01587 -0.59511
v -4.63323 2.36075 -0.50000
v -4.57167 2.32938 -0.40489
v -4.47205 2.27862 -0.44122
v -4.47205 2.27862 -0.55878
v -4.57167 2.32938 -0.59511
v -4.94549 1.60689 -0.50000
v -4.87978 1.58554 -0.40489
v -4.77345 1.55099 -0.44122
v -4.77345 1.55099 -0.55878
v -4.87978 1.58554 -0.59511
v -5.13598 0.81346 -0.50000
v -5.06773 0.80265 -0.40489
v -4.95730 0.78516 -0.44122
v -4.95730 0.78516 -0.55878
v -5.06773 0.80265 -0.59511
v -5.20000 0.00000 -0.50000
v -5.13090 0.00000 -0.40489
v -5.01910 0.00000 -0.44122
v -5.01910 0.00000 -0.55878
v -5.13090 0.00000 -0.59511
v -5.13598 -0.81346 -0.50000
v -5.06773 -0.80265 -0.40489
v -4.95730 -0.78516 -0.44122
v -4.95730 -0.78516 -0.55878
v -5.06773 -0.80265 -0.59511
v -4.94549 -1.60689 -0.50000
v -4.87978 -1.58554 -0.40489
v -4.77345 -1.55099 -0.44122
v -4.77345 -1.55099 -0.55878
v -4.87978 -1.58554 -0.59511
v -4.63323 -2.36075 -0.50000
v -4.57167 -2.32938 -0.40489
v -4.47205 -2.27862 -0.44122
v -4.47205 -2.27862 -0.55878
v -4.57167 -2.32938 -0.59511
v -4.20689 -3.05648 -0.50000
v -4.15099 -3.01587 -0.40489
v -4.06054 -2.95015 -0.44122
v -4.06054 -2.95015 -0.55878
v -4.15099 -3.01587 -0.59511
v -3.67696 -3.67696 -0.50000
v -3.62810 -3.62810 -0.40489
v -3.54904 -3.54904 -0.44122
v -3.54904 -3.54904 -0.55878
v -3.62810 -3.62810 -0.59511
v -3.05648 -4.20689 -0.50000
v -3.01587 -4.15099 -0.40489
v -2.95015 -4.06054 -0.44122
v -2.95015 -4.06054 -0.55878
v -3.01587 -4.15099 -0.59511
v -2.36075 -4.63323 -0.50000
v -2.32938 -4.57167 -0.40489
v -2.27862 -4.47205 -0.44122
v -2.27862 -4.47205 -0.55878
v -2.32938 -4.57167 -0.59511
v -1.60689 -4.94549 -0.50000
v -1.58554 -4.87978 -0.40489
v -1.55099 -4.77345 -0.44122
v -1.55099 -4.77345 -0.55878
v -1.58554 -4.87978 -0.59511
v -0.81346 -5.13598 -0.50000
v -0.80265 -5.06773 -0.40489
v -0.78516 -4.95730 -0.44122
v -0.78516 -4.95730 -0.55878
v -0.80265 -5.06773 -0.59511
v -0.00000 -5.20000 -0.50000
v -0.00000 -5.13090 -0.40489
v -0.00000 -5.01910 -0.44122
v -0.00000 -5.01910 -0.55878
v -0.00000 -5.13090 -0.59511
v 0.81346 -5.13598 -0.50000
v 0.80265 -5.06773 -0.40489
v 0.78516 -4.95730 -0.44122
v 0.78516 -4.95730 -0.55878
v 0.80265 -5.06773 -0.59511
v 1.60689 -4.94549 -0.50000
v 1.58554 -4.87978 -0.40489
v 1.55099 -4.77345 -0.44122
v 1.55099 -4.77345 -0.55878
v 1.58554 -4.87978 -0.59511
v 2.36075 -4.63323 -0.50000
v 2.32938 -4.57167 -0.40489
v 2.27862 -4.47205 -0.44122
v 2.27862 -4.47205 -0.55878
v 2.32938 -4.57167 -0.59511
v 3.05648 -4.20689 -0.50000
v 3.01587 -4.15099 -0.40489
v 2.95015 -4.06054 -0.44122
v 2.95015 -4.06054 -0.55878
v 3.01587 -4.15099 -0.59511
v 3.67696 -3.67696 -0.50000
v 3.62810 -3.62810 -0.40489
v 3.54904 -3.54904 -0.44122
v 3.54904 -3.54904 -0.55878
v 3.62810 -3.62810 -0.59511
v 4.20689 -3.05648 -0.50000
v 4.15099 -3.01587 -0.40489
v 4.06054 -2.95015 -0.44122
v 4.06054 -2.95015 -0.55878
v 4.15099 -3.01587 -0.59511
v 4.63323 -2.36075 -0.50000
v 4.57167 -2.32938 -0.40489
v 4.47205 -2.27862 -0.44122
v 4.47205 -2.27862 -0.55878
v 4.57167 -2.32938 -0.59511
v 4.94549 -1.60689 -0.50000
v 4.87978 -1.58554 -0.40489
v 4.77345 -1.55099 -0.44122
v 4.77345 -1.55099 -0.55878
v 4.87978 -1.58554 -0.59511
v 5.13598 -0.81346 -0.50000
v 5.06773 -0.80265 -0.40489
v 4.95730 -0.78516 -0.44122
v 4.95730 -0.78516 -0.55878
v 5.06773 -0.80265 -0.59511
v 6.17000 0.00000 0.50000
v 6.08500 0.00000 0.64722
v 5.91500 0.00000 0.64722
v 5.83000 0.00000 0.50000
v 5.91500 0.00000 0.35278
v 6.08500 0.00000 0.35278
v 6.11721 0.80535 0.50000
v 6.03294 0.79425 0.64722
v 5.86440 0.77206 0.64722
v 5.78012 0.76097 0.50000
v 5.86440 0.77206 0.35278
v 6.03294 0.79425 0.35278
v 5.95976 1.59691 0.50000
v 5.87766 1.57491 0.64722
v 5.71345 1.53091 0.64722
v 5.63135 1.50892 0.50000
v 5.71345 1.53091 0.35278
v 5.87766 1.57491 0.35278
v 5.70034 2.36116 0.50000
v 5.62181 2.32863 0.64722
v 5.46475 2.26357 0.64722
v 5.38622 2.23104 0.50000
v 5.46475 2.26357 0.35278
v 5.62181 2.32863 0.35278
v 5.34338 3.08500 0.50000
v 5.26976 3.04250 0.64722
v 5.12254 2.95750 0.64722
v 5.04893 2.91500 0.50000
v 5.12254 2.95750 0.35278
v 5.26976 3.04250 0.35278
v 4.89499 3.75606 0.50000
v 4.82756 3.70431 0.64722
v 4.69269 3.60082 0.64722
v 4.62525 3.54908 0.50000
v 4.69269 3.60082 0.35278
v 4.82756 3.70431 0.35278
v 4.36285 4.36285 0.50000
v 4.30274 4.30274 0.64722
v 4.18254 4.18254 0.64722
v 4.12243 4.12243 0.50000
v 4.18254 4.18254 0.35278
v 4.30274 4.30274 0.35278
v 3.75606 4.89499 0.50000
v 3.70431 4.82756 0.64722
v 3.60082 4.69269 0.64722
v 3.54908 4.62525 0.50000
v 3.60082 4.69269 0.35278
v 3.70431 4.82756 0.35278
v 3.08500 5.34338 0.50000
v 3.04250 5.26976 0.64722
v 2.95750 5.12254 0.64722
v 2.91500 5.04893 0.50000
v 2.95750 5.12254 0.35278
v 3.04250 5.26976 0.35278
v 2.36116 5.70034 0.50000
v 2.32863 5.62181 0.64722
v 2.26357 5.46475 0.64722
v 2.23104 5.38622 0.50000
v 2.26357 5.46475 0.35278
v 2.32863 5.62181 0.35278
v 1.59691 5.95976 0.50000
v 1.57491 5.87766 0.64722
v 1.53091 5.71345 0.64722
v 1.50892 5.63135 0.50000
v 1.53091 5.71345 0.35278
v 1.57491 5.87766 0.35278
v 0.80535 6.11721 0.50000
v 0.79425 6.03294 0.64722
v 0.77206 5.86440 0.64722
v 0.76097 5.78012 0.50000
v 0.77206 5.86440 0.35278
v 0.79425 6.03294 0.35278
v 0.00000 6.17000 0.50000
v 0.00000 6.08500 0.64722
v 0.00000 5.91500 0.64722
v 0.00000 5.83000 0.50000
v 0.00000 5.91500 0.35278
v 0.00000 6.08500 0.35278
v -0.80535 6.11721 0.50000
v -0.79425 6.03294 0.64722
v -0.77206 5.86440 0.64722
v -0.76097 5.78012 0.50000
v -0.77206 5.86440 0.35278
v -0.79425 6.03294 0.35278
v -1.59691 5.95976 0.50000
v -1.57491 5.87766 0.64722
v -1.53091 5.71345 0.64722
v -1.50892 5.63135 0.50000
v -1.53091 5.71345 0.35278
v -1.57491 5.87766 0.35278
v -2.36116 5.70034 0.50000
v -2.32863 5.62181 0.64722
v -2.26357 5.46475 0.64722
v -2.23104 5.38622 0.50000
v -2.26357 5.46475 0.35278
v -2.32863 5.62181 0.35278
v -3.08500 5.34338 0.50000
v -3.04250 5.26976 0.64722
v -2.95750 5.12254 0.64722
v -2.91500 5.04893 0.50000
v -2.95750 5.12254 0.35278
v -3.04250 5.26976 0.35278
v -3.75606 4.89499 0.50000
v -3.70431 4.82756 0.64722
v -3.60082 4.69269 0.64722
v -3.54908 4.62525 0.50000
v -3.60082 4.69269 0.35278
v -3.70431 4.82756 0.35278
v -4.36285 4.36285 0.50000
v -4.30274 4.30274 0.64722
v -4.18254 4.18254 0.64722
v -4.12243 4.12243 0.50000
v -4.18254 4.18254 0.35278
v -4.30274 4.30274 0.35278
v -4.89499 3.75606 0.50000
v -4.82756 3.70431 0.64722
v -4.69269 3.60082 0.64722
v -4.62525 3.54908 0.50000
v -4.69269 3.60082 0.35278
v -4.82756 3.70431 0.35278
v -5.34338 3.08500 0.50000
v -5.26976 3.04250 0.64722
v -5.12254 2.95750 0.64722
v -5.04893 2.91500 0.50000
v -5.12254 2.95750 0.35278
v -5.26976 3.04250 0.35278
v -5.70034 2.36116 0.50000
v -5.62181 2.32863 0.64722
v -5.46475 2.26357 0.64722
v -5.38622 2.23104 0.50000
v -5.46475 2.26357 0.35278
v -5.62181 2.32863 0.35278
v -5.95976 1.59691 0.50000
v -5.87766 1.57491 0.64722
v -5.71345 1.53091 0.64722
v -5.63135 1.50892 0.50000
v -5.71345 1.53091 0.35278
v -5.87766 1.57491 0.35278
v -6.11721 0.80535 0.50000
v -6.03294 0.79425 0.64722
v -5.86440 0.77206 0.64722
v -5.78012 0.76097 0.50000
v -5.86440 0.77206 0.35278
v -6.03294 0.79425 0.35278
v -6.17000 0.00000 0.50000
v -6.08500 0.00000 0.64722
v -5.91500 0.00000 0.64722
v -5.83000 0.00000 0.50000
v -5.91500 0.00000 0.35278
v -6.08500 0.00000 0.35278
v -6.11721 -0.80535 0.50000
v -6.03294 -0.79425 0.64722
v -5.86440 -0.77206 0.64722
v -5.78012 -0.76097 0.50000
v -5.86440 -0.77206 0.35278
v -6.03294 -0.79425 0.35278
v -5.95976 -1.59691 0.50000
v -5.87766 -1.57491 0.64722
v -5.71345 -1.53091 0.64722
v -5.63135 -1.50892 0.50000
v -5.71345 -1.53091 0.35278
v -5.87766 -1.57491 0.35278
v -5.70034 -2.36116 0.50000
v -5.62181 -2.32863 0.64722
v -5.46475 -2.26357 0.64722
v -5.38622 -2.23104 0.50000
v -5.46475 -2.26357 0.35278
v -5.62181 -2.32863 0.35278
v -5.34338 -3.08500 0.50000
v -5.26976 -3.04250 0.64722
v -5.12254 -2.95750 0.64722
v -5.04893 -2.91500 0.50000
v -5.12254 -2.95750 0.35278
v -5.26976 -3.04250 0.35278
v -4.89499 -3.75606 0.50000
v -4.82756 -3.70431 0.64722
v -4.69269 -3.60082 0.64722
v -4.62525 -3.54908 0.50000
v -4.69269 -3.60082 0.35278
v -4.82756 -3.70431 0.35278
v -4.36285 -4.36285 0.50000
v -4.30274 -4.30274 0.64722
v -4.18254 -4.18254 0.64722
v -4.12243 -4.12243 0.50000
v -4.18254 -4.18254 0.35278
v -4.30274 -4.30274 0.35278
v -3.75606 -4.89499 0.50000
v -3.70431 -4.82756 0.64722
v -3.60082 -4.69269 0.64722
v -3.54908 -4.62525 0.50000
v -3.60082 -4.69269 0.35278
v -3.70431 -4.82756 0.35278
v -3.08500 -5.34338 0.50000
v -3.04250 -5.26976 0.64722
v -2.95750 -5.12254 0.64722
v -2.91500 -5.04893 0.50000
v -2.95750 -5.12254 0.35278
v -3.04250 -5.26976 0.35278
v -2.36116 -5.70034 0.50000
v -2.32863 -5.62181 0.64722
v -2.26357 -5.46475 0.64722
v -2.23104 -5.38622 0.50000
v -2.26357 -5.46475 0.35278
v -2.32863 -5.62181 0.35278
v -1.59691 -5.95976 0.50000
v -1.57491 -5.87766 0.64722
v -1.53091 -5.71345 0.64722
v -1.50892 -5.63135 0.50000
v -1.53091 -5.71345 0.35278
v -1.57491 -5.87766 0.35278
v -0.80535 -6.11721 0.50000
v -0.79425 -6.03294 0.64722
v -0.77206 -5.86440 0.64722
v -0.76097 -5.78012 0.50000
v -0.77206 -5.86440 0.35278
v -0.79425 -6.03294 0.35278
v -0.00000 -6.17000 0.50000
v -0.00000 -6.08500 0.64722
v -0.00000 -5.91500 0.64722
v -0.00000 -5.83000 0.50000
v -0.00000 -5.91500 0.35278
v -0.00000 -6.08500 0.35278
v 0.80535 -6.11721 0.50000
v 0.79425 -6.03294 0.64722
v 0.77206 -5.86440 0.64722
v 0.76097 -5.78012 0.50000
v 0.77206 -5.86440 0.35278
v 0.79425 -6.03294 0.35278
v 1.59691 -5.95976 0.50000
v 1.57491 -5.87766 0.64722
v 1.53091 -5.71345 0.64722
v 1.50892 -5.63135 0.50000
v 1.53091 -5.71345 0.35278
v 1.57491 -5.87766 0.35278
v 2.36116 -5.70034 0.50000
v 2.32863 -5.62181 0.64722
v 2.26357 -5.46475 0.64722
v 2.23104 -5.38622 0.50000
v 2.26357 -5.46475 0.35278
v 2.32863 -5.62181 0.35278
v 3.08500 -5.34338 0.50000
v 3.04250 -5.26976 0.64722
v 2.95750 -5.12254 0.64722
v 2.91500 -5.04893 0.50000
v 2.95750 -5.12254 0.35278
v 3.04250 -5.26976 0.35278
v 3.75606 -4.89499 0.50000
v 3.70431 -4.82756 0.64722
v 3.60082 -4.69269 0.64722
v 3.54908 -4.62525 0.50000
v 3.60082 -4.69269 0.35278
v 3.70431 -4.82756 0.35278
v 4.36285 -4.36285 0.50000
v 4.30274 -4.30274 0.64722
v 4.18254 -4.18254 0.64722
v 4.12243 -4.12243 0.50000
v 4.18254 -4.18254 0.35278
v 4.30274 -4.30274 0.35278
v 4.89499 -3.75606 0.50000
v 4.82756 -3.70431 0.64722
v 4.69269 -3.60082 0.64722
v 4.62525 -3.54908 0.50000
v 4.69269 -3.60082 0.35278
v 4.82756 -3.70431 0.35278
v 5.34338 -3.08500 0.50000
v 5.26976 -3.04250 0.64722
v 5.12254 -2.95750 0.64722
v 5.04893 -2.91500 0.50000
v 5.12254 -2.95750 0.35278
v 5.26976 -3.04250 0.35278
v 5.70034 -2.36116 0.50000
v 5.62181 -2.32863 0.64722
v 5.46475 -2.26357 0.64722
v 5.38622 -2.23104 0.50000
v 5.46475 -2.26357 0.35278
v 5.62181 -2.32863 0.35278
v 5.95976 -1.59691 0.50000
v 5.87766 -1.57491 0.64722
v 5.71345 -1.53091 0.64722
v 5.63135 -1.50892 0.50000
v 5.71345 -1.53091 0.35278
v 5.87766 -1.57491 0.35278
v 6.11721 -0.80535 0.50000
v 6.03294 -0.79425 0.64722
v 5.86440 -0.77206 0.64722
v 5.78012 -0.76097 0.50000
v 5.86440 -0.77206 0.35278
v 6.03294 -0.79425 0.35278
v 5.20000 0.00000 0.50000
v 5.13090 0.00000 0.59511
v 5.01910 0.00000 0.55878
v 5.01910 0.00000 0.44122
v 5.13090 0.00000 0.40489
v 5.13598 0.81346 0.50000
v 5.06773 0.80265 0.59511
v 4.95730 0.78516 0.55878
v 4.95730 0.78516 0.44122
v 5.06773 0.80265 0.40489
v 4.94549 1.60689 0.50000
v 4.87978 1.58554 0.59511
v 4.77345 1.55099 0.55878
v 4.77345 1.55099 0.44122
v 4.87978 1.58554 0.40489
v 4.63323 2.36075 0.50000
v 4.57167 2.32938 0.59511
v 4.47205 2.27862 0.55878
v 4.47205 2.27862 0.44122
v 4.57167 2.32938 0.40489
v 4.20689 3.05648 0.50000
v 4.15099 3.01587 0.59511
v 4.06054 2.95015 0.55878
v 4.06054 2.95015 0.44122
v 4.15099 3.01587 0.40489
v 3.67696 3.67696 0.50000
v 3.62810 3.62810 0.59511
v 3.54904 3.54904 0.55878
v 3.54904 3.54904 0.44122
v 3.62810 3.62810 0.40489
v 3.05648 4.20689 0.50000
v 3.01587 4.15099 0.59511
v 2.95015 4.06054 0.55878
v 2.95015 4.06054 0.44122
v 3.01587 4.15099 0.40489
v 2.36075 4.63323 0.50000
v 2.32938 4.57167 0.59511
v 2.27862 4.47205 0.55878
v 2.27862 4.47205 0.44122
v 2.32938 4.57167 0.40489
v 1.60689 4.94549 0.50000
v 1.58554 4.87978 0.59511
v 1.55099 4.77345 0.55878
v 1.55099 4.77345 0.44122
v 1.58554 4.87978 0.40489
v 0.81346 5.13598 0.50000
v 0.80265 5.06773 0.59511
v 0.78516 4.95730 0.55878
v 0.78516 4.95730 0.44122
v 0.80265 5.06773 0.40489
v 0.00000 5.20000 0.50000
v 0.00000 5.13090 0.59511
v 0.00000 5.01910 0.55878
v 0.00000 5.01910 0.44122
v 0.00000 5.13090 0.40489
v -0.81346 5.13598 0.50000
v -0.80265 5.06773 0.59511
v -0.78516 4.95730 0.55878
v -0.78516 4.95730 0.44122
v -0.80265 5.06773 0.40489
v -1.60689 4.94549 0.50000
v -1.58554 4.87978 0.59511
v -1.55099 4.77345 0.55878
v -1.55099 4.77345 0.44122
v -1.58554 4.87978 0.40489
v -2.36075 4.63323 0.50000
v -2.32938 4.57167 0.59511
v -2.27862 4.47205 0.55878
v -2.27862 4.47205 0.44122
v -2.32938 4.57167 0.40489
v -3.05648 4.20689 0.50000
v -3.01587 4.15099 0.59511
v -2.95015 4.06054 0.55878
v -2.95015 4.06054 0.44122
v -3.01587 4.15099 0.40489
v -3.67696 3.67696 0.50000
v -3.62810 3.62810 0.59511
v -3.54904 3.54904 0.55878
v -3.54904 3.54904 0.44122
v -3.62810 3.62810 0.40489
v -4.20689 3.05648 0.50000
v -4.15099 3.01587 0.59511
v -4.06054 2.95015 0.55878
v -4.06054 2.95015 0.44122
v -4.15099 3.01587 0.40489
v -4.63323 2.36075 0.50000
v -4.57167 2.32938 0.59511
v -4.47205 2.27862 0.55878
v -4.47205 2.27862 0.44122
v -4.57167 2.32938 0.40489
v -4.94549 1.60689 0.50000
v -4.87978 1.58554 0.59511
v -4.77345 1.55099 0.55878
v -4.77345 1.55099 0.44122
v -4.87978 1.58554 0.40489
v -5.13598 0.81346 0.50000
v -5.06773 0.80265 0.59511
v -4.95730 0.78516 0.55878
v -4.95730 0.78516 0.44122
v -5.06773 0.80265 0.40489
v -5.20000 0.00000 0.50000
v -5.13090 0.00000 0.59511
v -5.01910 0.00000 0.55878
v -5.01910 0.00000 0.44122
v -5.13090 0.00000 0.40489
v -5.13598 -0.81346 0.50000
v -5.06773 -0.80265 0.59511
v -4.95730 -0.78516 0.55878
v -4.95730 -0.78516 0.44122
v -5.06773 -0.80265 0.40489
v -4.94549 -1.60689 0.50000
v -4.87978 -1.58554 0.59511
v -4.77345 -1.55099 0.55878
v -4.77345 -1.55099 0.44122
v -4.87978 -1.58554 0.40489
v -4.63323 -2.36075 0.50000
v -4.57167 -2.32938 0.59511
v -4.47205 -2.27862 0.55878
v -4.47205 -2.27862 0.44122
v -4.57167 -2.32938 0.40489
v -4.20689 -3.05648 0.50000
v -4.15099 -3.01587 0.59511
v -4.06054 -2.95015 0.55878
v -4.06054 -2.95015 0.44122
v -4.15099 -3.01587 0.40489
v -3.67696 -3.67696 0.50000
v -3.62810 -3.62810 0.59511
v -3.54904 -3.54904 0.55878
v -3.54904 -3.54904 0.44122
v -3.62810 -3.62810 0.40489
v -3.05648 -4.20689 0.50000
v -3.01587 -4.15099 0.59511
v -2.95015 -4.06054 0.55878
v -2.95015 -4.06054 0.44122
v -3.01587 -4.15099 0.40489
v -2.36075 -4.63323 0.50000
v -2.32938 -4.57167 0.59511
v -2.27862 -4.47205 0.55878
v -2.27862 -4.47205 0.44122
v -2.32938 -4.57167 0.40489
v -1.60689 -4.94549 0.50000
v -1.58554 -4.87978 0.59511
v -1.55099 -4.77345 0.55878
v -1.55099 -4.77345 0.44122
v -1.58554 -4.87978 0.40489
v -0.81346 -5.13598 0.50000
v -0.80265 -5.06773 0.59511
v -0.78516 -4.95730 0.55878
v -0.78516 -4.95730 0.44122
v -0.80265 -5.06773 0.40489
v -0.00000 -5.20000 0.50000
v -0.00000 -5.13090 0.59511
v -0.00000 -5.01910 0.55878
v -0.00000 -5.01910 0.44122
v -0.00000 -5.13090 0.40489
v 0.81346 -5.13598 0.50000
v 0.80265 -5.06773 0.59511
v 0.78516 -4.95730 0.55878
v 0.78516 -4.95730 0.44122
v 0.80265 -5.06773 0.40489
v 1.60689 -4.94549 0.50000
v 1.58554 -4.87978 0.59511
v 1.55099 -4.77345 0.55878
v 1.55099 -4.77345 0.44122
v 1.58554 -4.87978 0.40489
v 2.36075 -4.63323 0.50000
v 2.32938 -4.57167 0.59511
v 2.27862 -4.47205 0.55878
v 2.27862 -4.47205 0.44122
v 2.32938 -4.57167 0.40489
v 3.05648 -4.20689 0.50000
v 3.01587 -4.15099 0.59511
v 2.95015 -4.06054 0.55878
v 2.95015 -4.06054 0.44122
v 3.01587 -4.15099 0.40489
v 3.67696 -3.67696 0.50000
v 3.62810 -3.62810 0.59511
v 3.54904 -3.54904 0.55878
v 3.54904 -3.54904 0.44122
v 3.62810 -3.62810 0.40489
v 4.20689 -3.05648 0.50000
v 4.15099 -3.01587 0.59511
v 4.06054 -2.95015 0.55878
v 4.06054 -2.95015 0.44122
v 4.15099 -3.01587 0.40489
v 4.63323 -2.36075 0.50000
v 4.57167 -2.32938 0.59511
v 4.47205 -2.27862 0.55878
v 4.47205 -2.27862 0.44122
v 4.57167 -2.32938 0.40489
v 4.94549 -1.60689 0.50000
v 4.87978 -1.58554 0.59511
v 4.77345 -1.55099 0.55878
v 4.77345 -1.55099 0.44122
v 4.87978 -1.58554 0.40489
v 5.13598 -0.81346 0.50000
v 5.06773 -0.80265 0.59511
v 4.95730 -0.78516 0.55878
v 4.95730 -0.78516 0.44122
v 5.06773 -0.80265 0.40489
v 0.60000 0.00000 -0.43000
v 0.60000 -0.06062 -0.46500
v 0.60000 -0.06062 -0.53500
v 0.60000 -0.00000 -0.57000
v 0.60000 0.06062 -0.53500
v 0.60000 0.06062 -0.46500
v 6.00000 0.00000 -0.43000
v 6.00000 -0.06062 -0.46500
v 6.00000 -0.06062 -0.53500
v 6.00000 -0.00000 -0.57000
v 6.00000 0.06062 -0.53500
v 6.00000 0.06062 -0.46500
v 0.60000 0.00000 -0.50000
v 6.00000 0.00000 -0.50000
v 0.60000 0.00000 0.57000
v 0.60000 -0.06062 0.53500
v 0.60000 -0.06062 0.46500
v 0.60000 -0.00000 0.43000
v 0.60000 0.06062 0.46500
v 0.60000 0.06062 0.53500
v 6.00000 0.00000 0.57000
v 6.00000 -0.06062 0.53500
v 6.00000 -0.06062 0.46500
v 6.00000 -0.00000 0.43000
v 6.00000 0.06062 0.46500
v 6.00000 0.06062 0.53500
v 0.60000 0.00000 0.50000
v 6.00000 0.00000 0.50000
v 5.91000 0.00000 -0.50000
v 5.95500 -0.07794 -0.50000
v 6.04500 -0.07794 -0.50000
v 6.09000 -0.00000 -0.50000
v 6.04500 0.07794 -0.50000
v 5.95500 0.07794 -0.50000
v 5.91000 0.00000 0.50000
v 5.95500 -0.07794 0.50000
v 6.04500 -0.07794 0.50000
v 6.09000 -0.00000 0.50000
v 6.04500 0.07794 0.50000
v 5.95500 0.07794 0.50000
v 6.00000 0.00000 -0.50000
v 6.00000 0.00000 0.50000
v 0.55433 0.22961 -0.43000
v 0.57753 0.17360 -0.46500
v 0.57753 0.17360 -0.53500
v 0.55433 0.22961 -0.57000
v 0.53113 0.28562 -0.53500
v 0.53113 0.28562 -0.46500
v 5.54328 2.29610 -0.43000
v 5.56648 2.24009 -0.46500
v 5.56648 2.24009 -0.53500
v 5.54328 2.29610 -0.57000
v 5.52008 2.35211 -0.53500
v 5.52008 2.35211 -0.46500
v 0.55433 0.22961 -0.50000
v 5.54328 2.29610 -0.50000
v 0.55433 0.22961 0.57000
v 0.57753 0.17360 0.53500
v 0.57753 0.17360 0.46500
v 0.55433 0.22961 0.43000
v 0.53113 0.28562 0.46500
v 0.53113 0.28562 0.53500
v 5.54328 2.29610 0.57000
v 5.56648 2.24009 0.53500
v 5.56648 2.24009 0.46500
v 5.54328 2.29610 0.43000
v 5.52008 2.35211 0.46500
v 5.52008 2.35211 0.53500
v 0.55433 0.22961 0.50000
v 5.54328 2.29610 0.50000
v 5.45328 2.29610 -0.50000
v 5.49828 2.21816 -0.50000
v 5.58828 2.21816 -0.50000
v 5.63328 2.29610 -0.50000
v 5.58828 2.37404 -0.50000
v 5.49828 2.37404 -0.50000
v 5.45328 2.29610 0.50000
v 5.49828 2.21816 0.50000
v 5.58828 2.21816 0.50000
v 5.63328 2.29610 0.50000
v 5.58828 2.37404 0.50000
v 5.49828 2.37404 0.50000
v 5.54328 2.29610 -0.50000
v 5.54328 2.29610 0.50000
v 0.42426 0.42426 -0.43000
v 0.46713 0.38140 -0.46500
v 0.46713 0.38140 -0.53500
v 0.42426 0.42426 -0.57000
v 0.38140 0.46713 -0.53500
v 0.38140 0.46713 -0.46500
v 4.24264 4.24264 -0.43000
v 4.28551 4.19977 -0.46500
v 4.28551 4.19977 -0.53500
v 4.24264 4.24264 -0.57000
v 4.19977 4.28551 -0.53500
v 4.19977 4.28551 -0.46500
v 0.42426 0.42426 -0.50000
v 4.24264 4.24264 -0.50000
v 0.42426 0.42426 0.57000
v 0.46713 0.38140 0.53500
v 0.46713 0.38140 0.46500
v 0.42426 0.42426 0.43000
v 0.38140 0.46713 0.46500
v 0.38140 0.46713 0.53500
v 4.24264 4.24264 0.57000
v 4.28551 4.19977 0.53500
v 4.28551 4.19977 0.46500
v 4.24264 4.24264 0.43000
v 4.19977 4.28551 0.46500
v 4.19977 4.28551 0.53500
v 0.42426 0.42426 0.50000
v 4.24264 4.24264 0.50000
v 4.15264 4.24264 -0.50000
v 4.19764 4.16470 -0.50000
v 4.28764 4.16470 -0.50000
v 4.33264 4.24264 -0.50000
v 4.28764 4.32058 -0.50000
v 4.19764 4.32058 -0.50000
v 4.15264 4.24264 0.50000
v 4.19764 4.16470 0.50000
v 4.28764 4.16470 0.50000
v 4.33264 4.24264 0.50000
v 4.28764 4.32058 0.50000
v 4.19764 4.32058 0.50000
v 4.24264 4.24264 -0.50000
v 4.24264 4.24264 0.50000
v 0.22961 0.55433 -0.57000
v 0.17360 0.57753 -0.53500
v 0.17360 0.57753 -0.46500
v 0.22961 0.55433 -0.43000
v 0.28562 0.53113 -0.46500
v 0.28562 0.53113 -0.53500
v 2.29610 5.54328 -0.57000
v 2.24009 5.56648 -0.53500
v 2.24009 5.56648 -0.46500
v 2.29610 5.54328 -0.43000
v 2.35211 5.52008 -0.46500
v 2.35211 5.52008 -0.53500
v 0.22961 0.55433 -0.50000
v 2.29610 5.54328 -0.50000
v 0.22961 0.55433 0.43000
v 0.17360 0.57753 0.46500
v 0.17360 0.57753 0.53500
v 0.22961 0.55433 0.57000
v 0.28562 0.53113 0.53500
v 0.28562 0.53113 0.46500
v 2.29610 5.54328 0.43000
v 2.24009 5.56648 0.46500
v 2.24009 5.56648 0.53500
v 2.29610 5.54328 0.57000
v 2.35211 5.52008 0.53500
v 2.35211 5.52008 0.46500
v 0.22961 0.55433 0.50000
v 2.29610 5.54328 0.50000
v 2.20610 5.54328 -0.50000
v 2.25110 5.46533 -0.50000
v 2.34110 5.46533 -0.50000
v 2.38610 5.54328 -0.50000
v 2.34110 5.62122 -0.50000
v 2.25110 5.62122 -0.50000
v 2.20610 5.54328 0.50000
v 2.25110 5.46533 0.50000
v 2.34110 5.46533 0.50000
v 2.38610 5.54328 0.50000
v 2.34110 5.62122 0.50000
v 2.25110 5.62122 0.50000
v 2.29610 5.54328 -0.50000
v 2.29610 5.54328 0.50000
v 0.00000 0.60000 -0.57000
v -0.06062 0.60000 -0.53500
v -0.06062 0.60000 -0.46500
v 0.00000 0.60000 -0.43000
v 0.06062 0.60000 -0.46500
v 0.06062 0.60000 -0.53500
v 0.00000 6.00000 -0.57000
v -0.06062 6.00000 -0.53500
v -0.06062 6.00000 -0.46500
v 0.00000 6.00000 -0.43000
v 0.06062 6.00000 -0.46500
v 0.06062 6.00000 -0.53500
v 0.00000 0.60000 -0.50000
v 0.00000 6.00000 -0.50000
v 0.00000 0.60000 0.43000
v -0.06062 0.60000 0.46500
v -0.06062 0.60000 0.53500
v 0.00000 0.60000 0.57000
v 0.06062 0.60000 0.53500
v 0.06062 0.60000 0.46500
v 0.00000 6.00000 0.43000
v -0.06062 6.00000 0.46500
v -0.06062 6.00000 0.53500
v 0.00000 6.00000 0.57000
v 0.06062 6.00000 0.53500
v 0.06062 6.00000 0.46500
v 0.00000 0.60000 0.50000
v 0.00000 6.00000 0.50000
v -0.09000 6.00000 -0.50000
v -0.04500 5.92206 -0.50000
v 0.04500 5.92206 -0.50000
v 0.09000 6.00000 -0.50000
v 0.04500 6.07794 -0.50000
v -0.04500 6.07794 -0.50000
v -0.09000 6.00000 0.50000
v -0.04500 5.92206 0.50000
v 0.04500 5.92206 0.50000
v 0.09000 6.00000 0.50000
v 0.04500 6.07794 0.50000
v -0.04500 6.07794 0.50000
v 0.00000 6.00000 -0.50000
v 0.00000 6.00000 0.50000
v -0.22961 0.55433 -0.57000
v -0.28562 0.53113 -0.53500
v -0.28562 0.53113 -0.46500
v -0.22961 0.55433 -0.43000
v -0.17360 0.57753 -0.46500
v -0.17360 0.57753 -0.53500
v -2.29610 5.54328 -0.57000
v -2.35211 5.52008 -0.53500
v -2.35211 5.52008 -0.46500
v -2.29610 5.54328 -0.43000
v -2.24009 5.56648 -0.46500
v -2.24009 5.56648 -0.53500
v -0.22961 0.55433 -0.50000
v -2.29610 5.54328 -0.50000
v -0.22961 0.55433 0.43000
v -0.28562 0.53113 0.46500
v -0.28562 0.53113 0.53500
v -0.22961 0.55433 0.57000
v -0.17360 0.57753 0.53500
v -0.17360 0.57753 0.46500
v -2.29610 5.54328 0.43000
v -2.35211 5.52008 0.46500
v -2.35211 5.52008 0.53500
v -2.29610 5.54328 0.57000
v -2.24009 5.56648 0.53500
v -2.24009 5.56648 0.46500
v -0.22961 0.55433 0.50000
v -2.29610 5.54328 0.50000
v -2.38610 5.54328 -0.50000
v -2.34110 5.46533 -0.50000
v -2.25110 5.46533 -0.50000
v -2.20610 5.54328 -0.50000
v -2.25110 5.62122 -0.50000
v -2.34110 5.62122 -0.50000
v -2.38610 5.54328 0.50000
v -2.34110 5.46533 0.50000
v -2.25110 5.46533 0.50000
v -2.20610 5.54328 0.50000
v -2.25110 5.62122 0.50000
v -2.34110 5.62122 0.50000
v -2.29610 5.54328 -0.50000
v -2.29610 5.54328 0.50000
v -0.42426 0.42426 -0.57000
v -0.46713 0.38140 -0.53500
v -0.46713 0.38140 -0.46500
v -0.42426 0.42426 -0.43000
v -0.38140 0.46713 -0.46500
v -0.38140 0.46713 -0.53500
v -4.24264 4.24264 -0.57000
v -4.28551 4.19977 -0.53500
v -4.28551 4.19977 -0.46500
v -4.24264 4.24264 -0.43000
v -4.19977 4.28551 -0.46500
v -4.19977 4.28551 -0.53500
v -0.42426 0.42426 -0.50000
v -4.24264 4.24264 -0.50000
v -0.42426 0.42426 0.43000
v -0.46713 0.38140 0.46500
v -0.46713 0.38140 0.53500
v -0.42426 0.42426 0.57000
v -0.38140 0.46713 0.53500
v -0.38140 0.46713 0.46500
v -4.24264 4.24264 0.43000
v -4.28551 4.19977 0.46500
v -4.28551 4.19977 0.53500
v -4.24264 4.24264 0.57000
v -4.19977 4.28551 0.53500
v -4.19977 4.28551 0.46500
v -0.42426 0.42426 0.50000
v -4.24264 4.24264 0.50000
v -4.33264 4.24264 -0.50000
v -4.28764 4.16470 -0.50000
v -4.19764 4.16470 -0.50000
v -4.15264 4.24264 -0.50000
v -4.19764 4.32058 -0.50000
v -4.28764 4.32058 -0.50000
v -4.33264 4.24264 0.50000
v -4.28764 4.16470 0.50000
v -4.19764 4.16470 0.50000
v -4.15264 4.24264 0.50000
v -4.19764 4.32058 0.50000
v -4.28764 4.32058 0.50000
v -4.24264 4.24264 -0.50000
v -4.24264 4.24264 0.50000
v -0.55433 0.22961 -0.57000
v -0.57753 0.17360 -0.53500
v -0.57753 0.17360 -0.46500
v -0.55433 0.22961 -0.43000
v -0.53113 0.28562 -0.46500
v -0.53113 0.28562 -0.53500
v -5.54328 2.29610 -0.57000
v -5.56648 2.24009 -0.53500
v -5.56648 2.24009 -0.46500
v -5.54328 2.29610 -0.43000
v -5.52008 2.35211 -0.46500
v -5.52008 2.35211 -0.53500
v -0.55433 0.22961 -0.50000
v -5.54328 2.29610 -0.50000
v -0.55433 0.22961 0.43000
v -0.57753 0.17360 0.46500
v -0.57753 0.17360 0.53500
v -0.55433 0.22961 0.57000
v -0.53113 0.28562 0.53500
v -0.53113 0.28562 0.46500
v -5.54328 2.29610 0.43000
v -5.56648 2.24009 0.46500
v -5.56648 2.24009 0.53500
v -5.54328 2.29610 0.57000
v -5.52008 2.35211 0.53500
v -5.52008 2.35211 0.46500
v -0.55433 0.22961 0.50000
v -5.54328 2.29610 0.50000
v -5.63328 2.29610 -0.50000
v -5.58828 2.21816 -0.50000
v -5.49828 2.21816 -0.50000
v -5.45328 2.29610 -0.50000
v -5.49828 2.37404 -0.50000
v -5.58828 2.37404 -0.50000
v -5.63328 2.29610 0.50000
v -5.58828 2.21816 0.50000
v -5.49828 2.21816 0.50000
v -5.45328 2.29610 0.50000
v -5.49828 2.37404 0.50000
v -5.58828 2.37404 0.50000
v -5.54328 2.29610 -0.50000
v -5.54328 2.29610 0.50000
v -0.60000 0.00000 -0.57000
v -0.60000 -0.06062 -0.53500
v -0.60000 -0.06062 -0.46500
v -0.60000 0.00000 -0.43000
v -0.60000 0.06062 -0.46500
v -0.60000 0.06062 -0.53500
v -6.00000 0.00000 -0.57000
v -6.00000 -0.06062 -0.53500
v -6.00000 -0.06062 -0.46500
v -6.00000 0.00000 -0.43000
v -6.00000 0.06062 -0.46500
v -6.00000 0.06062 -0.53500
v -0.60000 0.00000 -0.50000
v -6.00000 0.00000 -0.50000
v -0.60000 0.00000 0.43000
v -0.60000 -0.06062 0.46500
v -0.60000 -0.06062 0.53500
v -0.60000 0.00000 0.57000
v -0.60000 0.06062 0.53500
v -0.60000 0.06062 0.46500
v -6.00000 0.00000 0.43000
v -6.00000 -0.06062 0.46500
v -6.00000 -0.06062 0.53500
v -6.00000 0.00000 0.57000
v -6.00000 0.06062 0.53500
v -6.00000 0.06062 0.46500
v -0.60000 0.00000 0.50000
v -6.00000 0.00000 0.50000
v -6.09000 0.00000 -0.50000
v -6.04500 -0.07794 -0.50000
v -5.95500 -0.07794 -0.50000
v -5.91000 0.00000 -0.50000
v -5.95500 0.07794 -0.50000
v -6.04500 0.07794 -0.50000
v -6.09000 0.00000 0.50000
v -6.04500 -0.07794 0.50000
v -5.95500 -0.07794 0.50000
v -5.91000 0.00000 0.50000
v -5.95500 0.07794 0.50000
v -6.04500 0.07794 0.50000
v -6.00000 0.00000 -0.50000
v -6.00000 0.00000 0.50000
v -0.55433 -0.22961 -0.57000
v -0.53113 -0.28562 -0.53500
v -0.53113 -0.28562 -0.46500
v -0.55433 -0.22961 -0.43000
v -0.57753 -0.17360 -0.46500
v -0.57753 -0.17360 -0.53500
v -5.54328 -2.29610 -0.57000
v -5.52008 -2.35211 -0.53500
v -5.52008 -2.35211 -0.46500
v -5.54328 -2.29610 -0.43000
v -5.56648 -2.24009 -0.46500
v -5.56648 -2.24009 -0.53500
v -0.55433 -0.22961 -0.50000
v -5.54328 -2.29610 -0.50000
v -0.55433 -0.22961 0.43000
v -0.53113 -0.28562 0.46500
v -0.53113 -0.28562 0.53500
v -0.55433 -0.22961 0.57000
v -0.57753 -0.17360 0.53500
v -0.57753 -0.17360 0.46500
v -5.54328 -2.29610 0.43000
v -5.52008 -2.35211 0.46500
v -5.52008 -2.35211 0.53500
v -5.54328 -2.29610 0.57000
v -5.56648 -2.24009 0.53500
v -5.56648 -2.24009 0.46500
v -0.55433 -0.22961 0.50000
v -5.54328 -2.29610 0.50000
v -5.63328 -2.29610 -0.50000
v -5.58828 -2.37404 -0.50000
v -5.49828 -2.37404 -0.50000
v -5.45328 -2.29610 -0.50000
v -5.49828 -2.21816 -0.50000
v -5.58828 -2.21816 -0.50000
v -5.63328 -2.29610 0.50000
v -5.58828 -2.37404 0.50000
v -5.49828 -2.37404 0.50000
v -5.45328 -2.29610 0.50000
v -5.49828 -2.21816 0.50000
v -5.58828 -2.21816 0.50000
v -5.54328 -2.29610 -0.50000
v -5.54328 -2.29610 0.50000
v -0.42426 -0.42426 -0.57000
v -0.38140 -0.46713 -0.53500
v -0.38140 -0.46713 -0.46500
v -0.42426 -0.42426 -0.43000
v -0.46713 -0.38140 -0.46500
v -0.46713 -0.38140 -0.53500
v -4.24264 -4.24264 -0.57000
v -4.19977 -4.28551 -0.53500
v -4.19977 -4.28551 -0.46500
v -4.24264 -4.24264 -0.43000
v -4.28551 -4.19977 -0.46500
v -4.28551 -4.19977 -0.53500
v -0.42426 -0.42426 -0.50000
v -4.24264 -4.24264 -0.50000
v -0.42426 -0.42426 0.43000
v -0.38140 -0.46713 0.46500
v -0.38140 -0.46713 0.53500
v -0.42426 -0.42426 0.57000
v -0.46713 -0.38140 0.53500
v -0.46713 -0.38140 0.46500
v -4.24264 -4.24264 0.43000
v -4.19977 -4.28551 0.46500
v -4.19977 -4.28551 0.53500
v -4.24264 -4.24264 0.57000
v -4.28551 -4.19977 0.53500
v -4.28551 -4.19977 0.46500
v -0.42426 -0.42426 0.50000
v -4.24264 -4.24264 0.50000
v -4.33264 -4.24264 -0.50000
v -4.28764 -4.32058 -0.50000
v -4.19764 -4.32058 -0.50000
v -4.15264 -4.24264 -0.50000
v -4.19764 -4.16470 -0.50000
v -4.28764 -4.16470 -0.50000
v -4.33264 -4.24264 0.50000
v -4.28764 -4.32058 0.50000
v -4.19764 -4.32058 0.50000
v -4.15264 -4.24264 0.50000
v -4.19764 -4.16470 0.50000
v -4.28764 -4.16470 0.50000
v -4.24264 -4.24264 -0.50000
v -4.24264 -4.24264 0.50000
v -0.22961 -0.55433 -0.43000
v -0.28562 -0.53113 -0.46500
v -0.28562 -0.53113 -0.53500
v -0.22961 -0.55433 -0.57000
v -0.17360 -0.57753 -0.53500
v -0.17360 -0.57753 -0.46500
v -2.29610 -5.54328 -0.43000
v -2.35211 -5.52008 -0.46500
v -2.35211 -5.52008 -0.53500
v -2.29610 -5.54328 -0.57000
v -2.24009 -5.56648 -0.53500
v -2.24009 -5.56648 -0.46500
v -0.22961 -0.55433 -0.50000
v -2.29610 -5.54328 -0.50000
v -0.22961 -0.55433 0.57000
v -0.28562 -0.53113 0.53500
v -0.28562 -0.53113 0.46500
v -0.22961 -0.55433 0.43000
v -0.17360 -0.57753 0.46500
v -0.17360 -0.57753 0.53500
v -2.29610 -5.54328 0.57000
v -2.35211 -5.52008 0.53500
v -2.35211 -5.52008 0.46500
v -2.29610 -5.54328 0.43000
v -2.24009 -5.56648 0.46500
v -2.24009 -5.56648 0.53500
v -0.22961 -0.55433 0.50000
v -2.29610 -5.54328 0.50000
v -2.38610 -5.54328 -0.50000
v -2.34110 -5.62122 -0.50000
v -2.25110 -5.62122 -0.50000
v -2.20610 -5.54328 -0.50000
v -2.25110 -5.46533 -0.50000
v -2.34110 -5.46533 -0.50000
v -2.38610 -5.54328 0.50000
v -2.34110 -5.62122 0.50000
v -2.25110 -5.62122 0.50000
v -2.20610 -5.54328 0.50000
v -2.25110 -5.46533 0.50000
v -2.34110 -5.46533 0.50000
v -2.29610 -5.54328 -0.50000
v -2.29610 -5.54328 0.50000
v -0.00000 -0.60000 -0.43000
v -0.06062 -0.60000 -0.46500
v -0.06062 -0.60000 -0.53500
v -0.00000 -0.60000 -0.57000
v 0.06062 -0.60000 -0.53500
v 0.06062 -0.60000 -0.46500
v -0.00000 -6.00000 -0.43000
v -0.06062 -6.00000 -0.46500
v -0.06062 -6.00000 -0.53500
v -0.00000 -6.00000 -0.57000
v 0.06062 -6.00000 -0.53500
v 0.06062 -6.00000 -0.46500
v -0.00000 -0.60000 -0.50000
v -0.00000 -6.00000 -0.50000
v -0.00000 -0.60000 0.57000
v -0.06062 -0.60000 0.53500
v -0.06062 -0.60000 0.46500
v -0.00000 -0.60000 0.43000
v 0.06062 -0.60000 0.46500
v 0.06062 -0.60000 0.53500
v -0.00000 -6.00000 0.57000
v -0.06062 -6.00000 0.53500
v -0.06062 -6.00000 0.46500
v -0.00000 -6.00000 0.43000
v 0.06062 -6.00000 0.46500
v 0.06062 -6.00000 0.53500
v -0.00000 -0.60000 0.50000
v -0.00000 -6.00000 0.50000
v -0.09000 -6.00000 -0.50000
v -0.04500 -6.07794 -0.50000
v 0.04500 -6.07794 -0.50000
v 0.09000 -6.00000 -0.50000
v 0.04500 -5.92206 -0.50000
v -0.04500 -5.92206 -0.50000
v -0.09000 -6.00000 0.50000
v -0.04500 -6.07794 0.50000
v 0.04500 -6.07794 0.50000
v 0.09000 -6.00000 0.50000
v 0.04500 -5.92206 0.50000
v -0.04500 -5.92206 0.50000
v -0.00000 -6.00000 -0.50000
v -0.00000 -6.00000 0.50000
v 0.22961 -0.55433 -0.43000
v 0.17360 -0.57753 -0.46500
v 0.17360 -0.57753 -0.53500
v 0.22961 -0.55433 -0.57000
v 0.28562 -0.53113 -0.53500
v 0.28562 -0.53113 -0.46500
v 2.29610 -5.54328 -0.43000
v 2.24009 -5.56648 -0.46500
v 2.24009 -5.56648 -0.53500
v 2.29610 -5.54328 -0.57000
v 2.35211 -5.52008 -0.53500
v 2.35211 -5.52008 -0.46500
v 0.22961 -0.55433 -0.50000
v 2.29610 -5.54328 -0.50000
v 0.22961 -0.55433 0.57000
v 0.17360 -0.57753 0.53500
v 0.17360 -0.57753 0.46500
v 0.22961 -0.55433 0.43000
v 0.28562 -0.53113 0.46500
v 0.28562 -0.53113 0.53500
v 2.29610 -5.54328 0.57000
v 2.24009 -5.56648 0.53500
v 2.24009 -5.56648 0.46500
v 2.29610 -5.54328 0.43000
v 2.35211 -5.52008 0.46500
v 2.35211 -5.52008 0.53500
v 0.22961 -0.55433 0.50000
v 2.29610 -5.54328 0.50000
v 2.20610 -5.54328 -0.50000
v 2.25110 -5.62122 -0.50000
v 2.34110 -5.62122 -0.50000
v 2.38610 -5.54328 -0.50000
v 2.34110 -5.46533 -0.50000
v 2.25110 -5.46533 -0.50000
v 2.20610 -5.54328 0.50000
v 2.25110 -5.62122 0.50000
v 2.34110 -5.62122 0.50000
v 2.38610 -5.54328 0.50000
v 2.34110 -5.46533 0.50000
v 2.25110 -5.46533 0.50000
v 2.29610 -5.54328 -0.50000
v 2.29610 -5.54328 0.50000
v 0.42426 -0.42426 -0.43000
v 0.38140 -0.46713 -0.46500
v 0.38140 -0.46713 -0.53500
v 0.42426 -0.42426 -0.57000
v 0.46713 -0.38140 -0.53500
v 0.46713 -0.38140 -0.46500
v 4.24264 -4.24264 -0.43000
v 4.19977 -4.28551 -0.46500
v 4.19977 -4.28551 -0.53500
v 4.24264 -4.24264 -0.57000
v 4.28551 -4.19977 -0.53500
v 4.28551 -4.19977 -0.46500
v 0.42426 -0.42426 -0.50000
v 4.24264 -4.24264 -0.50000
v 0.42426 -0.42426 0.57000
v 0.38140 -0.46713 0.53500
v 0.38140 -0.46713 0.46500
v 0.42426 -0.42426 0.43000
v 0.46713 -0.38140 0.46500
v 0.46713 -0.38140 0.53500
v 4.24264 -4.24264 0.57000
v 4.19977 -4.28551 0.53500
v 4.19977 -4.28551 0.46500
v 4.24264 -4.24264 0.43000
v 4.28551 -4.19977 0.46500
v 4.28551 -4.19977 0.53500
v 0.42426 -0.42426 0.50000
v 4.24264 -4.24264 0.50000
v 4.15264 -4.24264 -0.50000
v 4.19764 -4.32058 -0.50000
v 4.28764 -4.32058 -0.50000
v 4.33264 -4.24264 -0.50000
v 4.28764 -4.16470 -0.50000
v 4.19764 -4.16470 -0.50000
v 4.15264 -4.24264 0.50000
v 4.19764 -4.32058 0.50000
v 4.28764 -4.32058 0.50000
v 4.33264 -4.24264 0.50000
v 4.28764 -4.16470 0.50000
v 4.19764 -4.16470 0.50000
v 4.24264 -4.24264 -0.50000
v 4.24264 -4.24264 0.50000
v 0.55433 -0.22961 -0.43000
v 0.53113 -0.28562 -0.46500
v 0.53113 -0.28562 -0.53500
v 0.55433 -0.22961 -0.57000
v 0.57753 -0.17360 -0.53500
v 0.57753 -0.17360 -0.46500
v 5.54328 -2.29610 -0.43000
v 5.52008 -2.35211 -0.46500
v 5.52008 -2.35211 -0.53500
v 5.54328 -2.29610 -0.57000
v 5.56648 -2.24009 -0.53500
v 5.56648 -2.24009 -0.46500
v 0.55433 -0.22961 -0.50000
v 5.54328 -2.29610 -0.50000
v 0.55433 -0.22961 0.57000
v 0.53113 -0.28562 0.53500
v 0.53113 -0.28562 0.46500
v 0.55433 -0.22961 0.43000
v 0.57753 -0.17360 0.46500
v 0.57753 -0.17360 0.53500
v 5.54328 -2.29610 0.57000
v 5.52008 -2.35211 0.53500
v 5.52008 -2.35211 0.46500
v 5.54328 -2.29610 0.43000
v 5.56648 -2.24009 0.46500
v 5.56648 -2.24009 0.53500
v 0.55433 -0.22961 0.50000
v 5.54328 -2.29610 0.50000
v 5.45328 -2.29610 -0.50000
v 5.49828 -2.37404 -0.50000
v 5.58828 -2.37404 -0.50000
v 5.63328 -2.29610 -0.50000
v 5.58828 -2.21816 -0.50000
v 5.49828 -2.21816 -0.50000
v 5.45328 -2.29610 0.50000
v 5.49828 -2.37404 0.50000
v 5.58828 -2.37404 0.50000
v 5.63328 -2.29610 0.50000
v 5.58828 -2.21816 0.50000
v 5.49828 -2.21816 0.50000
v 5.54328 -2.29610 -0.50000
v 5.54328 -2.29610 0.50000
v 6.23258 -0.06500 -0.72000
v 6.17629 -0.06500 -0.62250
v 6.06371 -0.06500 -0.62250
v 6.00742 -0.06500 -0.72000
v 6.06371 -0.06500 -0.81750
v 6.17629 -0.06500 -0.81750
v 6.23258 0.06500 -0.72000
v 6.17629 0.06500 -0.62250
v 6.06371 0.06500 -0.62250
v 6.00742 0.06500 -0.72000
v 6.06371 0.06500 -0.81750
v 6.17629 0.06500 -0.81750
v 6.12000 -0.13000 -0.72000
v 6.12000 0.13000 -0.72000
v 6.23258 -0.06500 0.72000
v 6.17629 -0.06500 0.81750
v 6.06371 -0.06500 0.81750
v 6.00742 -0.06500 0.72000
v 6.06371 -0.06500 0.62250
v 6.17629 -0.06500 0.62250
v 6.23258 0.06500 0.72000
v 6.17629 0.06500 0.81750
v 6.06371 0.06500 0.81750
v 6.00742 0.06500 0.72000
v 6.06371 0.06500 0.62250
v 6.17629 0.06500 0.62250
v 6.12000 -0.13000 0.72000
v 6.12000 0.13000 0.72000
v 6.11499 1.12895 -0.72000
v 6.05870 1.12895 -0.62250
v 5.94611 1.12895 -0.62250
v 5.88982 1.12895 -0.72000
v 5.94611 1.12895 -0.81750
v 6.05870 1.12895 -0.81750
v 6.11499 1.25895 -0.72000
v 6.05870 1.25895 -0.62250
v 5.94611 1.25895 -0.62250
v 5.88982 1.25895 -0.72000
v 5.94611 1.25895 -0.81750
v 6.05870 1.25895 -0.81750
v 6.00241 1.06395 -0.72000
v 6.00241 1.32395 -0.72000
v 6.11499 1.12895 0.72000
v 6.05870 1.12895 0.81750
v 5.94611 1.12895 0.81750
v 5.88982 1.12895 0.72000
v 5.94611 1.12895 0.62250
v 6.05870 1.12895 0.62250
v 6.11499 1.25895 0.72000
v 6.05870 1.25895 0.81750
v 5.94611 1.25895 0.81750
v 5.88982 1.25895 0.72000
v 5.94611 1.25895 0.62250
v 6.05870 1.25895 0.62250
v 6.00241 1.06395 0.72000
v 6.00241 1.32395 0.72000
v 5.76673 2.27702 -0.72000
v 5.71043 2.27702 -0.62250
v 5.59785 2.27702 -0.62250
v 5.54156 2.27702 -0.72000
v 5.59785 2.27702 -0.81750
v 5.71043 2.27702 -0.81750
v 5.76673 2.40702 -0.72000
v 5.71043 2.40702 -0.62250
v 5.59785 2.40702 -0.62250
v 5.54156 2.40702 -0.72000
v 5.59785 2.40702 -0.81750
v 5.71043 2.40702 -0.81750
v 5.65414 2.21202 -0.72000
v 5.65414 2.47202 -0.72000
v 5.76673 2.27702 0.72000
v 5.71043 2.27702 0.81750
v 5.59785 2.27702 0.81750
v 5.54156 2.27702 0.72000
v 5.59785 2.27702 0.62250
v 5.71043 2.27702 0.62250
v 5.76673 2.40702 0.72000
v 5.71043 2.40702 0.81750
v 5.59785 2.40702 0.81750
v 5.54156 2.40702 0.72000
v 5.59785 2.40702 0.62250
v 5.71043 2.40702 0.62250
v 5.65414 2.21202 0.72000
v 5.65414 2.47202 0.72000
v 5.20118 3.33509 -0.72000
v 5.14489 3.33509 -0.62250
v 5.03230 3.33509 -0.62250
v 4.97601 3.33509 -0.72000
v 5.03230 3.33509 -0.81750
v 5.14489 3.33509 -0.81750
v 5.20118 3.46509 -0.72000
v 5.14489 3.46509 -0.62250
v 5.03230 3.46509 -0.62250
v 4.97601 3.46509 -0.72000
v 5.03230 3.46509 -0.81750
v 5.14489 3.46509 -0.81750
v 5.08859 3.27009 -0.72000
v 5.08859 3.53009 -0.72000
v 5.20118 3.33509 0.72000
v 5.14489 3.33509 0.81750
v 5.03230 3.33509 0.81750
v 4.97601 3.33509 0.72000
v 5.03230 3.33509 0.62250
v 5.14489 3.33509 0.62250
v 5.20118 3.46509 0.72000
v 5.14489 3.46509 0.81750
v 5.03230 3.46509 0.81750
v 4.97601 3.46509 0.72000
v 5.03230 3.46509 0.62250
v 5.14489 3.46509 0.62250
v 5.08859 3.27009 0.72000
v 5.08859 3.53009 0.72000
v 4.44008 4.26249 -0.72000
v 4.38379 4.26249 -0.62250
v 4.27120 4.26249 -0.62250
v 4.21491 4.26249 -0.72000
v 4.27120 4.26249 -0.81750
v 4.38379 4.26249 -0.81750
v 4.44008 4.39249 -0.72000
v 4.38379 4.39249 -0.62250
v 4.27120 4.39249 -0.62250
v 4.21491 4.39249 -0.72000
v 4.27120 4.39249 -0.81750
v 4.38379 4.39249 -0.81750
v 4.32749 4.19749 -0.72000
v 4.32749 4.45749 -0.72000
v 4.44008 4.26249 0.72000
v 4.38379 4.26249 0.81750
v 4.27120 4.26249 0.81750
v 4.21491 4.26249 0.72000
v 4.27120 4.26249 0.62250
v 4.38379 4.26249 0.62250
v 4.44008 4.39249 0.72000
v 4.38379 4.39249 0.81750
v 4.27120 4.39249 0.81750
v 4.21491 4.39249 0.72000
v 4.27120 4.39249 0.62250
v 4.38379 4.39249 0.62250
v 4.32749 4.19749 0.72000
v 4.32749 4.45749 0.72000
v 3.51267 5.02359 -0.72000
v 3.45638 5.02359 -0.62250
v 3.34380 5.02359 -0.62250
v 3.28751 5.02359 -0.72000
v 3.34380 5.02359 -0.81750
v 3.45638 5.02359 -0.81750
v 3.51267 5.15359 -0.72000
v 3.45638 5.15359 -0.62250
v 3.34380 5.15359 -0.62250
v 3.28751 5.15359 -0.72000
v 3.34380 5.15359 -0.81750
v 3.45638 5.15359 -0.81750
v 3.40009 4.95859 -0.72000
v 3.40009 5.21859 -0.72000
v 3.51267 5.02359 0.72000
v 3.45638 5.02359 0.81750
v 3.34380 5.02359 0.81750
v 3.28751 5.02359 0.72000
v 3.34380 5.02359 0.62250
v 3.45638 5.02359 0.62250
v 3.51267 5.15359 0.72000
v 3.45638 5.15359 0.81750
v 3.34380 5.15359 0.81750
v 3.28751 5.15359 0.72000
v 3.34380 5.15359 0.62250
v 3.45638 5.15359 0.62250
v 3.40009 4.95859 0.72000
v 3.40009 5.21859 0.72000
v 2.45461 5.58914 -0.72000
v 2.39831 5.58914 -0.62250
v 2.28573 5.58914 -0.62250
v 2.22944 5.58914 -0.72000
v 2.28573 5.58914 -0.81750
v 2.39831 5.58914 -0.81750
v 2.45461 5.71914 -0.72000
v 2.39831 5.71914 -0.62250
v 2.28573 5.71914 -0.62250
v 2.22944 5.71914 -0.72000
v 2.28573 5.71914 -0.81750
v 2.39831 5.71914 -0.81750
v 2.34202 5.52414 -0.72000
v 2.34202 5.78414 -0.72000
v 2.45461 5.58914 0.72000
v 2.39831 5.58914 0.81750
v 2.28573 5.58914 0.81750
v 2.22944 5.58914 0.72000
v 2.28573 5.58914 0.62250
v 2.39831 5.58914 0.62250
v 2.45461 5.71914 0.72000
v 2.39831 5.71914 0.81750
v 2.28573 5.71914 0.81750
v 2.22944 5.71914 0.72000
v 2.28573 5.71914 0.62250
v 2.39831 5.71914 0.62250
v 2.34202 5.52414 0.72000
v 2.34202 5.78414 0.72000
v 1.30654 5.93741 -0.72000
v 1.25024 5.93741 -0.62250
v 1.13766 5.93741 -0.62250
v 1.08137 5.93741 -0.72000
v 1.13766 5.93741 -0.81750
v 1.25024 5.93741 -0.81750
v 1.30654 6.06741 -0.72000
v 1.25024 6.06741 -0.62250
v 1.13766 6.06741 -0.62250
v 1.08137 6.06741 -0.72000
v 1.13766 6.06741 -0.81750
v 1.25024 6.06741 -0.81750
v 1.19395 5.87241 -0.72000
v 1.19395 6.13241 -0.72000
v 1.30654 5.93741 0.72000
v 1.25024 5.93741 0.81750
v 1.13766 5.93741 0.81750
v 1.08137 5.93741 0.72000
v 1.13766 5.93741 0.62250
v 1.25024 5.93741 0.62250
v 1.30654 6.06741 0.72000
v 1.25024 6.06741 0.81750
v 1.13766 6.06741 0.81750
v 1.08137 6.06741 0.72000
v 1.13766 6.06741 0.62250
v 1.25024 6.06741 0.62250
v 1.19395 5.87241 0.72000
v 1.19395 6.13241 0.72000
v 0.11258 6.05500 -0.72000
v 0.05629 6.05500 -0.62250
v -0.05629 6.05500 -0.62250
v -0.11258 6.05500 -0.72000
v -0.05629 6.05500 -0.81750
v 0.05629 6.05500 -0.81750
v 0.11258 6.18500 -0.72000
v 0.05629 6.18500 -0.62250
v -0.05629 6.18500 -0.62250
v -0.11258 6.18500 -0.72000
v -0.05629 6.18500 -0.81750
v 0.05629 6.18500 -0.81750
v 0.00000 5.99000 -0.72000
v 0.00000 6.25000 -0.72000
v 0.11258 6.05500 0.72000
v 0.05629 6.05500 0.81750
v -0.05629 6.05500 0.81750
v -0.11258 6.05500 0.72000
v -0.05629 6.05500 0.62250
v 0.05629 6.05500 0.62250
v 0.11258 6.18500 0.72000
v 0.05629 6.18500 0.81750
v -0.05629 6.18500 0.81750
v -0.11258 6.18500 0.72000
v -0.05629 6.18500 0.62250
v 0.05629 6.18500 0.62250
v 0.00000 5.99000 0.72000
v 0.00000 6.25000 0.72000
v -1.08137 5.93741 -0.72000
v -1.13766 5.93741 -0.62250
v -1.25024 5.93741 -0.62250
v -1.30654 5.93741 -0.72000
v -1.25024 5.93741 -0.81750
v -1.13766 5.93741 -0.81750
v -1.08137 6.06741 -0.72000
v -1.13766 6.06741 -0.62250
v -1.25024 6.06741 -0.62250
v -1.30654 6.06741 -0.72000
v -1.25024 6.06741 -0.81750
v -1.13766 6.06741 -0.81750
v -1.19395 5.87241 -0.72000
v -1.19395 6.13241 -0.72000
v -1.08137 5.93741 0.72000
v -1.13766 5.93741 0.81750
v -1.25024 5.93741 0.81750
v -1.30654 5.93741 0.72000
v -1.25024 5.93741 0.62250
v -1.13766 5.93741 0.62250
v -1.08137 6.06741 0.72000
v -1.13766 6.06741 0.81750
v -1.25024 6.06741 0.81750
v -1.30654 6.06741 0.72000
v -1.25024 6.06741 0.62250
v -1.13766 6.06741 0.62250
v -1.19395 5.87241 0.72000
v -1.19395 6.13241 0.72000
v -2.22944 5.58914 -0.72000
v -2.28573 5.58914 -0.62250
v -2.39831 5.58914 -0.62250
v -2.45461 5.58914 -0.72000
v -2.39831 5.58914 -0.81750
v -2.28573 5.58914 -0.81750
v -2.22944 5.71914 -0.72000
v -2.28573 5.71914 -0.62250
v -2.39831 5.71914 -0.62250
v -2.45461 5.71914 -0.72000
v -2.39831 5.71914 -0.81750
v -2.28573 5.71914 -0.81750
v -2.34202 5.52414 -0.72000
v -2.34202 5.78414 -0.72000
v -2.22944 5.58914 0.72000
v -2.28573 5.58914 0.81750
v -2.39831 5.58914 0.81750
v -2.45461 5.58914 0.72000
v -2.39831 5.58914 0.62250
v -2.28573 5.58914 0.62250
v -2.22944 5.71914 0.72000
v -2.28573 5.71914 0.81750
v -2.39831 5.71914 0.81750
v -2.45461 5.71914 0.72000
v -2.39831 5.71914 0.62250
v -2.28573 5.71914 0.62250
v -2.34202 5.52414 0.72000
v -2.34202 5.78414 0.72000
v -3.28751 5.02359 -0.72000
v -3.34380 5.02359 -0.62250
v -3.45638 5.02359 -0.62250
v -3.51267 5.02359 -0.72000
v -3.45638 5.02359 -0.81750
v -3.34380 5.02359 -0.81750
v -3.28751 5.15359 -0.72000
v -3.34380 5.15359 -0.62250
v -3.45638 5.15359 -0.62250
v -3.51267 5.15359 -0.72000
v -3.45638 5.15359 -0.81750
v -3.34380 5.15359 -0.81750
v -3.40009 4.95859 -0.72000
v -3.40009 5.21859 -0.72000
v -3.28751 5.02359 0.72000
v -3.34380 5.02359 0.81750
v -3.45638 5.02359 0.81750
v -3.51267 5.02359 0.72000
v -3.45638 5.02359 0.62250
v -3.34380 5.02359 0.62250
v -3.28751 5.15359 0.72000
v -3.34380 5.15359 0.81750
v -3.45638 5.15359 0.81750
v -3.51267 5.15359 0.72000
v -3.45638 5.15359 0.62250
v -3.34380 5.15359 0.62250
v -3.40009 4.95859 0.72000
v -3.40009 5.21859 0.72000
v -4.21491 4.26249 -0.72000
v -4.27120 4.26249 -0.62250
v -4.38379 4.26249 -0.62250
v -4.44008 4.26249 -0.72000
v -4.38379 4.26249 -0.81750
v -4.27120 4.26249 -0.81750
v -4.21491 4.39249 -0.72000
v -4.27120 4.39249 -0.62250
v -4.38379 4.39249 -0.62250
v -4.44008 4.39249 -0.72000
v -4.38379 4.39249 -0.81750
v -4.27120 4.39249 -0.81750
v -4.32749 4.19749 -0.72000
v -4.32749 4.45749 -0.72000
v -4.21491 4.26249 0.72000
v -4.27120 4.26249 0.81750
v -4.38379 4.26249 0.81750
v -4.44008 4.26249 0.72000
v -4.38379 4.26249 0.62250
v -4.27120 4.26249 0.62250
v -4.21491 4.39249 0.72000
v -4.27120 4.39249 0.81750
v -4.38379 4.39249 0.81750
v -4.44008 4.39249 0.72000
v -4.38379 4.39249 0.62250
v -4.27120 4.39249 0.62250
v -4.32749 4.19749 0.72000
v -4.32749 4.45749 0.72000
v -4.97601 3.33509 -0.72000
v -5.03230 3.33509 -0.62250
v -5.14489 3.33509 -0.62250
v -5.20118 3.33509 -0.72000
v -5.14489 3.33509 -0.81750
v -5.03230 3.33509 -0.81750
v -4.97601 3.46509 -0.72000
v -5.03230 3.46509 -0.62250
v -5.14489 3.46509 -0.62250
v -5.20118 3.46509 -0.72000
v -5.14489 3.46509 -0.81750
v -5.03230 3.46509 -0.81750
v -5.08859 3.27009 -0.72000
v -5.08859 3.53009 -0.72000
v -4.97601 3.33509 0.72000
v -5.03230 3.33509 0.81750
v -5.14489 3.33509 0.81750
v -5.20118 3.33509 0.72000
v -5.14489 3.33509 0.62250
v -5.03230 3.33509 0.62250
v -4.97601 3.46509 0.72000
v -5.03230 3.46509 0.81750
v -5.14489 3.46509 0.81750
v -5.20118 3.46509 0.72000
v -5.14489 3.46509 0.62250
v -5.03230 3.46509 0.62250
v -5.08859 3.27009 0.72000
v -5.08859 3.53009 0.72000
v -5.54156 2.27702 -0.72000
v -5.59785 2.27702 -0.62250
v -5.71043 2.27702 -0.62250
v -5.76673 2.27702 -0.72000
v -5.71043 2.27702 -0.81750
v -5.59785 2.27702 -0.81750
v -5.54156 2.40702 -0.72000
v -5.59785 2.40702 -0.62250
v -5.71043 2.40702 -0.62250
v -5.76673 2.40702 -0.72000
v -5.71043 2.40702 -0.81750
v -5.59785 2.40702 -0.81750
v -5.65414 2.21202 -0.72000
v -5.65414 2.47202 -0.72000
v -5.54156 2.27702 0.72000
v -5.59785 2.27702 0.81750
v -5.71043 2.27702 0.81750
v -5.76673 2.27702 0.72000
v -5.71043 2.27702 0.62250
v -5.59785 2.27702 0.62250
v -5.54156 2.40702 0.72000
v -5.59785 2.40702 0.81750
v -5.71043 2.40702 0.81750
v -5.76673 2.40702 0.72000
v -5.71043 2.40702 0.62250
v -5.59785 2.40702 0.62250
v -5.65414 2.21202 0.72000
v -5.65414 2.47202 0.72000
v -5.88982 1.12895 -0.72000
v -5.94611 1.12895 -0.62250
v -6.05870 1.12895 -0.62250
v -6.11499 1.12895 -0.72000
v -6.05870 1.12895 -0.81750
v -5.94611 1.12895 -0.81750
v -5.88982 1.25895 -0.72000
v -5.94611 1.25895 -0.62250
v -6.05870 1.25895 -0.62250
v -6.11499 1.25895 -0.72000
v -6.05870 1.25895 -0.81750
v -5.94611 1.25895 -0.81750
v -6.00241 1.06395 -0.72000
v -6.00241 1.32395 -0.72000
v -5.88982 1.12895 0.72000
v -5.94611 1.12895 0.81750
v -6.05870 1.12895 0.81750
v -6.11499 1.12895 0.72000
v -6.05870 1.12895 0.62250
v -5.94611 1.12895 0.62250
v -5.88982 1.25895 0.72000
v -5.94611 1.25895 0.81750
v -6.05870 1.25895 0.81750
v -6.11499 1.25895 0.72000
v -6.05870 1.25895 0.62250
v -5.94611 1.25895 0.62250
v -6.00241 1.06395 0.72000
v -6.00241 1.32395 0.72000
v -6.00742 -0.06500 -0.72000
v -6.06371 -0.06500 -0.62250
v -6.17629 -0.06500 -0.62250
v -6.23258 -0.06500 -0.72000
v -6.17629 -0.06500 -0.81750
v -6.06371 -0.06500 -0.81750
v -6.00742 0.06500 -0.72000
v -6.06371 0.06500 -0.62250
v -6.17629 0.06500 -0.62250
v -6.23258 0.06500 -0.72000
v -6.17629 0.06500 -0.81750
v -6.06371 0.06500 -0.81750
v -6.12000 -0.13000 -0.72000
v -6.12000 0.13000 -0.72000
v -6.00742 -0.06500 0.72000
v -6.06371 -0.06500 0.81750
v -6.17629 -0.06500 0.81750
v -6.23258 -0.06500 0.72000
v -6.17629 -0.06500 0.62250
v -6.06371 -0.06500 0.62250
v -6.00742 0.06500 0.72000
v -6.06371 0.06500 0.81750
v -6.17629 0.06500 0.81750
v -6.23258 0.06500 0.72000
v -6.17629 0.06500 0.62250
v -6.06371 0.06500 0.62250
v -6.12000 -0.13000 0.72000
v -6.12000 0.13000 0.72000
v -5.88982 -1.25895 -0.72000
v -5.94611 -1.25895 -0.62250
v -6.05870 -1.25895 -0.62250
v -6.11499 -1.25895 -0.72000
v -6.05870 -1.25895 -0.81750
v -5.94611 -1.25895 -0.81750
v -5.88982 -1.12895 -0.72000
v -5.94611 -1.12895 -0.62250
v -6.05870 -1.12895 -0.62250
v -6.11499 -1.12895 -0.72000
v -6.05870 -1.12895 -0.81750
v -5.94611 -1.12895 -0.81750
v -6.00241 -1.32395 -0.72000
v -6.00241 -1.06395 -0.72000
v -5.88982 -1.25895 0.72000
v -5.94611 -1.25895 0.81750
v -6.05870 -1.25895 0.81750
v -6.11499 -1.25895 0.72000
v -6.05870 -1.25895 0.62250
v -5.94611 -1.25895 0.62250
v -5.88982 -1.12895 0.72000
v -5.94611 -1.12895 0.81750
v -6.05870 -1.12895 0.81750
v -6.11499 -1.12895 0.72000
v -6.05870 -1.12895 0.62250
v -5.94611 -1.12895 0.62250
v -6.00241 -1.32395 0.72000
v -6.00241 -1.06395 0.72000
v -5.54156 -2.40702 -0.72000
v -5.59785 -2.40702 -0.62250
v -5.71043 -2.40702 -0.62250
v -5.76673 -2.40702 -0.72000
v -5.71043 -2.40702 -0.81750
v -5.59785 -2.40702 -0.81750
v -5.54156 -2.27702 -0.72000
v -5.59785 -2.27702 -0.62250
v -5.71043 -2.27702 -0.62250
v -5.76673 -2.27702 -0.72000
v -5.71043 -2.27702 -0.81750
v -5.59785 -2.27702 -0.81750
v -5.65414 -2.47202 -0.72000
v -5.65414 -2.21202 -0.72000
v -5.54156 -2.40702 0.72000
v -5.59785 -2.40702 0.81750
v -5.71043 -2.40702 0.81750
v -5.76673 -2.40702 0.72000
v -5.71043 -2.40702 0.62250
v -5.59785 -2.40702 0.62250
v -5.54156 -2.27702 0.72000
v -5.59785 -2.27702 0.81750
v -5.71043 -2.27702 0.81750
v -5.76673 -2.27702 0.72000
v -5.71043 -2.27702 0.62250
v -5.59785 -2.27702 0.62250
v -5.65414 -2.47202 0.72000
v -5.65414 -2.21202 0.72000
v -4.97601 -3.46509 -0.72000
v -5.03230 -3.46509 -0.62250
v -5.14489 -3.46509 -0.62250
v -5.20118 -3.46509 -0.72000
v -5.14489 -3.46509 -0.81750
v -5.03230 -3.46509 -0.81750
v -4.97601 -3.33509 -0.72000
v -5.03230 -3.33509 -0.62250
v -5.14489 -3.33509 -0.62250
v -5.20118 -3.33509 -0.72000
v -5.14489 -3.33509 -0.81750
v -5.03230 -3.33509 -0.81750
v -5.08859 -3.53009 -0.72000
v -5.08859 -3.27009 -0.72000
v -4.97601 -3.46509 0.72000
v -5.03230 -3.46509 0.81750
v -5.14489 -3.46509 0.81750
v -5.20118 -3.46509 0.72000
v -5.14489 -3.46509 0.62250
v -5.03230 -3.46509 0.62250
v -4.97601 -3.33509 0.72000
v -5.03230 -3.33509 0.81750
v -5.14489 -3.33509 0.81750
v -5.20118 -3.33509 0.72000
v -5.14489 -3.33509 0.62250
v -5.03230 -3.33509 0.62250
v -5.08859 -3.53009 0.72000
v -5.08859 -3.27009 0.72000
v -4.21491 -4.39249 -0.72000
v -4.27120 -4.39249 -0.62250
v -4.38379 -4.39249 -0.62250
v -4.44008 -4.39249 -0.72000
v -4.38379 -4.39249 -0.81750
v -4.27120 -4.39249 -0.81750
v -4.21491 -4.26249 -0.72000
v -4.27120 -4.26249 -0.62250
v -4.38379 -4.26249 -0.62250
v -4.44008 -4.26249 -0.72000
v -4.38379 -4.26249 -0.81750
v -4.27120 -4.26249 -0.81750
v -4.32749 -4.45749 -0.72000
v -4.32749 -4.19749 -0.72000
v -4.21491 -4.39249 0.72000
v -4.27120 -4.39249 0.81750
v -4.38379 -4.39249 0.81750
v -4.44008 -4.39249 0.72000
v -4.38379 -4.39249 0.62250
v -4.27120 -4.39249 0.62250
v -4.21491 -4.26249 0.72000
v -4.27120 -4.26249 0.81750
v -4.38379 -4.26249 0.81750
v -4.44008 -4.26249 0.72000
v -4.38379 -4.26249 0.62250
v -4.27120 -4.26249 0.62250
v -4.32749 -4.45749 0.72000
v -4.32749 -4.19749 0.72000
v -3.28751 -5.15359 -0.72000
v -3.34380 -5.15359 -0.62250
v -3.45638 -5.15359 -0.62250
v -3.51267 -5.15359 -0.72000
v -3.45638 -5.15359 -0.81750
v -3.34380 -5.15359 -0.81750
v -3.28751 -5.02359 -0.72000
v -3.34380 -5.02359 -0.62250
v -3.45638 -5.02359 -0.62250
v -3.51267 -5.02359 -0.72000
v -3.45638 -5.02359 -0.81750
v -3.34380 -5.02359 -0.81750
v -3.40009 -5.21859 -0.72000
v -3.40009 -4.95859 -0.72000
v -3.28751 -5.15359 0.72000
v -3.34380 -5.15359 0.81750
v -3.45638 -5.15359 0.81750
v -3.51267 -5.15359 0.72000
v -3.45638 -5.15359 0.62250
v -3.34380 -5.15359 0.62250
v -3.28751 -5.02359 0.72000
v -3.34380 -5.02359 0.81750
v -3.45638 -5.02359 0.81750
v -3.51267 -5.02359 0.72000
v -3.45638 -5.02359 0.62250
v -3.34380 -5.02359 0.62250
v -3.40009 -5.21859 0.72000
v -3.40009 -4.95859 0.72000
v -2.22944 -5.71914 -0.72000
v -2.28573 -5.71914 -0.62250
v -2.39831 -5.71914 -0.62250
v -2.45461 -5.71914 -0.72000
v -2.39831 -5.71914 -0.81750
v -2.28573 -5.71914 -0.81750
v -2.22944 -5.58914 -0.72000
v -2.28573 -5.58914 -0.62250
v -2.39831 -5.58914 -0.62250
v -2.45461 -5.58914 -0.72000
v -2.39831 -5.58914 -0.81750
v -2.28573 -5.58914 -0.81750
v -2.34202 -5.78414 -0.72000
v -2.34202 -5.52414 -0.72000
v -2.22944 -5.71914 0.72000
v -2.28573 -5.71914 0.81750
v -2.39831 -5.71914 0.81750
v -2.45461 -5.71914 0.72000
v -2.39831 -5.71914 0.62250
v -2.28573 -5.71914 0.62250
v -2.22944 -5.58914 0.72000
v -2.28573 -5.58914 0.81750
v -2.39831 -5.58914 0.81750
v -2.45461 -5.58914 0.72000
v -2.39831 -5.58914 0.62250
v -2.28573 -5.58914 0.62250
v -2.34202 -5.78414 0.72000
v -2.34202 -5.52414 0.72000
v -1.08137 -6.06741 -0.72000
v -1.13766 -6.06741 -0.62250
v -1.25024 -6.06741 -0.62250
v -1.30654 -6.06741 -0.72000
v -1.25024 -6.06741 -0.81750
v -1.13766 -6.06741 -0.81750
v -1.08137 -5.93741 -0.72000
v -1.13766 -5.93741 -0.62250
v -1.25024 -5.93741 -0.62250
v -1.30654 -5.93741 -0.72000
v -1.25024 -5.93741 -0.81750
v -1.13766 -5.93741 -0.81750
v -1.19395 -6.13241 -0.72000
v -1.19395 -5.87241 -0.72000
v -1.08137 -6.06741 0.72000
v -1.13766 -6.06741 0.81750
v -1.25024 -6.06741 0.81750
v -1.30654 -6.06741 0.72000
v -1.25024 -6.06741 0.62250
v -1.13766 -6.06741 0.62250
v -1.08137 -5.93741 0.72000
v -1.13766 -5.93741 0.81750
v -1.25024 -5.93741 0.81750
v -1.30654 -5.93741 0.72000
v -1.25024 -5.93741 0.62250
v -1.13766 -5.93741 0.62250
v -1.19395 -6.13241 0.72000
v -1.19395 -5.87241 0.72000
v 0.11258 -6.18500 -0.72000
v 0.05629 -6.18500 -0.62250
v -0.05629 -6.18500 -0.62250
v -0.11258 -6.18500 -0.72000
v -0.05629 -6.18500 -0.81750
v 0.05629 -6.18500 -0.81750
v 0.11258 -6.05500 -0.72000
v 0.05629 -6.05500 -0.62250
v -0.05629 -6.05500 -0.62250
v -0.11258 -6.05500 -0.72000
v -0.05629 -6.05500 -0.81750
v 0.05629 -6.05500 -0.81750
v -0.00000 -6.25000 -0.72000
v -0.00000 -5.99000 -0.72000
v 0.11258 -6.18500 0.72000
v 0.05629 -6.18500 0.81750
v -0.05629 -6.18500 0.81750
v -0.11258 -6.18500 0.72000
v -0.05629 -6.18500 0.62250
v 0.05629 -6.18500 0.62250
v 0.11258 -6.05500 0.72000
v 0.05629 -6.05500 0.81750
v -0.05629 -6.05500 0.81750
v -0.11258 -6.05500 0.72000
v -0.05629 -6.05500 0.62250
v 0.05629 -6.05500 0.62250
v -0.00000 -6.25000 0.72000
v -0.00000 -5.99000 0.72000
v 1.30654 -6.06741 -0.72000
v 1.25024 -6.06741 -0.62250
v 1.13766 -6.06741 -0.62250
v 1.08137 -6.06741 -0.72000
v 1.13766 -6.06741 -0.81750
v 1.25024 -6.06741 -0.81750
v 1.30654 -5.93741 -0.72000
v 1.25024 -5.93741 -0.62250
v 1.13766 -5.93741 -0.62250
v 1.08137 -5.93741 -0.72000
v 1.13766 -5.93741 -0.81750
v 1.25024 -5.93741 -0.81750
v 1.19395 -6.13241 -0.72000
v 1.19395 -5.87241 -0.72000
v 1.30654 -6.06741 0.72000
v 1.25024 -6.06741 0.81750
v 1.13766 -6.06741 0.81750
v 1.08137 -6.06741 0.72000
v 1.13766 -6.06741 0.62250
v 1.25024 -6.06741 0.62250
v 1.30654 -5.93741 0.72000
v 1.25024 -5.93741 0.81750
v 1.13766 -5.93741 0.81750
v 1.08137 -5.93741 0.72000
v 1.13766 -5.93741 0.62250
v 1.25024 -5.93741 0.62250
v 1.19395 -6.13241 0.72000
v 1.19395 -5.87241 0.72000
v 2.45461 -5.71914 -0.72000
v 2.39831 -5.71914 -0.62250
v 2.28573 -5.71914 -0.62250
v 2.22944 -5.71914 -0.72000
v 2.28573 -5.71914 -0.81750
v 2.39831 -5.71914 -0.81750
v 2.45461 -5.58914 -0.72000
v 2.39831 -5.58914 -0.62250
v 2.28573 -5.58914 -0.62250
v 2.22944 -5.58914 -0.72000
v 2.28573 -5.58914 -0.81750
v 2.39831 -5.58914 -0.81750
v 2.34202 -5.78414 -0.72000
v 2.34202 -5.52414 -0.72000
v 2.45461 -5.71914 0.72000
v 2.39831 -5.71914 0.81750
v 2.28573 -5.71914 0.81750
v 2.22944 -5.71914 0.72000
v 2.28573 -5.71914 0.62250
v 2.39831 -5.71914 0.62250
v 2.45461 -5.58914 0.72000
v 2.39831 -5.58914 0.81750
v 2.28573 -5.58914 0.81750
v 2.22944 -5.58914 0.72000
v 2.28573 -5.58914 0.62250
v 2.39831 -5.58914 0.62250
v 2.34202 -5.78414 0.72000
v 2.34202 -5.52414 0.72000
v 3.51267 -5.15359 -0.72000
v 3.45638 -5.15359 -0.62250
v 3.34380 -5.15359 -0.62250
v 3.28751 -5.15359 -0.72000
v 3.34380 -5.15359 -0.81750
v 3.45638 -5.15359 -0.81750
v 3.51267 -5.02359 -0.72000
v 3.45638 -5.02359 -0.62250
v 3.34380 -5.02359 -0.62250
v 3.28751 -5.02359 -0.72000
v 3.34380 -5.02359 -0.81750
v 3.45638 -5.02359 -0.81750
v 3.40009 -5.21859 -0.72000
v 3.40009 -4.95859 -0.72000
v 3.51267 -5.15359 0.72000
v 3.45638 -5.15359 0.81750
v 3.34380 -5.15359 0.81750
v 3.28751 -5.15359 0.72000
v 3.34380 -5.15359 0.62250
v 3.45638 -5.15359 0.62250
v 3.51267 -5.02359 0.72000
v 3.45638 -5.02359 0.81750
v 3.34380 -5.02359 0.81750
v 3.28751 -5.02359 0.72000
v 3.34380 -5.02359 0.62250
v 3.45638 -5.02359 0.62250
v 3.40009 -5.21859 0.72000
v 3.40009 -4.95859 0.72000
v 4.44008 -4.39249 -0.72000
v 4.38379 -4.39249 -0.62250
v 4.27120 -4.39249 -0.62250
v 4.21491 -4.39249 -0.72000
v 4.27120 -4.39249 -0.81750
v 4.38379 -4.39249 -0.81750
v 4.44008 -4.26249 -0.72000
v 4.38379 -4.26249 -0.62250
v 4.27120 -4.26249 -0.62250
v 4.21491 -4.26249 -0.72000
v 4.27120 -4.26249 -0.81750
v 4.38379 -4.26249 -0.81750
v 4.32749 -4.45749 -0.72000
v 4.32749 -4.19749 -0.72000
v 4.44008 -4.39249 0.72000
v 4.38379 -4.39249 0.81750
v 4.27120 -4.39249 0.81750
v 4.21491 -4.39249 0.72000
v 4.27120 -4.39249 0.62250
v 4.38379 -4.39249 0.62250
v 4.44008 -4.26249 0.72000
v 4.38379 -4.26249 0.81750
v 4.27120 -4.26249 0.81750
v 4.21491 -4.26249 0.72000
v 4.27120 -4.26249 0.62250
v 4.38379 -4.26249 0.62250
v 4.32749 -4.45749 0.72000
v 4.32749 -4.19749 0.72000
v 5.20118 -3.46509 -0.72000
v 5.14489 -3.46509 -0.62250
v 5.03230 -3.46509 -0.62250
v 4.97601 -3.46509 -0.72000
v 5.03230 -3.46509 -0.81750
v 5.14489 -3.46509 -0.81750
v 5.20118 -3.33509 -0.72000
v 5.14489 -3.33509 -0.62250
v 5.03230 -3.33509 -0.62250
v 4.97601 -3.33509 -0.72000
v 5.03230 -3.33509 -0.81750
v 5.14489 -3.33509 -0.81750
v 5.08859 -3.53009 -0.72000
v 5.08859 -3.27009 -0.72000
v 5.20118 -3.46509 0.72000
v 5.14489 -3.46509 0.81750
v 5.03230 -3.46509 0.81750
v 4.97601 -3.46509 0.72000
v 5.03230 -3.46509 0.62250
v 5.14489 -3.46509 0.62250
v 5.20118 -3.33509 0.72000
v 5.14489 -3.33509 0.81750
v 5.03230 -3.33509 0.81750
v 4.97601 -3.33509 0.72000
v 5.03230 -3.33509 0.62250
v 5.14489 -3.33509 0.62250
v 5.08859 -3.53009 0.72000
v 5.08859 -3.27009 0.72000
v 5.76673 -2.40702 -0.72000
v 5.71043 -2.40702 -0.62250
v 5.59785 -2.40702 -0.62250
v 5.54156 -2.40702 -0.72000
v 5.59785 -2.40702 -0.81750
v 5.71043 -2.40702 -0.81750
v 5.76673 -2.27702 -0.72000
v 5.71043 -2.27702 -0.62250
v 5.59785 -2.27702 -0.62250
v 5.54156 -2.27702 -0.72000
v 5.59785 -2.27702 -0.81750
v 5.71043 -2.27702 -0.81750
v 5.65414 -2.47202 -0.72000
v 5.65414 -2.21202 -0.72000
v 5.76673 -2.40702 0.72000
v 5.71043 -2.40702 0.81750
v 5.59785 -2.40702 0.81750
v 5.54156 -2.40702 0.72000
v 5.59785 -2.40702 0.62250
v 5.71043 -2.40702 0.62250
v 5.76673 -2.27702 0.72000
v 5.71043 -2.27702 0.81750
v 5.59785 -2.27702 0.81750
v 5.54156 -2.27702 0.72000
v 5.59785 -2.27702 0.62250
v 5.71043 -2.27702 0.62250
v 5.65414 -2.47202 0.72000
v 5.65414 -2.21202 0.72000
v 6.11499 -1.25895 -0.72000
v 6.05870 -1.25895 -0.62250
v 5.94611 -1.25895 -0.62250
v 5.88982 -1.25895 -0.72000
v 5.94611 -1.25895 -0.81750
v 6.05870 -1.25895 -0.81750
v 6.11499 -1.12895 -0.72000
v 6.05870 -1.12895 -0.62250
v 5.94611 -1.12895 -0.62250
v 5.88982 -1.12895 -0.72000
v 5.94611 -1.12895 -0.81750
v 6.05870 -1.12895 -0.81750
v 6.00241 -1.32395 -0.72000
v 6.00241 -1.06395 -0.72000
v 6.11499 -1.25895 0.72000
v 6.05870 -1.25895 0.81750
v 5.94611 -1.25895 0.81750
v 5.88982 -1.25895 0.72000
v 5.94611 -1.25895 0.62250
v 6.05870 -1.25895 0.62250
v 6.11499 -1.12895 0.72000
v 6.05870 -1.12895 0.81750
v 5.94611 -1.12895 0.81750
v 5.88982 -1.12895 0.72000
v 5.94611 -1.12895 0.62250
v 6.05870 -1.12895 0.62250
v 6.00241 -1.32395 0.72000
v 6.00241 -1.06395 0.72000
v 6.15556 -0.15556 0.00000
v 6.11000 -0.15556 0.35000
v 6.00000 -0.15556 0.49497
v 5.89000 -0.15556 0.35000
v 5.84444 -0.15556 0.00000
v 5.89000 -0.15556 -0.35000
v 6.00000 -0.15556 -0.49497
v 6.11000 -0.15556 -0.35000
v 6.22000 0.00000 0.00000
v 6.15556 0.00000 0.49497
v 6.00000 0.00000 0.70000
v 5.84444 0.00000 0.49497
v 5.78000 0.00000 0.00000
v 5.84444 0.00000 -0.49497
v 6.00000 0.00000 -0.70000
v 6.15556 0.00000 -0.49497
v 6.15556 0.15556 0.00000
v 6.11000 0.15556 0.35000
v 6.00000 0.15556 0.49497
v 5.89000 0.15556 0.35000
v 5.84444 0.15556 0.00000
v 5.89000 0.15556 -0.35000
v 6.00000 0.15556 -0.49497
v 6.11000 0.15556 -0.35000
v 6.00000 -0.22000 0.00000
v 6.00000 0.22000 0.00000
v 4.39820 4.08708 0.00000
v 4.35264 4.08708 0.35000
v 4.24264 4.08708 0.49497
v 4.13264 4.08708 0.35000
v 4.08708 4.08708 0.00000
v 4.13264 4.08708 -0.35000
v 4.24264 4.08708 -0.49497
v 4.35264 4.08708 -0.35000
v 4.46264 4.24264 0.00000
v 4.39820 4.24264 0.49497
v 4.24264 4.24264 0.70000
v 4.08708 4.24264 0.49497
v 4.02264 4.24264 0.00000
v 4.08708 4.24264 -0.49497
v 4.24264 4.24264 -0.70000
v 4.39820 4.24264 -0.49497
v 4.39820 4.39820 0.00000
v 4.35264 4.39820 0.35000
v 4.24264 4.39820 0.49497
v 4.13264 4.39820 0.35000
v 4.08708 4.39820 0.00000
v 4.13264 4.39820 -0.35000
v 4.24264 4.39820 -0.49497
v 4.35264 4.39820 -0.35000
v 4.24264 4.02264 0.00000
v 4.24264 4.46264 0.00000
v 0.15556 5.84444 0.00000
v 0.11000 5.84444 0.35000
v 0.00000 5.84444 0.49497
v -0.11000 5.84444 0.35000
v -0.15556 5.84444 0.00000
v -0.11000 5.84444 -0.35000
v 0.00000 5.84444 -0.49497
v 0.11000 5.84444 -0.35000
v 0.22000 6.00000 0.00000
v 0.15556 6.00000 0.49497
v 0.00000 6.00000 0.70000
v -0.15556 6.00000 0.49497
v -0.22000 6.00000 0.00000
v -0.15556 6.00000 -0.49497
v 0.00000 6.00000 -0.70000
v 0.15556 6.00000 -0.49497
v 0.15556 6.15556 0.00000
v 0.11000 6.15556 0.35000
v 0.00000 6.15556 0.49497
v -0.11000 6.15556 0.35000
v -0.15556 6.15556 0.00000
v -0.11000 6.15556 -0.35000
v 0.00000 6.15556 -0.49497
v 0.11000 6.15556 -0.35000
v 0.00000 5.78000 0.00000
v 0.00000 6.22000 0.00000
v -4.08708 4.08708 0.00000
v -4.13264 4.08708 0.35000
v -4.24264 4.08708 0.49497
v -4.35264 4.08708 0.35000
v -4.39820 4.08708 0.00000
v -4.35264 4.08708 -0.35000
v -4.24264 4.08708 -0.49497
v -4.13264 4.08708 -0.35000
v -4.02264 4.24264 0.00000
v -4.08708 4.24264 0.49497
v -4.24264 4.24264 0.70000
v -4.39820 4.24264 0.49497
v -4.46264 4.24264 0.00000
v -4.39820 4.24264 -0.49497
v -4.24264 4.24264 -0.70000
v -4.08708 4.24264 -0.49497
v -4.08708 4.39820 0.00000
v -4.13264 4.39820 0.35000
v -4.24264 4.39820 0.49497
v -4.35264 4.39820 0.35000
v -4.39820 4.39820 0.00000
v -4.35264 4.39820 -0.35000
v -4.24264 4.39820 -0.49497
v -4.13264 4.39820 -0.35000
v -4.24264 4.02264 0.00000
v -4.24264 4.46264 0.00000
v -5.84444 -0.15556 0.00000
v -5.89000 -0.15556 0.35000
v -6.00000 -0.15556 0.49497
v -6.11000 -0.15556 0.35000
v -6.15556 -0.15556 0.00000
v -6.11000 -0.15556 -0.35000
v -6.00000 -0.15556 -0.49497
v -5.89000 -0.15556 -0.35000
v -5.78000 0.00000 0.00000
v -5.84444 0.00000 0.49497
v -6.00000 0.00000 0.70000
v -6.15556 0.00000 0.49497
v -6.22000 0.00000 0.00000
v -6.15556 0.00000 -0.49497
v -6.00000 0.00000 -0.70000
v -5.84444 0.00000 -0.49497
v -5.84444 0.15556 0.00000
v -5.89000 0.15556 0.35000
v -6.00000 0.15556 0.49497
v -6.11000 0.15556 0.35000
v -6.15556 0.15556 0.00000
v -6.11000 0.15556 -0.35000
v -6.00000 0.15556 -0.49497
v -5.89000 0.15556 -0.35000
v -6.00000 -0.22000 0.00000
v -6.00000 0.22000 0.00000
v -4.08708 -4.39820 0.00000
v -4.13264 -4.39820 0.35000
v -4.24264 -4.39820 0.49497
v -4.35264 -4.39820 0.35000
v -4.39820 -4.39820 0.00000
v -4.35264 -4.39820 -0.35000
v -4.24264 -4.39820 -0.49497
v -4.13264 -4.39820 -0.35000
v -4.02264 -4.24264 0.00000
v -4.08708 -4.24264 0.49497
v -4.24264 -4.24264 0.70000
v -4.39820 -4.24264 0.49497
v -4.46264 -4.24264 0.00000
v -4.39820 -4.24264 -0.49497
v -4.24264 -4.24264 -0.70000
v -4.08708 -4.24264 -0.49497
v -4.08708 -4.08708 0.00000
v -4.13264 -4.08708 0.35000
v -4.24264 -4.08708 0.49497
v -4.35264 -4.08708 0.35000
v -4.39820 -4.08708 0.00000
v -4.35264 -4.08708 -0.35000
v -4.24264 -4.08708 -0.49497
v -4.13264 -4.08708 -0.35000
v -4.24264 -4.46264 0.00000
v -4.24264 -4.02264 0.00000
v 0.15556 -6.15556 0.00000
v 0.11000 -6.15556 0.35000
v -0.00000 -6.15556 0.49497
v -0.11000 -6.15556 0.35000
v -0.15556 -6.15556 0.00000
v -0.11000 -6.15556 -0.35000
v -0.00000 -6.15556 -0.49497
v 0.11000 -6.15556 -0.35000
v 0.22000 -6.00000 0.00000
v 0.15556 -6.00000 0.49497
v -0.00000 -6.00000 0.70000
v -0.15556 -6.00000 0.49497
v -0.22000 -6.00000 0.00000
v -0.15556 -6.00000 -0.49497
v -0.00000 -6.00000 -0.70000
v 0.15556 -6.00000 -0.49497
v 0.15556 -5.84444 0.00000
v 0.11000 -5.84444 0.35000
v -0.00000 -5.84444 0.49497
v -0.11000 -5.84444 0.35000
v -0.15556 -5.84444 0.00000
v -0.11000 -5.84444 -0.35000
v -0.00000 -5.84444 -0.49497
v 0.11000 -5.84444 -0.35000
v -0.00000 -6.22000 0.00000
v -0.00000 -5.78000 0.00000
v 4.39820 -4.39820 0.00000
v 4.35264 -4.39820 0.35000
v 4.24264 -4.39820 0.49497
v 4.13264 -4.39820 0.35000
v 4.08708 -4.39820 0.00000
v 4.13264 -4.39820 -0.35000
v 4.24264 -4.39820 -0.49497
v 4.35264 -4.39820 -0.35000
v 4.46264 -4.24264 0.00000
v 4.39820 -4.24264 0.49497
v 4.24264 -4.24264 0.70000
v 4.08708 -4.24264 0.49497
v 4.02264 -4.24264 0.00000
v 4.08708 -4.24264 -0.49497
v 4.24264 -4.24264 -0.70000
v 4.39820 -4.24264 -0.49497
v 4.39820 -4.08708 0.00000
v 4.35264 -4.08708 0.35000
v 4.24264 -4.08708 0.49497
v 4.13264 -4.08708 0.35000
v 4.08708 -4.08708 0.00000
v 4.13264 -4.08708 -0.35000
v 4.24264 -4.08708 -0.49497
v 4.35264 -4.08708 -0.35000
v 4.24264 -4.46264 0.00000
v 4.24264 -4.02264 0.00000
v -0.95000 0.00000 -1.00000
v -0.90350 -0.29357 -1.00000
v -0.76857 -0.55840 -1.00000
v -0.55840 -0.76857 -1.00000
v -0.29357 -0.90350 -1.00000
v -0.00000 -0.95000 -1.00000
v 0.29357 -0.90350 -1.00000
v 0.55840 -0.76857 -1.00000
v 0.76857 -0.55840 -1.00000
v 0.90350 -0.29357 -1.00000
v 0.95000 -0.00000 -1.00000
v 0.90350 0.29357 -1.00000
v 0.76857 0.55840 -1.00000
v 0.55840 0.76857 -1.00000
v 0.29357 0.90350 -1.00000
v 0.00000 0.95000 -1.00000
v -0.29357 0.90350 -1.00000
v -0.55840 0.76857 -1.00000
v -0.76857 0.55840 -1.00000
v -0.90350 0.29357 -1.00000
v -0.95000 0.00000 1.00000
v -0.90350 -0.29357 1.00000
v -0.76857 -0.55840 1.00000
v -0.55840 -0.76857 1.00000
v -0.29357 -0.90350 1.00000
v -0.00000 -0.95000 1.00000
v 0.29357 -0.90350 1.00000
v 0.55840 -0.76857 1.00000
v 0.76857 -0.55840 1.00000
v 0.90350 -0.29357 1.00000
v 0.95000 -0.00000 1.00000
v 0.90350 0.29357 1.00000
v 0.76857 0.55840 1.00000
v 0.55840 0.76857 1.00000
v 0.29357 0.90350 1.00000
v 0.00000 0.95000 1.00000
v -0.29357 0.90350 1.00000
v -0.55840 0.76857 1.00000
v -0.76857 0.55840 1.00000
v -0.90350 0.29357 1.00000
v 0.00000 0.00000 -1.00000
v 0.00000 0.00000 1.00000
v 0.55000 0.00000 -1.02000
v 0.50813 -0.21048 -1.02000
v 0.38891 -0.38891 -1.02000
v 0.21048 -0.50813 -1.02000
v 0.00000 -0.55000 -1.02000
v -0.21048 -0.50813 -1.02000
v -0.38891 -0.38891 -1.02000
v -0.50813 -0.21048 -1.02000
v -0.55000 -0.00000 -1.02000
v -0.50813 0.21048 -1.02000
v -0.38891 0.38891 -1.02000
v -0.21048 0.50813 -1.02000
v -0.00000 0.55000 -1.02000
v 0.21048 0.50813 -1.02000
v 0.38891 0.38891 -1.02000
v 0.50813 0.21048 -1.02000
v 0.55000 0.00000 -1.15000
v 0.50813 -0.21048 -1.15000
v 0.38891 -0.38891 -1.15000
v 0.21048 -0.50813 -1.15000
v 0.00000 -0.55000 -1.15000
v -0.21048 -0.50813 -1.15000
v -0.38891 -0.38891 -1.15000
v -0.50813 -0.21048 -1.15000
v -0.55000 -0.00000 -1.15000
v -0.50813 0.21048 -1.15000
v -0.38891 0.38891 -1.15000
v -0.21048 0.50813 -1.15000
v -0.00000 0.55000 -1.15000
v 0.21048 0.50813 -1.15000
v 0.38891 0.38891 -1.15000
v 0.50813 0.21048 -1.15000
v 0.00000 0.00000 -1.02000
v 0.00000 0.00000 -1.15000
v -0.55000 0.00000 1.02000
v -0.50813 -0.21048 1.02000
v -0.38891 -0.38891 1.02000
v -0.21048 -0.50813 1.02000
v -0.00000 -0.55000 1.02000
v 0.21048 -0.50813 1.02000
v 0.38891 -0.38891 1.02000
v 0.50813 -0.21048 1.02000
v 0.55000 -0.00000 1.02000
v 0.50813 0.21048 1.02000
v 0.38891 0.38891 1.02000
v 0.21048 0.50813 1.02000
v 0.00000 0.55000 1.02000
v -0.21048 0.50813 1.02000
v -0.38891 0.38891 1.02000
v -0.50813 0.21048 1.02000
v -0.55000 0.00000 1.15000
v -0.50813 -0.21048 1.15000
v -0.38891 -0.38891 1.15000
v -0.21048 -0.50813 1.15000
v -0.00000 -0.55000 1.15000
v 0.21048 -0.50813 1.15000
v 0.38891 -0.38891 1.15000
v 0.50813 -0.21048 1.15000
v 0.55000 -0.00000 1.15000
v 0.50813 0.21048 1.15000
v 0.38891 0.38891 1.15000
v 0.21048 0.50813 1.15000
v 0.00000 0.55000 1.15000
v -0.21048 0.50813 1.15000
v -0.38891 0.38891 1.15000
v -0.50813 0.21048 1.15000
v 0.00000 0.00000 1.02000
v 0.00000 0.00000 1.15000
vt 0.05000 0.50000
vt 0.15000 0.50000
vt 0.25000 0.50000
vt 0.35000 0.50000
vt 0.45000 0.50000
vt 0.55000 0.50000
vt 0.65000 0.50000
vt 0.75000 0.50000
vt 0.85000 0.50000
vt 0.95000 0.50000
usemtl coral
f 7/2 8/2 2/2 1/2
f 8/2 9/2 3/2 2/2
f 9/2 10/2 4/2 3/2
f 10/2 11/2 5/2 4/2
f 11/2 12/2 6/2 5/2
f 12/2 7/2 1/2 6/2
f 13/2 14/2 8/2 7/2
f 14/2 15/2 9/2 8/2
f 15/2 16/2 10/2 9/2
f 16/2 17/2 11/2 10/2
f 17/2 18/2 12/2 11/2
f 18/2 13/2 7/2 12/2
f 19/2 20/2 14/2 13/2
f 20/2 21/2 15/2 14/2
f 21/2 22/2 16/2 15/2
f 22/2 23/2 17/2 16/2
f 23/2 24/2 18/2 17/2
f 24/2 19/2 13/2 18/2
f 25/2 26/2 20/2 19/2
f 26/2 27/2 21/2 20/2
f 27/2 28/2 22/2 21/2
f 28/2 29/2 23/2 22/2
f 29/2 30/2 24/2 23/2
f 30/2 25/2 19/2 24/2
f 31/2 32/2 26/2 25/2
f 32/2 33/2 27/2 26/2
f 33/2 34/2 28/2 27/2
f 34/2 35/2 29/2 28/2
f 35/2 36/2 30/2 29/2
f 36/2 31/2 25/2 30/2
f 37/2 38/2 32/2 31/2
f 38/2 39/2 33/2 32/2
f 39/2 40/2 34/2 33/2
f 40/2 41/2 35/2 34/2
f 41/2 42/2 36/2 35/2
f 42/2 37/2 31/2 36/2
f 43/2 44/2 38/2 37/2
f 44/2 45/2 39/2 38/2
f 45/2 46/2 40/2 39/2
f 46/2 47/2 41/2 40/2
f 47/2 48/2 42/2 41/2
f 48/2 43/2 37/2 42/2
f 49/2 50/2 44/2 43/2
f 50/2 51/2 45/2 44/2
f 51/2 52/2 46/2 45/2
f 52/2 53/2 47/2 46/2
f 53/2 54/2 48/2 47/2
f 54/2 49/2 43/2 48/2
f 55/2 56/2 50/2 49/2
f 56/2 57/2 51/2 50/2
f 57/2 58/2 52/2 51/2
f 58/2 59/2 53/2 52/2
f 59/2 60/2 54/2 53/2
f 60/2 55/2 49/2 54/2
f 61/2 62/2 56/2 55/2
f 62/2 63/2 57/2 56/2
f 63/2 64/2 58/2 57/2
f 64/2 65/2 59/2 58/2
f 65/2 66/2 60/2 59/2
f 66/2 61/2 55/2 60/2
f 67/2 68/2 62/2 61/2
f 68/2 69/2 63/2 62/2
f 69/2 70/2 64/2 63/2
f 70/2 71/2 65/2 64/2
f 71/2 72/2 66/2 65/2
f 72/2 67/2 61/2 66/2
f 73/2 74/2 68/2 67/2
f 74/2 75/2 69/2 68/2
f 75/2 76/2 70/2 69/2
f 76/2 77/2 71/2 70/2
f 77/2 78/2 72/2 71/2
f 78/2 73/2 67/2 72/2
f 79/2 80/2 74/2 73/2
f 80/2 81/2 75/2 74/2
f 81/2 82/2 76/2 75/2
f 82/2 83/2 77/2 76/2
f 83/2 84/2 78/2 77/2
f 84/2 79/2 73/2 78/2
f 85/2 86/2 80/2 79/2
f 86/2 87/2 81/2 80/2
f 87/2 88/2 82/2 81/2
f 88/2 89/2 83/2 82/2
f 89/2 90/2 84/2 83/2
f 90/2 85/2 79/2 84/2
f 91/2 92/2 86/2 85/2
f 92/2 93/2 87/2 86/2
f 93/2 94/2 88/2 87/2
f 94/2 95/2 89/2 88/2
f 95/2 96/2 90/2 89/2
f 96/2 91/2 85/2 90/2
f 97/2 98/2 92/2 91/2
f 98/2 99/2 93/2 92/2
f 99/2 100/2 94/2 93/2
f 100/2 101/2 95/2 94/2
f 101/2 102/2 96/2 95/2
f 102/2 97/2 91/2 96/2
f 103/2 104/2 98/2 97/2
f 104/2 105/2 99/2 98/2
f 105/2 106/2 100/2 99/2
f 106/2 107/2 101/2 100/2
f 107/2 108/2 102/2 101/2
f 108/2 103/2 97/2 102/2
f 109/2 110/2 104/2 103/2
f 110/2 111/2 105/2 104/2
f 111/2 112/2 106/2 105/2
f 112/2 113/2 107/2 106/2
f 113/2 114/2 108/2 107/2
f 114/2 109/2 103/2 108/2
f 115/2 116/2 110/2 109/2
f 116/2 117/2 111/2 110/2
f 117/2 118/2 112/2 111/2
f 118/2 119/2 113/2 112/2
f 119/2 120/2 114/2 113/2
f 120/2 115/2 109/2 114/2
f 121/2 122/2 116/2 115/2
f 122/2 123/2 117/2 116/2
f 123/2 124/2 118/2 117/2
f 124/2 125/2 119/2 118/2
f 125/2 126/2 120/2 119/2
f 126/2 121/2 115/2 120/2
f 127/2 128/2 122/2 121/2
f 128/2 129/2 123/2 122/2
f 129/2 130/2 124/2 123/2
f 130/2 131/2 125/2 124/2
f 131/2 132/2 126/2 125/2
f 132/2 127/2 121/2 126/2
f 133/2 134/2 128/2 127/2
f 134/2 135/2 129/2 128/2
f 135/2 136/2 130/2 129/2
f 136/2 137/2 131/2 130/2
f 137/2 138/2 132/2 131/2
f 138/2 133/2 127/2 132/2
f 139/2 140/2 134/2 133/2
f 140/2 141/2 135/2 134/2
f 141/2 142/2 136/2 135/2
f 142/2 143/2 137/2 136/2
f 143/2 144/2 138/2 137/2
f 144/2 139/2 133/2 138/2
f 145/2 146/2 140/2 139/2
f 146/2 147/2 141/2 140/2
f 147/2 148/2 142/2 141/2
f 148/2 149/2 143/2 142/2
f 149/2 150/2 144/2 143/2
f 150/2 145/2 139/2 144/2
f 151/2 152/2 146/2 145/2
f 152/2 153/2 147/2 146/2
f 153/2 154/2 148/2 147/2
f 154/2 155/2 149/2 148/2
f 155/2 156/2 150/2 149/2
f 156/2 151/2 145/2 150/2
f 157/2 158/2 152/2 151/2
f 158/2 159/2 153/2 152/2
f 159/2 160/2 154/2 153/2
f 160/2 161/2 155/2 154/2
f 161/2 162/2 156/2 155/2
f 162/2 157/2 151/2 156/2
f 163/2 164/2 158/2 157/2
f 164/2 165/2 159/2 158/2
f 165/2 166/2 160/2 159/2
f 166/2 167/2 161/2 160/2
f 167/2 168/2 162/2 161/2
f 168/2 163/2 157/2 162/2
f 169/2 170/2 164/2 163/2
f 170/2 171/2 165/2 164/2
f 171/2 172/2 166/2 165/2
f 172/2 173/2 167/2 166/2
f 173/2 174/2 168/2 167/2
f 174/2 169/2 163/2 168/2
f 175/2 176/2 170/2 169/2
f 176/2 177/2 171/2 170/2
f 177/2 178/2 172/2 171/2
f 178/2 179/2 173/2 172/2
f 179/2 180/2 174/2 173/2
f 180/2 175/2 169/2 174/2
f 181/2 182/2 176/2 175/2
f 182/2 183/2 177/2 176/2
f 183/2 184/2 178/2 177/2
f 184/2 185/2 179/2 178/2
f 185/2 186/2 180/2 179/2
f 186/2 181/2 175/2 180/2
f 187/2 188/2 182/2 181/2
f 188/2 189/2 183/2 182/2
f 189/2 190/2 184/2 183/2
f 190/2 191/2 185/2 184/2
f 191/2 192/2 186/2 185/2
f 192/2 187/2 181/2 186/2
f 193/2 194/2 188/2 187/2
f 194/2 195/2 189/2 188/2
f 195/2 196/2 190/2 189/2
f 196/2 197/2 191/2 190/2
f 197/2 198/2 192/2 191/2
f 198/2 193/2 187/2 192/2
f 199/2 200/2 194/2 193/2
f 200/2 201/2 195/2 194/2
f 201/2 202/2 196/2 195/2
f 202/2 203/2 197/2 196/2
f 203/2 204/2 198/2 197/2
f 204/2 199/2 193/2 198/2
f 205/2 206/2 200/2 199/2
f 206/2 207/2 201/2 200/2
f 207/2 208/2 202/2 201/2
f 208/2 209/2 203/2 202/2
f 209/2 210/2 204/2 203/2
f 210/2 205/2 199/2 204/2
f 211/2 212/2 206/2 205/2
f 212/2 213/2 207/2 206/2
f 213/2 214/2 208/2 207/2
f 214/2 215/2 209/2 208/2
f 215/2 216/2 210/2 209/2
f 216/2 211/2 205/2 210/2
f 217/2 218/2 212/2 211/2
f 218/2 219/2 213/2 212/2
f 219/2 220/2 214/2 213/2
f 220/2 221/2 215/2 214/2
f 221/2 222/2 216/2 215/2
f 222/2 217/2 211/2 216/2
f 223/2 224/2 218/2 217/2
f 224/2 225/2 219/2 218/2
f 225/2 226/2 220/2 219/2
f 226/2 227/2 221/2 220/2
f 227/2 228/2 222/2 221/2
f 228/2 223/2 217/2 222/2
f 229/2 230/2 224/2 223/2
f 230/2 231/2 225/2 224/2
f 231/2 232/2 226/2 225/2
f 232/2 233/2 227/2 226/2
f 233/2 234/2 228/2 227/2
f 234/2 229/2 223/2 228/2
f 235/2 236/2 230/2 229/2
f 236/2 237/2 231/2 230/2
f 237/2 238/2 232/2 231/2
f 238/2 239/2 233/2 232/2
f 239/2 240/2 234/2 233/2
f 240/2 235/2 229/2 234/2
f 241/2 242/2 236/2 235/2
f 242/2 243/2 237/2 236/2
f 243/2 244/2 238/2 237/2
f 244/2 245/2 239/2 238/2
f 245/2 246/2 240/2 239/2
f 246/2 241/2 235/2 240/2
f 247/2 248/2 242/2 241/2
f 248/2 249/2 243/2 242/2
f 249/2 250/2 244/2 243/2
f 250/2 251/2 245/2 244/2
f 251/2 252/2 246/2 245/2
f 252/2 247/2 241/2 246/2
f 253/2 254/2 248/2 247/2
f 254/2 255/2 249/2 248/2
f 255/2 256/2 250/2 249/2
f 256/2 257/2 251/2 250/2
f 257/2 258/2 252/2 251/2
f 258/2 253/2 247/2 252/2
f 259/2 260/2 254/2 253/2
f 260/2 261/2 255/2 254/2
f 261/2 262/2 256/2 255/2
f 262/2 263/2 257/2 256/2
f 263/2 264/2 258/2 257/2
f 264/2 259/2 253/2 258/2
f 265/2 266/2 260/2 259/2
f 266/2 267/2 261/2 260/2
f 267/2 268/2 262/2 261/2
f 268/2 269/2 263/2 262/2
f 269/2 270/2 264/2 263/2
f 270/2 265/2 259/2 264/2
f 271/2 272/2 266/2 265/2
f 272/2 273/2 267/2 266/2
f 273/2 274/2 268/2 267/2
f 274/2 275/2 269/2 268/2
f 275/2 276/2 270/2 269/2
f 276/2 271/2 265/2 270/2
f 277/2 278/2 272/2 271/2
f 278/2 279/2 273/2 272/2
f 279/2 280/2 274/2 273/2
f 280/2 281/2 275/2 274/2
f 281/2 282/2 276/2 275/2
f 282/2 277/2 271/2 276/2
f 283/2 284/2 278/2 277/2
f 284/2 285/2 279/2 278/2
f 285/2 286/2 280/2 279/2
f 286/2 287/2 281/2 280/2
f 287/2 288/2 282/2 281/2
f 288/2 283/2 277/2 282/2
f 1/2 2/2 284/2 283/2
f 2/2 3/2 285/2 284/2
f 3/2 4/2 286/2 285/2
f 4/2 5/2 287/2 286/2
f 5/2 6/2 288/2 287/2
f 6/2 1/2 283/2 288/2
f 495/2 496/2 490/2 489/2
f 496/2 497/2 491/2 490/2
f 497/2 498/2 492/2 491/2
f 498/2 499/2 493/2 492/2
f 499/2 500/2 494/2 493/2
f 500/2 495/2 489/2 494/2
f 501/2 502/2 496/2 495/2
f 502/2 503/2 497/2 496/2
f 503/2 504/2 498/2 497/2
f 504/2 505/2 499/2 498/2
f 505/2 506/2 500/2 499/2
f 506/2 501/2 495/2 500/2
f 507/2 508/2 502/2 501/2
f 508/2 509/2 503/2 502/2
f 509/2 510/2 504/2 503/2
f 510/2 511/2 505/2 504/2
f 511/2 512/2 506/2 505/2
f 512/2 507/2 501/2 506/2
f 513/2 514/2 508/2 507/2
f 514/2 515/2 509/2 508/2
f 515/2 516/2 510/2 509/2
f 516/2 517/2 511/2 510/2
f 517/2 518/2 512/2 511/2
f 518/2 513/2 507/2 512/2
f 519/2 520/2 514/2 513/2
f 520/2 521/2 515/2 514/2
f 521/2 522/2 516/2 515/2
f 522/2 523/2 517/2 516/2
f 523/2 524/2 518/2 517/2
f 524/2 519/2 513/2 518/2
f 525/2 526/2 520/2 519/2
f 526/2 527/2 521/2 520/2
f 527/2 528/2 522/2 521/2
f 528/2 529/2 523/2 522/2
f 529/2 530/2 524/2 523/2
f 530/2 525/2 519/2 524/2
f 531/2 532/2 526/2 525/2
f 532/2 533/2 527/2 526/2
f 533/2 534/2 528/2 527/2
f 534/2 535/2 529/2 528/2
f 535/2 536/2 530/2 529/2
f 536/2 531/2 525/2 530/2
f 537/2 538/2 532/2 531/2
f 538/2 539/2 533/2 532/2
f 539/2 540/2 534/2 533/2
f 540/2 541/2 535/2 534/2
f 541/2 542/2 536/2 535/2
f 542/2 537/2 531/2 536/2
f 543/2 544/2 538/2 537/2
f 544/2 545/2 539/2 538/2
f 545/2 546/2 540/2 539/2
f 546/2 547/2 541/2 540/2
f 547/2 548/2 542/2 541/2
f 548/2 543/2 537/2 542/2
f 549/2 550/2 544/2 543/2
f 550/2 551/2 545/2 544/2
f 551/2 552/2 546/2 545/2
f 552/2 553/2 547/2 546/2
f 553/2 554/2 548/2 547/2
f 554/2 549/2 543/2 548/2
f 555/2 556/2 550/2 549/2
f 556/2 557/2 551/2 550/2
f 557/2 558/2 552/2 551/2
f 558/2 559/2 553/2 552/2
f 559/2 560/2 554/2 553/2
f 560/2 555/2 549/2 554/2
f 561/2 562/2 556/2 555/2
f 562/2 563/2 557/2 556/2
f 563/2 564/2 558/2 557/2
f 564/2 565/2 559/2 558/2
f 565/2 566/2 560/2 559/2
f 566/2 561/2 555/2 560/2
f 567/2 568/2 562/2 561/2
f 568/2 569/2 563/2 562/2
f 569/2 570/2 564/2 563/2
f 570/2 571/2 565/2 564/2
f 571/2 572/2 566/2 565/2
f 572/2 567/2 561/2 566/2
f 573/2 574/2 568/2 567/2
f 574/2 575/2 569/2 568/2
f 575/2 576/2 570/2 569/2
f 576/2 577/2 571/2 570/2
f 577/2 578/2 572/2 571/2
f 578/2 573/2 567/2 572/2
f 579/2 580/2 574/2 573/2
f 580/2 581/2 575/2 574/2
f 581/2 582/2 576/2 575/2
f 582/2 583/2 577/2 576/2
f 583/2 584/2 578/2 577/2
f 584/2 579/2 573/2 578/2
f 585/2 586/2 580/2 579/2
f 586/2 587/2 581/2 580/2
f 587/2 588/2 582/2 581/2
f 588/2 589/2 583/2 582/2
f 589/2 590/2 584/2 583/2
f 590/2 585/2 579/2 584/2
f 591/2 592/2 586/2 585/2
f 592/2 593/2 587/2 586/2
f 593/2 594/2 588/2 587/2
f 594/2 595/2 589/2 588/2
f 595/2 596/2 590/2 589/2
f 596/2 591/2 585/2 590/2
f 597/2 598/2 592/2 591/2
f 598/2 599/2 593/2 592/2
f 599/2 600/2 594/2 593/2
f 600/2 601/2 595/2 594/2
f 601/2 602/2 596/2 595/2
f 602/2 597/2 591/2 596/2
f 603/2 604/2 598/2 597/2
f 604/2 605/2 599/2 598/2
f 605/2 606/2 600/2 599/2
f 606/2 607/2 601/2 600/2
f 607/2 608/2 602/2 601/2
f 608/2 603/2 597/2 602/2
f 609/2 610/2 604/2 603/2
f 610/2 611/2 605/2 604/2
f 611/2 612/2 606/2 605/2
f 612/2 613/2 607/2 606/2
f 613/2 614/2 608/2 607/2
f 614/2 609/2 603/2 608/2
f 615/2 616/2 610/2 609/2
f 616/2 617/2 611/2 610/2
f 617/2 618/2 612/2 611/2
f 618/2 619/2 613/2 612/2
f 619/2 620/2 614/2 613/2
f 620/2 615/2 609/2 614/2
f 621/2 622/2 616/2 615/2
f 622/2 623/2 617/2 616/2
f 623/2 624/2 618/2 617/2
f 624/2 625/2 619/2 618/2
f 625/2 626/2 620/2 619/2
f 626/2 621/2 615/2 620/2
f 627/2 628/2 622/2 621/2
f 628/2 629/2 623/2 622/2
f 629/2 630/2 624/2 623/2
f 630/2 631/2 625/2 624/2
f 631/2 632/2 626/2 625/2
f 632/2 627/2 621/2 626/2
f 633/2 634/2 628/2 627/2
f 634/2 635/2 629/2 628/2
f 635/2 636/2 630/2 629/2
f 636/2 637/2 631/2 630/2
f 637/2 638/2 632/2 631/2
f 638/2 633/2 627/2 632/2
f 639/2 640/2 634/2 633/2
f 640/2 641/2 635/2 634/2
f 641/2 642/2 636/2 635/2
f 642/2 643/2 637/2 636/2
f 643/2 644/2 638/2 637/2
f 644/2 639/2 633/2 638/2
f 645/2 646/2 640/2 639/2
f 646/2 647/2 641/2 640/2
f 647/2 648/2 642/2 641/2
f 648/2 649/2 643/2 642/2
f 649/2 650/2 644/2 643/2
f 650/2 645/2 639/2 644/2
f 651/2 652/2 646/2 645/2
f 652/2 653/2 647/2 646/2
f 653/2 654/2 648/2 647/2
f 654/2 655/2 649/2 648/2
f 655/2 656/2 650/2 649/2
f 656/2 651/2 645/2 650/2
f 657/2 658/2 652/2 651/2
f 658/2 659/2 653/2 652/2
f 659/2 660/2 654/2 653/2
f 660/2 661/2 655/2 654/2
f 661/2 662/2 656/2 655/2
f 662/2 657/2 651/2 656/2
f 663/2 664/2 658/2 657/2
f 664/2 665/2 659/2 658/2
f 665/2 666/2 660/2 659/2
f 666/2 667/2 661/2 660/2
f 667/2 668/2 662/2 661/2
f 668/2 663/2 657/2 662/2
f 669/2 670/2 664/2 663/2
f 670/2 671/2 665/2 664/2
f 671/2 672/2 666/2 665/2
f 672/2 673/2 667/2 666/2
f 673/2 674/2 668/2 667/2
f 674/2 669/2 663/2 668/2
f 675/2 676/2 670/2 669/2
f 676/2 677/2 671/2 670/2
f 677/2 678/2 672/2 671/2
f 678/2 679/2 673/2 672/2
f 679/2 680/2 674/2 673/2
f 680/2 675/2 669/2 674/2
f 681/2 682/2 676/2 675/2
f 682/2 683/2 677/2 676/2
f 683/2 684/2 678/2 677/2
f 684/2 685/2 679/2 678/2
f 685/2 686/2 680/2 679/2
f 686/2 681/2 675/2 680/2
f 687/2 688/2 682/2 681/2
f 688/2 689/2 683/2 682/2
f 689/2 690/2 684/2 683/2
f 690/2 691/2 685/2 684/2
f 691/2 692/2 686/2 685/2
f 692/2 687/2 681/2 686/2
f 693/2 694/2 688/2 687/2
f 694/2 695/2 689/2 688/2
f 695/2 696/2 690/2 689/2
f 696/2 697/2 691/2 690/2
f 697/2 698/2 692/2 691/2
f 698/2 693/2 687/2 692/2
f 699/2 700/2 694/2 693/2
f 700/2 701/2 695/2 694/2
f 701/2 702/2 696/2 695/2
f 702/2 703/2 697/2 696/2
f 703/2 704/2 698/2 697/2
f 704/2 699/2 693/2 698/2
f 705/2 706/2 700/2 699/2
f 706/2 707/2 701/2 700/2
f 707/2 708/2 702/2 701/2
f 708/2 709/2 703/2 702/2
f 709/2 710/2 704/2 703/2
f 710/2 705/2 699/2 704/2
f 711/2 712/2 706/2 705/2
f 712/2 713/2 707/2 706/2
f 713/2 714/2 708/2 707/2
f 714/2 715/2 709/2 708/2
f 715/2 716/2 710/2 709/2
f 716/2 711/2 705/2 710/2
f 717/2 718/2 712/2 711/2
f 718/2 719/2 713/2 712/2
f 719/2 720/2 714/2 713/2
f 720/2 721/2 715/2 714/2
f 721/2 722/2 716/2 715/2
f 722/2 717/2 711/2 716/2
f 723/2 724/2 718/2 717/2
f 724/2 725/2 719/2 718/2
f 725/2 726/2 720/2 719/2
f 726/2 727/2 721/2 720/2
f 727/2 728/2 722/2 721/2
f 728/2 723/2 717/2 722/2
f 729/2 730/2 724/2 723/2
f 730/2 731/2 725/2 724/2
f 731/2 732/2 726/2 725/2
f 732/2 733/2 727/2 726/2
f 733/2 734/2 728/2 727/2
f 734/2 729/2 723/2 728/2
f 735/2 736/2 730/2 729/2
f 736/2 737/2 731/2 730/2
f 737/2 738/2 732/2 731/2
f 738/2 739/2 733/2 732/2
f 739/2 740/2 734/2 733/2
f 740/2 735/2 729/2 734/2
f 741/2 742/2 736/2 735/2
f 742/2 743/2 737/2 736/2
f 743/2 744/2 738/2 737/2
f 744/2 745/2 739/2 738/2
f 745/2 746/2 740/2 739/2
f 746/2 741/2 735/2 740/2
f 747/2 748/2 742/2 741/2
f 748/2 749/2 743/2 742/2
f 749/2 750/2 744/2 743/2
f 750/2 751/2 745/2 744/2
f 751/2 752/2 746/2 745/2
f 752/2 747/2 741/2 746/2
f 753/2 754/2 748/2 747/2
f 754/2 755/2 749/2 748/2
f 755/2 756/2 750/2 749/2
f 756/2 757/2 751/2 750/2
f 757/2 758/2 752/2 751/2
f 758/2 753/2 747/2 752/2
f 759/2 760/2 754/2 753/2
f 760/2 761/2 755/2 754/2
f 761/2 762/2 756/2 755/2
f 762/2 763/2 757/2 756/2
f 763/2 764/2 758/2 757/2
f 764/2 759/2 753/2 758/2
f 765/2 766/2 760/2 759/2
f 766/2 767/2 761/2 760/2
f 767/2 768/2 762/2 761/2
f 768/2 769/2 763/2 762/2
f 769/2 770/2 764/2 763/2
f 770/2 765/2 759/2 764/2
f 771/2 772/2 766/2 765/2
f 772/2 773/2 767/2 766/2
f 773/2 774/2 768/2 767/2
f 774/2 775/2 769/2 768/2
f 775/2 776/2 770/2 769/2
f 776/2 771/2 765/2 770/2
f 489/2 490/2 772/2 771/2
f 490/2 491/2 773/2 772/2
f 491/2 492/2 774/2 773/2
f 492/2 493/2 775/2 774/2
f 493/2 494/2 776/2 775/2
f 494/2 489/2 771/2 776/2
f 2753/2 2754/2 2774/2 2773/2
f 2793/2 2754/2 2753/2
f 2794/2 2773/2 2774/2
f 2754/2 2755/2 2775/2 2774/2
f 2793/2 2755/2 2754/2
f 2794/2 2774/2 2775/2
f 2755/2 2756/2 2776/2 2775/2
f 2793/2 2756/2 2755/2
f 2794/2 2775/2 2776/2
f 2756/2 2757/2 2777/2 2776/2
f 2793/2 2757/2 2756/2
f 2794/2 2776/2 2777/2
f 2757/2 2758/2 2778/2 2777/2
f 2793/2 2758/2 2757/2
f 2794/2 2777/2 2778/2
f 2758/2 2759/2 2779/2 2778/2
f 2793/2 2759/2 2758/2
f 2794/2 2778/2 2779/2
f 2759/2 2760/2 2780/2 2779/2
f 2793/2 2760/2 2759/2
f 2794/2 2779/2 2780/2
f 2760/2 2761/2 2781/2 2780/2
f 2793/2 2761/2 2760/2
f 2794/2 2780/2 2781/2
f 2761/2 2762/2 2782/2 2781/2
f 2793/2 2762/2 2761/2
f 2794/2 2781/2 2782/2
f 2762/2 2763/2 2783/2 2782/2
f 2793/2 2763/2 2762/2
f 2794/2 2782/2 2783/2
f 2763/2 2764/2 2784/2 2783/2
f 2793/2 2764/2 2763/2
f 2794/2 2783/2 2784/2
f 2764/2 2765/2 2785/2 2784/2
f 2793/2 2765/2 2764/2
f 2794/2 2784/2 2785/2
f 2765/2 2766/2 2786/2 2785/2
f 2793/2 2766/2 2765/2
f 2794/2 2785/2 2786/2
f 2766/2 2767/2 2787/2 2786/2
f 2793/2 2767/2 2766/2
f 2794/2 2786/2 2787/2
f 2767/2 2768/2 2788/2 2787/2
f 2793/2 2768/2 2767/2
f 2794/2 2787/2 2788/2
f 2768/2 2769/2 2789/2 2788/2
f 2793/2 2769/2 2768/2
f 2794/2 2788/2 2789/2
f 2769/2 2770/2 2790/2 2789/2
f 2793/2 2770/2 2769/2
f 2794/2 2789/2 2790/2
f 2770/2 2771/2 2791/2 2790/2
f 2793/2 2771/2 2770/2
f 2794/2 2790/2 2791/2
f 2771/2 2772/2 2792/2 2791/2
f 2793/2 2772/2 2771/2
f 2794/2 2791/2 2792/2
f 2772/2 2753/2 2773/2 2792/2
f 2793/2 2753/2 2772/2
f 2794/2 2792/2 2773/2
usemtl cream
f 294/1 295/1 290/1 289/1
f 295/1 296/1 291/1 290/1
f 296/1 297/1 292/1 291/1
f 297/1 298/1 293/1 292/1
f 298/1 294/1 289/1 293/1
f 299/1 300/1 295/1 294/1
f 300/1 301/1 296/1 295/1
f 301/1 302/1 297/1 296/1
f 302/1 303/1 298/1 297/1
f 303/1 299/1 294/1 298/1
f 304/1 305/1 300/1 299/1
f 305/1 306/1 301/1 300/1
f 306/1 307/1 302/1 301/1
f 307/1 308/1 303/1 302/1
f 308/1 304/1 299/1 303/1
f 309/1 310/1 305/1 304/1
f 310/1 311/1 306/1 305/1
f 311/1 312/1 307/1 306/1
f 312/1 313/1 308/1 307/1
f 313/1 309/1 304/1 308/1
f 314/1 315/1 310/1 309/1
f 315/1 316/1 311/1 310/1
f 316/1 317/1 312/1 311/1
f 317/1 318/1 313/1 312/1
f 318/1 314/1 309/1 313/1
f 319/1 320/1 315/1 314/1
f 320/1 321/1 316/1 315/1
f 321/1 322/1 317/1 316/1
f 322/1 323/1 318/1 317/1
f 323/1 319/1 314/1 318/1
f 324/1 325/1 320/1 319/1
f 325/1 326/1 321/1 320/1
f 326/1 327/1 322/1 321/1
f 327/1 328/1 323/1 322/1
f 328/1 324/1 319/1 323/1
f 329/1 330/1 325/1 324/1
f 330/1 331/1 326/1 325/1
f 331/1 332/1 327/1 326/1
f 332/1 333/1 328/1 327/1
f 333/1 329/1 324/1 328/1
f 334/1 335/1 330/1 329/1
f 335/1 336/1 331/1 330/1
f 336/1 337/1 332/1 331/1
f 337/1 338/1 333/1 332/1
f 338/1 334/1 329/1 333/1
f 339/1 340/1 335/1 334/1
f 340/1 341/1 336/1 335/1
f 341/1 342/1 337/1 336/1
f 342/1 343/1 338/1 337/1
f 343/1 339/1 334/1 338/1
f 344/1 345/1 340/1 339/1
f 345/1 346/1 341/1 340/1
f 346/1 347/1 342/1 341/1
f 347/1 348/1 343/1 342/1
f 348/1 344/1 339/1 343/1
f 349/1 350/1 345/1 344/1
f 350/1 351/1 346/1 345/1
f 351/1 352/1 347/1 346/1
f 352/1 353/1 348/1 347/1
f 353/1 349/1 344/1 348/1
f 354/1 355/1 350/1 349/1
f 355/1 356/1 351/1 350/1
f 356/1 357/1 352/1 351/1
f 357/1 358/1 353/1 352/1
f 358/1 354/1 349/1 353/1
f 359/1 360/1 355/1 354/1
f 360/1 361/1 356/1 355/1
f 361/1 362/1 357/1 356/1
f 362/1 363/1 358/1 357/1
f 363/1 359/1 354/1 358/1
f 364/1 365/1 360/1 359/1
f 365/1 366/1 361/1 360/1
f 366/1 367/1 362/1 361/1
f 367/1 368/1 363/1 362/1
f 368/1 364/1 359/1 363/1
f 369/1 370/1 365/1 364/1
f 370/1 371/1 366/1 365/1
f 371/1 372/1 367/1 366/1
f 372/1 373/1 368/1 367/1
f 373/1 369/1 364/1 368/1
f 374/1 375/1 370/1 369/1
f 375/1 376/1 371/1 370/1
f 376/1 377/1 372/1 371/1
f 377/1 378/1 373/1 372/1
f 378/1 374/1 369/1 373/1
f 379/1 380/1 375/1 374/1
f 380/1 381/1 376/1 375/1
f 381/1 382/1 377/1 376/1
f 382/1 383/1 378/1 377/1
f 383/1 379/1 374/1 378/1
f 384/1 385/1 380/1 379/1
f 385/1 386/1 381/1 380/1
f 386/1 387/1 382/1 381/1
f 387/1 388/1 383/1 382/1
f 388/1 384/1 379/1 383/1
f 389/1 390/1 385/1 384/1
f 390/1 391/1 386/1 385/1
f 391/1 392/1 387/1 386/1
f 392/1 393/1 388/1 387/1
f 393/1 389/1 384/1 388/1
f 394/1 395/1 390/1 389/1
f 395/1 396/1 391/1 390/1
f 396/1 397/1 392/1 391/1
f 397/1 398/1 393/1 392/1
f 398/1 394/1 389/1 393/1
f 399/1 400/1 395/1 394/1
f 400/1 401/1 396/1 395/1
f 401/1 402/1 397/1 396/1
f 402/1 403/1 398/1 397/1
f 403/1 399/1 394/1 398/1
f 404/1 405/1 400/1 399/1
f 405/1 406/1 401/1 400/1
f 406/1 407/1 402/1 401/1
f 407/1 408/1 403/1 402/1
f 408/1 404/1 399/1 403/1
f 409/1 410/1 405/1 404/1
f 410/1 411/1 406/1 405/1
f 411/1 412/1 407/1 406/1
f 412/1 413/1 408/1 407/1
f 413/1 409/1 404/1 408/1
f 414/1 415/1 410/1 409/1
f 415/1 416/1 411/1 410/1
f 416/1 417/1 412/1 411/1
f 417/1 418/1 413/1 412/1
f 418/1 414/1 409/1 413/1
f 419/1 420/1 415/1 414/1
f 420/1 421/1 416/1 415/1
f 421/1 422/1 417/1 416/1
f 422/1 423/1 418/1 417/1
f 423/1 419/1 414/1 418/1
f 424/1 425/1 420/1 419/1
f 425/1 426/1 421/1 420/1
f 426/1 427/1 422/1 421/1
f 427/1 428/1 423/1 422/1
f 428/1 424/1 419/1 423/1
f 429/1 430/1 425/1 424/1
f 430/1 431/1 426/1 425/1
f 431/1 432/1 427/1 426/1
f 432/1 433/1 428/1 427/1
f 433/1 429/1 424/1 428/1
f 434/1 435/1 430/1 429/1
f 435/1 436/1 431/1 430/1
f 436/1 437/1 432/1 431/1
f 437/1 438/1 433/1 432/1
f 438/1 434/1 429/1 433/1
f 439/1 440/1 435/1 434/1
f 440/1 441/1 436/1 435/1
f 441/1 442/1 437/1 436/1
f 442/1 443/1 438/1 437/1
f 443/1 439/1 434/1 438/1
f 444/1 445/1 440/1 439/1
f 445/1 446/1 441/1 440/1
f 446/1 447/1 442/1 441/1
f 447/1 448/1 443/1 442/1
f 448/1 444/1 439/1 443/1
f 449/1 450/1 445/1 444/1
f 450/1 451/1 446/1 445/1
f 451/1 452/1 447/1 446/1
f 452/1 453/1 448/1 447/1
f 453/1 449/1 444/1 448/1
f 454/1 455/1 450/1 449/1
f 455/1 456/1 451/1 450/1
f 456/1 457/1 452/1 451/1
f 457/1 458/1 453/1 452/1
f 458/1 454/1 449/1 453/1
f 459/1 460/1 455/1 454/1
f 460/1 461/1 456/1 455/1
f 461/1 462/1 457/1 456/1
f 462/1 463/1 458/1 457/1
f 463/1 459/1 454/1 458/1
f 464/1 465/1 460/1 459/1
f 465/1 466/1 461/1 460/1
f 466/1 467/1 462/1 461/1
f 467/1 468/1 463/1 462/1
f 468/1 464/1 459/1 463/1
f 469/1 470/1 465/1 464/1
f 470/1 471/1 466/1 465/1
f 471/1 472/1 467/1 466/1
f 472/1 473/1 468/1 467/1
f 473/1 469/1 464/1 468/1
f 474/1 475/1 470/1 469/1
f 475/1 476/1 471/1 470/1
f 476/1 477/1 472/1 471/1
f 477/1 478/1 473/1 472/1
f 478/1 474/1 469/1 473/1
f 479/1 480/1 475/1 474/1
f 480/1 481/1 476/1 475/1
f 481/1 482/1 477/1 476/1
f 482/1 483/1 478/1 477/1
f 483/1 479/1 474/1 478/1
f 484/1 485/1 480/1 479/1
f 485/1 486/1 481/1 480/1
f 486/1 487/1 482/1 481/1
f 487/1 488/1 483/1 482/1
f 488/1 484/1 479/1 483/1
f 289/1 290/1 485/1 484/1
f 290/1 291/1 486/1 485/1
f 291/1 292/1 487/1 486/1
f 292/1 293/1 488/1 487/1
f 293/1 289/1 484/1 488/1
f 782/1 783/1 778/1 777/1
f 783/1 784/1 779/1 778/1
f 784/1 785/1 780/1 779/1
f 785/1 786/1 781/1 780/1
f 786/1 782/1 777/1 781/1
f 787/1 788/1 783/1 782/1
f 788/1 789/1 784/1 783/1
f 789/1 790/1 785/1 784/1
f 790/1 791/1 786/1 785/1
f 791/1 787/1 782/1 786/1
f 792/1 793/1 788/1 787/1
f 793/1 794/1 789/1 788/1
f 794/1 795/1 790/1 789/1
f 795/1 796/1 791/1 790/1
f 796/1 792/1 787/1 791/1
f 797/1 798/1 793/1 792/1
f 798/1 799/1 794/1 793/1
f 799/1 800/1 795/1 794/1
f 800/1 801/1 796/1 795/1
f 801/1 797/1 792/1 796/1
f 802/1 803/1 798/1 797/1
f 803/1 804/1 799/1 798/1
f 804/1 805/1 800/1 799/1
f 805/1 806/1 801/1 800/1
f 806/1 802/1 797/1 801/1
f 807/1 808/1 803/1 802/1
f 808/1 809/1 804/1 803/1
f 809/1 810/1 805/1 804/1
f 810/1 811/1 806/1 805/1
f 811/1 807/1 802/1 806/1
f 812/1 813/1 808/1 807/1
f 813/1 814/1 809/1 808/1
f 814/1 815/1 810/1 809/1
f 815/1 816/1 811/1 810/1
f 816/1 812/1 807/1 811/1
f 817/1 818/1 813/1 812/1
f 818/1 819/1 814/1 813/1
f 819/1 820/1 815/1 814/1
f 820/1 821/1 816/1 815/1
f 821/1 817/1 812/1 816/1
f 822/1 823/1 818/1 817/1
f 823/1 824/1 819/1 818/1
f 824/1 825/1 820/1 819/1
f 825/1 826/1 821/1 820/1
f 826/1 822/1 817/1 821/1
f 827/1 828/1 823/1 822/1
f 828/1 829/1 824/1 823/1
f 829/1 830/1 825/1 824/1
f 830/1 831/1 826/1 825/1
f 831/1 827/1 822/1 826/1
f 832/1 833/1 828/1 827/1
f 833/1 834/1 829/1 828/1
f 834/1 835/1 830/1 829/1
f 835/1 836/1 831/1 830/1
f 836/1 832/1 827/1 831/1
f 837/1 838/1 833/1 832/1
f 838/1 839/1 834/1 833/1
f 839/1 840/1 835/1 834/1
f 840/1 841/1 836/1 835/1
f 841/1 837/1 832/1 836/1
f 842/1 843/1 838/1 837/1
f 843/1 844/1 839/1 838/1
f 844/1 845/1 840/1 839/1
f 845/1 846/1 841/1 840/1
f 846/1 842/1 837/1 841/1
f 847/1 848/1 843/1 842/1
f 848/1 849/1 844/1 843/1
f 849/1 850/1 845/1 844/1
f 850/1 851/1 846/1 845/1
f 851/1 847/1 842/1 846/1
f 852/1 853/1 848/1 847/1
f 853/1 854/1 849/1 848/1
f 854/1 855/1 850/1 849/1
f 855/1 856/1 851/1 850/1
f 856/1 852/1 847/1 851/1
f 857/1 858/1 853/1 852/1
f 858/1 859/1 854/1 853/1
f 859/1 860/1 855/1 854/1
f 860/1 861/1 856/1 855/1
f 861/1 857/1 852/1 856/1
f 862/1 863/1 858/1 857/1
f 863/1 864/1 859/1 858/1
f 864/1 865/1 860/1 859/1
f 865/1 866/1 861/1 860/1
f 866/1 862/1 857/1 861/1
f 867/1 868/1 863/1 862/1
f 868/1 869/1 864/1 863/1
f 869/1 870/1 865/1 864/1
f 870/1 871/1 866/1 865/1
f 871/1 867/1 862/1 866/1
f 872/1 873/1 868/1 867/1
f 873/1 874/1 869/1 868/1
f 874/1 875/1 870/1 869/1
f 875/1 876/1 871/1 870/1
f 876/1 872/1 867/1 871/1
f 877/1 878/1 873/1 872/1
f 878/1 879/1 874/1 873/1
f 879/1 880/1 875/1 874/1
f 880/1 881/1 876/1 875/1
f 881/1 877/1 872/1 876/1
f 882/1 883/1 878/1 877/1
f 883/1 884/1 879/1 878/1
f 884/1 885/1 880/1 879/1
f 885/1 886/1 881/1 880/1
f 886/1 882/1 877/1 881/1
f 887/1 888/1 883/1 882/1
f 888/1 889/1 884/1 883/1
f 889/1 890/1 885/1 884/1
f 890/1 891/1 886/1 885/1
f 891/1 887/1 882/1 886/1
f 892/1 893/1 888/1 887/1
f 893/1 894/1 889/1 888/1
f 894/1 895/1 890/1 889/1
f 895/1 896/1 891/1 890/1
f 896/1 892/1 887/1 891/1
f 897/1 898/1 893/1 892/1
f 898/1 899/1 894/1 893/1
f 899/1 900/1 895/1 894/1
f 900/1 901/1 896/1 895/1
f 901/1 897/1 892/1 896/1
f 902/1 903/1 898/1 897/1
f 903/1 904/1 899/1 898/1
f 904/1 905/1 900/1 899/1
f 905/1 906/1 901/1 900/1
f 906/1 902/1 897/1 901/1
f 907/1 908/1 903/1 902/1
f 908/1 909/1 904/1 903/1
f 909/1 910/1 905/1 904/1
f 910/1 911/1 906/1 905/1
f 911/1 907/1 902/1 906/1
f 912/1 913/1 908/1 907/1
f 913/1 914/1 909/1 908/1
f 914/1 915/1 910/1 909/1
f 915/1 916/1 911/1 910/1
f 916/1 912/1 907/1 911/1
f 917/1 918/1 913/1 912/1
f 918/1 919/1 914/1 913/1
f 919/1 920/1 915/1 914/1
f 920/1 921/1 916/1 915/1
f 921/1 917/1 912/1 916/1
f 922/1 923/1 918/1 917/1
f 923/1 924/1 919/1 918/1
f 924/1 925/1 920/1 919/1
f 925/1 926/1 921/1 920/1
f 926/1 922/1 917/1 921/1
f 927/1 928/1 923/1 922/1
f 928/1 929/1 924/1 923/1
f 929/1 930/1 925/1 924/1
f 930/1 931/1 926/1 925/1
f 931/1 927/1 922/1 926/1
f 932/1 933/1 928/1 927/1
f 933/1 934/1 929/1 928/1
f 934/1 935/1 930/1 929/1
f 935/1 936/1 931/1 930/1
f 936/1 932/1 927/1 931/1
f 937/1 938/1 933/1 932/1
f 938/1 939/1 934/1 933/1
f 939/1 940/1 935/1 934/1
f 940/1 941/1 936/1 935/1
f 941/1 937/1 932/1 936/1
f 942/1 943/1 938/1 937/1
f 943/1 944/1 939/1 938/1
f 944/1 945/1 940/1 939/1
f 945/1 946/1 941/1 940/1
f 946/1 942/1 937/1 941/1
f 947/1 948/1 943/1 942/1
f 948/1 949/1 944/1 943/1
f 949/1 950/1 945/1 944/1
f 950/1 951/1 946/1 945/1
f 951/1 947/1 942/1 946/1
f 952/1 953/1 948/1 947/1
f 953/1 954/1 949/1 948/1
f 954/1 955/1 950/1 949/1
f 955/1 956/1 951/1 950/1
f 956/1 952/1 947/1 951/1
f 957/1 958/1 953/1 952/1
f 958/1 959/1 954/1 953/1
f 959/1 960/1 955/1 954/1
f 960/1 961/1 956/1 955/1
f 961/1 957/1 952/1 956/1
f 962/1 963/1 958/1 957/1
f 963/1 964/1 959/1 958/1
f 964/1 965/1 960/1 959/1
f 965/1 966/1 961/1 960/1
f 966/1 962/1 957/1 961/1
f 967/1 968/1 963/1 962/1
f 968/1 969/1 964/1 963/1
f 969/1 970/1 965/1 964/1
f 970/1 971/1 966/1 965/1
f 971/1 967/1 962/1 966/1
f 972/1 973/1 968/1 967/1
f 973/1 974/1 969/1 968/1
f 974/1 975/1 970/1 969/1
f 975/1 976/1 971/1 970/1
f 976/1 972/1 967/1 971/1
f 777/1 778/1 973/1 972/1
f 778/1 779/1 974/1 973/1
f 779/1 780/1 975/1 974/1
f 780/1 781/1 976/1 975/1
f 781/1 777/1 972/1 976/1
f 1019/1 1020/1 1026/1 1025/1
f 1031/1 1020/1 1019/1
f 1032/1 1025/1 1026/1
f 1020/1 1021/1 1027/1 1026/1
f 1031/1 1021/1 1020/1
f 1032/1 1026/1 1027/1
f 1021/1 1022/1 1028/1 1027/1
f 1031/1 1022/1 1021/1
f 1032/1 1027/1 1028/1
f 1022/1 1023/1 1029/1 1028/1
f 1031/1 1023/1 1022/1
f 1032/1 1028/1 1029/1
f 1023/1 1024/1 1030/1 1029/1
f 1031/1 1024/1 1023/1
f 1032/1 1029/1 1030/1
f 1024/1 1019/1 1025/1 1030/1
f 1031/1 1019/1 1024/1
f 1032/1 1030/1 1025/1
f 1033/1 1034/1 1040/1 1039/1
f 1045/1 1034/1 1033/1
f 1046/1 1039/1 1040/1
f 1034/1 1035/1 1041/1 1040/1
f 1045/1 1035/1 1034/1
f 1046/1 1040/1 1041/1
f 1035/1 1036/1 1042/1 1041/1
f 1045/1 1036/1 1035/1
f 1046/1 1041/1 1042/1
f 1036/1 1037/1 1043/1 1042/1
f 1045/1 1037/1 1036/1
f 1046/1 1042/1 1043/1
f 1037/1 1038/1 1044/1 1043/1
f 1045/1 1038/1 1037/1
f 1046/1 1043/1 1044/1
f 1038/1 1033/1 1039/1 1044/1
f 1045/1 1033/1 1038/1
f 1046/1 1044/1 1039/1
f 1103/1 1104/1 1110/1 1109/1
f 1115/1 1104/1 1103/1
f 1116/1 1109/1 1110/1
f 1104/1 1105/1 1111/1 1110/1
f 1115/1 1105/1 1104/1
f 1116/1 1110/1 1111/1
f 1105/1 1106/1 1112/1 1111/1
f 1115/1 1106/1 1105/1
f 1116/1 1111/1 1112/1
f 1106/1 1107/1 1113/1 1112/1
f 1115/1 1107/1 1106/1
f 1116/1 1112/1 1113/1
f 1107/1 1108/1 1114/1 1113/1
f 1115/1 1108/1 1107/1
f 1116/1 1113/1 1114/1
f 1108/1 1103/1 1109/1 1114/1
f 1115/1 1103/1 1108/1
f 1116/1 1114/1 1109/1
f 1117/1 1118/1 1124/1 1123/1
f 1129/1 1118/1 1117/1
f 1130/1 1123/1 1124/1
f 1118/1 1119/1 1125/1 1124/1
f 1129/1 1119/1 1118/1
f 1130/1 1124/1 1125/1
f 1119/1 1120/1 1126/1 1125/1
f 1129/1 1120/1 1119/1
f 1130/1 1125/1 1126/1
f 1120/1 1121/1 1127/1 1126/1
f 1129/1 1121/1 1120/1
f 1130/1 1126/1 1127/1
f 1121/1 1122/1 1128/1 1127/1
f 1129/1 1122/1 1121/1
f 1130/1 1127/1 1128/1
f 1122/1 1117/1 1123/1 1128/1
f 1129/1 1117/1 1122/1
f 1130/1 1128/1 1123/1
f 1187/1 1188/1 1194/1 1193/1
f 1199/1 1188/1 1187/1
f 1200/1 1193/1 1194/1
f 1188/1 1189/1 1195/1 1194/1
f 1199/1 1189/1 1188/1
f 1200/1 1194/1 1195/1
f 1189/1 1190/1 1196/1 1195/1
f 1199/1 1190/1 1189/1
f 1200/1 1195/1 1196/1
f 1190/1 1191/1 1197/1 1196/1
f 1199/1 1191/1 1190/1
f 1200/1 1196/1 1197/1
f 1191/1 1192/1 1198/1 1197/1
f 1199/1 1192/1 1191/1
f 1200/1 1197/1 1198/1
f 1192/1 1187/1 1193/1 1198/1
f 1199/1 1187/1 1192/1
f 1200/1 1198/1 1193/1
f 1201/1 1202/1 1208/1 1207/1
f 1213/1 1202/1 1201/1
f 1214/1 1207/1 1208/1
f 1202/1 1203/1 1209/1 1208/1
f 1213/1 1203/1 1202/1
f 1214/1 1208/1 1209/1
f 1203/1 1204/1 1210/1 1209/1
f 1213/1 1204/1 1203/1
f 1214/1 1209/1 1210/1
f 1204/1 1205/1 1211/1 1210/1
f 1213/1 1205/1 1204/1
f 1214/1 1210/1 1211/1
f 1205/1 1206/1 1212/1 1211/1
f 1213/1 1206/1 1205/1
f 1214/1 1211/1 1212/1
f 1206/1 1201/1 1207/1 1212/1
f 1213/1 1201/1 1206/1
f 1214/1 1212/1 1207/1
f 1271/1 1272/1 1278/1 1277/1
f 1283/1 1272/1 1271/1
f 1284/1 1277/1 1278/1
f 1272/1 1273/1 1279/1 1278/1
f 1283/1 1273/1 1272/1
f 1284/1 1278/1 1279/1
f 1273/1 1274/1 1280/1 1279/1
f 1283/1 1274/1 1273/1
f 1284/1 1279/1 1280/1
f 1274/1 1275/1 1281/1 1280/1
f 1283/1 1275/1 1274/1
f 1284/1 1280/1 1281/1
f 1275/1 1276/1 1282/1 1281/1
f 1283/1 1276/1 1275/1
f 1284/1 1281/1 1282/1
f 1276/1 1271/1 1277/1 1282/1
f 1283/1 1271/1 1276/1
f 1284/1 1282/1 1277/1
f 1285/1 1286/1 1292/1 1291/1
f 1297/1 1286/1 1285/1
f 1298/1 1291/1 1292/1
f 1286/1 1287/1 1293/1 1292/1
f 1297/1 1287/1 1286/1
f 1298/1 1292/1 1293/1
f 1287/1 1288/1 1294/1 1293/1
f 1297/1 1288/1 1287/1
f 1298/1 1293/1 1294/1
f 1288/1 1289/1 1295/1 1294/1
f 1297/1 1289/1 1288/1
f 1298/1 1294/1 1295/1
f 1289/1 1290/1 1296/1 1295/1
f 1297/1 1290/1 1289/1
f 1298/1 1295/1 1296/1
f 1290/1 1285/1 1291/1 1296/1
f 1297/1 1285/1 1290/1
f 1298/1 1296/1 1291/1
f 1355/1 1356/1 1362/1 1361/1
f 1367/1 1356/1 1355/1
f 1368/1 1361/1 1362/1
f 1356/1 1357/1 1363/1 1362/1
f 1367/1 1357/1 1356/1
f 1368/1 1362/1 1363/1
f 1357/1 1358/1 1364/1 1363/1
f 1367/1 1358/1 1357/1
f 1368/1 1363/1 1364/1
f 1358/1 1359/1 1365/1 1364/1
f 1367/1 1359/1 1358/1
f 1368/1 1364/1 1365/1
f 1359/1 1360/1 1366/1 1365/1
f 1367/1 1360/1 1359/1
f 1368/1 1365/1 1366/1
f 1360/1 1355/1 1361/1 1366/1
f 1367/1 1355/1 1360/1
f 1368/1 1366/1 1361/1
f 1369/1 1370/1 1376/1 1375/1
f 1381/1 1370/1 1369/1
f 1382/1 1375/1 1376/1
f 1370/1 1371/1 1377/1 1376/1
f 1381/1 1371/1 1370/1
f 1382/1 1376/1 1377/1
f 1371/1 1372/1 1378/1 1377/1
f 1381/1 1372/1 1371/1
f 1382/1 1377/1 1378/1
f 1372/1 1373/1 1379/1 1378/1
f 1381/1 1373/1 1372/1
f 1382/1 1378/1 1379/1
f 1373/1 1374/1 1380/1 1379/1
f 1381/1 1374/1 1373/1
f 1382/1 1379/1 1380/1
f 1374/1 1369/1 1375/1 1380/1
f 1381/1 1369/1 1374/1
f 1382/1 1380/1 1375/1
f 1439/1 1440/1 1446/1 1445/1
f 1451/1 1440/1 1439/1
f 1452/1 1445/1 1446/1
f 1440/1 1441/1 1447/1 1446/1
f 1451/1 1441/1 1440/1
f 1452/1 1446/1 1447/1
f 1441/1 1442/1 1448/1 1447/1
f 1451/1 1442/1 1441/1
f 1452/1 1447/1 1448/1
f 1442/1 1443/1 1449/1 1448/1
f 1451/1 1443/1 1442/1
f 1452/1 1448/1 1449/1
f 1443/1 1444/1 1450/1 1449/1
f 1451/1 1444/1 1443/1
f 1452/1 1449/1 1450/1
f 1444/1 1439/1 1445/1 1450/1
f 1451/1 1439/1 1444/1
f 1452/1 1450/1 1445/1
f 1453/1 1454/1 1460/1 1459/1
f 1465/1 1454/1 1453/1
f 1466/1 1459/1 1460/1
f 1454/1 1455/1 1461/1 1460/1
f 1465/1 1455/1 1454/1
f 1466/1 1460/1 1461/1
f 1455/1 1456/1 1462/1 1461/1
f 1465/1 1456/1 1455/1
f 1466/1 1461/1 1462/1
f 1456/1 1457/1 1463/1 1462/1
f 1465/1 1457/1 1456/1
f 1466/1 1462/1 1463/1
f 1457/1 1458/1 1464/1 1463/1
f 1465/1 1458/1 1457/1
f 1466/1 1463/1 1464/1
f 1458/1 1453/1 1459/1 1464/1
f 1465/1 1453/1 1458/1
f 1466/1 1464/1 1459/1
f 1523/1 1524/1 1530/1 1529/1
f 1535/1 1524/1 1523/1
f 1536/1 1529/1 1530/1
f 1524/1 1525/1 1531/1 1530/1
f 1535/1 1525/1 1524/1
f 1536/1 1530/1 1531/1
f 1525/1 1526/1 1532/1 1531/1
f 1535/1 1526/1 1525/1
f 1536/1 1531/1 1532/1
f 1526/1 1527/1 1533/1 1532/1
f 1535/1 1527/1 1526/1
f 1536/1 1532/1 1533/1
f 1527/1 1528/1 1534/1 1533/1
f 1535/1 1528/1 1527/1
f 1536/1 1533/1 1534/1
f 1528/1 1523/1 1529/1 1534/1
f 1535/1 1523/1 1528/1
f 1536/1 1534/1 1529/1
f 1537/1 1538/1 1544/1 1543/1
f 1549/1 1538/1 1537/1
f 1550/1 1543/1 1544/1
f 1538/1 1539/1 1545/1 1544/1
f 1549/1 1539/1 1538/1
f 1550/1 1544/1 1545/1
f 1539/1 1540/1 1546/1 1545/1
f 1549/1 1540/1 1539/1
f 1550/1 1545/1 1546/1
f 1540/1 1541/1 1547/1 1546/1
f 1549/1 1541/1 1540/1
f 1550/1 1546/1 1547/1
f 1541/1 1542/1 1548/1 1547/1
f 1549/1 1542/1 1541/1
f 1550/1 1547/1 1548/1
f 1542/1 1537/1 1543/1 1548/1
f 1549/1 1537/1 1542/1
f 1550/1 1548/1 1543/1
f 1607/1 1608/1 1614/1 1613/1
f 1619/1 1608/1 1607/1
f 1620/1 1613/1 1614/1
f 1608/1 1609/1 1615/1 1614/1
f 1619/1 1609/1 1608/1
f 1620/1 1614/1 1615/1
f 1609/1 1610/1 1616/1 1615/1
f 1619/1 1610/1 1609/1
f 1620/1 1615/1 1616/1
f 1610/1 1611/1 1617/1 1616/1
f 1619/1 1611/1 1610/1
f 1620/1 1616/1 1617/1
f 1611/1 1612/1 1618/1 1617/1
f 1619/1 1612/1 1611/1
f 1620/1 1617/1 1618/1
f 1612/1 1607/1 1613/1 1618/1
f 1619/1 1607/1 1612/1
f 1620/1 1618/1 1613/1
f 1621/1 1622/1 1628/1 1627/1
f 1633/1 1622/1 1621/1
f 1634/1 1627/1 1628/1
f 1622/1 1623/1 1629/1 1628/1
f 1633/1 1623/1 1622/1
f 1634/1 1628/1 1629/1
f 1623/1 1624/1 1630/1 1629/1
f 1633/1 1624/1 1623/1
f 1634/1 1629/1 1630/1
f 1624/1 1625/1 1631/1 1630/1
f 1633/1 1625/1 1624/1
f 1634/1 1630/1 1631/1
f 1625/1 1626/1 1632/1 1631/1
f 1633/1 1626/1 1625/1
f 1634/1 1631/1 1632/1
f 1626/1 1621/1 1627/1 1632/1
f 1633/1 1621/1 1626/1
f 1634/1 1632/1 1627/1
f 1649/1 1650/1 1661/1
f 1656/1 1655/1 1662/1
f 1650/1 1651/1 1661/1
f 1657/1 1656/1 1662/1
f 1651/1 1652/1 1661/1
f 1658/1 1657/1 1662/1
f 1652/1 1653/1 1661/1
f 1659/1 1658/1 1662/1
f 1653/1 1654/1 1661/1
f 1660/1 1659/1 1662/1
f 1654/1 1649/1 1661/1
f 1655/1 1660/1 1662/1
f 1655/1 1656/1 1650/1 1649/1
f 1656/1 1657/1 1651/1 1650/1
f 1657/1 1658/1 1652/1 1651/1
f 1658/1 1659/1 1653/1 1652/1
f 1659/1 1660/1 1654/1 1653/1
f 1660/1 1655/1 1649/1 1654/1
f 1663/1 1664/1 1675/1
f 1670/1 1669/1 1676/1
f 1664/1 1665/1 1675/1
f 1671/1 1670/1 1676/1
f 1665/1 1666/1 1675/1
f 1672/1 1671/1 1676/1
f 1666/1 1667/1 1675/1
f 1673/1 1672/1 1676/1
f 1667/1 1668/1 1675/1
f 1674/1 1673/1 1676/1
f 1668/1 1663/1 1675/1
f 1669/1 1674/1 1676/1
f 1669/1 1670/1 1664/1 1663/1
f 1670/1 1671/1 1665/1 1664/1
f 1671/1 1672/1 1666/1 1665/1
f 1672/1 1673/1 1667/1 1666/1
f 1673/1 1674/1 1668/1 1667/1
f 1674/1 1669/1 1663/1 1668/1
f 1705/1 1706/1 1717/1
f 1712/1 1711/1 1718/1
f 1706/1 1707/1 1717/1
f 1713/1 1712/1 1718/1
f 1707/1 1708/1 1717/1
f 1714/1 1713/1 1718/1
f 1708/1 1709/1 1717/1
f 1715/1 1714/1 1718/1
f 1709/1 1710/1 1717/1
f 1716/1 1715/1 1718/1
f 1710/1 1705/1 1717/1
f 1711/1 1716/1 1718/1
f 1711/1 1712/1 1706/1 1705/1
f 1712/1 1713/1 1707/1 1706/1
f 1713/1 1714/1 1708/1 1707/1
f 1714/1 1715/1 1709/1 1708/1
f 1715/1 1716/1 1710/1 1709/1
f 1716/1 1711/1 1705/1 1710/1
f 1719/1 1720/1 1731/1
f 1726/1 1725/1 1732/1
f 1720/1 1721/1 1731/1
f 1727/1 1726/1 1732/1
f 1721/1 1722/1 1731/1
f 1728/1 1727/1 1732/1
f 1722/1 1723/1 1731/1
f 1729/1 1728/1 1732/1
f 1723/1 1724/1 1731/1
f 1730/1 1729/1 1732/1
f 1724/1 1719/1 1731/1
f 1725/1 1730/1 1732/1
f 1725/1 1726/1 1720/1 1719/1
f 1726/1 1727/1 1721/1 1720/1
f 1727/1 1728/1 1722/1 1721/1
f 1728/1 1729/1 1723/1 1722/1
f 1729/1 1730/1 1724/1 1723/1
f 1730/1 1725/1 1719/1 1724/1
f 1761/1 1762/1 1773/1
f 1768/1 1767/1 1774/1
f 1762/1 1763/1 1773/1
f 1769/1 1768/1 1774/1
f 1763/1 1764/1 1773/1
f 1770/1 1769/1 1774/1
f 1764/1 1765/1 1773/1
f 1771/1 1770/1 1774/1
f 1765/1 1766/1 1773/1
f 1772/1 1771/1 1774/1
f 1766/1 1761/1 1773/1
f 1767/1 1772/1 1774/1
f 1767/1 1768/1 1762/1 1761/1
f 1768/1 1769/1 1763/1 1762/1
f 1769/1 1770/1 1764/1 1763/1
f 1770/1 1771/1 1765/1 1764/1
f 1771/1 1772/1 1766/1 1765/1
f 1772/1 1767/1 1761/1 1766/1
f 1775/1 1776/1 1787/1
f 1782/1 1781/1 1788/1
f 1776/1 1777/1 1787/1
f 1783/1 1782/1 1788/1
f 1777/1 1778/1 1787/1
f 1784/1 1783/1 1788/1
f 1778/1 1779/1 1787/1
f 1785/1 1784/1 1788/1
f 1779/1 1780/1 1787/1
f 1786/1 1785/1 1788/1
f 1780/1 1775/1 1787/1
f 1781/1 1786/1 1788/1
f 1781/1 1782/1 1776/1 1775/1
f 1782/1 1783/1 1777/1 1776/1
f 1783/1 1784/1 1778/1 1777/1
f 1784/1 1785/1 1779/1 1778/1
f 1785/1 1786/1 1780/1 1779/1
f 1786/1 1781/1 1775/1 1780/1
f 1817/1 1818/1 1829/1
f 1824/1 1823/1 1830/1
f 1818/1 1819/1 1829/1
f 1825/1 1824/1 1830/1
f 1819/1 1820/1 1829/1
f 1826/1 1825/1 1830/1
f 1820/1 1821/1 1829/1
f 1827/1 1826/1 1830/1
f 1821/1 1822/1 1829/1
f 1828/1 1827/1 1830/1
f 1822/1 1817/1 1829/1
f 1823/1 1828/1 1830/1
f 1823/1 1824/1 1818/1 1817/1
f 1824/1 1825/1 1819/1 1818/1
f 1825/1 1826/1 1820/1 1819/1
f 1826/1 1827/1 1821/1 1820/1
f 1827/1 1828/1 1822/1 1821/1
f 1828/1 1823/1 1817/1 1822/1
f 1831/1 1832/1 1843/1
f 1838/1 1837/1 1844/1
f 1832/1 1833/1 1843/1
f 1839/1 1838/1 1844/1
f 1833/1 1834/1 1843/1
f 1840/1 1839/1 1844/1
f 1834/1 1835/1 1843/1
f 1841/1 1840/1 1844/1
f 1835/1 1836/1 1843/1
f 1842/1 1841/1 1844/1
f 1836/1 1831/1 1843/1
f 1837/1 1842/1 1844/1
f 1837/1 1838/1 1832/1 1831/1
f 1838/1 1839/1 1833/1 1832/1
f 1839/1 1840/1 1834/1 1833/1
f 1840/1 1841/1 1835/1 1834/1
f 1841/1 1842/1 1836/1 1835/1
f 1842/1 1837/1 1831/1 1836/1
f 1873/1 1874/1 1885/1
f 1880/1 1879/1 1886/1
f 1874/1 1875/1 1885/1
f 1881/1 1880/1 1886/1
f 1875/1 1876/1 1885/1
f 1882/1 1881/1 1886/1
f 1876/1 1877/1 1885/1
f 1883/1 1882/1 1886/1
f 1877/1 1878/1 1885/1
f 1884/1 1883/1 1886/1
f 1878/1 1873/1 1885/1
f 1879/1 1884/1 1886/1
f 1879/1 1880/1 1874/1 1873/1
f 1880/1 1881/1 1875/1 1874/1
f 1881/1 1882/1 1876/1 1875/1
f 1882/1 1883/1 1877/1 1876/1
f 1883/1 1884/1 1878/1 1877/1
f 1884/1 1879/1 1873/1 1878/1
f 1887/1 1888/1 1899/1
f 1894/1 1893/1 1900/1
f 1888/1 1889/1 1899/1
f 1895/1 1894/1 1900/1
f 1889/1 1890/1 1899/1
f 1896/1 1895/1 1900/1
f 1890/1 1891/1 1899/1
f 1897/1 1896/1 1900/1
f 1891/1 1892/1 1899/1
f 1898/1 1897/1 1900/1
f 1892/1 1887/1 1899/1
f 1893/1 1898/1 1900/1
f 1893/1 1894/1 1888/1 1887/1
f 1894/1 1895/1 1889/1 1888/1
f 1895/1 1896/1 1890/1 1889/1
f 1896/1 1897/1 1891/1 1890/1
f 1897/1 1898/1 1892/1 1891/1
f 1898/1 1893/1 1887/1 1892/1
f 1929/1 1930/1 1941/1
f 1936/1 1935/1 1942/1
f 1930/1 1931/1 1941/1
f 1937/1 1936/1 1942/1
f 1931/1 1932/1 1941/1
f 1938/1 1937/1 1942/1
f 1932/1 1933/1 1941/1
f 1939/1 1938/1 1942/1
f 1933/1 1934/1 1941/1
f 1940/1 1939/1 1942/1
f 1934/1 1929/1 1941/1
f 1935/1 1940/1 1942/1
f 1935/1 1936/1 1930/1 1929/1
f 1936/1 1937/1 1931/1 1930/1
f 1937/1 1938/1 1932/1 1931/1
f 1938/1 1939/1 1933/1 1932/1
f 1939/1 1940/1 1934/1 1933/1
f 1940/1 1935/1 1929/1 1934/1
f 1943/1 1944/1 1955/1
f 1950/1 1949/1 1956/1
f 1944/1 1945/1 1955/1
f 1951/1 1950/1 1956/1
f 1945/1 1946/1 1955/1
f 1952/1 1951/1 1956/1
f 1946/1 1947/1 1955/1
f 1953/1 1952/1 1956/1
f 1947/1 1948/1 1955/1
f 1954/1 1953/1 1956/1
f 1948/1 1943/1 1955/1
f 1949/1 1954/1 1956/1
f 1949/1 1950/1 1944/1 1943/1
f 1950/1 1951/1 1945/1 1944/1
f 1951/1 1952/1 1946/1 1945/1
f 1952/1 1953/1 1947/1 1946/1
f 1953/1 1954/1 1948/1 1947/1
f 1954/1 1949/1 1943/1 1948/1
f 1985/1 1986/1 1997/1
f 1992/1 1991/1 1998/1
f 1986/1 1987/1 1997/1
f 1993/1 1992/1 1998/1
f 1987/1 1988/1 1997/1
f 1994/1 1993/1 1998/1
f 1988/1 1989/1 1997/1
f 1995/1 1994/1 1998/1
f 1989/1 1990/1 1997/1
f 1996/1 1995/1 1998/1
f 1990/1 1985/1 1997/1
f 1991/1 1996/1 1998/1
f 1991/1 1992/1 1986/1 1985/1
f 1992/1 1993/1 1987/1 1986/1
f 1993/1 1994/1 1988/1 1987/1
f 1994/1 1995/1 1989/1 1988/1
f 1995/1 1996/1 1990/1 1989/1
f 1996/1 1991/1 1985/1 1990/1
f 1999/1 2000/1 2011/1
f 2006/1 2005/1 2012/1
f 2000/1 2001/1 2011/1
f 2007/1 2006/1 2012/1
f 2001/1 2002/1 2011/1
f 2008/1 2007/1 2012/1
f 2002/1 2003/1 2011/1
f 2009/1 2008/1 2012/1
f 2003/1 2004/1 2011/1
f 2010/1 2009/1 2012/1
f 2004/1 1999/1 2011/1
f 2005/1 2010/1 2012/1
f 2005/1 2006/1 2000/1 1999/1
f 2006/1 2007/1 2001/1 2000/1
f 2007/1 2008/1 2002/1 2001/1
f 2008/1 2009/1 2003/1 2002/1
f 2009/1 2010/1 2004/1 2003/1
f 2010/1 2005/1 1999/1 2004/1
f 2041/1 2042/1 2053/1
f 2048/1 2047/1 2054/1
f 2042/1 2043/1 2053/1
f 2049/1 2048/1 2054/1
f 2043/1 2044/1 2053/1
f 2050/1 2049/1 2054/1
f 2044/1 2045/1 2053/1
f 2051/1 2050/1 2054/1
f 2045/1 2046/1 2053/1
f 2052/1 2051/1 2054/1
f 2046/1 2041/1 2053/1
f 2047/1 2052/1 2054/1
f 2047/1 2048/1 2042/1 2041/1
f 2048/1 2049/1 2043/1 2042/1
f 2049/1 2050/1 2044/1 2043/1
f 2050/1 2051/1 2045/1 2044/1
f 2051/1 2052/1 2046/1 2045/1
f 2052/1 2047/1 2041/1 2046/1
f 2055/1 2056/1 2067/1
f 2062/1 2061/1 2068/1
f 2056/1 2057/1 2067/1
f 2063/1 2062/1 2068/1
f 2057/1 2058/1 2067/1
f 2064/1 2063/1 2068/1
f 2058/1 2059/1 2067/1
f 2065/1 2064/1 2068/1
f 2059/1 2060/1 2067/1
f 2066/1 2065/1 2068/1
f 2060/1 2055/1 2067/1
f 2061/1 2066/1 2068/1
f 2061/1 2062/1 2056/1 2055/1
f 2062/1 2063/1 2057/1 2056/1
f 2063/1 2064/1 2058/1 2057/1
f 2064/1 2065/1 2059/1 2058/1
f 2065/1 2066/1 2060/1 2059/1
f 2066/1 2061/1 2055/1 2060/1
f 2097/1 2098/1 2109/1
f 2104/1 2103/1 2110/1
f 2098/1 2099/1 2109/1
f 2105/1 2104/1 2110/1
f 2099/1 2100/1 2109/1
f 2106/1 2105/1 2110/1
f 2100/1 2101/1 2109/1
f 2107/1 2106/1 2110/1
f 2101/1 2102/1 2109/1
f 2108/1 2107/1 2110/1
f 2102/1 2097/1 2109/1
f 2103/1 2108/1 2110/1
f 2103/1 2104/1 2098/1 2097/1
f 2104/1 2105/1 2099/1 2098/1
f 2105/1 2106/1 2100/1 2099/1
f 2106/1 2107/1 2101/1 2100/1
f 2107/1 2108/1 2102/1 2101/1
f 2108/1 2103/1 2097/1 2102/1
f 2111/1 2112/1 2123/1
f 2118/1 2117/1 2124/1
f 2112/1 2113/1 2123/1
f 2119/1 2118/1 2124/1
f 2113/1 2114/1 2123/1
f 2120/1 2119/1 2124/1
f 2114/1 2115/1 2123/1
f 2121/1 2120/1 2124/1
f 2115/1 2116/1 2123/1
f 2122/1 2121/1 2124/1
f 2116/1 2111/1 2123/1
f 2117/1 2122/1 2124/1
f 2117/1 2118/1 2112/1 2111/1
f 2118/1 2119/1 2113/1 2112/1
f 2119/1 2120/1 2114/1 2113/1
f 2120/1 2121/1 2115/1 2114/1
f 2121/1 2122/1 2116/1 2115/1
f 2122/1 2117/1 2111/1 2116/1
f 2153/1 2154/1 2165/1
f 2160/1 2159/1 2166/1
f 2154/1 2155/1 2165/1
f 2161/1 2160/1 2166/1
f 2155/1 2156/1 2165/1
f 2162/1 2161/1 2166/1
f 2156/1 2157/1 2165/1
f 2163/1 2162/1 2166/1
f 2157/1 2158/1 2165/1
f 2164/1 2163/1 2166/1
f 2158/1 2153/1 2165/1
f 2159/1 2164/1 2166/1
f 2159/1 2160/1 2154/1 2153/1
f 2160/1 2161/1 2155/1 2154/1
f 2161/1 2162/1 2156/1 2155/1
f 2162/1 2163/1 2157/1 2156/1
f 2163/1 2164/1 2158/1 2157/1
f 2164/1 2159/1 2153/1 2158/1
f 2167/1 2168/1 2179/1
f 2174/1 2173/1 2180/1
f 2168/1 2169/1 2179/1
f 2175/1 2174/1 2180/1
f 2169/1 2170/1 2179/1
f 2176/1 2175/1 2180/1
f 2170/1 2171/1 2179/1
f 2177/1 2176/1 2180/1
f 2171/1 2172/1 2179/1
f 2178/1 2177/1 2180/1
f 2172/1 2167/1 2179/1
f 2173/1 2178/1 2180/1
f 2173/1 2174/1 2168/1 2167/1
f 2174/1 2175/1 2169/1 2168/1
f 2175/1 2176/1 2170/1 2169/1
f 2176/1 2177/1 2171/1 2170/1
f 2177/1 2178/1 2172/1 2171/1
f 2178/1 2173/1 2167/1 2172/1
f 2209/1 2210/1 2221/1
f 2216/1 2215/1 2222/1
f 2210/1 2211/1 2221/1
f 2217/1 2216/1 2222/1
f 2211/1 2212/1 2221/1
f 2218/1 2217/1 2222/1
f 2212/1 2213/1 2221/1
f 2219/1 2218/1 2222/1
f 2213/1 2214/1 2221/1
f 2220/1 2219/1 2222/1
f 2214/1 2209/1 2221/1
f 2215/1 2220/1 2222/1
f 2215/1 2216/1 2210/1 2209/1
f 2216/1 2217/1 2211/1 2210/1
f 2217/1 2218/1 2212/1 2211/1
f 2218/1 2219/1 2213/1 2212/1
f 2219/1 2220/1 2214/1 2213/1
f 2220/1 2215/1 2209/1 2214/1
f 2223/1 2224/1 2235/1
f 2230/1 2229/1 2236/1
f 2224/1 2225/1 2235/1
f 2231/1 2230/1 2236/1
f 2225/1 2226/1 2235/1
f 2232/1 2231/1 2236/1
f 2226/1 2227/1 2235/1
f 2233/1 2232/1 2236/1
f 2227/1 2228/1 2235/1
f 2234/1 2233/1 2236/1
f 2228/1 2223/1 2235/1
f 2229/1 2234/1 2236/1
f 2229/1 2230/1 2224/1 2223/1
f 2230/1 2231/1 2225/1 2224/1
f 2231/1 2232/1 2226/1 2225/1
f 2232/1 2233/1 2227/1 2226/1
f 2233/1 2234/1 2228/1 2227/1
f 2234/1 2229/1 2223/1 2228/1
f 2265/1 2266/1 2277/1
f 2272/1 2271/1 2278/1
f 2266/1 2267/1 2277/1
f 2273/1 2272/1 2278/1
f 2267/1 2268/1 2277/1
f 2274/1 2273/1 2278/1
f 2268/1 2269/1 2277/1
f 2275/1 2274/1 2278/1
f 2269/1 2270/1 2277/1
f 2276/1 2275/1 2278/1
f 2270/1 2265/1 2277/1
f 2271/1 2276/1 2278/1
f 2271/1 2272/1 2266/1 2265/1
f 2272/1 2273/1 2267/1 2266/1
f 2273/1 2274/1 2268/1 2267/1
f 2274/1 2275/1 2269/1 2268/1
f 2275/1 2276/1 2270/1 2269/1
f 2276/1 2271/1 2265/1 2270/1
f 2279/1 2280/1 2291/1
f 2286/1 2285/1 2292/1
f 2280/1 2281/1 2291/1
f 2287/1 2286/1 2292/1
f 2281/1 2282/1 2291/1
f 2288/1 2287/1 2292/1
f 2282/1 2283/1 2291/1
f 2289/1 2288/1 2292/1
f 2283/1 2284/1 2291/1
f 2290/1 2289/1 2292/1
f 2284/1 2279/1 2291/1
f 2285/1 2290/1 2292/1
f 2285/1 2286/1 2280/1 2279/1
f 2286/1 2287/1 2281/1 2280/1
f 2287/1 2288/1 2282/1 2281/1
f 2288/1 2289/1 2283/1 2282/1
f 2289/1 2290/1 2284/1 2283/1
f 2290/1 2285/1 2279/1 2284/1
f 2321/1 2322/1 2333/1
f 2328/1 2327/1 2334/1
f 2322/1 2323/1 2333/1
f 2329/1 2328/1 2334/1
f 2323/1 2324/1 2333/1
f 2330/1 2329/1 2334/1
f 2324/1 2325/1 2333/1
f 2331/1 2330/1 2334/1
f 2325/1 2326/1 2333/1
f 2332/1 2331/1 2334/1
f 2326/1 2321/1 2333/1
f 2327/1 2332/1 2334/1
f 2327/1 2328/1 2322/1 2321/1
f 2328/1 2329/1 2323/1 2322/1
f 2329/1 2330/1 2324/1 2323/1
f 2330/1 2331/1 2325/1 2324/1
f 2331/1 2332/1 2326/1 2325/1
f 2332/1 2327/1 2321/1 2326/1
f 2335/1 2336/1 2347/1
f 2342/1 2341/1 2348/1
f 2336/1 2337/1 2347/1
f 2343/1 2342/1 2348/1
f 2337/1 2338/1 2347/1
f 2344/1 2343/1 2348/1
f 2338/1 2339/1 2347/1
f 2345/1 2344/1 2348/1
f 2339/1 2340/1 2347/1
f 2346/1 2345/1 2348/1
f 2340/1 2335/1 2347/1
f 2341/1 2346/1 2348/1
f 2341/1 2342/1 2336/1 2335/1
f 2342/1 2343/1 2337/1 2336/1
f 2343/1 2344/1 2338/1 2337/1
f 2344/1 2345/1 2339/1 2338/1
f 2345/1 2346/1 2340/1 2339/1
f 2346/1 2341/1 2335/1 2340/1
f 2377/1 2378/1 2389/1
f 2384/1 2383/1 2390/1
f 2378/1 2379/1 2389/1
f 2385/1 2384/1 2390/1
f 2379/1 2380/1 2389/1
f 2386/1 2385/1 2390/1
f 2380/1 2381/1 2389/1
f 2387/1 2386/1 2390/1
f 2381/1 2382/1 2389/1
f 2388/1 2387/1 2390/1
f 2382/1 2377/1 2389/1
f 2383/1 2388/1 2390/1
f 2383/1 2384/1 2378/1 2377/1
f 2384/1 2385/1 2379/1 2378/1
f 2385/1 2386/1 2380/1 2379/1
f 2386/1 2387/1 2381/1 2380/1
f 2387/1 2388/1 2382/1 2381/1
f 2388/1 2383/1 2377/1 2382/1
f 2391/1 2392/1 2403/1
f 2398/1 2397/1 2404/1
f 2392/1 2393/1 2403/1
f 2399/1 2398/1 2404/1
f 2393/1 2394/1 2403/1
f 2400/1 2399/1 2404/1
f 2394/1 2395/1 2403/1
f 2401/1 2400/1 2404/1
f 2395/1 2396/1 2403/1
f 2402/1 2401/1 2404/1
f 2396/1 2391/1 2403/1
f 2397/1 2402/1 2404/1
f 2397/1 2398/1 2392/1 2391/1
f 2398/1 2399/1 2393/1 2392/1
f 2399/1 2400/1 2394/1 2393/1
f 2400/1 2401/1 2395/1 2394/1
f 2401/1 2402/1 2396/1 2395/1
f 2402/1 2397/1 2391/1 2396/1
f 2433/1 2434/1 2445/1
f 2440/1 2439/1 2446/1
f 2434/1 2435/1 2445/1
f 2441/1 2440/1 2446/1
f 2435/1 2436/1 2445/1
f 2442/1 2441/1 2446/1
f 2436/1 2437/1 2445/1
f 2443/1 2442/1 2446/1
f 2437/1 2438/1 2445/1
f 2444/1 2443/1 2446/1
f 2438/1 2433/1 2445/1
f 2439/1 2444/1 2446/1
f 2439/1 2440/1 2434/1 2433/1
f 2440/1 2441/1 2435/1 2434/1
f 2441/1 2442/1 2436/1 2435/1
f 2442/1 2443/1 2437/1 2436/1
f 2443/1 2444/1 2438/1 2437/1
f 2444/1 2439/1 2433/1 2438/1
f 2447/1 2448/1 2459/1
f 2454/1 2453/1 2460/1
f 2448/1 2449/1 2459/1
f 2455/1 2454/1 2460/1
f 2449/1 2450/1 2459/1
f 2456/1 2455/1 2460/1
f 2450/1 2451/1 2459/1
f 2457/1 2456/1 2460/1
f 2451/1 2452/1 2459/1
f 2458/1 2457/1 2460/1
f 2452/1 2447/1 2459/1
f 2453/1 2458/1 2460/1
f 2453/1 2454/1 2448/1 2447/1
f 2454/1 2455/1 2449/1 2448/1
f 2455/1 2456/1 2450/1 2449/1
f 2456/1 2457/1 2451/1 2450/1
f 2457/1 2458/1 2452/1 2451/1
f 2458/1 2453/1 2447/1 2452/1
f 2489/1 2490/1 2501/1
f 2496/1 2495/1 2502/1
f 2490/1 2491/1 2501/1
f 2497/1 2496/1 2502/1
f 2491/1 2492/1 2501/1
f 2498/1 2497/1 2502/1
f 2492/1 2493/1 2501/1
f 2499/1 2498/1 2502/1
f 2493/1 2494/1 2501/1
f 2500/1 2499/1 2502/1
f 2494/1 2489/1 2501/1
f 2495/1 2500/1 2502/1
f 2495/1 2496/1 2490/1 2489/1
f 2496/1 2497/1 2491/1 2490/1
f 2497/1 2498/1 2492/1 2491/1
f 2498/1 2499/1 2493/1 2492/1
f 2499/1 2500/1 2494/1 2493/1
f 2500/1 2495/1 2489/1 2494/1
f 2503/1 2504/1 2515/1
f 2510/1 2509/1 2516/1
f 2504/1 2505/1 2515/1
f 2511/1 2510/1 2516/1
f 2505/1 2506/1 2515/1
f 2512/1 2511/1 2516/1
f 2506/1 2507/1 2515/1
f 2513/1 2512/1 2516/1
f 2507/1 2508/1 2515/1
f 2514/1 2513/1 2516/1
f 2508/1 2503/1 2515/1
f 2509/1 2514/1 2516/1
f 2509/1 2510/1 2504/1 2503/1
f 2510/1 2511/1 2505/1 2504/1
f 2511/1 2512/1 2506/1 2505/1
f 2512/1 2513/1 2507/1 2506/1
f 2513/1 2514/1 2508/1 2507/1
f 2514/1 2509/1 2503/1 2508/1
usemtl gold
f 977/4 978/4 984/4 983/4
f 989/4 978/4 977/4
f 990/4 983/4 984/4
f 978/4 979/4 985/4 984/4
f 989/4 979/4 978/4
f 990/4 984/4 985/4
f 979/4 980/4 986/4 985/4
f 989/4 980/4 979/4
f 990/4 985/4 986/4
f 980/4 981/4 987/4 986/4
f 989/4 981/4 980/4
f 990/4 986/4 987/4
f 981/4 982/4 988/4 987/4
f 989/4 982/4 981/4
f 990/4 987/4 988/4
f 982/4 977/4 983/4 988/4
f 989/4 977/4 982/4
f 990/4 988/4 983/4
f 991/4 992/4 998/4 997/4
f 1003/4 992/4 991/4
f 1004/4 997/4 998/4
f 992/4 993/4 999/4 998/4
f 1003/4 993/4 992/4
f 1004/4 998/4 999/4
f 993/4 994/4 1000/4 999/4
f 1003/4 994/4 993/4
f 1004/4 999/4 1000/4
f 994/4 995/4 1001/4 1000/4
f 1003/4 995/4 994/4
f 1004/4 1000/4 1001/4
f 995/4 996/4 1002/4 1001/4
f 1003/4 996/4 995/4
f 1004/4 1001/4 1002/4
f 996/4 991/4 997/4 1002/4
f 1003/4 991/4 996/4
f 1004/4 1002/4 997/4
f 1005/4 1006/4 1012/4 1011/4
f 1017/4 1006/4 1005/4
f 1018/4 1011/4 1012/4
f 1006/4 1007/4 1013/4 1012/4
f 1017/4 1007/4 1006/4
f 1018/4 1012/4 1013/4
f 1007/4 1008/4 1014/4 1013/4
f 1017/4 1008/4 1007/4
f 1018/4 1013/4 1014/4
f 1008/4 1009/4 1015/4 1014/4
f 1017/4 1009/4 1008/4
f 1018/4 1014/4 1015/4
f 1009/4 1010/4 1016/4 1015/4
f 1017/4 1010/4 1009/4
f 1018/4 1015/4 1016/4
f 1010/4 1005/4 1011/4 1016/4
f 1017/4 1005/4 1010/4
f 1018/4 1016/4 1011/4
f 1047/4 1048/4 1054/4 1053/4
f 1059/4 1048/4 1047/4
f 1060/4 1053/4 1054/4
f 1048/4 1049/4 1055/4 1054/4
f 1059/4 1049/4 1048/4
f 1060/4 1054/4 1055/4
f 1049/4 1050/4 1056/4 1055/4
f 1059/4 1050/4 1049/4
f 1060/4 1055/4 1056/4
f 1050/4 1051/4 1057/4 1056/4
f 1059/4 1051/4 1050/4
f 1060/4 1056/4 1057/4
f 1051/4 1052/4 1058/4 1057/4
f 1059/4 1052/4 1051/4
f 1060/4 1057/4 1058/4
f 1052/4 1047/4 1053/4 1058/4
f 1059/4 1047/4 1052/4
f 1060/4 1058/4 1053/4
f 1061/4 1062/4 1068/4 1067/4
f 1073/4 1062/4 1061/4
f 1074/4 1067/4 1068/4
f 1062/4 1063/4 1069/4 1068/4
f 1073/4 1063/4 1062/4
f 1074/4 1068/4 1069/4
f 1063/4 1064/4 1070/4 1069/4
f 1073/4 1064/4 1063/4
f 1074/4 1069/4 1070/4
f 1064/4 1065/4 1071/4 1070/4
f 1073/4 1065/4 1064/4
f 1074/4 1070/4 1071/4
f 1065/4 1066/4 1072/4 1071/4
f 1073/4 1066/4 1065/4
f 1074/4 1071/4 1072/4
f 1066/4 1061/4 1067/4 1072/4
f 1073/4 1061/4 1066/4
f 1074/4 1072/4 1067/4
f 1075/4 1076/4 1082/4 1081/4
f 1087/4 1076/4 1075/4
f 1088/4 1081/4 1082/4
f 1076/4 1077/4 1083/4 1082/4
f 1087/4 1077/4 1076/4
f 1088/4 1082/4 1083/4
f 1077/4 1078/4 1084/4 1083/4
f 1087/4 1078/4 1077/4
f 1088/4 1083/4 1084/4
f 1078/4 1079/4 1085/4 1084/4
f 1087/4 1079/4 1078/4
f 1088/4 1084/4 1085/4
f 1079/4 1080/4 1086/4 1085/4
f 1087/4 1080/4 1079/4
f 1088/4 1085/4 1086/4
f 1080/4 1075/4 1081/4 1086/4
f 1087/4 1075/4 1080/4
f 1088/4 1086/4 1081/4
f 1089/4 1090/4 1096/4 1095/4
f 1101/4 1090/4 1089/4
f 1102/4 1095/4 1096/4
f 1090/4 1091/4 1097/4 1096/4
f 1101/4 1091/4 1090/4
f 1102/4 1096/4 1097/4
f 1091/4 1092/4 1098/4 1097/4
f 1101/4 1092/4 1091/4
f 1102/4 1097/4 1098/4
f 1092/4 1093/4 1099/4 1098/4
f 1101/4 1093/4 1092/4
f 1102/4 1098/4 1099/4
f 1093/4 1094/4 1100/4 1099/4
f 1101/4 1094/4 1093/4
f 1102/4 1099/4 1100/4
f 1094/4 1089/4 1095/4 1100/4
f 1101/4 1089/4 1094/4
f 1102/4 1100/4 1095/4
f 1131/4 1132/4 1138/4 1137/4
f 1143/4 1132/4 1131/4
f 1144/4 1137/4 1138/4
f 1132/4 1133/4 1139/4 1138/4
f 1143/4 1133/4 1132/4
f 1144/4 1138/4 1139/4
f 1133/4 1134/4 1140/4 1139/4
f 1143/4 1134/4 1133/4
f 1144/4 1139/4 1140/4
f 1134/4 1135/4 1141/4 1140/4
f 1143/4 1135/4 1134/4
f 1144/4 1140/4 1141/4
f 1135/4 1136/4 1142/4 1141/4
f 1143/4 1136/4 1135/4
f 1144/4 1141/4 1142/4
f 1136/4 1131/4 1137/4 1142/4
f 1143/4 1131/4 1136/4
f 1144/4 1142/4 1137/4
f 1145/4 1146/4 1152/4 1151/4
f 1157/4 1146/4 1145/4
f 1158/4 1151/4 1152/4
f 1146/4 1147/4 1153/4 1152/4
f 1157/4 1147/4 1146/4
f 1158/4 1152/4 1153/4
f 1147/4 1148/4 1154/4 1153/4
f 1157/4 1148/4 1147/4
f 1158/4 1153/4 1154/4
f 1148/4 1149/4 1155/4 1154/4
f 1157/4 1149/4 1148/4
f 1158/4 1154/4 1155/4
f 1149/4 1150/4 1156/4 1155/4
f 1157/4 1150/4 1149/4
f 1158/4 1155/4 1156/4
f 1150/4 1145/4 1151/4 1156/4
f 1157/4 1145/4 1150/4
f 1158/4 1156/4 1151/4
f 1159/4 1160/4 1166/4 1165/4
f 1171/4 1160/4 1159/4
f 1172/4 1165/4 1166/4
f 1160/4 1161/4 1167/4 1166/4
f 1171/4 1161/4 1160/4
f 1172/4 1166/4 1167/4
f 1161/4 1162/4 1168/4 1167/4
f 1171/4 1162/4 1161/4
f 1172/4 1167/4 1168/4
f 1162/4 1163/4 1169/4 1168/4
f 1171/4 1163/4 1162/4
f 1172/4 1168/4 1169/4
f 1163/4 1164/4 1170/4 1169/4
f 1171/4 1164/4 1163/4
f 1172/4 1169/4 1170/4
f 1164/4 1159/4 1165/4 1170/4
f 1171/4 1159/4 1164/4
f 1172/4 1170/4 1165/4
f 1173/4 1174/4 1180/4 1179/4
f 1185/4 1174/4 1173/4
f 1186/4 1179/4 1180/4
f 1174/4 1175/4 1181/4 1180/4
f 1185/4 1175/4 1174/4
f 1186/4 1180/4 1181/4
f 1175/4 1176/4 1182/4 1181/4
f 1185/4 1176/4 1175/4
f 1186/4 1181/4 1182/4
f 1176/4 1177/4 1183/4 1182/4
f 1185/4 1177/4 1176/4
f 1186/4 1182/4 1183/4
f 1177/4 1178/4 1184/4 1183/4
f 1185/4 1178/4 1177/4
f 1186/4 1183/4 1184/4
f 1178/4 1173/4 1179/4 1184/4
f 1185/4 1173/4 1178/4
f 1186/4 1184/4 1179/4
f 1215/4 1216/4 1222/4 1221/4
f 1227/4 1216/4 1215/4
f 1228/4 1221/4 1222/4
f 1216/4 1217/4 1223/4 1222/4
f 1227/4 1217/4 1216/4
f 1228/4 1222/4 1223/4
f 1217/4 1218/4 1224/4 1223/4
f 1227/4 1218/4 1217/4
f 1228/4 1223/4 1224/4
f 1218/4 1219/4 1225/4 1224/4
f 1227/4 1219/4 1218/4
f 1228/4 1224/4 1225/4
f 1219/4 1220/4 1226/4 1225/4
f 1227/4 1220/4 1219/4
f 1228/4 1225/4 1226/4
f 1220/4 1215/4 1221/4 1226/4
f 1227/4 1215/4 1220/4
f 1228/4 1226/4 1221/4
f 1229/4 1230/4 1236/4 1235/4
f 1241/4 1230/4 1229/4
f 1242/4 1235/4 1236/4
f 1230/4 1231/4 1237/4 1236/4
f 1241/4 1231/4 1230/4
f 1242/4 1236/4 1237/4
f 1231/4 1232/4 1238/4 1237/4
f 1241/4 1232/4 1231/4
f 1242/4 1237/4 1238/4
f 1232/4 1233/4 1239/4 1238/4
f 1241/4 1233/4 1232/4
f 1242/4 1238/4 1239/4
f 1233/4 1234/4 1240/4 1239/4
f 1241/4 1234/4 1233/4
f 1242/4 1239/4 1240/4
f 1234/4 1229/4 1235/4 1240/4
f 1241/4 1229/4 1234/4
f 1242/4 1240/4 1235/4
f 1243/4 1244/4 1250/4 1249/4
f 1255/4 1244/4 1243/4
f 1256/4 1249/4 1250/4
f 1244/4 1245/4 1251/4 1250/4
f 1255/4 1245/4 1244/4
f 1256/4 1250/4 1251/4
f 1245/4 1246/4 1252/4 1251/4
f 1255/4 1246/4 1245/4
f 1256/4 1251/4 1252/4
f 1246/4 1247/4 1253/4 1252/4
f 1255/4 1247/4 1246/4
f 1256/4 1252/4 1253/4
f 1247/4 1248/4 1254/4 1253/4
f 1255/4 1248/4 1247/4
f 1256/4 1253/4 1254/4
f 1248/4 1243/4 1249/4 1254/4
f 1255/4 1243/4 1248/4
f 1256/4 1254/4 1249/4
f 1257/4 1258/4 1264/4 1263/4
f 1269/4 1258/4 1257/4
f 1270/4 1263/4 1264/4
f 1258/4 1259/4 1265/4 1264/4
f 1269/4 1259/4 1258/4
f 1270/4 1264/4 1265/4
f 1259/4 1260/4 1266/4 1265/4
f 1269/4 1260/4 1259/4
f 1270/4 1265/4 1266/4
f 1260/4 1261/4 1267/4 1266/4
f 1269/4 1261/4 1260/4
f 1270/4 1266/4 1267/4
f 1261/4 1262/4 1268/4 1267/4
f 1269/4 1262/4 1261/4
f 1270/4 1267/4 1268/4
f 1262/4 1257/4 1263/4 1268/4
f 1269/4 1257/4 1262/4
f 1270/4 1268/4 1263/4
f 1299/4 1300/4 1306/4 1305/4
f 1311/4 1300/4 1299/4
f 1312/4 1305/4 1306/4
f 1300/4 1301/4 1307/4 1306/4
f 1311/4 1301/4 1300/4
f 1312/4 1306/4 1307/4
f 1301/4 1302/4 1308/4 1307/4
f 1311/4 1302/4 1301/4
f 1312/4 1307/4 1308/4
f 1302/4 1303/4 1309/4 1308/4
f 1311/4 1303/4 1302/4
f 1312/4 1308/4 1309/4
f 1303/4 1304/4 1310/4 1309/4
f 1311/4 1304/4 1303/4
f 1312/4 1309/4 1310/4
f 1304/4 1299/4 1305/4 1310/4
f 1311/4 1299/4 1304/4
f 1312/4 1310/4 1305/4
f 1313/4 1314/4 1320/4 1319/4
f 1325/4 1314/4 1313/4
f 1326/4 1319/4 1320/4
f 1314/4 1315/4 1321/4 1320/4
f 1325/4 1315/4 1314/4
f 1326/4 1320/4 1321/4
f 1315/4 1316/4 1322/4 1321/4
f 1325/4 1316/4 1315/4
f 1326/4 1321/4 1322/4
f 1316/4 1317/4 1323/4 1322/4
f 1325/4 1317/4 1316/4
f 1326/4 1322/4 1323/4
f 1317/4 1318/4 1324/4 1323/4
f 1325/4 1318/4 1317/4
f 1326/4 1323/4 1324/4
f 1318/4 1313/4 1319/4 1324/4
f 1325/4 1313/4 1318/4
f 1326/4 1324/4 1319/4
f 1327/4 1328/4 1334/4 1333/4
f 1339/4 1328/4 1327/4
f 1340/4 1333/4 1334/4
f 1328/4 1329/4 1335/4 1334/4
f 1339/4 1329/4 1328/4
f 1340/4 1334/4 1335/4
f 1329/4 1330/4 1336/4 1335/4
f 1339/4 1330/4 1329/4
f 1340/4 1335/4 1336/4
f 1330/4 1331/4 1337/4 1336/4
f 1339/4 1331/4 1330/4
f 1340/4 1336/4 1337/4
f 1331/4 1332/4 1338/4 1337/4
f 1339/4 1332/4 1331/4
f 1340/4 1337/4 1338/4
f 1332/4 1327/4 1333/4 1338/4
f 1339/4 1327/4 1332/4
f 1340/4 1338/4 1333/4
f 1341/4 1342/4 1348/4 1347/4
f 1353/4 1342/4 1341/4
f 1354/4 1347/4 1348/4
f 1342/4 1343/4 1349/4 1348/4
f 1353/4 1343/4 1342/4
f 1354/4 1348/4 1349/4
f 1343/4 1344/4 1350/4 1349/4
f 1353/4 1344/4 1343/4
f 1354/4 1349/4 1350/4
f 1344/4 1345/4 1351/4 1350/4
f 1353/4 1345/4 1344/4
f 1354/4 1350/4 1351/4
f 1345/4 1346/4 1352/4 1351/4
f 1353/4 1346/4 1345/4
f 1354/4 1351/4 1352/4
f 1346/4 1341/4 1347/4 1352/4
f 1353/4 1341/4 1346/4
f 1354/4 1352/4 1347/4
f 1383/4 1384/4 1390/4 1389/4
f 1395/4 1384/4 1383/4
f 1396/4 1389/4 1390/4
f 1384/4 1385/4 1391/4 1390/4
f 1395/4 1385/4 1384/4
f 1396/4 1390/4 1391/4
f 1385/4 1386/4 1392/4 1391/4
f 1395/4 1386/4 1385/4
f 1396/4 1391/4 1392/4
f 1386/4 1387/4 1393/4 1392/4
f 1395/4 1387/4 1386/4
f 1396/4 1392/4 1393/4
f 1387/4 1388/4 1394/4 1393/4
f 1395/4 1388/4 1387/4
f 1396/4 1393/4 1394/4
f 1388/4 1383/4 1389/4 1394/4
f 1395/4 1383/4 1388/4
f 1396/4 1394/4 1389/4
f 1397/4 1398/4 1404/4 1403/4
f 1409/4 1398/4 1397/4
f 1410/4 1403/4 1404/4
f 1398/4 1399/4 1405/4 1404/4
f 1409/4 1399/4 1398/4
f 1410/4 1404/4 1405/4
f 1399/4 1400/4 1406/4 1405/4
f 1409/4 1400/4 1399/4
f 1410/4 1405/4 1406/4
f 1400/4 1401/4 1407/4 1406/4
f 1409/4 1401/4 1400/4
f 1410/4 1406/4 1407/4
f 1401/4 1402/4 1408/4 1407/4
f 1409/4 1402/4 1401/4
f 1410/4 1407/4 1408/4
f 1402/4 1397/4 1403/4 1408/4
f 1409/4 1397/4 1402/4
f 1410/4 1408/4 1403/4
f 1411/4 1412/4 1418/4 1417/4
f 1423/4 1412/4 1411/4
f 1424/4 1417/4 1418/4
f 1412/4 1413/4 1419/4 1418/4
f 1423/4 1413/4 1412/4
f 1424/4 1418/4 1419/4
f 1413/4 1414/4 1420/4 1419/4
f 1423/4 1414/4 1413/4
f 1424/4 1419/4 1420/4
f 1414/4 1415/4 1421/4 1420/4
f 1423/4 1415/4 1414/4
f 1424/4 1420/4 1421/4
f 1415/4 1416/4 1422/4 1421/4
f 1423/4 1416/4 1415/4
f 1424/4 1421/4 1422/4
f 1416/4 1411/4 1417/4 1422/4
f 1423/4 1411/4 1416/4
f 1424/4 1422/4 1417/4
f 1425/4 1426/4 1432/4 1431/4
f 1437/4 1426/4 1425/4
f 1438/4 1431/4 1432/4
f 1426/4 1427/4 1433/4 1432/4
f 1437/4 1427/4 1426/4
f 1438/4 1432/4 1433/4
f 1427/4 1428/4 1434/4 1433/4
f 1437/4 1428/4 1427/4
f 1438/4 1433/4 1434/4
f 1428/4 1429/4 1435/4 1434/4
f 1437/4 1429/4 1428/4
f 1438/4 1434/4 1435/4
f 1429/4 1430/4 1436/4 1435/4
f 1437/4 1430/4 1429/4
f 1438/4 1435/4 1436/4
f 1430/4 1425/4 1431/4 1436/4
f 1437/4 1425/4 1430/4
f 1438/4 1436/4 1431/4
f 1467/4 1468/4 1474/4 1473/4
f 1479/4 1468/4 1467/4
f 1480/4 1473/4 1474/4
f 1468/4 1469/4 1475/4 1474/4
f 1479/4 1469/4 1468/4
f 1480/4 1474/4 1475/4
f 1469/4 1470/4 1476/4 1475/4
f 1479/4 1470/4 1469/4
f 1480/4 1475/4 1476/4
f 1470/4 1471/4 1477/4 1476/4
f 1479/4 1471/4 1470/4
f 1480/4 1476/4 1477/4
f 1471/4 1472/4 1478/4 1477/4
f 1479/4 1472/4 1471/4
f 1480/4 1477/4 1478/4
f 1472/4 1467/4 1473/4 1478/4
f 1479/4 1467/4 1472/4
f 1480/4 1478/4 1473/4
f 1481/4 1482/4 1488/4 1487/4
f 1493/4 1482/4 1481/4
f 1494/4 1487/4 1488/4
f 1482/4 1483/4 1489/4 1488/4
f 1493/4 1483/4 1482/4
f 1494/4 1488/4 1489/4
f 1483/4 1484/4 1490/4 1489/4
f 1493/4 1484/4 1483/4
f 1494/4 1489/4 1490/4
f 1484/4 1485/4 1491/4 1490/4
f 1493/4 1485/4 1484/4
f 1494/4 1490/4 1491/4
f 1485/4 1486/4 1492/4 1491/4
f 1493/4 1486/4 1485/4
f 1494/4 1491/4 1492/4
f 1486/4 1481/4 1487/4 1492/4
f 1493/4 1481/4 1486/4
f 1494/4 1492/4 1487/4
f 1495/4 1496/4 1502/4 1501/4
f 1507/4 1496/4 1495/4
f 1508/4 1501/4 1502/4
f 1496/4 1497/4 1503/4 1502/4
f 1507/4 1497/4 1496/4
f 1508/4 1502/4 1503/4
f 1497/4 1498/4 1504/4 1503/4
f 1507/4 1498/4 1497/4
f 1508/4 1503/4 1504/4
f 1498/4 1499/4 1505/4 1504/4
f 1507/4 1499/4 1498/4
f 1508/4 1504/4 1505/4
f 1499/4 1500/4 1506/4 1505/4
f 1507/4 1500/4 1499/4
f 1508/4 1505/4 1506/4
f 1500/4 1495/4 1501/4 1506/4
f 1507/4 1495/4 1500/4
f 1508/4 1506/4 1501/4
f 1509/4 1510/4 1516/4 1515/4
f 1521/4 1510/4 1509/4
f 1522/4 1515/4 1516/4
f 1510/4 1511/4 1517/4 1516/4
f 1521/4 1511/4 1510/4
f 1522/4 1516/4 1517/4
f 1511/4 1512/4 1518/4 1517/4
f 1521/4 1512/4 1511/4
f 1522/4 1517/4 1518/4
f 1512/4 1513/4 1519/4 1518/4
f 1521/4 1513/4 1512/4
f 1522/4 1518/4 1519/4
f 1513/4 1514/4 1520/4 1519/4
f 1521/4 1514/4 1513/4
f 1522/4 1519/4 1520/4
f 1514/4 1509/4 1515/4 1520/4
f 1521/4 1509/4 1514/4
f 1522/4 1520/4 1515/4
f 1551/4 1552/4 1558/4 1557/4
f 1563/4 1552/4 1551/4
f 1564/4 1557/4 1558/4
f 1552/4 1553/4 1559/4 1558/4
f 1563/4 1553/4 1552/4
f 1564/4 1558/4 1559/4
f 1553/4 1554/4 1560/4 1559/4
f 1563/4 1554/4 1553/4
f 1564/4 1559/4 1560/4
f 1554/4 1555/4 1561/4 1560/4
f 1563/4 1555/4 1554/4
f 1564/4 1560/4 1561/4
f 1555/4 1556/4 1562/4 1561/4
f 1563/4 1556/4 1555/4
f 1564/4 1561/4 1562/4
f 1556/4 1551/4 1557/4 1562/4
f 1563/4 1551/4 1556/4
f 1564/4 1562/4 1557/4
f 1565/4 1566/4 1572/4 1571/4
f 1577/4 1566/4 1565/4
f 1578/4 1571/4 1572/4
f 1566/4 1567/4 1573/4 1572/4
f 1577/4 1567/4 1566/4
f 1578/4 1572/4 1573/4
f 1567/4 1568/4 1574/4 1573/4
f 1577/4 1568/4 1567/4
f 1578/4 1573/4 1574/4
f 1568/4 1569/4 1575/4 1574/4
f 1577/4 1569/4 1568/4
f 1578/4 1574/4 1575/4
f 1569/4 1570/4 1576/4 1575/4
f 1577/4 1570/4 1569/4
f 1578/4 1575/4 1576/4
f 1570/4 1565/4 1571/4 1576/4
f 1577/4 1565/4 1570/4
f 1578/4 1576/4 1571/4
f 1579/4 1580/4 1586/4 1585/4
f 1591/4 1580/4 1579/4
f 1592/4 1585/4 1586/4
f 1580/4 1581/4 1587/4 1586/4
f 1591/4 1581/4 1580/4
f 1592/4 1586/4 1587/4
f 1581/4 1582/4 1588/4 1587/4
f 1591/4 1582/4 1581/4
f 1592/4 1587/4 1588/4
f 1582/4 1583/4 1589/4 1588/4
f 1591/4 1583/4 1582/4
f 1592/4 1588/4 1589/4
f 1583/4 1584/4 1590/4 1589/4
f 1591/4 1584/4 1583/4
f 1592/4 1589/4 1590/4
f 1584/4 1579/4 1585/4 1590/4
f 1591/4 1579/4 1584/4
f 1592/4 1590/4 1585/4
f 1593/4 1594/4 1600/4 1599/4
f 1605/4 1594/4 1593/4
f 1606/4 1599/4 1600/4
f 1594/4 1595/4 1601/4 1600/4
f 1605/4 1595/4 1594/4
f 1606/4 1600/4 1601/4
f 1595/4 1596/4 1602/4 1601/4
f 1605/4 1596/4 1595/4
f 1606/4 1601/4 1602/4
f 1596/4 1597/4 1603/4 1602/4
f 1605/4 1597/4 1596/4
f 1606/4 1602/4 1603/4
f 1597/4 1598/4 1604/4 1603/4
f 1605/4 1598/4 1597/4
f 1606/4 1603/4 1604/4
f 1598/4 1593/4 1599/4 1604/4
f 1605/4 1593/4 1598/4
f 1606/4 1604/4 1599/4
f 1635/4 1636/4 1642/4 1641/4
f 1647/4 1636/4 1635/4
f 1648/4 1641/4 1642/4
f 1636/4 1637/4 1643/4 1642/4
f 1647/4 1637/4 1636/4
f 1648/4 1642/4 1643/4
f 1637/4 1638/4 1644/4 1643/4
f 1647/4 1638/4 1637/4
f 1648/4 1643/4 1644/4
f 1638/4 1639/4 1645/4 1644/4
f 1647/4 1639/4 1638/4
f 1648/4 1644/4 1645/4
f 1639/4 1640/4 1646/4 1645/4
f 1647/4 1640/4 1639/4
f 1648/4 1645/4 1646/4
f 1640/4 1635/4 1641/4 1646/4
f 1647/4 1635/4 1640/4
f 1648/4 1646/4 1641/4
f 1677/4 1678/4 1689/4
f 1684/4 1683/4 1690/4
f 1678/4 1679/4 1689/4
f 1685/4 1684/4 1690/4
f 1679/4 1680/4 1689/4
f 1686/4 1685/4 1690/4
f 1680/4 1681/4 1689/4
f 1687/4 1686/4 1690/4
f 1681/4 1682/4 1689/4
f 1688/4 1687/4 1690/4
f 1682/4 1677/4 1689/4
f 1683/4 1688/4 1690/4
f 1683/4 1684/4 1678/4 1677/4
f 1684/4 1685/4 1679/4 1678/4
f 1685/4 1686/4 1680/4 1679/4
f 1686/4 1687/4 1681/4 1680/4
f 1687/4 1688/4 1682/4 1681/4
f 1688/4 1683/4 1677/4 1682/4
f 1691/4 1692/4 1703/4
f 1698/4 1697/4 1704/4
f 1692/4 1693/4 1703/4
f 1699/4 1698/4 1704/4
f 1693/4 1694/4 1703/4
f 1700/4 1699/4 1704/4
f 1694/4 1695/4 1703/4
f 1701/4 1700/4 1704/4
f 1695/4 1696/4 1703/4
f 1702/4 1701/4 1704/4
f 1696/4 1691/4 1703/4
f 1697/4 1702/4 1704/4
f 1697/4 1698/4 1692/4 1691/4
f 1698/4 1699/4 1693/4 1692/4
f 1699/4 1700/4 1694/4 1693/4
f 1700/4 1701/4 1695/4 1694/4
f 1701/4 1702/4 1696/4 1695/4
f 1702/4 1697/4 1691/4 1696/4
f 1733/4 1734/4 1745/4
f 1740/4 1739/4 1746/4
f 1734/4 1735/4 1745/4
f 1741/4 1740/4 1746/4
f 1735/4 1736/4 1745/4
f 1742/4 1741/4 1746/4
f 1736/4 1737/4 1745/4
f 1743/4 1742/4 1746/4
f 1737/4 1738/4 1745/4
f 1744/4 1743/4 1746/4
f 1738/4 1733/4 1745/4
f 1739/4 1744/4 1746/4
f 1739/4 1740/4 1734/4 1733/4
f 1740/4 1741/4 1735/4 1734/4
f 1741/4 1742/4 1736/4 1735/4
f 1742/4 1743/4 1737/4 1736/4
f 1743/4 1744/4 1738/4 1737/4
f 1744/4 1739/4 1733/4 1738/4
f 1747/4 1748/4 1759/4
f 1754/4 1753/4 1760/4
f 1748/4 1749/4 1759/4
f 1755/4 1754/4 1760/4
f 1749/4 1750/4 1759/4
f 1756/4 1755/4 1760/4
f 1750/4 1751/4 1759/4
f 1757/4 1756/4 1760/4
f 1751/4 1752/4 1759/4
f 1758/4 1757/4 1760/4
f 1752/4 1747/4 1759/4
f 1753/4 1758/4 1760/4
f 1753/4 1754/4 1748/4 1747/4
f 1754/4 1755/4 1749/4 1748/4
f 1755/4 1756/4 1750/4 1749/4
f 1756/4 1757/4 1751/4 1750/4
f 1757/4 1758/4 1752/4 1751/4
f 1758/4 1753/4 1747/4 1752/4
f 1789/4 1790/4 1801/4
f 1796/4 1795/4 1802/4
f 1790/4 1791/4 1801/4
f 1797/4 1796/4 1802/4
f 1791/4 1792/4 1801/4
f 1798/4 1797/4 1802/4
f 1792/4 1793/4 1801/4
f 1799/4 1798/4 1802/4
f 1793/4 1794/4 1801/4
f 1800/4 1799/4 1802/4
f 1794/4 1789/4 1801/4
f 1795/4 1800/4 1802/4
f 1795/4 1796/4 1790/4 1789/4
f 1796/4 1797/4 1791/4 1790/4
f 1797/4 1798/4 1792/4 1791/4
f 1798/4 1799/4 1793/4 1792/4
f 1799/4 1800/4 1794/4 1793/4
f 1800/4 1795/4 1789/4 1794/4
f 1803/4 1804/4 1815/4
f 1810/4 1809/4 1816/4
f 1804/4 1805/4 1815/4
f 1811/4 1810/4 1816/4
f 1805/4 1806/4 1815/4
f 1812/4 1811/4 1816/4
f 1806/4 1807/4 1815/4
f 1813/4 1812/4 1816/4
f 1807/4 1808/4 1815/4
f 1814/4 1813/4 1816/4
f 1808/4 1803/4 1815/4
f 1809/4 1814/4 1816/4
f 1809/4 1810/4 1804/4 1803/4
f 1810/4 1811/4 1805/4 1804/4
f 1811/4 1812/4 1806/4 1805/4
f 1812/4 1813/4 1807/4 1806/4
f 1813/4 1814/4 1808/4 1807/4
f 1814/4 1809/4 1803/4 1808/4
f 1845/4 1846/4 1857/4
f 1852/4 1851/4 1858/4
f 1846/4 1847/4 1857/4
f 1853/4 1852/4 1858/4
f 1847/4 1848/4 1857/4
f 1854/4 1853/4 1858/4
f 1848/4 1849/4 1857/4
f 1855/4 1854/4 1858/4
f 1849/4 1850/4 1857/4
f 1856/4 1855/4 1858/4
f 1850/4 1845/4 1857/4
f 1851/4 1856/4 1858/4
f 1851/4 1852/4 1846/4 1845/4
f 1852/4 1853/4 1847/4 1846/4
f 1853/4 1854/4 1848/4 1847/4
f 1854/4 1855/4 1849/4 1848/4
f 1855/4 1856/4 1850/4 1849/4
f 1856/4 1851/4 1845/4 1850/4
f 1859/4 1860/4 1871/4
f 1866/4 1865/4 1872/4
f 1860/4 1861/4 1871/4
f 1867/4 1866/4 1872/4
f 1861/4 1862/4 1871/4
f 1868/4 1867/4 1872/4
f 1862/4 1863/4 1871/4
f 1869/4 1868/4 1872/4
f 1863/4 1864/4 1871/4
f 1870/4 1869/4 1872/4
f 1864/4 1859/4 1871/4
f 1865/4 1870/4 1872/4
f 1865/4 1866/4 1860/4 1859/4
f 1866/4 1867/4 1861/4 1860/4
f 1867/4 1868/4 1862/4 1861/4
f 1868/4 1869/4 1863/4 1862/4
f 1869/4 1870/4 1864/4 1863/4
f 1870/4 1865/4 1859/4 1864/4
f 1901/4 1902/4 1913/4
f 1908/4 1907/4 1914/4
f 1902/4 1903/4 1913/4
f 1909/4 1908/4 1914/4
f 1903/4 1904/4 1913/4
f 1910/4 1909/4 1914/4
f 1904/4 1905/4 1913/4
f 1911/4 1910/4 1914/4
f 1905/4 1906/4 1913/4
f 1912/4 1911/4 1914/4
f 1906/4 1901/4 1913/4
f 1907/4 1912/4 1914/4
f 1907/4 1908/4 1902/4 1901/4
f 1908/4 1909/4 1903/4 1902/4
f 1909/4 1910/4 1904/4 1903/4
f 1910/4 1911/4 1905/4 1904/4
f 1911/4 1912/4 1906/4 1905/4
f 1912/4 1907/4 1901/4 1906/4
f 1915/4 1916/4 1927/4
f 1922/4 1921/4 1928/4
f 1916/4 1917/4 1927/4
f 1923/4 1922/4 1928/4
f 1917/4 1918/4 1927/4
f 1924/4 1923/4 1928/4
f 1918/4 1919/4 1927/4
f 1925/4 1924/4 1928/4
f 1919/4 1920/4 1927/4
f 1926/4 1925/4 1928/4
f 1920/4 1915/4 1927/4
f 1921/4 1926/4 1928/4
f 1921/4 1922/4 1916/4 1915/4
f 1922/4 1923/4 1917/4 1916/4
f 1923/4 1924/4 1918/4 1917/4
f 1924/4 1925/4 1919/4 1918/4
f 1925/4 1926/4 1920/4 1919/4
f 1926/4 1921/4 1915/4 1920/4
f 1957/4 1958/4 1969/4
f 1964/4 1963/4 1970/4
f 1958/4 1959/4 1969/4
f 1965/4 1964/4 1970/4
f 1959/4 1960/4 1969/4
f 1966/4 1965/4 1970/4
f 1960/4 1961/4 1969/4
f 1967/4 1966/4 1970/4
f 1961/4 1962/4 1969/4
f 1968/4 1967/4 1970/4
f 1962/4 1957/4 1969/4
f 1963/4 1968/4 1970/4
f 1963/4 1964/4 1958/4 1957/4
f 1964/4 1965/4 1959/4 1958/4
f 1965/4 1966/4 1960/4 1959/4
f 1966/4 1967/4 1961/4 1960/4
f 1967/4 1968/4 1962/4 1961/4
f 1968/4 1963/4 1957/4 1962/4
f 1971/4 1972/4 1983/4
f 1978/4 1977/4 1984/4
f 1972/4 1973/4 1983/4
f 1979/4 1978/4 1984/4
f 1973/4 1974/4 1983/4
f 1980/4 1979/4 1984/4
f 1974/4 1975/4 1983/4
f 1981/4 1980/4 1984/4
f 1975/4 1976/4 1983/4
f 1982/4 1981/4 1984/4
f 1976/4 1971/4 1983/4
f 1977/4 1982/4 1984/4
f 1977/4 1978/4 1972/4 1971/4
f 1978/4 1979/4 1973/4 1972/4
f 1979/4 1980/4 1974/4 1973/4
f 1980/4 1981/4 1975/4 1974/4
f 1981/4 1982/4 1976/4 1975/4
f 1982/4 1977/4 1971/4 1976/4
f 2013/4 2014/4 2025/4
f 2020/4 2019/4 2026/4
f 2014/4 2015/4 2025/4
f 2021/4 2020/4 2026/4
f 2015/4 2016/4 2025/4
f 2022/4 2021/4 2026/4
f 2016/4 2017/4 2025/4
f 2023/4 2022/4 2026/4
f 2017/4 2018/4 2025/4
f 2024/4 2023/4 2026/4
f 2018/4 2013/4 2025/4
f 2019/4 2024/4 2026/4
f 2019/4 2020/4 2014/4 2013/4
f 2020/4 2021/4 2015/4 2014/4
f 2021/4 2022/4 2016/4 2015/4
f 2022/4 2023/4 2017/4 2016/4
f 2023/4 2024/4 2018/4 2017/4
f 2024/4 2019/4 2013/4 2018/4
f 2027/4 2028/4 2039/4
f 2034/4 2033/4 2040/4
f 2028/4 2029/4 2039/4
f 2035/4 2034/4 2040/4
f 2029/4 2030/4 2039/4
f 2036/4 2035/4 2040/4
f 2030/4 2031/4 2039/4
f 2037/4 2036/4 2040/4
f 2031/4 2032/4 2039/4
f 2038/4 2037/4 2040/4
f 2032/4 2027/4 2039/4
f 2033/4 2038/4 2040/4
f 2033/4 2034/4 2028/4 2027/4
f 2034/4 2035/4 2029/4 2028/4
f 2035/4 2036/4 2030/4 2029/4
f 2036/4 2037/4 2031/4 2030/4
f 2037/4 2038/4 2032/4 2031/4
f 2038/4 2033/4 2027/4 2032/4
f 2069/4 2070/4 2081/4
f 2076/4 2075/4 2082/4
f 2070/4 2071/4 2081/4
f 2077/4 2076/4 2082/4
f 2071/4 2072/4 2081/4
f 2078/4 2077/4 2082/4
f 2072/4 2073/4 2081/4
f 2079/4 2078/4 2082/4
f 2073/4 2074/4 2081/4
f 2080/4 2079/4 2082/4
f 2074/4 2069/4 2081/4
f 2075/4 2080/4 2082/4
f 2075/4 2076/4 2070/4 2069/4
f 2076/4 2077/4 2071/4 2070/4
f 2077/4 2078/4 2072/4 2071/4
f 2078/4 2079/4 2073/4 2072/4
f 2079/4 2080/4 2074/4 2073/4
f 2080/4 2075/4 2069/4 2074/4
f 2083/4 2084/4 2095/4
f 2090/4 2089/4 2096/4
f 2084/4 2085/4 2095/4
f 2091/4 2090/4 2096/4
f 2085/4 2086/4 2095/4
f 2092/4 2091/4 2096/4
f 2086/4 2087/4 2095/4
f 2093/4 2092/4 2096/4
f 2087/4 2088/4 2095/4
f 2094/4 2093/4 2096/4
f 2088/4 2083/4 2095/4
f 2089/4 2094/4 2096/4
f 2089/4 2090/4 2084/4 2083/4
f 2090/4 2091/4 2085/4 2084/4
f 2091/4 2092/4 2086/4 2085/4
f 2092/4 2093/4 2087/4 2086/4
f 2093/4 2094/4 2088/4 2087/4
f 2094/4 2089/4 2083/4 2088/4
f 2125/4 2126/4 2137/4
f 2132/4 2131/4 2138/4
f 2126/4 2127/4 2137/4
f 2133/4 2132/4 2138/4
f 2127/4 2128/4 2137/4
f 2134/4 2133/4 2138/4
f 2128/4 2129/4 2137/4
f 2135/4 2134/4 2138/4
f 2129/4 2130/4 2137/4
f 2136/4 2135/4 2138/4
f 2130/4 2125/4 2137/4
f 2131/4 2136/4 2138/4
f 2131/4 2132/4 2126/4 2125/4
f 2132/4 2133/4 2127/4 2126/4
f 2133/4 2134/4 2128/4 2127/4
f 2134/4 2135/4 2129/4 2128/4
f 2135/4 2136/4 2130/4 2129/4
f 2136/4 2131/4 2125/4 2130/4
f 2139/4 2140/4 2151/4
f 2146/4 2145/4 2152/4
f 2140/4 2141/4 2151/4
f 2147/4 2146/4 2152/4
f 2141/4 2142/4 2151/4
f 2148/4 2147/4 2152/4
f 2142/4 2143/4 2151/4
f 2149/4 2148/4 2152/4
f 2143/4 2144/4 2151/4
f 2150/4 2149/4 2152/4
f 2144/4 2139/4 2151/4
f 2145/4 2150/4 2152/4
f 2145/4 2146/4 2140/4 2139/4
f 2146/4 2147/4 2141/4 2140/4
f 2147/4 2148/4 2142/4 2141/4
f 2148/4 2149/4 2143/4 2142/4
f 2149/4 2150/4 2144/4 2143/4
f 2150/4 2145/4 2139/4 2144/4
f 2181/4 2182/4 2193/4
f 2188/4 2187/4 2194/4
f 2182/4 2183/4 2193/4
f 2189/4 2188/4 2194/4
f 2183/4 2184/4 2193/4
f 2190/4 2189/4 2194/4
f 2184/4 2185/4 2193/4
f 2191/4 2190/4 2194/4
f 2185/4 2186/4 2193/4
f 2192/4 2191/4 2194/4
f 2186/4 2181/4 2193/4
f 2187/4 2192/4 2194/4
f 2187/4 2188/4 2182/4 2181/4
f 2188/4 2189/4 2183/4 2182/4
f 2189/4 2190/4 2184/4 2183/4
f 2190/4 2191/4 2185/4 2184/4
f 2191/4 2192/4 2186/4 2185/4
f 2192/4 2187/4 2181/4 2186/4
f 2195/4 2196/4 2207/4
f 2202/4 2201/4 2208/4
f 2196/4 2197/4 2207/4
f 2203/4 2202/4 2208/4
f 2197/4 2198/4 2207/4
f 2204/4 2203/4 2208/4
f 2198/4 2199/4 2207/4
f 2205/4 2204/4 2208/4
f 2199/4 2200/4 2207/4
f 2206/4 2205/4 2208/4
f 2200/4 2195/4 2207/4
f 2201/4 2206/4 2208/4
f 2201/4 2202/4 2196/4 2195/4
f 2202/4 2203/4 2197/4 2196/4
f 2203/4 2204/4 2198/4 2197/4
f 2204/4 2205/4 2199/4 2198/4
f 2205/4 2206/4 2200/4 2199/4
f 2206/4 2201/4 2195/4 2200/4
f 2237/4 2238/4 2249/4
f 2244/4 2243/4 2250/4
f 2238/4 2239/4 2249/4
f 2245/4 2244/4 2250/4
f 2239/4 2240/4 2249/4
f 2246/4 2245/4 2250/4
f 2240/4 2241/4 2249/4
f 2247/4 2246/4 2250/4
f 2241/4 2242/4 2249/4
f 2248/4 2247/4 2250/4
f 2242/4 2237/4 2249/4
f 2243/4 2248/4 2250/4
f 2243/4 2244/4 2238/4 2237/4
f 2244/4 2245/4 2239/4 2238/4
f 2245/4 2246/4 2240/4 2239/4
f 2246/4 2247/4 2241/4 2240/4
f 2247/4 2248/4 2242/4 2241/4
f 2248/4 2243/4 2237/4 2242/4
f 2251/4 2252/4 2263/4
f 2258/4 2257/4 2264/4
f 2252/4 2253/4 2263/4
f 2259/4 2258/4 2264/4
f 2253/4 2254/4 2263/4
f 2260/4 2259/4 2264/4
f 2254/4 2255/4 2263/4
f 2261/4 2260/4 2264/4
f 2255/4 2256/4 2263/4
f 2262/4 2261/4 2264/4
f 2256/4 2251/4 2263/4
f 2257/4 2262/4 2264/4
f 2257/4 2258/4 2252/4 2251/4
f 2258/4 2259/4 2253/4 2252/4
f 2259/4 2260/4 2254/4 2253/4
f 2260/4 2261/4 2255/4 2254/4
f 2261/4 2262/4 2256/4 2255/4
f 2262/4 2257/4 2251/4 2256/4
f 2293/4 2294/4 2305/4
f 2300/4 2299/4 2306/4
f 2294/4 2295/4 2305/4
f 2301/4 2300/4 2306/4
f 2295/4 2296/4 2305/4
f 2302/4 2301/4 2306/4
f 2296/4 2297/4 2305/4
f 2303/4 2302/4 2306/4
f 2297/4 2298/4 2305/4
f 2304/4 2303/4 2306/4
f 2298/4 2293/4 2305/4
f 2299/4 2304/4 2306/4
f 2299/4 2300/4 2294/4 2293/4
f 2300/4 2301/4 2295/4 2294/4
f 2301/4 2302/4 2296/4 2295/4
f 2302/4 2303/4 2297/4 2296/4
f 2303/4 2304/4 2298/4 2297/4
f 2304/4 2299/4 2293/4 2298/4
f 2307/4 2308/4 2319/4
f 2314/4 2313/4 2320/4
f 2308/4 2309/4 2319/4
f 2315/4 2314/4 2320/4
f 2309/4 2310/4 2319/4
f 2316/4 2315/4 2320/4
f 2310/4 2311/4 2319/4
f 2317/4 2316/4 2320/4
f 2311/4 2312/4 2319/4
f 2318/4 2317/4 2320/4
f 2312/4 2307/4 2319/4
f 2313/4 2318/4 2320/4
f 2313/4 2314/4 2308/4 2307/4
f 2314/4 2315/4 2309/4 2308/4
f 2315/4 2316/4 2310/4 2309/4
f 2316/4 2317/4 2311/4 2310/4
f 2317/4 2318/4 2312/4 2311/4
f 2318/4 2313/4 2307/4 2312/4
f 2349/4 2350/4 2361/4
f 2356/4 2355/4 2362/4
f 2350/4 2351/4 2361/4
f 2357/4 2356/4 2362/4
f 2351/4 2352/4 2361/4
f 2358/4 2357/4 2362/4
f 2352/4 2353/4 2361/4
f 2359/4 2358/4 2362/4
f 2353/4 2354/4 2361/4
f 2360/4 2359/4 2362/4
f 2354/4 2349/4 2361/4
f 2355/4 2360/4 2362/4
f 2355/4 2356/4 2350/4 2349/4
f 2356/4 2357/4 2351/4 2350/4
f 2357/4 2358/4 2352/4 2351/4
f 2358/4 2359/4 2353/4 2352/4
f 2359/4 2360/4 2354/4 2353/4
f 2360/4 2355/4 2349/4 2354/4
f 2363/4 2364/4 2375/4
f 2370/4 2369/4 2376/4
f 2364/4 2365/4 2375/4
f 2371/4 2370/4 2376/4
f 2365/4 2366/4 2375/4
f 2372/4 2371/4 2376/4
f 2366/4 2367/4 2375/4
f 2373/4 2372/4 2376/4
f 2367/4 2368/4 2375/4
f 2374/4 2373/4 2376/4
f 2368/4 2363/4 2375/4
f 2369/4 2374/4 2376/4
f 2369/4 2370/4 2364/4 2363/4
f 2370/4 2371/4 2365/4 2364/4
f 2371/4 2372/4 2366/4 2365/4
f 2372/4 2373/4 2367/4 2366/4
f 2373/4 2374/4 2368/4 2367/4
f 2374/4 2369/4 2363/4 2368/4
f 2405/4 2406/4 2417/4
f 2412/4 2411/4 2418/4
f 2406/4 2407/4 2417/4
f 2413/4 2412/4 2418/4
f 2407/4 2408/4 2417/4
f 2414/4 2413/4 2418/4
f 2408/4 2409/4 2417/4
f 2415/4 2414/4 2418/4
f 2409/4 2410/4 2417/4
f 2416/4 2415/4 2418/4
f 2410/4 2405/4 2417/4
f 2411/4 2416/4 2418/4
f 2411/4 2412/4 2406/4 2405/4
f 2412/4 2413/4 2407/4 2406/4
f 2413/4 2414/4 2408/4 2407/4
f 2414/4 2415/4 2409/4 2408/4
f 2415/4 2416/4 2410/4 2409/4
f 2416/4 2411/4 2405/4 2410/4
f 2419/4 2420/4 2431/4
f 2426/4 2425/4 2432/4
f 2420/4 2421/4 2431/4
f 2427/4 2426/4 2432/4
f 2421/4 2422/4 2431/4
f 2428/4 2427/4 2432/4
f 2422/4 2423/4 2431/4
f 2429/4 2428/4 2432/4
f 2423/4 2424/4 2431/4
f 2430/4 2429/4 2432/4
f 2424/4 2419/4 2431/4
f 2425/4 2430/4 2432/4
f 2425/4 2426/4 2420/4 2419/4
f 2426/4 2427/4 2421/4 2420/4
f 2427/4 2428/4 2422/4 2421/4
f 2428/4 2429/4 2423/4 2422/4
f 2429/4 2430/4 2424/4 2423/4
f 2430/4 2425/4 2419/4 2424/4
f 2461/4 2462/4 2473/4
f 2468/4 2467/4 2474/4
f 2462/4 2463/4 2473/4
f 2469/4 2468/4 2474/4
f 2463/4 2464/4 2473/4
f 2470/4 2469/4 2474/4
f 2464/4 2465/4 2473/4
f 2471/4 2470/4 2474/4
f 2465/4 2466/4 2473/4
f 2472/4 2471/4 2474/4
f 2466/4 2461/4 2473/4
f 2467/4 2472/4 2474/4
f 2467/4 2468/4 2462/4 2461/4
f 2468/4 2469/4 2463/4 2462/4
f 2469/4 2470/4 2464/4 2463/4
f 2470/4 2471/4 2465/4 2464/4
f 2471/4 2472/4 2466/4 2465/4
f 2472/4 2467/4 2461/4 2466/4
f 2475/4 2476/4 2487/4
f 2482/4 2481/4 2488/4
f 2476/4 2477/4 2487/4
f 2483/4 2482/4 2488/4
f 2477/4 2478/4 2487/4
f 2484/4 2483/4 2488/4
f 2478/4 2479/4 2487/4
f 2485/4 2484/4 2488/4
f 2479/4 2480/4 2487/4
f 2486/4 2485/4 2488/4
f 2480/4 2475/4 2487/4
f 2481/4 2486/4 2488/4
f 2481/4 2482/4 2476/4 2475/4
f 2482/4 2483/4 2477/4 2476/4
f 2483/4 2484/4 2478/4 2477/4
f 2484/4 2485/4 2479/4 2478/4
f 2485/4 2486/4 2480/4 2479/4
f 2486/4 2481/4 2475/4 2480/4
f 2517/4 2518/4 2529/4
f 2524/4 2523/4 2530/4
f 2518/4 2519/4 2529/4
f 2525/4 2524/4 2530/4
f 2519/4 2520/4 2529/4
f 2526/4 2525/4 2530/4
f 2520/4 2521/4 2529/4
f 2527/4 2526/4 2530/4
f 2521/4 2522/4 2529/4
f 2528/4 2527/4 2530/4
f 2522/4 2517/4 2529/4
f 2523/4 2528/4 2530/4
f 2523/4 2524/4 2518/4 2517/4
f 2524/4 2525/4 2519/4 2518/4
f 2525/4 2526/4 2520/4 2519/4
f 2526/4 2527/4 2521/4 2520/4
f 2527/4 2528/4 2522/4 2521/4
f 2528/4 2523/4 2517/4 2522/4
f 2531/4 2532/4 2543/4
f 2538/4 2537/4 2544/4
f 2532/4 2533/4 2543/4
f 2539/4 2538/4 2544/4
f 2533/4 2534/4 2543/4
f 2540/4 2539/4 2544/4
f 2534/4 2535/4 2543/4
f 2541/4 2540/4 2544/4
f 2535/4 2536/4 2543/4
f 2542/4 2541/4 2544/4
f 2536/4 2531/4 2543/4
f 2537/4 2542/4 2544/4
f 2537/4 2538/4 2532/4 2531/4
f 2538/4 2539/4 2533/4 2532/4
f 2539/4 2540/4 2534/4 2533/4
f 2540/4 2541/4 2535/4 2534/4
f 2541/4 2542/4 2536/4 2535/4
f 2542/4 2537/4 2531/4 2536/4
f 2545/4 2546/4 2569/4
f 2562/4 2561/4 2570/4
f 2546/4 2547/4 2569/4
f 2563/4 2562/4 2570/4
f 2547/4 2548/4 2569/4
f 2564/4 2563/4 2570/4
f 2548/4 2549/4 2569/4
f 2565/4 2564/4 2570/4
f 2549/4 2550/4 2569/4
f 2566/4 2565/4 2570/4
f 2550/4 2551/4 2569/4
f 2567/4 2566/4 2570/4
f 2551/4 2552/4 2569/4
f 2568/4 2567/4 2570/4
f 2552/4 2545/4 2569/4
f 2561/4 2568/4 2570/4
f 2553/4 2554/4 2546/4 2545/4
f 2554/4 2555/4 2547/4 2546/4
f 2555/4 2556/4 2548/4 2547/4
f 2556/4 2557/4 2549/4 2548/4
f 2557/4 2558/4 2550/4 2549/4
f 2558/4 2559/4 2551/4 2550/4
f 2559/4 2560/4 2552/4 2551/4
f 2560/4 2553/4 2545/4 2552/4
f 2561/4 2562/4 2554/4 2553/4
f 2562/4 2563/4 2555/4 2554/4
f 2563/4 2564/4 2556/4 2555/4
f 2564/4 2565/4 2557/4 2556/4
f 2565/4 2566/4 2558/4 2557/4
f 2566/4 2567/4 2559/4 2558/4
f 2567/4 2568/4 2560/4 2559/4
f 2568/4 2561/4 2553/4 2560/4
f 2571/4 2572/4 2595/4
f 2588/4 2587/4 2596/4
f 2572/4 2573/4 2595/4
f 2589/4 2588/4 2596/4
f 2573/4 2574/4 2595/4
f 2590/4 2589/4 2596/4
f 2574/4 2575/4 2595/4
f 2591/4 2590/4 2596/4
f 2575/4 2576/4 2595/4
f 2592/4 2591/4 2596/4
f 2576/4 2577/4 2595/4
f 2593/4 2592/4 2596/4
f 2577/4 2578/4 2595/4
f 2594/4 2593/4 2596/4
f 2578/4 2571/4 2595/4
f 2587/4 2594/4 2596/4
f 2579/4 2580/4 2572/4 2571/4
f 2580/4 2581/4 2573/4 2572/4
f 2581/4 2582/4 2574/4 2573/4
f 2582/4 2583/4 2575/4 2574/4
f 2583/4 2584/4 2576/4 2575/4
f 2584/4 2585/4 2577/4 2576/4
f 2585/4 2586/4 2578/4 2577/4
f 2586/4 2579/4 2571/4 2578/4
f 2587/4 2588/4 2580/4 2579/4
f 2588/4 2589/4 2581/4 2580/4
f 2589/4 2590/4 2582/4 2581/4
f 2590/4 2591/4 2583/4 2582/4
f 2591/4 2592/4 2584/4 2583/4
f 2592/4 2593/4 2585/4 2584/4
f 2593/4 2594/4 2586/4 2585/4
f 2594/4 2587/4 2579/4 2586/4
f 2597/4 2598/4 2621/4
f 2614/4 2613/4 2622/4
f 2598/4 2599/4 2621/4
f 2615/4 2614/4 2622/4
f 2599/4 2600/4 2621/4
f 2616/4 2615/4 2622/4
f 2600/4 2601/4 2621/4
f 2617/4 2616/4 2622/4
f 2601/4 2602/4 2621/4
f 2618/4 2617/4 2622/4
f 2602/4 2603/4 2621/4
f 2619/4 2618/4 2622/4
f 2603/4 2604/4 2621/4
f 2620/4 2619/4 2622/4
f 2604/4 2597/4 2621/4
f 2613/4 2620/4 2622/4
f 2605/4 2606/4 2598/4 2597/4
f 2606/4 2607/4 2599/4 2598/4
f 2607/4 2608/4 2600/4 2599/4
f 2608/4 2609/4 2601/4 2600/4
f 2609/4 2610/4 2602/4 2601/4
f 2610/4 2611/4 2603/4 2602/4
f 2611/4 2612/4 2604/4 2603/4
f 2612/4 2605/4 2597/4 2604/4
f 2613/4 2614/4 2606/4 2605/4
f 2614/4 2615/4 2607/4 2606/4
f 2615/4 2616/4 2608/4 2607/4
f 2616/4 2617/4 2609/4 2608/4
f 2617/4 2618/4 2610/4 2609/4
f 2618/4 2619/4 2611/4 2610/4
f 2619/4 2620/4 2612/4 2611/4
f 2620/4 2613/4 2605/4 2612/4
f 2623/4 2624/4 2647/4
f 2640/4 2639/4 2648/4
f 2624/4 2625/4 2647/4
f 2641/4 2640/4 2648/4
f 2625/4 2626/4 2647/4
f 2642/4 2641/4 2648/4
f 2626/4 2627/4 2647/4
f 2643/4 2642/4 2648/4
f 2627/4 2628/4 2647/4
f 2644/4 2643/4 2648/4
f 2628/4 2629/4 2647/4
f 2645/4 2644/4 2648/4
f 2629/4 2630/4 2647/4
f 2646/4 2645/4 2648/4
f 2630/4 2623/4 2647/4
f 2639/4 2646/4 2648/4
f 2631/4 2632/4 2624/4 2623/4
f 2632/4 2633/4 2625/4 2624/4
f 2633/4 2634/4 2626/4 2625/4
f 2634/4 2635/4 2627/4 2626/4
f 2635/4 2636/4 2628/4 2627/4
f 2636/4 2637/4 2629/4 2628/4
f 2637/4 2638/4 2630/4 2629/4
f 2638/4 2631/4 2623/4 2630/4
f 2639/4 2640/4 2632/4 2631/4
f 2640/4 2641/4 2633/4 2632/4
f 2641/4 2642/4 2634/4 2633/4
f 2642/4 2643/4 2635/4 2634/4
f 2643/4 2644/4 2636/4 2635/4
f 2644/4 2645/4 2637/4 2636/4
f 2645/4 2646/4 2638/4 2637/4
f 2646/4 2639/4 2631/4 2638/4
f 2649/4 2650/4 2673/4
f 2666/4 2665/4 2674/4
f 2650/4 2651/4 2673/4
f 2667/4 2666/4 2674/4
f 2651/4 2652/4 2673/4
f 2668/4 2667/4 2674/4
f 2652/4 2653/4 2673/4
f 2669/4 2668/4 2674/4
f 2653/4 2654/4 2673/4
f 2670/4 2669/4 2674/4
f 2654/4 2655/4 2673/4
f 2671/4 2670/4 2674/4
f 2655/4 2656/4 2673/4
f 2672/4 2671/4 2674/4
f 2656/4 2649/4 2673/4
f 2665/4 2672/4 2674/4
f 2657/4 2658/4 2650/4 2649/4
f 2658/4 2659/4 2651/4 2650/4
f 2659/4 2660/4 2652/4 2651/4
f 2660/4 2661/4 2653/4 2652/4
f 2661/4 2662/4 2654/4 2653/4
f 2662/4 2663/4 2655/4 2654/4
f 2663/4 2664/4 2656/4 2655/4
f 2664/4 2657/4 2649/4 2656/4
f 2665/4 2666/4 2658/4 2657/4
f 2666/4 2667/4 2659/4 2658/4
f 2667/4 2668/4 2660/4 2659/4
f 2668/4 2669/4 2661/4 2660/4
f 2669/4 2670/4 2662/4 2661/4
f 2670/4 2671/4 2663/4 2662/4
f 2671/4 2672/4 2664/4 2663/4
f 2672/4 2665/4 2657/4 2664/4
f 2675/4 2676/4 2699/4
f 2692/4 2691/4 2700/4
f 2676/4 2677/4 2699/4
f 2693/4 2692/4 2700/4
f 2677/4 2678/4 2699/4
f 2694/4 2693/4 2700/4
f 2678/4 2679/4 2699/4
f 2695/4 2694/4 2700/4
f 2679/4 2680/4 2699/4
f 2696/4 2695/4 2700/4
f 2680/4 2681/4 2699/4
f 2697/4 2696/4 2700/4
f 2681/4 2682/4 2699/4
f 2698/4 2697/4 2700/4
f 2682/4 2675/4 2699/4
f 2691/4 2698/4 2700/4
f 2683/4 2684/4 2676/4 2675/4
f 2684/4 2685/4 2677/4 2676/4
f 2685/4 2686/4 2678/4 2677/4
f 2686/4 2687/4 2679/4 2678/4
f 2687/4 2688/4 2680/4 2679/4
f 2688/4 2689/4 2681/4 2680/4
f 2689/4 2690/4 2682/4 2681/4
f 2690/4 2683/4 2675/4 2682/4
f 2691/4 2692/4 2684/4 2683/4
f 2692/4 2693/4 2685/4 2684/4
f 2693/4 2694/4 2686/4 2685/4
f 2694/4 2695/4 2687/4 2686/4
f 2695/4 2696/4 2688/4 2687/4
f 2696/4 2697/4 2689/4 2688/4
f 2697/4 2698/4 2690/4 2689/4
f 2698/4 2691/4 2683/4 2690/4
f 2701/4 2702/4 2725/4
f 2718/4 2717/4 2726/4
f 2702/4 2703/4 2725/4
f 2719/4 2718/4 2726/4
f 2703/4 2704/4 2725/4
f 2720/4 2719/4 2726/4
f 2704/4 2705/4 2725/4
f 2721/4 2720/4 2726/4
f 2705/4 2706/4 2725/4
f 2722/4 2721/4 2726/4
f 2706/4 2707/4 2725/4
f 2723/4 2722/4 2726/4
f 2707/4 2708/4 2725/4
f 2724/4 2723/4 2726/4
f 2708/4 2701/4 2725/4
f 2717/4 2724/4 2726/4
f 2709/4 2710/4 2702/4 2701/4
f 2710/4 2711/4 2703/4 2702/4
f 2711/4 2712/4 2704/4 2703/4
f 2712/4 2713/4 2705/4 2704/4
f 2713/4 2714/4 2706/4 2705/4
f 2714/4 2715/4 2707/4 2706/4
f 2715/4 2716/4 2708/4 2707/4
f 2716/4 2709/4 2701/4 2708/4
f 2717/4 2718/4 2710/4 2709/4
f 2718/4 2719/4 2711/4 2710/4
f 2719/4 2720/4 2712/4 2711/4
f 2720/4 2721/4 2713/4 2712/4
f 2721/4 2722/4 2714/4 2713/4
f 2722/4 2723/4 2715/4 2714/4
f 2723/4 2724/4 2716/4 2715/4
f 2724/4 2717/4 2709/4 2716/4
f 2727/4 2728/4 2751/4
f 2744/4 2743/4 2752/4
f 2728/4 2729/4 2751/4
f 2745/4 2744/4 2752/4
f 2729/4 2730/4 2751/4
f 2746/4 2745/4 2752/4
f 2730/4 2731/4 2751/4
f 2747/4 2746/4 2752/4
f 2731/4 2732/4 2751/4
f 2748/4 2747/4 2752/4
f 2732/4 2733/4 2751/4
f 2749/4 2748/4 2752/4
f 2733/4 2734/4 2751/4
f 2750/4 2749/4 2752/4
f 2734/4 2727/4 2751/4
f 2743/4 2750/4 2752/4
f 2735/4 2736/4 2728/4 2727/4
f 2736/4 2737/4 2729/4 2728/4
f 2737/4 2738/4 2730/4 2729/4
f 2738/4 2739/4 2731/4 2730/4
f 2739/4 2740/4 2732/4 2731/4
f 2740/4 2741/4 2733/4 2732/4
f 2741/4 2742/4 2734/4 2733/4
f 2742/4 2735/4 2727/4 2734/4
f 2743/4 2744/4 2736/4 2735/4
f 2744/4 2745/4 2737/4 2736/4
f 2745/4 2746/4 2738/4 2737/4
f 2746/4 2747/4 2739/4 2738/4
f 2747/4 2748/4 2740/4 2739/4
f 2748/4 2749/4 2741/4 2740/4
f 2749/4 2750/4 2742/4 2741/4
f 2750/4 2743/4 2735/4 2742/4
f 2795/4 2796/4 2812/4 2811/4
f 2827/4 2796/4 2795/4
f 2828/4 2811/4 2812/4
f 2796/4 2797/4 2813/4 2812/4
f 2827/4 2797/4 2796/4
f 2828/4 2812/4 2813/4
f 2797/4 2798/4 2814/4 2813/4
f 2827/4 2798/4 2797/4
f 2828/4 2813/4 2814/4
f 2798/4 2799/4 2815/4 2814/4
f 2827/4 2799/4 2798/4
f 2828/4 2814/4 2815/4
f 2799/4 2800/4 2816/4 2815/4
f 2827/4 2800/4 2799/4
f 2828/4 2815/4 2816/4
f 2800/4 2801/4 2817/4 2816/4
f 2827/4 2801/4 2800/4
f 2828/4 2816/4 2817/4
f 2801/4 2802/4 2818/4 2817/4
f 2827/4 2802/4 2801/4
f 2828/4 2817/4 2818/4
f 2802/4 2803/4 2819/4 2818/4
f 2827/4 2803/4 2802/4
f 2828/4 2818/4 2819/4
f 2803/4 2804/4 2820/4 2819/4
f 2827/4 2804/4 2803/4
f 2828/4 2819/4 2820/4
f 2804/4 2805/4 2821/4 2820/4
f 2827/4 2805/4 2804/4
f 2828/4 2820/4 2821/4
f 2805/4 2806/4 2822/4 2821/4
f 2827/4 2806/4 2805/4
f 2828/4 2821/4 2822/4
f 2806/4 2807/4 2823/4 2822/4
f 2827/4 2807/4 2806/4
f 2828/4 2822/4 2823/4
f 2807/4 2808/4 2824/4 2823/4
f 2827/4 2808/4 2807/4
f 2828/4 2823/4 2824/4
f 2808/4 2809/4 2825/4 2824/4
f 2827/4 2809/4 2808/4
f 2828/4 2824/4 2825/4
f 2809/4 2810/4 2826/4 2825/4
f 2827/4 2810/4 2809/4
f 2828/4 2825/4 2826/4
f 2810/4 2795/4 2811/4 2826/4
f 2827/4 2795/4 2810/4
f 2828/4 2826/4 2811/4
f 2829/4 2830/4 2846/4 2845/4
f 2861/4 2830/4 2829/4
f 2862/4 2845/4 2846/4
f 2830/4 2831/4 2847/4 2846/4
f 2861/4 2831/4 2830/4
f 2862/4 2846/4 2847/4
f 2831/4 2832/4 2848/4 2847/4
f 2861/4 2832/4 2831/4
f 2862/4 2847/4 2848/4
f 2832/4 2833/4 2849/4 2848/4
f 2861/4 2833/4 2832/4
f 2862/4 2848/4 2849/4
f 2833/4 2834/4 2850/4 2849/4
f 2861/4 2834/4 2833/4
f 2862/4 2849/4 2850/4
f 2834/4 2835/4 2851/4 2850/4
f 2861/4 2835/4 2834/4
f 2862/4 2850/4 2851/4
f 2835/4 2836/4 2852/4 2851/4
f 2861/4 2836/4 2835/4
f 2862/4 2851/4 2852/4
f 2836/4 2837/4 2853/4 2852/4
f 2861/4 2837/4 2836/4
f 2862/4 2852/4 2853/4
f 2837/4 2838/4 2854/4 2853/4
f 2861/4 2838/4 2837/4
f 2862/4 2853/4 2854/4
f 2838/4 2839/4 2855/4 2854/4
f 2861/4 2839/4 2838/4
f 2862/4 2854/4 2855/4
f 2839/4 2840/4 2856/4 2855/4
f 2861/4 2840/4 2839/4
f 2862/4 2855/4 2856/4
f 2840/4 2841/4 2857/4 2856/4
f 2861/4 2841/4 2840/4
f 2862/4 2856/4 2857/4
f 2841/4 2842/4 2858/4 2857/4
f 2861/4 2842/4 2841/4
f 2862/4 2857/4 2858/4
f 2842/4 2843/4 2859/4 2858/4
f 2861/4 2843/4 2842/4
f 2862/4 2858/4 2859/4
f 2843/4 2844/4 2860/4 2859/4
f 2861/4 2844/4 2843/4
f 2862/4 2859/4 2860/4
f 2844/4 2829/4 2845/4 2860/4
f 2861/4 2829/4 2844/4
f 2862/4 2860/4 2845/4
