# ParkParkBumperPlatform — ParkPark original fairground mesh
mtllib ParkParkFairground.mtl
o ParkParkBumperPlatform
v 10.40000 0.08000 0.00000
v 10.40000 0.70000 0.00000
v 10.31103 0.08000 1.35747
v 10.31103 0.70000 1.35747
v 10.04563 0.08000 2.69172
v 10.04563 0.70000 2.69172
v 9.60835 0.08000 3.97991
v 9.60835 0.70000 3.97991
v 9.00666 0.08000 5.20000
v 9.00666 0.70000 5.20000
v 8.25087 0.08000 6.33112
v 8.25087 0.70000 6.33112
v 7.35391 0.08000 7.35391
v 7.35391 0.70000 7.35391
v 6.33112 0.08000 8.25087
v 6.33112 0.70000 8.25087
v 5.20000 0.08000 9.00666
v 5.20000 0.70000 9.00666
v 3.97991 0.08000 9.60835
v 3.97991 0.70000 9.60835
v 2.69172 0.08000 10.04563
v 2.69172 0.70000 10.04563
v 1.35747 0.08000 10.31103
v 1.35747 0.70000 10.31103
v 0.00000 0.08000 10.40000
v 0.00000 0.70000 10.40000
v -1.35747 0.08000 10.31103
v -1.35747 0.70000 10.31103
v -2.69172 0.08000 10.04563
v -2.69172 0.70000 10.04563
v -3.97991 0.08000 9.60835
v -3.97991 0.70000 9.60835
v -5.20000 0.08000 9.00666
v -5.20000 0.70000 9.00666
v -6.33112 0.08000 8.25087
v -6.33112 0.70000 8.25087
v -7.35391 0.08000 7.35391
v -7.35391 0.70000 7.35391
v -8.25087 0.08000 6.33112
v -8.25087 0.70000 6.33112
v -9.00666 0.08000 5.20000
v -9.00666 0.70000 5.20000
v -9.60835 0.08000 3.97991
v -9.60835 0.70000 3.97991
v -10.04563 0.08000 2.69172
v -10.04563 0.70000 2.69172
v -10.31103 0.08000 1.35747
v -10.31103 0.70000 1.35747
v -10.40000 0.08000 0.00000
v -10.40000 0.70000 0.00000
v -10.31103 0.08000 -1.35747
v -10.31103 0.70000 -1.35747
v -10.04563 0.08000 -2.69172
v -10.04563 0.70000 -2.69172
v -9.60835 0.08000 -3.97991
v -9.60835 0.70000 -3.97991
v -9.00666 0.08000 -5.20000
v -9.00666 0.70000 -5.20000
v -8.25087 0.08000 -6.33112
v -8.25087 0.70000 -6.33112
v -7.35391 0.08000 -7.35391
v -7.35391 0.70000 -7.35391
v -6.33112 0.08000 -8.25087
v -6.33112 0.70000 -8.25087
v -5.20000 0.08000 -9.00666
v -5.20000 0.70000 -9.00666
v -3.97991 0.08000 -9.60835
v -3.97991 0.70000 -9.60835
v -2.69172 0.08000 -10.04563
v -2.69172 0.70000 -10.04563
v -1.35747 0.08000 -10.31103
v -1.35747 0.70000 -10.31103
v -0.00000 0.08000 -10.40000
v -0.00000 0.70000 -10.40000
v 1.35747 0.08000 -10.31103
v 1.35747 0.70000 -10.31103
v 2.69172 0.08000 -10.04563
v 2.69172 0.70000 -10.04563
v 3.97991 0.08000 -9.60835
v 3.97991 0.70000 -9.60835
v 5.20000 0.08000 -9.00666
v 5.20000 0.70000 -9.00666
v 6.33112 0.08000 -8.25087
v 6.33112 0.70000 -8.25087
v 7.35391 0.08000 -7.35391
v 7.35391 0.70000 -7.35391
v 8.25087 0.08000 -6.33112
v 8.25087 0.70000 -6.33112
v 9.00666 0.08000 -5.20000
v 9.00666 0.70000 -5.20000
v 9.60835 0.08000 -3.97991
v 9.60835 0.70000 -3.97991
v 10.04563 0.08000 -2.69172
v 10.04563 0.70000 -2.69172
v 10.31103 0.08000 -1.35747
v 10.31103 0.70000 -1.35747
v 0.00000 0.08000 0.00000
v 0.00000 0.70000 0.00000
v 10.42000 0.08000 0.00000
v 10.42000 0.30000 0.00000
v 10.33086 0.08000 1.36008
v 10.33086 0.30000 1.36008
v 10.06495 0.08000 2.69689
v 10.06495 0.30000 2.69689
v 9.62682 0.08000 3.98756
v 9.62682 0.30000 3.98756
v 9.02398 0.08000 5.21000
v 9.02398 0.30000 5.21000
v 8.26674 0.08000 6.34329
v 8.26674 0.30000 6.34329
v 7.36805 0.08000 7.36805
v 7.36805 0.30000 7.36805
v 6.34329 0.08000 8.26674
v 6.34329 0.30000 8.26674
v 5.21000 0.08000 9.02398
v 5.21000 0.30000 9.02398
v 3.98756 0.08000 9.62682
v 3.98756 0.30000 9.62682
v 2.69689 0.08000 10.06495
v 2.69689 0.30000 10.06495
v 1.36008 0.08000 10.33086
v 1.36008 0.30000 10.33086
v 0.00000 0.08000 10.42000
v 0.00000 0.30000 10.42000
v -1.36008 0.08000 10.33086
v -1.36008 0.30000 10.33086
v -2.69689 0.08000 10.06495
v -2.69689 0.30000 10.06495
v -3.98756 0.08000 9.62682
v -3.98756 0.30000 9.62682
v -5.21000 0.08000 9.02398
v -5.21000 0.30000 9.02398
v -6.34329 0.08000 8.26674
v -6.34329 0.30000 8.26674
v -7.36805 0.08000 7.36805
v -7.36805 0.30000 7.36805
v -8.26674 0.08000 6.34329
v -8.26674 0.30000 6.34329
v -9.02398 0.08000 5.21000
v -9.02398 0.30000 5.21000
v -9.62682 0.08000 3.98756
v -9.62682 0.30000 3.98756
v -10.06495 0.08000 2.69689
v -10.06495 0.30000 2.69689
v -10.33086 0.08000 1.36008
v -10.33086 0.30000 1.36008
v -10.42000 0.08000 0.00000
v -10.42000 0.30000 0.00000
v -10.33086 0.08000 -1.36008
v -10.33086 0.30000 -1.36008
v -10.06495 0.08000 -2.69689
v -10.06495 0.30000 -2.69689
v -9.62682 0.08000 -3.98756
v -9.62682 0.30000 -3.98756
v -9.02398 0.08000 -5.21000
v -9.02398 0.30000 -5.21000
v -8.26674 0.08000 -6.34329
v -8.26674 0.30000 -6.34329
v -7.36805 0.08000 -7.36805
v -7.36805 0.30000 -7.36805
v -6.34329 0.08000 -8.26674
v -6.34329 0.30000 -8.26674
v -5.21000 0.08000 -9.02398
v -5.21000 0.30000 -9.02398
v -3.98756 0.08000 -9.62682
v -3.98756 0.30000 -9.62682
v -2.69689 0.08000 -10.06495
v -2.69689 0.30000 -10.06495
v -1.36008 0.08000 -10.33086
v -1.36008 0.30000 -10.33086
v -0.00000 0.08000 -10.42000
v -0.00000 0.30000 -10.42000
v 1.36008 0.08000 -10.33086
v 1.36008 0.30000 -10.33086
v 2.69689 0.08000 -10.06495
v 2.69689 0.30000 -10.06495
v 3.98756 0.08000 -9.62682
v 3.98756 0.30000 -9.62682
v 5.21000 0.08000 -9.02398
v 5.21000 0.30000 -9.02398
v 6.34329 0.08000 -8.26674
v 6.34329 0.30000 -8.26674
v 7.36805 0.08000 -7.36805
v 7.36805 0.30000 -7.36805
v 8.26674 0.08000 -6.34329
v 8.26674 0.30000 -6.34329
v 9.02398 0.08000 -5.21000
v 9.02398 0.30000 -5.21000
v 9.62682 0.08000 -3.98756
v 9.62682 0.30000 -3.98756
v 10.06495 0.08000 -2.69689
v 10.06495 0.30000 -2.69689
v 10.33086 0.08000 -1.36008
v 10.33086 0.30000 -1.36008
v 0.00000 0.08000 0.00000
v 0.00000 0.30000 0.00000
v 9.70000 0.70000 0.00000
v 9.70000 0.80000 0.00000
v 9.61702 0.70000 1.26610
v 9.61702 0.80000 1.26610
v 9.36948 0.70000 2.51054
v 9.36948 0.80000 2.51054
v 8.96163 0.70000 3.71203
v 8.96163 0.80000 3.71203
v 8.40045 0.70000 4.85000
v 8.40045 0.80000 4.85000
v 7.69553 0.70000 5.90499
v 7.69553 0.80000 5.90499
v 6.85894 0.70000 6.85894
v 6.85894 0.80000 6.85894
v 5.90499 0.70000 7.69553
v 5.90499 0.80000 7.69553
v 4.85000 0.70000 8.40045
v 4.85000 0.80000 8.40045
v 3.71203 0.70000 8.96163
v 3.71203 0.80000 8.96163
v 2.51054 0.70000 9.36948
v 2.51054 0.80000 9.36948
v 1.26610 0.70000 9.61702
v 1.26610 0.80000 9.61702
v 0.00000 0.70000 9.70000
v 0.00000 0.80000 9.70000
v -1.26610 0.70000 9.61702
v -1.26610 0.80000 9.61702
v -2.51054 0.70000 9.36948
v -2.51054 0.80000 9.36948
v -3.71203 0.70000 8.96163
v -3.71203 0.80000 8.96163
v -4.85000 0.70000 8.40045
v -4.85000 0.80000 8.40045
v -5.90499 0.70000 7.69553
v -5.90499 0.80000 7.69553
v -6.85894 0.70000 6.85894
v -6.85894 0.80000 6.85894
v -7.69553 0.70000 5.90499
v -7.69553 0.80000 5.90499
v -8.40045 0.70000 4.85000
v -8.40045 0.80000 4.85000
v -8.96163 0.70000 3.71203
v -8.96163 0.80000 3.71203
v -9.36948 0.70000 2.51054
v -9.36948 0.80000 2.51054
v -9.61702 0.70000 1.26610
v -9.61702 0.80000 1.26610
v -9.70000 0.70000 0.00000
v -9.70000 0.80000 0.00000
v -9.61702 0.70000 -1.26610
v -9.61702 0.80000 -1.26610
v -9.36948 0.70000 -2.51054
v -9.36948 0.80000 -2.51054
v -8.96163 0.70000 -3.71203
v -8.96163 0.80000 -3.71203
v -8.40045 0.70000 -4.85000
v -8.40045 0.80000 -4.85000
v -7.69553 0.70000 -5.90499
v -7.69553 0.80000 -5.90499
v -6.85894 0.70000 -6.85894
v -6.85894 0.80000 -6.85894
v -5.90499 0.70000 -7.69553
v -5.90499 0.80000 -7.69553
v -4.85000 0.70000 -8.40045
v -4.85000 0.80000 -8.40045
v -3.71203 0.70000 -8.96163
v -3.71203 0.80000 -8.96163
v -2.51054 0.70000 -9.36948
v -2.51054 0.80000 -9.36948
v -1.26610 0.70000 -9.61702
v -1.26610 0.80000 -9.61702
v -0.00000 0.70000 -9.70000
v -0.00000 0.80000 -9.70000
v 1.26610 0.70000 -9.61702
v 1.26610 0.80000 -9.61702
v 2.51054 0.70000 -9.36948
v 2.51054 0.80000 -9.36948
v 3.71203 0.70000 -8.96163
v 3.71203 0.80000 -8.96163
v 4.85000 0.70000 -8.40045
v 4.85000 0.80000 -8.40045
v 5.90499 0.70000 -7.69553
v 5.90499 0.80000 -7.69553
v 6.85894 0.70000 -6.85894
v 6.85894 0.80000 -6.85894
v 7.69553 0.70000 -5.90499
v 7.69553 0.80000 -5.90499
v 8.40045 0.70000 -4.85000
v 8.40045 0.80000 -4.85000
v 8.96163 0.70000 -3.71203
v 8.96163 0.80000 -3.71203
v 9.36948 0.70000 -2.51054
v 9.36948 0.80000 -2.51054
v 9.61702 0.70000 -1.26610
v 9.61702 0.80000 -1.26610
v 0.00000 0.70000 0.00000
v 0.00000 0.80000 0.00000
v 6.70000 0.82000 0.00000
v 6.63090 0.91511 0.00000
v 6.51910 0.87878 0.00000
v 6.51910 0.76122 0.00000
v 6.63090 0.72489 0.00000
v 6.64268 0.82000 0.87453
v 6.57417 0.91511 0.86551
v 6.46333 0.87878 0.85091
v 6.46333 0.76122 0.85091
v 6.57417 0.72489 0.86551
v 6.47170 0.82000 1.73409
v 6.40496 0.91511 1.71620
v 6.29697 0.87878 1.68727
v 6.29697 0.76122 1.68727
v 6.40496 0.72489 1.71620
v 6.18999 0.82000 2.56398
v 6.12615 0.91511 2.53754
v 6.02286 0.87878 2.49475
v 6.02286 0.76122 2.49475
v 6.12615 0.72489 2.53754
v 5.80237 0.82000 3.35000
v 5.74253 0.91511 3.31545
v 5.64570 0.87878 3.25955
v 5.64570 0.76122 3.25955
v 5.74253 0.72489 3.31545
v 5.31547 0.82000 4.07870
v 5.26065 0.91511 4.03664
v 5.17195 0.87878 3.96858
v 5.17195 0.76122 3.96858
v 5.26065 0.72489 4.03664
v 4.73762 0.82000 4.73762
v 4.68876 0.91511 4.68876
v 4.60970 0.87878 4.60970
v 4.60970 0.76122 4.60970
v 4.68876 0.72489 4.68876
v 4.07870 0.82000 5.31547
v 4.03664 0.91511 5.26065
v 3.96858 0.87878 5.17195
v 3.96858 0.76122 5.17195
v 4.03664 0.72489 5.26065
v 3.35000 0.82000 5.80237
v 3.31545 0.91511 5.74253
v 3.25955 0.87878 5.64570
v 3.25955 0.76122 5.64570
v 3.31545 0.72489 5.74253
v 2.56398 0.82000 6.18999
v 2.53754 0.91511 6.12615
v 2.49475 0.87878 6.02286
v 2.49475 0.76122 6.02286
v 2.53754 0.72489 6.12615
v 1.73409 0.82000 6.47170
v 1.71620 0.91511 6.40496
v 1.68727 0.87878 6.29697
v 1.68727 0.76122 6.29697
v 1.71620 0.72489 6.40496
v 0.87453 0.82000 6.64268
v 0.86551 0.91511 6.57417
v 0.85091 0.87878 6.46333
v 0.85091 0.76122 6.46333
v 0.86551 0.72489 6.57417
v 0.00000 0.82000 6.70000
v 0.00000 0.91511 6.63090
v 0.00000 0.87878 6.51910
v 0.00000 0.76122 6.51910
v 0.00000 0.72489 6.63090
v -0.87453 0.82000 6.64268
v -0.86551 0.91511 6.57417
v -0.85091 0.87878 6.46333
v -0.85091 0.76122 6.46333
v -0.86551 0.72489 6.57417
v -1.73409 0.82000 6.47170
v -1.71620 0.91511 6.40496
v -1.68727 0.87878 6.29697
v -1.68727 0.76122 6.29697
v -1.71620 0.72489 6.40496
v -2.56398 0.82000 6.18999
v -2.53754 0.91511 6.12615
v -2.49475 0.87878 6.02286
v -2.49475 0.76122 6.02286
v -2.53754 0.72489 6.12615
v -3.35000 0.82000 5.80237
v -3.31545 0.91511 5.74253
v -3.25955 0.87878 5.64570
v -3.25955 0.76122 5.64570
v -3.31545 0.72489 5.74253
v -4.07870 0.82000 5.31547
v -4.03664 0.91511 5.26065
v -3.96858 0.87878 5.17195
v -3.96858 0.76122 5.17195
v -4.03664 0.72489 5.26065
v -4.73762 0.82000 4.73762
v -4.68876 0.91511 4.68876
v -4.60970 0.87878 4.60970
v -4.60970 0.76122 4.60970
v -4.68876 0.72489 4.68876
v -5.31547 0.82000 4.07870
v -5.26065 0.91511 4.03664
v -5.17195 0.87878 3.96858
v -5.17195 0.76122 3.96858
v -5.26065 0.72489 4.03664
v -5.80237 0.82000 3.35000
v -5.74253 0.91511 3.31545
v -5.64570 0.87878 3.25955
v -5.64570 0.76122 3.25955
v -5.74253 0.72489 3.31545
v -6.18999 0.82000 2.56398
v -6.12615 0.91511 2.53754
v -6.02286 0.87878 2.49475
v -6.02286 0.76122 2.49475
v -6.12615 0.72489 2.53754
v -6.47170 0.82000 1.73409
v -6.40496 0.91511 1.71620
v -6.29697 0.87878 1.68727
v -6.29697 0.76122 1.68727
v -6.40496 0.72489 1.71620
v -6.64268 0.82000 0.87453
v -6.57417 0.91511 0.86551
v -6.46333 0.87878 0.85091
v -6.46333 0.76122 0.85091
v -6.57417 0.72489 0.86551
v -6.70000 0.82000 0.00000
v -6.63090 0.91511 0.00000
v -6.51910 0.87878 0.00000
v -6.51910 0.76122 0.00000
v -6.63090 0.72489 0.00000
v -6.64268 0.82000 -0.87453
v -6.57417 0.91511 -0.86551
v -6.46333 0.87878 -0.85091
v -6.46333 0.76122 -0.85091
v -6.57417 0.72489 -0.86551
v -6.47170 0.82000 -1.73409
v -6.40496 0.91511 -1.71620
v -6.29697 0.87878 -1.68727
v -6.29697 0.76122 -1.68727
v -6.40496 0.72489 -1.71620
v -6.18999 0.82000 -2.56398
v -6.12615 0.91511 -2.53754
v -6.02286 0.87878 -2.49475
v -6.02286 0.76122 -2.49475
v -6.12615 0.72489 -2.53754
v -5.80237 0.82000 -3.35000
v -5.74253 0.91511 -3.31545
v -5.64570 0.87878 -3.25955
v -5.64570 0.76122 -3.25955
v -5.74253 0.72489 -3.31545
v -5.31547 0.82000 -4.07870
v -5.26065 0.91511 -4.03664
v -5.17195 0.87878 -3.96858
v -5.17195 0.76122 -3.96858
v -5.26065 0.72489 -4.03664
v -4.73762 0.82000 -4.73762
v -4.68876 0.91511 -4.68876
v -4.60970 0.87878 -4.60970
v -4.60970 0.76122 -4.60970
v -4.68876 0.72489 -4.68876
v -4.07870 0.82000 -5.31547
v -4.03664 0.91511 -5.26065
v -3.96858 0.87878 -5.17195
v -3.96858 0.76122 -5.17195
v -4.03664 0.72489 -5.26065
v -3.35000 0.82000 -5.80237
v -3.31545 0.91511 -5.74253
v -3.25955 0.87878 -5.64570
v -3.25955 0.76122 -5.64570
v -3.31545 0.72489 -5.74253
v -2.56398 0.82000 -6.18999
v -2.53754 0.91511 -6.12615
v -2.49475 0.87878 -6.02286
v -2.49475 0.76122 -6.02286
v -2.53754 0.72489 -6.12615
v -1.73409 0.82000 -6.47170
v -1.71620 0.91511 -6.40496
v -1.68727 0.87878 -6.29697
v -1.68727 0.76122 -6.29697
v -1.71620 0.72489 -6.40496
v -0.87453 0.82000 -6.64268
v -0.86551 0.91511 -6.57417
v -0.85091 0.87878 -6.46333
v -0.85091 0.76122 -6.46333
v -0.86551 0.72489 -6.57417
v -0.00000 0.82000 -6.70000
v -0.00000 0.91511 -6.63090
v -0.00000 0.87878 -6.51910
v -0.00000 0.76122 -6.51910
v -0.00000 0.72489 -6.63090
v 0.87453 0.82000 -6.64268
v 0.86551 0.91511 -6.57417
v 0.85091 0.87878 -6.46333
v 0.85091 0.76122 -6.46333
v 0.86551 0.72489 -6.57417
v 1.73409 0.82000 -6.47170
v 1.71620 0.91511 -6.40496
v 1.68727 0.87878 -6.29697
v 1.68727 0.76122 -6.29697
v 1.71620 0.72489 -6.40496
v 2.56398 0.82000 -6.18999
v 2.53754 0.91511 -6.12615
v 2.49475 0.87878 -6.02286
v 2.49475 0.76122 -6.02286
v 2.53754 0.72489 -6.12615
v 3.35000 0.82000 -5.80237
v 3.31545 0.91511 -5.74253
v 3.25955 0.87878 -5.64570
v 3.25955 0.76122 -5.64570
v 3.31545 0.72489 -5.74253
v 4.07870 0.82000 -5.31547
v 4.03664 0.91511 -5.26065
v 3.96858 0.87878 -5.17195
v 3.96858 0.76122 -5.17195
v 4.03664 0.72489 -5.26065
v 4.73762 0.82000 -4.73762
v 4.68876 0.91511 -4.68876
v 4.60970 0.87878 -4.60970
v 4.60970 0.76122 -4.60970
v 4.68876 0.72489 -4.68876
v 5.31547 0.82000 -4.07870
v 5.26065 0.91511 -4.03664
v 5.17195 0.87878 -3.96858
v 5.17195 0.76122 -3.96858
v 5.26065 0.72489 -4.03664
v 5.80237 0.82000 -3.35000
v 5.74253 0.91511 -3.31545
v 5.64570 0.87878 -3.25955
v 5.64570 0.76122 -3.25955
v 5.74253 0.72489 -3.31545
v 6.18999 0.82000 -2.56398
v 6.12615 0.91511 -2.53754
v 6.02286 0.87878 -2.49475
v 6.02286 0.76122 -2.49475
v 6.12615 0.72489 -2.53754
v 6.47170 0.82000 -1.73409
v 6.40496 0.91511 -1.71620
v 6.29697 0.87878 -1.68727
v 6.29697 0.76122 -1.68727
v 6.40496 0.72489 -1.71620
v 6.64268 0.82000 -0.87453
v 6.57417 0.91511 -0.86551
v 6.46333 0.87878 -0.85091
v 6.46333 0.76122 -0.85091
v 6.57417 0.72489 -0.86551
v 3.50000 0.82000 0.00000
v 3.43090 0.91511 0.00000
v 3.31910 0.87878 0.00000
v 3.31910 0.76122 0.00000
v 3.43090 0.72489 0.00000
v 3.45691 0.82000 0.54752
v 3.38866 0.91511 0.53671
v 3.27823 0.87878 0.51922
v 3.27823 0.76122 0.51922
v 3.38866 0.72489 0.53671
v 3.32870 0.82000 1.08156
v 3.26298 0.91511 1.06021
v 3.15665 0.87878 1.02566
v 3.15665 0.76122 1.02566
v 3.26298 0.72489 1.06021
v 3.11852 0.82000 1.58897
v 3.05696 0.91511 1.55760
v 2.95734 0.87878 1.50684
v 2.95734 0.76122 1.50684
v 3.05696 0.72489 1.55760
v 2.83156 0.82000 2.05725
v 2.77566 0.91511 2.01663
v 2.68521 0.87878 1.95092
v 2.68521 0.76122 1.95092
v 2.77566 0.72489 2.01663
v 2.47487 0.82000 2.47487
v 2.42601 0.91511 2.42601
v 2.34696 0.87878 2.34696
v 2.34696 0.76122 2.34696
v 2.42601 0.72489 2.42601
v 2.05725 0.82000 2.83156
v 2.01663 0.91511 2.77566
v 1.95092 0.87878 2.68521
v 1.95092 0.76122 2.68521
v 2.01663 0.72489 2.77566
v 1.58897 0.82000 3.11852
v 1.55760 0.91511 3.05696
v 1.50684 0.87878 2.95734
v 1.50684 0.76122 2.95734
v 1.55760 0.72489 3.05696
v 1.08156 0.82000 3.32870
v 1.06021 0.91511 3.26298
v 1.02566 0.87878 3.15665
v 1.02566 0.76122 3.15665
v 1.06021 0.72489 3.26298
v 0.54752 0.82000 3.45691
v 0.53671 0.91511 3.38866
v 0.51922 0.87878 3.27823
v 0.51922 0.76122 3.27823
v 0.53671 0.72489 3.38866
v 0.00000 0.82000 3.50000
v 0.00000 0.91511 3.43090
v 0.00000 0.87878 3.31910
v 0.00000 0.76122 3.31910
v 0.00000 0.72489 3.43090
v -0.54752 0.82000 3.45691
v -0.53671 0.91511 3.38866
v -0.51922 0.87878 3.27823
v -0.51922 0.76122 3.27823
v -0.53671 0.72489 3.38866
v -1.08156 0.82000 3.32870
v -1.06021 0.91511 3.26298
v -1.02566 0.87878 3.15665
v -1.02566 0.76122 3.15665
v -1.06021 0.72489 3.26298
v -1.58897 0.82000 3.11852
v -1.55760 0.91511 3.05696
v -1.50684 0.87878 2.95734
v -1.50684 0.76122 2.95734
v -1.55760 0.72489 3.05696
v -2.05725 0.82000 2.83156
v -2.01663 0.91511 2.77566
v -1.95092 0.87878 2.68521
v -1.95092 0.76122 2.68521
v -2.01663 0.72489 2.77566
v -2.47487 0.82000 2.47487
v -2.42601 0.91511 2.42601
v -2.34696 0.87878 2.34696
v -2.34696 0.76122 2.34696
v -2.42601 0.72489 2.42601
v -2.83156 0.82000 2.05725
v -2.77566 0.91511 2.01663
v -2.68521 0.87878 1.95092
v -2.68521 0.76122 1.95092
v -2.77566 0.72489 2.01663
v -3.11852 0.82000 1.58897
v -3.05696 0.91511 1.55760
v -2.95734 0.87878 1.50684
v -2.95734 0.76122 1.50684
v -3.05696 0.72489 1.55760
v -3.32870 0.82000 1.08156
v -3.26298 0.91511 1.06021
v -3.15665 0.87878 1.02566
v -3.15665 0.76122 1.02566
v -3.26298 0.72489 1.06021
v -3.45691 0.82000 0.54752
v -3.38866 0.91511 0.53671
v -3.27823 0.87878 0.51922
v -3.27823 0.76122 0.51922
v -3.38866 0.72489 0.53671
v -3.50000 0.82000 0.00000
v -3.43090 0.91511 0.00000
v -3.31910 0.87878 0.00000
v -3.31910 0.76122 0.00000
v -3.43090 0.72489 0.00000
v -3.45691 0.82000 -0.54752
v -3.38866 0.91511 -0.53671
v -3.27823 0.87878 -0.51922
v -3.27823 0.76122 -0.51922
v -3.38866 0.72489 -0.53671
v -3.32870 0.82000 -1.08156
v -3.26298 0.91511 -1.06021
v -3.15665 0.87878 -1.02566
v -3.15665 0.76122 -1.02566
v -3.26298 0.72489 -1.06021
v -3.11852 0.82000 -1.58897
v -3.05696 0.91511 -1.55760
v -2.95734 0.87878 -1.50684
v -2.95734 0.76122 -1.50684
v -3.05696 0.72489 -1.55760
v -2.83156 0.82000 -2.05725
v -2.77566 0.91511 -2.01663
v -2.68521 0.87878 -1.95092
v -2.68521 0.76122 -1.95092
v -2.77566 0.72489 -2.01663
v -2.47487 0.82000 -2.47487
v -2.42601 0.91511 -2.42601
v -2.34696 0.87878 -2.34696
v -2.34696 0.76122 -2.34696
v -2.42601 0.72489 -2.42601
v -2.05725 0.82000 -2.83156
v -2.01663 0.91511 -2.77566
v -1.95092 0.87878 -2.68521
v -1.95092 0.76122 -2.68521
v -2.01663 0.72489 -2.77566
v -1.58897 0.82000 -3.11852
v -1.55760 0.91511 -3.05696
v -1.50684 0.87878 -2.95734
v -1.50684 0.76122 -2.95734
v -1.55760 0.72489 -3.05696
v -1.08156 0.82000 -3.32870
v -1.06021 0.91511 -3.26298
v -1.02566 0.87878 -3.15665
v -1.02566 0.76122 -3.15665
v -1.06021 0.72489 -3.26298
v -0.54752 0.82000 -3.45691
v -0.53671 0.91511 -3.38866
v -0.51922 0.87878 -3.27823
v -0.51922 0.76122 -3.27823
v -0.53671 0.72489 -3.38866
v -0.00000 0.82000 -3.50000
v -0.00000 0.91511 -3.43090
v -0.00000 0.87878 -3.31910
v -0.00000 0.76122 -3.31910
v -0.00000 0.72489 -3.43090
v 0.54752 0.82000 -3.45691
v 0.53671 0.91511 -3.38866
v 0.51922 0.87878 -3.27823
v 0.51922 0.76122 -3.27823
v 0.53671 0.72489 -3.38866
v 1.08156 0.82000 -3.32870
v 1.06021 0.91511 -3.26298
v 1.02566 0.87878 -3.15665
v 1.02566 0.76122 -3.15665
v 1.06021 0.72489 -3.26298
v 1.58897 0.82000 -3.11852
v 1.55760 0.91511 -3.05696
v 1.50684 0.87878 -2.95734
v 1.50684 0.76122 -2.95734
v 1.55760 0.72489 -3.05696
v 2.05725 0.82000 -2.83156
v 2.01663 0.91511 -2.77566
v 1.95092 0.87878 -2.68521
v 1.95092 0.76122 -2.68521
v 2.01663 0.72489 -2.77566
v 2.47487 0.82000 -2.47487
v 2.42601 0.91511 -2.42601
v 2.34696 0.87878 -2.34696
v 2.34696 0.76122 -2.34696
v 2.42601 0.72489 -2.42601
v 2.83156 0.82000 -2.05725
v 2.77566 0.91511 -2.01663
v 2.68521 0.87878 -1.95092
v 2.68521 0.76122 -1.95092
v 2.77566 0.72489 -2.01663
v 3.11852 0.82000 -1.58897
v 3.05696 0.91511 -1.55760
v 2.95734 0.87878 -1.50684
v 2.95734 0.76122 -1.50684
v 3.05696 0.72489 -1.55760
v 3.32870 0.82000 -1.08156
v 3.26298 0.91511 -1.06021
v 3.15665 0.87878 -1.02566
v 3.15665 0.76122 -1.02566
v 3.26298 0.72489 -1.06021
v 3.45691 0.82000 -0.54752
v 3.38866 0.91511 -0.53671
v 3.27823 0.87878 -0.51922
v 3.27823 0.76122 -0.51922
v 3.38866 0.72489 -0.53671
v 1.00000 0.80000 0.00000
v 1.00000 0.90000 0.00000
v 0.96593 0.80000 0.25882
v 0.96593 0.90000 0.25882
v 0.86603 0.80000 0.50000
v 0.86603 0.90000 0.50000
v 0.70711 0.80000 0.70711
v 0.70711 0.90000 0.70711
v 0.50000 0.80000 0.86603
v 0.50000 0.90000 0.86603
v 0.25882 0.80000 0.96593
v 0.25882 0.90000 0.96593
v 0.00000 0.80000 1.00000
v 0.00000 0.90000 1.00000
v -0.25882 0.80000 0.96593
v -0.25882 0.90000 0.96593
v -0.50000 0.80000 0.86603
v -0.50000 0.90000 0.86603
v -0.70711 0.80000 0.70711
v -0.70711 0.90000 0.70711
v -0.86603 0.80000 0.50000
v -0.86603 0.90000 0.50000
v -0.96593 0.80000 0.25882
v -0.96593 0.90000 0.25882
v -1.00000 0.80000 0.00000
v -1.00000 0.90000 0.00000
v -0.96593 0.80000 -0.25882
v -0.96593 0.90000 -0.25882
v -0.86603 0.80000 -0.50000
v -0.86603 0.90000 -0.50000
v -0.70711 0.80000 -0.70711
v -0.70711 0.90000 -0.70711
v -0.50000 0.80000 -0.86603
v -0.50000 0.90000 -0.86603
v -0.25882 0.80000 -0.96593
v -0.25882 0.90000 -0.96593
v -0.00000 0.80000 -1.00000
v -0.00000 0.90000 -1.00000
v 0.25882 0.80000 -0.96593
v 0.25882 0.90000 -0.96593
v 0.50000 0.80000 -0.86603
v 0.50000 0.90000 -0.86603
v 0.70711 0.80000 -0.70711
v 0.70711 0.90000 -0.70711
v 0.86603 0.80000 -0.50000
v 0.86603 0.90000 -0.50000
v 0.96593 0.80000 -0.25882
v 0.96593 0.90000 -0.25882
v 0.00000 0.80000 0.00000
v 0.00000 0.90000 0.00000
v 0.55000 0.90000 0.00000
v 0.55000 0.98000 0.00000
v 0.52308 0.90000 0.16996
v 0.52308 0.98000 0.16996
v 0.44496 0.90000 0.32328
v 0.44496 0.98000 0.32328
v 0.32328 0.90000 0.44496
v 0.32328 0.98000 0.44496
v 0.16996 0.90000 0.52308
v 0.16996 0.98000 0.52308
v 0.00000 0.90000 0.55000
v 0.00000 0.98000 0.55000
v -0.16996 0.90000 0.52308
v -0.16996 0.98000 0.52308
v -0.32328 0.90000 0.44496
v -0.32328 0.98000 0.44496
v -0.44496 0.90000 0.32328
v -0.44496 0.98000 0.32328
v -0.52308 0.90000 0.16996
v -0.52308 0.98000 0.16996
v -0.55000 0.90000 0.00000
v -0.55000 0.98000 0.00000
v -0.52308 0.90000 -0.16996
v -0.52308 0.98000 -0.16996
v -0.44496 0.90000 -0.32328
v -0.44496 0.98000 -0.32328
v -0.32328 0.90000 -0.44496
v -0.32328 0.98000 -0.44496
v -0.16996 0.90000 -0.52308
v -0.16996 0.98000 -0.52308
v -0.00000 0.90000 -0.55000
v -0.00000 0.98000 -0.55000
v 0.16996 0.90000 -0.52308
v 0.16996 0.98000 -0.52308
v 0.32328 0.90000 -0.44496
v 0.32328 0.98000 -0.44496
v 0.44496 0.90000 -0.32328
v 0.44496 0.98000 -0.32328
v 0.52308 0.90000 -0.16996
v 0.52308 0.98000 -0.16996
v 0.00000 0.90000 0.00000
v 0.00000 0.98000 0.00000
v 10.11000 0.80000 0.00000
v 10.11000 1.55000 0.00000
v 10.06314 0.80000 0.11314
v 10.06314 1.55000 0.11314
v 9.95000 0.80000 0.16000
v 9.95000 1.55000 0.16000
v 9.83686 0.80000 0.11314
v 9.83686 1.55000 0.11314
v 9.79000 0.80000 0.00000
v 9.79000 1.55000 0.00000
v 9.83686 0.80000 -0.11314
v 9.83686 1.55000 -0.11314
v 9.95000 0.80000 -0.16000
v 9.95000 1.55000 -0.16000
v 10.06314 0.80000 -0.11314
v 10.06314 1.55000 -0.11314
v 9.95000 0.80000 0.00000
v 9.95000 1.55000 0.00000
v 9.77096 0.80000 2.57525
v 9.77096 1.55000 2.57525
v 9.72410 0.80000 2.68839
v 9.72410 1.55000 2.68839
v 9.61096 0.80000 2.73525
v 9.61096 1.55000 2.73525
v 9.49782 0.80000 2.68839
v 9.49782 1.55000 2.68839
v 9.45096 0.80000 2.57525
v 9.45096 1.55000 2.57525
v 9.49782 0.80000 2.46211
v 9.49782 1.55000 2.46211
v 9.61096 0.80000 2.41525
v 9.61096 1.55000 2.41525
v 9.72410 0.80000 2.46211
v 9.72410 1.55000 2.46211
v 9.61096 0.80000 2.57525
v 9.61096 1.55000 2.57525
v 8.77695 0.80000 4.97500
v 8.77695 1.55000 4.97500
v 8.73009 0.80000 5.08814
v 8.73009 1.55000 5.08814
v 8.61695 0.80000 5.13500
v 8.61695 1.55000 5.13500
v 8.50382 0.80000 5.08814
v 8.50382 1.55000 5.08814
v 8.45695 0.80000 4.97500
v 8.45695 1.55000 4.97500
v 8.50382 0.80000 4.86186
v 8.50382 1.55000 4.86186
v 8.61695 0.80000 4.81500
v 8.61695 1.55000 4.81500
v 8.73009 0.80000 4.86186
v 8.73009 1.55000 4.86186
v 8.61695 0.80000 4.97500
v 8.61695 1.55000 4.97500
v 7.19571 0.80000 7.03571
v 7.19571 1.55000 7.03571
v 7.14885 0.80000 7.14885
v 7.14885 1.55000 7.14885
v 7.03571 0.80000 7.19571
v 7.03571 1.55000 7.19571
v 6.92258 0.80000 7.14885
v 6.92258 1.55000 7.14885
v 6.87571 0.80000 7.03571
v 6.87571 1.55000 7.03571
v 6.92258 0.80000 6.92258
v 6.92258 1.55000 6.92258
v 7.03571 0.80000 6.87571
v 7.03571 1.55000 6.87571
v 7.14885 0.80000 6.92258
v 7.14885 1.55000 6.92258
v 7.03571 0.80000 7.03571
v 7.03571 1.55000 7.03571
v 5.13500 0.80000 8.61695
v 5.13500 1.55000 8.61695
v 5.08814 0.80000 8.73009
v 5.08814 1.55000 8.73009
v 4.97500 0.80000 8.77695
v 4.97500 1.55000 8.77695
v 4.86186 0.80000 8.73009
v 4.86186 1.55000 8.73009
v 4.81500 0.80000 8.61695
v 4.81500 1.55000 8.61695
v 4.86186 0.80000 8.50382
v 4.86186 1.55000 8.50382
v 4.97500 0.80000 8.45695
v 4.97500 1.55000 8.45695
v 5.08814 0.80000 8.50382
v 5.08814 1.55000 8.50382
v 4.97500 0.80000 8.61695
v 4.97500 1.55000 8.61695
v 2.73525 0.80000 9.61096
v 2.73525 1.55000 9.61096
v 2.68839 0.80000 9.72410
v 2.68839 1.55000 9.72410
v 2.57525 0.80000 9.77096
v 2.57525 1.55000 9.77096
v 2.46211 0.80000 9.72410
v 2.46211 1.55000 9.72410
v 2.41525 0.80000 9.61096
v 2.41525 1.55000 9.61096
v 2.46211 0.80000 9.49782
v 2.46211 1.55000 9.49782
v 2.57525 0.80000 9.45096
v 2.57525 1.55000 9.45096
v 2.68839 0.80000 9.49782
v 2.68839 1.55000 9.49782
v 2.57525 0.80000 9.61096
v 2.57525 1.55000 9.61096
v 0.16000 0.80000 9.95000
v 0.16000 1.55000 9.95000
v 0.11314 0.80000 10.06314
v 0.11314 1.55000 10.06314
v 0.00000 0.80000 10.11000
v 0.00000 1.55000 10.11000
v -0.11314 0.80000 10.06314
v -0.11314 1.55000 10.06314
v -0.16000 0.80000 9.95000
v -0.16000 1.55000 9.95000
v -0.11314 0.80000 9.83686
v -0.11314 1.55000 9.83686
v 0.00000 0.80000 9.79000
v 0.00000 1.55000 9.79000
v 0.11314 0.80000 9.83686
v 0.11314 1.55000 9.83686
v 0.00000 0.80000 9.95000
v 0.00000 1.55000 9.95000
v -2.41525 0.80000 9.61096
v -2.41525 1.55000 9.61096
v -2.46211 0.80000 9.72410
v -2.46211 1.55000 9.72410
v -2.57525 0.80000 9.77096
v -2.57525 1.55000 9.77096
v -2.68839 0.80000 9.72410
v -2.68839 1.55000 9.72410
v -2.73525 0.80000 9.61096
v -2.73525 1.55000 9.61096
v -2.68839 0.80000 9.49782
v -2.68839 1.55000 9.49782
v -2.57525 0.80000 9.45096
v -2.57525 1.55000 9.45096
v -2.46211 0.80000 9.49782
v -2.46211 1.55000 9.49782
v -2.57525 0.80000 9.61096
v -2.57525 1.55000 9.61096
v -4.81500 0.80000 8.61695
v -4.81500 1.55000 8.61695
v -4.86186 0.80000 8.73009
v -4.86186 1.55000 8.73009
v -4.97500 0.80000 8.77695
v -4.97500 1.55000 8.77695
v -5.08814 0.80000 8.73009
v -5.08814 1.55000 8.73009
v -5.13500 0.80000 8.61695
v -5.13500 1.55000 8.61695
v -5.08814 0.80000 8.50382
v -5.08814 1.55000 8.50382
v -4.97500 0.80000 8.45695
v -4.97500 1.55000 8.45695
v -4.86186 0.80000 8.50382
v -4.86186 1.55000 8.50382
v -4.97500 0.80000 8.61695
v -4.97500 1.55000 8.61695
v -6.87571 0.80000 7.03571
v -6.87571 1.55000 7.03571
v -6.92258 0.80000 7.14885
v -6.92258 1.55000 7.14885
v -7.03571 0.80000 7.19571
v -7.03571 1.55000 7.19571
v -7.14885 0.80000 7.14885
v -7.14885 1.55000 7.14885
v -7.19571 0.80000 7.03571
v -7.19571 1.55000 7.03571
v -7.14885 0.80000 6.92258
v -7.14885 1.55000 6.92258
v -7.03571 0.80000 6.87571
v -7.03571 1.55000 6.87571
v -6.92258 0.80000 6.92258
v -6.92258 1.55000 6.92258
v -7.03571 0.80000 7.03571
v -7.03571 1.55000 7.03571
v -8.45695 0.80000 4.97500
v -8.45695 1.55000 4.97500
v -8.50382 0.80000 5.08814
v -8.50382 1.55000 5.08814
v -8.61695 0.80000 5.13500
v -8.61695 1.55000 5.13500
v -8.73009 0.80000 5.08814
v -8.73009 1.55000 5.08814
v -8.77695 0.80000 4.97500
v -8.77695 1.55000 4.97500
v -8.73009 0.80000 4.86186
v -8.73009 1.55000 4.86186
v -8.61695 0.80000 4.81500
v -8.61695 1.55000 4.81500
v -8.50382 0.80000 4.86186
v -8.50382 1.55000 4.86186
v -8.61695 0.80000 4.97500
v -8.61695 1.55000 4.97500
v -9.45096 0.80000 2.57525
v -9.45096 1.55000 2.57525
v -9.49782 0.80000 2.68839
v -9.49782 1.55000 2.68839
v -9.61096 0.80000 2.73525
v -9.61096 1.55000 2.73525
v -9.72410 0.80000 2.68839
v -9.72410 1.55000 2.68839
v -9.77096 0.80000 2.57525
v -9.77096 1.55000 2.57525
v -9.72410 0.80000 2.46211
v -9.72410 1.55000 2.46211
v -9.61096 0.80000 2.41525
v -9.61096 1.55000 2.41525
v -9.49782 0.80000 2.46211
v -9.49782 1.55000 2.46211
v -9.61096 0.80000 2.57525
v -9.61096 1.55000 2.57525
v -9.79000 0.80000 0.00000
v -9.79000 1.55000 0.00000
v -9.83686 0.80000 0.11314
v -9.83686 1.55000 0.11314
v -9.95000 0.80000 0.16000
v -9.95000 1.55000 0.16000
v -10.06314 0.80000 0.11314
v -10.06314 1.55000 0.11314
v -10.11000 0.80000 0.00000
v -10.11000 1.55000 0.00000
v -10.06314 0.80000 -0.11314
v -10.06314 1.55000 -0.11314
v -9.95000 0.80000 -0.16000
v -9.95000 1.55000 -0.16000
v -9.83686 0.80000 -0.11314
v -9.83686 1.55000 -0.11314
v -9.95000 0.80000 0.00000
v -9.95000 1.55000 0.00000
v -9.45096 0.80000 -2.57525
v -9.45096 1.55000 -2.57525
v -9.49782 0.80000 -2.46211
v -9.49782 1.55000 -2.46211
v -9.61096 0.80000 -2.41525
v -9.61096 1.55000 -2.41525
v -9.72410 0.80000 -2.46211
v -9.72410 1.55000 -2.46211
v -9.77096 0.80000 -2.57525
v -9.77096 1.55000 -2.57525
v -9.72410 0.80000 -2.68839
v -9.72410 1.55000 -2.68839
v -9.61096 0.80000 -2.73525
v -9.61096 1.55000 -2.73525
v -9.49782 0.80000 -2.68839
v -9.49782 1.55000 -2.68839
v -9.61096 0.80000 -2.57525
v -9.61096 1.55000 -2.57525
v -8.45695 0.80000 -4.97500
v -8.45695 1.55000 -4.97500
v -8.50382 0.80000 -4.86186
v -8.50382 1.55000 -4.86186
v -8.61695 0.80000 -4.81500
v -8.61695 1.55000 -4.81500
v -8.73009 0.80000 -4.86186
v -8.73009 1.55000 -4.86186
v -8.77695 0.80000 -4.97500
v -8.77695 1.55000 -4.97500
v -8.73009 0.80000 -5.08814
v -8.73009 1.55000 -5.08814
v -8.61695 0.80000 -5.13500
v -8.61695 1.55000 -5.13500
v -8.50382 0.80000 -5.08814
v -8.50382 1.55000 -5.08814
v -8.61695 0.80000 -4.97500
v -8.61695 1.55000 -4.97500
v -6.87571 0.80000 -7.03571
v -6.87571 1.55000 -7.03571
v -6.92258 0.80000 -6.92258
v -6.92258 1.55000 -6.92258
v -7.03571 0.80000 -6.87571
v -7.03571 1.55000 -6.87571
v -7.14885 0.80000 -6.92258
v -7.14885 1.55000 -6.92258
v -7.19571 0.80000 -7.03571
v -7.19571 1.55000 -7.03571
v -7.14885 0.80000 -7.14885
v -7.14885 1.55000 -7.14885
v -7.03571 0.80000 -7.19571
v -7.03571 1.55000 -7.19571
v -6.92258 0.80000 -7.14885
v -6.92258 1.55000 -7.14885
v -7.03571 0.80000 -7.03571
v -7.03571 1.55000 -7.03571
v -4.81500 0.80000 -8.61695
v -4.81500 1.55000 -8.61695
v -4.86186 0.80000 -8.50382
v -4.86186 1.55000 -8.50382
v -4.97500 0.80000 -8.45695
v -4.97500 1.55000 -8.45695
v -5.08814 0.80000 -8.50382
v -5.08814 1.55000 -8.50382
v -5.13500 0.80000 -8.61695
v -5.13500 1.55000 -8.61695
v -5.08814 0.80000 -8.73009
v -5.08814 1.55000 -8.73009
v -4.97500 0.80000 -8.77695
v -4.97500 1.55000 -8.77695
v -4.86186 0.80000 -8.73009
v -4.86186 1.55000 -8.73009
v -4.97500 0.80000 -8.61695
v -4.97500 1.55000 -8.61695
v -2.41525 0.80000 -9.61096
v -2.41525 1.55000 -9.61096
v -2.46211 0.80000 -9.49782
v -2.46211 1.55000 -9.49782
v -2.57525 0.80000 -9.45096
v -2.57525 1.55000 -9.45096
v -2.68839 0.80000 -9.49782
v -2.68839 1.55000 -9.49782
v -2.73525 0.80000 -9.61096
v -2.73525 1.55000 -9.61096
v -2.68839 0.80000 -9.72410
v -2.68839 1.55000 -9.72410
v -2.57525 0.80000 -9.77096
v -2.57525 1.55000 -9.77096
v -2.46211 0.80000 -9.72410
v -2.46211 1.55000 -9.72410
v -2.57525 0.80000 -9.61096
v -2.57525 1.55000 -9.61096
v 0.16000 0.80000 -9.95000
v 0.16000 1.55000 -9.95000
v 0.11314 0.80000 -9.83686
v 0.11314 1.55000 -9.83686
v -0.00000 0.80000 -9.79000
v -0.00000 1.55000 -9.79000
v -0.11314 0.80000 -9.83686
v -0.11314 1.55000 -9.83686
v -0.16000 0.80000 -9.95000
v -0.16000 1.55000 -9.95000
v -0.11314 0.80000 -10.06314
v -0.11314 1.55000 -10.06314
v -0.00000 0.80000 -10.11000
v -0.00000 1.55000 -10.11000
v 0.11314 0.80000 -10.06314
v 0.11314 1.55000 -10.06314
v -0.00000 0.80000 -9.95000
v -0.00000 1.55000 -9.95000
v 2.73525 0.80000 -9.61096
v 2.73525 1.55000 -9.61096
v 2.68839 0.80000 -9.49782
v 2.68839 1.55000 -9.49782
v 2.57525 0.80000 -9.45096
v 2.57525 1.55000 -9.45096
v 2.46211 0.80000 -9.49782
v 2.46211 1.55000 -9.49782
v 2.41525 0.80000 -9.61096
v 2.41525 1.55000 -9.61096
v 2.46211 0.80000 -9.72410
v 2.46211 1.55000 -9.72410
v 2.57525 0.80000 -9.77096
v 2.57525 1.55000 -9.77096
v 2.68839 0.80000 -9.72410
v 2.68839 1.55000 -9.72410
v 2.57525 0.80000 -9.61096
v 2.57525 1.55000 -9.61096
v 5.13500 0.80000 -8.61695
v 5.13500 1.55000 -8.61695
v 5.08814 0.80000 -8.50382
v 5.08814 1.55000 -8.50382
v 4.97500 0.80000 -8.45695
v 4.97500 1.55000 -8.45695
v 4.86186 0.80000 -8.50382
v 4.86186 1.55000 -8.50382
v 4.81500 0.80000 -8.61695
v 4.81500 1.55000 -8.61695
v 4.86186 0.80000 -8.73009
v 4.86186 1.55000 -8.73009
v 4.97500 0.80000 -8.77695
v 4.97500 1.55000 -8.77695
v 5.08814 0.80000 -8.73009
v 5.08814 1.55000 -8.73009
v 4.97500 0.80000 -8.61695
v 4.97500 1.55000 -8.61695
v 7.19571 0.80000 -7.03571
v 7.19571 1.55000 -7.03571
v 7.14885 0.80000 -6.92258
v 7.14885 1.55000 -6.92258
v 7.03571 0.80000 -6.87571
v 7.03571 1.55000 -6.87571
v 6.92258 0.80000 -6.92258
v 6.92258 1.55000 -6.92258
v 6.87571 0.80000 -7.03571
v 6.87571 1.55000 -7.03571
v 6.92258 0.80000 -7.14885
v 6.92258 1.55000 -7.14885
v 7.03571 0.80000 -7.19571
v 7.03571 1.55000 -7.19571
v 7.14885 0.80000 -7.14885
v 7.14885 1.55000 -7.14885
v 7.03571 0.80000 -7.03571
v 7.03571 1.55000 -7.03571
v 8.77695 0.80000 -4.97500
v 8.77695 1.55000 -4.97500
v 8.73009 0.80000 -4.86186
v 8.73009 1.55000 -4.86186
v 8.61695 0.80000 -4.81500
v 8.61695 1.55000 -4.81500
v 8.50382 0.80000 -4.86186
v 8.50382 1.55000 -4.86186
v 8.45695 0.80000 -4.97500
v 8.45695 1.55000 -4.97500
v 8.50382 0.80000 -5.08814
v 8.50382 1.55000 -5.08814
v 8.61695 0.80000 -5.13500
v 8.61695 1.55000 -5.13500
v 8.73009 0.80000 -5.08814
v 8.73009 1.55000 -5.08814
v 8.61695 0.80000 -4.97500
v 8.61695 1.55000 -4.97500
v 9.77096 0.80000 -2.57525
v 9.77096 1.55000 -2.57525
v 9.72410 0.80000 -2.46211
v 9.72410 1.55000 -2.46211
v 9.61096 0.80000 -2.41525
v 9.61096 1.55000 -2.41525
v 9.49782 0.80000 -2.46211
v 9.49782 1.55000 -2.46211
v 9.45096 0.80000 -2.57525
v 9.45096 1.55000 -2.57525
v 9.49782 0.80000 -2.68839
v 9.49782 1.55000 -2.68839
v 9.61096 0.80000 -2.73525
v 9.61096 1.55000 -2.73525
v 9.72410 0.80000 -2.68839
v 9.72410 1.55000 -2.68839
v 9.61096 0.80000 -2.57525
v 9.61096 1.55000 -2.57525
v 10.29000 1.32000 0.00000
v 10.19042 1.56042 0.00000
v 9.95000 1.66000 0.00000
v 9.70958 1.56042 0.00000
v 9.61000 1.32000 0.00000
v 9.70958 1.07958 0.00000
v 9.95000 0.98000 0.00000
v 10.19042 1.07958 0.00000
v 10.20197 1.32000 1.34311
v 10.10324 1.56042 1.33012
v 9.86488 1.66000 1.29874
v 9.62652 1.56042 1.26735
v 9.52779 1.32000 1.25436
v 9.62652 1.07958 1.26735
v 9.86488 0.98000 1.29874
v 10.10324 1.07958 1.33012
v 9.93938 1.32000 2.66325
v 9.84319 1.56042 2.63747
v 9.61096 1.66000 2.57525
v 9.37874 1.56042 2.51303
v 9.28255 1.32000 2.48725
v 9.37874 1.07958 2.51303
v 9.61096 0.98000 2.57525
v 9.84319 1.07958 2.63747
v 9.50672 1.32000 3.93781
v 9.41472 1.56042 3.89970
v 9.19260 1.66000 3.80770
v 8.97049 1.56042 3.71570
v 8.87848 1.32000 3.67759
v 8.97049 1.07958 3.71570
v 9.19260 0.98000 3.80770
v 9.41472 1.07958 3.89970
v 8.91140 1.32000 5.14500
v 8.82516 1.56042 5.09521
v 8.61695 1.66000 4.97500
v 8.40875 1.56042 4.85479
v 8.32250 1.32000 4.80500
v 8.40875 1.07958 4.85479
v 8.61695 0.98000 4.97500
v 8.82516 1.07958 5.09521
v 8.16361 1.32000 6.26416
v 8.08460 1.56042 6.20353
v 7.89387 1.66000 6.05718
v 7.70313 1.56042 5.91082
v 7.62413 1.32000 5.85020
v 7.70313 1.07958 5.91082
v 7.89387 0.98000 6.05718
v 8.08460 1.07958 6.20353
v 7.27613 1.32000 7.27613
v 7.20571 1.56042 7.20571
v 7.03571 1.66000 7.03571
v 6.86571 1.56042 6.86571
v 6.79530 1.32000 6.79530
v 6.86571 1.07958 6.86571
v 7.03571 0.98000 7.03571
v 7.20571 1.07958 7.20571
v 6.26416 1.32000 8.16361
v 6.20353 1.56042 8.08460
v 6.05718 1.66000 7.89387
v 5.91082 1.56042 7.70313
v 5.85020 1.32000 7.62413
v 5.91082 1.07958 7.70313
v 6.05718 0.98000 7.89387
v 6.20353 1.07958 8.08460
v 5.14500 1.32000 8.91140
v 5.09521 1.56042 8.82516
v 4.97500 1.66000 8.61695
v 4.85479 1.56042 8.40875
v 4.80500 1.32000 8.32250
v 4.85479 1.07958 8.40875
v 4.97500 0.98000 8.61695
v 5.09521 1.07958 8.82516
v 3.93781 1.32000 9.50672
v 3.89970 1.56042 9.41472
v 3.80770 1.66000 9.19260
v 3.71570 1.56042 8.97049
v 3.67759 1.32000 8.87848
v 3.71570 1.07958 8.97049
v 3.80770 0.98000 9.19260
v 3.89970 1.07958 9.41472
v 2.66325 1.32000 9.93938
v 2.63747 1.56042 9.84319
v 2.57525 1.66000 9.61096
v 2.51303 1.56042 9.37874
v 2.48725 1.32000 9.28255
v 2.51303 1.07958 9.37874
v 2.57525 0.98000 9.61096
v 2.63747 1.07958 9.84319
v 1.34311 1.32000 10.20197
v 1.33012 1.56042 10.10324
v 1.29874 1.66000 9.86488
v 1.26735 1.56042 9.62652
v 1.25436 1.32000 9.52779
v 1.26735 1.07958 9.62652
v 1.29874 0.98000 9.86488
v 1.33012 1.07958 10.10324
v 0.00000 1.32000 10.29000
v 0.00000 1.56042 10.19042
v 0.00000 1.66000 9.95000
v 0.00000 1.56042 9.70958
v 0.00000 1.32000 9.61000
v 0.00000 1.07958 9.70958
v 0.00000 0.98000 9.95000
v 0.00000 1.07958 10.19042
v -1.34311 1.32000 10.20197
v -1.33012 1.56042 10.10324
v -1.29874 1.66000 9.86488
v -1.26735 1.56042 9.62652
v -1.25436 1.32000 9.52779
v -1.26735 1.07958 9.62652
v -1.29874 0.98000 9.86488
v -1.33012 1.07958 10.10324
v -2.66325 1.32000 9.93938
v -2.63747 1.56042 9.84319
v -2.57525 1.66000 9.61096
v -2.51303 1.56042 9.37874
v -2.48725 1.32000 9.28255
v -2.51303 1.07958 9.37874
v -2.57525 0.98000 9.61096
v -2.63747 1.07958 9.84319
v -3.93781 1.32000 9.50672
v -3.89970 1.56042 9.41472
v -3.80770 1.66000 9.19260
v -3.71570 1.56042 8.97049
v -3.67759 1.32000 8.87848
v -3.71570 1.07958 8.97049
v -3.80770 0.98000 9.19260
v -3.89970 1.07958 9.41472
v -5.14500 1.32000 8.91140
v -5.09521 1.56042 8.82516
v -4.97500 1.66000 8.61695
v -4.85479 1.56042 8.40875
v -4.80500 1.32000 8.32250
v -4.85479 1.07958 8.40875
v -4.97500 0.98000 8.61695
v -5.09521 1.07958 8.82516
v -6.26416 1.32000 8.16361
v -6.20353 1.56042 8.08460
v -6.05718 1.66000 7.89387
v -5.91082 1.56042 7.70313
v -5.85020 1.32000 7.62413
v -5.91082 1.07958 7.70313
v -6.05718 0.98000 7.89387
v -6.20353 1.07958 8.08460
v -7.27613 1.32000 7.27613
v -7.20571 1.56042 7.20571
v -7.03571 1.66000 7.03571
v -6.86571 1.56042 6.86571
v -6.79530 1.32000 6.79530
v -6.86571 1.07958 6.86571
v -7.03571 0.98000 7.03571
v -7.20571 1.07958 7.20571
v -8.16361 1.32000 6.26416
v -8.08460 1.56042 6.20353
v -7.89387 1.66000 6.05718
v -7.70313 1.56042 5.91082
v -7.62413 1.32000 5.85020
v -7.70313 1.07958 5.91082
v -7.89387 0.98000 6.05718
v -8.08460 1.07958 6.20353
v -8.91140 1.32000 5.14500
v -8.82516 1.56042 5.09521
v -8.61695 1.66000 4.97500
v -8.40875 1.56042 4.85479
v -8.32250 1.32000 4.80500
v -8.40875 1.07958 4.85479
v -8.61695 0.98000 4.97500
v -8.82516 1.07958 5.09521
v -9.50672 1.32000 3.93781
v -9.41472 1.56042 3.89970
v -9.19260 1.66000 3.80770
v -8.97049 1.56042 3.71570
v -8.87848 1.32000 3.67759
v -8.97049 1.07958 3.71570
v -9.19260 0.98000 3.80770
v -9.41472 1.07958 3.89970
v -9.93938 1.32000 2.66325
v -9.84319 1.56042 2.63747
v -9.61096 1.66000 2.57525
v -9.37874 1.56042 2.51303
v -9.28255 1.32000 2.48725
v -9.37874 1.07958 2.51303
v -9.61096 0.98000 2.57525
v -9.84319 1.07958 2.63747
v -10.20197 1.32000 1.34311
v -10.10324 1.56042 1.33012
v -9.86488 1.66000 1.29874
v -9.62652 1.56042 1.26735
v -9.52779 1.32000 1.25436
v -9.62652 1.07958 1.26735
v -9.86488 0.98000 1.29874
v -10.10324 1.07958 1.33012
v -10.29000 1.32000 0.00000
v -10.19042 1.56042 0.00000
v -9.95000 1.66000 0.00000
v -9.70958 1.56042 0.00000
v -9.61000 1.32000 0.00000
v -9.70958 1.07958 0.00000
v -9.95000 0.98000 0.00000
v -10.19042 1.07958 0.00000
v -10.20197 1.32000 -1.34311
v -10.10324 1.56042 -1.33012
v -9.86488 1.66000 -1.29874
v -9.62652 1.56042 -1.26735
v -9.52779 1.32000 -1.25436
v -9.62652 1.07958 -1.26735
v -9.86488 0.98000 -1.29874
v -10.10324 1.07958 -1.33012
v -9.93938 1.32000 -2.66325
v -9.84319 1.56042 -2.63747
v -9.61096 1.66000 -2.57525
v -9.37874 1.56042 -2.51303
v -9.28255 1.32000 -2.48725
v -9.37874 1.07958 -2.51303
v -9.61096 0.98000 -2.57525
v -9.84319 1.07958 -2.63747
v -9.50672 1.32000 -3.93781
v -9.41472 1.56042 -3.89970
v -9.19260 1.66000 -3.80770
v -8.97049 1.56042 -3.71570
v -8.87848 1.32000 -3.67759
v -8.97049 1.07958 -3.71570
v -9.19260 0.98000 -3.80770
v -9.41472 1.07958 -3.89970
v -8.91140 1.32000 -5.14500
v -8.82516 1.56042 -5.09521
v -8.61695 1.66000 -4.97500
v -8.40875 1.56042 -4.85479
v -8.32250 1.32000 -4.80500
v -8.40875 1.07958 -4.85479
v -8.61695 0.98000 -4.97500
v -8.82516 1.07958 -5.09521
v -8.16361 1.32000 -6.26416
v -8.08460 1.56042 -6.20353
v -7.89387 1.66000 -6.05718
v -7.70313 1.56042 -5.91082
v -7.62413 1.32000 -5.85020
v -7.70313 1.07958 -5.91082
v -7.89387 0.98000 -6.05718
v -8.08460 1.07958 -6.20353
v -7.27613 1.32000 -7.27613
v -7.20571 1.56042 -7.20571
v -7.03571 1.66000 -7.03571
v -6.86571 1.56042 -6.86571
v -6.79530 1.32000 -6.79530
v -6.86571 1.07958 -6.86571
v -7.03571 0.98000 -7.03571
v -7.20571 1.07958 -7.20571
v -6.26416 1.32000 -8.16361
v -6.20353 1.56042 -8.08460
v -6.05718 1.66000 -7.89387
v -5.91082 1.56042 -7.70313
v -5.85020 1.32000 -7.62413
v -5.91082 1.07958 -7.70313
v -6.05718 0.98000 -7.89387
v -6.20353 1.07958 -8.08460
v -5.14500 1.32000 -8.91140
v -5.09521 1.56042 -8.82516
v -4.97500 1.66000 -8.61695
v -4.85479 1.56042 -8.40875
v -4.80500 1.32000 -8.32250
v -4.85479 1.07958 -8.40875
v -4.97500 0.98000 -8.61695
v -5.09521 1.07958 -8.82516
v -3.93781 1.32000 -9.50672
v -3.89970 1.56042 -9.41472
v -3.80770 1.66000 -9.19260
v -3.71570 1.56042 -8.97049
v -3.67759 1.32000 -8.87848
v -3.71570 1.07958 -8.97049
v -3.80770 0.98000 -9.19260
v -3.89970 1.07958 -9.41472
v -2.66325 1.32000 -9.93938
v -2.63747 1.56042 -9.84319
v -2.57525 1.66000 -9.61096
v -2.51303 1.56042 -9.37874
v -2.48725 1.32000 -9.28255
v -2.51303 1.07958 -9.37874
v -2.57525 0.98000 -9.61096
v -2.63747 1.07958 -9.84319
v -1.34311 1.32000 -10.20197
v -1.33012 1.56042 -10.10324
v -1.29874 1.66000 -9.86488
v -1.26735 1.56042 -9.62652
v -1.25436 1.32000 -9.52779
v -1.26735 1.07958 -9.62652
v -1.29874 0.98000 -9.86488
v -1.33012 1.07958 -10.10324
v -0.00000 1.32000 -10.29000
v -0.00000 1.56042 -10.19042
v -0.00000 1.66000 -9.95000
v -0.00000 1.56042 -9.70958
v -0.00000 1.32000 -9.61000
v -0.00000 1.07958 -9.70958
v -0.00000 0.98000 -9.95000
v -0.00000 1.07958 -10.19042
v 1.34311 1.32000 -10.20197
v 1.33012 1.56042 -10.10324
v 1.29874 1.66000 -9.86488
v 1.26735 1.56042 -9.62652
v 1.25436 1.32000 -9.52779
v 1.26735 1.07958 -9.62652
v 1.29874 0.98000 -9.86488
v 1.33012 1.07958 -10.10324
v 2.66325 1.32000 -9.93938
v 2.63747 1.56042 -9.84319
v 2.57525 1.66000 -9.61096
v 2.51303 1.56042 -9.37874
v 2.48725 1.32000 -9.28255
v 2.51303 1.07958 -9.37874
v 2.57525 0.98000 -9.61096
v 2.63747 1.07958 -9.84319
v 3.93781 1.32000 -9.50672
v 3.89970 1.56042 -9.41472
v 3.80770 1.66000 -9.19260
v 3.71570 1.56042 -8.97049
v 3.67759 1.32000 -8.87848
v 3.71570 1.07958 -8.97049
v 3.80770 0.98000 -9.19260
v 3.89970 1.07958 -9.41472
v 5.14500 1.32000 -8.91140
v 5.09521 1.56042 -8.82516
v 4.97500 1.66000 -8.61695
v 4.85479 1.56042 -8.40875
v 4.80500 1.32000 -8.32250
v 4.85479 1.07958 -8.40875
v 4.97500 0.98000 -8.61695
v 5.09521 1.07958 -8.82516
v 6.26416 1.32000 -8.16361
v 6.20353 1.56042 -8.08460
v 6.05718 1.66000 -7.89387
v 5.91082 1.56042 -7.70313
v 5.85020 1.32000 -7.62413
v 5.91082 1.07958 -7.70313
v 6.05718 0.98000 -7.89387
v 6.20353 1.07958 -8.08460
v 7.27613 1.32000 -7.27613
v 7.20571 1.56042 -7.20571
v 7.03571 1.66000 -7.03571
v 6.86571 1.56042 -6.86571
v 6.79530 1.32000 -6.79530
v 6.86571 1.07958 -6.86571
v 7.03571 0.98000 -7.03571
v 7.20571 1.07958 -7.20571
v 8.16361 1.32000 -6.26416
v 8.08460 1.56042 -6.20353
v 7.89387 1.66000 -6.05718
v 7.70313 1.56042 -5.91082
v 7.62413 1.32000 -5.85020
v 7.70313 1.07958 -5.91082
v 7.89387 0.98000 -6.05718
v 8.08460 1.07958 -6.20353
v 8.91140 1.32000 -5.14500
v 8.82516 1.56042 -5.09521
v 8.61695 1.66000 -4.97500
v 8.40875 1.56042 -4.85479
v 8.32250 1.32000 -4.80500
v 8.40875 1.07958 -4.85479
v 8.61695 0.98000 -4.97500
v 8.82516 1.07958 -5.09521
v 9.50672 1.32000 -3.93781
v 9.41472 1.56042 -3.89970
v 9.19260 1.66000 -3.80770
v 8.97049 1.56042 -3.71570
v 8.87848 1.32000 -3.67759
v 8.97049 1.07958 -3.71570
v 9.19260 0.98000 -3.80770
v 9.41472 1.07958 -3.89970
v 9.93938 1.32000 -2.66325
v 9.84319 1.56042 -2.63747
v 9.61096 1.66000 -2.57525
v 9.37874 1.56042 -2.51303
v 9.28255 1.32000 -2.48725
v 9.37874 1.07958 -2.51303
v 9.61096 0.98000 -2.57525
v 9.84319 1.07958 -2.63747
v 10.20197 1.32000 -1.34311
v 10.10324 1.56042 -1.33012
v 9.86488 1.66000 -1.29874
v 9.62652 1.56042 -1.26735
v 9.52779 1.32000 -1.25436
v 9.62652 1.07958 -1.26735
v 9.86488 0.98000 -1.29874
v 10.10324 1.07958 -1.33012
v 10.05000 1.72000 0.00000
v 10.00000 1.80660 0.00000
v 9.90000 1.80660 0.00000
v 9.85000 1.72000 0.00000
v 9.90000 1.63340 0.00000
v 10.00000 1.63340 0.00000
v 9.96402 1.72000 1.31179
v 9.91445 1.80660 1.30526
v 9.81530 1.80660 1.29221
v 9.76573 1.72000 1.28568
v 9.81530 1.63340 1.29221
v 9.91445 1.63340 1.30526
v 9.70755 1.72000 2.60113
v 9.65926 1.80660 2.58819
v 9.56267 1.80660 2.56231
v 9.51437 1.72000 2.54937
v 9.56267 1.63340 2.56231
v 9.65926 1.63340 2.58819
v 9.28499 1.72000 3.84597
v 9.23880 1.80660 3.82683
v 9.14641 1.80660 3.78857
v 9.10021 1.72000 3.76943
v 9.14641 1.63340 3.78857
v 9.23880 1.63340 3.82683
v 8.70356 1.72000 5.02500
v 8.66025 1.80660 5.00000
v 8.57365 1.80660 4.95000
v 8.53035 1.72000 4.92500
v 8.57365 1.63340 4.95000
v 8.66025 1.63340 5.00000
v 7.97320 1.72000 6.11805
v 7.93353 1.80660 6.08761
v 7.85420 1.80660 6.02674
v 7.81453 1.72000 5.99630
v 7.85420 1.63340 6.02674
v 7.93353 1.63340 6.08761
v 7.10642 1.72000 7.10642
v 7.07107 1.80660 7.07107
v 7.00036 1.80660 7.00036
v 6.96500 1.72000 6.96500
v 7.00036 1.63340 7.00036
v 7.07107 1.63340 7.07107
v 6.11805 1.72000 7.97320
v 6.08761 1.80660 7.93353
v 6.02674 1.80660 7.85420
v 5.99630 1.72000 7.81453
v 6.02674 1.63340 7.85420
v 6.08761 1.63340 7.93353
v 5.02500 1.72000 8.70356
v 5.00000 1.80660 8.66025
v 4.95000 1.80660 8.57365
v 4.92500 1.72000 8.53035
v 4.95000 1.63340 8.57365
v 5.00000 1.63340 8.66025
v 3.84597 1.72000 9.28499
v 3.82683 1.80660 9.23880
v 3.78857 1.80660 9.14641
v 3.76943 1.72000 9.10021
v 3.78857 1.63340 9.14641
v 3.82683 1.63340 9.23880
v 2.60113 1.72000 9.70755
v 2.58819 1.80660 9.65926
v 2.56231 1.80660 9.56267
v 2.54937 1.72000 9.51437
v 2.56231 1.63340 9.56267
v 2.58819 1.63340 9.65926
v 1.31179 1.72000 9.96402
v 1.30526 1.80660 9.91445
v 1.29221 1.80660 9.81530
v 1.28568 1.72000 9.76573
v 1.29221 1.63340 9.81530
v 1.30526 1.63340 9.91445
v 0.00000 1.72000 10.05000
v 0.00000 1.80660 10.00000
v 0.00000 1.80660 9.90000
v 0.00000 1.72000 9.85000
v 0.00000 1.63340 9.90000
v 0.00000 1.63340 10.00000
v -1.31179 1.72000 9.96402
v -1.30526 1.80660 9.91445
v -1.29221 1.80660 9.81530
v -1.28568 1.72000 9.76573
v -1.29221 1.63340 9.81530
v -1.30526 1.63340 9.91445
v -2.60113 1.72000 9.70755
v -2.58819 1.80660 9.65926
v -2.56231 1.80660 9.56267
v -2.54937 1.72000 9.51437
v -2.56231 1.63340 9.56267
v -2.58819 1.63340 9.65926
v -3.84597 1.72000 9.28499
v -3.82683 1.80660 9.23880
v -3.78857 1.80660 9.14641
v -3.76943 1.72000 9.10021
v -3.78857 1.63340 9.14641
v -3.82683 1.63340 9.23880
v -5.02500 1.72000 8.70356
v -5.00000 1.80660 8.66025
v -4.95000 1.80660 8.57365
v -4.92500 1.72000 8.53035
v -4.95000 1.63340 8.57365
v -5.00000 1.63340 8.66025
v -6.11805 1.72000 7.97320
v -6.08761 1.80660 7.93353
v -6.02674 1.80660 7.85420
v -5.99630 1.72000 7.81453
v -6.02674 1.63340 7.85420
v -6.08761 1.63340 7.93353
v -7.10642 1.72000 7.10642
v -7.07107 1.80660 7.07107
v -7.00036 1.80660 7.00036
v -6.96500 1.72000 6.96500
v -7.00036 1.63340 7.00036
v -7.07107 1.63340 7.07107
v -7.97320 1.72000 6.11805
v -7.93353 1.80660 6.08761
v -7.85420 1.80660 6.02674
v -7.81453 1.72000 5.99630
v -7.85420 1.63340 6.02674
v -7.93353 1.63340 6.08761
v -8.70356 1.72000 5.02500
v -8.66025 1.80660 5.00000
v -8.57365 1.80660 4.95000
v -8.53035 1.72000 4.92500
v -8.57365 1.63340 4.95000
v -8.66025 1.63340 5.00000
v -9.28499 1.72000 3.84597
v -9.23880 1.80660 3.82683
v -9.14641 1.80660 3.78857
v -9.10021 1.72000 3.76943
v -9.14641 1.63340 3.78857
v -9.23880 1.63340 3.82683
v -9.70755 1.72000 2.60113
v -9.65926 1.80660 2.58819
v -9.56267 1.80660 2.56231
v -9.51437 1.72000 2.54937
v -9.56267 1.63340 2.56231
v -9.65926 1.63340 2.58819
v -9.96402 1.72000 1.31179
v -9.91445 1.80660 1.30526
v -9.81530 1.80660 1.29221
v -9.76573 1.72000 1.28568
v -9.81530 1.63340 1.29221
v -9.91445 1.63340 1.30526
v -10.05000 1.72000 0.00000
v -10.00000 1.80660 0.00000
v -9.90000 1.80660 0.00000
v -9.85000 1.72000 0.00000
v -9.90000 1.63340 0.00000
v -10.00000 1.63340 0.00000
v -9.96402 1.72000 -1.31179
v -9.91445 1.80660 -1.30526
v -9.81530 1.80660 -1.29221
v -9.76573 1.72000 -1.28568
v -9.81530 1.63340 -1.29221
v -9.91445 1.63340 -1.30526
v -9.70755 1.72000 -2.60113
v -9.65926 1.80660 -2.58819
v -9.56267 1.80660 -2.56231
v -9.51437 1.72000 -2.54937
v -9.56267 1.63340 -2.56231
v -9.65926 1.63340 -2.58819
v -9.28499 1.72000 -3.84597
v -9.23880 1.80660 -3.82683
v -9.14641 1.80660 -3.78857
v -9.10021 1.72000 -3.76943
v -9.14641 1.63340 -3.78857
v -9.23880 1.63340 -3.82683
v -8.70356 1.72000 -5.02500
v -8.66025 1.80660 -5.00000
v -8.57365 1.80660 -4.95000
v -8.53035 1.72000 -4.92500
v -8.57365 1.63340 -4.95000
v -8.66025 1.63340 -5.00000
v -7.97320 1.72000 -6.11805
v -7.93353 1.80660 -6.08761
v -7.85420 1.80660 -6.02674
v -7.81453 1.72000 -5.99630
v -7.85420 1.63340 -6.02674
v -7.93353 1.63340 -6.08761
v -7.10642 1.72000 -7.10642
v -7.07107 1.80660 -7.07107
v -7.00036 1.80660 -7.00036
v -6.96500 1.72000 -6.96500
v -7.00036 1.63340 -7.00036
v -7.07107 1.63340 -7.07107
v -6.11805 1.72000 -7.97320
v -6.08761 1.80660 -7.93353
v -6.02674 1.80660 -7.85420
v -5.99630 1.72000 -7.81453
v -6.02674 1.63340 -7.85420
v -6.08761 1.63340 -7.93353
v -5.02500 1.72000 -8.70356
v -5.00000 1.80660 -8.66025
v -4.95000 1.80660 -8.57365
v -4.92500 1.72000 -8.53035
v -4.95000 1.63340 -8.57365
v -5.00000 1.63340 -8.66025
v -3.84597 1.72000 -9.28499
v -3.82683 1.80660 -9.23880
v -3.78857 1.80660 -9.14641
v -3.76943 1.72000 -9.10021
v -3.78857 1.63340 -9.14641
v -3.82683 1.63340 -9.23880
v -2.60113 1.72000 -9.70755
v -2.58819 1.80660 -9.65926
v -2.56231 1.80660 -9.56267
v -2.54937 1.72000 -9.51437
v -2.56231 1.63340 -9.56267
v -2.58819 1.63340 -9.65926
v -1.31179 1.72000 -9.96402
v -1.30526 1.80660 -9.91445
v -1.29221 1.80660 -9.81530
v -1.28568 1.72000 -9.76573
v -1.29221 1.63340 -9.81530
v -1.30526 1.63340 -9.91445
v -0.00000 1.72000 -10.05000
v -0.00000 1.80660 -10.00000
v -0.00000 1.80660 -9.90000
v -0.00000 1.72000 -9.85000
v -0.00000 1.63340 -9.90000
v -0.00000 1.63340 -10.00000
v 1.31179 1.72000 -9.96402
v 1.30526 1.80660 -9.91445
v 1.29221 1.80660 -9.81530
v 1.28568 1.72000 -9.76573
v 1.29221 1.63340 -9.81530
v 1.30526 1.63340 -9.91445
v 2.60113 1.72000 -9.70755
v 2.58819 1.80660 -9.65926
v 2.56231 1.80660 -9.56267
v 2.54937 1.72000 -9.51437
v 2.56231 1.63340 -9.56267
v 2.58819 1.63340 -9.65926
v 3.84597 1.72000 -9.28499
v 3.82683 1.80660 -9.23880
v 3.78857 1.80660 -9.14641
v 3.76943 1.72000 -9.10021
v 3.78857 1.63340 -9.14641
v 3.82683 1.63340 -9.23880
v 5.02500 1.72000 -8.70356
v 5.00000 1.80660 -8.66025
v 4.95000 1.80660 -8.57365
v 4.92500 1.72000 -8.53035
v 4.95000 1.63340 -8.57365
v 5.00000 1.63340 -8.66025
v 6.11805 1.72000 -7.97320
v 6.08761 1.80660 -7.93353
v 6.02674 1.80660 -7.85420
v 5.99630 1.72000 -7.81453
v 6.02674 1.63340 -7.85420
v 6.08761 1.63340 -7.93353
v 7.10642 1.72000 -7.10642
v 7.07107 1.80660 -7.07107
v 7.00036 1.80660 -7.00036
v 6.96500 1.72000 -6.96500
v 7.00036 1.63340 -7.00036
v 7.07107 1.63340 -7.07107
v 7.97320 1.72000 -6.11805
v 7.93353 1.80660 -6.08761
v 7.85420 1.80660 -6.02674
v 7.81453 1.72000 -5.99630
v 7.85420 1.63340 -6.02674
v 7.93353 1.63340 -6.08761
v 8.70356 1.72000 -5.02500
v 8.66025 1.80660 -5.00000
v 8.57365 1.80660 -4.95000
v 8.53035 1.72000 -4.92500
v 8.57365 1.63340 -4.95000
v 8.66025 1.63340 -5.00000
v 9.28499 1.72000 -3.84597
v 9.23880 1.80660 -3.82683
v 9.14641 1.80660 -3.78857
v 9.10021 1.72000 -3.76943
v 9.14641 1.63340 -3.78857
v 9.23880 1.63340 -3.82683
v 9.70755 1.72000 -2.60113
v 9.65926 1.80660 -2.58819
v 9.56267 1.80660 -2.56231
v 9.51437 1.72000 -2.54937
v 9.56267 1.63340 -2.56231
v 9.65926 1.63340 -2.58819
v 9.96402 1.72000 -1.31179
v 9.91445 1.80660 -1.30526
v 9.81530 1.80660 -1.29221
v 9.76573 1.72000 -1.28568
v 9.81530 1.63340 -1.29221
v 9.91445 1.63340 -1.30526
v 7.71533 0.08000 7.49533
v 7.71533 6.00000 7.49533
v 7.68586 0.08000 7.60533
v 7.68586 6.00000 7.60533
v 7.60533 0.08000 7.68586
v 7.60533 6.00000 7.68586
v 7.49533 0.08000 7.71533
v 7.49533 6.00000 7.71533
v 7.38533 0.08000 7.68586
v 7.38533 6.00000 7.68586
v 7.30481 0.08000 7.60533
v 7.30481 6.00000 7.60533
v 7.27533 0.08000 7.49533
v 7.27533 6.00000 7.49533
v 7.30481 0.08000 7.38533
v 7.30481 6.00000 7.38533
v 7.38533 0.08000 7.30481
v 7.38533 6.00000 7.30481
v 7.49533 0.08000 7.27533
v 7.49533 6.00000 7.27533
v 7.60533 0.08000 7.30481
v 7.60533 6.00000 7.30481
v 7.68586 0.08000 7.38533
v 7.68586 6.00000 7.38533
v 7.49533 0.08000 7.49533
v 7.49533 6.00000 7.49533
v 7.91533 0.08000 7.49533
v 7.91533 1.10000 7.49533
v 7.85906 0.08000 7.70533
v 7.85906 1.10000 7.70533
v 7.70533 0.08000 7.85906
v 7.70533 1.10000 7.85906
v 7.49533 0.08000 7.91533
v 7.49533 1.10000 7.91533
v 7.28533 0.08000 7.85906
v 7.28533 1.10000 7.85906
v 7.13160 0.08000 7.70533
v 7.13160 1.10000 7.70533
v 7.07533 0.08000 7.49533
v 7.07533 1.10000 7.49533
v 7.13160 0.08000 7.28533
v 7.13160 1.10000 7.28533
v 7.28533 0.08000 7.13160
v 7.28533 1.10000 7.13160
v 7.49533 0.08000 7.07533
v 7.49533 1.10000 7.07533
v 7.70533 0.08000 7.13160
v 7.70533 1.10000 7.13160
v 7.85906 0.08000 7.28533
v 7.85906 1.10000 7.28533
v 7.49533 0.08000 7.49533
v 7.49533 1.10000 7.49533
v 7.86533 5.70000 7.49533
v 7.81696 5.76657 7.49533
v 7.73870 5.74114 7.49533
v 7.73870 5.65886 7.49533
v 7.81696 5.63343 7.49533
v 7.82869 5.70000 7.65587
v 7.78511 5.76657 7.63488
v 7.71460 5.74114 7.60093
v 7.71460 5.65886 7.60093
v 7.78511 5.63343 7.63488
v 7.72602 5.70000 7.78461
v 7.69587 5.76657 7.74679
v 7.64707 5.74114 7.68561
v 7.64707 5.65886 7.68561
v 7.69587 5.63343 7.74679
v 7.57766 5.70000 7.85606
v 7.56690 5.76657 7.80890
v 7.54949 5.74114 7.73260
v 7.54949 5.65886 7.73260
v 7.56690 5.63343 7.80890
v 7.41300 5.70000 7.85606
v 7.42376 5.76657 7.80890
v 7.44118 5.74114 7.73260
v 7.44118 5.65886 7.73260
v 7.42376 5.63343 7.80890
v 7.26464 5.70000 7.78461
v 7.29480 5.76657 7.74679
v 7.34359 5.74114 7.68561
v 7.34359 5.65886 7.68561
v 7.29480 5.63343 7.74679
v 7.16197 5.70000 7.65587
v 7.20555 5.76657 7.63488
v 7.27606 5.74114 7.60093
v 7.27606 5.65886 7.60093
v 7.20555 5.63343 7.63488
v 7.12533 5.70000 7.49533
v 7.17370 5.76657 7.49533
v 7.25196 5.74114 7.49533
v 7.25196 5.65886 7.49533
v 7.17370 5.63343 7.49533
v 7.16197 5.70000 7.33479
v 7.20555 5.76657 7.35578
v 7.27606 5.74114 7.38974
v 7.27606 5.65886 7.38974
v 7.20555 5.63343 7.35578
v 7.26464 5.70000 7.20605
v 7.29480 5.76657 7.24387
v 7.34359 5.74114 7.30506
v 7.34359 5.65886 7.30506
v 7.29480 5.63343 7.24387
v 7.41300 5.70000 7.13461
v 7.42376 5.76657 7.18176
v 7.44118 5.74114 7.25806
v 7.44118 5.65886 7.25806
v 7.42376 5.63343 7.18176
v 7.57766 5.70000 7.13461
v 7.56690 5.76657 7.18176
v 7.54949 5.74114 7.25806
v 7.54949 5.65886 7.25806
v 7.56690 5.63343 7.18176
v 7.72602 5.70000 7.20605
v 7.69587 5.76657 7.24387
v 7.64707 5.74114 7.30506
v 7.64707 5.65886 7.30506
v 7.69587 5.63343 7.24387
v 7.82869 5.70000 7.33479
v 7.78511 5.76657 7.35578
v 7.71460 5.74114 7.38974
v 7.71460 5.65886 7.38974
v 7.78511 5.63343 7.35578
v 7.74533 5.91699 7.49533
v 7.69759 5.91699 7.64228
v 7.57259 5.91699 7.73310
v 7.41808 5.91699 7.73310
v 7.29308 5.91699 7.64228
v 7.24533 5.91699 7.49533
v 7.29308 5.91699 7.34839
v 7.41808 5.91699 7.25757
v 7.57259 5.91699 7.25757
v 7.69759 5.91699 7.34839
v 7.92834 6.10000 7.49533
v 7.84565 6.10000 7.74985
v 7.62914 6.10000 7.90715
v 7.36152 6.10000 7.90715
v 7.14502 6.10000 7.74985
v 7.06232 6.10000 7.49533
v 7.14502 6.10000 7.24081
v 7.36152 6.10000 7.08351
v 7.62914 6.10000 7.08351
v 7.84565 6.10000 7.24081
v 7.99533 6.35000 7.49533
v 7.89984 6.35000 7.78922
v 7.64984 6.35000 7.97086
v 7.34082 6.35000 7.97086
v 7.09082 6.35000 7.78922
v 6.99533 6.35000 7.49533
v 7.09082 6.35000 7.20144
v 7.34082 6.35000 7.01980
v 7.64984 6.35000 7.01980
v 7.89984 6.35000 7.20144
v 7.92834 6.60000 7.49533
v 7.84565 6.60000 7.74985
v 7.62914 6.60000 7.90715
v 7.36152 6.60000 7.90715
v 7.14502 6.60000 7.74985
v 7.06232 6.60000 7.49533
v 7.14502 6.60000 7.24081
v 7.36152 6.60000 7.08351
v 7.62914 6.60000 7.08351
v 7.84565 6.60000 7.24081
v 7.74533 6.78301 7.49533
v 7.69759 6.78301 7.64228
v 7.57259 6.78301 7.73310
v 7.41808 6.78301 7.73310
v 7.29308 6.78301 7.64228
v 7.24533 6.78301 7.49533
v 7.29308 6.78301 7.34839
v 7.41808 6.78301 7.25757
v 7.57259 6.78301 7.25757
v 7.69759 6.78301 7.34839
v 7.49533 5.85000 7.49533
v 7.49533 6.85000 7.49533
v 7.58726 6.80858 7.49533
v 7.54129 6.80858 7.57494
v 7.44937 6.80858 7.57494
v 7.40341 6.80858 7.49533
v 7.44937 6.80858 7.41572
v 7.54129 6.80858 7.41572
v 7.62533 6.95000 7.49533
v 7.56033 6.95000 7.60792
v 7.43033 6.95000 7.60792
v 7.36533 6.95000 7.49533
v 7.43033 6.95000 7.38275
v 7.56033 6.95000 7.38275
v 7.58726 7.09142 7.49533
v 7.54129 7.09142 7.57494
v 7.44937 7.09142 7.57494
v 7.40341 7.09142 7.49533
v 7.44937 7.09142 7.41572
v 7.54129 7.09142 7.41572
v 7.49533 6.75000 7.49533
v 7.49533 7.15000 7.49533
v -7.27533 0.08000 7.49533
v -7.27533 6.00000 7.49533
v -7.30481 0.08000 7.60533
v -7.30481 6.00000 7.60533
v -7.38533 0.08000 7.68586
v -7.38533 6.00000 7.68586
v -7.49533 0.08000 7.71533
v -7.49533 6.00000 7.71533
v -7.60533 0.08000 7.68586
v -7.60533 6.00000 7.68586
v -7.68586 0.08000 7.60533
v -7.68586 6.00000 7.60533
v -7.71533 0.08000 7.49533
v -7.71533 6.00000 7.49533
v -7.68586 0.08000 7.38533
v -7.68586 6.00000 7.38533
v -7.60533 0.08000 7.30481
v -7.60533 6.00000 7.30481
v -7.49533 0.08000 7.27533
v -7.49533 6.00000 7.27533
v -7.38533 0.08000 7.30481
v -7.38533 6.00000 7.30481
v -7.30481 0.08000 7.38533
v -7.30481 6.00000 7.38533
v -7.49533 0.08000 7.49533
v -7.49533 6.00000 7.49533
v -7.07533 0.08000 7.49533
v -7.07533 1.10000 7.49533
v -7.13160 0.08000 7.70533
v -7.13160 1.10000 7.70533
v -7.28533 0.08000 7.85906
v -7.28533 1.10000 7.85906
v -7.49533 0.08000 7.91533
v -7.49533 1.10000 7.91533
v -7.70533 0.08000 7.85906
v -7.70533 1.10000 7.85906
v -7.85906 0.08000 7.70533
v -7.85906 1.10000 7.70533
v -7.91533 0.08000 7.49533
v -7.91533 1.10000 7.49533
v -7.85906 0.08000 7.28533
v -7.85906 1.10000 7.28533
v -7.70533 0.08000 7.13160
v -7.70533 1.10000 7.13160
v -7.49533 0.08000 7.07533
v -7.49533 1.10000 7.07533
v -7.28533 0.08000 7.13160
v -7.28533 1.10000 7.13160
v -7.13160 0.08000 7.28533
v -7.13160 1.10000 7.28533
v -7.49533 0.08000 7.49533
v -7.49533 1.10000 7.49533
v -7.12533 5.70000 7.49533
v -7.17370 5.76657 7.49533
v -7.25196 5.74114 7.49533
v -7.25196 5.65886 7.49533
v -7.17370 5.63343 7.49533
v -7.16197 5.70000 7.65587
v -7.20555 5.76657 7.63488
v -7.27606 5.74114 7.60093
v -7.27606 5.65886 7.60093
v -7.20555 5.63343 7.63488
v -7.26464 5.70000 7.78461
v -7.29480 5.76657 7.74679
v -7.34359 5.74114 7.68561
v -7.34359 5.65886 7.68561
v -7.29480 5.63343 7.74679
v -7.41300 5.70000 7.85606
v -7.42376 5.76657 7.80890
v -7.44118 5.74114 7.73260
v -7.44118 5.65886 7.73260
v -7.42376 5.63343 7.80890
v -7.57766 5.70000 7.85606
v -7.56690 5.76657 7.80890
v -7.54949 5.74114 7.73260
v -7.54949 5.65886 7.73260
v -7.56690 5.63343 7.80890
v -7.72602 5.70000 7.78461
v -7.69587 5.76657 7.74679
v -7.64707 5.74114 7.68561
v -7.64707 5.65886 7.68561
v -7.69587 5.63343 7.74679
v -7.82869 5.70000 7.65587
v -7.78511 5.76657 7.63488
v -7.71460 5.74114 7.60093
v -7.71460 5.65886 7.60093
v -7.78511 5.63343 7.63488
v -7.86533 5.70000 7.49533
v -7.81696 5.76657 7.49533
v -7.73870 5.74114 7.49533
v -7.73870 5.65886 7.49533
v -7.81696 5.63343 7.49533
v -7.82869 5.70000 7.33479
v -7.78511 5.76657 7.35578
v -7.71460 5.74114 7.38974
v -7.71460 5.65886 7.38974
v -7.78511 5.63343 7.35578
v -7.72602 5.70000 7.20605
v -7.69587 5.76657 7.24387
v -7.64707 5.74114 7.30506
v -7.64707 5.65886 7.30506
v -7.69587 5.63343 7.24387
v -7.57766 5.70000 7.13461
v -7.56690 5.76657 7.18176
v -7.54949 5.74114 7.25806
v -7.54949 5.65886 7.25806
v -7.56690 5.63343 7.18176
v -7.41300 5.70000 7.13461
v -7.42376 5.76657 7.18176
v -7.44118 5.74114 7.25806
v -7.44118 5.65886 7.25806
v -7.42376 5.63343 7.18176
v -7.26464 5.70000 7.20605
v -7.29480 5.76657 7.24387
v -7.34359 5.74114 7.30506
v -7.34359 5.65886 7.30506
v -7.29480 5.63343 7.24387
v -7.16197 5.70000 7.33479
v -7.20555 5.76657 7.35578
v -7.27606 5.74114 7.38974
v -7.27606 5.65886 7.38974
v -7.20555 5.63343 7.35578
v -7.24533 5.91699 7.49533
v -7.29308 5.91699 7.64228
v -7.41808 5.91699 7.73310
v -7.57259 5.91699 7.73310
v -7.69759 5.91699 7.64228
v -7.74533 5.91699 7.49533
v -7.69759 5.91699 7.34839
v -7.57259 5.91699 7.25757
v -7.41808 5.91699 7.25757
v -7.29308 5.91699 7.34839
v -7.06232 6.10000 7.49533
v -7.14502 6.10000 7.74985
v -7.36152 6.10000 7.90715
v -7.62914 6.10000 7.90715
v -7.84565 6.10000 7.74985
v -7.92834 6.10000 7.49533
v -7.84565 6.10000 7.24081
v -7.62914 6.10000 7.08351
v -7.36152 6.10000 7.08351
v -7.14502 6.10000 7.24081
v -6.99533 6.35000 7.49533
v -7.09082 6.35000 7.78922
v -7.34082 6.35000 7.97086
v -7.64984 6.35000 7.97086
v -7.89984 6.35000 7.78922
v -7.99533 6.35000 7.49533
v -7.89984 6.35000 7.20144
v -7.64984 6.35000 7.01980
v -7.34082 6.35000 7.01980
v -7.09082 6.35000 7.20144
v -7.06232 6.60000 7.49533
v -7.14502 6.60000 7.74985
v -7.36152 6.60000 7.90715
v -7.62914 6.60000 7.90715
v -7.84565 6.60000 7.74985
v -7.92834 6.60000 7.49533
v -7.84565 6.60000 7.24081
v -7.62914 6.60000 7.08351
v -7.36152 6.60000 7.08351
v -7.14502 6.60000 7.24081
v -7.24533 6.78301 7.49533
v -7.29308 6.78301 7.64228
v -7.41808 6.78301 7.73310
v -7.57259 6.78301 7.73310
v -7.69759 6.78301 7.64228
v -7.74533 6.78301 7.49533
v -7.69759 6.78301 7.34839
v -7.57259 6.78301 7.25757
v -7.41808 6.78301 7.25757
v -7.29308 6.78301 7.34839
v -7.49533 5.85000 7.49533
v -7.49533 6.85000 7.49533
v -7.40341 6.80858 7.49533
v -7.44937 6.80858 7.57494
v -7.54129 6.80858 7.57494
v -7.58726 6.80858 7.49533
v -7.54129 6.80858 7.41572
v -7.44937 6.80858 7.41572
v -7.36533 6.95000 7.49533
v -7.43033 6.95000 7.60792
v -7.56033 6.95000 7.60792
v -7.62533 6.95000 7.49533
v -7.56033 6.95000 7.38275
v -7.43033 6.95000 7.38275
v -7.40341 7.09142 7.49533
v -7.44937 7.09142 7.57494
v -7.54129 7.09142 7.57494
v -7.58726 7.09142 7.49533
v -7.54129 7.09142 7.41572
v -7.44937 7.09142 7.41572
v -7.49533 6.75000 7.49533
v -7.49533 7.15000 7.49533
v -7.27533 0.08000 -7.49533
v -7.27533 6.00000 -7.49533
v -7.30481 0.08000 -7.38533
v -7.30481 6.00000 -7.38533
v -7.38533 0.08000 -7.30481
v -7.38533 6.00000 -7.30481
v -7.49533 0.08000 -7.27533
v -7.49533 6.00000 -7.27533
v -7.60533 0.08000 -7.30481
v -7.60533 6.00000 -7.30481
v -7.68586 0.08000 -7.38533
v -7.68586 6.00000 -7.38533
v -7.71533 0.08000 -7.49533
v -7.71533 6.00000 -7.49533
v -7.68586 0.08000 -7.60533
v -7.68586 6.00000 -7.60533
v -7.60533 0.08000 -7.68586
v -7.60533 6.00000 -7.68586
v -7.49533 0.08000 -7.71533
v -7.49533 6.00000 -7.71533
v -7.38533 0.08000 -7.68586
v -7.38533 6.00000 -7.68586
v -7.30481 0.08000 -7.60533
v -7.30481 6.00000 -7.60533
v -7.49533 0.08000 -7.49533
v -7.49533 6.00000 -7.49533
v -7.07533 0.08000 -7.49533
v -7.07533 1.10000 -7.49533
v -7.13160 0.08000 -7.28533
v -7.13160 1.10000 -7.28533
v -7.28533 0.08000 -7.13160
v -7.28533 1.10000 -7.13160
v -7.49533 0.08000 -7.07533
v -7.49533 1.10000 -7.07533
v -7.70533 0.08000 -7.13160
v -7.70533 1.10000 -7.13160
v -7.85906 0.08000 -7.28533
v -7.85906 1.10000 -7.28533
v -7.91533 0.08000 -7.49533
v -7.91533 1.10000 -7.49533
v -7.85906 0.08000 -7.70533
v -7.85906 1.10000 -7.70533
v -7.70533 0.08000 -7.85906
v -7.70533 1.10000 -7.85906
v -7.49533 0.08000 -7.91533
v -7.49533 1.10000 -7.91533
v -7.28533 0.08000 -7.85906
v -7.28533 1.10000 -7.85906
v -7.13160 0.08000 -7.70533
v -7.13160 1.10000 -7.70533
v -7.49533 0.08000 -7.49533
v -7.49533 1.10000 -7.49533
v -7.12533 5.70000 -7.49533
v -7.17370 5.76657 -7.49533
v -7.25196 5.74114 -7.49533
v -7.25196 5.65886 -7.49533
v -7.17370 5.63343 -7.49533
v -7.16197 5.70000 -7.33479
v -7.20555 5.76657 -7.35578
v -7.27606 5.74114 -7.38974
v -7.27606 5.65886 -7.38974
v -7.20555 5.63343 -7.35578
v -7.26464 5.70000 -7.20605
v -7.29480 5.76657 -7.24387
v -7.34359 5.74114 -7.30506
v -7.34359 5.65886 -7.30506
v -7.29480 5.63343 -7.24387
v -7.41300 5.70000 -7.13461
v -7.42376 5.76657 -7.18176
v -7.44118 5.74114 -7.25806
v -7.44118 5.65886 -7.25806
v -7.42376 5.63343 -7.18176
v -7.57766 5.70000 -7.13461
v -7.56690 5.76657 -7.18176
v -7.54949 5.74114 -7.25806
v -7.54949 5.65886 -7.25806
v -7.56690 5.63343 -7.18176
v -7.72602 5.70000 -7.20605
v -7.69587 5.76657 -7.24387
v -7.64707 5.74114 -7.30506
v -7.64707 5.65886 -7.30506
v -7.69587 5.63343 -7.24387
v -7.82869 5.70000 -7.33479
v -7.78511 5.76657 -7.35578
v -7.71460 5.74114 -7.38974
v -7.71460 5.65886 -7.38974
v -7.78511 5.63343 -7.35578
v -7.86533 5.70000 -7.49533
v -7.81696 5.76657 -7.49533
v -7.73870 5.74114 -7.49533
v -7.73870 5.65886 -7.49533
v -7.81696 5.63343 -7.49533
v -7.82869 5.70000 -7.65587
v -7.78511 5.76657 -7.63488
v -7.71460 5.74114 -7.60093
v -7.71460 5.65886 -7.60093
v -7.78511 5.63343 -7.63488
v -7.72602 5.70000 -7.78461
v -7.69587 5.76657 -7.74679
v -7.64707 5.74114 -7.68561
v -7.64707 5.65886 -7.68561
v -7.69587 5.63343 -7.74679
v -7.57766 5.70000 -7.85606
v -7.56690 5.76657 -7.80890
v -7.54949 5.74114 -7.73260
v -7.54949 5.65886 -7.73260
v -7.56690 5.63343 -7.80890
v -7.41300 5.70000 -7.85606
v -7.42376 5.76657 -7.80890
v -7.44118 5.74114 -7.73260
v -7.44118 5.65886 -7.73260
v -7.42376 5.63343 -7.80890
v -7.26464 5.70000 -7.78461
v -7.29480 5.76657 -7.74679
v -7.34359 5.74114 -7.68561
v -7.34359 5.65886 -7.68561
v -7.29480 5.63343 -7.74679
v -7.16197 5.70000 -7.65587
v -7.20555 5.76657 -7.63488
v -7.27606 5.74114 -7.60093
v -7.27606 5.65886 -7.60093
v -7.20555 5.63343 -7.63488
v -7.24533 5.91699 -7.49533
v -7.29308 5.91699 -7.34839
v -7.41808 5.91699 -7.25757
v -7.57259 5.91699 -7.25757
v -7.69759 5.91699 -7.34839
v -7.74533 5.91699 -7.49533
v -7.69759 5.91699 -7.64228
v -7.57259 5.91699 -7.73310
v -7.41808 5.91699 -7.73310
v -7.29308 5.91699 -7.64228
v -7.06232 6.10000 -7.49533
v -7.14502 6.10000 -7.24081
v -7.36152 6.10000 -7.08351
v -7.62914 6.10000 -7.08351
v -7.84565 6.10000 -7.24081
v -7.92834 6.10000 -7.49533
v -7.84565 6.10000 -7.74985
v -7.62914 6.10000 -7.90715
v -7.36152 6.10000 -7.90715
v -7.14502 6.10000 -7.74985
v -6.99533 6.35000 -7.49533
v -7.09082 6.35000 -7.20144
v -7.34082 6.35000 -7.01980
v -7.64984 6.35000 -7.01980
v -7.89984 6.35000 -7.20144
v -7.99533 6.35000 -7.49533
v -7.89984 6.35000 -7.78922
v -7.64984 6.35000 -7.97086
v -7.34082 6.35000 -7.97086
v -7.09082 6.35000 -7.78922
v -7.06232 6.60000 -7.49533
v -7.14502 6.60000 -7.24081
v -7.36152 6.60000 -7.08351
v -7.62914 6.60000 -7.08351
v -7.84565 6.60000 -7.24081
v -7.92834 6.60000 -7.49533
v -7.84565 6.60000 -7.74985
v -7.62914 6.60000 -7.90715
v -7.36152 6.60000 -7.90715
v -7.14502 6.60000 -7.74985
v -7.24533 6.78301 -7.49533
v -7.29308 6.78301 -7.34839
v -7.41808 6.78301 -7.25757
v -7.57259 6.78301 -7.25757
v -7.69759 6.78301 -7.34839
v -7.74533 6.78301 -7.49533
v -7.69759 6.78301 -7.64228
v -7.57259 6.78301 -7.73310
v -7.41808 6.78301 -7.73310
v -7.29308 6.78301 -7.64228
v -7.49533 5.85000 -7.49533
v -7.49533 6.85000 -7.49533
v -7.40341 6.80858 -7.49533
v -7.44937 6.80858 -7.41572
v -7.54129 6.80858 -7.41572
v -7.58726 6.80858 -7.49533
v -7.54129 6.80858 -7.57494
v -7.44937 6.80858 -7.57494
v -7.36533 6.95000 -7.49533
v -7.43033 6.95000 -7.38275
v -7.56033 6.95000 -7.38275
v -7.62533 6.95000 -7.49533
v -7.56033 6.95000 -7.60792
v -7.43033 6.95000 -7.60792
v -7.40341 7.09142 -7.49533
v -7.44937 7.09142 -7.41572
v -7.54129 7.09142 -7.41572
v -7.58726 7.09142 -7.49533
v -7.54129 7.09142 -7.57494
v -7.44937 7.09142 -7.57494
v -7.49533 6.75000 -7.49533
v -7.49533 7.15000 -7.49533
v 7.71533 0.08000 -7.49533
v 7.71533 6.00000 -7.49533
v 7.68586 0.08000 -7.38533
v 7.68586 6.00000 -7.38533
v 7.60533 0.08000 -7.30481
v 7.60533 6.00000 -7.30481
v 7.49533 0.08000 -7.27533
v 7.49533 6.00000 -7.27533
v 7.38533 0.08000 -7.30481
v 7.38533 6.00000 -7.30481
v 7.30481 0.08000 -7.38533
v 7.30481 6.00000 -7.38533
v 7.27533 0.08000 -7.49533
v 7.27533 6.00000 -7.49533
v 7.30481 0.08000 -7.60533
v 7.30481 6.00000 -7.60533
v 7.38533 0.08000 -7.68586
v 7.38533 6.00000 -7.68586
v 7.49533 0.08000 -7.71533
v 7.49533 6.00000 -7.71533
v 7.60533 0.08000 -7.68586
v 7.60533 6.00000 -7.68586
v 7.68586 0.08000 -7.60533
v 7.68586 6.00000 -7.60533
v 7.49533 0.08000 -7.49533
v 7.49533 6.00000 -7.49533
v 7.91533 0.08000 -7.49533
v 7.91533 1.10000 -7.49533
v 7.85906 0.08000 -7.28533
v 7.85906 1.10000 -7.28533
v 7.70533 0.08000 -7.13160
v 7.70533 1.10000 -7.13160
v 7.49533 0.08000 -7.07533
v 7.49533 1.10000 -7.07533
v 7.28533 0.08000 -7.13160
v 7.28533 1.10000 -7.13160
v 7.13160 0.08000 -7.28533
v 7.13160 1.10000 -7.28533
v 7.07533 0.08000 -7.49533
v 7.07533 1.10000 -7.49533
v 7.13160 0.08000 -7.70533
v 7.13160 1.10000 -7.70533
v 7.28533 0.08000 -7.85906
v 7.28533 1.10000 -7.85906
v 7.49533 0.08000 -7.91533
v 7.49533 1.10000 -7.91533
v 7.70533 0.08000 -7.85906
v 7.70533 1.10000 -7.85906
v 7.85906 0.08000 -7.70533
v 7.85906 1.10000 -7.70533
v 7.49533 0.08000 -7.49533
v 7.49533 1.10000 -7.49533
v 7.86533 5.70000 -7.49533
v 7.81696 5.76657 -7.49533
v 7.73870 5.74114 -7.49533
v 7.73870 5.65886 -7.49533
v 7.81696 5.63343 -7.49533
v 7.82869 5.70000 -7.33479
v 7.78511 5.76657 -7.35578
v 7.71460 5.74114 -7.38974
v 7.71460 5.65886 -7.38974
v 7.78511 5.63343 -7.35578
v 7.72602 5.70000 -7.20605
v 7.69587 5.76657 -7.24387
v 7.64707 5.74114 -7.30506
v 7.64707 5.65886 -7.30506
v 7.69587 5.63343 -7.24387
v 7.57766 5.70000 -7.13461
v 7.56690 5.76657 -7.18176
v 7.54949 5.74114 -7.25806
v 7.54949 5.65886 -7.25806
v 7.56690 5.63343 -7.18176
v 7.41300 5.70000 -7.13461
v 7.42376 5.76657 -7.18176
v 7.44118 5.74114 -7.25806
v 7.44118 5.65886 -7.25806
v 7.42376 5.63343 -7.18176
v 7.26464 5.70000 -7.20605
v 7.29480 5.76657 -7.24387
v 7.34359 5.74114 -7.30506
v 7.34359 5.65886 -7.30506
v 7.29480 5.63343 -7.24387
v 7.16197 5.70000 -7.33479
v 7.20555 5.76657 -7.35578
v 7.27606 5.74114 -7.38974
v 7.27606 5.65886 -7.38974
v 7.20555 5.63343 -7.35578
v 7.12533 5.70000 -7.49533
v 7.17370 5.76657 -7.49533
v 7.25196 5.74114 -7.49533
v 7.25196 5.65886 -7.49533
v 7.17370 5.63343 -7.49533
v 7.16197 5.70000 -7.65587
v 7.20555 5.76657 -7.63488
v 7.27606 5.74114 -7.60093
v 7.27606 5.65886 -7.60093
v 7.20555 5.63343 -7.63488
v 7.26464 5.70000 -7.78461
v 7.29480 5.76657 -7.74679
v 7.34359 5.74114 -7.68561
v 7.34359 5.65886 -7.68561
v 7.29480 5.63343 -7.74679
v 7.41300 5.70000 -7.85606
v 7.42376 5.76657 -7.80890
v 7.44118 5.74114 -7.73260
v 7.44118 5.65886 -7.73260
v 7.42376 5.63343 -7.80890
v 7.57766 5.70000 -7.85606
v 7.56690 5.76657 -7.80890
v 7.54949 5.74114 -7.73260
v 7.54949 5.65886 -7.73260
v 7.56690 5.63343 -7.80890
v 7.72602 5.70000 -7.78461
v 7.69587 5.76657 -7.74679
v 7.64707 5.74114 -7.68561
v 7.64707 5.65886 -7.68561
v 7.69587 5.63343 -7.74679
v 7.82869 5.70000 -7.65587
v 7.78511 5.76657 -7.63488
v 7.71460 5.74114 -7.60093
v 7.71460 5.65886 -7.60093
v 7.78511 5.63343 -7.63488
v 7.74533 5.91699 -7.49533
v 7.69759 5.91699 -7.34839
v 7.57259 5.91699 -7.25757
v 7.41808 5.91699 -7.25757
v 7.29308 5.91699 -7.34839
v 7.24533 5.91699 -7.49533
v 7.29308 5.91699 -7.64228
v 7.41808 5.91699 -7.73310
v 7.57259 5.91699 -7.73310
v 7.69759 5.91699 -7.64228
v 7.92834 6.10000 -7.49533
v 7.84565 6.10000 -7.24081
v 7.62914 6.10000 -7.08351
v 7.36152 6.10000 -7.08351
v 7.14502 6.10000 -7.24081
v 7.06232 6.10000 -7.49533
v 7.14502 6.10000 -7.74985
v 7.36152 6.10000 -7.90715
v 7.62914 6.10000 -7.90715
v 7.84565 6.10000 -7.74985
v 7.99533 6.35000 -7.49533
v 7.89984 6.35000 -7.20144
v 7.64984 6.35000 -7.01980
v 7.34082 6.35000 -7.01980
v 7.09082 6.35000 -7.20144
v 6.99533 6.35000 -7.49533
v 7.09082 6.35000 -7.78922
v 7.34082 6.35000 -7.97086
v 7.64984 6.35000 -7.97086
v 7.89984 6.35000 -7.78922
v 7.92834 6.60000 -7.49533
v 7.84565 6.60000 -7.24081
v 7.62914 6.60000 -7.08351
v 7.36152 6.60000 -7.08351
v 7.14502 6.60000 -7.24081
v 7.06232 6.60000 -7.49533
v 7.14502 6.60000 -7.74985
v 7.36152 6.60000 -7.90715
v 7.62914 6.60000 -7.90715
v 7.84565 6.60000 -7.74985
v 7.74533 6.78301 -7.49533
v 7.69759 6.78301 -7.34839
v 7.57259 6.78301 -7.25757
v 7.41808 6.78301 -7.25757
v 7.29308 6.78301 -7.34839
v 7.24533 6.78301 -7.49533
v 7.29308 6.78301 -7.64228
v 7.41808 6.78301 -7.73310
v 7.57259 6.78301 -7.73310
v 7.69759 6.78301 -7.64228
v 7.49533 5.85000 -7.49533
v 7.49533 6.85000 -7.49533
v 7.58726 6.80858 -7.49533
v 7.54129 6.80858 -7.41572
v 7.44937 6.80858 -7.41572
v 7.40341 6.80858 -7.49533
v 7.44937 6.80858 -7.57494
v 7.54129 6.80858 -7.57494
v 7.62533 6.95000 -7.49533
v 7.56033 6.95000 -7.38275
v 7.43033 6.95000 -7.38275
v 7.36533 6.95000 -7.49533
v 7.43033 6.95000 -7.60792
v 7.56033 6.95000 -7.60792
v 7.58726 7.09142 -7.49533
v 7.54129 7.09142 -7.41572
v 7.44937 7.09142 -7.41572
v 7.40341 7.09142 -7.49533
v 7.44937 7.09142 -7.57494
v 7.54129 7.09142 -7.57494
v 7.49533 6.75000 -7.49533
v 7.49533 7.15000 -7.49533
vt 0.05000 0.50000
vt 0.15000 0.50000
vt 0.25000 0.50000
vt 0.35000 0.50000
vt 0.45000 0.50000
vt 0.55000 0.50000
vt 0.65000 0.50000
vt 0.75000 0.50000
vt 0.85000 0.50000
vt 0.95000 0.50000
usemtl cream
f 2/1 4/1 3/1 1/1
f 1/1 3/1 97/1
f 4/1 2/1 98/1
f 4/1 6/1 5/1 3/1
f 3/1 5/1 97/1
f 6/1 4/1 98/1
f 6/1 8/1 7/1 5/1
f 5/1 7/1 97/1
f 8/1 6/1 98/1
f 8/1 10/1 9/1 7/1
f 7/1 9/1 97/1
f 10/1 8/1 98/1
f 10/1 12/1 11/1 9/1
f 9/1 11/1 97/1
f 12/1 10/1 98/1
f 12/1 14/1 13/1 11/1
f 11/1 13/1 97/1
f 14/1 12/1 98/1
f 14/1 16/1 15/1 13/1
f 13/1 15/1 97/1
f 16/1 14/1 98/1
f 16/1 18/1 17/1 15/1
f 15/1 17/1 97/1
f 18/1 16/1 98/1
f 18/1 20/1 19/1 17/1
f 17/1 19/1 97/1
f 20/1 18/1 98/1
f 20/1 22/1 21/1 19/1
f 19/1 21/1 97/1
f 22/1 20/1 98/1
f 22/1 24/1 23/1 21/1
f 21/1 23/1 97/1
f 24/1 22/1 98/1
f 24/1 26/1 25/1 23/1
f 23/1 25/1 97/1
f 26/1 24/1 98/1
f 26/1 28/1 27/1 25/1
f 25/1 27/1 97/1
f 28/1 26/1 98/1
f 28/1 30/1 29/1 27/1
f 27/1 29/1 97/1
f 30/1 28/1 98/1
f 30/1 32/1 31/1 29/1
f 29/1 31/1 97/1
f 32/1 30/1 98/1
f 32/1 34/1 33/1 31/1
f 31/1 33/1 97/1
f 34/1 32/1 98/1
f 34/1 36/1 35/1 33/1
f 33/1 35/1 97/1
f 36/1 34/1 98/1
f 36/1 38/1 37/1 35/1
f 35/1 37/1 97/1
f 38/1 36/1 98/1
f 38/1 40/1 39/1 37/1
f 37/1 39/1 97/1
f 40/1 38/1 98/1
f 40/1 42/1 41/1 39/1
f 39/1 41/1 97/1
f 42/1 40/1 98/1
f 42/1 44/1 43/1 41/1
f 41/1 43/1 97/1
f 44/1 42/1 98/1
f 44/1 46/1 45/1 43/1
f 43/1 45/1 97/1
f 46/1 44/1 98/1
f 46/1 48/1 47/1 45/1
f 45/1 47/1 97/1
f 48/1 46/1 98/1
f 48/1 50/1 49/1 47/1
f 47/1 49/1 97/1
f 50/1 48/1 98/1
f 50/1 52/1 51/1 49/1
f 49/1 51/1 97/1
f 52/1 50/1 98/1
f 52/1 54/1 53/1 51/1
f 51/1 53/1 97/1
f 54/1 52/1 98/1
f 54/1 56/1 55/1 53/1
f 53/1 55/1 97/1
f 56/1 54/1 98/1
f 56/1 58/1 57/1 55/1
f 55/1 57/1 97/1
f 58/1 56/1 98/1
f 58/1 60/1 59/1 57/1
f 57/1 59/1 97/1
f 60/1 58/1 98/1
f 60/1 62/1 61/1 59/1
f 59/1 61/1 97/1
f 62/1 60/1 98/1
f 62/1 64/1 63/1 61/1
f 61/1 63/1 97/1
f 64/1 62/1 98/1
f 64/1 66/1 65/1 63/1
f 63/1 65/1 97/1
f 66/1 64/1 98/1
f 66/1 68/1 67/1 65/1
f 65/1 67/1 97/1
f 68/1 66/1 98/1
f 68/1 70/1 69/1 67/1
f 67/1 69/1 97/1
f 70/1 68/1 98/1
f 70/1 72/1 71/1 69/1
f 69/1 71/1 97/1
f 72/1 70/1 98/1
f 72/1 74/1 73/1 71/1
f 71/1 73/1 97/1
f 74/1 72/1 98/1
f 74/1 76/1 75/1 73/1
f 73/1 75/1 97/1
f 76/1 74/1 98/1
f 76/1 78/1 77/1 75/1
f 75/1 77/1 97/1
f 78/1 76/1 98/1
f 78/1 80/1 79/1 77/1
f 77/1 79/1 97/1
f 80/1 78/1 98/1
f 80/1 82/1 81/1 79/1
f 79/1 81/1 97/1
f 82/1 80/1 98/1
f 82/1 84/1 83/1 81/1
f 81/1 83/1 97/1
f 84/1 82/1 98/1
f 84/1 86/1 85/1 83/1
f 83/1 85/1 97/1
f 86/1 84/1 98/1
f 86/1 88/1 87/1 85/1
f 85/1 87/1 97/1
f 88/1 86/1 98/1
f 88/1 90/1 89/1 87/1
f 87/1 89/1 97/1
f 90/1 88/1 98/1
f 90/1 92/1 91/1 89/1
f 89/1 91/1 97/1
f 92/1 90/1 98/1
f 92/1 94/1 93/1 91/1
f 91/1 93/1 97/1
f 94/1 92/1 98/1
f 94/1 96/1 95/1 93/1
f 93/1 95/1 97/1
f 96/1 94/1 98/1
f 96/1 2/1 1/1 95/1
f 95/1 1/1 97/1
f 2/1 96/1 98/1
f 828/1 830/1 829/1 827/1
f 827/1 829/1 843/1
f 830/1 828/1 844/1
f 830/1 832/1 831/1 829/1
f 829/1 831/1 843/1
f 832/1 830/1 844/1
f 832/1 834/1 833/1 831/1
f 831/1 833/1 843/1
f 834/1 832/1 844/1
f 834/1 836/1 835/1 833/1
f 833/1 835/1 843/1
f 836/1 834/1 844/1
f 836/1 838/1 837/1 835/1
f 835/1 837/1 843/1
f 838/1 836/1 844/1
f 838/1 840/1 839/1 837/1
f 837/1 839/1 843/1
f 840/1 838/1 844/1
f 840/1 842/1 841/1 839/1
f 839/1 841/1 843/1
f 842/1 840/1 844/1
f 842/1 828/1 827/1 841/1
f 841/1 827/1 843/1
f 828/1 842/1 844/1
f 846/1 848/1 847/1 845/1
f 845/1 847/1 861/1
f 848/1 846/1 862/1
f 848/1 850/1 849/1 847/1
f 847/1 849/1 861/1
f 850/1 848/1 862/1
f 850/1 852/1 851/1 849/1
f 849/1 851/1 861/1
f 852/1 850/1 862/1
f 852/1 854/1 853/1 851/1
f 851/1 853/1 861/1
f 854/1 852/1 862/1
f 854/1 856/1 855/1 853/1
f 853/1 855/1 861/1
f 856/1 854/1 862/1
f 856/1 858/1 857/1 855/1
f 855/1 857/1 861/1
f 858/1 856/1 862/1
f 858/1 860/1 859/1 857/1
f 857/1 859/1 861/1
f 860/1 858/1 862/1
f 860/1 846/1 845/1 859/1
f 859/1 845/1 861/1
f 846/1 860/1 862/1
f 864/1 866/1 865/1 863/1
f 863/1 865/1 879/1
f 866/1 864/1 880/1
f 866/1 868/1 867/1 865/1
f 865/1 867/1 879/1
f 868/1 866/1 880/1
f 868/1 870/1 869/1 867/1
f 867/1 869/1 879/1
f 870/1 868/1 880/1
f 870/1 872/1 871/1 869/1
f 869/1 871/1 879/1
f 872/1 870/1 880/1
f 872/1 874/1 873/1 871/1
f 871/1 873/1 879/1
f 874/1 872/1 880/1
f 874/1 876/1 875/1 873/1
f 873/1 875/1 879/1
f 876/1 874/1 880/1
f 876/1 878/1 877/1 875/1
f 875/1 877/1 879/1
f 878/1 876/1 880/1
f 878/1 864/1 863/1 877/1
f 877/1 863/1 879/1
f 864/1 878/1 880/1
f 882/1 884/1 883/1 881/1
f 881/1 883/1 897/1
f 884/1 882/1 898/1
f 884/1 886/1 885/1 883/1
f 883/1 885/1 897/1
f 886/1 884/1 898/1
f 886/1 888/1 887/1 885/1
f 885/1 887/1 897/1
f 888/1 886/1 898/1
f 888/1 890/1 889/1 887/1
f 887/1 889/1 897/1
f 890/1 888/1 898/1
f 890/1 892/1 891/1 889/1
f 889/1 891/1 897/1
f 892/1 890/1 898/1
f 892/1 894/1 893/1 891/1
f 891/1 893/1 897/1
f 894/1 892/1 898/1
f 894/1 896/1 895/1 893/1
f 893/1 895/1 897/1
f 896/1 894/1 898/1
f 896/1 882/1 881/1 895/1
f 895/1 881/1 897/1
f 882/1 896/1 898/1
f 900/1 902/1 901/1 899/1
f 899/1 901/1 915/1
f 902/1 900/1 916/1
f 902/1 904/1 903/1 901/1
f 901/1 903/1 915/1
f 904/1 902/1 916/1
f 904/1 906/1 905/1 903/1
f 903/1 905/1 915/1
f 906/1 904/1 916/1
f 906/1 908/1 907/1 905/1
f 905/1 907/1 915/1
f 908/1 906/1 916/1
f 908/1 910/1 909/1 907/1
f 907/1 909/1 915/1
f 910/1 908/1 916/1
f 910/1 912/1 911/1 909/1
f 909/1 911/1 915/1
f 912/1 910/1 916/1
f 912/1 914/1 913/1 911/1
f 911/1 913/1 915/1
f 914/1 912/1 916/1
f 914/1 900/1 899/1 913/1
f 913/1 899/1 915/1
f 900/1 914/1 916/1
f 918/1 920/1 919/1 917/1
f 917/1 919/1 933/1
f 920/1 918/1 934/1
f 920/1 922/1 921/1 919/1
f 919/1 921/1 933/1
f 922/1 920/1 934/1
f 922/1 924/1 923/1 921/1
f 921/1 923/1 933/1
f 924/1 922/1 934/1
f 924/1 926/1 925/1 923/1
f 923/1 925/1 933/1
f 926/1 924/1 934/1
f 926/1 928/1 927/1 925/1
f 925/1 927/1 933/1
f 928/1 926/1 934/1
f 928/1 930/1 929/1 927/1
f 927/1 929/1 933/1
f 930/1 928/1 934/1
f 930/1 932/1 931/1 929/1
f 929/1 931/1 933/1
f 932/1 930/1 934/1
f 932/1 918/1 917/1 931/1
f 931/1 917/1 933/1
f 918/1 932/1 934/1
f 936/1 938/1 937/1 935/1
f 935/1 937/1 951/1
f 938/1 936/1 952/1
f 938/1 940/1 939/1 937/1
f 937/1 939/1 951/1
f 940/1 938/1 952/1
f 940/1 942/1 941/1 939/1
f 939/1 941/1 951/1
f 942/1 940/1 952/1
f 942/1 944/1 943/1 941/1
f 941/1 943/1 951/1
f 944/1 942/1 952/1
f 944/1 946/1 945/1 943/1
f 943/1 945/1 951/1
f 946/1 944/1 952/1
f 946/1 948/1 947/1 945/1
f 945/1 947/1 951/1
f 948/1 946/1 952/1
f 948/1 950/1 949/1 947/1
f 947/1 949/1 951/1
f 950/1 948/1 952/1
f 950/1 936/1 935/1 949/1
f 949/1 935/1 951/1
f 936/1 950/1 952/1
f 954/1 956/1 955/1 953/1
f 953/1 955/1 969/1
f 956/1 954/1 970/1
f 956/1 958/1 957/1 955/1
f 955/1 957/1 969/1
f 958/1 956/1 970/1
f 958/1 960/1 959/1 957/1
f 957/1 959/1 969/1
f 960/1 958/1 970/1
f 960/1 962/1 961/1 959/1
f 959/1 961/1 969/1
f 962/1 960/1 970/1
f 962/1 964/1 963/1 961/1
f 961/1 963/1 969/1
f 964/1 962/1 970/1
f 964/1 966/1 965/1 963/1
f 963/1 965/1 969/1
f 966/1 964/1 970/1
f 966/1 968/1 967/1 965/1
f 965/1 967/1 969/1
f 968/1 966/1 970/1
f 968/1 954/1 953/1 967/1
f 967/1 953/1 969/1
f 954/1 968/1 970/1
f 972/1 974/1 973/1 971/1
f 971/1 973/1 987/1
f 974/1 972/1 988/1
f 974/1 976/1 975/1 973/1
f 973/1 975/1 987/1
f 976/1 974/1 988/1
f 976/1 978/1 977/1 975/1
f 975/1 977/1 987/1
f 978/1 976/1 988/1
f 978/1 980/1 979/1 977/1
f 977/1 979/1 987/1
f 980/1 978/1 988/1
f 980/1 982/1 981/1 979/1
f 979/1 981/1 987/1
f 982/1 980/1 988/1
f 982/1 984/1 983/1 981/1
f 981/1 983/1 987/1
f 984/1 982/1 988/1
f 984/1 986/1 985/1 983/1
f 983/1 985/1 987/1
f 986/1 984/1 988/1
f 986/1 972/1 971/1 985/1
f 985/1 971/1 987/1
f 972/1 986/1 988/1
f 990/1 992/1 991/1 989/1
f 989/1 991/1 1005/1
f 992/1 990/1 1006/1
f 992/1 994/1 993/1 991/1
f 991/1 993/1 1005/1
f 994/1 992/1 1006/1
f 994/1 996/1 995/1 993/1
f 993/1 995/1 1005/1
f 996/1 994/1 1006/1
f 996/1 998/1 997/1 995/1
f 995/1 997/1 1005/1
f 998/1 996/1 1006/1
f 998/1 1000/1 999/1 997/1
f 997/1 999/1 1005/1
f 1000/1 998/1 1006/1
f 1000/1 1002/1 1001/1 999/1
f 999/1 1001/1 1005/1
f 1002/1 1000/1 1006/1
f 1002/1 1004/1 1003/1 1001/1
f 1001/1 1003/1 1005/1
f 1004/1 1002/1 1006/1
f 1004/1 990/1 989/1 1003/1
f 1003/1 989/1 1005/1
f 990/1 1004/1 1006/1
f 1008/1 1010/1 1009/1 1007/1
f 1007/1 1009/1 1023/1
f 1010/1 1008/1 1024/1
f 1010/1 1012/1 1011/1 1009/1
f 1009/1 1011/1 1023/1
f 1012/1 1010/1 1024/1
f 1012/1 1014/1 1013/1 1011/1
f 1011/1 1013/1 1023/1
f 1014/1 1012/1 1024/1
f 1014/1 1016/1 1015/1 1013/1
f 1013/1 1015/1 1023/1
f 1016/1 1014/1 1024/1
f 1016/1 1018/1 1017/1 1015/1
f 1015/1 1017/1 1023/1
f 1018/1 1016/1 1024/1
f 1018/1 1020/1 1019/1 1017/1
f 1017/1 1019/1 1023/1
f 1020/1 1018/1 1024/1
f 1020/1 1022/1 1021/1 1019/1
f 1019/1 1021/1 1023/1
f 1022/1 1020/1 1024/1
f 1022/1 1008/1 1007/1 1021/1
f 1021/1 1007/1 1023/1
f 1008/1 1022/1 1024/1
f 1026/1 1028/1 1027/1 1025/1
f 1025/1 1027/1 1041/1
f 1028/1 1026/1 1042/1
f 1028/1 1030/1 1029/1 1027/1
f 1027/1 1029/1 1041/1
f 1030/1 1028/1 1042/1
f 1030/1 1032/1 1031/1 1029/1
f 1029/1 1031/1 1041/1
f 1032/1 1030/1 1042/1
f 1032/1 1034/1 1033/1 1031/1
f 1031/1 1033/1 1041/1
f 1034/1 1032/1 1042/1
f 1034/1 1036/1 1035/1 1033/1
f 1033/1 1035/1 1041/1
f 1036/1 1034/1 1042/1
f 1036/1 1038/1 1037/1 1035/1
f 1035/1 1037/1 1041/1
f 1038/1 1036/1 1042/1
f 1038/1 1040/1 1039/1 1037/1
f 1037/1 1039/1 1041/1
f 1040/1 1038/1 1042/1
f 1040/1 1026/1 1025/1 1039/1
f 1039/1 1025/1 1041/1
f 1026/1 1040/1 1042/1
f 1044/1 1046/1 1045/1 1043/1
f 1043/1 1045/1 1059/1
f 1046/1 1044/1 1060/1
f 1046/1 1048/1 1047/1 1045/1
f 1045/1 1047/1 1059/1
f 1048/1 1046/1 1060/1
f 1048/1 1050/1 1049/1 1047/1
f 1047/1 1049/1 1059/1
f 1050/1 1048/1 1060/1
f 1050/1 1052/1 1051/1 1049/1
f 1049/1 1051/1 1059/1
f 1052/1 1050/1 1060/1
f 1052/1 1054/1 1053/1 1051/1
f 1051/1 1053/1 1059/1
f 1054/1 1052/1 1060/1
f 1054/1 1056/1 1055/1 1053/1
f 1053/1 1055/1 1059/1
f 1056/1 1054/1 1060/1
f 1056/1 1058/1 1057/1 1055/1
f 1055/1 1057/1 1059/1
f 1058/1 1056/1 1060/1
f 1058/1 1044/1 1043/1 1057/1
f 1057/1 1043/1 1059/1
f 1044/1 1058/1 1060/1
f 1062/1 1064/1 1063/1 1061/1
f 1061/1 1063/1 1077/1
f 1064/1 1062/1 1078/1
f 1064/1 1066/1 1065/1 1063/1
f 1063/1 1065/1 1077/1
f 1066/1 1064/1 1078/1
f 1066/1 1068/1 1067/1 1065/1
f 1065/1 1067/1 1077/1
f 1068/1 1066/1 1078/1
f 1068/1 1070/1 1069/1 1067/1
f 1067/1 1069/1 1077/1
f 1070/1 1068/1 1078/1
f 1070/1 1072/1 1071/1 1069/1
f 1069/1 1071/1 1077/1
f 1072/1 1070/1 1078/1
f 1072/1 1074/1 1073/1 1071/1
f 1071/1 1073/1 1077/1
f 1074/1 1072/1 1078/1
f 1074/1 1076/1 1075/1 1073/1
f 1073/1 1075/1 1077/1
f 1076/1 1074/1 1078/1
f 1076/1 1062/1 1061/1 1075/1
f 1075/1 1061/1 1077/1
f 1062/1 1076/1 1078/1
f 1080/1 1082/1 1081/1 1079/1
f 1079/1 1081/1 1095/1
f 1082/1 1080/1 1096/1
f 1082/1 1084/1 1083/1 1081/1
f 1081/1 1083/1 1095/1
f 1084/1 1082/1 1096/1
f 1084/1 1086/1 1085/1 1083/1
f 1083/1 1085/1 1095/1
f 1086/1 1084/1 1096/1
f 1086/1 1088/1 1087/1 1085/1
f 1085/1 1087/1 1095/1
f 1088/1 1086/1 1096/1
f 1088/1 1090/1 1089/1 1087/1
f 1087/1 1089/1 1095/1
f 1090/1 1088/1 1096/1
f 1090/1 1092/1 1091/1 1089/1
f 1089/1 1091/1 1095/1
f 1092/1 1090/1 1096/1
f 1092/1 1094/1 1093/1 1091/1
f 1091/1 1093/1 1095/1
f 1094/1 1092/1 1096/1
f 1094/1 1080/1 1079/1 1093/1
f 1093/1 1079/1 1095/1
f 1080/1 1094/1 1096/1
f 1098/1 1100/1 1099/1 1097/1
f 1097/1 1099/1 1113/1
f 1100/1 1098/1 1114/1
f 1100/1 1102/1 1101/1 1099/1
f 1099/1 1101/1 1113/1
f 1102/1 1100/1 1114/1
f 1102/1 1104/1 1103/1 1101/1
f 1101/1 1103/1 1113/1
f 1104/1 1102/1 1114/1
f 1104/1 1106/1 1105/1 1103/1
f 1103/1 1105/1 1113/1
f 1106/1 1104/1 1114/1
f 1106/1 1108/1 1107/1 1105/1
f 1105/1 1107/1 1113/1
f 1108/1 1106/1 1114/1
f 1108/1 1110/1 1109/1 1107/1
f 1107/1 1109/1 1113/1
f 1110/1 1108/1 1114/1
f 1110/1 1112/1 1111/1 1109/1
f 1109/1 1111/1 1113/1
f 1112/1 1110/1 1114/1
f 1112/1 1098/1 1097/1 1111/1
f 1111/1 1097/1 1113/1
f 1098/1 1112/1 1114/1
f 1116/1 1118/1 1117/1 1115/1
f 1115/1 1117/1 1131/1
f 1118/1 1116/1 1132/1
f 1118/1 1120/1 1119/1 1117/1
f 1117/1 1119/1 1131/1
f 1120/1 1118/1 1132/1
f 1120/1 1122/1 1121/1 1119/1
f 1119/1 1121/1 1131/1
f 1122/1 1120/1 1132/1
f 1122/1 1124/1 1123/1 1121/1
f 1121/1 1123/1 1131/1
f 1124/1 1122/1 1132/1
f 1124/1 1126/1 1125/1 1123/1
f 1123/1 1125/1 1131/1
f 1126/1 1124/1 1132/1
f 1126/1 1128/1 1127/1 1125/1
f 1125/1 1127/1 1131/1
f 1128/1 1126/1 1132/1
f 1128/1 1130/1 1129/1 1127/1
f 1127/1 1129/1 1131/1
f 1130/1 1128/1 1132/1
f 1130/1 1116/1 1115/1 1129/1
f 1129/1 1115/1 1131/1
f 1116/1 1130/1 1132/1
f 1134/1 1136/1 1135/1 1133/1
f 1133/1 1135/1 1149/1
f 1136/1 1134/1 1150/1
f 1136/1 1138/1 1137/1 1135/1
f 1135/1 1137/1 1149/1
f 1138/1 1136/1 1150/1
f 1138/1 1140/1 1139/1 1137/1
f 1137/1 1139/1 1149/1
f 1140/1 1138/1 1150/1
f 1140/1 1142/1 1141/1 1139/1
f 1139/1 1141/1 1149/1
f 1142/1 1140/1 1150/1
f 1142/1 1144/1 1143/1 1141/1
f 1141/1 1143/1 1149/1
f 1144/1 1142/1 1150/1
f 1144/1 1146/1 1145/1 1143/1
f 1143/1 1145/1 1149/1
f 1146/1 1144/1 1150/1
f 1146/1 1148/1 1147/1 1145/1
f 1145/1 1147/1 1149/1
f 1148/1 1146/1 1150/1
f 1148/1 1134/1 1133/1 1147/1
f 1147/1 1133/1 1149/1
f 1134/1 1148/1 1150/1
f 1152/1 1154/1 1153/1 1151/1
f 1151/1 1153/1 1167/1
f 1154/1 1152/1 1168/1
f 1154/1 1156/1 1155/1 1153/1
f 1153/1 1155/1 1167/1
f 1156/1 1154/1 1168/1
f 1156/1 1158/1 1157/1 1155/1
f 1155/1 1157/1 1167/1
f 1158/1 1156/1 1168/1
f 1158/1 1160/1 1159/1 1157/1
f 1157/1 1159/1 1167/1
f 1160/1 1158/1 1168/1
f 1160/1 1162/1 1161/1 1159/1
f 1159/1 1161/1 1167/1
f 1162/1 1160/1 1168/1
f 1162/1 1164/1 1163/1 1161/1
f 1161/1 1163/1 1167/1
f 1164/1 1162/1 1168/1
f 1164/1 1166/1 1165/1 1163/1
f 1163/1 1165/1 1167/1
f 1166/1 1164/1 1168/1
f 1166/1 1152/1 1151/1 1165/1
f 1165/1 1151/1 1167/1
f 1152/1 1166/1 1168/1
f 1170/1 1172/1 1171/1 1169/1
f 1169/1 1171/1 1185/1
f 1172/1 1170/1 1186/1
f 1172/1 1174/1 1173/1 1171/1
f 1171/1 1173/1 1185/1
f 1174/1 1172/1 1186/1
f 1174/1 1176/1 1175/1 1173/1
f 1173/1 1175/1 1185/1
f 1176/1 1174/1 1186/1
f 1176/1 1178/1 1177/1 1175/1
f 1175/1 1177/1 1185/1
f 1178/1 1176/1 1186/1
f 1178/1 1180/1 1179/1 1177/1
f 1177/1 1179/1 1185/1
f 1180/1 1178/1 1186/1
f 1180/1 1182/1 1181/1 1179/1
f 1179/1 1181/1 1185/1
f 1182/1 1180/1 1186/1
f 1182/1 1184/1 1183/1 1181/1
f 1181/1 1183/1 1185/1
f 1184/1 1182/1 1186/1
f 1184/1 1170/1 1169/1 1183/1
f 1183/1 1169/1 1185/1
f 1170/1 1184/1 1186/1
f 1188/1 1190/1 1189/1 1187/1
f 1187/1 1189/1 1203/1
f 1190/1 1188/1 1204/1
f 1190/1 1192/1 1191/1 1189/1
f 1189/1 1191/1 1203/1
f 1192/1 1190/1 1204/1
f 1192/1 1194/1 1193/1 1191/1
f 1191/1 1193/1 1203/1
f 1194/1 1192/1 1204/1
f 1194/1 1196/1 1195/1 1193/1
f 1193/1 1195/1 1203/1
f 1196/1 1194/1 1204/1
f 1196/1 1198/1 1197/1 1195/1
f 1195/1 1197/1 1203/1
f 1198/1 1196/1 1204/1
f 1198/1 1200/1 1199/1 1197/1
f 1197/1 1199/1 1203/1
f 1200/1 1198/1 1204/1
f 1200/1 1202/1 1201/1 1199/1
f 1199/1 1201/1 1203/1
f 1202/1 1200/1 1204/1
f 1202/1 1188/1 1187/1 1201/1
f 1201/1 1187/1 1203/1
f 1188/1 1202/1 1204/1
f 1206/1 1208/1 1207/1 1205/1
f 1205/1 1207/1 1221/1
f 1208/1 1206/1 1222/1
f 1208/1 1210/1 1209/1 1207/1
f 1207/1 1209/1 1221/1
f 1210/1 1208/1 1222/1
f 1210/1 1212/1 1211/1 1209/1
f 1209/1 1211/1 1221/1
f 1212/1 1210/1 1222/1
f 1212/1 1214/1 1213/1 1211/1
f 1211/1 1213/1 1221/1
f 1214/1 1212/1 1222/1
f 1214/1 1216/1 1215/1 1213/1
f 1213/1 1215/1 1221/1
f 1216/1 1214/1 1222/1
f 1216/1 1218/1 1217/1 1215/1
f 1215/1 1217/1 1221/1
f 1218/1 1216/1 1222/1
f 1218/1 1220/1 1219/1 1217/1
f 1217/1 1219/1 1221/1
f 1220/1 1218/1 1222/1
f 1220/1 1206/1 1205/1 1219/1
f 1219/1 1205/1 1221/1
f 1206/1 1220/1 1222/1
f 1224/1 1226/1 1225/1 1223/1
f 1223/1 1225/1 1239/1
f 1226/1 1224/1 1240/1
f 1226/1 1228/1 1227/1 1225/1
f 1225/1 1227/1 1239/1
f 1228/1 1226/1 1240/1
f 1228/1 1230/1 1229/1 1227/1
f 1227/1 1229/1 1239/1
f 1230/1 1228/1 1240/1
f 1230/1 1232/1 1231/1 1229/1
f 1229/1 1231/1 1239/1
f 1232/1 1230/1 1240/1
f 1232/1 1234/1 1233/1 1231/1
f 1231/1 1233/1 1239/1
f 1234/1 1232/1 1240/1
f 1234/1 1236/1 1235/1 1233/1
f 1233/1 1235/1 1239/1
f 1236/1 1234/1 1240/1
f 1236/1 1238/1 1237/1 1235/1
f 1235/1 1237/1 1239/1
f 1238/1 1236/1 1240/1
f 1238/1 1224/1 1223/1 1237/1
f 1237/1 1223/1 1239/1
f 1224/1 1238/1 1240/1
f 1242/1 1244/1 1243/1 1241/1
f 1241/1 1243/1 1257/1
f 1244/1 1242/1 1258/1
f 1244/1 1246/1 1245/1 1243/1
f 1243/1 1245/1 1257/1
f 1246/1 1244/1 1258/1
f 1246/1 1248/1 1247/1 1245/1
f 1245/1 1247/1 1257/1
f 1248/1 1246/1 1258/1
f 1248/1 1250/1 1249/1 1247/1
f 1247/1 1249/1 1257/1
f 1250/1 1248/1 1258/1
f 1250/1 1252/1 1251/1 1249/1
f 1249/1 1251/1 1257/1
f 1252/1 1250/1 1258/1
f 1252/1 1254/1 1253/1 1251/1
f 1251/1 1253/1 1257/1
f 1254/1 1252/1 1258/1
f 1254/1 1256/1 1255/1 1253/1
f 1253/1 1255/1 1257/1
f 1256/1 1254/1 1258/1
f 1256/1 1242/1 1241/1 1255/1
f 1255/1 1241/1 1257/1
f 1242/1 1256/1 1258/1
f 1932/1 1934/1 1933/1 1931/1
f 1931/1 1933/1 1955/1
f 1934/1 1932/1 1956/1
f 1934/1 1936/1 1935/1 1933/1
f 1933/1 1935/1 1955/1
f 1936/1 1934/1 1956/1
f 1936/1 1938/1 1937/1 1935/1
f 1935/1 1937/1 1955/1
f 1938/1 1936/1 1956/1
f 1938/1 1940/1 1939/1 1937/1
f 1937/1 1939/1 1955/1
f 1940/1 1938/1 1956/1
f 1940/1 1942/1 1941/1 1939/1
f 1939/1 1941/1 1955/1
f 1942/1 1940/1 1956/1
f 1942/1 1944/1 1943/1 1941/1
f 1941/1 1943/1 1955/1
f 1944/1 1942/1 1956/1
f 1944/1 1946/1 1945/1 1943/1
f 1943/1 1945/1 1955/1
f 1946/1 1944/1 1956/1
f 1946/1 1948/1 1947/1 1945/1
f 1945/1 1947/1 1955/1
f 1948/1 1946/1 1956/1
f 1948/1 1950/1 1949/1 1947/1
f 1947/1 1949/1 1955/1
f 1950/1 1948/1 1956/1
f 1950/1 1952/1 1951/1 1949/1
f 1949/1 1951/1 1955/1
f 1952/1 1950/1 1956/1
f 1952/1 1954/1 1953/1 1951/1
f 1951/1 1953/1 1955/1
f 1954/1 1952/1 1956/1
f 1954/1 1932/1 1931/1 1953/1
f 1953/1 1931/1 1955/1
f 1932/1 1954/1 1956/1
f 2126/1 2128/1 2127/1 2125/1
f 2125/1 2127/1 2149/1
f 2128/1 2126/1 2150/1
f 2128/1 2130/1 2129/1 2127/1
f 2127/1 2129/1 2149/1
f 2130/1 2128/1 2150/1
f 2130/1 2132/1 2131/1 2129/1
f 2129/1 2131/1 2149/1
f 2132/1 2130/1 2150/1
f 2132/1 2134/1 2133/1 2131/1
f 2131/1 2133/1 2149/1
f 2134/1 2132/1 2150/1
f 2134/1 2136/1 2135/1 2133/1
f 2133/1 2135/1 2149/1
f 2136/1 2134/1 2150/1
f 2136/1 2138/1 2137/1 2135/1
f 2135/1 2137/1 2149/1
f 2138/1 2136/1 2150/1
f 2138/1 2140/1 2139/1 2137/1
f 2137/1 2139/1 2149/1
f 2140/1 2138/1 2150/1
f 2140/1 2142/1 2141/1 2139/1
f 2139/1 2141/1 2149/1
f 2142/1 2140/1 2150/1
f 2142/1 2144/1 2143/1 2141/1
f 2141/1 2143/1 2149/1
f 2144/1 2142/1 2150/1
f 2144/1 2146/1 2145/1 2143/1
f 2143/1 2145/1 2149/1
f 2146/1 2144/1 2150/1
f 2146/1 2148/1 2147/1 2145/1
f 2145/1 2147/1 2149/1
f 2148/1 2146/1 2150/1
f 2148/1 2126/1 2125/1 2147/1
f 2147/1 2125/1 2149/1
f 2126/1 2148/1 2150/1
f 2320/1 2322/1 2321/1 2319/1
f 2319/1 2321/1 2343/1
f 2322/1 2320/1 2344/1
f 2322/1 2324/1 2323/1 2321/1
f 2321/1 2323/1 2343/1
f 2324/1 2322/1 2344/1
f 2324/1 2326/1 2325/1 2323/1
f 2323/1 2325/1 2343/1
f 2326/1 2324/1 2344/1
f 2326/1 2328/1 2327/1 2325/1
f 2325/1 2327/1 2343/1
f 2328/1 2326/1 2344/1
f 2328/1 2330/1 2329/1 2327/1
f 2327/1 2329/1 2343/1
f 2330/1 2328/1 2344/1
f 2330/1 2332/1 2331/1 2329/1
f 2329/1 2331/1 2343/1
f 2332/1 2330/1 2344/1
f 2332/1 2334/1 2333/1 2331/1
f 2331/1 2333/1 2343/1
f 2334/1 2332/1 2344/1
f 2334/1 2336/1 2335/1 2333/1
f 2333/1 2335/1 2343/1
f 2336/1 2334/1 2344/1
f 2336/1 2338/1 2337/1 2335/1
f 2335/1 2337/1 2343/1
f 2338/1 2336/1 2344/1
f 2338/1 2340/1 2339/1 2337/1
f 2337/1 2339/1 2343/1
f 2340/1 2338/1 2344/1
f 2340/1 2342/1 2341/1 2339/1
f 2339/1 2341/1 2343/1
f 2342/1 2340/1 2344/1
f 2342/1 2320/1 2319/1 2341/1
f 2341/1 2319/1 2343/1
f 2320/1 2342/1 2344/1
f 2514/1 2516/1 2515/1 2513/1
f 2513/1 2515/1 2537/1
f 2516/1 2514/1 2538/1
f 2516/1 2518/1 2517/1 2515/1
f 2515/1 2517/1 2537/1
f 2518/1 2516/1 2538/1
f 2518/1 2520/1 2519/1 2517/1
f 2517/1 2519/1 2537/1
f 2520/1 2518/1 2538/1
f 2520/1 2522/1 2521/1 2519/1
f 2519/1 2521/1 2537/1
f 2522/1 2520/1 2538/1
f 2522/1 2524/1 2523/1 2521/1
f 2521/1 2523/1 2537/1
f 2524/1 2522/1 2538/1
f 2524/1 2526/1 2525/1 2523/1
f 2523/1 2525/1 2537/1
f 2526/1 2524/1 2538/1
f 2526/1 2528/1 2527/1 2525/1
f 2525/1 2527/1 2537/1
f 2528/1 2526/1 2538/1
f 2528/1 2530/1 2529/1 2527/1
f 2527/1 2529/1 2537/1
f 2530/1 2528/1 2538/1
f 2530/1 2532/1 2531/1 2529/1
f 2529/1 2531/1 2537/1
f 2532/1 2530/1 2538/1
f 2532/1 2534/1 2533/1 2531/1
f 2531/1 2533/1 2537/1
f 2534/1 2532/1 2538/1
f 2534/1 2536/1 2535/1 2533/1
f 2533/1 2535/1 2537/1
f 2536/1 2534/1 2538/1
f 2536/1 2514/1 2513/1 2535/1
f 2535/1 2513/1 2537/1
f 2514/1 2536/1 2538/1
usemtl coral
f 100/2 102/2 101/2 99/2
f 99/2 101/2 195/2
f 102/2 100/2 196/2
f 102/2 104/2 103/2 101/2
f 101/2 103/2 195/2
f 104/2 102/2 196/2
f 104/2 106/2 105/2 103/2
f 103/2 105/2 195/2
f 106/2 104/2 196/2
f 106/2 108/2 107/2 105/2
f 105/2 107/2 195/2
f 108/2 106/2 196/2
f 108/2 110/2 109/2 107/2
f 107/2 109/2 195/2
f 110/2 108/2 196/2
f 110/2 112/2 111/2 109/2
f 109/2 111/2 195/2
f 112/2 110/2 196/2
f 112/2 114/2 113/2 111/2
f 111/2 113/2 195/2
f 114/2 112/2 196/2
f 114/2 116/2 115/2 113/2
f 113/2 115/2 195/2
f 116/2 114/2 196/2
f 116/2 118/2 117/2 115/2
f 115/2 117/2 195/2
f 118/2 116/2 196/2
f 118/2 120/2 119/2 117/2
f 117/2 119/2 195/2
f 120/2 118/2 196/2
f 120/2 122/2 121/2 119/2
f 119/2 121/2 195/2
f 122/2 120/2 196/2
f 122/2 124/2 123/2 121/2
f 121/2 123/2 195/2
f 124/2 122/2 196/2
f 124/2 126/2 125/2 123/2
f 123/2 125/2 195/2
f 126/2 124/2 196/2
f 126/2 128/2 127/2 125/2
f 125/2 127/2 195/2
f 128/2 126/2 196/2
f 128/2 130/2 129/2 127/2
f 127/2 129/2 195/2
f 130/2 128/2 196/2
f 130/2 132/2 131/2 129/2
f 129/2 131/2 195/2
f 132/2 130/2 196/2
f 132/2 134/2 133/2 131/2
f 131/2 133/2 195/2
f 134/2 132/2 196/2
f 134/2 136/2 135/2 133/2
f 133/2 135/2 195/2
f 136/2 134/2 196/2
f 136/2 138/2 137/2 135/2
f 135/2 137/2 195/2
f 138/2 136/2 196/2
f 138/2 140/2 139/2 137/2
f 137/2 139/2 195/2
f 140/2 138/2 196/2
f 140/2 142/2 141/2 139/2
f 139/2 141/2 195/2
f 142/2 140/2 196/2
f 142/2 144/2 143/2 141/2
f 141/2 143/2 195/2
f 144/2 142/2 196/2
f 144/2 146/2 145/2 143/2
f 143/2 145/2 195/2
f 146/2 144/2 196/2
f 146/2 148/2 147/2 145/2
f 145/2 147/2 195/2
f 148/2 146/2 196/2
f 148/2 150/2 149/2 147/2
f 147/2 149/2 195/2
f 150/2 148/2 196/2
f 150/2 152/2 151/2 149/2
f 149/2 151/2 195/2
f 152/2 150/2 196/2
f 152/2 154/2 153/2 151/2
f 151/2 153/2 195/2
f 154/2 152/2 196/2
f 154/2 156/2 155/2 153/2
f 153/2 155/2 195/2
f 156/2 154/2 196/2
f 156/2 158/2 157/2 155/2
f 155/2 157/2 195/2
f 158/2 156/2 196/2
f 158/2 160/2 159/2 157/2
f 157/2 159/2 195/2
f 160/2 158/2 196/2
f 160/2 162/2 161/2 159/2
f 159/2 161/2 195/2
f 162/2 160/2 196/2
f 162/2 164/2 163/2 161/2
f 161/2 163/2 195/2
f 164/2 162/2 196/2
f 164/2 166/2 165/2 163/2
f 163/2 165/2 195/2
f 166/2 164/2 196/2
f 166/2 168/2 167/2 165/2
f 165/2 167/2 195/2
f 168/2 166/2 196/2
f 168/2 170/2 169/2 167/2
f 167/2 169/2 195/2
f 170/2 168/2 196/2
f 170/2 172/2 171/2 169/2
f 169/2 171/2 195/2
f 172/2 170/2 196/2
f 172/2 174/2 173/2 171/2
f 171/2 173/2 195/2
f 174/2 172/2 196/2
f 174/2 176/2 175/2 173/2
f 173/2 175/2 195/2
f 176/2 174/2 196/2
f 176/2 178/2 177/2 175/2
f 175/2 177/2 195/2
f 178/2 176/2 196/2
f 178/2 180/2 179/2 177/2
f 177/2 179/2 195/2
f 180/2 178/2 196/2
f 180/2 182/2 181/2 179/2
f 179/2 181/2 195/2
f 182/2 180/2 196/2
f 182/2 184/2 183/2 181/2
f 181/2 183/2 195/2
f 184/2 182/2 196/2
f 184/2 186/2 185/2 183/2
f 183/2 185/2 195/2
f 186/2 184/2 196/2
f 186/2 188/2 187/2 185/2
f 185/2 187/2 195/2
f 188/2 186/2 196/2
f 188/2 190/2 189/2 187/2
f 187/2 189/2 195/2
f 190/2 188/2 196/2
f 190/2 192/2 191/2 189/2
f 189/2 191/2 195/2
f 192/2 190/2 196/2
f 192/2 194/2 193/2 191/2
f 191/2 193/2 195/2
f 194/2 192/2 196/2
f 194/2 100/2 99/2 193/2
f 193/2 99/2 195/2
f 100/2 194/2 196/2
f 295/2 296/2 301/2 300/2
f 296/2 297/2 302/2 301/2
f 297/2 298/2 303/2 302/2
f 298/2 299/2 304/2 303/2
f 299/2 295/2 300/2 304/2
f 300/2 301/2 306/2 305/2
f 301/2 302/2 307/2 306/2
f 302/2 303/2 308/2 307/2
f 303/2 304/2 309/2 308/2
f 304/2 300/2 305/2 309/2
f 305/2 306/2 311/2 310/2
f 306/2 307/2 312/2 311/2
f 307/2 308/2 313/2 312/2
f 308/2 309/2 314/2 313/2
f 309/2 305/2 310/2 314/2
f 310/2 311/2 316/2 315/2
f 311/2 312/2 317/2 316/2
f 312/2 313/2 318/2 317/2
f 313/2 314/2 319/2 318/2
f 314/2 310/2 315/2 319/2
f 315/2 316/2 321/2 320/2
f 316/2 317/2 322/2 321/2
f 317/2 318/2 323/2 322/2
f 318/2 319/2 324/2 323/2
f 319/2 315/2 320/2 324/2
f 320/2 321/2 326/2 325/2
f 321/2 322/2 327/2 326/2
f 322/2 323/2 328/2 327/2
f 323/2 324/2 329/2 328/2
f 324/2 320/2 325/2 329/2
f 325/2 326/2 331/2 330/2
f 326/2 327/2 332/2 331/2
f 327/2 328/2 333/2 332/2
f 328/2 329/2 334/2 333/2
f 329/2 325/2 330/2 334/2
f 330/2 331/2 336/2 335/2
f 331/2 332/2 337/2 336/2
f 332/2 333/2 338/2 337/2
f 333/2 334/2 339/2 338/2
f 334/2 330/2 335/2 339/2
f 335/2 336/2 341/2 340/2
f 336/2 337/2 342/2 341/2
f 337/2 338/2 343/2 342/2
f 338/2 339/2 344/2 343/2
f 339/2 335/2 340/2 344/2
f 340/2 341/2 346/2 345/2
f 341/2 342/2 347/2 346/2
f 342/2 343/2 348/2 347/2
f 343/2 344/2 349/2 348/2
f 344/2 340/2 345/2 349/2
f 345/2 346/2 351/2 350/2
f 346/2 347/2 352/2 351/2
f 347/2 348/2 353/2 352/2
f 348/2 349/2 354/2 353/2
f 349/2 345/2 350/2 354/2
f 350/2 351/2 356/2 355/2
f 351/2 352/2 357/2 356/2
f 352/2 353/2 358/2 357/2
f 353/2 354/2 359/2 358/2
f 354/2 350/2 355/2 359/2
f 355/2 356/2 361/2 360/2
f 356/2 357/2 362/2 361/2
f 357/2 358/2 363/2 362/2
f 358/2 359/2 364/2 363/2
f 359/2 355/2 360/2 364/2
f 360/2 361/2 366/2 365/2
f 361/2 362/2 367/2 366/2
f 362/2 363/2 368/2 367/2
f 363/2 364/2 369/2 368/2
f 364/2 360/2 365/2 369/2
f 365/2 366/2 371/2 370/2
f 366/2 367/2 372/2 371/2
f 367/2 368/2 373/2 372/2
f 368/2 369/2 374/2 373/2
f 369/2 365/2 370/2 374/2
f 370/2 371/2 376/2 375/2
f 371/2 372/2 377/2 376/2
f 372/2 373/2 378/2 377/2
f 373/2 374/2 379/2 378/2
f 374/2 370/2 375/2 379/2
f 375/2 376/2 381/2 380/2
f 376/2 377/2 382/2 381/2
f 377/2 378/2 383/2 382/2
f 378/2 379/2 384/2 383/2
f 379/2 375/2 380/2 384/2
f 380/2 381/2 386/2 385/2
f 381/2 382/2 387/2 386/2
f 382/2 383/2 388/2 387/2
f 383/2 384/2 389/2 388/2
f 384/2 380/2 385/2 389/2
f 385/2 386/2 391/2 390/2
f 386/2 387/2 392/2 391/2
f 387/2 388/2 393/2 392/2
f 388/2 389/2 394/2 393/2
f 389/2 385/2 390/2 394/2
f 390/2 391/2 396/2 395/2
f 391/2 392/2 397/2 396/2
f 392/2 393/2 398/2 397/2
f 393/2 394/2 399/2 398/2
f 394/2 390/2 395/2 399/2
f 395/2 396/2 401/2 400/2
f 396/2 397/2 402/2 401/2
f 397/2 398/2 403/2 402/2
f 398/2 399/2 404/2 403/2
f 399/2 395/2 400/2 404/2
f 400/2 401/2 406/2 405/2
f 401/2 402/2 407/2 406/2
f 402/2 403/2 408/2 407/2
f 403/2 404/2 409/2 408/2
f 404/2 400/2 405/2 409/2
f 405/2 406/2 411/2 410/2
f 406/2 407/2 412/2 411/2
f 407/2 408/2 413/2 412/2
f 408/2 409/2 414/2 413/2
f 409/2 405/2 410/2 414/2
f 410/2 411/2 416/2 415/2
f 411/2 412/2 417/2 416/2
f 412/2 413/2 418/2 417/2
f 413/2 414/2 419/2 418/2
f 414/2 410/2 415/2 419/2
f 415/2 416/2 421/2 420/2
f 416/2 417/2 422/2 421/2
f 417/2 418/2 423/2 422/2
f 418/2 419/2 424/2 423/2
f 419/2 415/2 420/2 424/2
f 420/2 421/2 426/2 425/2
f 421/2 422/2 427/2 426/2
f 422/2 423/2 428/2 427/2
f 423/2 424/2 429/2 428/2
f 424/2 420/2 425/2 429/2
f 425/2 426/2 431/2 430/2
f 426/2 427/2 432/2 431/2
f 427/2 428/2 433/2 432/2
f 428/2 429/2 434/2 433/2
f 429/2 425/2 430/2 434/2
f 430/2 431/2 436/2 435/2
f 431/2 432/2 437/2 436/2
f 432/2 433/2 438/2 437/2
f 433/2 434/2 439/2 438/2
f 434/2 430/2 435/2 439/2
f 435/2 436/2 441/2 440/2
f 436/2 437/2 442/2 441/2
f 437/2 438/2 443/2 442/2
f 438/2 439/2 444/2 443/2
f 439/2 435/2 440/2 444/2
f 440/2 441/2 446/2 445/2
f 441/2 442/2 447/2 446/2
f 442/2 443/2 448/2 447/2
f 443/2 444/2 449/2 448/2
f 444/2 440/2 445/2 449/2
f 445/2 446/2 451/2 450/2
f 446/2 447/2 452/2 451/2
f 447/2 448/2 453/2 452/2
f 448/2 449/2 454/2 453/2
f 449/2 445/2 450/2 454/2
f 450/2 451/2 456/2 455/2
f 451/2 452/2 457/2 456/2
f 452/2 453/2 458/2 457/2
f 453/2 454/2 459/2 458/2
f 454/2 450/2 455/2 459/2
f 455/2 456/2 461/2 460/2
f 456/2 457/2 462/2 461/2
f 457/2 458/2 463/2 462/2
f 458/2 459/2 464/2 463/2
f 459/2 455/2 460/2 464/2
f 460/2 461/2 466/2 465/2
f 461/2 462/2 467/2 466/2
f 462/2 463/2 468/2 467/2
f 463/2 464/2 469/2 468/2
f 464/2 460/2 465/2 469/2
f 465/2 466/2 471/2 470/2
f 466/2 467/2 472/2 471/2
f 467/2 468/2 473/2 472/2
f 468/2 469/2 474/2 473/2
f 469/2 465/2 470/2 474/2
f 470/2 471/2 476/2 475/2
f 471/2 472/2 477/2 476/2
f 472/2 473/2 478/2 477/2
f 473/2 474/2 479/2 478/2
f 474/2 470/2 475/2 479/2
f 475/2 476/2 481/2 480/2
f 476/2 477/2 482/2 481/2
f 477/2 478/2 483/2 482/2
f 478/2 479/2 484/2 483/2
f 479/2 475/2 480/2 484/2
f 480/2 481/2 486/2 485/2
f 481/2 482/2 487/2 486/2
f 482/2 483/2 488/2 487/2
f 483/2 484/2 489/2 488/2
f 484/2 480/2 485/2 489/2
f 485/2 486/2 491/2 490/2
f 486/2 487/2 492/2 491/2
f 487/2 488/2 493/2 492/2
f 488/2 489/2 494/2 493/2
f 489/2 485/2 490/2 494/2
f 490/2 491/2 496/2 495/2
f 491/2 492/2 497/2 496/2
f 492/2 493/2 498/2 497/2
f 493/2 494/2 499/2 498/2
f 494/2 490/2 495/2 499/2
f 495/2 496/2 501/2 500/2
f 496/2 497/2 502/2 501/2
f 497/2 498/2 503/2 502/2
f 498/2 499/2 504/2 503/2
f 499/2 495/2 500/2 504/2
f 500/2 501/2 506/2 505/2
f 501/2 502/2 507/2 506/2
f 502/2 503/2 508/2 507/2
f 503/2 504/2 509/2 508/2
f 504/2 500/2 505/2 509/2
f 505/2 506/2 511/2 510/2
f 506/2 507/2 512/2 511/2
f 507/2 508/2 513/2 512/2
f 508/2 509/2 514/2 513/2
f 509/2 505/2 510/2 514/2
f 510/2 511/2 516/2 515/2
f 511/2 512/2 517/2 516/2
f 512/2 513/2 518/2 517/2
f 513/2 514/2 519/2 518/2
f 514/2 510/2 515/2 519/2
f 515/2 516/2 521/2 520/2
f 516/2 517/2 522/2 521/2
f 517/2 518/2 523/2 522/2
f 518/2 519/2 524/2 523/2
f 519/2 515/2 520/2 524/2
f 520/2 521/2 526/2 525/2
f 521/2 522/2 527/2 526/2
f 522/2 523/2 528/2 527/2
f 523/2 524/2 529/2 528/2
f 524/2 520/2 525/2 529/2
f 525/2 526/2 531/2 530/2
f 526/2 527/2 532/2 531/2
f 527/2 528/2 533/2 532/2
f 528/2 529/2 534/2 533/2
f 529/2 525/2 530/2 534/2
f 530/2 531/2 296/2 295/2
f 531/2 532/2 297/2 296/2
f 532/2 533/2 298/2 297/2
f 533/2 534/2 299/2 298/2
f 534/2 530/2 295/2 299/2
f 786/2 788/2 787/2 785/2
f 785/2 787/2 825/2
f 788/2 786/2 826/2
f 788/2 790/2 789/2 787/2
f 787/2 789/2 825/2
f 790/2 788/2 826/2
f 790/2 792/2 791/2 789/2
f 789/2 791/2 825/2
f 792/2 790/2 826/2
f 792/2 794/2 793/2 791/2
f 791/2 793/2 825/2
f 794/2 792/2 826/2
f 794/2 796/2 795/2 793/2
f 793/2 795/2 825/2
f 796/2 794/2 826/2
f 796/2 798/2 797/2 795/2
f 795/2 797/2 825/2
f 798/2 796/2 826/2
f 798/2 800/2 799/2 797/2
f 797/2 799/2 825/2
f 800/2 798/2 826/2
f 800/2 802/2 801/2 799/2
f 799/2 801/2 825/2
f 802/2 800/2 826/2
f 802/2 804/2 803/2 801/2
f 801/2 803/2 825/2
f 804/2 802/2 826/2
f 804/2 806/2 805/2 803/2
f 803/2 805/2 825/2
f 806/2 804/2 826/2
f 806/2 808/2 807/2 805/2
f 805/2 807/2 825/2
f 808/2 806/2 826/2
f 808/2 810/2 809/2 807/2
f 807/2 809/2 825/2
f 810/2 808/2 826/2
f 810/2 812/2 811/2 809/2
f 809/2 811/2 825/2
f 812/2 810/2 826/2
f 812/2 814/2 813/2 811/2
f 811/2 813/2 825/2
f 814/2 812/2 826/2
f 814/2 816/2 815/2 813/2
f 813/2 815/2 825/2
f 816/2 814/2 826/2
f 816/2 818/2 817/2 815/2
f 815/2 817/2 825/2
f 818/2 816/2 826/2
f 818/2 820/2 819/2 817/2
f 817/2 819/2 825/2
f 820/2 818/2 826/2
f 820/2 822/2 821/2 819/2
f 819/2 821/2 825/2
f 822/2 820/2 826/2
f 822/2 824/2 823/2 821/2
f 821/2 823/2 825/2
f 824/2 822/2 826/2
f 824/2 786/2 785/2 823/2
f 823/2 785/2 825/2
f 786/2 824/2 826/2
f 1259/2 1260/2 1268/2 1267/2
f 1260/2 1261/2 1269/2 1268/2
f 1261/2 1262/2 1270/2 1269/2
f 1262/2 1263/2 1271/2 1270/2
f 1263/2 1264/2 1272/2 1271/2
f 1264/2 1265/2 1273/2 1272/2
f 1265/2 1266/2 1274/2 1273/2
f 1266/2 1259/2 1267/2 1274/2
f 1267/2 1268/2 1276/2 1275/2
f 1268/2 1269/2 1277/2 1276/2
f 1269/2 1270/2 1278/2 1277/2
f 1270/2 1271/2 1279/2 1278/2
f 1271/2 1272/2 1280/2 1279/2
f 1272/2 1273/2 1281/2 1280/2
f 1273/2 1274/2 1282/2 1281/2
f 1274/2 1267/2 1275/2 1282/2
f 1275/2 1276/2 1284/2 1283/2
f 1276/2 1277/2 1285/2 1284/2
f 1277/2 1278/2 1286/2 1285/2
f 1278/2 1279/2 1287/2 1286/2
f 1279/2 1280/2 1288/2 1287/2
f 1280/2 1281/2 1289/2 1288/2
f 1281/2 1282/2 1290/2 1289/2
f 1282/2 1275/2 1283/2 1290/2
f 1283/2 1284/2 1292/2 1291/2
f 1284/2 1285/2 1293/2 1292/2
f 1285/2 1286/2 1294/2 1293/2
f 1286/2 1287/2 1295/2 1294/2
f 1287/2 1288/2 1296/2 1295/2
f 1288/2 1289/2 1297/2 1296/2
f 1289/2 1290/2 1298/2 1297/2
f 1290/2 1283/2 1291/2 1298/2
f 1291/2 1292/2 1300/2 1299/2
f 1292/2 1293/2 1301/2 1300/2
f 1293/2 1294/2 1302/2 1301/2
f 1294/2 1295/2 1303/2 1302/2
f 1295/2 1296/2 1304/2 1303/2
f 1296/2 1297/2 1305/2 1304/2
f 1297/2 1298/2 1306/2 1305/2
f 1298/2 1291/2 1299/2 1306/2
f 1299/2 1300/2 1308/2 1307/2
f 1300/2 1301/2 1309/2 1308/2
f 1301/2 1302/2 1310/2 1309/2
f 1302/2 1303/2 1311/2 1310/2
f 1303/2 1304/2 1312/2 1311/2
f 1304/2 1305/2 1313/2 1312/2
f 1305/2 1306/2 1314/2 1313/2
f 1306/2 1299/2 1307/2 1314/2
f 1307/2 1308/2 1316/2 1315/2
f 1308/2 1309/2 1317/2 1316/2
f 1309/2 1310/2 1318/2 1317/2
f 1310/2 1311/2 1319/2 1318/2
f 1311/2 1312/2 1320/2 1319/2
f 1312/2 1313/2 1321/2 1320/2
f 1313/2 1314/2 1322/2 1321/2
f 1314/2 1307/2 1315/2 1322/2
f 1315/2 1316/2 1324/2 1323/2
f 1316/2 1317/2 1325/2 1324/2
f 1317/2 1318/2 1326/2 1325/2
f 1318/2 1319/2 1327/2 1326/2
f 1319/2 1320/2 1328/2 1327/2
f 1320/2 1321/2 1329/2 1328/2
f 1321/2 1322/2 1330/2 1329/2
f 1322/2 1315/2 1323/2 1330/2
f 1323/2 1324/2 1332/2 1331/2
f 1324/2 1325/2 1333/2 1332/2
f 1325/2 1326/2 1334/2 1333/2
f 1326/2 1327/2 1335/2 1334/2
f 1327/2 1328/2 1336/2 1335/2
f 1328/2 1329/2 1337/2 1336/2
f 1329/2 1330/2 1338/2 1337/2
f 1330/2 1323/2 1331/2 1338/2
f 1331/2 1332/2 1340/2 1339/2
f 1332/2 1333/2 1341/2 1340/2
f 1333/2 1334/2 1342/2 1341/2
f 1334/2 1335/2 1343/2 1342/2
f 1335/2 1336/2 1344/2 1343/2
f 1336/2 1337/2 1345/2 1344/2
f 1337/2 1338/2 1346/2 1345/2
f 1338/2 1331/2 1339/2 1346/2
f 1339/2 1340/2 1348/2 1347/2
f 1340/2 1341/2 1349/2 1348/2
f 1341/2 1342/2 1350/2 1349/2
f 1342/2 1343/2 1351/2 1350/2
f 1343/2 1344/2 1352/2 1351/2
f 1344/2 1345/2 1353/2 1352/2
f 1345/2 1346/2 1354/2 1353/2
f 1346/2 1339/2 1347/2 1354/2
f 1347/2 1348/2 1356/2 1355/2
f 1348/2 1349/2 1357/2 1356/2
f 1349/2 1350/2 1358/2 1357/2
f 1350/2 1351/2 1359/2 1358/2
f 1351/2 1352/2 1360/2 1359/2
f 1352/2 1353/2 1361/2 1360/2
f 1353/2 1354/2 1362/2 1361/2
f 1354/2 1347/2 1355/2 1362/2
f 1355/2 1356/2 1364/2 1363/2
f 1356/2 1357/2 1365/2 1364/2
f 1357/2 1358/2 1366/2 1365/2
f 1358/2 1359/2 1367/2 1366/2
f 1359/2 1360/2 1368/2 1367/2
f 1360/2 1361/2 1369/2 1368/2
f 1361/2 1362/2 1370/2 1369/2
f 1362/2 1355/2 1363/2 1370/2
f 1363/2 1364/2 1372/2 1371/2
f 1364/2 1365/2 1373/2 1372/2
f 1365/2 1366/2 1374/2 1373/2
f 1366/2 1367/2 1375/2 1374/2
f 1367/2 1368/2 1376/2 1375/2
f 1368/2 1369/2 1377/2 1376/2
f 1369/2 1370/2 1378/2 1377/2
f 1370/2 1363/2 1371/2 1378/2
f 1371/2 1372/2 1380/2 1379/2
f 1372/2 1373/2 1381/2 1380/2
f 1373/2 1374/2 1382/2 1381/2
f 1374/2 1375/2 1383/2 1382/2
f 1375/2 1376/2 1384/2 1383/2
f 1376/2 1377/2 1385/2 1384/2
f 1377/2 1378/2 1386/2 1385/2
f 1378/2 1371/2 1379/2 1386/2
f 1379/2 1380/2 1388/2 1387/2
f 1380/2 1381/2 1389/2 1388/2
f 1381/2 1382/2 1390/2 1389/2
f 1382/2 1383/2 1391/2 1390/2
f 1383/2 1384/2 1392/2 1391/2
f 1384/2 1385/2 1393/2 1392/2
f 1385/2 1386/2 1394/2 1393/2
f 1386/2 1379/2 1387/2 1394/2
f 1387/2 1388/2 1396/2 1395/2
f 1388/2 1389/2 1397/2 1396/2
f 1389/2 1390/2 1398/2 1397/2
f 1390/2 1391/2 1399/2 1398/2
f 1391/2 1392/2 1400/2 1399/2
f 1392/2 1393/2 1401/2 1400/2
f 1393/2 1394/2 1402/2 1401/2
f 1394/2 1387/2 1395/2 1402/2
f 1395/2 1396/2 1404/2 1403/2
f 1396/2 1397/2 1405/2 1404/2
f 1397/2 1398/2 1406/2 1405/2
f 1398/2 1399/2 1407/2 1406/2
f 1399/2 1400/2 1408/2 1407/2
f 1400/2 1401/2 1409/2 1408/2
f 1401/2 1402/2 1410/2 1409/2
f 1402/2 1395/2 1403/2 1410/2
f 1403/2 1404/2 1412/2 1411/2
f 1404/2 1405/2 1413/2 1412/2
f 1405/2 1406/2 1414/2 1413/2
f 1406/2 1407/2 1415/2 1414/2
f 1407/2 1408/2 1416/2 1415/2
f 1408/2 1409/2 1417/2 1416/2
f 1409/2 1410/2 1418/2 1417/2
f 1410/2 1403/2 1411/2 1418/2
f 1411/2 1412/2 1420/2 1419/2
f 1412/2 1413/2 1421/2 1420/2
f 1413/2 1414/2 1422/2 1421/2
f 1414/2 1415/2 1423/2 1422/2
f 1415/2 1416/2 1424/2 1423/2
f 1416/2 1417/2 1425/2 1424/2
f 1417/2 1418/2 1426/2 1425/2
f 1418/2 1411/2 1419/2 1426/2
f 1419/2 1420/2 1428/2 1427/2
f 1420/2 1421/2 1429/2 1428/2
f 1421/2 1422/2 1430/2 1429/2
f 1422/2 1423/2 1431/2 1430/2
f 1423/2 1424/2 1432/2 1431/2
f 1424/2 1425/2 1433/2 1432/2
f 1425/2 1426/2 1434/2 1433/2
f 1426/2 1419/2 1427/2 1434/2
f 1427/2 1428/2 1436/2 1435/2
f 1428/2 1429/2 1437/2 1436/2
f 1429/2 1430/2 1438/2 1437/2
f 1430/2 1431/2 1439/2 1438/2
f 1431/2 1432/2 1440/2 1439/2
f 1432/2 1433/2 1441/2 1440/2
f 1433/2 1434/2 1442/2 1441/2
f 1434/2 1427/2 1435/2 1442/2
f 1435/2 1436/2 1444/2 1443/2
f 1436/2 1437/2 1445/2 1444/2
f 1437/2 1438/2 1446/2 1445/2
f 1438/2 1439/2 1447/2 1446/2
f 1439/2 1440/2 1448/2 1447/2
f 1440/2 1441/2 1449/2 1448/2
f 1441/2 1442/2 1450/2 1449/2
f 1442/2 1435/2 1443/2 1450/2
f 1443/2 1444/2 1452/2 1451/2
f 1444/2 1445/2 1453/2 1452/2
f 1445/2 1446/2 1454/2 1453/2
f 1446/2 1447/2 1455/2 1454/2
f 1447/2 1448/2 1456/2 1455/2
f 1448/2 1449/2 1457/2 1456/2
f 1449/2 1450/2 1458/2 1457/2
f 1450/2 1443/2 1451/2 1458/2
f 1451/2 1452/2 1460/2 1459/2
f 1452/2 1453/2 1461/2 1460/2
f 1453/2 1454/2 1462/2 1461/2
f 1454/2 1455/2 1463/2 1462/2
f 1455/2 1456/2 1464/2 1463/2
f 1456/2 1457/2 1465/2 1464/2
f 1457/2 1458/2 1466/2 1465/2
f 1458/2 1451/2 1459/2 1466/2
f 1459/2 1460/2 1468/2 1467/2
f 1460/2 1461/2 1469/2 1468/2
f 1461/2 1462/2 1470/2 1469/2
f 1462/2 1463/2 1471/2 1470/2
f 1463/2 1464/2 1472/2 1471/2
f 1464/2 1465/2 1473/2 1472/2
f 1465/2 1466/2 1474/2 1473/2
f 1466/2 1459/2 1467/2 1474/2
f 1467/2 1468/2 1476/2 1475/2
f 1468/2 1469/2 1477/2 1476/2
f 1469/2 1470/2 1478/2 1477/2
f 1470/2 1471/2 1479/2 1478/2
f 1471/2 1472/2 1480/2 1479/2
f 1472/2 1473/2 1481/2 1480/2
f 1473/2 1474/2 1482/2 1481/2
f 1474/2 1467/2 1475/2 1482/2
f 1475/2 1476/2 1484/2 1483/2
f 1476/2 1477/2 1485/2 1484/2
f 1477/2 1478/2 1486/2 1485/2
f 1478/2 1479/2 1487/2 1486/2
f 1479/2 1480/2 1488/2 1487/2
f 1480/2 1481/2 1489/2 1488/2
f 1481/2 1482/2 1490/2 1489/2
f 1482/2 1475/2 1483/2 1490/2
f 1483/2 1484/2 1492/2 1491/2
f 1484/2 1485/2 1493/2 1492/2
f 1485/2 1486/2 1494/2 1493/2
f 1486/2 1487/2 1495/2 1494/2
f 1487/2 1488/2 1496/2 1495/2
f 1488/2 1489/2 1497/2 1496/2
f 1489/2 1490/2 1498/2 1497/2
f 1490/2 1483/2 1491/2 1498/2
f 1491/2 1492/2 1500/2 1499/2
f 1492/2 1493/2 1501/2 1500/2
f 1493/2 1494/2 1502/2 1501/2
f 1494/2 1495/2 1503/2 1502/2
f 1495/2 1496/2 1504/2 1503/2
f 1496/2 1497/2 1505/2 1504/2
f 1497/2 1498/2 1506/2 1505/2
f 1498/2 1491/2 1499/2 1506/2
f 1499/2 1500/2 1508/2 1507/2
f 1500/2 1501/2 1509/2 1508/2
f 1501/2 1502/2 1510/2 1509/2
f 1502/2 1503/2 1511/2 1510/2
f 1503/2 1504/2 1512/2 1511/2
f 1504/2 1505/2 1513/2 1512/2
f 1505/2 1506/2 1514/2 1513/2
f 1506/2 1499/2 1507/2 1514/2
f 1507/2 1508/2 1516/2 1515/2
f 1508/2 1509/2 1517/2 1516/2
f 1509/2 1510/2 1518/2 1517/2
f 1510/2 1511/2 1519/2 1518/2
f 1511/2 1512/2 1520/2 1519/2
f 1512/2 1513/2 1521/2 1520/2
f 1513/2 1514/2 1522/2 1521/2
f 1514/2 1507/2 1515/2 1522/2
f 1515/2 1516/2 1524/2 1523/2
f 1516/2 1517/2 1525/2 1524/2
f 1517/2 1518/2 1526/2 1525/2
f 1518/2 1519/2 1527/2 1526/2
f 1519/2 1520/2 1528/2 1527/2
f 1520/2 1521/2 1529/2 1528/2
f 1521/2 1522/2 1530/2 1529/2
f 1522/2 1515/2 1523/2 1530/2
f 1523/2 1524/2 1532/2 1531/2
f 1524/2 1525/2 1533/2 1532/2
f 1525/2 1526/2 1534/2 1533/2
f 1526/2 1527/2 1535/2 1534/2
f 1527/2 1528/2 1536/2 1535/2
f 1528/2 1529/2 1537/2 1536/2
f 1529/2 1530/2 1538/2 1537/2
f 1530/2 1523/2 1531/2 1538/2
f 1531/2 1532/2 1540/2 1539/2
f 1532/2 1533/2 1541/2 1540/2
f 1533/2 1534/2 1542/2 1541/2
f 1534/2 1535/2 1543/2 1542/2
f 1535/2 1536/2 1544/2 1543/2
f 1536/2 1537/2 1545/2 1544/2
f 1537/2 1538/2 1546/2 1545/2
f 1538/2 1531/2 1539/2 1546/2
f 1539/2 1540/2 1548/2 1547/2
f 1540/2 1541/2 1549/2 1548/2
f 1541/2 1542/2 1550/2 1549/2
f 1542/2 1543/2 1551/2 1550/2
f 1543/2 1544/2 1552/2 1551/2
f 1544/2 1545/2 1553/2 1552/2
f 1545/2 1546/2 1554/2 1553/2
f 1546/2 1539/2 1547/2 1554/2
f 1547/2 1548/2 1556/2 1555/2
f 1548/2 1549/2 1557/2 1556/2
f 1549/2 1550/2 1558/2 1557/2
f 1550/2 1551/2 1559/2 1558/2
f 1551/2 1552/2 1560/2 1559/2
f 1552/2 1553/2 1561/2 1560/2
f 1553/2 1554/2 1562/2 1561/2
f 1554/2 1547/2 1555/2 1562/2
f 1555/2 1556/2 1564/2 1563/2
f 1556/2 1557/2 1565/2 1564/2
f 1557/2 1558/2 1566/2 1565/2
f 1558/2 1559/2 1567/2 1566/2
f 1559/2 1560/2 1568/2 1567/2
f 1560/2 1561/2 1569/2 1568/2
f 1561/2 1562/2 1570/2 1569/2
f 1562/2 1555/2 1563/2 1570/2
f 1563/2 1564/2 1572/2 1571/2
f 1564/2 1565/2 1573/2 1572/2
f 1565/2 1566/2 1574/2 1573/2
f 1566/2 1567/2 1575/2 1574/2
f 1567/2 1568/2 1576/2 1575/2
f 1568/2 1569/2 1577/2 1576/2
f 1569/2 1570/2 1578/2 1577/2
f 1570/2 1563/2 1571/2 1578/2
f 1571/2 1572/2 1580/2 1579/2
f 1572/2 1573/2 1581/2 1580/2
f 1573/2 1574/2 1582/2 1581/2
f 1574/2 1575/2 1583/2 1582/2
f 1575/2 1576/2 1584/2 1583/2
f 1576/2 1577/2 1585/2 1584/2
f 1577/2 1578/2 1586/2 1585/2
f 1578/2 1571/2 1579/2 1586/2
f 1579/2 1580/2 1588/2 1587/2
f 1580/2 1581/2 1589/2 1588/2
f 1581/2 1582/2 1590/2 1589/2
f 1582/2 1583/2 1591/2 1590/2
f 1583/2 1584/2 1592/2 1591/2
f 1584/2 1585/2 1593/2 1592/2
f 1585/2 1586/2 1594/2 1593/2
f 1586/2 1579/2 1587/2 1594/2
f 1587/2 1588/2 1596/2 1595/2
f 1588/2 1589/2 1597/2 1596/2
f 1589/2 1590/2 1598/2 1597/2
f 1590/2 1591/2 1599/2 1598/2
f 1591/2 1592/2 1600/2 1599/2
f 1592/2 1593/2 1601/2 1600/2
f 1593/2 1594/2 1602/2 1601/2
f 1594/2 1587/2 1595/2 1602/2
f 1595/2 1596/2 1604/2 1603/2
f 1596/2 1597/2 1605/2 1604/2
f 1597/2 1598/2 1606/2 1605/2
f 1598/2 1599/2 1607/2 1606/2
f 1599/2 1600/2 1608/2 1607/2
f 1600/2 1601/2 1609/2 1608/2
f 1601/2 1602/2 1610/2 1609/2
f 1602/2 1595/2 1603/2 1610/2
f 1603/2 1604/2 1612/2 1611/2
f 1604/2 1605/2 1613/2 1612/2
f 1605/2 1606/2 1614/2 1613/2
f 1606/2 1607/2 1615/2 1614/2
f 1607/2 1608/2 1616/2 1615/2
f 1608/2 1609/2 1617/2 1616/2
f 1609/2 1610/2 1618/2 1617/2
f 1610/2 1603/2 1611/2 1618/2
f 1611/2 1612/2 1620/2 1619/2
f 1612/2 1613/2 1621/2 1620/2
f 1613/2 1614/2 1622/2 1621/2
f 1614/2 1615/2 1623/2 1622/2
f 1615/2 1616/2 1624/2 1623/2
f 1616/2 1617/2 1625/2 1624/2
f 1617/2 1618/2 1626/2 1625/2
f 1618/2 1611/2 1619/2 1626/2
f 1619/2 1620/2 1628/2 1627/2
f 1620/2 1621/2 1629/2 1628/2
f 1621/2 1622/2 1630/2 1629/2
f 1622/2 1623/2 1631/2 1630/2
f 1623/2 1624/2 1632/2 1631/2
f 1624/2 1625/2 1633/2 1632/2
f 1625/2 1626/2 1634/2 1633/2
f 1626/2 1619/2 1627/2 1634/2
f 1627/2 1628/2 1636/2 1635/2
f 1628/2 1629/2 1637/2 1636/2
f 1629/2 1630/2 1638/2 1637/2
f 1630/2 1631/2 1639/2 1638/2
f 1631/2 1632/2 1640/2 1639/2
f 1632/2 1633/2 1641/2 1640/2
f 1633/2 1634/2 1642/2 1641/2
f 1634/2 1627/2 1635/2 1642/2
f 1635/2 1636/2 1260/2 1259/2
f 1636/2 1637/2 1261/2 1260/2
f 1637/2 1638/2 1262/2 1261/2
f 1638/2 1639/2 1263/2 1262/2
f 1639/2 1640/2 1264/2 1263/2
f 1640/2 1641/2 1265/2 1264/2
f 1641/2 1642/2 1266/2 1265/2
f 1642/2 1635/2 1259/2 1266/2
f 2105/2 2106/2 2123/2
f 2118/2 2117/2 2124/2
f 2106/2 2107/2 2123/2
f 2119/2 2118/2 2124/2
f 2107/2 2108/2 2123/2
f 2120/2 2119/2 2124/2
f 2108/2 2109/2 2123/2
f 2121/2 2120/2 2124/2
f 2109/2 2110/2 2123/2
f 2122/2 2121/2 2124/2
f 2110/2 2105/2 2123/2
f 2117/2 2122/2 2124/2
f 2111/2 2112/2 2106/2 2105/2
f 2112/2 2113/2 2107/2 2106/2
f 2113/2 2114/2 2108/2 2107/2
f 2114/2 2115/2 2109/2 2108/2
f 2115/2 2116/2 2110/2 2109/2
f 2116/2 2111/2 2105/2 2110/2
f 2117/2 2118/2 2112/2 2111/2
f 2118/2 2119/2 2113/2 2112/2
f 2119/2 2120/2 2114/2 2113/2
f 2120/2 2121/2 2115/2 2114/2
f 2121/2 2122/2 2116/2 2115/2
f 2122/2 2117/2 2111/2 2116/2
f 2299/2 2300/2 2317/2
f 2312/2 2311/2 2318/2
f 2300/2 2301/2 2317/2
f 2313/2 2312/2 2318/2
f 2301/2 2302/2 2317/2
f 2314/2 2313/2 2318/2
f 2302/2 2303/2 2317/2
f 2315/2 2314/2 2318/2
f 2303/2 2304/2 2317/2
f 2316/2 2315/2 2318/2
f 2304/2 2299/2 2317/2
f 2311/2 2316/2 2318/2
f 2305/2 2306/2 2300/2 2299/2
f 2306/2 2307/2 2301/2 2300/2
f 2307/2 2308/2 2302/2 2301/2
f 2308/2 2309/2 2303/2 2302/2
f 2309/2 2310/2 2304/2 2303/2
f 2310/2 2305/2 2299/2 2304/2
f 2311/2 2312/2 2306/2 2305/2
f 2312/2 2313/2 2307/2 2306/2
f 2313/2 2314/2 2308/2 2307/2
f 2314/2 2315/2 2309/2 2308/2
f 2315/2 2316/2 2310/2 2309/2
f 2316/2 2311/2 2305/2 2310/2
f 2493/2 2494/2 2511/2
f 2506/2 2505/2 2512/2
f 2494/2 2495/2 2511/2
f 2507/2 2506/2 2512/2
f 2495/2 2496/2 2511/2
f 2508/2 2507/2 2512/2
f 2496/2 2497/2 2511/2
f 2509/2 2508/2 2512/2
f 2497/2 2498/2 2511/2
f 2510/2 2509/2 2512/2
f 2498/2 2493/2 2511/2
f 2505/2 2510/2 2512/2
f 2499/2 2500/2 2494/2 2493/2
f 2500/2 2501/2 2495/2 2494/2
f 2501/2 2502/2 2496/2 2495/2
f 2502/2 2503/2 2497/2 2496/2
f 2503/2 2504/2 2498/2 2497/2
f 2504/2 2499/2 2493/2 2498/2
f 2505/2 2506/2 2500/2 2499/2
f 2506/2 2507/2 2501/2 2500/2
f 2507/2 2508/2 2502/2 2501/2
f 2508/2 2509/2 2503/2 2502/2
f 2509/2 2510/2 2504/2 2503/2
f 2510/2 2505/2 2499/2 2504/2
f 2687/2 2688/2 2705/2
f 2700/2 2699/2 2706/2
f 2688/2 2689/2 2705/2
f 2701/2 2700/2 2706/2
f 2689/2 2690/2 2705/2
f 2702/2 2701/2 2706/2
f 2690/2 2691/2 2705/2
f 2703/2 2702/2 2706/2
f 2691/2 2692/2 2705/2
f 2704/2 2703/2 2706/2
f 2692/2 2687/2 2705/2
f 2699/2 2704/2 2706/2
f 2693/2 2694/2 2688/2 2687/2
f 2694/2 2695/2 2689/2 2688/2
f 2695/2 2696/2 2690/2 2689/2
f 2696/2 2697/2 2691/2 2690/2
f 2697/2 2698/2 2692/2 2691/2
f 2698/2 2693/2 2687/2 2692/2
f 2699/2 2700/2 2694/2 2693/2
f 2700/2 2701/2 2695/2 2694/2
f 2701/2 2702/2 2696/2 2695/2
f 2702/2 2703/2 2697/2 2696/2
f 2703/2 2704/2 2698/2 2697/2
f 2704/2 2699/2 2693/2 2698/2
usemtl mint
f 198/3 200/3 199/3 197/3
f 197/3 199/3 293/3
f 200/3 198/3 294/3
f 200/3 202/3 201/3 199/3
f 199/3 201/3 293/3
f 202/3 200/3 294/3
f 202/3 204/3 203/3 201/3
f 201/3 203/3 293/3
f 204/3 202/3 294/3
f 204/3 206/3 205/3 203/3
f 203/3 205/3 293/3
f 206/3 204/3 294/3
f 206/3 208/3 207/3 205/3
f 205/3 207/3 293/3
f 208/3 206/3 294/3
f 208/3 210/3 209/3 207/3
f 207/3 209/3 293/3
f 210/3 208/3 294/3
f 210/3 212/3 211/3 209/3
f 209/3 211/3 293/3
f 212/3 210/3 294/3
f 212/3 214/3 213/3 211/3
f 211/3 213/3 293/3
f 214/3 212/3 294/3
f 214/3 216/3 215/3 213/3
f 213/3 215/3 293/3
f 216/3 214/3 294/3
f 216/3 218/3 217/3 215/3
f 215/3 217/3 293/3
f 218/3 216/3 294/3
f 218/3 220/3 219/3 217/3
f 217/3 219/3 293/3
f 220/3 218/3 294/3
f 220/3 222/3 221/3 219/3
f 219/3 221/3 293/3
f 222/3 220/3 294/3
f 222/3 224/3 223/3 221/3
f 221/3 223/3 293/3
f 224/3 222/3 294/3
f 224/3 226/3 225/3 223/3
f 223/3 225/3 293/3
f 226/3 224/3 294/3
f 226/3 228/3 227/3 225/3
f 225/3 227/3 293/3
f 228/3 226/3 294/3
f 228/3 230/3 229/3 227/3
f 227/3 229/3 293/3
f 230/3 228/3 294/3
f 230/3 232/3 231/3 229/3
f 229/3 231/3 293/3
f 232/3 230/3 294/3
f 232/3 234/3 233/3 231/3
f 231/3 233/3 293/3
f 234/3 232/3 294/3
f 234/3 236/3 235/3 233/3
f 233/3 235/3 293/3
f 236/3 234/3 294/3
f 236/3 238/3 237/3 235/3
f 235/3 237/3 293/3
f 238/3 236/3 294/3
f 238/3 240/3 239/3 237/3
f 237/3 239/3 293/3
f 240/3 238/3 294/3
f 240/3 242/3 241/3 239/3
f 239/3 241/3 293/3
f 242/3 240/3 294/3
f 242/3 244/3 243/3 241/3
f 241/3 243/3 293/3
f 244/3 242/3 294/3
f 244/3 246/3 245/3 243/3
f 243/3 245/3 293/3
f 246/3 244/3 294/3
f 246/3 248/3 247/3 245/3
f 245/3 247/3 293/3
f 248/3 246/3 294/3
f 248/3 250/3 249/3 247/3
f 247/3 249/3 293/3
f 250/3 248/3 294/3
f 250/3 252/3 251/3 249/3
f 249/3 251/3 293/3
f 252/3 250/3 294/3
f 252/3 254/3 253/3 251/3
f 251/3 253/3 293/3
f 254/3 252/3 294/3
f 254/3 256/3 255/3 253/3
f 253/3 255/3 293/3
f 256/3 254/3 294/3
f 256/3 258/3 257/3 255/3
f 255/3 257/3 293/3
f 258/3 256/3 294/3
f 258/3 260/3 259/3 257/3
f 257/3 259/3 293/3
f 260/3 258/3 294/3
f 260/3 262/3 261/3 259/3
f 259/3 261/3 293/3
f 262/3 260/3 294/3
f 262/3 264/3 263/3 261/3
f 261/3 263/3 293/3
f 264/3 262/3 294/3
f 264/3 266/3 265/3 263/3
f 263/3 265/3 293/3
f 266/3 264/3 294/3
f 266/3 268/3 267/3 265/3
f 265/3 267/3 293/3
f 268/3 266/3 294/3
f 268/3 270/3 269/3 267/3
f 267/3 269/3 293/3
f 270/3 268/3 294/3
f 270/3 272/3 271/3 269/3
f 269/3 271/3 293/3
f 272/3 270/3 294/3
f 272/3 274/3 273/3 271/3
f 271/3 273/3 293/3
f 274/3 272/3 294/3
f 274/3 276/3 275/3 273/3
f 273/3 275/3 293/3
f 276/3 274/3 294/3
f 276/3 278/3 277/3 275/3
f 275/3 277/3 293/3
f 278/3 276/3 294/3
f 278/3 280/3 279/3 277/3
f 277/3 279/3 293/3
f 280/3 278/3 294/3
f 280/3 282/3 281/3 279/3
f 279/3 281/3 293/3
f 282/3 280/3 294/3
f 282/3 284/3 283/3 281/3
f 281/3 283/3 293/3
f 284/3 282/3 294/3
f 284/3 286/3 285/3 283/3
f 283/3 285/3 293/3
f 286/3 284/3 294/3
f 286/3 288/3 287/3 285/3
f 285/3 287/3 293/3
f 288/3 286/3 294/3
f 288/3 290/3 289/3 287/3
f 287/3 289/3 293/3
f 290/3 288/3 294/3
f 290/3 292/3 291/3 289/3
f 289/3 291/3 293/3
f 292/3 290/3 294/3
f 292/3 198/3 197/3 291/3
f 291/3 197/3 293/3
f 198/3 292/3 294/3
usemtl gold
f 535/4 536/4 541/4 540/4
f 536/4 537/4 542/4 541/4
f 537/4 538/4 543/4 542/4
f 538/4 539/4 544/4 543/4
f 539/4 535/4 540/4 544/4
f 540/4 541/4 546/4 545/4
f 541/4 542/4 547/4 546/4
f 542/4 543/4 548/4 547/4
f 543/4 544/4 549/4 548/4
f 544/4 540/4 545/4 549/4
f 545/4 546/4 551/4 550/4
f 546/4 547/4 552/4 551/4
f 547/4 548/4 553/4 552/4
f 548/4 549/4 554/4 553/4
f 549/4 545/4 550/4 554/4
f 550/4 551/4 556/4 555/4
f 551/4 552/4 557/4 556/4
f 552/4 553/4 558/4 557/4
f 553/4 554/4 559/4 558/4
f 554/4 550/4 555/4 559/4
f 555/4 556/4 561/4 560/4
f 556/4 557/4 562/4 561/4
f 557/4 558/4 563/4 562/4
f 558/4 559/4 564/4 563/4
f 559/4 555/4 560/4 564/4
f 560/4 561/4 566/4 565/4
f 561/4 562/4 567/4 566/4
f 562/4 563/4 568/4 567/4
f 563/4 564/4 569/4 568/4
f 564/4 560/4 565/4 569/4
f 565/4 566/4 571/4 570/4
f 566/4 567/4 572/4 571/4
f 567/4 568/4 573/4 572/4
f 568/4 569/4 574/4 573/4
f 569/4 565/4 570/4 574/4
f 570/4 571/4 576/4 575/4
f 571/4 572/4 577/4 576/4
f 572/4 573/4 578/4 577/4
f 573/4 574/4 579/4 578/4
f 574/4 570/4 575/4 579/4
f 575/4 576/4 581/4 580/4
f 576/4 577/4 582/4 581/4
f 577/4 578/4 583/4 582/4
f 578/4 579/4 584/4 583/4
f 579/4 575/4 580/4 584/4
f 580/4 581/4 586/4 585/4
f 581/4 582/4 587/4 586/4
f 582/4 583/4 588/4 587/4
f 583/4 584/4 589/4 588/4
f 584/4 580/4 585/4 589/4
f 585/4 586/4 591/4 590/4
f 586/4 587/4 592/4 591/4
f 587/4 588/4 593/4 592/4
f 588/4 589/4 594/4 593/4
f 589/4 585/4 590/4 594/4
f 590/4 591/4 596/4 595/4
f 591/4 592/4 597/4 596/4
f 592/4 593/4 598/4 597/4
f 593/4 594/4 599/4 598/4
f 594/4 590/4 595/4 599/4
f 595/4 596/4 601/4 600/4
f 596/4 597/4 602/4 601/4
f 597/4 598/4 603/4 602/4
f 598/4 599/4 604/4 603/4
f 599/4 595/4 600/4 604/4
f 600/4 601/4 606/4 605/4
f 601/4 602/4 607/4 606/4
f 602/4 603/4 608/4 607/4
f 603/4 604/4 609/4 608/4
f 604/4 600/4 605/4 609/4
f 605/4 606/4 611/4 610/4
f 606/4 607/4 612/4 611/4
f 607/4 608/4 613/4 612/4
f 608/4 609/4 614/4 613/4
f 609/4 605/4 610/4 614/4
f 610/4 611/4 616/4 615/4
f 611/4 612/4 617/4 616/4
f 612/4 613/4 618/4 617/4
f 613/4 614/4 619/4 618/4
f 614/4 610/4 615/4 619/4
f 615/4 616/4 621/4 620/4
f 616/4 617/4 622/4 621/4
f 617/4 618/4 623/4 622/4
f 618/4 619/4 624/4 623/4
f 619/4 615/4 620/4 624/4
f 620/4 621/4 626/4 625/4
f 621/4 622/4 627/4 626/4
f 622/4 623/4 628/4 627/4
f 623/4 624/4 629/4 628/4
f 624/4 620/4 625/4 629/4
f 625/4 626/4 631/4 630/4
f 626/4 627/4 632/4 631/4
f 627/4 628/4 633/4 632/4
f 628/4 629/4 634/4 633/4
f 629/4 625/4 630/4 634/4
f 630/4 631/4 636/4 635/4
f 631/4 632/4 637/4 636/4
f 632/4 633/4 638/4 637/4
f 633/4 634/4 639/4 638/4
f 634/4 630/4 635/4 639/4
f 635/4 636/4 641/4 640/4
f 636/4 637/4 642/4 641/4
f 637/4 638/4 643/4 642/4
f 638/4 639/4 644/4 643/4
f 639/4 635/4 640/4 644/4
f 640/4 641/4 646/4 645/4
f 641/4 642/4 647/4 646/4
f 642/4 643/4 648/4 647/4
f 643/4 644/4 649/4 648/4
f 644/4 640/4 645/4 649/4
f 645/4 646/4 651/4 650/4
f 646/4 647/4 652/4 651/4
f 647/4 648/4 653/4 652/4
f 648/4 649/4 654/4 653/4
f 649/4 645/4 650/4 654/4
f 650/4 651/4 656/4 655/4
f 651/4 652/4 657/4 656/4
f 652/4 653/4 658/4 657/4
f 653/4 654/4 659/4 658/4
f 654/4 650/4 655/4 659/4
f 655/4 656/4 661/4 660/4
f 656/4 657/4 662/4 661/4
f 657/4 658/4 663/4 662/4
f 658/4 659/4 664/4 663/4
f 659/4 655/4 660/4 664/4
f 660/4 661/4 666/4 665/4
f 661/4 662/4 667/4 666/4
f 662/4 663/4 668/4 667/4
f 663/4 664/4 669/4 668/4
f 664/4 660/4 665/4 669/4
f 665/4 666/4 671/4 670/4
f 666/4 667/4 672/4 671/4
f 667/4 668/4 673/4 672/4
f 668/4 669/4 674/4 673/4
f 669/4 665/4 670/4 674/4
f 670/4 671/4 676/4 675/4
f 671/4 672/4 677/4 676/4
f 672/4 673/4 678/4 677/4
f 673/4 674/4 679/4 678/4
f 674/4 670/4 675/4 679/4
f 675/4 676/4 681/4 680/4
f 676/4 677/4 682/4 681/4
f 677/4 678/4 683/4 682/4
f 678/4 679/4 684/4 683/4
f 679/4 675/4 680/4 684/4
f 680/4 681/4 686/4 685/4
f 681/4 682/4 687/4 686/4
f 682/4 683/4 688/4 687/4
f 683/4 684/4 689/4 688/4
f 684/4 680/4 685/4 689/4
f 685/4 686/4 691/4 690/4
f 686/4 687/4 692/4 691/4
f 687/4 688/4 693/4 692/4
f 688/4 689/4 694/4 693/4
f 689/4 685/4 690/4 694/4
f 690/4 691/4 696/4 695/4
f 691/4 692/4 697/4 696/4
f 692/4 693/4 698/4 697/4
f 693/4 694/4 699/4 698/4
f 694/4 690/4 695/4 699/4
f 695/4 696/4 701/4 700/4
f 696/4 697/4 702/4 701/4
f 697/4 698/4 703/4 702/4
f 698/4 699/4 704/4 703/4
f 699/4 695/4 700/4 704/4
f 700/4 701/4 706/4 705/4
f 701/4 702/4 707/4 706/4
f 702/4 703/4 708/4 707/4
f 703/4 704/4 709/4 708/4
f 704/4 700/4 705/4 709/4
f 705/4 706/4 711/4 710/4
f 706/4 707/4 712/4 711/4
f 707/4 708/4 713/4 712/4
f 708/4 709/4 714/4 713/4
f 709/4 705/4 710/4 714/4
f 710/4 711/4 716/4 715/4
f 711/4 712/4 717/4 716/4
f 712/4 713/4 718/4 717/4
f 713/4 714/4 719/4 718/4
f 714/4 710/4 715/4 719/4
f 715/4 716/4 721/4 720/4
f 716/4 717/4 722/4 721/4
f 717/4 718/4 723/4 722/4
f 718/4 719/4 724/4 723/4
f 719/4 715/4 720/4 724/4
f 720/4 721/4 726/4 725/4
f 721/4 722/4 727/4 726/4
f 722/4 723/4 728/4 727/4
f 723/4 724/4 729/4 728/4
f 724/4 720/4 725/4 729/4
f 725/4 726/4 731/4 730/4
f 726/4 727/4 732/4 731/4
f 727/4 728/4 733/4 732/4
f 728/4 729/4 734/4 733/4
f 729/4 725/4 730/4 734/4
f 730/4 731/4 536/4 535/4
f 731/4 732/4 537/4 536/4
f 732/4 733/4 538/4 537/4
f 733/4 734/4 539/4 538/4
f 734/4 730/4 535/4 539/4
f 736/4 738/4 737/4 735/4
f 735/4 737/4 783/4
f 738/4 736/4 784/4
f 738/4 740/4 739/4 737/4
f 737/4 739/4 783/4
f 740/4 738/4 784/4
f 740/4 742/4 741/4 739/4
f 739/4 741/4 783/4
f 742/4 740/4 784/4
f 742/4 744/4 743/4 741/4
f 741/4 743/4 783/4
f 744/4 742/4 784/4
f 744/4 746/4 745/4 743/4
f 743/4 745/4 783/4
f 746/4 744/4 784/4
f 746/4 748/4 747/4 745/4
f 745/4 747/4 783/4
f 748/4 746/4 784/4
f 748/4 750/4 749/4 747/4
f 747/4 749/4 783/4
f 750/4 748/4 784/4
f 750/4 752/4 751/4 749/4
f 749/4 751/4 783/4
f 752/4 750/4 784/4
f 752/4 754/4 753/4 751/4
f 751/4 753/4 783/4
f 754/4 752/4 784/4
f 754/4 756/4 755/4 753/4
f 753/4 755/4 783/4
f 756/4 754/4 784/4
f 756/4 758/4 757/4 755/4
f 755/4 757/4 783/4
f 758/4 756/4 784/4
f 758/4 760/4 759/4 757/4
f 757/4 759/4 783/4
f 760/4 758/4 784/4
f 760/4 762/4 761/4 759/4
f 759/4 761/4 783/4
f 762/4 760/4 784/4
f 762/4 764/4 763/4 761/4
f 761/4 763/4 783/4
f 764/4 762/4 784/4
f 764/4 766/4 765/4 763/4
f 763/4 765/4 783/4
f 766/4 764/4 784/4
f 766/4 768/4 767/4 765/4
f 765/4 767/4 783/4
f 768/4 766/4 784/4
f 768/4 770/4 769/4 767/4
f 767/4 769/4 783/4
f 770/4 768/4 784/4
f 770/4 772/4 771/4 769/4
f 769/4 771/4 783/4
f 772/4 770/4 784/4
f 772/4 774/4 773/4 771/4
f 771/4 773/4 783/4
f 774/4 772/4 784/4
f 774/4 776/4 775/4 773/4
f 773/4 775/4 783/4
f 776/4 774/4 784/4
f 776/4 778/4 777/4 775/4
f 775/4 777/4 783/4
f 778/4 776/4 784/4
f 778/4 780/4 779/4 777/4
f 777/4 779/4 783/4
f 780/4 778/4 784/4
f 780/4 782/4 781/4 779/4
f 779/4 781/4 783/4
f 782/4 780/4 784/4
f 782/4 736/4 735/4 781/4
f 781/4 735/4 783/4
f 736/4 782/4 784/4
f 1643/4 1644/4 1650/4 1649/4
f 1644/4 1645/4 1651/4 1650/4
f 1645/4 1646/4 1652/4 1651/4
f 1646/4 1647/4 1653/4 1652/4
f 1647/4 1648/4 1654/4 1653/4
f 1648/4 1643/4 1649/4 1654/4
f 1649/4 1650/4 1656/4 1655/4
f 1650/4 1651/4 1657/4 1656/4
f 1651/4 1652/4 1658/4 1657/4
f 1652/4 1653/4 1659/4 1658/4
f 1653/4 1654/4 1660/4 1659/4
f 1654/4 1649/4 1655/4 1660/4
f 1655/4 1656/4 1662/4 1661/4
f 1656/4 1657/4 1663/4 1662/4
f 1657/4 1658/4 1664/4 1663/4
f 1658/4 1659/4 1665/4 1664/4
f 1659/4 1660/4 1666/4 1665/4
f 1660/4 1655/4 1661/4 1666/4
f 1661/4 1662/4 1668/4 1667/4
f 1662/4 1663/4 1669/4 1668/4
f 1663/4 1664/4 1670/4 1669/4
f 1664/4 1665/4 1671/4 1670/4
f 1665/4 1666/4 1672/4 1671/4
f 1666/4 1661/4 1667/4 1672/4
f 1667/4 1668/4 1674/4 1673/4
f 1668/4 1669/4 1675/4 1674/4
f 1669/4 1670/4 1676/4 1675/4
f 1670/4 1671/4 1677/4 1676/4
f 1671/4 1672/4 1678/4 1677/4
f 1672/4 1667/4 1673/4 1678/4
f 1673/4 1674/4 1680/4 1679/4
f 1674/4 1675/4 1681/4 1680/4
f 1675/4 1676/4 1682/4 1681/4
f 1676/4 1677/4 1683/4 1682/4
f 1677/4 1678/4 1684/4 1683/4
f 1678/4 1673/4 1679/4 1684/4
f 1679/4 1680/4 1686/4 1685/4
f 1680/4 1681/4 1687/4 1686/4
f 1681/4 1682/4 1688/4 1687/4
f 1682/4 1683/4 1689/4 1688/4
f 1683/4 1684/4 1690/4 1689/4
f 1684/4 1679/4 1685/4 1690/4
f 1685/4 1686/4 1692/4 1691/4
f 1686/4 1687/4 1693/4 1692/4
f 1687/4 1688/4 1694/4 1693/4
f 1688/4 1689/4 1695/4 1694/4
f 1689/4 1690/4 1696/4 1695/4
f 1690/4 1685/4 1691/4 1696/4
f 1691/4 1692/4 1698/4 1697/4
f 1692/4 1693/4 1699/4 1698/4
f 1693/4 1694/4 1700/4 1699/4
f 1694/4 1695/4 1701/4 1700/4
f 1695/4 1696/4 1702/4 1701/4
f 1696/4 1691/4 1697/4 1702/4
f 1697/4 1698/4 1704/4 1703/4
f 1698/4 1699/4 1705/4 1704/4
f 1699/4 1700/4 1706/4 1705/4
f 1700/4 1701/4 1707/4 1706/4
f 1701/4 1702/4 1708/4 1707/4
f 1702/4 1697/4 1703/4 1708/4
f 1703/4 1704/4 1710/4 1709/4
f 1704/4 1705/4 1711/4 1710/4
f 1705/4 1706/4 1712/4 1711/4
f 1706/4 1707/4 1713/4 1712/4
f 1707/4 1708/4 1714/4 1713/4
f 1708/4 1703/4 1709/4 1714/4
f 1709/4 1710/4 1716/4 1715/4
f 1710/4 1711/4 1717/4 1716/4
f 1711/4 1712/4 1718/4 1717/4
f 1712/4 1713/4 1719/4 1718/4
f 1713/4 1714/4 1720/4 1719/4
f 1714/4 1709/4 1715/4 1720/4
f 1715/4 1716/4 1722/4 1721/4
f 1716/4 1717/4 1723/4 1722/4
f 1717/4 1718/4 1724/4 1723/4
f 1718/4 1719/4 1725/4 1724/4
f 1719/4 1720/4 1726/4 1725/4
f 1720/4 1715/4 1721/4 1726/4
f 1721/4 1722/4 1728/4 1727/4
f 1722/4 1723/4 1729/4 1728/4
f 1723/4 1724/4 1730/4 1729/4
f 1724/4 1725/4 1731/4 1730/4
f 1725/4 1726/4 1732/4 1731/4
f 1726/4 1721/4 1727/4 1732/4
f 1727/4 1728/4 1734/4 1733/4
f 1728/4 1729/4 1735/4 1734/4
f 1729/4 1730/4 1736/4 1735/4
f 1730/4 1731/4 1737/4 1736/4
f 1731/4 1732/4 1738/4 1737/4
f 1732/4 1727/4 1733/4 1738/4
f 1733/4 1734/4 1740/4 1739/4
f 1734/4 1735/4 1741/4 1740/4
f 1735/4 1736/4 1742/4 1741/4
f 1736/4 1737/4 1743/4 1742/4
f 1737/4 1738/4 1744/4 1743/4
f 1738/4 1733/4 1739/4 1744/4
f 1739/4 1740/4 1746/4 1745/4
f 1740/4 1741/4 1747/4 1746/4
f 1741/4 1742/4 1748/4 1747/4
f 1742/4 1743/4 1749/4 1748/4
f 1743/4 1744/4 1750/4 1749/4
f 1744/4 1739/4 1745/4 1750/4
f 1745/4 1746/4 1752/4 1751/4
f 1746/4 1747/4 1753/4 1752/4
f 1747/4 1748/4 1754/4 1753/4
f 1748/4 1749/4 1755/4 1754/4
f 1749/4 1750/4 1756/4 1755/4
f 1750/4 1745/4 1751/4 1756/4
f 1751/4 1752/4 1758/4 1757/4
f 1752/4 1753/4 1759/4 1758/4
f 1753/4 1754/4 1760/4 1759/4
f 1754/4 1755/4 1761/4 1760/4
f 1755/4 1756/4 1762/4 1761/4
f 1756/4 1751/4 1757/4 1762/4
f 1757/4 1758/4 1764/4 1763/4
f 1758/4 1759/4 1765/4 1764/4
f 1759/4 1760/4 1766/4 1765/4
f 1760/4 1761/4 1767/4 1766/4
f 1761/4 1762/4 1768/4 1767/4
f 1762/4 1757/4 1763/4 1768/4
f 1763/4 1764/4 1770/4 1769/4
f 1764/4 1765/4 1771/4 1770/4
f 1765/4 1766/4 1772/4 1771/4
f 1766/4 1767/4 1773/4 1772/4
f 1767/4 1768/4 1774/4 1773/4
f 1768/4 1763/4 1769/4 1774/4
f 1769/4 1770/4 1776/4 1775/4
f 1770/4 1771/4 1777/4 1776/4
f 1771/4 1772/4 1778/4 1777/4
f 1772/4 1773/4 1779/4 1778/4
f 1773/4 1774/4 1780/4 1779/4
f 1774/4 1769/4 1775/4 1780/4
f 1775/4 1776/4 1782/4 1781/4
f 1776/4 1777/4 1783/4 1782/4
f 1777/4 1778/4 1784/4 1783/4
f 1778/4 1779/4 1785/4 1784/4
f 1779/4 1780/4 1786/4 1785/4
f 1780/4 1775/4 1781/4 1786/4
f 1781/4 1782/4 1788/4 1787/4
f 1782/4 1783/4 1789/4 1788/4
f 1783/4 1784/4 1790/4 1789/4
f 1784/4 1785/4 1791/4 1790/4
f 1785/4 1786/4 1792/4 1791/4
f 1786/4 1781/4 1787/4 1792/4
f 1787/4 1788/4 1794/4 1793/4
f 1788/4 1789/4 1795/4 1794/4
f 1789/4 1790/4 1796/4 1795/4
f 1790/4 1791/4 1797/4 1796/4
f 1791/4 1792/4 1798/4 1797/4
f 1792/4 1787/4 1793/4 1798/4
f 1793/4 1794/4 1800/4 1799/4
f 1794/4 1795/4 1801/4 1800/4
f 1795/4 1796/4 1802/4 1801/4
f 1796/4 1797/4 1803/4 1802/4
f 1797/4 1798/4 1804/4 1803/4
f 1798/4 1793/4 1799/4 1804/4
f 1799/4 1800/4 1806/4 1805/4
f 1800/4 1801/4 1807/4 1806/4
f 1801/4 1802/4 1808/4 1807/4
f 1802/4 1803/4 1809/4 1808/4
f 1803/4 1804/4 1810/4 1809/4
f 1804/4 1799/4 1805/4 1810/4
f 1805/4 1806/4 1812/4 1811/4
f 1806/4 1807/4 1813/4 1812/4
f 1807/4 1808/4 1814/4 1813/4
f 1808/4 1809/4 1815/4 1814/4
f 1809/4 1810/4 1816/4 1815/4
f 1810/4 1805/4 1811/4 1816/4
f 1811/4 1812/4 1818/4 1817/4
f 1812/4 1813/4 1819/4 1818/4
f 1813/4 1814/4 1820/4 1819/4
f 1814/4 1815/4 1821/4 1820/4
f 1815/4 1816/4 1822/4 1821/4
f 1816/4 1811/4 1817/4 1822/4
f 1817/4 1818/4 1824/4 1823/4
f 1818/4 1819/4 1825/4 1824/4
f 1819/4 1820/4 1826/4 1825/4
f 1820/4 1821/4 1827/4 1826/4
f 1821/4 1822/4 1828/4 1827/4
f 1822/4 1817/4 1823/4 1828/4
f 1823/4 1824/4 1830/4 1829/4
f 1824/4 1825/4 1831/4 1830/4
f 1825/4 1826/4 1832/4 1831/4
f 1826/4 1827/4 1833/4 1832/4
f 1827/4 1828/4 1834/4 1833/4
f 1828/4 1823/4 1829/4 1834/4
f 1829/4 1830/4 1836/4 1835/4
f 1830/4 1831/4 1837/4 1836/4
f 1831/4 1832/4 1838/4 1837/4
f 1832/4 1833/4 1839/4 1838/4
f 1833/4 1834/4 1840/4 1839/4
f 1834/4 1829/4 1835/4 1840/4
f 1835/4 1836/4 1842/4 1841/4
f 1836/4 1837/4 1843/4 1842/4
f 1837/4 1838/4 1844/4 1843/4
f 1838/4 1839/4 1845/4 1844/4
f 1839/4 1840/4 1846/4 1845/4
f 1840/4 1835/4 1841/4 1846/4
f 1841/4 1842/4 1848/4 1847/4
f 1842/4 1843/4 1849/4 1848/4
f 1843/4 1844/4 1850/4 1849/4
f 1844/4 1845/4 1851/4 1850/4
f 1845/4 1846/4 1852/4 1851/4
f 1846/4 1841/4 1847/4 1852/4
f 1847/4 1848/4 1854/4 1853/4
f 1848/4 1849/4 1855/4 1854/4
f 1849/4 1850/4 1856/4 1855/4
f 1850/4 1851/4 1857/4 1856/4
f 1851/4 1852/4 1858/4 1857/4
f 1852/4 1847/4 1853/4 1858/4
f 1853/4 1854/4 1860/4 1859/4
f 1854/4 1855/4 1861/4 1860/4
f 1855/4 1856/4 1862/4 1861/4
f 1856/4 1857/4 1863/4 1862/4
f 1857/4 1858/4 1864/4 1863/4
f 1858/4 1853/4 1859/4 1864/4
f 1859/4 1860/4 1866/4 1865/4
f 1860/4 1861/4 1867/4 1866/4
f 1861/4 1862/4 1868/4 1867/4
f 1862/4 1863/4 1869/4 1868/4
f 1863/4 1864/4 1870/4 1869/4
f 1864/4 1859/4 1865/4 1870/4
f 1865/4 1866/4 1872/4 1871/4
f 1866/4 1867/4 1873/4 1872/4
f 1867/4 1868/4 1874/4 1873/4
f 1868/4 1869/4 1875/4 1874/4
f 1869/4 1870/4 1876/4 1875/4
f 1870/4 1865/4 1871/4 1876/4
f 1871/4 1872/4 1878/4 1877/4
f 1872/4 1873/4 1879/4 1878/4
f 1873/4 1874/4 1880/4 1879/4
f 1874/4 1875/4 1881/4 1880/4
f 1875/4 1876/4 1882/4 1881/4
f 1876/4 1871/4 1877/4 1882/4
f 1877/4 1878/4 1884/4 1883/4
f 1878/4 1879/4 1885/4 1884/4
f 1879/4 1880/4 1886/4 1885/4
f 1880/4 1881/4 1887/4 1886/4
f 1881/4 1882/4 1888/4 1887/4
f 1882/4 1877/4 1883/4 1888/4
f 1883/4 1884/4 1890/4 1889/4
f 1884/4 1885/4 1891/4 1890/4
f 1885/4 1886/4 1892/4 1891/4
f 1886/4 1887/4 1893/4 1892/4
f 1887/4 1888/4 1894/4 1893/4
f 1888/4 1883/4 1889/4 1894/4
f 1889/4 1890/4 1896/4 1895/4
f 1890/4 1891/4 1897/4 1896/4
f 1891/4 1892/4 1898/4 1897/4
f 1892/4 1893/4 1899/4 1898/4
f 1893/4 1894/4 1900/4 1899/4
f 1894/4 1889/4 1895/4 1900/4
f 1895/4 1896/4 1902/4 1901/4
f 1896/4 1897/4 1903/4 1902/4
f 1897/4 1898/4 1904/4 1903/4
f 1898/4 1899/4 1905/4 1904/4
f 1899/4 1900/4 1906/4 1905/4
f 1900/4 1895/4 1901/4 1906/4
f 1901/4 1902/4 1908/4 1907/4
f 1902/4 1903/4 1909/4 1908/4
f 1903/4 1904/4 1910/4 1909/4
f 1904/4 1905/4 1911/4 1910/4
f 1905/4 1906/4 1912/4 1911/4
f 1906/4 1901/4 1907/4 1912/4
f 1907/4 1908/4 1914/4 1913/4
f 1908/4 1909/4 1915/4 1914/4
f 1909/4 1910/4 1916/4 1915/4
f 1910/4 1911/4 1917/4 1916/4
f 1911/4 1912/4 1918/4 1917/4
f 1912/4 1907/4 1913/4 1918/4
f 1913/4 1914/4 1920/4 1919/4
f 1914/4 1915/4 1921/4 1920/4
f 1915/4 1916/4 1922/4 1921/4
f 1916/4 1917/4 1923/4 1922/4
f 1917/4 1918/4 1924/4 1923/4
f 1918/4 1913/4 1919/4 1924/4
f 1919/4 1920/4 1926/4 1925/4
f 1920/4 1921/4 1927/4 1926/4
f 1921/4 1922/4 1928/4 1927/4
f 1922/4 1923/4 1929/4 1928/4
f 1923/4 1924/4 1930/4 1929/4
f 1924/4 1919/4 1925/4 1930/4
f 1925/4 1926/4 1644/4 1643/4
f 1926/4 1927/4 1645/4 1644/4
f 1927/4 1928/4 1646/4 1645/4
f 1928/4 1929/4 1647/4 1646/4
f 1929/4 1930/4 1648/4 1647/4
f 1930/4 1925/4 1643/4 1648/4
f 1958/4 1960/4 1959/4 1957/4
f 1957/4 1959/4 1981/4
f 1960/4 1958/4 1982/4
f 1960/4 1962/4 1961/4 1959/4
f 1959/4 1961/4 1981/4
f 1962/4 1960/4 1982/4
f 1962/4 1964/4 1963/4 1961/4
f 1961/4 1963/4 1981/4
f 1964/4 1962/4 1982/4
f 1964/4 1966/4 1965/4 1963/4
f 1963/4 1965/4 1981/4
f 1966/4 1964/4 1982/4
f 1966/4 1968/4 1967/4 1965/4
f 1965/4 1967/4 1981/4
f 1968/4 1966/4 1982/4
f 1968/4 1970/4 1969/4 1967/4
f 1967/4 1969/4 1981/4
f 1970/4 1968/4 1982/4
f 1970/4 1972/4 1971/4 1969/4
f 1969/4 1971/4 1981/4
f 1972/4 1970/4 1982/4
f 1972/4 1974/4 1973/4 1971/4
f 1971/4 1973/4 1981/4
f 1974/4 1972/4 1982/4
f 1974/4 1976/4 1975/4 1973/4
f 1973/4 1975/4 1981/4
f 1976/4 1974/4 1982/4
f 1976/4 1978/4 1977/4 1975/4
f 1975/4 1977/4 1981/4
f 1978/4 1976/4 1982/4
f 1978/4 1980/4 1979/4 1977/4
f 1977/4 1979/4 1981/4
f 1980/4 1978/4 1982/4
f 1980/4 1958/4 1957/4 1979/4
f 1979/4 1957/4 1981/4
f 1958/4 1980/4 1982/4
f 1983/4 1984/4 1989/4 1988/4
f 1984/4 1985/4 1990/4 1989/4
f 1985/4 1986/4 1991/4 1990/4
f 1986/4 1987/4 1992/4 1991/4
f 1987/4 1983/4 1988/4 1992/4
f 1988/4 1989/4 1994/4 1993/4
f 1989/4 1990/4 1995/4 1994/4
f 1990/4 1991/4 1996/4 1995/4
f 1991/4 1992/4 1997/4 1996/4
f 1992/4 1988/4 1993/4 1997/4
f 1993/4 1994/4 1999/4 1998/4
f 1994/4 1995/4 2000/4 1999/4
f 1995/4 1996/4 2001/4 2000/4
f 1996/4 1997/4 2002/4 2001/4
f 1997/4 1993/4 1998/4 2002/4
f 1998/4 1999/4 2004/4 2003/4
f 1999/4 2000/4 2005/4 2004/4
f 2000/4 2001/4 2006/4 2005/4
f 2001/4 2002/4 2007/4 2006/4
f 2002/4 1998/4 2003/4 2007/4
f 2003/4 2004/4 2009/4 2008/4
f 2004/4 2005/4 2010/4 2009/4
f 2005/4 2006/4 2011/4 2010/4
f 2006/4 2007/4 2012/4 2011/4
f 2007/4 2003/4 2008/4 2012/4
f 2008/4 2009/4 2014/4 2013/4
f 2009/4 2010/4 2015/4 2014/4
f 2010/4 2011/4 2016/4 2015/4
f 2011/4 2012/4 2017/4 2016/4
f 2012/4 2008/4 2013/4 2017/4
f 2013/4 2014/4 2019/4 2018/4
f 2014/4 2015/4 2020/4 2019/4
f 2015/4 2016/4 2021/4 2020/4
f 2016/4 2017/4 2022/4 2021/4
f 2017/4 2013/4 2018/4 2022/4
f 2018/4 2019/4 2024/4 2023/4
f 2019/4 2020/4 2025/4 2024/4
f 2020/4 2021/4 2026/4 2025/4
f 2021/4 2022/4 2027/4 2026/4
f 2022/4 2018/4 2023/4 2027/4
f 2023/4 2024/4 2029/4 2028/4
f 2024/4 2025/4 2030/4 2029/4
f 2025/4 2026/4 2031/4 2030/4
f 2026/4 2027/4 2032/4 2031/4
f 2027/4 2023/4 2028/4 2032/4
f 2028/4 2029/4 2034/4 2033/4
f 2029/4 2030/4 2035/4 2034/4
f 2030/4 2031/4 2036/4 2035/4
f 2031/4 2032/4 2037/4 2036/4
f 2032/4 2028/4 2033/4 2037/4
f 2033/4 2034/4 2039/4 2038/4
f 2034/4 2035/4 2040/4 2039/4
f 2035/4 2036/4 2041/4 2040/4
f 2036/4 2037/4 2042/4 2041/4
f 2037/4 2033/4 2038/4 2042/4
f 2038/4 2039/4 2044/4 2043/4
f 2039/4 2040/4 2045/4 2044/4
f 2040/4 2041/4 2046/4 2045/4
f 2041/4 2042/4 2047/4 2046/4
f 2042/4 2038/4 2043/4 2047/4
f 2043/4 2044/4 2049/4 2048/4
f 2044/4 2045/4 2050/4 2049/4
f 2045/4 2046/4 2051/4 2050/4
f 2046/4 2047/4 2052/4 2051/4
f 2047/4 2043/4 2048/4 2052/4
f 2048/4 2049/4 1984/4 1983/4
f 2049/4 2050/4 1985/4 1984/4
f 2050/4 2051/4 1986/4 1985/4
f 2051/4 2052/4 1987/4 1986/4
f 2052/4 2048/4 1983/4 1987/4
f 2053/4 2054/4 2103/4
f 2094/4 2093/4 2104/4
f 2054/4 2055/4 2103/4
f 2095/4 2094/4 2104/4
f 2055/4 2056/4 2103/4
f 2096/4 2095/4 2104/4
f 2056/4 2057/4 2103/4
f 2097/4 2096/4 2104/4
f 2057/4 2058/4 2103/4
f 2098/4 2097/4 2104/4
f 2058/4 2059/4 2103/4
f 2099/4 2098/4 2104/4
f 2059/4 2060/4 2103/4
f 2100/4 2099/4 2104/4
f 2060/4 2061/4 2103/4
f 2101/4 2100/4 2104/4
f 2061/4 2062/4 2103/4
f 2102/4 2101/4 2104/4
f 2062/4 2053/4 2103/4
f 2093/4 2102/4 2104/4
f 2063/4 2064/4 2054/4 2053/4
f 2064/4 2065/4 2055/4 2054/4
f 2065/4 2066/4 2056/4 2055/4
f 2066/4 2067/4 2057/4 2056/4
f 2067/4 2068/4 2058/4 2057/4
f 2068/4 2069/4 2059/4 2058/4
f 2069/4 2070/4 2060/4 2059/4
f 2070/4 2071/4 2061/4 2060/4
f 2071/4 2072/4 2062/4 2061/4
f 2072/4 2063/4 2053/4 2062/4
f 2073/4 2074/4 2064/4 2063/4
f 2074/4 2075/4 2065/4 2064/4
f 2075/4 2076/4 2066/4 2065/4
f 2076/4 2077/4 2067/4 2066/4
f 2077/4 2078/4 2068/4 2067/4
f 2078/4 2079/4 2069/4 2068/4
f 2079/4 2080/4 2070/4 2069/4
f 2080/4 2081/4 2071/4 2070/4
f 2081/4 2082/4 2072/4 2071/4
f 2082/4 2073/4 2063/4 2072/4
f 2083/4 2084/4 2074/4 2073/4
f 2084/4 2085/4 2075/4 2074/4
f 2085/4 2086/4 2076/4 2075/4
f 2086/4 2087/4 2077/4 2076/4
f 2087/4 2088/4 2078/4 2077/4
f 2088/4 2089/4 2079/4 2078/4
f 2089/4 2090/4 2080/4 2079/4
f 2090/4 2091/4 2081/4 2080/4
f 2091/4 2092/4 2082/4 2081/4
f 2092/4 2083/4 2073/4 2082/4
f 2093/4 2094/4 2084/4 2083/4
f 2094/4 2095/4 2085/4 2084/4
f 2095/4 2096/4 2086/4 2085/4
f 2096/4 2097/4 2087/4 2086/4
f 2097/4 2098/4 2088/4 2087/4
f 2098/4 2099/4 2089/4 2088/4
f 2099/4 2100/4 2090/4 2089/4
f 2100/4 2101/4 2091/4 2090/4
f 2101/4 2102/4 2092/4 2091/4
f 2102/4 2093/4 2083/4 2092/4
f 2152/4 2154/4 2153/4 2151/4
f 2151/4 2153/4 2175/4
f 2154/4 2152/4 2176/4
f 2154/4 2156/4 2155/4 2153/4
f 2153/4 2155/4 2175/4
f 2156/4 2154/4 2176/4
f 2156/4 2158/4 2157/4 2155/4
f 2155/4 2157/4 2175/4
f 2158/4 2156/4 2176/4
f 2158/4 2160/4 2159/4 2157/4
f 2157/4 2159/4 2175/4
f 2160/4 2158/4 2176/4
f 2160/4 2162/4 2161/4 2159/4
f 2159/4 2161/4 2175/4
f 2162/4 2160/4 2176/4
f 2162/4 2164/4 2163/4 2161/4
f 2161/4 2163/4 2175/4
f 2164/4 2162/4 2176/4
f 2164/4 2166/4 2165/4 2163/4
f 2163/4 2165/4 2175/4
f 2166/4 2164/4 2176/4
f 2166/4 2168/4 2167/4 2165/4
f 2165/4 2167/4 2175/4
f 2168/4 2166/4 2176/4
f 2168/4 2170/4 2169/4 2167/4
f 2167/4 2169/4 2175/4
f 2170/4 2168/4 2176/4
f 2170/4 2172/4 2171/4 2169/4
f 2169/4 2171/4 2175/4
f 2172/4 2170/4 2176/4
f 2172/4 2174/4 2173/4 2171/4
f 2171/4 2173/4 2175/4
f 2174/4 2172/4 2176/4
f 2174/4 2152/4 2151/4 2173/4
f 2173/4 2151/4 2175/4
f 2152/4 2174/4 2176/4
f 2177/4 2178/4 2183/4 2182/4
f 2178/4 2179/4 2184/4 2183/4
f 2179/4 2180/4 2185/4 2184/4
f 2180/4 2181/4 2186/4 2185/4
f 2181/4 2177/4 2182/4 2186/4
f 2182/4 2183/4 2188/4 2187/4
f 2183/4 2184/4 2189/4 2188/4
f 2184/4 2185/4 2190/4 2189/4
f 2185/4 2186/4 2191/4 2190/4
f 2186/4 2182/4 2187/4 2191/4
f 2187/4 2188/4 2193/4 2192/4
f 2188/4 2189/4 2194/4 2193/4
f 2189/4 2190/4 2195/4 2194/4
f 2190/4 2191/4 2196/4 2195/4
f 2191/4 2187/4 2192/4 2196/4
f 2192/4 2193/4 2198/4 2197/4
f 2193/4 2194/4 2199/4 2198/4
f 2194/4 2195/4 2200/4 2199/4
f 2195/4 2196/4 2201/4 2200/4
f 2196/4 2192/4 2197/4 2201/4
f 2197/4 2198/4 2203/4 2202/4
f 2198/4 2199/4 2204/4 2203/4
f 2199/4 2200/4 2205/4 2204/4
f 2200/4 2201/4 2206/4 2205/4
f 2201/4 2197/4 2202/4 2206/4
f 2202/4 2203/4 2208/4 2207/4
f 2203/4 2204/4 2209/4 2208/4
f 2204/4 2205/4 2210/4 2209/4
f 2205/4 2206/4 2211/4 2210/4
f 2206/4 2202/4 2207/4 2211/4
f 2207/4 2208/4 2213/4 2212/4
f 2208/4 2209/4 2214/4 2213/4
f 2209/4 2210/4 2215/4 2214/4
f 2210/4 2211/4 2216/4 2215/4
f 2211/4 2207/4 2212/4 2216/4
f 2212/4 2213/4 2218/4 2217/4
f 2213/4 2214/4 2219/4 2218/4
f 2214/4 2215/4 2220/4 2219/4
f 2215/4 2216/4 2221/4 2220/4
f 2216/4 2212/4 2217/4 2221/4
f 2217/4 2218/4 2223/4 2222/4
f 2218/4 2219/4 2224/4 2223/4
f 2219/4 2220/4 2225/4 2224/4
f 2220/4 2221/4 2226/4 2225/4
f 2221/4 2217/4 2222/4 2226/4
f 2222/4 2223/4 2228/4 2227/4
f 2223/4 2224/4 2229/4 2228/4
f 2224/4 2225/4 2230/4 2229/4
f 2225/4 2226/4 2231/4 2230/4
f 2226/4 2222/4 2227/4 2231/4
f 2227/4 2228/4 2233/4 2232/4
f 2228/4 2229/4 2234/4 2233/4
f 2229/4 2230/4 2235/4 2234/4
f 2230/4 2231/4 2236/4 2235/4
f 2231/4 2227/4 2232/4 2236/4
f 2232/4 2233/4 2238/4 2237/4
f 2233/4 2234/4 2239/4 2238/4
f 2234/4 2235/4 2240/4 2239/4
f 2235/4 2236/4 2241/4 2240/4
f 2236/4 2232/4 2237/4 2241/4
f 2237/4 2238/4 2243/4 2242/4
f 2238/4 2239/4 2244/4 2243/4
f 2239/4 2240/4 2245/4 2244/4
f 2240/4 2241/4 2246/4 2245/4
f 2241/4 2237/4 2242/4 2246/4
f 2242/4 2243/4 2178/4 2177/4
f 2243/4 2244/4 2179/4 2178/4
f 2244/4 2245/4 2180/4 2179/4
f 2245/4 2246/4 2181/4 2180/4
f 2246/4 2242/4 2177/4 2181/4
f 2247/4 2248/4 2297/4
f 2288/4 2287/4 2298/4
f 2248/4 2249/4 2297/4
f 2289/4 2288/4 2298/4
f 2249/4 2250/4 2297/4
f 2290/4 2289/4 2298/4
f 2250/4 2251/4 2297/4
f 2291/4 2290/4 2298/4
f 2251/4 2252/4 2297/4
f 2292/4 2291/4 2298/4
f 2252/4 2253/4 2297/4
f 2293/4 2292/4 2298/4
f 2253/4 2254/4 2297/4
f 2294/4 2293/4 2298/4
f 2254/4 2255/4 2297/4
f 2295/4 2294/4 2298/4
f 2255/4 2256/4 2297/4
f 2296/4 2295/4 2298/4
f 2256/4 2247/4 2297/4
f 2287/4 2296/4 2298/4
f 2257/4 2258/4 2248/4 2247/4
f 2258/4 2259/4 2249/4 2248/4
f 2259/4 2260/4 2250/4 2249/4
f 2260/4 2261/4 2251/4 2250/4
f 2261/4 2262/4 2252/4 2251/4
f 2262/4 2263/4 2253/4 2252/4
f 2263/4 2264/4 2254/4 2253/4
f 2264/4 2265/4 2255/4 2254/4
f 2265/4 2266/4 2256/4 2255/4
f 2266/4 2257/4 2247/4 2256/4
f 2267/4 2268/4 2258/4 2257/4
f 2268/4 2269/4 2259/4 2258/4
f 2269/4 2270/4 2260/4 2259/4
f 2270/4 2271/4 2261/4 2260/4
f 2271/4 2272/4 2262/4 2261/4
f 2272/4 2273/4 2263/4 2262/4
f 2273/4 2274/4 2264/4 2263/4
f 2274/4 2275/4 2265/4 2264/4
f 2275/4 2276/4 2266/4 2265/4
f 2276/4 2267/4 2257/4 2266/4
f 2277/4 2278/4 2268/4 2267/4
f 2278/4 2279/4 2269/4 2268/4
f 2279/4 2280/4 2270/4 2269/4
f 2280/4 2281/4 2271/4 2270/4
f 2281/4 2282/4 2272/4 2271/4
f 2282/4 2283/4 2273/4 2272/4
f 2283/4 2284/4 2274/4 2273/4
f 2284/4 2285/4 2275/4 2274/4
f 2285/4 2286/4 2276/4 2275/4
f 2286/4 2277/4 2267/4 2276/4
f 2287/4 2288/4 2278/4 2277/4
f 2288/4 2289/4 2279/4 2278/4
f 2289/4 2290/4 2280/4 2279/4
f 2290/4 2291/4 2281/4 2280/4
f 2291/4 2292/4 2282/4 2281/4
f 2292/4 2293/4 2283/4 2282/4
f 2293/4 2294/4 2284/4 2283/4
f 2294/4 2295/4 2285/4 2284/4
f 2295/4 2296/4 2286/4 2285/4
f 2296/4 2287/4 2277/4 2286/4
f 2346/4 2348/4 2347/4 2345/4
f 2345/4 2347/4 2369/4
f 2348/4 2346/4 2370/4
f 2348/4 2350/4 2349/4 2347/4
f 2347/4 2349/4 2369/4
f 2350/4 2348/4 2370/4
f 2350/4 2352/4 2351/4 2349/4
f 2349/4 2351/4 2369/4
f 2352/4 2350/4 2370/4
f 2352/4 2354/4 2353/4 2351/4
f 2351/4 2353/4 2369/4
f 2354/4 2352/4 2370/4
f 2354/4 2356/4 2355/4 2353/4
f 2353/4 2355/4 2369/4
f 2356/4 2354/4 2370/4
f 2356/4 2358/4 2357/4 2355/4
f 2355/4 2357/4 2369/4
f 2358/4 2356/4 2370/4
f 2358/4 2360/4 2359/4 2357/4
f 2357/4 2359/4 2369/4
f 2360/4 2358/4 2370/4
f 2360/4 2362/4 2361/4 2359/4
f 2359/4 2361/4 2369/4
f 2362/4 2360/4 2370/4
f 2362/4 2364/4 2363/4 2361/4
f 2361/4 2363/4 2369/4
f 2364/4 2362/4 2370/4
f 2364/4 2366/4 2365/4 2363/4
f 2363/4 2365/4 2369/4
f 2366/4 2364/4 2370/4
f 2366/4 2368/4 2367/4 2365/4
f 2365/4 2367/4 2369/4
f 2368/4 2366/4 2370/4
f 2368/4 2346/4 2345/4 2367/4
f 2367/4 2345/4 2369/4
f 2346/4 2368/4 2370/4
f 2371/4 2372/4 2377/4 2376/4
f 2372/4 2373/4 2378/4 2377/4
f 2373/4 2374/4 2379/4 2378/4
f 2374/4 2375/4 2380/4 2379/4
f 2375/4 2371/4 2376/4 2380/4
f 2376/4 2377/4 2382/4 2381/4
f 2377/4 2378/4 2383/4 2382/4
f 2378/4 2379/4 2384/4 2383/4
f 2379/4 2380/4 2385/4 2384/4
f 2380/4 2376/4 2381/4 2385/4
f 2381/4 2382/4 2387/4 2386/4
f 2382/4 2383/4 2388/4 2387/4
f 2383/4 2384/4 2389/4 2388/4
f 2384/4 2385/4 2390/4 2389/4
f 2385/4 2381/4 2386/4 2390/4
f 2386/4 2387/4 2392/4 2391/4
f 2387/4 2388/4 2393/4 2392/4
f 2388/4 2389/4 2394/4 2393/4
f 2389/4 2390/4 2395/4 2394/4
f 2390/4 2386/4 2391/4 2395/4
f 2391/4 2392/4 2397/4 2396/4
f 2392/4 2393/4 2398/4 2397/4
f 2393/4 2394/4 2399/4 2398/4
f 2394/4 2395/4 2400/4 2399/4
f 2395/4 2391/4 2396/4 2400/4
f 2396/4 2397/4 2402/4 2401/4
f 2397/4 2398/4 2403/4 2402/4
f 2398/4 2399/4 2404/4 2403/4
f 2399/4 2400/4 2405/4 2404/4
f 2400/4 2396/4 2401/4 2405/4
f 2401/4 2402/4 2407/4 2406/4
f 2402/4 2403/4 2408/4 2407/4
f 2403/4 2404/4 2409/4 2408/4
f 2404/4 2405/4 2410/4 2409/4
f 2405/4 2401/4 2406/4 2410/4
f 2406/4 2407/4 2412/4 2411/4
f 2407/4 2408/4 2413/4 2412/4
f 2408/4 2409/4 2414/4 2413/4
f 2409/4 2410/4 2415/4 2414/4
f 2410/4 2406/4 2411/4 2415/4
f 2411/4 2412/4 2417/4 2416/4
f 2412/4 2413/4 2418/4 2417/4
f 2413/4 2414/4 2419/4 2418/4
f 2414/4 2415/4 2420/4 2419/4
f 2415/4 2411/4 2416/4 2420/4
f 2416/4 2417/4 2422/4 2421/4
f 2417/4 2418/4 2423/4 2422/4
f 2418/4 2419/4 2424/4 2423/4
f 2419/4 2420/4 2425/4 2424/4
f 2420/4 2416/4 2421/4 2425/4
f 2421/4 2422/4 2427/4 2426/4
f 2422/4 2423/4 2428/4 2427/4
f 2423/4 2424/4 2429/4 2428/4
f 2424/4 2425/4 2430/4 2429/4
f 2425/4 2421/4 2426/4 2430/4
f 2426/4 2427/4 2432/4 2431/4
f 2427/4 2428/4 2433/4 2432/4
f 2428/4 2429/4 2434/4 2433/4
f 2429/4 2430/4 2435/4 2434/4
f 2430/4 2426/4 2431/4 2435/4
f 2431/4 2432/4 2437/4 2436/4
f 2432/4 2433/4 2438/4 2437/4
f 2433/4 2434/4 2439/4 2438/4
f 2434/4 2435/4 2440/4 2439/4
f 2435/4 2431/4 2436/4 2440/4
f 2436/4 2437/4 2372/4 2371/4
f 2437/4 2438/4 2373/4 2372/4
f 2438/4 2439/4 2374/4 2373/4
f 2439/4 2440/4 2375/4 2374/4
f 2440/4 2436/4 2371/4 2375/4
f 2441/4 2442/4 2491/4
f 2482/4 2481/4 2492/4
f 2442/4 2443/4 2491/4
f 2483/4 2482/4 2492/4
f 2443/4 2444/4 2491/4
f 2484/4 2483/4 2492/4
f 2444/4 2445/4 2491/4
f 2485/4 2484/4 2492/4
f 2445/4 2446/4 2491/4
f 2486/4 2485/4 2492/4
f 2446/4 2447/4 2491/4
f 2487/4 2486/4 2492/4
f 2447/4 2448/4 2491/4
f 2488/4 2487/4 2492/4
f 2448/4 2449/4 2491/4
f 2489/4 2488/4 2492/4
f 2449/4 2450/4 2491/4
f 2490/4 2489/4 2492/4
f 2450/4 2441/4 2491/4
f 2481/4 2490/4 2492/4
f 2451/4 2452/4 2442/4 2441/4
f 2452/4 2453/4 2443/4 2442/4
f 2453/4 2454/4 2444/4 2443/4
f 2454/4 2455/4 2445/4 2444/4
f 2455/4 2456/4 2446/4 2445/4
f 2456/4 2457/4 2447/4 2446/4
f 2457/4 2458/4 2448/4 2447/4
f 2458/4 2459/4 2449/4 2448/4
f 2459/4 2460/4 2450/4 2449/4
f 2460/4 2451/4 2441/4 2450/4
f 2461/4 2462/4 2452/4 2451/4
f 2462/4 2463/4 2453/4 2452/4
f 2463/4 2464/4 2454/4 2453/4
f 2464/4 2465/4 2455/4 2454/4
f 2465/4 2466/4 2456/4 2455/4
f 2466/4 2467/4 2457/4 2456/4
f 2467/4 2468/4 2458/4 2457/4
f 2468/4 2469/4 2459/4 2458/4
f 2469/4 2470/4 2460/4 2459/4
f 2470/4 2461/4 2451/4 2460/4
f 2471/4 2472/4 2462/4 2461/4
f 2472/4 2473/4 2463/4 2462/4
f 2473/4 2474/4 2464/4 2463/4
f 2474/4 2475/4 2465/4 2464/4
f 2475/4 2476/4 2466/4 2465/4
f 2476/4 2477/4 2467/4 2466/4
f 2477/4 2478/4 2468/4 2467/4
f 2478/4 2479/4 2469/4 2468/4
f 2479/4 2480/4 2470/4 2469/4
f 2480/4 2471/4 2461/4 2470/4
f 2481/4 2482/4 2472/4 2471/4
f 2482/4 2483/4 2473/4 2472/4
f 2483/4 2484/4 2474/4 2473/4
f 2484/4 2485/4 2475/4 2474/4
f 2485/4 2486/4 2476/4 2475/4
f 2486/4 2487/4 2477/4 2476/4
f 2487/4 2488/4 2478/4 2477/4
f 2488/4 2489/4 2479/4 2478/4
f 2489/4 2490/4 2480/4 2479/4
f 2490/4 2481/4 2471/4 2480/4
f 2540/4 2542/4 2541/4 2539/4
f 2539/4 2541/4 2563/4
f 2542/4 2540/4 2564/4
f 2542/4 2544/4 2543/4 2541/4
f 2541/4 2543/4 2563/4
f 2544/4 2542/4 2564/4
f 2544/4 2546/4 2545/4 2543/4
f 2543/4 2545/4 2563/4
f 2546/4 2544/4 2564/4
f 2546/4 2548/4 2547/4 2545/4
f 2545/4 2547/4 2563/4
f 2548/4 2546/4 2564/4
f 2548/4 2550/4 2549/4 2547/4
f 2547/4 2549/4 2563/4
f 2550/4 2548/4 2564/4
f 2550/4 2552/4 2551/4 2549/4
f 2549/4 2551/4 2563/4
f 2552/4 2550/4 2564/4
f 2552/4 2554/4 2553/4 2551/4
f 2551/4 2553/4 2563/4
f 2554/4 2552/4 2564/4
f 2554/4 2556/4 2555/4 2553/4
f 2553/4 2555/4 2563/4
f 2556/4 2554/4 2564/4
f 2556/4 2558/4 2557/4 2555/4
f 2555/4 2557/4 2563/4
f 2558/4 2556/4 2564/4
f 2558/4 2560/4 2559/4 2557/4
f 2557/4 2559/4 2563/4
f 2560/4 2558/4 2564/4
f 2560/4 2562/4 2561/4 2559/4
f 2559/4 2561/4 2563/4
f 2562/4 2560/4 2564/4
f 2562/4 2540/4 2539/4 2561/4
f 2561/4 2539/4 2563/4
f 2540/4 2562/4 2564/4
f 2565/4 2566/4 2571/4 2570/4
f 2566/4 2567/4 2572/4 2571/4
f 2567/4 2568/4 2573/4 2572/4
f 2568/4 2569/4 2574/4 2573/4
f 2569/4 2565/4 2570/4 2574/4
f 2570/4 2571/4 2576/4 2575/4
f 2571/4 2572/4 2577/4 2576/4
f 2572/4 2573/4 2578/4 2577/4
f 2573/4 2574/4 2579/4 2578/4
f 2574/4 2570/4 2575/4 2579/4
f 2575/4 2576/4 2581/4 2580/4
f 2576/4 2577/4 2582/4 2581/4
f 2577/4 2578/4 2583/4 2582/4
f 2578/4 2579/4 2584/4 2583/4
f 2579/4 2575/4 2580/4 2584/4
f 2580/4 2581/4 2586/4 2585/4
f 2581/4 2582/4 2587/4 2586/4
f 2582/4 2583/4 2588/4 2587/4
f 2583/4 2584/4 2589/4 2588/4
f 2584/4 2580/4 2585/4 2589/4
f 2585/4 2586/4 2591/4 2590/4
f 2586/4 2587/4 2592/4 2591/4
f 2587/4 2588/4 2593/4 2592/4
f 2588/4 2589/4 2594/4 2593/4
f 2589/4 2585/4 2590/4 2594/4
f 2590/4 2591/4 2596/4 2595/4
f 2591/4 2592/4 2597/4 2596/4
f 2592/4 2593/4 2598/4 2597/4
f 2593/4 2594/4 2599/4 2598/4
f 2594/4 2590/4 2595/4 2599/4
f 2595/4 2596/4 2601/4 2600/4
f 2596/4 2597/4 2602/4 2601/4
f 2597/4 2598/4 2603/4 2602/4
f 2598/4 2599/4 2604/4 2603/4
f 2599/4 2595/4 2600/4 2604/4
f 2600/4 2601/4 2606/4 2605/4
f 2601/4 2602/4 2607/4 2606/4
f 2602/4 2603/4 2608/4 2607/4
f 2603/4 2604/4 2609/4 2608/4
f 2604/4 2600/4 2605/4 2609/4
f 2605/4 2606/4 2611/4 2610/4
f 2606/4 2607/4 2612/4 2611/4
f 2607/4 2608/4 2613/4 2612/4
f 2608/4 2609/4 2614/4 2613/4
f 2609/4 2605/4 2610/4 2614/4
f 2610/4 2611/4 2616/4 2615/4
f 2611/4 2612/4 2617/4 2616/4
f 2612/4 2613/4 2618/4 2617/4
f 2613/4 2614/4 2619/4 2618/4
f 2614/4 2610/4 2615/4 2619/4
f 2615/4 2616/4 2621/4 2620/4
f 2616/4 2617/4 2622/4 2621/4
f 2617/4 2618/4 2623/4 2622/4
f 2618/4 2619/4 2624/4 2623/4
f 2619/4 2615/4 2620/4 2624/4
f 2620/4 2621/4 2626/4 2625/4
f 2621/4 2622/4 2627/4 2626/4
f 2622/4 2623/4 2628/4 2627/4
f 2623/4 2624/4 2629/4 2628/4
f 2624/4 2620/4 2625/4 2629/4
f 2625/4 2626/4 2631/4 2630/4
f 2626/4 2627/4 2632/4 2631/4
f 2627/4 2628/4 2633/4 2632/4
f 2628/4 2629/4 2634/4 2633/4
f 2629/4 2625/4 2630/4 2634/4
f 2630/4 2631/4 2566/4 2565/4
f 2631/4 2632/4 2567/4 2566/4
f 2632/4 2633/4 2568/4 2567/4
f 2633/4 2634/4 2569/4 2568/4
f 2634/4 2630/4 2565/4 2569/4
f 2635/4 2636/4 2685/4
f 2676/4 2675/4 2686/4
f 2636/4 2637/4 2685/4
f 2677/4 2676/4 2686/4
f 2637/4 2638/4 2685/4
f 2678/4 2677/4 2686/4
f 2638/4 2639/4 2685/4
f 2679/4 2678/4 2686/4
f 2639/4 2640/4 2685/4
f 2680/4 2679/4 2686/4
f 2640/4 2641/4 2685/4
f 2681/4 2680/4 2686/4
f 2641/4 2642/4 2685/4
f 2682/4 2681/4 2686/4
f 2642/4 2643/4 2685/4
f 2683/4 2682/4 2686/4
f 2643/4 2644/4 2685/4
f 2684/4 2683/4 2686/4
f 2644/4 2635/4 2685/4
f 2675/4 2684/4 2686/4
f 2645/4 2646/4 2636/4 2635/4
f 2646/4 2647/4 2637/4 2636/4
f 2647/4 2648/4 2638/4 2637/4
f 2648/4 2649/4 2639/4 2638/4
f 2649/4 2650/4 2640/4 2639/4
f 2650/4 2651/4 2641/4 2640/4
f 2651/4 2652/4 2642/4 2641/4
f 2652/4 2653/4 2643/4 2642/4
f 2653/4 2654/4 2644/4 2643/4
f 2654/4 2645/4 2635/4 2644/4
f 2655/4 2656/4 2646/4 2645/4
f 2656/4 2657/4 2647/4 2646/4
f 2657/4 2658/4 2648/4 2647/4
f 2658/4 2659/4 2649/4 2648/4
f 2659/4 2660/4 2650/4 2649/4
f 2660/4 2661/4 2651/4 2650/4
f 2661/4 2662/4 2652/4 2651/4
f 2662/4 2663/4 2653/4 2652/4
f 2663/4 2664/4 2654/4 2653/4
f 2664/4 2655/4 2645/4 2654/4
f 2665/4 2666/4 2656/4 2655/4
f 2666/4 2667/4 2657/4 2656/4
f 2667/4 2668/4 2658/4 2657/4
f 2668/4 2669/4 2659/4 2658/4
f 2669/4 2670/4 2660/4 2659/4
f 2670/4 2671/4 2661/4 2660/4
f 2671/4 2672/4 2662/4 2661/4
f 2672/4 2673/4 2663/4 2662/4
f 2673/4 2674/4 2664/4 2663/4
f 2674/4 2665/4 2655/4 2664/4
f 2675/4 2676/4 2666/4 2665/4
f 2676/4 2677/4 2667/4 2666/4
f 2677/4 2678/4 2668/4 2667/4
f 2678/4 2679/4 2669/4 2668/4
f 2679/4 2680/4 2670/4 2669/4
f 2680/4 2681/4 2671/4 2670/4
f 2681/4 2682/4 2672/4 2671/4
f 2682/4 2683/4 2673/4 2672/4
f 2683/4 2684/4 2674/4 2673/4
f 2684/4 2675/4 2665/4 2674/4
