# ParkParkTeacupsHub — ParkPark original fairground mesh
mtllib ParkParkFairground.mtl
o ParkParkTeacupsHub
v 8.60000 0.74000 0.00000
v 8.60000 1.12000 0.00000
v 8.52643 0.74000 1.12253
v 8.52643 1.12000 1.12253
v 8.30696 0.74000 2.22584
v 8.30696 1.12000 2.22584
v 7.94536 0.74000 3.29108
v 7.94536 1.12000 3.29108
v 7.44782 0.74000 4.30000
v 7.44782 1.12000 4.30000
v 6.82284 0.74000 5.23535
v 6.82284 1.12000 5.23535
v 6.08112 0.74000 6.08112
v 6.08112 1.12000 6.08112
v 5.23535 0.74000 6.82284
v 5.23535 1.12000 6.82284
v 4.30000 0.74000 7.44782
v 4.30000 1.12000 7.44782
v 3.29108 0.74000 7.94536
v 3.29108 1.12000 7.94536
v 2.22584 0.74000 8.30696
v 2.22584 1.12000 8.30696
v 1.12253 0.74000 8.52643
v 1.12253 1.12000 8.52643
v 0.00000 0.74000 8.60000
v 0.00000 1.12000 8.60000
v -1.12253 0.74000 8.52643
v -1.12253 1.12000 8.52643
v -2.22584 0.74000 8.30696
v -2.22584 1.12000 8.30696
v -3.29108 0.74000 7.94536
v -3.29108 1.12000 7.94536
v -4.30000 0.74000 7.44782
v -4.30000 1.12000 7.44782
v -5.23535 0.74000 6.82284
v -5.23535 1.12000 6.82284
v -6.08112 0.74000 6.08112
v -6.08112 1.12000 6.08112
v -6.82284 0.74000 5.23535
v -6.82284 1.12000 5.23535
v -7.44782 0.74000 4.30000
v -7.44782 1.12000 4.30000
v -7.94536 0.74000 3.29108
v -7.94536 1.12000 3.29108
v -8.30696 0.74000 2.22584
v -8.30696 1.12000 2.22584
v -8.52643 0.74000 1.12253
v -8.52643 1.12000 1.12253
v -8.60000 0.74000 0.00000
v -8.60000 1.12000 0.00000
v -8.52643 0.74000 -1.12253
v -8.52643 1.12000 -1.12253
v -8.30696 0.74000 -2.22584
v -8.30696 1.12000 -2.22584
v -7.94536 0.74000 -3.29108
v -7.94536 1.12000 -3.29108
v -7.44782 0.74000 -4.30000
v -7.44782 1.12000 -4.30000
v -6.82284 0.74000 -5.23535
v -6.82284 1.12000 -5.23535
v -6.08112 0.74000 -6.08112
v -6.08112 1.12000 -6.08112
v -5.23535 0.74000 -6.82284
v -5.23535 1.12000 -6.82284
v -4.30000 0.74000 -7.44782
v -4.30000 1.12000 -7.44782
v -3.29108 0.74000 -7.94536
v -3.29108 1.12000 -7.94536
v -2.22584 0.74000 -8.30696
v -2.22584 1.12000 -8.30696
v -1.12253 0.74000 -8.52643
v -1.12253 1.12000 -8.52643
v -0.00000 0.74000 -8.60000
v -0.00000 1.12000 -8.60000
v 1.12253 0.74000 -8.52643
v 1.12253 1.12000 -8.52643
v 2.22584 0.74000 -8.30696
v 2.22584 1.12000 -8.30696
v 3.29108 0.74000 -7.94536
v 3.29108 1.12000 -7.94536
v 4.30000 0.74000 -7.44782
v 4.30000 1.12000 -7.44782
v 5.23535 0.74000 -6.82284
v 5.23535 1.12000 -6.82284
v 6.08112 0.74000 -6.08112
v 6.08112 1.12000 -6.08112
v 6.82284 0.74000 -5.23535
v 6.82284 1.12000 -5.23535
v 7.44782 0.74000 -4.30000
v 7.44782 1.12000 -4.30000
v 7.94536 0.74000 -3.29108
v 7.94536 1.12000 -3.29108
v 8.30696 0.74000 -2.22584
v 8.30696 1.12000 -2.22584
v 8.52643 0.74000 -1.12253
v 8.52643 1.12000 -1.12253
v 0.00000 0.74000 0.00000
v 0.00000 1.12000 0.00000
v 8.62000 0.74000 0.00000
v 8.62000 0.98000 0.00000
v 8.54625 0.74000 1.12514
v 8.54625 0.98000 1.12514
v 8.32628 0.74000 2.23102
v 8.32628 0.98000 2.23102
v 7.96384 0.74000 3.29873
v 7.96384 0.98000 3.29873
v 7.46514 0.74000 4.31000
v 7.46514 0.98000 4.31000
v 6.83871 0.74000 5.24752
v 6.83871 0.98000 5.24752
v 6.09526 0.74000 6.09526
v 6.09526 0.98000 6.09526
v 5.24752 0.74000 6.83871
v 5.24752 0.98000 6.83871
v 4.31000 0.74000 7.46514
v 4.31000 0.98000 7.46514
v 3.29873 0.74000 7.96384
v 3.29873 0.98000 7.96384
v 2.23102 0.74000 8.32628
v 2.23102 0.98000 8.32628
v 1.12514 0.74000 8.54625
v 1.12514 0.98000 8.54625
v 0.00000 0.74000 8.62000
v 0.00000 0.98000 8.62000
v -1.12514 0.74000 8.54625
v -1.12514 0.98000 8.54625
v -2.23102 0.74000 8.32628
v -2.23102 0.98000 8.32628
v -3.29873 0.74000 7.96384
v -3.29873 0.98000 7.96384
v -4.31000 0.74000 7.46514
v -4.31000 0.98000 7.46514
v -5.24752 0.74000 6.83871
v -5.24752 0.98000 6.83871
v -6.09526 0.74000 6.09526
v -6.09526 0.98000 6.09526
v -6.83871 0.74000 5.24752
v -6.83871 0.98000 5.24752
v -7.46514 0.74000 4.31000
v -7.46514 0.98000 4.31000
v -7.96384 0.74000 3.29873
v -7.96384 0.98000 3.29873
v -8.32628 0.74000 2.23102
v -8.32628 0.98000 2.23102
v -8.54625 0.74000 1.12514
v -8.54625 0.98000 1.12514
v -8.62000 0.74000 0.00000
v -8.62000 0.98000 0.00000
v -8.54625 0.74000 -1.12514
v -8.54625 0.98000 -1.12514
v -8.32628 0.74000 -2.23102
v -8.32628 0.98000 -2.23102
v -7.96384 0.74000 -3.29873
v -7.96384 0.98000 -3.29873
v -7.46514 0.74000 -4.31000
v -7.46514 0.98000 -4.31000
v -6.83871 0.74000 -5.24752
v -6.83871 0.98000 -5.24752
v -6.09526 0.74000 -6.09526
v -6.09526 0.98000 -6.09526
v -5.24752 0.74000 -6.83871
v -5.24752 0.98000 -6.83871
v -4.31000 0.74000 -7.46514
v -4.31000 0.98000 -7.46514
v -3.29873 0.74000 -7.96384
v -3.29873 0.98000 -7.96384
v -2.23102 0.74000 -8.32628
v -2.23102 0.98000 -8.32628
v -1.12514 0.74000 -8.54625
v -1.12514 0.98000 -8.54625
v -0.00000 0.74000 -8.62000
v -0.00000 0.98000 -8.62000
v 1.12514 0.74000 -8.54625
v 1.12514 0.98000 -8.54625
v 2.23102 0.74000 -8.32628
v 2.23102 0.98000 -8.32628
v 3.29873 0.74000 -7.96384
v 3.29873 0.98000 -7.96384
v 4.31000 0.74000 -7.46514
v 4.31000 0.98000 -7.46514
v 5.24752 0.74000 -6.83871
v 5.24752 0.98000 -6.83871
v 6.09526 0.74000 -6.09526
v 6.09526 0.98000 -6.09526
v 6.83871 0.74000 -5.24752
v 6.83871 0.98000 -5.24752
v 7.46514 0.74000 -4.31000
v 7.46514 0.98000 -4.31000
v 7.96384 0.74000 -3.29873
v 7.96384 0.98000 -3.29873
v 8.32628 0.74000 -2.23102
v 8.32628 0.98000 -2.23102
v 8.54625 0.74000 -1.12514
v 8.54625 0.98000 -1.12514
v 0.00000 0.74000 0.00000
v 0.00000 0.98000 0.00000
v 8.52000 1.14000 0.00000
v 8.46000 1.24392 0.00000
v 8.34000 1.24392 0.00000
v 8.28000 1.14000 0.00000
v 8.34000 1.03608 0.00000
v 8.46000 1.03608 0.00000
v 8.44711 1.14000 1.11208
v 8.38762 1.24392 1.10425
v 8.26865 1.24392 1.08859
v 8.20916 1.14000 1.08076
v 8.26865 1.03608 1.08859
v 8.38762 1.03608 1.10425
v 8.22969 1.14000 2.20514
v 8.17173 1.24392 2.18961
v 8.05582 1.24392 2.15855
v 7.99787 1.14000 2.14302
v 8.05582 1.03608 2.15855
v 8.17173 1.03608 2.18961
v 7.87145 1.14000 3.26046
v 7.81602 1.24392 3.23750
v 7.70516 1.24392 3.19158
v 7.64972 1.14000 3.16862
v 7.70516 1.03608 3.19158
v 7.81602 1.03608 3.23750
v 7.37854 1.14000 4.26000
v 7.32657 1.24392 4.23000
v 7.22265 1.24392 4.17000
v 7.17069 1.14000 4.14000
v 7.22265 1.03608 4.17000
v 7.32657 1.03608 4.23000
v 6.75937 1.14000 5.18665
v 6.71177 1.24392 5.15012
v 6.61657 1.24392 5.07707
v 6.56897 1.14000 5.04054
v 6.61657 1.03608 5.07707
v 6.71177 1.03608 5.15012
v 6.02455 1.14000 6.02455
v 5.98212 1.24392 5.98212
v 5.89727 1.24392 5.89727
v 5.85484 1.14000 5.85484
v 5.89727 1.03608 5.89727
v 5.98212 1.03608 5.98212
v 5.18665 1.14000 6.75937
v 5.15012 1.24392 6.71177
v 5.07707 1.24392 6.61657
v 5.04054 1.14000 6.56897
v 5.07707 1.03608 6.61657
v 5.15012 1.03608 6.71177
v 4.26000 1.14000 7.37854
v 4.23000 1.24392 7.32657
v 4.17000 1.24392 7.22265
v 4.14000 1.14000 7.17069
v 4.17000 1.03608 7.22265
v 4.23000 1.03608 7.32657
v 3.26046 1.14000 7.87145
v 3.23750 1.24392 7.81602
v 3.19158 1.24392 7.70516
v 3.16862 1.14000 7.64972
v 3.19158 1.03608 7.70516
v 3.23750 1.03608 7.81602
v 2.20514 1.14000 8.22969
v 2.18961 1.24392 8.17173
v 2.15855 1.24392 8.05582
v 2.14302 1.14000 7.99787
v 2.15855 1.03608 8.05582
v 2.18961 1.03608 8.17173
v 1.11208 1.14000 8.44711
v 1.10425 1.24392 8.38762
v 1.08859 1.24392 8.26865
v 1.08076 1.14000 8.20916
v 1.08859 1.03608 8.26865
v 1.10425 1.03608 8.38762
v 0.00000 1.14000 8.52000
v 0.00000 1.24392 8.46000
v 0.00000 1.24392 8.34000
v 0.00000 1.14000 8.28000
v 0.00000 1.03608 8.34000
v 0.00000 1.03608 8.46000
v -1.11208 1.14000 8.44711
v -1.10425 1.24392 8.38762
v -1.08859 1.24392 8.26865
v -1.08076 1.14000 8.20916
v -1.08859 1.03608 8.26865
v -1.10425 1.03608 8.38762
v -2.20514 1.14000 8.22969
v -2.18961 1.24392 8.17173
v -2.15855 1.24392 8.05582
v -2.14302 1.14000 7.99787
v -2.15855 1.03608 8.05582
v -2.18961 1.03608 8.17173
v -3.26046 1.14000 7.87145
v -3.23750 1.24392 7.81602
v -3.19158 1.24392 7.70516
v -3.16862 1.14000 7.64972
v -3.19158 1.03608 7.70516
v -3.23750 1.03608 7.81602
v -4.26000 1.14000 7.37854
v -4.23000 1.24392 7.32657
v -4.17000 1.24392 7.22265
v -4.14000 1.14000 7.17069
v -4.17000 1.03608 7.22265
v -4.23000 1.03608 7.32657
v -5.18665 1.14000 6.75937
v -5.15012 1.24392 6.71177
v -5.07707 1.24392 6.61657
v -5.04054 1.14000 6.56897
v -5.07707 1.03608 6.61657
v -5.15012 1.03608 6.71177
v -6.02455 1.14000 6.02455
v -5.98212 1.24392 5.98212
v -5.89727 1.24392 5.89727
v -5.85484 1.14000 5.85484
v -5.89727 1.03608 5.89727
v -5.98212 1.03608 5.98212
v -6.75937 1.14000 5.18665
v -6.71177 1.24392 5.15012
v -6.61657 1.24392 5.07707
v -6.56897 1.14000 5.04054
v -6.61657 1.03608 5.07707
v -6.71177 1.03608 5.15012
v -7.37854 1.14000 4.26000
v -7.32657 1.24392 4.23000
v -7.22265 1.24392 4.17000
v -7.17069 1.14000 4.14000
v -7.22265 1.03608 4.17000
v -7.32657 1.03608 4.23000
v -7.87145 1.14000 3.26046
v -7.81602 1.24392 3.23750
v -7.70516 1.24392 3.19158
v -7.64972 1.14000 3.16862
v -7.70516 1.03608 3.19158
v -7.81602 1.03608 3.23750
v -8.22969 1.14000 2.20514
v -8.17173 1.24392 2.18961
v -8.05582 1.24392 2.15855
v -7.99787 1.14000 2.14302
v -8.05582 1.03608 2.15855
v -8.17173 1.03608 2.18961
v -8.44711 1.14000 1.11208
v -8.38762 1.24392 1.10425
v -8.26865 1.24392 1.08859
v -8.20916 1.14000 1.08076
v -8.26865 1.03608 1.08859
v -8.38762 1.03608 1.10425
v -8.52000 1.14000 0.00000
v -8.46000 1.24392 0.00000
v -8.34000 1.24392 0.00000
v -8.28000 1.14000 0.00000
v -8.34000 1.03608 0.00000
v -8.46000 1.03608 0.00000
v -8.44711 1.14000 -1.11208
v -8.38762 1.24392 -1.10425
v -8.26865 1.24392 -1.08859
v -8.20916 1.14000 -1.08076
v -8.26865 1.03608 -1.08859
v -8.38762 1.03608 -1.10425
v -8.22969 1.14000 -2.20514
v -8.17173 1.24392 -2.18961
v -8.05582 1.24392 -2.15855
v -7.99787 1.14000 -2.14302
v -8.05582 1.03608 -2.15855
v -8.17173 1.03608 -2.18961
v -7.87145 1.14000 -3.26046
v -7.81602 1.24392 -3.23750
v -7.70516 1.24392 -3.19158
v -7.64972 1.14000 -3.16862
v -7.70516 1.03608 -3.19158
v -7.81602 1.03608 -3.23750
v -7.37854 1.14000 -4.26000
v -7.32657 1.24392 -4.23000
v -7.22265 1.24392 -4.17000
v -7.17069 1.14000 -4.14000
v -7.22265 1.03608 -4.17000
v -7.32657 1.03608 -4.23000
v -6.75937 1.14000 -5.18665
v -6.71177 1.24392 -5.15012
v -6.61657 1.24392 -5.07707
v -6.56897 1.14000 -5.04054
v -6.61657 1.03608 -5.07707
v -6.71177 1.03608 -5.15012
v -6.02455 1.14000 -6.02455
v -5.98212 1.24392 -5.98212
v -5.89727 1.24392 -5.89727
v -5.85484 1.14000 -5.85484
v -5.89727 1.03608 -5.89727
v -5.98212 1.03608 -5.98212
v -5.18665 1.14000 -6.75937
v -5.15012 1.24392 -6.71177
v -5.07707 1.24392 -6.61657
v -5.04054 1.14000 -6.56897
v -5.07707 1.03608 -6.61657
v -5.15012 1.03608 -6.71177
v -4.26000 1.14000 -7.37854
v -4.23000 1.24392 -7.32657
v -4.17000 1.24392 -7.22265
v -4.14000 1.14000 -7.17069
v -4.17000 1.03608 -7.22265
v -4.23000 1.03608 -7.32657
v -3.26046 1.14000 -7.87145
v -3.23750 1.24392 -7.81602
v -3.19158 1.24392 -7.70516
v -3.16862 1.14000 -7.64972
v -3.19158 1.03608 -7.70516
v -3.23750 1.03608 -7.81602
v -2.20514 1.14000 -8.22969
v -2.18961 1.24392 -8.17173
v -2.15855 1.24392 -8.05582
v -2.14302 1.14000 -7.99787
v -2.15855 1.03608 -8.05582
v -2.18961 1.03608 -8.17173
v -1.11208 1.14000 -8.44711
v -1.10425 1.24392 -8.38762
v -1.08859 1.24392 -8.26865
v -1.08076 1.14000 -8.20916
v -1.08859 1.03608 -8.26865
v -1.10425 1.03608 -8.38762
v -0.00000 1.14000 -8.52000
v -0.00000 1.24392 -8.46000
v -0.00000 1.24392 -8.34000
v -0.00000 1.14000 -8.28000
v -0.00000 1.03608 -8.34000
v -0.00000 1.03608 -8.46000
v 1.11208 1.14000 -8.44711
v 1.10425 1.24392 -8.38762
v 1.08859 1.24392 -8.26865
v 1.08076 1.14000 -8.20916
v 1.08859 1.03608 -8.26865
v 1.10425 1.03608 -8.38762
v 2.20514 1.14000 -8.22969
v 2.18961 1.24392 -8.17173
v 2.15855 1.24392 -8.05582
v 2.14302 1.14000 -7.99787
v 2.15855 1.03608 -8.05582
v 2.18961 1.03608 -8.17173
v 3.26046 1.14000 -7.87145
v 3.23750 1.24392 -7.81602
v 3.19158 1.24392 -7.70516
v 3.16862 1.14000 -7.64972
v 3.19158 1.03608 -7.70516
v 3.23750 1.03608 -7.81602
v 4.26000 1.14000 -7.37854
v 4.23000 1.24392 -7.32657
v 4.17000 1.24392 -7.22265
v 4.14000 1.14000 -7.17069
v 4.17000 1.03608 -7.22265
v 4.23000 1.03608 -7.32657
v 5.18665 1.14000 -6.75937
v 5.15012 1.24392 -6.71177
v 5.07707 1.24392 -6.61657
v 5.04054 1.14000 -6.56897
v 5.07707 1.03608 -6.61657
v 5.15012 1.03608 -6.71177
v 6.02455 1.14000 -6.02455
v 5.98212 1.24392 -5.98212
v 5.89727 1.24392 -5.89727
v 5.85484 1.14000 -5.85484
v 5.89727 1.03608 -5.89727
v 5.98212 1.03608 -5.98212
v 6.75937 1.14000 -5.18665
v 6.71177 1.24392 -5.15012
v 6.61657 1.24392 -5.07707
v 6.56897 1.14000 -5.04054
v 6.61657 1.03608 -5.07707
v 6.71177 1.03608 -5.15012
v 7.37854 1.14000 -4.26000
v 7.32657 1.24392 -4.23000
v 7.22265 1.24392 -4.17000
v 7.17069 1.14000 -4.14000
v 7.22265 1.03608 -4.17000
v 7.32657 1.03608 -4.23000
v 7.87145 1.14000 -3.26046
v 7.81602 1.24392 -3.23750
v 7.70516 1.24392 -3.19158
v 7.64972 1.14000 -3.16862
v 7.70516 1.03608 -3.19158
v 7.81602 1.03608 -3.23750
v 8.22969 1.14000 -2.20514
v 8.17173 1.24392 -2.18961
v 8.05582 1.24392 -2.15855
v 7.99787 1.14000 -2.14302
v 8.05582 1.03608 -2.15855
v 8.17173 1.03608 -2.18961
v 8.44711 1.14000 -1.11208
v 8.38762 1.24392 -1.10425
v 8.26865 1.24392 -1.08859
v 8.20916 1.14000 -1.08076
v 8.26865 1.03608 -1.08859
v 8.38762 1.03608 -1.10425
v 0.00000 1.10000 0.00000
v 0.00000 1.10000 0.00000
v 0.00000 1.10000 0.00000
v 0.00000 1.10000 0.00000
v 0.00000 1.10000 0.00000
v 0.00000 1.10000 0.00000
v 0.00000 1.10000 0.00000
v 0.00000 1.10000 0.00000
v 0.00000 1.10000 0.00000
v -0.00000 1.10000 0.00000
v -0.00000 1.10000 0.00000
v -0.00000 1.10000 0.00000
v -0.00000 1.10000 0.00000
v -0.00000 1.10000 0.00000
v -0.00000 1.10000 0.00000
v -0.00000 1.10000 0.00000
v -0.00000 1.10000 0.00000
v -0.00000 1.10000 -0.00000
v -0.00000 1.10000 -0.00000
v -0.00000 1.10000 -0.00000
v -0.00000 1.10000 -0.00000
v -0.00000 1.10000 -0.00000
v -0.00000 1.10000 -0.00000
v -0.00000 1.10000 -0.00000
v -0.00000 1.10000 -0.00000
v 0.00000 1.10000 -0.00000
v 0.00000 1.10000 -0.00000
v 0.00000 1.10000 -0.00000
v 0.00000 1.10000 -0.00000
v 0.00000 1.10000 -0.00000
v 0.00000 1.10000 -0.00000
v 0.00000 1.10000 -0.00000
v 1.50000 1.10000 0.00000
v 1.47118 1.10000 0.29264
v 1.38582 1.10000 0.57403
v 1.24720 1.10000 0.83336
v 1.06066 1.10000 1.06066
v 0.83336 1.10000 1.24720
v 0.57403 1.10000 1.38582
v 0.29264 1.10000 1.47118
v 0.00000 1.10000 1.50000
v -0.29264 1.10000 1.47118
v -0.57403 1.10000 1.38582
v -0.83336 1.10000 1.24720
v -1.06066 1.10000 1.06066
v -1.24720 1.10000 0.83336
v -1.38582 1.10000 0.57403
v -1.47118 1.10000 0.29264
v -1.50000 1.10000 0.00000
v -1.47118 1.10000 -0.29264
v -1.38582 1.10000 -0.57403
v -1.24720 1.10000 -0.83336
v -1.06066 1.10000 -1.06066
v -0.83336 1.10000 -1.24720
v -0.57403 1.10000 -1.38582
v -0.29264 1.10000 -1.47118
v -0.00000 1.10000 -1.50000
v 0.29264 1.10000 -1.47118
v 0.57403 1.10000 -1.38582
v 0.83336 1.10000 -1.24720
v 1.06066 1.10000 -1.06066
v 1.24720 1.10000 -0.83336
v 1.38582 1.10000 -0.57403
v 1.47118 1.10000 -0.29264
v 1.15000 1.60000 0.00000
v 1.12790 1.60000 0.22435
v 1.06246 1.60000 0.44009
v 0.95619 1.60000 0.63891
v 0.81317 1.60000 0.81317
v 0.63891 1.60000 0.95619
v 0.44009 1.60000 1.06246
v 0.22435 1.60000 1.12790
v 0.00000 1.60000 1.15000
v -0.22435 1.60000 1.12790
v -0.44009 1.60000 1.06246
v -0.63891 1.60000 0.95619
v -0.81317 1.60000 0.81317
v -0.95619 1.60000 0.63891
v -1.06246 1.60000 0.44009
v -1.12790 1.60000 0.22435
v -1.15000 1.60000 0.00000
v -1.12790 1.60000 -0.22435
v -1.06246 1.60000 -0.44009
v -0.95619 1.60000 -0.63891
v -0.81317 1.60000 -0.81317
v -0.63891 1.60000 -0.95619
v -0.44009 1.60000 -1.06246
v -0.22435 1.60000 -1.12790
v -0.00000 1.60000 -1.15000
v 0.22435 1.60000 -1.12790
v 0.44009 1.60000 -1.06246
v 0.63891 1.60000 -0.95619
v 0.81317 1.60000 -0.81317
v 0.95619 1.60000 -0.63891
v 1.06246 1.60000 -0.44009
v 1.12790 1.60000 -0.22435
v 0.66000 2.00000 0.00000
v 0.64732 2.00000 0.12876
v 0.60976 2.00000 0.25257
v 0.54877 2.00000 0.36668
v 0.46669 2.00000 0.46669
v 0.36668 2.00000 0.54877
v 0.25257 2.00000 0.60976
v 0.12876 2.00000 0.64732
v 0.00000 2.00000 0.66000
v -0.12876 2.00000 0.64732
v -0.25257 2.00000 0.60976
v -0.36668 2.00000 0.54877
v -0.46669 2.00000 0.46669
v -0.54877 2.00000 0.36668
v -0.60976 2.00000 0.25257
v -0.64732 2.00000 0.12876
v -0.66000 2.00000 0.00000
v -0.64732 2.00000 -0.12876
v -0.60976 2.00000 -0.25257
v -0.54877 2.00000 -0.36668
v -0.46669 2.00000 -0.46669
v -0.36668 2.00000 -0.54877
v -0.25257 2.00000 -0.60976
v -0.12876 2.00000 -0.64732
v -0.00000 2.00000 -0.66000
v 0.12876 2.00000 -0.64732
v 0.25257 2.00000 -0.60976
v 0.36668 2.00000 -0.54877
v 0.46669 2.00000 -0.46669
v 0.54877 2.00000 -0.36668
v 0.60976 2.00000 -0.25257
v 0.64732 2.00000 -0.12876
v 0.55000 4.60000 0.00000
v 0.53943 4.60000 0.10730
v 0.50813 4.60000 0.21048
v 0.45731 4.60000 0.30556
v 0.38891 4.60000 0.38891
v 0.30556 4.60000 0.45731
v 0.21048 4.60000 0.50813
v 0.10730 4.60000 0.53943
v 0.00000 4.60000 0.55000
v -0.10730 4.60000 0.53943
v -0.21048 4.60000 0.50813
v -0.30556 4.60000 0.45731
v -0.38891 4.60000 0.38891
v -0.45731 4.60000 0.30556
v -0.50813 4.60000 0.21048
v -0.53943 4.60000 0.10730
v -0.55000 4.60000 0.00000
v -0.53943 4.60000 -0.10730
v -0.50813 4.60000 -0.21048
v -0.45731 4.60000 -0.30556
v -0.38891 4.60000 -0.38891
v -0.30556 4.60000 -0.45731
v -0.21048 4.60000 -0.50813
v -0.10730 4.60000 -0.53943
v -0.00000 4.60000 -0.55000
v 0.10730 4.60000 -0.53943
v 0.21048 4.60000 -0.50813
v 0.30556 4.60000 -0.45731
v 0.38891 4.60000 -0.38891
v 0.45731 4.60000 -0.30556
v 0.50813 4.60000 -0.21048
v 0.53943 4.60000 -0.10730
v 0.78000 4.80000 0.00000
v 0.76501 4.80000 0.15217
v 0.72063 4.80000 0.29849
v 0.64855 4.80000 0.43334
v 0.55154 4.80000 0.55154
v 0.43334 4.80000 0.64855
v 0.29849 4.80000 0.72063
v 0.15217 4.80000 0.76501
v 0.00000 4.80000 0.78000
v -0.15217 4.80000 0.76501
v -0.29849 4.80000 0.72063
v -0.43334 4.80000 0.64855
v -0.55154 4.80000 0.55154
v -0.64855 4.80000 0.43334
v -0.72063 4.80000 0.29849
v -0.76501 4.80000 0.15217
v -0.78000 4.80000 0.00000
v -0.76501 4.80000 -0.15217
v -0.72063 4.80000 -0.29849
v -0.64855 4.80000 -0.43334
v -0.55154 4.80000 -0.55154
v -0.43334 4.80000 -0.64855
v -0.29849 4.80000 -0.72063
v -0.15217 4.80000 -0.76501
v -0.00000 4.80000 -0.78000
v 0.15217 4.80000 -0.76501
v 0.29849 4.80000 -0.72063
v 0.43334 4.80000 -0.64855
v 0.55154 4.80000 -0.55154
v 0.64855 4.80000 -0.43334
v 0.72063 4.80000 -0.29849
v 0.76501 4.80000 -0.15217
v 0.55000 5.10000 0.00000
v 0.53943 5.10000 0.10730
v 0.50813 5.10000 0.21048
v 0.45731 5.10000 0.30556
v 0.38891 5.10000 0.38891
v 0.30556 5.10000 0.45731
v 0.21048 5.10000 0.50813
v 0.10730 5.10000 0.53943
v 0.00000 5.10000 0.55000
v -0.10730 5.10000 0.53943
v -0.21048 5.10000 0.50813
v -0.30556 5.10000 0.45731
v -0.38891 5.10000 0.38891
v -0.45731 5.10000 0.30556
v -0.50813 5.10000 0.21048
v -0.53943 5.10000 0.10730
v -0.55000 5.10000 0.00000
v -0.53943 5.10000 -0.10730
v -0.50813 5.10000 -0.21048
v -0.45731 5.10000 -0.30556
v -0.38891 5.10000 -0.38891
v -0.30556 5.10000 -0.45731
v -0.21048 5.10000 -0.50813
v -0.10730 5.10000 -0.53943
v -0.00000 5.10000 -0.55000
v 0.10730 5.10000 -0.53943
v 0.21048 5.10000 -0.50813
v 0.30556 5.10000 -0.45731
v 0.38891 5.10000 -0.38891
v 0.45731 5.10000 -0.30556
v 0.50813 5.10000 -0.21048
v 0.53943 5.10000 -0.10730
v 0.46000 7.40000 0.00000
v 0.45116 7.40000 0.08974
v 0.42498 7.40000 0.17603
v 0.38248 7.40000 0.25556
v 0.32527 7.40000 0.32527
v 0.25556 7.40000 0.38248
v 0.17603 7.40000 0.42498
v 0.08974 7.40000 0.45116
v 0.00000 7.40000 0.46000
v -0.08974 7.40000 0.45116
v -0.17603 7.40000 0.42498
v -0.25556 7.40000 0.38248
v -0.32527 7.40000 0.32527
v -0.38248 7.40000 0.25556
v -0.42498 7.40000 0.17603
v -0.45116 7.40000 0.08974
v -0.46000 7.40000 0.00000
v -0.45116 7.40000 -0.08974
v -0.42498 7.40000 -0.17603
v -0.38248 7.40000 -0.25556
v -0.32527 7.40000 -0.32527
v -0.25556 7.40000 -0.38248
v -0.17603 7.40000 -0.42498
v -0.08974 7.40000 -0.45116
v -0.00000 7.40000 -0.46000
v 0.08974 7.40000 -0.45116
v 0.17603 7.40000 -0.42498
v 0.25556 7.40000 -0.38248
v 0.32527 7.40000 -0.32527
v 0.38248 7.40000 -0.25556
v 0.42498 7.40000 -0.17603
v 0.45116 7.40000 -0.08974
v 0.50000 7.60000 0.00000
v 0.49039 7.60000 0.09755
v 0.46194 7.60000 0.19134
v 0.41573 7.60000 0.27779
v 0.35355 7.60000 0.35355
v 0.27779 7.60000 0.41573
v 0.19134 7.60000 0.46194
v 0.09755 7.60000 0.49039
v 0.00000 7.60000 0.50000
v -0.09755 7.60000 0.49039
v -0.19134 7.60000 0.46194
v -0.27779 7.60000 0.41573
v -0.35355 7.60000 0.35355
v -0.41573 7.60000 0.27779
v -0.46194 7.60000 0.19134
v -0.49039 7.60000 0.09755
v -0.50000 7.60000 0.00000
v -0.49039 7.60000 -0.09755
v -0.46194 7.60000 -0.19134
v -0.41573 7.60000 -0.27779
v -0.35355 7.60000 -0.35355
v -0.27779 7.60000 -0.41573
v -0.19134 7.60000 -0.46194
v -0.09755 7.60000 -0.49039
v -0.00000 7.60000 -0.50000
v 0.09755 7.60000 -0.49039
v 0.19134 7.60000 -0.46194
v 0.27779 7.60000 -0.41573
v 0.35355 7.60000 -0.35355
v 0.41573 7.60000 -0.27779
v 0.46194 7.60000 -0.19134
v 0.49039 7.60000 -0.09755
v 0.00000 7.70000 0.00000
v 0.00000 7.70000 0.00000
v 0.00000 7.70000 0.00000
v 0.00000 7.70000 0.00000
v 0.00000 7.70000 0.00000
v 0.00000 7.70000 0.00000
v 0.00000 7.70000 0.00000
v 0.00000 7.70000 0.00000
v 0.00000 7.70000 0.00000
v -0.00000 7.70000 0.00000
v -0.00000 7.70000 0.00000
v -0.00000 7.70000 0.00000
v -0.00000 7.70000 0.00000
v -0.00000 7.70000 0.00000
v -0.00000 7.70000 0.00000
v -0.00000 7.70000 0.00000
v -0.00000 7.70000 0.00000
v -0.00000 7.70000 -0.00000
v -0.00000 7.70000 -0.00000
v -0.00000 7.70000 -0.00000
v -0.00000 7.70000 -0.00000
v -0.00000 7.70000 -0.00000
v -0.00000 7.70000 -0.00000
v -0.00000 7.70000 -0.00000
v -0.00000 7.70000 -0.00000
v 0.00000 7.70000 -0.00000
v 0.00000 7.70000 -0.00000
v 0.00000 7.70000 -0.00000
v 0.00000 7.70000 -0.00000
v 0.00000 7.70000 -0.00000
v 0.00000 7.70000 -0.00000
v 0.00000 7.70000 -0.00000
v 0.00000 8.70000 0.00000
v 0.00000 8.70000 0.00000
v 0.00000 8.70000 0.00000
v 0.00000 8.70000 0.00000
v 0.00000 8.70000 0.00000
v 0.00000 8.70000 0.00000
v 0.00000 8.70000 0.00000
v 0.00000 8.70000 0.00000
v 0.00000 8.70000 0.00000
v -0.00000 8.70000 0.00000
v -0.00000 8.70000 0.00000
v -0.00000 8.70000 0.00000
v -0.00000 8.70000 0.00000
v -0.00000 8.70000 0.00000
v -0.00000 8.70000 0.00000
v -0.00000 8.70000 0.00000
v -0.00000 8.70000 0.00000
v -0.00000 8.70000 -0.00000
v -0.00000 8.70000 -0.00000
v -0.00000 8.70000 -0.00000
v -0.00000 8.70000 -0.00000
v -0.00000 8.70000 -0.00000
v -0.00000 8.70000 -0.00000
v -0.00000 8.70000 -0.00000
v -0.00000 8.70000 -0.00000
v 0.00000 8.70000 -0.00000
v 0.00000 8.70000 -0.00000
v 0.00000 8.70000 -0.00000
v 0.00000 8.70000 -0.00000
v 0.00000 8.70000 -0.00000
v 0.00000 8.70000 -0.00000
v 0.00000 8.70000 -0.00000
v 1.60000 7.90000 0.00000
v 1.56926 7.90000 0.31214
v 1.47821 7.90000 0.61229
v 1.33035 7.90000 0.88891
v 1.13137 7.90000 1.13137
v 0.88891 7.90000 1.33035
v 0.61229 7.90000 1.47821
v 0.31214 7.90000 1.56926
v 0.00000 7.90000 1.60000
v -0.31214 7.90000 1.56926
v -0.61229 7.90000 1.47821
v -0.88891 7.90000 1.33035
v -1.13137 7.90000 1.13137
v -1.33035 7.90000 0.88891
v -1.47821 7.90000 0.61229
v -1.56926 7.90000 0.31214
v -1.60000 7.90000 0.00000
v -1.56926 7.90000 -0.31214
v -1.47821 7.90000 -0.61229
v -1.33035 7.90000 -0.88891
v -1.13137 7.90000 -1.13137
v -0.88891 7.90000 -1.33035
v -0.61229 7.90000 -1.47821
v -0.31214 7.90000 -1.56926
v -0.00000 7.90000 -1.60000
v 0.31214 7.90000 -1.56926
v 0.61229 7.90000 -1.47821
v 0.88891 7.90000 -1.33035
v 1.13137 7.90000 -1.13137
v 1.33035 7.90000 -0.88891
v 1.47821 7.90000 -0.61229
v 1.56926 7.90000 -0.31214
v 3.20000 7.35000 0.00000
v 3.13851 7.35000 0.62429
v 2.95641 7.35000 1.22459
v 2.66070 7.35000 1.77782
v 2.26274 7.35000 2.26274
v 1.77782 7.35000 2.66070
v 1.22459 7.35000 2.95641
v 0.62429 7.35000 3.13851
v 0.00000 7.35000 3.20000
v -0.62429 7.35000 3.13851
v -1.22459 7.35000 2.95641
v -1.77782 7.35000 2.66070
v -2.26274 7.35000 2.26274
v -2.66070 7.35000 1.77782
v -2.95641 7.35000 1.22459
v -3.13851 7.35000 0.62429
v -3.20000 7.35000 0.00000
v -3.13851 7.35000 -0.62429
v -2.95641 7.35000 -1.22459
v -2.66070 7.35000 -1.77782
v -2.26274 7.35000 -2.26274
v -1.77782 7.35000 -2.66070
v -1.22459 7.35000 -2.95641
v -0.62429 7.35000 -3.13851
v -0.00000 7.35000 -3.20000
v 0.62429 7.35000 -3.13851
v 1.22459 7.35000 -2.95641
v 1.77782 7.35000 -2.66070
v 2.26274 7.35000 -2.26274
v 2.66070 7.35000 -1.77782
v 2.95641 7.35000 -1.22459
v 3.13851 7.35000 -0.62429
v 4.10000 7.00000 0.00000
v 4.02122 7.00000 0.79987
v 3.78791 7.00000 1.56900
v 3.40903 7.00000 2.27784
v 2.89914 7.00000 2.89914
v 2.27784 7.00000 3.40903
v 1.56900 7.00000 3.78791
v 0.79987 7.00000 4.02122
v 0.00000 7.00000 4.10000
v -0.79987 7.00000 4.02122
v -1.56900 7.00000 3.78791
v -2.27784 7.00000 3.40903
v -2.89914 7.00000 2.89914
v -3.40903 7.00000 2.27784
v -3.78791 7.00000 1.56900
v -4.02122 7.00000 0.79987
v -4.10000 7.00000 0.00000
v -4.02122 7.00000 -0.79987
v -3.78791 7.00000 -1.56900
v -3.40903 7.00000 -2.27784
v -2.89914 7.00000 -2.89914
v -2.27784 7.00000 -3.40903
v -1.56900 7.00000 -3.78791
v -0.79987 7.00000 -4.02122
v -0.00000 7.00000 -4.10000
v 0.79987 7.00000 -4.02122
v 1.56900 7.00000 -3.78791
v 2.27784 7.00000 -3.40903
v 2.89914 7.00000 -2.89914
v 3.40903 7.00000 -2.27784
v 3.78791 7.00000 -1.56900
v 4.02122 7.00000 -0.79987
v 4.10000 6.85000 0.00000
v 4.02122 6.85000 0.79987
v 3.78791 6.85000 1.56900
v 3.40903 6.85000 2.27784
v 2.89914 6.85000 2.89914
v 2.27784 6.85000 3.40903
v 1.56900 6.85000 3.78791
v 0.79987 6.85000 4.02122
v 0.00000 6.85000 4.10000
v -0.79987 6.85000 4.02122
v -1.56900 6.85000 3.78791
v -2.27784 6.85000 3.40903
v -2.89914 6.85000 2.89914
v -3.40903 6.85000 2.27784
v -3.78791 6.85000 1.56900
v -4.02122 6.85000 0.79987
v -4.10000 6.85000 0.00000
v -4.02122 6.85000 -0.79987
v -3.78791 6.85000 -1.56900
v -3.40903 6.85000 -2.27784
v -2.89914 6.85000 -2.89914
v -2.27784 6.85000 -3.40903
v -1.56900 6.85000 -3.78791
v -0.79987 6.85000 -4.02122
v -0.00000 6.85000 -4.10000
v 0.79987 6.85000 -4.02122
v 1.56900 6.85000 -3.78791
v 2.27784 6.85000 -3.40903
v 2.89914 6.85000 -2.89914
v 3.40903 6.85000 -2.27784
v 3.78791 6.85000 -1.56900
v 4.02122 6.85000 -0.79987
v 0.00000 7.40000 -0.34000
v -0.19985 7.40000 -0.27507
v -0.32336 7.40000 -0.10507
v -0.32336 7.40000 0.10507
v -0.19985 7.40000 0.27507
v -0.00000 7.40000 0.34000
v 0.19985 7.40000 0.27507
v 0.32336 7.40000 0.10507
v 0.32336 7.40000 -0.10507
v 0.19985 7.40000 -0.27507
v 0.00000 8.70000 -0.16000
v -0.09405 8.70000 -0.12944
v -0.15217 8.70000 -0.04944
v -0.15217 8.70000 0.04944
v -0.09405 8.70000 0.12944
v -0.00000 8.70000 0.16000
v 0.09405 8.70000 0.12944
v 0.15217 8.70000 0.04944
v 0.15217 8.70000 -0.04944
v 0.09405 8.70000 -0.12944
v 0.00000 7.40000 0.00000
v 0.00000 8.70000 0.00000
v 0.00000 9.65000 -0.12000
v -0.12637 9.32394 -0.12000
v -0.47553 9.30451 -0.12000
v -0.20448 9.08356 -0.12000
v -0.29389 8.74549 -0.12000
v -0.00000 8.93500 -0.12000
v 0.29389 8.74549 -0.12000
v 0.20448 9.08356 -0.12000
v 0.47553 9.30451 -0.12000
v 0.12637 9.32394 -0.12000
v 0.00000 9.65000 0.12000
v -0.12637 9.32394 0.12000
v -0.47553 9.30451 0.12000
v -0.20448 9.08356 0.12000
v -0.29389 8.74549 0.12000
v -0.00000 8.93500 0.12000
v 0.29389 8.74549 0.12000
v 0.20448 9.08356 0.12000
v 0.47553 9.30451 0.12000
v 0.12637 9.32394 0.12000
v 0.00000 9.15000 -0.12000
v 0.00000 9.15000 0.12000
v 0.00000 1.30000 0.24000
v 0.00000 1.13029 0.16971
v 0.00000 1.06000 0.00000
v 0.00000 1.13029 -0.16971
v 0.00000 1.30000 -0.24000
v 0.00000 1.46971 -0.16971
v 0.00000 1.54000 -0.00000
v 0.00000 1.46971 0.16971
v 6.00000 1.30000 0.24000
v 6.00000 1.13029 0.16971
v 6.00000 1.06000 0.00000
v 6.00000 1.13029 -0.16971
v 6.00000 1.30000 -0.24000
v 6.00000 1.46971 -0.16971
v 6.00000 1.54000 -0.00000
v 6.00000 1.46971 0.16971
v 0.00000 1.30000 0.00000
v 6.00000 1.30000 0.00000
v 8.00000 1.12000 0.00000
v 8.00000 1.34000 0.00000
v 7.94986 1.12000 0.44504
v 7.94986 1.34000 0.44504
v 7.80194 1.12000 0.86777
v 7.80194 1.34000 0.86777
v 7.56366 1.12000 1.24698
v 7.56366 1.34000 1.24698
v 7.24698 1.12000 1.56366
v 7.24698 1.34000 1.56366
v 6.86777 1.12000 1.80194
v 6.86777 1.34000 1.80194
v 6.44504 1.12000 1.94986
v 6.44504 1.34000 1.94986
v 6.00000 1.12000 2.00000
v 6.00000 1.34000 2.00000
v 5.55496 1.12000 1.94986
v 5.55496 1.34000 1.94986
v 5.13223 1.12000 1.80194
v 5.13223 1.34000 1.80194
v 4.75302 1.12000 1.56366
v 4.75302 1.34000 1.56366
v 4.43634 1.12000 1.24698
v 4.43634 1.34000 1.24698
v 4.19806 1.12000 0.86777
v 4.19806 1.34000 0.86777
v 4.05014 1.12000 0.44504
v 4.05014 1.34000 0.44504
v 4.00000 1.12000 0.00000
v 4.00000 1.34000 0.00000
v 4.05014 1.12000 -0.44504
v 4.05014 1.34000 -0.44504
v 4.19806 1.12000 -0.86777
v 4.19806 1.34000 -0.86777
v 4.43634 1.12000 -1.24698
v 4.43634 1.34000 -1.24698
v 4.75302 1.12000 -1.56366
v 4.75302 1.34000 -1.56366
v 5.13223 1.12000 -1.80194
v 5.13223 1.34000 -1.80194
v 5.55496 1.12000 -1.94986
v 5.55496 1.34000 -1.94986
v 6.00000 1.12000 -2.00000
v 6.00000 1.34000 -2.00000
v 6.44504 1.12000 -1.94986
v 6.44504 1.34000 -1.94986
v 6.86777 1.12000 -1.80194
v 6.86777 1.34000 -1.80194
v 7.24698 1.12000 -1.56366
v 7.24698 1.34000 -1.56366
v 7.56366 1.12000 -1.24698
v 7.56366 1.34000 -1.24698
v 7.80194 1.12000 -0.86777
v 7.80194 1.34000 -0.86777
v 7.94986 1.12000 -0.44504
v 7.94986 1.34000 -0.44504
v 6.00000 1.12000 0.00000
v 6.00000 1.34000 0.00000
v 7.70000 1.34000 0.00000
v 7.70000 1.42000 0.00000
v 7.65738 1.34000 0.37829
v 7.65738 1.42000 0.37829
v 7.53165 1.34000 0.73760
v 7.53165 1.42000 0.73760
v 7.32911 1.34000 1.05993
v 7.32911 1.42000 1.05993
v 7.05993 1.34000 1.32911
v 7.05993 1.42000 1.32911
v 6.73760 1.34000 1.53165
v 6.73760 1.42000 1.53165
v 6.37829 1.34000 1.65738
v 6.37829 1.42000 1.65738
v 6.00000 1.34000 1.70000
v 6.00000 1.42000 1.70000
v 5.62171 1.34000 1.65738
v 5.62171 1.42000 1.65738
v 5.26240 1.34000 1.53165
v 5.26240 1.42000 1.53165
v 4.94007 1.34000 1.32911
v 4.94007 1.42000 1.32911
v 4.67089 1.34000 1.05993
v 4.67089 1.42000 1.05993
v 4.46835 1.34000 0.73760
v 4.46835 1.42000 0.73760
v 4.34262 1.34000 0.37829
v 4.34262 1.42000 0.37829
v 4.30000 1.34000 0.00000
v 4.30000 1.42000 0.00000
v 4.34262 1.34000 -0.37829
v 4.34262 1.42000 -0.37829
v 4.46835 1.34000 -0.73760
v 4.46835 1.42000 -0.73760
v 4.67089 1.34000 -1.05993
v 4.67089 1.42000 -1.05993
v 4.94007 1.34000 -1.32911
v 4.94007 1.42000 -1.32911
v 5.26240 1.34000 -1.53165
v 5.26240 1.42000 -1.53165
v 5.62171 1.34000 -1.65738
v 5.62171 1.42000 -1.65738
v 6.00000 1.34000 -1.70000
v 6.00000 1.42000 -1.70000
v 6.37829 1.34000 -1.65738
v 6.37829 1.42000 -1.65738
v 6.73760 1.34000 -1.53165
v 6.73760 1.42000 -1.53165
v 7.05993 1.34000 -1.32911
v 7.05993 1.42000 -1.32911
v 7.32911 1.34000 -1.05993
v 7.32911 1.42000 -1.05993
v 7.53165 1.34000 -0.73760
v 7.53165 1.42000 -0.73760
v 7.65738 1.34000 -0.37829
v 7.65738 1.42000 -0.37829
v 6.00000 1.34000 0.00000
v 6.00000 1.42000 0.00000
v -0.20785 1.30000 0.12000
v -0.14697 1.13029 0.08485
v -0.00000 1.06000 0.00000
v 0.14697 1.13029 -0.08485
v 0.20785 1.30000 -0.12000
v 0.14697 1.46971 -0.08485
v 0.00000 1.54000 -0.00000
v -0.14697 1.46971 0.08485
v 2.79215 1.30000 5.31615
v 2.85303 1.13029 5.28101
v 3.00000 1.06000 5.19615
v 3.14697 1.13029 5.11130
v 3.20785 1.30000 5.07615
v 3.14697 1.46971 5.11130
v 3.00000 1.54000 5.19615
v 2.85303 1.46971 5.28101
v 0.00000 1.30000 0.00000
v 3.00000 1.30000 5.19615
v 5.00000 1.12000 5.19615
v 5.00000 1.34000 5.19615
v 4.94986 1.12000 5.64119
v 4.94986 1.34000 5.64119
v 4.80194 1.12000 6.06392
v 4.80194 1.34000 6.06392
v 4.56366 1.12000 6.44313
v 4.56366 1.34000 6.44313
v 4.24698 1.12000 6.75982
v 4.24698 1.34000 6.75982
v 3.86777 1.12000 6.99809
v 3.86777 1.34000 6.99809
v 3.44504 1.12000 7.14601
v 3.44504 1.34000 7.14601
v 3.00000 1.12000 7.19615
v 3.00000 1.34000 7.19615
v 2.55496 1.12000 7.14601
v 2.55496 1.34000 7.14601
v 2.13223 1.12000 6.99809
v 2.13223 1.34000 6.99809
v 1.75302 1.12000 6.75982
v 1.75302 1.34000 6.75982
v 1.43634 1.12000 6.44313
v 1.43634 1.34000 6.44313
v 1.19806 1.12000 6.06392
v 1.19806 1.34000 6.06392
v 1.05014 1.12000 5.64119
v 1.05014 1.34000 5.64119
v 1.00000 1.12000 5.19615
v 1.00000 1.34000 5.19615
v 1.05014 1.12000 4.75111
v 1.05014 1.34000 4.75111
v 1.19806 1.12000 4.32838
v 1.19806 1.34000 4.32838
v 1.43634 1.12000 3.94917
v 1.43634 1.34000 3.94917
v 1.75302 1.12000 3.63249
v 1.75302 1.34000 3.63249
v 2.13223 1.12000 3.39421
v 2.13223 1.34000 3.39421
v 2.55496 1.12000 3.24630
v 2.55496 1.34000 3.24630
v 3.00000 1.12000 3.19615
v 3.00000 1.34000 3.19615
v 3.44504 1.12000 3.24630
v 3.44504 1.34000 3.24630
v 3.86777 1.12000 3.39421
v 3.86777 1.34000 3.39421
v 4.24698 1.12000 3.63249
v 4.24698 1.34000 3.63249
v 4.56366 1.12000 3.94917
v 4.56366 1.34000 3.94917
v 4.80194 1.12000 4.32838
v 4.80194 1.34000 4.32838
v 4.94986 1.12000 4.75111
v 4.94986 1.34000 4.75111
v 3.00000 1.12000 5.19615
v 3.00000 1.34000 5.19615
v 4.70000 1.34000 5.19615
v 4.70000 1.42000 5.19615
v 4.65738 1.34000 5.57444
v 4.65738 1.42000 5.57444
v 4.53165 1.34000 5.93375
v 4.53165 1.42000 5.93375
v 4.32911 1.34000 6.25609
v 4.32911 1.42000 6.25609
v 4.05993 1.34000 6.52527
v 4.05993 1.42000 6.52527
v 3.73760 1.34000 6.72780
v 3.73760 1.42000 6.72780
v 3.37829 1.34000 6.85353
v 3.37829 1.42000 6.85353
v 3.00000 1.34000 6.89615
v 3.00000 1.42000 6.89615
v 2.62171 1.34000 6.85353
v 2.62171 1.42000 6.85353
v 2.26240 1.34000 6.72780
v 2.26240 1.42000 6.72780
v 1.94007 1.34000 6.52527
v 1.94007 1.42000 6.52527
v 1.67089 1.34000 6.25609
v 1.67089 1.42000 6.25609
v 1.46835 1.34000 5.93375
v 1.46835 1.42000 5.93375
v 1.34262 1.34000 5.57444
v 1.34262 1.42000 5.57444
v 1.30000 1.34000 5.19615
v 1.30000 1.42000 5.19615
v 1.34262 1.34000 4.81787
v 1.34262 1.42000 4.81787
v 1.46835 1.34000 4.45855
v 1.46835 1.42000 4.45855
v 1.67089 1.34000 4.13622
v 1.67089 1.42000 4.13622
v 1.94007 1.34000 3.86704
v 1.94007 1.42000 3.86704
v 2.26240 1.34000 3.66451
v 2.26240 1.42000 3.66451
v 2.62171 1.34000 3.53877
v 2.62171 1.42000 3.53877
v 3.00000 1.34000 3.49615
v 3.00000 1.42000 3.49615
v 3.37829 1.34000 3.53877
v 3.37829 1.42000 3.53877
v 3.73760 1.34000 3.66451
v 3.73760 1.42000 3.66451
v 4.05993 1.34000 3.86704
v 4.05993 1.42000 3.86704
v 4.32911 1.34000 4.13622
v 4.32911 1.42000 4.13622
v 4.53165 1.34000 4.45855
v 4.53165 1.42000 4.45855
v 4.65738 1.34000 4.81787
v 4.65738 1.42000 4.81787
v 3.00000 1.34000 5.19615
v 3.00000 1.42000 5.19615
v -0.20785 1.30000 -0.12000
v -0.14697 1.13029 -0.08485
v -0.00000 1.06000 -0.00000
v 0.14697 1.13029 0.08485
v 0.20785 1.30000 0.12000
v 0.14697 1.46971 0.08485
v 0.00000 1.54000 0.00000
v -0.14697 1.46971 -0.08485
v -3.20785 1.30000 5.07615
v -3.14697 1.13029 5.11130
v -3.00000 1.06000 5.19615
v -2.85303 1.13029 5.28101
v -2.79215 1.30000 5.31615
v -2.85303 1.46971 5.28101
v -3.00000 1.54000 5.19615
v -3.14697 1.46971 5.11130
v 0.00000 1.30000 0.00000
v -3.00000 1.30000 5.19615
v -1.00000 1.12000 5.19615
v -1.00000 1.34000 5.19615
v -1.05014 1.12000 5.64119
v -1.05014 1.34000 5.64119
v -1.19806 1.12000 6.06392
v -1.19806 1.34000 6.06392
v -1.43634 1.12000 6.44313
v -1.43634 1.34000 6.44313
v -1.75302 1.12000 6.75982
v -1.75302 1.34000 6.75982
v -2.13223 1.12000 6.99809
v -2.13223 1.34000 6.99809
v -2.55496 1.12000 7.14601
v -2.55496 1.34000 7.14601
v -3.00000 1.12000 7.19615
v -3.00000 1.34000 7.19615
v -3.44504 1.12000 7.14601
v -3.44504 1.34000 7.14601
v -3.86777 1.12000 6.99809
v -3.86777 1.34000 6.99809
v -4.24698 1.12000 6.75982
v -4.24698 1.34000 6.75982
v -4.56366 1.12000 6.44313
v -4.56366 1.34000 6.44313
v -4.80194 1.12000 6.06392
v -4.80194 1.34000 6.06392
v -4.94986 1.12000 5.64119
v -4.94986 1.34000 5.64119
v -5.00000 1.12000 5.19615
v -5.00000 1.34000 5.19615
v -4.94986 1.12000 4.75111
v -4.94986 1.34000 4.75111
v -4.80194 1.12000 4.32838
v -4.80194 1.34000 4.32838
v -4.56366 1.12000 3.94917
v -4.56366 1.34000 3.94917
v -4.24698 1.12000 3.63249
v -4.24698 1.34000 3.63249
v -3.86777 1.12000 3.39421
v -3.86777 1.34000 3.39421
v -3.44504 1.12000 3.24630
v -3.44504 1.34000 3.24630
v -3.00000 1.12000 3.19615
v -3.00000 1.34000 3.19615
v -2.55496 1.12000 3.24630
v -2.55496 1.34000 3.24630
v -2.13223 1.12000 3.39421
v -2.13223 1.34000 3.39421
v -1.75302 1.12000 3.63249
v -1.75302 1.34000 3.63249
v -1.43634 1.12000 3.94917
v -1.43634 1.34000 3.94917
v -1.19806 1.12000 4.32838
v -1.19806 1.34000 4.32838
v -1.05014 1.12000 4.75111
v -1.05014 1.34000 4.75111
v -3.00000 1.12000 5.19615
v -3.00000 1.34000 5.19615
v -1.30000 1.34000 5.19615
v -1.30000 1.42000 5.19615
v -1.34262 1.34000 5.57444
v -1.34262 1.42000 5.57444
v -1.46835 1.34000 5.93375
v -1.46835 1.42000 5.93375
v -1.67089 1.34000 6.25609
v -1.67089 1.42000 6.25609
v -1.94007 1.34000 6.52527
v -1.94007 1.42000 6.52527
v -2.26240 1.34000 6.72780
v -2.26240 1.42000 6.72780
v -2.62171 1.34000 6.85353
v -2.62171 1.42000 6.85353
v -3.00000 1.34000 6.89615
v -3.00000 1.42000 6.89615
v -3.37829 1.34000 6.85353
v -3.37829 1.42000 6.85353
v -3.73760 1.34000 6.72780
v -3.73760 1.42000 6.72780
v -4.05993 1.34000 6.52527
v -4.05993 1.42000 6.52527
v -4.32911 1.34000 6.25609
v -4.32911 1.42000 6.25609
v -4.53165 1.34000 5.93375
v -4.53165 1.42000 5.93375
v -4.65738 1.34000 5.57444
v -4.65738 1.42000 5.57444
v -4.70000 1.34000 5.19615
v -4.70000 1.42000 5.19615
v -4.65738 1.34000 4.81787
v -4.65738 1.42000 4.81787
v -4.53165 1.34000 4.45855
v -4.53165 1.42000 4.45855
v -4.32911 1.34000 4.13622
v -4.32911 1.42000 4.13622
v -4.05993 1.34000 3.86704
v -4.05993 1.42000 3.86704
v -3.73760 1.34000 3.66451
v -3.73760 1.42000 3.66451
v -3.37829 1.34000 3.53877
v -3.37829 1.42000 3.53877
v -3.00000 1.34000 3.49615
v -3.00000 1.42000 3.49615
v -2.62171 1.34000 3.53877
v -2.62171 1.42000 3.53877
v -2.26240 1.34000 3.66451
v -2.26240 1.42000 3.66451
v -1.94007 1.34000 3.86704
v -1.94007 1.42000 3.86704
v -1.67089 1.34000 4.13622
v -1.67089 1.42000 4.13622
v -1.46835 1.34000 4.45855
v -1.46835 1.42000 4.45855
v -1.34262 1.34000 4.81787
v -1.34262 1.42000 4.81787
v -3.00000 1.34000 5.19615
v -3.00000 1.42000 5.19615
v -0.00000 1.30000 -0.24000
v -0.00000 1.13029 -0.16971
v -0.00000 1.06000 -0.00000
v 0.00000 1.13029 0.16971
v 0.00000 1.30000 0.24000
v 0.00000 1.46971 0.16971
v 0.00000 1.54000 0.00000
v -0.00000 1.46971 -0.16971
v -6.00000 1.30000 -0.24000
v -6.00000 1.13029 -0.16971
v -6.00000 1.06000 0.00000
v -6.00000 1.13029 0.16971
v -6.00000 1.30000 0.24000
v -6.00000 1.46971 0.16971
v -6.00000 1.54000 0.00000
v -6.00000 1.46971 -0.16971
v 0.00000 1.30000 0.00000
v -6.00000 1.30000 0.00000
v -4.00000 1.12000 0.00000
v -4.00000 1.34000 0.00000
v -4.05014 1.12000 0.44504
v -4.05014 1.34000 0.44504
v -4.19806 1.12000 0.86777
v -4.19806 1.34000 0.86777
v -4.43634 1.12000 1.24698
v -4.43634 1.34000 1.24698
v -4.75302 1.12000 1.56366
v -4.75302 1.34000 1.56366
v -5.13223 1.12000 1.80194
v -5.13223 1.34000 1.80194
v -5.55496 1.12000 1.94986
v -5.55496 1.34000 1.94986
v -6.00000 1.12000 2.00000
v -6.00000 1.34000 2.00000
v -6.44504 1.12000 1.94986
v -6.44504 1.34000 1.94986
v -6.86777 1.12000 1.80194
v -6.86777 1.34000 1.80194
v -7.24698 1.12000 1.56366
v -7.24698 1.34000 1.56366
v -7.56366 1.12000 1.24698
v -7.56366 1.34000 1.24698
v -7.80194 1.12000 0.86777
v -7.80194 1.34000 0.86777
v -7.94986 1.12000 0.44504
v -7.94986 1.34000 0.44504
v -8.00000 1.12000 0.00000
v -8.00000 1.34000 0.00000
v -7.94986 1.12000 -0.44504
v -7.94986 1.34000 -0.44504
v -7.80194 1.12000 -0.86777
v -7.80194 1.34000 -0.86777
v -7.56366 1.12000 -1.24698
v -7.56366 1.34000 -1.24698
v -7.24698 1.12000 -1.56366
v -7.24698 1.34000 -1.56366
v -6.86777 1.12000 -1.80194
v -6.86777 1.34000 -1.80194
v -6.44504 1.12000 -1.94986
v -6.44504 1.34000 -1.94986
v -6.00000 1.12000 -2.00000
v -6.00000 1.34000 -2.00000
v -5.55496 1.12000 -1.94986
v -5.55496 1.34000 -1.94986
v -5.13223 1.12000 -1.80194
v -5.13223 1.34000 -1.80194
v -4.75302 1.12000 -1.56366
v -4.75302 1.34000 -1.56366
v -4.43634 1.12000 -1.24698
v -4.43634 1.34000 -1.24698
v -4.19806 1.12000 -0.86777
v -4.19806 1.34000 -0.86777
v -4.05014 1.12000 -0.44504
v -4.05014 1.34000 -0.44504
v -6.00000 1.12000 0.00000
v -6.00000 1.34000 0.00000
v -4.30000 1.34000 0.00000
v -4.30000 1.42000 0.00000
v -4.34262 1.34000 0.37829
v -4.34262 1.42000 0.37829
v -4.46835 1.34000 0.73760
v -4.46835 1.42000 0.73760
v -4.67089 1.34000 1.05993
v -4.67089 1.42000 1.05993
v -4.94007 1.34000 1.32911
v -4.94007 1.42000 1.32911
v -5.26240 1.34000 1.53165
v -5.26240 1.42000 1.53165
v -5.62171 1.34000 1.65738
v -5.62171 1.42000 1.65738
v -6.00000 1.34000 1.70000
v -6.00000 1.42000 1.70000
v -6.37829 1.34000 1.65738
v -6.37829 1.42000 1.65738
v -6.73760 1.34000 1.53165
v -6.73760 1.42000 1.53165
v -7.05993 1.34000 1.32911
v -7.05993 1.42000 1.32911
v -7.32911 1.34000 1.05993
v -7.32911 1.42000 1.05993
v -7.53165 1.34000 0.73760
v -7.53165 1.42000 0.73760
v -7.65738 1.34000 0.37829
v -7.65738 1.42000 0.37829
v -7.70000 1.34000 0.00000
v -7.70000 1.42000 0.00000
v -7.65738 1.34000 -0.37829
v -7.65738 1.42000 -0.37829
v -7.53165 1.34000 -0.73760
v -7.53165 1.42000 -0.73760
v -7.32911 1.34000 -1.05993
v -7.32911 1.42000 -1.05993
v -7.05993 1.34000 -1.32911
v -7.05993 1.42000 -1.32911
v -6.73760 1.34000 -1.53165
v -6.73760 1.42000 -1.53165
v -6.37829 1.34000 -1.65738
v -6.37829 1.42000 -1.65738
v -6.00000 1.34000 -1.70000
v -6.00000 1.42000 -1.70000
v -5.62171 1.34000 -1.65738
v -5.62171 1.42000 -1.65738
v -5.26240 1.34000 -1.53165
v -5.26240 1.42000 -1.53165
v -4.94007 1.34000 -1.32911
v -4.94007 1.42000 -1.32911
v -4.67089 1.34000 -1.05993
v -4.67089 1.42000 -1.05993
v -4.46835 1.34000 -0.73760
v -4.46835 1.42000 -0.73760
v -4.34262 1.34000 -0.37829
v -4.34262 1.42000 -0.37829
v -6.00000 1.34000 0.00000
v -6.00000 1.42000 0.00000
v 0.20785 1.30000 -0.12000
v 0.14697 1.13029 -0.08485
v 0.00000 1.06000 -0.00000
v -0.14697 1.13029 0.08485
v -0.20785 1.30000 0.12000
v -0.14697 1.46971 0.08485
v -0.00000 1.54000 0.00000
v 0.14697 1.46971 -0.08485
v -2.79215 1.30000 -5.31615
v -2.85303 1.13029 -5.28101
v -3.00000 1.06000 -5.19615
v -3.14697 1.13029 -5.11130
v -3.20785 1.30000 -5.07615
v -3.14697 1.46971 -5.11130
v -3.00000 1.54000 -5.19615
v -2.85303 1.46971 -5.28101
v 0.00000 1.30000 0.00000
v -3.00000 1.30000 -5.19615
v -1.00000 1.12000 -5.19615
v -1.00000 1.34000 -5.19615
v -1.05014 1.12000 -4.75111
v -1.05014 1.34000 -4.75111
v -1.19806 1.12000 -4.32838
v -1.19806 1.34000 -4.32838
v -1.43634 1.12000 -3.94917
v -1.43634 1.34000 -3.94917
v -1.75302 1.12000 -3.63249
v -1.75302 1.34000 -3.63249
v -2.13223 1.12000 -3.39421
v -2.13223 1.34000 -3.39421
v -2.55496 1.12000 -3.24630
v -2.55496 1.34000 -3.24630
v -3.00000 1.12000 -3.19615
v -3.00000 1.34000 -3.19615
v -3.44504 1.12000 -3.24630
v -3.44504 1.34000 -3.24630
v -3.86777 1.12000 -3.39421
v -3.86777 1.34000 -3.39421
v -4.24698 1.12000 -3.63249
v -4.24698 1.34000 -3.63249
v -4.56366 1.12000 -3.94917
v -4.56366 1.34000 -3.94917
v -4.80194 1.12000 -4.32838
v -4.80194 1.34000 -4.32838
v -4.94986 1.12000 -4.75111
v -4.94986 1.34000 -4.75111
v -5.00000 1.12000 -5.19615
v -5.00000 1.34000 -5.19615
v -4.94986 1.12000 -5.64119
v -4.94986 1.34000 -5.64119
v -4.80194 1.12000 -6.06392
v -4.80194 1.34000 -6.06392
v -4.56366 1.12000 -6.44313
v -4.56366 1.34000 -6.44313
v -4.24698 1.12000 -6.75982
v -4.24698 1.34000 -6.75982
v -3.86777 1.12000 -6.99809
v -3.86777 1.34000 -6.99809
v -3.44504 1.12000 -7.14601
v -3.44504 1.34000 -7.14601
v -3.00000 1.12000 -7.19615
v -3.00000 1.34000 -7.19615
v -2.55496 1.12000 -7.14601
v -2.55496 1.34000 -7.14601
v -2.13223 1.12000 -6.99809
v -2.13223 1.34000 -6.99809
v -1.75302 1.12000 -6.75982
v -1.75302 1.34000 -6.75982
v -1.43634 1.12000 -6.44313
v -1.43634 1.34000 -6.44313
v -1.19806 1.12000 -6.06392
v -1.19806 1.34000 -6.06392
v -1.05014 1.12000 -5.64119
v -1.05014 1.34000 -5.64119
v -3.00000 1.12000 -5.19615
v -3.00000 1.34000 -5.19615
v -1.30000 1.34000 -5.19615
v -1.30000 1.42000 -5.19615
v -1.34262 1.34000 -4.81787
v -1.34262 1.42000 -4.81787
v -1.46835 1.34000 -4.45855
v -1.46835 1.42000 -4.45855
v -1.67089 1.34000 -4.13622
v -1.67089 1.42000 -4.13622
v -1.94007 1.34000 -3.86704
v -1.94007 1.42000 -3.86704
v -2.26240 1.34000 -3.66451
v -2.26240 1.42000 -3.66451
v -2.62171 1.34000 -3.53877
v -2.62171 1.42000 -3.53877
v -3.00000 1.34000 -3.49615
v -3.00000 1.42000 -3.49615
v -3.37829 1.34000 -3.53877
v -3.37829 1.42000 -3.53877
v -3.73760 1.34000 -3.66451
v -3.73760 1.42000 -3.66451
v -4.05993 1.34000 -3.86704
v -4.05993 1.42000 -3.86704
v -4.32911 1.34000 -4.13622
v -4.32911 1.42000 -4.13622
v -4.53165 1.34000 -4.45855
v -4.53165 1.42000 -4.45855
v -4.65738 1.34000 -4.81787
v -4.65738 1.42000 -4.81787
v -4.70000 1.34000 -5.19615
v -4.70000 1.42000 -5.19615
v -4.65738 1.34000 -5.57444
v -4.65738 1.42000 -5.57444
v -4.53165 1.34000 -5.93375
v -4.53165 1.42000 -5.93375
v -4.32911 1.34000 -6.25609
v -4.32911 1.42000 -6.25609
v -4.05993 1.34000 -6.52527
v -4.05993 1.42000 -6.52527
v -3.73760 1.34000 -6.72780
v -3.73760 1.42000 -6.72780
v -3.37829 1.34000 -6.85353
v -3.37829 1.42000 -6.85353
v -3.00000 1.34000 -6.89615
v -3.00000 1.42000 -6.89615
v -2.62171 1.34000 -6.85353
v -2.62171 1.42000 -6.85353
v -2.26240 1.34000 -6.72780
v -2.26240 1.42000 -6.72780
v -1.94007 1.34000 -6.52527
v -1.94007 1.42000 -6.52527
v -1.67089 1.34000 -6.25609
v -1.67089 1.42000 -6.25609
v -1.46835 1.34000 -5.93375
v -1.46835 1.42000 -5.93375
v -1.34262 1.34000 -5.57444
v -1.34262 1.42000 -5.57444
v -3.00000 1.34000 -5.19615
v -3.00000 1.42000 -5.19615
v 0.20785 1.30000 0.12000
v 0.14697 1.13029 0.08485
v 0.00000 1.06000 0.00000
v -0.14697 1.13029 -0.08485
v -0.20785 1.30000 -0.12000
v -0.14697 1.46971 -0.08485
v -0.00000 1.54000 -0.00000
v 0.14697 1.46971 0.08485
v 3.20785 1.30000 -5.07615
v 3.14697 1.13029 -5.11130
v 3.00000 1.06000 -5.19615
v 2.85303 1.13029 -5.28101
v 2.79215 1.30000 -5.31615
v 2.85303 1.46971 -5.28101
v 3.00000 1.54000 -5.19615
v 3.14697 1.46971 -5.11130
v 0.00000 1.30000 0.00000
v 3.00000 1.30000 -5.19615
v 5.00000 1.12000 -5.19615
v 5.00000 1.34000 -5.19615
v 4.94986 1.12000 -4.75111
v 4.94986 1.34000 -4.75111
v 4.80194 1.12000 -4.32838
v 4.80194 1.34000 -4.32838
v 4.56366 1.12000 -3.94917
v 4.56366 1.34000 -3.94917
v 4.24698 1.12000 -3.63249
v 4.24698 1.34000 -3.63249
v 3.86777 1.12000 -3.39421
v 3.86777 1.34000 -3.39421
v 3.44504 1.12000 -3.24630
v 3.44504 1.34000 -3.24630
v 3.00000 1.12000 -3.19615
v 3.00000 1.34000 -3.19615
v 2.55496 1.12000 -3.24630
v 2.55496 1.34000 -3.24630
v 2.13223 1.12000 -3.39421
v 2.13223 1.34000 -3.39421
v 1.75302 1.12000 -3.63249
v 1.75302 1.34000 -3.63249
v 1.43634 1.12000 -3.94917
v 1.43634 1.34000 -3.94917
v 1.19806 1.12000 -4.32838
v 1.19806 1.34000 -4.32838
v 1.05014 1.12000 -4.75111
v 1.05014 1.34000 -4.75111
v 1.00000 1.12000 -5.19615
v 1.00000 1.34000 -5.19615
v 1.05014 1.12000 -5.64119
v 1.05014 1.34000 -5.64119
v 1.19806 1.12000 -6.06392
v 1.19806 1.34000 -6.06392
v 1.43634 1.12000 -6.44313
v 1.43634 1.34000 -6.44313
v 1.75302 1.12000 -6.75982
v 1.75302 1.34000 -6.75982
v 2.13223 1.12000 -6.99809
v 2.13223 1.34000 -6.99809
v 2.55496 1.12000 -7.14601
v 2.55496 1.34000 -7.14601
v 3.00000 1.12000 -7.19615
v 3.00000 1.34000 -7.19615
v 3.44504 1.12000 -7.14601
v 3.44504 1.34000 -7.14601
v 3.86777 1.12000 -6.99809
v 3.86777 1.34000 -6.99809
v 4.24698 1.12000 -6.75982
v 4.24698 1.34000 -6.75982
v 4.56366 1.12000 -6.44313
v 4.56366 1.34000 -6.44313
v 4.80194 1.12000 -6.06392
v 4.80194 1.34000 -6.06392
v 4.94986 1.12000 -5.64119
v 4.94986 1.34000 -5.64119
v 3.00000 1.12000 -5.19615
v 3.00000 1.34000 -5.19615
v 4.70000 1.34000 -5.19615
v 4.70000 1.42000 -5.19615
v 4.65738 1.34000 -4.81787
v 4.65738 1.42000 -4.81787
v 4.53165 1.34000 -4.45855
v 4.53165 1.42000 -4.45855
v 4.32911 1.34000 -4.13622
v 4.32911 1.42000 -4.13622
v 4.05993 1.34000 -3.86704
v 4.05993 1.42000 -3.86704
v 3.73760 1.34000 -3.66451
v 3.73760 1.42000 -3.66451
v 3.37829 1.34000 -3.53877
v 3.37829 1.42000 -3.53877
v 3.00000 1.34000 -3.49615
v 3.00000 1.42000 -3.49615
v 2.62171 1.34000 -3.53877
v 2.62171 1.42000 -3.53877
v 2.26240 1.34000 -3.66451
v 2.26240 1.42000 -3.66451
v 1.94007 1.34000 -3.86704
v 1.94007 1.42000 -3.86704
v 1.67089 1.34000 -4.13622
v 1.67089 1.42000 -4.13622
v 1.46835 1.34000 -4.45855
v 1.46835 1.42000 -4.45855
v 1.34262 1.34000 -4.81787
v 1.34262 1.42000 -4.81787
v 1.30000 1.34000 -5.19615
v 1.30000 1.42000 -5.19615
v 1.34262 1.34000 -5.57444
v 1.34262 1.42000 -5.57444
v 1.46835 1.34000 -5.93375
v 1.46835 1.42000 -5.93375
v 1.67089 1.34000 -6.25609
v 1.67089 1.42000 -6.25609
v 1.94007 1.34000 -6.52527
v 1.94007 1.42000 -6.52527
v 2.26240 1.34000 -6.72780
v 2.26240 1.42000 -6.72780
v 2.62171 1.34000 -6.85353
v 2.62171 1.42000 -6.85353
v 3.00000 1.34000 -6.89615
v 3.00000 1.42000 -6.89615
v 3.37829 1.34000 -6.85353
v 3.37829 1.42000 -6.85353
v 3.73760 1.34000 -6.72780
v 3.73760 1.42000 -6.72780
v 4.05993 1.34000 -6.52527
v 4.05993 1.42000 -6.52527
v 4.32911 1.34000 -6.25609
v 4.32911 1.42000 -6.25609
v 4.53165 1.34000 -5.93375
v 4.53165 1.42000 -5.93375
v 4.65738 1.34000 -5.57444
v 4.65738 1.42000 -5.57444
v 3.00000 1.34000 -5.19615
v 3.00000 1.42000 -5.19615
vt 0.05000 0.50000
vt 0.15000 0.50000
vt 0.25000 0.50000
vt 0.35000 0.50000
vt 0.45000 0.50000
vt 0.55000 0.50000
vt 0.65000 0.50000
vt 0.75000 0.50000
vt 0.85000 0.50000
vt 0.95000 0.50000
usemtl cream
f 2/1 4/1 3/1 1/1
f 1/1 3/1 97/1
f 4/1 2/1 98/1
f 4/1 6/1 5/1 3/1
f 3/1 5/1 97/1
f 6/1 4/1 98/1
f 6/1 8/1 7/1 5/1
f 5/1 7/1 97/1
f 8/1 6/1 98/1
f 8/1 10/1 9/1 7/1
f 7/1 9/1 97/1
f 10/1 8/1 98/1
f 10/1 12/1 11/1 9/1
f 9/1 11/1 97/1
f 12/1 10/1 98/1
f 12/1 14/1 13/1 11/1
f 11/1 13/1 97/1
f 14/1 12/1 98/1
f 14/1 16/1 15/1 13/1
f 13/1 15/1 97/1
f 16/1 14/1 98/1
f 16/1 18/1 17/1 15/1
f 15/1 17/1 97/1
f 18/1 16/1 98/1
f 18/1 20/1 19/1 17/1
f 17/1 19/1 97/1
f 20/1 18/1 98/1
f 20/1 22/1 21/1 19/1
f 19/1 21/1 97/1
f 22/1 20/1 98/1
f 22/1 24/1 23/1 21/1
f 21/1 23/1 97/1
f 24/1 22/1 98/1
f 24/1 26/1 25/1 23/1
f 23/1 25/1 97/1
f 26/1 24/1 98/1
f 26/1 28/1 27/1 25/1
f 25/1 27/1 97/1
f 28/1 26/1 98/1
f 28/1 30/1 29/1 27/1
f 27/1 29/1 97/1
f 30/1 28/1 98/1
f 30/1 32/1 31/1 29/1
f 29/1 31/1 97/1
f 32/1 30/1 98/1
f 32/1 34/1 33/1 31/1
f 31/1 33/1 97/1
f 34/1 32/1 98/1
f 34/1 36/1 35/1 33/1
f 33/1 35/1 97/1
f 36/1 34/1 98/1
f 36/1 38/1 37/1 35/1
f 35/1 37/1 97/1
f 38/1 36/1 98/1
f 38/1 40/1 39/1 37/1
f 37/1 39/1 97/1
f 40/1 38/1 98/1
f 40/1 42/1 41/1 39/1
f 39/1 41/1 97/1
f 42/1 40/1 98/1
f 42/1 44/1 43/1 41/1
f 41/1 43/1 97/1
f 44/1 42/1 98/1
f 44/1 46/1 45/1 43/1
f 43/1 45/1 97/1
f 46/1 44/1 98/1
f 46/1 48/1 47/1 45/1
f 45/1 47/1 97/1
f 48/1 46/1 98/1
f 48/1 50/1 49/1 47/1
f 47/1 49/1 97/1
f 50/1 48/1 98/1
f 50/1 52/1 51/1 49/1
f 49/1 51/1 97/1
f 52/1 50/1 98/1
f 52/1 54/1 53/1 51/1
f 51/1 53/1 97/1
f 54/1 52/1 98/1
f 54/1 56/1 55/1 53/1
f 53/1 55/1 97/1
f 56/1 54/1 98/1
f 56/1 58/1 57/1 55/1
f 55/1 57/1 97/1
f 58/1 56/1 98/1
f 58/1 60/1 59/1 57/1
f 57/1 59/1 97/1
f 60/1 58/1 98/1
f 60/1 62/1 61/1 59/1
f 59/1 61/1 97/1
f 62/1 60/1 98/1
f 62/1 64/1 63/1 61/1
f 61/1 63/1 97/1
f 64/1 62/1 98/1
f 64/1 66/1 65/1 63/1
f 63/1 65/1 97/1
f 66/1 64/1 98/1
f 66/1 68/1 67/1 65/1
f 65/1 67/1 97/1
f 68/1 66/1 98/1
f 68/1 70/1 69/1 67/1
f 67/1 69/1 97/1
f 70/1 68/1 98/1
f 70/1 72/1 71/1 69/1
f 69/1 71/1 97/1
f 72/1 70/1 98/1
f 72/1 74/1 73/1 71/1
f 71/1 73/1 97/1
f 74/1 72/1 98/1
f 74/1 76/1 75/1 73/1
f 73/1 75/1 97/1
f 76/1 74/1 98/1
f 76/1 78/1 77/1 75/1
f 75/1 77/1 97/1
f 78/1 76/1 98/1
f 78/1 80/1 79/1 77/1
f 77/1 79/1 97/1
f 80/1 78/1 98/1
f 80/1 82/1 81/1 79/1
f 79/1 81/1 97/1
f 82/1 80/1 98/1
f 82/1 84/1 83/1 81/1
f 81/1 83/1 97/1
f 84/1 82/1 98/1
f 84/1 86/1 85/1 83/1
f 83/1 85/1 97/1
f 86/1 84/1 98/1
f 86/1 88/1 87/1 85/1
f 85/1 87/1 97/1
f 88/1 86/1 98/1
f 88/1 90/1 89/1 87/1
f 87/1 89/1 97/1
f 90/1 88/1 98/1
f 90/1 92/1 91/1 89/1
f 89/1 91/1 97/1
f 92/1 90/1 98/1
f 92/1 94/1 93/1 91/1
f 91/1 93/1 97/1
f 94/1 92/1 98/1
f 94/1 96/1 95/1 93/1
f 93/1 95/1 97/1
f 96/1 94/1 98/1
f 96/1 2/1 1/1 95/1
f 95/1 1/1 97/1
f 2/1 96/1 98/1
f 613/1 614/1 582/1 581/1
f 614/1 615/1 583/1 582/1
f 615/1 616/1 584/1 583/1
f 616/1 617/1 585/1 584/1
f 617/1 618/1 586/1 585/1
f 618/1 619/1 587/1 586/1
f 619/1 620/1 588/1 587/1
f 620/1 621/1 589/1 588/1
f 621/1 622/1 590/1 589/1
f 622/1 623/1 591/1 590/1
f 623/1 624/1 592/1 591/1
f 624/1 625/1 593/1 592/1
f 625/1 626/1 594/1 593/1
f 626/1 627/1 595/1 594/1
f 627/1 628/1 596/1 595/1
f 628/1 629/1 597/1 596/1
f 629/1 630/1 598/1 597/1
f 630/1 631/1 599/1 598/1
f 631/1 632/1 600/1 599/1
f 632/1 633/1 601/1 600/1
f 633/1 634/1 602/1 601/1
f 634/1 635/1 603/1 602/1
f 635/1 636/1 604/1 603/1
f 636/1 637/1 605/1 604/1
f 637/1 638/1 606/1 605/1
f 638/1 639/1 607/1 606/1
f 639/1 640/1 608/1 607/1
f 640/1 641/1 609/1 608/1
f 641/1 642/1 610/1 609/1
f 642/1 643/1 611/1 610/1
f 643/1 644/1 612/1 611/1
f 644/1 613/1 581/1 612/1
f 709/1 710/1 678/1 677/1
f 710/1 711/1 679/1 678/1
f 711/1 712/1 680/1 679/1
f 712/1 713/1 681/1 680/1
f 713/1 714/1 682/1 681/1
f 714/1 715/1 683/1 682/1
f 715/1 716/1 684/1 683/1
f 716/1 717/1 685/1 684/1
f 717/1 718/1 686/1 685/1
f 718/1 719/1 687/1 686/1
f 719/1 720/1 688/1 687/1
f 720/1 721/1 689/1 688/1
f 721/1 722/1 690/1 689/1
f 722/1 723/1 691/1 690/1
f 723/1 724/1 692/1 691/1
f 724/1 725/1 693/1 692/1
f 725/1 726/1 694/1 693/1
f 726/1 727/1 695/1 694/1
f 727/1 728/1 696/1 695/1
f 728/1 729/1 697/1 696/1
f 729/1 730/1 698/1 697/1
f 730/1 731/1 699/1 698/1
f 731/1 732/1 700/1 699/1
f 732/1 733/1 701/1 700/1
f 733/1 734/1 702/1 701/1
f 734/1 735/1 703/1 702/1
f 735/1 736/1 704/1 703/1
f 736/1 737/1 705/1 704/1
f 737/1 738/1 706/1 705/1
f 738/1 739/1 707/1 706/1
f 739/1 740/1 708/1 707/1
f 740/1 709/1 677/1 708/1
f 837/1 838/1 870/1 869/1
f 838/1 839/1 871/1 870/1
f 839/1 840/1 872/1 871/1
f 840/1 841/1 873/1 872/1
f 841/1 842/1 874/1 873/1
f 842/1 843/1 875/1 874/1
f 843/1 844/1 876/1 875/1
f 844/1 845/1 877/1 876/1
f 845/1 846/1 878/1 877/1
f 846/1 847/1 879/1 878/1
f 847/1 848/1 880/1 879/1
f 848/1 849/1 881/1 880/1
f 849/1 850/1 882/1 881/1
f 850/1 851/1 883/1 882/1
f 851/1 852/1 884/1 883/1
f 852/1 853/1 885/1 884/1
f 853/1 854/1 886/1 885/1
f 854/1 855/1 887/1 886/1
f 855/1 856/1 888/1 887/1
f 856/1 857/1 889/1 888/1
f 857/1 858/1 890/1 889/1
f 858/1 859/1 891/1 890/1
f 859/1 860/1 892/1 891/1
f 860/1 861/1 893/1 892/1
f 861/1 862/1 894/1 893/1
f 862/1 863/1 895/1 894/1
f 863/1 864/1 896/1 895/1
f 864/1 865/1 897/1 896/1
f 865/1 866/1 898/1 897/1
f 866/1 867/1 899/1 898/1
f 867/1 868/1 900/1 899/1
f 868/1 837/1 869/1 900/1
f 1086/1 1088/1 1087/1 1085/1
f 1085/1 1087/1 1141/1
f 1088/1 1086/1 1142/1
f 1088/1 1090/1 1089/1 1087/1
f 1087/1 1089/1 1141/1
f 1090/1 1088/1 1142/1
f 1090/1 1092/1 1091/1 1089/1
f 1089/1 1091/1 1141/1
f 1092/1 1090/1 1142/1
f 1092/1 1094/1 1093/1 1091/1
f 1091/1 1093/1 1141/1
f 1094/1 1092/1 1142/1
f 1094/1 1096/1 1095/1 1093/1
f 1093/1 1095/1 1141/1
f 1096/1 1094/1 1142/1
f 1096/1 1098/1 1097/1 1095/1
f 1095/1 1097/1 1141/1
f 1098/1 1096/1 1142/1
f 1098/1 1100/1 1099/1 1097/1
f 1097/1 1099/1 1141/1
f 1100/1 1098/1 1142/1
f 1100/1 1102/1 1101/1 1099/1
f 1099/1 1101/1 1141/1
f 1102/1 1100/1 1142/1
f 1102/1 1104/1 1103/1 1101/1
f 1101/1 1103/1 1141/1
f 1104/1 1102/1 1142/1
f 1104/1 1106/1 1105/1 1103/1
f 1103/1 1105/1 1141/1
f 1106/1 1104/1 1142/1
f 1106/1 1108/1 1107/1 1105/1
f 1105/1 1107/1 1141/1
f 1108/1 1106/1 1142/1
f 1108/1 1110/1 1109/1 1107/1
f 1107/1 1109/1 1141/1
f 1110/1 1108/1 1142/1
f 1110/1 1112/1 1111/1 1109/1
f 1109/1 1111/1 1141/1
f 1112/1 1110/1 1142/1
f 1112/1 1114/1 1113/1 1111/1
f 1111/1 1113/1 1141/1
f 1114/1 1112/1 1142/1
f 1114/1 1116/1 1115/1 1113/1
f 1113/1 1115/1 1141/1
f 1116/1 1114/1 1142/1
f 1116/1 1118/1 1117/1 1115/1
f 1115/1 1117/1 1141/1
f 1118/1 1116/1 1142/1
f 1118/1 1120/1 1119/1 1117/1
f 1117/1 1119/1 1141/1
f 1120/1 1118/1 1142/1
f 1120/1 1122/1 1121/1 1119/1
f 1119/1 1121/1 1141/1
f 1122/1 1120/1 1142/1
f 1122/1 1124/1 1123/1 1121/1
f 1121/1 1123/1 1141/1
f 1124/1 1122/1 1142/1
f 1124/1 1126/1 1125/1 1123/1
f 1123/1 1125/1 1141/1
f 1126/1 1124/1 1142/1
f 1126/1 1128/1 1127/1 1125/1
f 1125/1 1127/1 1141/1
f 1128/1 1126/1 1142/1
f 1128/1 1130/1 1129/1 1127/1
f 1127/1 1129/1 1141/1
f 1130/1 1128/1 1142/1
f 1130/1 1132/1 1131/1 1129/1
f 1129/1 1131/1 1141/1
f 1132/1 1130/1 1142/1
f 1132/1 1134/1 1133/1 1131/1
f 1131/1 1133/1 1141/1
f 1134/1 1132/1 1142/1
f 1134/1 1136/1 1135/1 1133/1
f 1133/1 1135/1 1141/1
f 1136/1 1134/1 1142/1
f 1136/1 1138/1 1137/1 1135/1
f 1135/1 1137/1 1141/1
f 1138/1 1136/1 1142/1
f 1138/1 1140/1 1139/1 1137/1
f 1137/1 1139/1 1141/1
f 1140/1 1138/1 1142/1
f 1140/1 1086/1 1085/1 1139/1
f 1139/1 1085/1 1141/1
f 1086/1 1140/1 1142/1
f 1220/1 1222/1 1221/1 1219/1
f 1219/1 1221/1 1275/1
f 1222/1 1220/1 1276/1
f 1222/1 1224/1 1223/1 1221/1
f 1221/1 1223/1 1275/1
f 1224/1 1222/1 1276/1
f 1224/1 1226/1 1225/1 1223/1
f 1223/1 1225/1 1275/1
f 1226/1 1224/1 1276/1
f 1226/1 1228/1 1227/1 1225/1
f 1225/1 1227/1 1275/1
f 1228/1 1226/1 1276/1
f 1228/1 1230/1 1229/1 1227/1
f 1227/1 1229/1 1275/1
f 1230/1 1228/1 1276/1
f 1230/1 1232/1 1231/1 1229/1
f 1229/1 1231/1 1275/1
f 1232/1 1230/1 1276/1
f 1232/1 1234/1 1233/1 1231/1
f 1231/1 1233/1 1275/1
f 1234/1 1232/1 1276/1
f 1234/1 1236/1 1235/1 1233/1
f 1233/1 1235/1 1275/1
f 1236/1 1234/1 1276/1
f 1236/1 1238/1 1237/1 1235/1
f 1235/1 1237/1 1275/1
f 1238/1 1236/1 1276/1
f 1238/1 1240/1 1239/1 1237/1
f 1237/1 1239/1 1275/1
f 1240/1 1238/1 1276/1
f 1240/1 1242/1 1241/1 1239/1
f 1239/1 1241/1 1275/1
f 1242/1 1240/1 1276/1
f 1242/1 1244/1 1243/1 1241/1
f 1241/1 1243/1 1275/1
f 1244/1 1242/1 1276/1
f 1244/1 1246/1 1245/1 1243/1
f 1243/1 1245/1 1275/1
f 1246/1 1244/1 1276/1
f 1246/1 1248/1 1247/1 1245/1
f 1245/1 1247/1 1275/1
f 1248/1 1246/1 1276/1
f 1248/1 1250/1 1249/1 1247/1
f 1247/1 1249/1 1275/1
f 1250/1 1248/1 1276/1
f 1250/1 1252/1 1251/1 1249/1
f 1249/1 1251/1 1275/1
f 1252/1 1250/1 1276/1
f 1252/1 1254/1 1253/1 1251/1
f 1251/1 1253/1 1275/1
f 1254/1 1252/1 1276/1
f 1254/1 1256/1 1255/1 1253/1
f 1253/1 1255/1 1275/1
f 1256/1 1254/1 1276/1
f 1256/1 1258/1 1257/1 1255/1
f 1255/1 1257/1 1275/1
f 1258/1 1256/1 1276/1
f 1258/1 1260/1 1259/1 1257/1
f 1257/1 1259/1 1275/1
f 1260/1 1258/1 1276/1
f 1260/1 1262/1 1261/1 1259/1
f 1259/1 1261/1 1275/1
f 1262/1 1260/1 1276/1
f 1262/1 1264/1 1263/1 1261/1
f 1261/1 1263/1 1275/1
f 1264/1 1262/1 1276/1
f 1264/1 1266/1 1265/1 1263/1
f 1263/1 1265/1 1275/1
f 1266/1 1264/1 1276/1
f 1266/1 1268/1 1267/1 1265/1
f 1265/1 1267/1 1275/1
f 1268/1 1266/1 1276/1
f 1268/1 1270/1 1269/1 1267/1
f 1267/1 1269/1 1275/1
f 1270/1 1268/1 1276/1
f 1270/1 1272/1 1271/1 1269/1
f 1269/1 1271/1 1275/1
f 1272/1 1270/1 1276/1
f 1272/1 1274/1 1273/1 1271/1
f 1271/1 1273/1 1275/1
f 1274/1 1272/1 1276/1
f 1274/1 1220/1 1219/1 1273/1
f 1273/1 1219/1 1275/1
f 1220/1 1274/1 1276/1
f 1354/1 1356/1 1355/1 1353/1
f 1353/1 1355/1 1409/1
f 1356/1 1354/1 1410/1
f 1356/1 1358/1 1357/1 1355/1
f 1355/1 1357/1 1409/1
f 1358/1 1356/1 1410/1
f 1358/1 1360/1 1359/1 1357/1
f 1357/1 1359/1 1409/1
f 1360/1 1358/1 1410/1
f 1360/1 1362/1 1361/1 1359/1
f 1359/1 1361/1 1409/1
f 1362/1 1360/1 1410/1
f 1362/1 1364/1 1363/1 1361/1
f 1361/1 1363/1 1409/1
f 1364/1 1362/1 1410/1
f 1364/1 1366/1 1365/1 1363/1
f 1363/1 1365/1 1409/1
f 1366/1 1364/1 1410/1
f 1366/1 1368/1 1367/1 1365/1
f 1365/1 1367/1 1409/1
f 1368/1 1366/1 1410/1
f 1368/1 1370/1 1369/1 1367/1
f 1367/1 1369/1 1409/1
f 1370/1 1368/1 1410/1
f 1370/1 1372/1 1371/1 1369/1
f 1369/1 1371/1 1409/1
f 1372/1 1370/1 1410/1
f 1372/1 1374/1 1373/1 1371/1
f 1371/1 1373/1 1409/1
f 1374/1 1372/1 1410/1
f 1374/1 1376/1 1375/1 1373/1
f 1373/1 1375/1 1409/1
f 1376/1 1374/1 1410/1
f 1376/1 1378/1 1377/1 1375/1
f 1375/1 1377/1 1409/1
f 1378/1 1376/1 1410/1
f 1378/1 1380/1 1379/1 1377/1
f 1377/1 1379/1 1409/1
f 1380/1 1378/1 1410/1
f 1380/1 1382/1 1381/1 1379/1
f 1379/1 1381/1 1409/1
f 1382/1 1380/1 1410/1
f 1382/1 1384/1 1383/1 1381/1
f 1381/1 1383/1 1409/1
f 1384/1 1382/1 1410/1
f 1384/1 1386/1 1385/1 1383/1
f 1383/1 1385/1 1409/1
f 1386/1 1384/1 1410/1
f 1386/1 1388/1 1387/1 1385/1
f 1385/1 1387/1 1409/1
f 1388/1 1386/1 1410/1
f 1388/1 1390/1 1389/1 1387/1
f 1387/1 1389/1 1409/1
f 1390/1 1388/1 1410/1
f 1390/1 1392/1 1391/1 1389/1
f 1389/1 1391/1 1409/1
f 1392/1 1390/1 1410/1
f 1392/1 1394/1 1393/1 1391/1
f 1391/1 1393/1 1409/1
f 1394/1 1392/1 1410/1
f 1394/1 1396/1 1395/1 1393/1
f 1393/1 1395/1 1409/1
f 1396/1 1394/1 1410/1
f 1396/1 1398/1 1397/1 1395/1
f 1395/1 1397/1 1409/1
f 1398/1 1396/1 1410/1
f 1398/1 1400/1 1399/1 1397/1
f 1397/1 1399/1 1409/1
f 1400/1 1398/1 1410/1
f 1400/1 1402/1 1401/1 1399/1
f 1399/1 1401/1 1409/1
f 1402/1 1400/1 1410/1
f 1402/1 1404/1 1403/1 1401/1
f 1401/1 1403/1 1409/1
f 1404/1 1402/1 1410/1
f 1404/1 1406/1 1405/1 1403/1
f 1403/1 1405/1 1409/1
f 1406/1 1404/1 1410/1
f 1406/1 1408/1 1407/1 1405/1
f 1405/1 1407/1 1409/1
f 1408/1 1406/1 1410/1
f 1408/1 1354/1 1353/1 1407/1
f 1407/1 1353/1 1409/1
f 1354/1 1408/1 1410/1
f 1488/1 1490/1 1489/1 1487/1
f 1487/1 1489/1 1543/1
f 1490/1 1488/1 1544/1
f 1490/1 1492/1 1491/1 1489/1
f 1489/1 1491/1 1543/1
f 1492/1 1490/1 1544/1
f 1492/1 1494/1 1493/1 1491/1
f 1491/1 1493/1 1543/1
f 1494/1 1492/1 1544/1
f 1494/1 1496/1 1495/1 1493/1
f 1493/1 1495/1 1543/1
f 1496/1 1494/1 1544/1
f 1496/1 1498/1 1497/1 1495/1
f 1495/1 1497/1 1543/1
f 1498/1 1496/1 1544/1
f 1498/1 1500/1 1499/1 1497/1
f 1497/1 1499/1 1543/1
f 1500/1 1498/1 1544/1
f 1500/1 1502/1 1501/1 1499/1
f 1499/1 1501/1 1543/1
f 1502/1 1500/1 1544/1
f 1502/1 1504/1 1503/1 1501/1
f 1501/1 1503/1 1543/1
f 1504/1 1502/1 1544/1
f 1504/1 1506/1 1505/1 1503/1
f 1503/1 1505/1 1543/1
f 1506/1 1504/1 1544/1
f 1506/1 1508/1 1507/1 1505/1
f 1505/1 1507/1 1543/1
f 1508/1 1506/1 1544/1
f 1508/1 1510/1 1509/1 1507/1
f 1507/1 1509/1 1543/1
f 1510/1 1508/1 1544/1
f 1510/1 1512/1 1511/1 1509/1
f 1509/1 1511/1 1543/1
f 1512/1 1510/1 1544/1
f 1512/1 1514/1 1513/1 1511/1
f 1511/1 1513/1 1543/1
f 1514/1 1512/1 1544/1
f 1514/1 1516/1 1515/1 1513/1
f 1513/1 1515/1 1543/1
f 1516/1 1514/1 1544/1
f 1516/1 1518/1 1517/1 1515/1
f 1515/1 1517/1 1543/1
f 1518/1 1516/1 1544/1
f 1518/1 1520/1 1519/1 1517/1
f 1517/1 1519/1 1543/1
f 1520/1 1518/1 1544/1
f 1520/1 1522/1 1521/1 1519/1
f 1519/1 1521/1 1543/1
f 1522/1 1520/1 1544/1
f 1522/1 1524/1 1523/1 1521/1
f 1521/1 1523/1 1543/1
f 1524/1 1522/1 1544/1
f 1524/1 1526/1 1525/1 1523/1
f 1523/1 1525/1 1543/1
f 1526/1 1524/1 1544/1
f 1526/1 1528/1 1527/1 1525/1
f 1525/1 1527/1 1543/1
f 1528/1 1526/1 1544/1
f 1528/1 1530/1 1529/1 1527/1
f 1527/1 1529/1 1543/1
f 1530/1 1528/1 1544/1
f 1530/1 1532/1 1531/1 1529/1
f 1529/1 1531/1 1543/1
f 1532/1 1530/1 1544/1
f 1532/1 1534/1 1533/1 1531/1
f 1531/1 1533/1 1543/1
f 1534/1 1532/1 1544/1
f 1534/1 1536/1 1535/1 1533/1
f 1533/1 1535/1 1543/1
f 1536/1 1534/1 1544/1
f 1536/1 1538/1 1537/1 1535/1
f 1535/1 1537/1 1543/1
f 1538/1 1536/1 1544/1
f 1538/1 1540/1 1539/1 1537/1
f 1537/1 1539/1 1543/1
f 1540/1 1538/1 1544/1
f 1540/1 1542/1 1541/1 1539/1
f 1539/1 1541/1 1543/1
f 1542/1 1540/1 1544/1
f 1542/1 1488/1 1487/1 1541/1
f 1541/1 1487/1 1543/1
f 1488/1 1542/1 1544/1
f 1622/1 1624/1 1623/1 1621/1
f 1621/1 1623/1 1677/1
f 1624/1 1622/1 1678/1
f 1624/1 1626/1 1625/1 1623/1
f 1623/1 1625/1 1677/1
f 1626/1 1624/1 1678/1
f 1626/1 1628/1 1627/1 1625/1
f 1625/1 1627/1 1677/1
f 1628/1 1626/1 1678/1
f 1628/1 1630/1 1629/1 1627/1
f 1627/1 1629/1 1677/1
f 1630/1 1628/1 1678/1
f 1630/1 1632/1 1631/1 1629/1
f 1629/1 1631/1 1677/1
f 1632/1 1630/1 1678/1
f 1632/1 1634/1 1633/1 1631/1
f 1631/1 1633/1 1677/1
f 1634/1 1632/1 1678/1
f 1634/1 1636/1 1635/1 1633/1
f 1633/1 1635/1 1677/1
f 1636/1 1634/1 1678/1
f 1636/1 1638/1 1637/1 1635/1
f 1635/1 1637/1 1677/1
f 1638/1 1636/1 1678/1
f 1638/1 1640/1 1639/1 1637/1
f 1637/1 1639/1 1677/1
f 1640/1 1638/1 1678/1
f 1640/1 1642/1 1641/1 1639/1
f 1639/1 1641/1 1677/1
f 1642/1 1640/1 1678/1
f 1642/1 1644/1 1643/1 1641/1
f 1641/1 1643/1 1677/1
f 1644/1 1642/1 1678/1
f 1644/1 1646/1 1645/1 1643/1
f 1643/1 1645/1 1677/1
f 1646/1 1644/1 1678/1
f 1646/1 1648/1 1647/1 1645/1
f 1645/1 1647/1 1677/1
f 1648/1 1646/1 1678/1
f 1648/1 1650/1 1649/1 1647/1
f 1647/1 1649/1 1677/1
f 1650/1 1648/1 1678/1
f 1650/1 1652/1 1651/1 1649/1
f 1649/1 1651/1 1677/1
f 1652/1 1650/1 1678/1
f 1652/1 1654/1 1653/1 1651/1
f 1651/1 1653/1 1677/1
f 1654/1 1652/1 1678/1
f 1654/1 1656/1 1655/1 1653/1
f 1653/1 1655/1 1677/1
f 1656/1 1654/1 1678/1
f 1656/1 1658/1 1657/1 1655/1
f 1655/1 1657/1 1677/1
f 1658/1 1656/1 1678/1
f 1658/1 1660/1 1659/1 1657/1
f 1657/1 1659/1 1677/1
f 1660/1 1658/1 1678/1
f 1660/1 1662/1 1661/1 1659/1
f 1659/1 1661/1 1677/1
f 1662/1 1660/1 1678/1
f 1662/1 1664/1 1663/1 1661/1
f 1661/1 1663/1 1677/1
f 1664/1 1662/1 1678/1
f 1664/1 1666/1 1665/1 1663/1
f 1663/1 1665/1 1677/1
f 1666/1 1664/1 1678/1
f 1666/1 1668/1 1667/1 1665/1
f 1665/1 1667/1 1677/1
f 1668/1 1666/1 1678/1
f 1668/1 1670/1 1669/1 1667/1
f 1667/1 1669/1 1677/1
f 1670/1 1668/1 1678/1
f 1670/1 1672/1 1671/1 1669/1
f 1669/1 1671/1 1677/1
f 1672/1 1670/1 1678/1
f 1672/1 1674/1 1673/1 1671/1
f 1671/1 1673/1 1677/1
f 1674/1 1672/1 1678/1
f 1674/1 1676/1 1675/1 1673/1
f 1673/1 1675/1 1677/1
f 1676/1 1674/1 1678/1
f 1676/1 1622/1 1621/1 1675/1
f 1675/1 1621/1 1677/1
f 1622/1 1676/1 1678/1
f 1756/1 1758/1 1757/1 1755/1
f 1755/1 1757/1 1811/1
f 1758/1 1756/1 1812/1
f 1758/1 1760/1 1759/1 1757/1
f 1757/1 1759/1 1811/1
f 1760/1 1758/1 1812/1
f 1760/1 1762/1 1761/1 1759/1
f 1759/1 1761/1 1811/1
f 1762/1 1760/1 1812/1
f 1762/1 1764/1 1763/1 1761/1
f 1761/1 1763/1 1811/1
f 1764/1 1762/1 1812/1
f 1764/1 1766/1 1765/1 1763/1
f 1763/1 1765/1 1811/1
f 1766/1 1764/1 1812/1
f 1766/1 1768/1 1767/1 1765/1
f 1765/1 1767/1 1811/1
f 1768/1 1766/1 1812/1
f 1768/1 1770/1 1769/1 1767/1
f 1767/1 1769/1 1811/1
f 1770/1 1768/1 1812/1
f 1770/1 1772/1 1771/1 1769/1
f 1769/1 1771/1 1811/1
f 1772/1 1770/1 1812/1
f 1772/1 1774/1 1773/1 1771/1
f 1771/1 1773/1 1811/1
f 1774/1 1772/1 1812/1
f 1774/1 1776/1 1775/1 1773/1
f 1773/1 1775/1 1811/1
f 1776/1 1774/1 1812/1
f 1776/1 1778/1 1777/1 1775/1
f 1775/1 1777/1 1811/1
f 1778/1 1776/1 1812/1
f 1778/1 1780/1 1779/1 1777/1
f 1777/1 1779/1 1811/1
f 1780/1 1778/1 1812/1
f 1780/1 1782/1 1781/1 1779/1
f 1779/1 1781/1 1811/1
f 1782/1 1780/1 1812/1
f 1782/1 1784/1 1783/1 1781/1
f 1781/1 1783/1 1811/1
f 1784/1 1782/1 1812/1
f 1784/1 1786/1 1785/1 1783/1
f 1783/1 1785/1 1811/1
f 1786/1 1784/1 1812/1
f 1786/1 1788/1 1787/1 1785/1
f 1785/1 1787/1 1811/1
f 1788/1 1786/1 1812/1
f 1788/1 1790/1 1789/1 1787/1
f 1787/1 1789/1 1811/1
f 1790/1 1788/1 1812/1
f 1790/1 1792/1 1791/1 1789/1
f 1789/1 1791/1 1811/1
f 1792/1 1790/1 1812/1
f 1792/1 1794/1 1793/1 1791/1
f 1791/1 1793/1 1811/1
f 1794/1 1792/1 1812/1
f 1794/1 1796/1 1795/1 1793/1
f 1793/1 1795/1 1811/1
f 1796/1 1794/1 1812/1
f 1796/1 1798/1 1797/1 1795/1
f 1795/1 1797/1 1811/1
f 1798/1 1796/1 1812/1
f 1798/1 1800/1 1799/1 1797/1
f 1797/1 1799/1 1811/1
f 1800/1 1798/1 1812/1
f 1800/1 1802/1 1801/1 1799/1
f 1799/1 1801/1 1811/1
f 1802/1 1800/1 1812/1
f 1802/1 1804/1 1803/1 1801/1
f 1801/1 1803/1 1811/1
f 1804/1 1802/1 1812/1
f 1804/1 1806/1 1805/1 1803/1
f 1803/1 1805/1 1811/1
f 1806/1 1804/1 1812/1
f 1806/1 1808/1 1807/1 1805/1
f 1805/1 1807/1 1811/1
f 1808/1 1806/1 1812/1
f 1808/1 1810/1 1809/1 1807/1
f 1807/1 1809/1 1811/1
f 1810/1 1808/1 1812/1
f 1810/1 1756/1 1755/1 1809/1
f 1809/1 1755/1 1811/1
f 1756/1 1810/1 1812/1
usemtl coral
f 100/2 102/2 101/2 99/2
f 99/2 101/2 195/2
f 102/2 100/2 196/2
f 102/2 104/2 103/2 101/2
f 101/2 103/2 195/2
f 104/2 102/2 196/2
f 104/2 106/2 105/2 103/2
f 103/2 105/2 195/2
f 106/2 104/2 196/2
f 106/2 108/2 107/2 105/2
f 105/2 107/2 195/2
f 108/2 106/2 196/2
f 108/2 110/2 109/2 107/2
f 107/2 109/2 195/2
f 110/2 108/2 196/2
f 110/2 112/2 111/2 109/2
f 109/2 111/2 195/2
f 112/2 110/2 196/2
f 112/2 114/2 113/2 111/2
f 111/2 113/2 195/2
f 114/2 112/2 196/2
f 114/2 116/2 115/2 113/2
f 113/2 115/2 195/2
f 116/2 114/2 196/2
f 116/2 118/2 117/2 115/2
f 115/2 117/2 195/2
f 118/2 116/2 196/2
f 118/2 120/2 119/2 117/2
f 117/2 119/2 195/2
f 120/2 118/2 196/2
f 120/2 122/2 121/2 119/2
f 119/2 121/2 195/2
f 122/2 120/2 196/2
f 122/2 124/2 123/2 121/2
f 121/2 123/2 195/2
f 124/2 122/2 196/2
f 124/2 126/2 125/2 123/2
f 123/2 125/2 195/2
f 126/2 124/2 196/2
f 126/2 128/2 127/2 125/2
f 125/2 127/2 195/2
f 128/2 126/2 196/2
f 128/2 130/2 129/2 127/2
f 127/2 129/2 195/2
f 130/2 128/2 196/2
f 130/2 132/2 131/2 129/2
f 129/2 131/2 195/2
f 132/2 130/2 196/2
f 132/2 134/2 133/2 131/2
f 131/2 133/2 195/2
f 134/2 132/2 196/2
f 134/2 136/2 135/2 133/2
f 133/2 135/2 195/2
f 136/2 134/2 196/2
f 136/2 138/2 137/2 135/2
f 135/2 137/2 195/2
f 138/2 136/2 196/2
f 138/2 140/2 139/2 137/2
f 137/2 139/2 195/2
f 140/2 138/2 196/2
f 140/2 142/2 141/2 139/2
f 139/2 141/2 195/2
f 142/2 140/2 196/2
f 142/2 144/2 143/2 141/2
f 141/2 143/2 195/2
f 144/2 142/2 196/2
f 144/2 146/2 145/2 143/2
f 143/2 145/2 195/2
f 146/2 144/2 196/2
f 146/2 148/2 147/2 145/2
f 145/2 147/2 195/2
f 148/2 146/2 196/2
f 148/2 150/2 149/2 147/2
f 147/2 149/2 195/2
f 150/2 148/2 196/2
f 150/2 152/2 151/2 149/2
f 149/2 151/2 195/2
f 152/2 150/2 196/2
f 152/2 154/2 153/2 151/2
f 151/2 153/2 195/2
f 154/2 152/2 196/2
f 154/2 156/2 155/2 153/2
f 153/2 155/2 195/2
f 156/2 154/2 196/2
f 156/2 158/2 157/2 155/2
f 155/2 157/2 195/2
f 158/2 156/2 196/2
f 158/2 160/2 159/2 157/2
f 157/2 159/2 195/2
f 160/2 158/2 196/2
f 160/2 162/2 161/2 159/2
f 159/2 161/2 195/2
f 162/2 160/2 196/2
f 162/2 164/2 163/2 161/2
f 161/2 163/2 195/2
f 164/2 162/2 196/2
f 164/2 166/2 165/2 163/2
f 163/2 165/2 195/2
f 166/2 164/2 196/2
f 166/2 168/2 167/2 165/2
f 165/2 167/2 195/2
f 168/2 166/2 196/2
f 168/2 170/2 169/2 167/2
f 167/2 169/2 195/2
f 170/2 168/2 196/2
f 170/2 172/2 171/2 169/2
f 169/2 171/2 195/2
f 172/2 170/2 196/2
f 172/2 174/2 173/2 171/2
f 171/2 173/2 195/2
f 174/2 172/2 196/2
f 174/2 176/2 175/2 173/2
f 173/2 175/2 195/2
f 176/2 174/2 196/2
f 176/2 178/2 177/2 175/2
f 175/2 177/2 195/2
f 178/2 176/2 196/2
f 178/2 180/2 179/2 177/2
f 177/2 179/2 195/2
f 180/2 178/2 196/2
f 180/2 182/2 181/2 179/2
f 179/2 181/2 195/2
f 182/2 180/2 196/2
f 182/2 184/2 183/2 181/2
f 181/2 183/2 195/2
f 184/2 182/2 196/2
f 184/2 186/2 185/2 183/2
f 183/2 185/2 195/2
f 186/2 184/2 196/2
f 186/2 188/2 187/2 185/2
f 185/2 187/2 195/2
f 188/2 186/2 196/2
f 188/2 190/2 189/2 187/2
f 187/2 189/2 195/2
f 190/2 188/2 196/2
f 190/2 192/2 191/2 189/2
f 189/2 191/2 195/2
f 192/2 190/2 196/2
f 192/2 194/2 193/2 191/2
f 191/2 193/2 195/2
f 194/2 192/2 196/2
f 194/2 100/2 99/2 193/2
f 193/2 99/2 195/2
f 100/2 194/2 196/2
f 581/2 582/2 550/2 549/2
f 582/2 583/2 551/2 550/2
f 583/2 584/2 552/2 551/2
f 584/2 585/2 553/2 552/2
f 585/2 586/2 554/2 553/2
f 586/2 587/2 555/2 554/2
f 587/2 588/2 556/2 555/2
f 588/2 589/2 557/2 556/2
f 589/2 590/2 558/2 557/2
f 590/2 591/2 559/2 558/2
f 591/2 592/2 560/2 559/2
f 592/2 593/2 561/2 560/2
f 593/2 594/2 562/2 561/2
f 594/2 595/2 563/2 562/2
f 595/2 596/2 564/2 563/2
f 596/2 597/2 565/2 564/2
f 597/2 598/2 566/2 565/2
f 598/2 599/2 567/2 566/2
f 599/2 600/2 568/2 567/2
f 600/2 601/2 569/2 568/2
f 601/2 602/2 570/2 569/2
f 602/2 603/2 571/2 570/2
f 603/2 604/2 572/2 571/2
f 604/2 605/2 573/2 572/2
f 605/2 606/2 574/2 573/2
f 606/2 607/2 575/2 574/2
f 607/2 608/2 576/2 575/2
f 608/2 609/2 577/2 576/2
f 609/2 610/2 578/2 577/2
f 610/2 611/2 579/2 578/2
f 611/2 612/2 580/2 579/2
f 612/2 581/2 549/2 580/2
f 805/2 806/2 838/2 837/2
f 806/2 807/2 839/2 838/2
f 807/2 808/2 840/2 839/2
f 808/2 809/2 841/2 840/2
f 809/2 810/2 842/2 841/2
f 810/2 811/2 843/2 842/2
f 811/2 812/2 844/2 843/2
f 812/2 813/2 845/2 844/2
f 813/2 814/2 846/2 845/2
f 814/2 815/2 847/2 846/2
f 815/2 816/2 848/2 847/2
f 816/2 817/2 849/2 848/2
f 817/2 818/2 850/2 849/2
f 818/2 819/2 851/2 850/2
f 819/2 820/2 852/2 851/2
f 820/2 821/2 853/2 852/2
f 821/2 822/2 854/2 853/2
f 822/2 823/2 855/2 854/2
f 823/2 824/2 856/2 855/2
f 824/2 825/2 857/2 856/2
f 825/2 826/2 858/2 857/2
f 826/2 827/2 859/2 858/2
f 827/2 828/2 860/2 859/2
f 828/2 829/2 861/2 860/2
f 829/2 830/2 862/2 861/2
f 830/2 831/2 863/2 862/2
f 831/2 832/2 864/2 863/2
f 832/2 833/2 865/2 864/2
f 833/2 834/2 866/2 865/2
f 834/2 835/2 867/2 866/2
f 835/2 836/2 868/2 867/2
f 836/2 805/2 837/2 868/2
f 869/2 870/2 902/2 901/2
f 870/2 871/2 903/2 902/2
f 871/2 872/2 904/2 903/2
f 872/2 873/2 905/2 904/2
f 873/2 874/2 906/2 905/2
f 874/2 875/2 907/2 906/2
f 875/2 876/2 908/2 907/2
f 876/2 877/2 909/2 908/2
f 877/2 878/2 910/2 909/2
f 878/2 879/2 911/2 910/2
f 879/2 880/2 912/2 911/2
f 880/2 881/2 913/2 912/2
f 881/2 882/2 914/2 913/2
f 882/2 883/2 915/2 914/2
f 883/2 884/2 916/2 915/2
f 884/2 885/2 917/2 916/2
f 885/2 886/2 918/2 917/2
f 886/2 887/2 919/2 918/2
f 887/2 888/2 920/2 919/2
f 888/2 889/2 921/2 920/2
f 889/2 890/2 922/2 921/2
f 890/2 891/2 923/2 922/2
f 891/2 892/2 924/2 923/2
f 892/2 893/2 925/2 924/2
f 893/2 894/2 926/2 925/2
f 894/2 895/2 927/2 926/2
f 895/2 896/2 928/2 927/2
f 896/2 897/2 929/2 928/2
f 897/2 898/2 930/2 929/2
f 898/2 899/2 931/2 930/2
f 899/2 900/2 932/2 931/2
f 900/2 869/2 901/2 932/2
f 1009/2 1010/2 1018/2 1017/2
f 1025/2 1010/2 1009/2
f 1026/2 1017/2 1018/2
f 1010/2 1011/2 1019/2 1018/2
f 1025/2 1011/2 1010/2
f 1026/2 1018/2 1019/2
f 1011/2 1012/2 1020/2 1019/2
f 1025/2 1012/2 1011/2
f 1026/2 1019/2 1020/2
f 1012/2 1013/2 1021/2 1020/2
f 1025/2 1013/2 1012/2
f 1026/2 1020/2 1021/2
f 1013/2 1014/2 1022/2 1021/2
f 1025/2 1014/2 1013/2
f 1026/2 1021/2 1022/2
f 1014/2 1015/2 1023/2 1022/2
f 1025/2 1015/2 1014/2
f 1026/2 1022/2 1023/2
f 1015/2 1016/2 1024/2 1023/2
f 1025/2 1016/2 1015/2
f 1026/2 1023/2 1024/2
f 1016/2 1009/2 1017/2 1024/2
f 1025/2 1009/2 1016/2
f 1026/2 1024/2 1017/2
f 1143/2 1144/2 1152/2 1151/2
f 1159/2 1144/2 1143/2
f 1160/2 1151/2 1152/2
f 1144/2 1145/2 1153/2 1152/2
f 1159/2 1145/2 1144/2
f 1160/2 1152/2 1153/2
f 1145/2 1146/2 1154/2 1153/2
f 1159/2 1146/2 1145/2
f 1160/2 1153/2 1154/2
f 1146/2 1147/2 1155/2 1154/2
f 1159/2 1147/2 1146/2
f 1160/2 1154/2 1155/2
f 1147/2 1148/2 1156/2 1155/2
f 1159/2 1148/2 1147/2
f 1160/2 1155/2 1156/2
f 1148/2 1149/2 1157/2 1156/2
f 1159/2 1149/2 1148/2
f 1160/2 1156/2 1157/2
f 1149/2 1150/2 1158/2 1157/2
f 1159/2 1150/2 1149/2
f 1160/2 1157/2 1158/2
f 1150/2 1143/2 1151/2 1158/2
f 1159/2 1143/2 1150/2
f 1160/2 1158/2 1151/2
f 1277/2 1278/2 1286/2 1285/2
f 1293/2 1278/2 1277/2
f 1294/2 1285/2 1286/2
f 1278/2 1279/2 1287/2 1286/2
f 1293/2 1279/2 1278/2
f 1294/2 1286/2 1287/2
f 1279/2 1280/2 1288/2 1287/2
f 1293/2 1280/2 1279/2
f 1294/2 1287/2 1288/2
f 1280/2 1281/2 1289/2 1288/2
f 1293/2 1281/2 1280/2
f 1294/2 1288/2 1289/2
f 1281/2 1282/2 1290/2 1289/2
f 1293/2 1282/2 1281/2
f 1294/2 1289/2 1290/2
f 1282/2 1283/2 1291/2 1290/2
f 1293/2 1283/2 1282/2
f 1294/2 1290/2 1291/2
f 1283/2 1284/2 1292/2 1291/2
f 1293/2 1284/2 1283/2
f 1294/2 1291/2 1292/2
f 1284/2 1277/2 1285/2 1292/2
f 1293/2 1277/2 1284/2
f 1294/2 1292/2 1285/2
f 1411/2 1412/2 1420/2 1419/2
f 1427/2 1412/2 1411/2
f 1428/2 1419/2 1420/2
f 1412/2 1413/2 1421/2 1420/2
f 1427/2 1413/2 1412/2
f 1428/2 1420/2 1421/2
f 1413/2 1414/2 1422/2 1421/2
f 1427/2 1414/2 1413/2
f 1428/2 1421/2 1422/2
f 1414/2 1415/2 1423/2 1422/2
f 1427/2 1415/2 1414/2
f 1428/2 1422/2 1423/2
f 1415/2 1416/2 1424/2 1423/2
f 1427/2 1416/2 1415/2
f 1428/2 1423/2 1424/2
f 1416/2 1417/2 1425/2 1424/2
f 1427/2 1417/2 1416/2
f 1428/2 1424/2 1425/2
f 1417/2 1418/2 1426/2 1425/2
f 1427/2 1418/2 1417/2
f 1428/2 1425/2 1426/2
f 1418/2 1411/2 1419/2 1426/2
f 1427/2 1411/2 1418/2
f 1428/2 1426/2 1419/2
f 1545/2 1546/2 1554/2 1553/2
f 1561/2 1546/2 1545/2
f 1562/2 1553/2 1554/2
f 1546/2 1547/2 1555/2 1554/2
f 1561/2 1547/2 1546/2
f 1562/2 1554/2 1555/2
f 1547/2 1548/2 1556/2 1555/2
f 1561/2 1548/2 1547/2
f 1562/2 1555/2 1556/2
f 1548/2 1549/2 1557/2 1556/2
f 1561/2 1549/2 1548/2
f 1562/2 1556/2 1557/2
f 1549/2 1550/2 1558/2 1557/2
f 1561/2 1550/2 1549/2
f 1562/2 1557/2 1558/2
f 1550/2 1551/2 1559/2 1558/2
f 1561/2 1551/2 1550/2
f 1562/2 1558/2 1559/2
f 1551/2 1552/2 1560/2 1559/2
f 1561/2 1552/2 1551/2
f 1562/2 1559/2 1560/2
f 1552/2 1545/2 1553/2 1560/2
f 1561/2 1545/2 1552/2
f 1562/2 1560/2 1553/2
f 1679/2 1680/2 1688/2 1687/2
f 1695/2 1680/2 1679/2
f 1696/2 1687/2 1688/2
f 1680/2 1681/2 1689/2 1688/2
f 1695/2 1681/2 1680/2
f 1696/2 1688/2 1689/2
f 1681/2 1682/2 1690/2 1689/2
f 1695/2 1682/2 1681/2
f 1696/2 1689/2 1690/2
f 1682/2 1683/2 1691/2 1690/2
f 1695/2 1683/2 1682/2
f 1696/2 1690/2 1691/2
f 1683/2 1684/2 1692/2 1691/2
f 1695/2 1684/2 1683/2
f 1696/2 1691/2 1692/2
f 1684/2 1685/2 1693/2 1692/2
f 1695/2 1685/2 1684/2
f 1696/2 1692/2 1693/2
f 1685/2 1686/2 1694/2 1693/2
f 1695/2 1686/2 1685/2
f 1696/2 1693/2 1694/2
f 1686/2 1679/2 1687/2 1694/2
f 1695/2 1679/2 1686/2
f 1696/2 1694/2 1687/2
usemtl gold
f 197/4 198/4 204/4 203/4
f 198/4 199/4 205/4 204/4
f 199/4 200/4 206/4 205/4
f 200/4 201/4 207/4 206/4
f 201/4 202/4 208/4 207/4
f 202/4 197/4 203/4 208/4
f 203/4 204/4 210/4 209/4
f 204/4 205/4 211/4 210/4
f 205/4 206/4 212/4 211/4
f 206/4 207/4 213/4 212/4
f 207/4 208/4 214/4 213/4
f 208/4 203/4 209/4 214/4
f 209/4 210/4 216/4 215/4
f 210/4 211/4 217/4 216/4
f 211/4 212/4 218/4 217/4
f 212/4 213/4 219/4 218/4
f 213/4 214/4 220/4 219/4
f 214/4 209/4 215/4 220/4
f 215/4 216/4 222/4 221/4
f 216/4 217/4 223/4 222/4
f 217/4 218/4 224/4 223/4
f 218/4 219/4 225/4 224/4
f 219/4 220/4 226/4 225/4
f 220/4 215/4 221/4 226/4
f 221/4 222/4 228/4 227/4
f 222/4 223/4 229/4 228/4
f 223/4 224/4 230/4 229/4
f 224/4 225/4 231/4 230/4
f 225/4 226/4 232/4 231/4
f 226/4 221/4 227/4 232/4
f 227/4 228/4 234/4 233/4
f 228/4 229/4 235/4 234/4
f 229/4 230/4 236/4 235/4
f 230/4 231/4 237/4 236/4
f 231/4 232/4 238/4 237/4
f 232/4 227/4 233/4 238/4
f 233/4 234/4 240/4 239/4
f 234/4 235/4 241/4 240/4
f 235/4 236/4 242/4 241/4
f 236/4 237/4 243/4 242/4
f 237/4 238/4 244/4 243/4
f 238/4 233/4 239/4 244/4
f 239/4 240/4 246/4 245/4
f 240/4 241/4 247/4 246/4
f 241/4 242/4 248/4 247/4
f 242/4 243/4 249/4 248/4
f 243/4 244/4 250/4 249/4
f 244/4 239/4 245/4 250/4
f 245/4 246/4 252/4 251/4
f 246/4 247/4 253/4 252/4
f 247/4 248/4 254/4 253/4
f 248/4 249/4 255/4 254/4
f 249/4 250/4 256/4 255/4
f 250/4 245/4 251/4 256/4
f 251/4 252/4 258/4 257/4
f 252/4 253/4 259/4 258/4
f 253/4 254/4 260/4 259/4
f 254/4 255/4 261/4 260/4
f 255/4 256/4 262/4 261/4
f 256/4 251/4 257/4 262/4
f 257/4 258/4 264/4 263/4
f 258/4 259/4 265/4 264/4
f 259/4 260/4 266/4 265/4
f 260/4 261/4 267/4 266/4
f 261/4 262/4 268/4 267/4
f 262/4 257/4 263/4 268/4
f 263/4 264/4 270/4 269/4
f 264/4 265/4 271/4 270/4
f 265/4 266/4 272/4 271/4
f 266/4 267/4 273/4 272/4
f 267/4 268/4 274/4 273/4
f 268/4 263/4 269/4 274/4
f 269/4 270/4 276/4 275/4
f 270/4 271/4 277/4 276/4
f 271/4 272/4 278/4 277/4
f 272/4 273/4 279/4 278/4
f 273/4 274/4 280/4 279/4
f 274/4 269/4 275/4 280/4
f 275/4 276/4 282/4 281/4
f 276/4 277/4 283/4 282/4
f 277/4 278/4 284/4 283/4
f 278/4 279/4 285/4 284/4
f 279/4 280/4 286/4 285/4
f 280/4 275/4 281/4 286/4
f 281/4 282/4 288/4 287/4
f 282/4 283/4 289/4 288/4
f 283/4 284/4 290/4 289/4
f 284/4 285/4 291/4 290/4
f 285/4 286/4 292/4 291/4
f 286/4 281/4 287/4 292/4
f 287/4 288/4 294/4 293/4
f 288/4 289/4 295/4 294/4
f 289/4 290/4 296/4 295/4
f 290/4 291/4 297/4 296/4
f 291/4 292/4 298/4 297/4
f 292/4 287/4 293/4 298/4
f 293/4 294/4 300/4 299/4
f 294/4 295/4 301/4 300/4
f 295/4 296/4 302/4 301/4
f 296/4 297/4 303/4 302/4
f 297/4 298/4 304/4 303/4
f 298/4 293/4 299/4 304/4
f 299/4 300/4 306/4 305/4
f 300/4 301/4 307/4 306/4
f 301/4 302/4 308/4 307/4
f 302/4 303/4 309/4 308/4
f 303/4 304/4 310/4 309/4
f 304/4 299/4 305/4 310/4
f 305/4 306/4 312/4 311/4
f 306/4 307/4 313/4 312/4
f 307/4 308/4 314/4 313/4
f 308/4 309/4 315/4 314/4
f 309/4 310/4 316/4 315/4
f 310/4 305/4 311/4 316/4
f 311/4 312/4 318/4 317/4
f 312/4 313/4 319/4 318/4
f 313/4 314/4 320/4 319/4
f 314/4 315/4 321/4 320/4
f 315/4 316/4 322/4 321/4
f 316/4 311/4 317/4 322/4
f 317/4 318/4 324/4 323/4
f 318/4 319/4 325/4 324/4
f 319/4 320/4 326/4 325/4
f 320/4 321/4 327/4 326/4
f 321/4 322/4 328/4 327/4
f 322/4 317/4 323/4 328/4
f 323/4 324/4 330/4 329/4
f 324/4 325/4 331/4 330/4
f 325/4 326/4 332/4 331/4
f 326/4 327/4 333/4 332/4
f 327/4 328/4 334/4 333/4
f 328/4 323/4 329/4 334/4
f 329/4 330/4 336/4 335/4
f 330/4 331/4 337/4 336/4
f 331/4 332/4 338/4 337/4
f 332/4 333/4 339/4 338/4
f 333/4 334/4 340/4 339/4
f 334/4 329/4 335/4 340/4
f 335/4 336/4 342/4 341/4
f 336/4 337/4 343/4 342/4
f 337/4 338/4 344/4 343/4
f 338/4 339/4 345/4 344/4
f 339/4 340/4 346/4 345/4
f 340/4 335/4 341/4 346/4
f 341/4 342/4 348/4 347/4
f 342/4 343/4 349/4 348/4
f 343/4 344/4 350/4 349/4
f 344/4 345/4 351/4 350/4
f 345/4 346/4 352/4 351/4
f 346/4 341/4 347/4 352/4
f 347/4 348/4 354/4 353/4
f 348/4 349/4 355/4 354/4
f 349/4 350/4 356/4 355/4
f 350/4 351/4 357/4 356/4
f 351/4 352/4 358/4 357/4
f 352/4 347/4 353/4 358/4
f 353/4 354/4 360/4 359/4
f 354/4 355/4 361/4 360/4
f 355/4 356/4 362/4 361/4
f 356/4 357/4 363/4 362/4
f 357/4 358/4 364/4 363/4
f 358/4 353/4 359/4 364/4
f 359/4 360/4 366/4 365/4
f 360/4 361/4 367/4 366/4
f 361/4 362/4 368/4 367/4
f 362/4 363/4 369/4 368/4
f 363/4 364/4 370/4 369/4
f 364/4 359/4 365/4 370/4
f 365/4 366/4 372/4 371/4
f 366/4 367/4 373/4 372/4
f 367/4 368/4 374/4 373/4
f 368/4 369/4 375/4 374/4
f 369/4 370/4 376/4 375/4
f 370/4 365/4 371/4 376/4
f 371/4 372/4 378/4 377/4
f 372/4 373/4 379/4 378/4
f 373/4 374/4 380/4 379/4
f 374/4 375/4 381/4 380/4
f 375/4 376/4 382/4 381/4
f 376/4 371/4 377/4 382/4
f 377/4 378/4 384/4 383/4
f 378/4 379/4 385/4 384/4
f 379/4 380/4 386/4 385/4
f 380/4 381/4 387/4 386/4
f 381/4 382/4 388/4 387/4
f 382/4 377/4 383/4 388/4
f 383/4 384/4 390/4 389/4
f 384/4 385/4 391/4 390/4
f 385/4 386/4 392/4 391/4
f 386/4 387/4 393/4 392/4
f 387/4 388/4 394/4 393/4
f 388/4 383/4 389/4 394/4
f 389/4 390/4 396/4 395/4
f 390/4 391/4 397/4 396/4
f 391/4 392/4 398/4 397/4
f 392/4 393/4 399/4 398/4
f 393/4 394/4 400/4 399/4
f 394/4 389/4 395/4 400/4
f 395/4 396/4 402/4 401/4
f 396/4 397/4 403/4 402/4
f 397/4 398/4 404/4 403/4
f 398/4 399/4 405/4 404/4
f 399/4 400/4 406/4 405/4
f 400/4 395/4 401/4 406/4
f 401/4 402/4 408/4 407/4
f 402/4 403/4 409/4 408/4
f 403/4 404/4 410/4 409/4
f 404/4 405/4 411/4 410/4
f 405/4 406/4 412/4 411/4
f 406/4 401/4 407/4 412/4
f 407/4 408/4 414/4 413/4
f 408/4 409/4 415/4 414/4
f 409/4 410/4 416/4 415/4
f 410/4 411/4 417/4 416/4
f 411/4 412/4 418/4 417/4
f 412/4 407/4 413/4 418/4
f 413/4 414/4 420/4 419/4
f 414/4 415/4 421/4 420/4
f 415/4 416/4 422/4 421/4
f 416/4 417/4 423/4 422/4
f 417/4 418/4 424/4 423/4
f 418/4 413/4 419/4 424/4
f 419/4 420/4 426/4 425/4
f 420/4 421/4 427/4 426/4
f 421/4 422/4 428/4 427/4
f 422/4 423/4 429/4 428/4
f 423/4 424/4 430/4 429/4
f 424/4 419/4 425/4 430/4
f 425/4 426/4 432/4 431/4
f 426/4 427/4 433/4 432/4
f 427/4 428/4 434/4 433/4
f 428/4 429/4 435/4 434/4
f 429/4 430/4 436/4 435/4
f 430/4 425/4 431/4 436/4
f 431/4 432/4 438/4 437/4
f 432/4 433/4 439/4 438/4
f 433/4 434/4 440/4 439/4
f 434/4 435/4 441/4 440/4
f 435/4 436/4 442/4 441/4
f 436/4 431/4 437/4 442/4
f 437/4 438/4 444/4 443/4
f 438/4 439/4 445/4 444/4
f 439/4 440/4 446/4 445/4
f 440/4 441/4 447/4 446/4
f 441/4 442/4 448/4 447/4
f 442/4 437/4 443/4 448/4
f 443/4 444/4 450/4 449/4
f 444/4 445/4 451/4 450/4
f 445/4 446/4 452/4 451/4
f 446/4 447/4 453/4 452/4
f 447/4 448/4 454/4 453/4
f 448/4 443/4 449/4 454/4
f 449/4 450/4 456/4 455/4
f 450/4 451/4 457/4 456/4
f 451/4 452/4 458/4 457/4
f 452/4 453/4 459/4 458/4
f 453/4 454/4 460/4 459/4
f 454/4 449/4 455/4 460/4
f 455/4 456/4 462/4 461/4
f 456/4 457/4 463/4 462/4
f 457/4 458/4 464/4 463/4
f 458/4 459/4 465/4 464/4
f 459/4 460/4 466/4 465/4
f 460/4 455/4 461/4 466/4
f 461/4 462/4 468/4 467/4
f 462/4 463/4 469/4 468/4
f 463/4 464/4 470/4 469/4
f 464/4 465/4 471/4 470/4
f 465/4 466/4 472/4 471/4
f 466/4 461/4 467/4 472/4
f 467/4 468/4 474/4 473/4
f 468/4 469/4 475/4 474/4
f 469/4 470/4 476/4 475/4
f 470/4 471/4 477/4 476/4
f 471/4 472/4 478/4 477/4
f 472/4 467/4 473/4 478/4
f 473/4 474/4 480/4 479/4
f 474/4 475/4 481/4 480/4
f 475/4 476/4 482/4 481/4
f 476/4 477/4 483/4 482/4
f 477/4 478/4 484/4 483/4
f 478/4 473/4 479/4 484/4
f 479/4 480/4 198/4 197/4
f 480/4 481/4 199/4 198/4
f 481/4 482/4 200/4 199/4
f 482/4 483/4 201/4 200/4
f 483/4 484/4 202/4 201/4
f 484/4 479/4 197/4 202/4
f 549/4 550/4 518/4 517/4
f 550/4 551/4 519/4 518/4
f 551/4 552/4 520/4 519/4
f 552/4 553/4 521/4 520/4
f 553/4 554/4 522/4 521/4
f 554/4 555/4 523/4 522/4
f 555/4 556/4 524/4 523/4
f 556/4 557/4 525/4 524/4
f 557/4 558/4 526/4 525/4
f 558/4 559/4 527/4 526/4
f 559/4 560/4 528/4 527/4
f 560/4 561/4 529/4 528/4
f 561/4 562/4 530/4 529/4
f 562/4 563/4 531/4 530/4
f 563/4 564/4 532/4 531/4
f 564/4 565/4 533/4 532/4
f 565/4 566/4 534/4 533/4
f 566/4 567/4 535/4 534/4
f 567/4 568/4 536/4 535/4
f 568/4 569/4 537/4 536/4
f 569/4 570/4 538/4 537/4
f 570/4 571/4 539/4 538/4
f 571/4 572/4 540/4 539/4
f 572/4 573/4 541/4 540/4
f 573/4 574/4 542/4 541/4
f 574/4 575/4 543/4 542/4
f 575/4 576/4 544/4 543/4
f 576/4 577/4 545/4 544/4
f 577/4 578/4 546/4 545/4
f 578/4 579/4 547/4 546/4
f 579/4 580/4 548/4 547/4
f 580/4 549/4 517/4 548/4
f 645/4 646/4 614/4 613/4
f 646/4 647/4 615/4 614/4
f 647/4 648/4 616/4 615/4
f 648/4 649/4 617/4 616/4
f 649/4 650/4 618/4 617/4
f 650/4 651/4 619/4 618/4
f 651/4 652/4 620/4 619/4
f 652/4 653/4 621/4 620/4
f 653/4 654/4 622/4 621/4
f 654/4 655/4 623/4 622/4
f 655/4 656/4 624/4 623/4
f 656/4 657/4 625/4 624/4
f 657/4 658/4 626/4 625/4
f 658/4 659/4 627/4 626/4
f 659/4 660/4 628/4 627/4
f 660/4 661/4 629/4 628/4
f 661/4 662/4 630/4 629/4
f 662/4 663/4 631/4 630/4
f 663/4 664/4 632/4 631/4
f 664/4 665/4 633/4 632/4
f 665/4 666/4 634/4 633/4
f 666/4 667/4 635/4 634/4
f 667/4 668/4 636/4 635/4
f 668/4 669/4 637/4 636/4
f 669/4 670/4 638/4 637/4
f 670/4 671/4 639/4 638/4
f 671/4 672/4 640/4 639/4
f 672/4 673/4 641/4 640/4
f 673/4 674/4 642/4 641/4
f 674/4 675/4 643/4 642/4
f 675/4 676/4 644/4 643/4
f 676/4 645/4 613/4 644/4
f 741/4 742/4 710/4 709/4
f 742/4 743/4 711/4 710/4
f 743/4 744/4 712/4 711/4
f 744/4 745/4 713/4 712/4
f 745/4 746/4 714/4 713/4
f 746/4 747/4 715/4 714/4
f 747/4 748/4 716/4 715/4
f 748/4 749/4 717/4 716/4
f 749/4 750/4 718/4 717/4
f 750/4 751/4 719/4 718/4
f 751/4 752/4 720/4 719/4
f 752/4 753/4 721/4 720/4
f 753/4 754/4 722/4 721/4
f 754/4 755/4 723/4 722/4
f 755/4 756/4 724/4 723/4
f 756/4 757/4 725/4 724/4
f 757/4 758/4 726/4 725/4
f 758/4 759/4 727/4 726/4
f 759/4 760/4 728/4 727/4
f 760/4 761/4 729/4 728/4
f 761/4 762/4 730/4 729/4
f 762/4 763/4 731/4 730/4
f 763/4 764/4 732/4 731/4
f 764/4 765/4 733/4 732/4
f 765/4 766/4 734/4 733/4
f 766/4 767/4 735/4 734/4
f 767/4 768/4 736/4 735/4
f 768/4 769/4 737/4 736/4
f 769/4 770/4 738/4 737/4
f 770/4 771/4 739/4 738/4
f 771/4 772/4 740/4 739/4
f 772/4 741/4 709/4 740/4
f 773/4 774/4 742/4 741/4
f 774/4 775/4 743/4 742/4
f 775/4 776/4 744/4 743/4
f 776/4 777/4 745/4 744/4
f 777/4 778/4 746/4 745/4
f 778/4 779/4 747/4 746/4
f 779/4 780/4 748/4 747/4
f 780/4 781/4 749/4 748/4
f 781/4 782/4 750/4 749/4
f 782/4 783/4 751/4 750/4
f 783/4 784/4 752/4 751/4
f 784/4 785/4 753/4 752/4
f 785/4 786/4 754/4 753/4
f 786/4 787/4 755/4 754/4
f 787/4 788/4 756/4 755/4
f 788/4 789/4 757/4 756/4
f 789/4 790/4 758/4 757/4
f 790/4 791/4 759/4 758/4
f 791/4 792/4 760/4 759/4
f 792/4 793/4 761/4 760/4
f 793/4 794/4 762/4 761/4
f 794/4 795/4 763/4 762/4
f 795/4 796/4 764/4 763/4
f 796/4 797/4 765/4 764/4
f 797/4 798/4 766/4 765/4
f 798/4 799/4 767/4 766/4
f 799/4 800/4 768/4 767/4
f 800/4 801/4 769/4 768/4
f 801/4 802/4 770/4 769/4
f 802/4 803/4 771/4 770/4
f 803/4 804/4 772/4 771/4
f 804/4 773/4 741/4 772/4
f 901/4 902/4 934/4 933/4
f 902/4 903/4 935/4 934/4
f 903/4 904/4 936/4 935/4
f 904/4 905/4 937/4 936/4
f 905/4 906/4 938/4 937/4
f 906/4 907/4 939/4 938/4
f 907/4 908/4 940/4 939/4
f 908/4 909/4 941/4 940/4
f 909/4 910/4 942/4 941/4
f 910/4 911/4 943/4 942/4
f 911/4 912/4 944/4 943/4
f 912/4 913/4 945/4 944/4
f 913/4 914/4 946/4 945/4
f 914/4 915/4 947/4 946/4
f 915/4 916/4 948/4 947/4
f 916/4 917/4 949/4 948/4
f 917/4 918/4 950/4 949/4
f 918/4 919/4 951/4 950/4
f 919/4 920/4 952/4 951/4
f 920/4 921/4 953/4 952/4
f 921/4 922/4 954/4 953/4
f 922/4 923/4 955/4 954/4
f 923/4 924/4 956/4 955/4
f 924/4 925/4 957/4 956/4
f 925/4 926/4 958/4 957/4
f 926/4 927/4 959/4 958/4
f 927/4 928/4 960/4 959/4
f 928/4 929/4 961/4 960/4
f 929/4 930/4 962/4 961/4
f 930/4 931/4 963/4 962/4
f 931/4 932/4 964/4 963/4
f 932/4 901/4 933/4 964/4
f 965/4 966/4 976/4 975/4
f 985/4 966/4 965/4
f 986/4 975/4 976/4
f 966/4 967/4 977/4 976/4
f 985/4 967/4 966/4
f 986/4 976/4 977/4
f 967/4 968/4 978/4 977/4
f 985/4 968/4 967/4
f 986/4 977/4 978/4
f 968/4 969/4 979/4 978/4
f 985/4 969/4 968/4
f 986/4 978/4 979/4
f 969/4 970/4 980/4 979/4
f 985/4 970/4 969/4
f 986/4 979/4 980/4
f 970/4 971/4 981/4 980/4
f 985/4 971/4 970/4
f 986/4 980/4 981/4
f 971/4 972/4 982/4 981/4
f 985/4 972/4 971/4
f 986/4 981/4 982/4
f 972/4 973/4 983/4 982/4
f 985/4 973/4 972/4
f 986/4 982/4 983/4
f 973/4 974/4 984/4 983/4
f 985/4 974/4 973/4
f 986/4 983/4 984/4
f 974/4 965/4 975/4 984/4
f 985/4 965/4 974/4
f 986/4 984/4 975/4
f 988/4 987/4 1007/4
f 997/4 998/4 1008/4
f 988/4 998/4 997/4 987/4
f 989/4 988/4 1007/4
f 998/4 999/4 1008/4
f 989/4 999/4 998/4 988/4
f 990/4 989/4 1007/4
f 999/4 1000/4 1008/4
f 990/4 1000/4 999/4 989/4
f 991/4 990/4 1007/4
f 1000/4 1001/4 1008/4
f 991/4 1001/4 1000/4 990/4
f 992/4 991/4 1007/4
f 1001/4 1002/4 1008/4
f 992/4 1002/4 1001/4 991/4
f 993/4 992/4 1007/4
f 1002/4 1003/4 1008/4
f 993/4 1003/4 1002/4 992/4
f 994/4 993/4 1007/4
f 1003/4 1004/4 1008/4
f 994/4 1004/4 1003/4 993/4
f 995/4 994/4 1007/4
f 1004/4 1005/4 1008/4
f 995/4 1005/4 1004/4 994/4
f 996/4 995/4 1007/4
f 1005/4 1006/4 1008/4
f 996/4 1006/4 1005/4 995/4
f 987/4 996/4 1007/4
f 1006/4 997/4 1008/4
f 987/4 997/4 1006/4 996/4
f 1028/4 1030/4 1029/4 1027/4
f 1027/4 1029/4 1083/4
f 1030/4 1028/4 1084/4
f 1030/4 1032/4 1031/4 1029/4
f 1029/4 1031/4 1083/4
f 1032/4 1030/4 1084/4
f 1032/4 1034/4 1033/4 1031/4
f 1031/4 1033/4 1083/4
f 1034/4 1032/4 1084/4
f 1034/4 1036/4 1035/4 1033/4
f 1033/4 1035/4 1083/4
f 1036/4 1034/4 1084/4
f 1036/4 1038/4 1037/4 1035/4
f 1035/4 1037/4 1083/4
f 1038/4 1036/4 1084/4
f 1038/4 1040/4 1039/4 1037/4
f 1037/4 1039/4 1083/4
f 1040/4 1038/4 1084/4
f 1040/4 1042/4 1041/4 1039/4
f 1039/4 1041/4 1083/4
f 1042/4 1040/4 1084/4
f 1042/4 1044/4 1043/4 1041/4
f 1041/4 1043/4 1083/4
f 1044/4 1042/4 1084/4
f 1044/4 1046/4 1045/4 1043/4
f 1043/4 1045/4 1083/4
f 1046/4 1044/4 1084/4
f 1046/4 1048/4 1047/4 1045/4
f 1045/4 1047/4 1083/4
f 1048/4 1046/4 1084/4
f 1048/4 1050/4 1049/4 1047/4
f 1047/4 1049/4 1083/4
f 1050/4 1048/4 1084/4
f 1050/4 1052/4 1051/4 1049/4
f 1049/4 1051/4 1083/4
f 1052/4 1050/4 1084/4
f 1052/4 1054/4 1053/4 1051/4
f 1051/4 1053/4 1083/4
f 1054/4 1052/4 1084/4
f 1054/4 1056/4 1055/4 1053/4
f 1053/4 1055/4 1083/4
f 1056/4 1054/4 1084/4
f 1056/4 1058/4 1057/4 1055/4
f 1055/4 1057/4 1083/4
f 1058/4 1056/4 1084/4
f 1058/4 1060/4 1059/4 1057/4
f 1057/4 1059/4 1083/4
f 1060/4 1058/4 1084/4
f 1060/4 1062/4 1061/4 1059/4
f 1059/4 1061/4 1083/4
f 1062/4 1060/4 1084/4
f 1062/4 1064/4 1063/4 1061/4
f 1061/4 1063/4 1083/4
f 1064/4 1062/4 1084/4
f 1064/4 1066/4 1065/4 1063/4
f 1063/4 1065/4 1083/4
f 1066/4 1064/4 1084/4
f 1066/4 1068/4 1067/4 1065/4
f 1065/4 1067/4 1083/4
f 1068/4 1066/4 1084/4
f 1068/4 1070/4 1069/4 1067/4
f 1067/4 1069/4 1083/4
f 1070/4 1068/4 1084/4
f 1070/4 1072/4 1071/4 1069/4
f 1069/4 1071/4 1083/4
f 1072/4 1070/4 1084/4
f 1072/4 1074/4 1073/4 1071/4
f 1071/4 1073/4 1083/4
f 1074/4 1072/4 1084/4
f 1074/4 1076/4 1075/4 1073/4
f 1073/4 1075/4 1083/4
f 1076/4 1074/4 1084/4
f 1076/4 1078/4 1077/4 1075/4
f 1075/4 1077/4 1083/4
f 1078/4 1076/4 1084/4
f 1078/4 1080/4 1079/4 1077/4
f 1077/4 1079/4 1083/4
f 1080/4 1078/4 1084/4
f 1080/4 1082/4 1081/4 1079/4
f 1079/4 1081/4 1083/4
f 1082/4 1080/4 1084/4
f 1082/4 1028/4 1027/4 1081/4
f 1081/4 1027/4 1083/4
f 1028/4 1082/4 1084/4
f 1162/4 1164/4 1163/4 1161/4
f 1161/4 1163/4 1217/4
f 1164/4 1162/4 1218/4
f 1164/4 1166/4 1165/4 1163/4
f 1163/4 1165/4 1217/4
f 1166/4 1164/4 1218/4
f 1166/4 1168/4 1167/4 1165/4
f 1165/4 1167/4 1217/4
f 1168/4 1166/4 1218/4
f 1168/4 1170/4 1169/4 1167/4
f 1167/4 1169/4 1217/4
f 1170/4 1168/4 1218/4
f 1170/4 1172/4 1171/4 1169/4
f 1169/4 1171/4 1217/4
f 1172/4 1170/4 1218/4
f 1172/4 1174/4 1173/4 1171/4
f 1171/4 1173/4 1217/4
f 1174/4 1172/4 1218/4
f 1174/4 1176/4 1175/4 1173/4
f 1173/4 1175/4 1217/4
f 1176/4 1174/4 1218/4
f 1176/4 1178/4 1177/4 1175/4
f 1175/4 1177/4 1217/4
f 1178/4 1176/4 1218/4
f 1178/4 1180/4 1179/4 1177/4
f 1177/4 1179/4 1217/4
f 1180/4 1178/4 1218/4
f 1180/4 1182/4 1181/4 1179/4
f 1179/4 1181/4 1217/4
f 1182/4 1180/4 1218/4
f 1182/4 1184/4 1183/4 1181/4
f 1181/4 1183/4 1217/4
f 1184/4 1182/4 1218/4
f 1184/4 1186/4 1185/4 1183/4
f 1183/4 1185/4 1217/4
f 1186/4 1184/4 1218/4
f 1186/4 1188/4 1187/4 1185/4
f 1185/4 1187/4 1217/4
f 1188/4 1186/4 1218/4
f 1188/4 1190/4 1189/4 1187/4
f 1187/4 1189/4 1217/4
f 1190/4 1188/4 1218/4
f 1190/4 1192/4 1191/4 1189/4
f 1189/4 1191/4 1217/4
f 1192/4 1190/4 1218/4
f 1192/4 1194/4 1193/4 1191/4
f 1191/4 1193/4 1217/4
f 1194/4 1192/4 1218/4
f 1194/4 1196/4 1195/4 1193/4
f 1193/4 1195/4 1217/4
f 1196/4 1194/4 1218/4
f 1196/4 1198/4 1197/4 1195/4
f 1195/4 1197/4 1217/4
f 1198/4 1196/4 1218/4
f 1198/4 1200/4 1199/4 1197/4
f 1197/4 1199/4 1217/4
f 1200/4 1198/4 1218/4
f 1200/4 1202/4 1201/4 1199/4
f 1199/4 1201/4 1217/4
f 1202/4 1200/4 1218/4
f 1202/4 1204/4 1203/4 1201/4
f 1201/4 1203/4 1217/4
f 1204/4 1202/4 1218/4
f 1204/4 1206/4 1205/4 1203/4
f 1203/4 1205/4 1217/4
f 1206/4 1204/4 1218/4
f 1206/4 1208/4 1207/4 1205/4
f 1205/4 1207/4 1217/4
f 1208/4 1206/4 1218/4
f 1208/4 1210/4 1209/4 1207/4
f 1207/4 1209/4 1217/4
f 1210/4 1208/4 1218/4
f 1210/4 1212/4 1211/4 1209/4
f 1209/4 1211/4 1217/4
f 1212/4 1210/4 1218/4
f 1212/4 1214/4 1213/4 1211/4
f 1211/4 1213/4 1217/4
f 1214/4 1212/4 1218/4
f 1214/4 1216/4 1215/4 1213/4
f 1213/4 1215/4 1217/4
f 1216/4 1214/4 1218/4
f 1216/4 1162/4 1161/4 1215/4
f 1215/4 1161/4 1217/4
f 1162/4 1216/4 1218/4
f 1296/4 1298/4 1297/4 1295/4
f 1295/4 1297/4 1351/4
f 1298/4 1296/4 1352/4
f 1298/4 1300/4 1299/4 1297/4
f 1297/4 1299/4 1351/4
f 1300/4 1298/4 1352/4
f 1300/4 1302/4 1301/4 1299/4
f 1299/4 1301/4 1351/4
f 1302/4 1300/4 1352/4
f 1302/4 1304/4 1303/4 1301/4
f 1301/4 1303/4 1351/4
f 1304/4 1302/4 1352/4
f 1304/4 1306/4 1305/4 1303/4
f 1303/4 1305/4 1351/4
f 1306/4 1304/4 1352/4
f 1306/4 1308/4 1307/4 1305/4
f 1305/4 1307/4 1351/4
f 1308/4 1306/4 1352/4
f 1308/4 1310/4 1309/4 1307/4
f 1307/4 1309/4 1351/4
f 1310/4 1308/4 1352/4
f 1310/4 1312/4 1311/4 1309/4
f 1309/4 1311/4 1351/4
f 1312/4 1310/4 1352/4
f 1312/4 1314/4 1313/4 1311/4
f 1311/4 1313/4 1351/4
f 1314/4 1312/4 1352/4
f 1314/4 1316/4 1315/4 1313/4
f 1313/4 1315/4 1351/4
f 1316/4 1314/4 1352/4
f 1316/4 1318/4 1317/4 1315/4
f 1315/4 1317/4 1351/4
f 1318/4 1316/4 1352/4
f 1318/4 1320/4 1319/4 1317/4
f 1317/4 1319/4 1351/4
f 1320/4 1318/4 1352/4
f 1320/4 1322/4 1321/4 1319/4
f 1319/4 1321/4 1351/4
f 1322/4 1320/4 1352/4
f 1322/4 1324/4 1323/4 1321/4
f 1321/4 1323/4 1351/4
f 1324/4 1322/4 1352/4
f 1324/4 1326/4 1325/4 1323/4
f 1323/4 1325/4 1351/4
f 1326/4 1324/4 1352/4
f 1326/4 1328/4 1327/4 1325/4
f 1325/4 1327/4 1351/4
f 1328/4 1326/4 1352/4
f 1328/4 1330/4 1329/4 1327/4
f 1327/4 1329/4 1351/4
f 1330/4 1328/4 1352/4
f 1330/4 1332/4 1331/4 1329/4
f 1329/4 1331/4 1351/4
f 1332/4 1330/4 1352/4
f 1332/4 1334/4 1333/4 1331/4
f 1331/4 1333/4 1351/4
f 1334/4 1332/4 1352/4
f 1334/4 1336/4 1335/4 1333/4
f 1333/4 1335/4 1351/4
f 1336/4 1334/4 1352/4
f 1336/4 1338/4 1337/4 1335/4
f 1335/4 1337/4 1351/4
f 1338/4 1336/4 1352/4
f 1338/4 1340/4 1339/4 1337/4
f 1337/4 1339/4 1351/4
f 1340/4 1338/4 1352/4
f 1340/4 1342/4 1341/4 1339/4
f 1339/4 1341/4 1351/4
f 1342/4 1340/4 1352/4
f 1342/4 1344/4 1343/4 1341/4
f 1341/4 1343/4 1351/4
f 1344/4 1342/4 1352/4
f 1344/4 1346/4 1345/4 1343/4
f 1343/4 1345/4 1351/4
f 1346/4 1344/4 1352/4
f 1346/4 1348/4 1347/4 1345/4
f 1345/4 1347/4 1351/4
f 1348/4 1346/4 1352/4
f 1348/4 1350/4 1349/4 1347/4
f 1347/4 1349/4 1351/4
f 1350/4 1348/4 1352/4
f 1350/4 1296/4 1295/4 1349/4
f 1349/4 1295/4 1351/4
f 1296/4 1350/4 1352/4
f 1430/4 1432/4 1431/4 1429/4
f 1429/4 1431/4 1485/4
f 1432/4 1430/4 1486/4
f 1432/4 1434/4 1433/4 1431/4
f 1431/4 1433/4 1485/4
f 1434/4 1432/4 1486/4
f 1434/4 1436/4 1435/4 1433/4
f 1433/4 1435/4 1485/4
f 1436/4 1434/4 1486/4
f 1436/4 1438/4 1437/4 1435/4
f 1435/4 1437/4 1485/4
f 1438/4 1436/4 1486/4
f 1438/4 1440/4 1439/4 1437/4
f 1437/4 1439/4 1485/4
f 1440/4 1438/4 1486/4
f 1440/4 1442/4 1441/4 1439/4
f 1439/4 1441/4 1485/4
f 1442/4 1440/4 1486/4
f 1442/4 1444/4 1443/4 1441/4
f 1441/4 1443/4 1485/4
f 1444/4 1442/4 1486/4
f 1444/4 1446/4 1445/4 1443/4
f 1443/4 1445/4 1485/4
f 1446/4 1444/4 1486/4
f 1446/4 1448/4 1447/4 1445/4
f 1445/4 1447/4 1485/4
f 1448/4 1446/4 1486/4
f 1448/4 1450/4 1449/4 1447/4
f 1447/4 1449/4 1485/4
f 1450/4 1448/4 1486/4
f 1450/4 1452/4 1451/4 1449/4
f 1449/4 1451/4 1485/4
f 1452/4 1450/4 1486/4
f 1452/4 1454/4 1453/4 1451/4
f 1451/4 1453/4 1485/4
f 1454/4 1452/4 1486/4
f 1454/4 1456/4 1455/4 1453/4
f 1453/4 1455/4 1485/4
f 1456/4 1454/4 1486/4
f 1456/4 1458/4 1457/4 1455/4
f 1455/4 1457/4 1485/4
f 1458/4 1456/4 1486/4
f 1458/4 1460/4 1459/4 1457/4
f 1457/4 1459/4 1485/4
f 1460/4 1458/4 1486/4
f 1460/4 1462/4 1461/4 1459/4
f 1459/4 1461/4 1485/4
f 1462/4 1460/4 1486/4
f 1462/4 1464/4 1463/4 1461/4
f 1461/4 1463/4 1485/4
f 1464/4 1462/4 1486/4
f 1464/4 1466/4 1465/4 1463/4
f 1463/4 1465/4 1485/4
f 1466/4 1464/4 1486/4
f 1466/4 1468/4 1467/4 1465/4
f 1465/4 1467/4 1485/4
f 1468/4 1466/4 1486/4
f 1468/4 1470/4 1469/4 1467/4
f 1467/4 1469/4 1485/4
f 1470/4 1468/4 1486/4
f 1470/4 1472/4 1471/4 1469/4
f 1469/4 1471/4 1485/4
f 1472/4 1470/4 1486/4
f 1472/4 1474/4 1473/4 1471/4
f 1471/4 1473/4 1485/4
f 1474/4 1472/4 1486/4
f 1474/4 1476/4 1475/4 1473/4
f 1473/4 1475/4 1485/4
f 1476/4 1474/4 1486/4
f 1476/4 1478/4 1477/4 1475/4
f 1475/4 1477/4 1485/4
f 1478/4 1476/4 1486/4
f 1478/4 1480/4 1479/4 1477/4
f 1477/4 1479/4 1485/4
f 1480/4 1478/4 1486/4
f 1480/4 1482/4 1481/4 1479/4
f 1479/4 1481/4 1485/4
f 1482/4 1480/4 1486/4
f 1482/4 1484/4 1483/4 1481/4
f 1481/4 1483/4 1485/4
f 1484/4 1482/4 1486/4
f 1484/4 1430/4 1429/4 1483/4
f 1483/4 1429/4 1485/4
f 1430/4 1484/4 1486/4
f 1564/4 1566/4 1565/4 1563/4
f 1563/4 1565/4 1619/4
f 1566/4 1564/4 1620/4
f 1566/4 1568/4 1567/4 1565/4
f 1565/4 1567/4 1619/4
f 1568/4 1566/4 1620/4
f 1568/4 1570/4 1569/4 1567/4
f 1567/4 1569/4 1619/4
f 1570/4 1568/4 1620/4
f 1570/4 1572/4 1571/4 1569/4
f 1569/4 1571/4 1619/4
f 1572/4 1570/4 1620/4
f 1572/4 1574/4 1573/4 1571/4
f 1571/4 1573/4 1619/4
f 1574/4 1572/4 1620/4
f 1574/4 1576/4 1575/4 1573/4
f 1573/4 1575/4 1619/4
f 1576/4 1574/4 1620/4
f 1576/4 1578/4 1577/4 1575/4
f 1575/4 1577/4 1619/4
f 1578/4 1576/4 1620/4
f 1578/4 1580/4 1579/4 1577/4
f 1577/4 1579/4 1619/4
f 1580/4 1578/4 1620/4
f 1580/4 1582/4 1581/4 1579/4
f 1579/4 1581/4 1619/4
f 1582/4 1580/4 1620/4
f 1582/4 1584/4 1583/4 1581/4
f 1581/4 1583/4 1619/4
f 1584/4 1582/4 1620/4
f 1584/4 1586/4 1585/4 1583/4
f 1583/4 1585/4 1619/4
f 1586/4 1584/4 1620/4
f 1586/4 1588/4 1587/4 1585/4
f 1585/4 1587/4 1619/4
f 1588/4 1586/4 1620/4
f 1588/4 1590/4 1589/4 1587/4
f 1587/4 1589/4 1619/4
f 1590/4 1588/4 1620/4
f 1590/4 1592/4 1591/4 1589/4
f 1589/4 1591/4 1619/4
f 1592/4 1590/4 1620/4
f 1592/4 1594/4 1593/4 1591/4
f 1591/4 1593/4 1619/4
f 1594/4 1592/4 1620/4
f 1594/4 1596/4 1595/4 1593/4
f 1593/4 1595/4 1619/4
f 1596/4 1594/4 1620/4
f 1596/4 1598/4 1597/4 1595/4
f 1595/4 1597/4 1619/4
f 1598/4 1596/4 1620/4
f 1598/4 1600/4 1599/4 1597/4
f 1597/4 1599/4 1619/4
f 1600/4 1598/4 1620/4
f 1600/4 1602/4 1601/4 1599/4
f 1599/4 1601/4 1619/4
f 1602/4 1600/4 1620/4
f 1602/4 1604/4 1603/4 1601/4
f 1601/4 1603/4 1619/4
f 1604/4 1602/4 1620/4
f 1604/4 1606/4 1605/4 1603/4
f 1603/4 1605/4 1619/4
f 1606/4 1604/4 1620/4
f 1606/4 1608/4 1607/4 1605/4
f 1605/4 1607/4 1619/4
f 1608/4 1606/4 1620/4
f 1608/4 1610/4 1609/4 1607/4
f 1607/4 1609/4 1619/4
f 1610/4 1608/4 1620/4
f 1610/4 1612/4 1611/4 1609/4
f 1609/4 1611/4 1619/4
f 1612/4 1610/4 1620/4
f 1612/4 1614/4 1613/4 1611/4
f 1611/4 1613/4 1619/4
f 1614/4 1612/4 1620/4
f 1614/4 1616/4 1615/4 1613/4
f 1613/4 1615/4 1619/4
f 1616/4 1614/4 1620/4
f 1616/4 1618/4 1617/4 1615/4
f 1615/4 1617/4 1619/4
f 1618/4 1616/4 1620/4
f 1618/4 1564/4 1563/4 1617/4
f 1617/4 1563/4 1619/4
f 1564/4 1618/4 1620/4
f 1698/4 1700/4 1699/4 1697/4
f 1697/4 1699/4 1753/4
f 1700/4 1698/4 1754/4
f 1700/4 1702/4 1701/4 1699/4
f 1699/4 1701/4 1753/4
f 1702/4 1700/4 1754/4
f 1702/4 1704/4 1703/4 1701/4
f 1701/4 1703/4 1753/4
f 1704/4 1702/4 1754/4
f 1704/4 1706/4 1705/4 1703/4
f 1703/4 1705/4 1753/4
f 1706/4 1704/4 1754/4
f 1706/4 1708/4 1707/4 1705/4
f 1705/4 1707/4 1753/4
f 1708/4 1706/4 1754/4
f 1708/4 1710/4 1709/4 1707/4
f 1707/4 1709/4 1753/4
f 1710/4 1708/4 1754/4
f 1710/4 1712/4 1711/4 1709/4
f 1709/4 1711/4 1753/4
f 1712/4 1710/4 1754/4
f 1712/4 1714/4 1713/4 1711/4
f 1711/4 1713/4 1753/4
f 1714/4 1712/4 1754/4
f 1714/4 1716/4 1715/4 1713/4
f 1713/4 1715/4 1753/4
f 1716/4 1714/4 1754/4
f 1716/4 1718/4 1717/4 1715/4
f 1715/4 1717/4 1753/4
f 1718/4 1716/4 1754/4
f 1718/4 1720/4 1719/4 1717/4
f 1717/4 1719/4 1753/4
f 1720/4 1718/4 1754/4
f 1720/4 1722/4 1721/4 1719/4
f 1719/4 1721/4 1753/4
f 1722/4 1720/4 1754/4
f 1722/4 1724/4 1723/4 1721/4
f 1721/4 1723/4 1753/4
f 1724/4 1722/4 1754/4
f 1724/4 1726/4 1725/4 1723/4
f 1723/4 1725/4 1753/4
f 1726/4 1724/4 1754/4
f 1726/4 1728/4 1727/4 1725/4
f 1725/4 1727/4 1753/4
f 1728/4 1726/4 1754/4
f 1728/4 1730/4 1729/4 1727/4
f 1727/4 1729/4 1753/4
f 1730/4 1728/4 1754/4
f 1730/4 1732/4 1731/4 1729/4
f 1729/4 1731/4 1753/4
f 1732/4 1730/4 1754/4
f 1732/4 1734/4 1733/4 1731/4
f 1731/4 1733/4 1753/4
f 1734/4 1732/4 1754/4
f 1734/4 1736/4 1735/4 1733/4
f 1733/4 1735/4 1753/4
f 1736/4 1734/4 1754/4
f 1736/4 1738/4 1737/4 1735/4
f 1735/4 1737/4 1753/4
f 1738/4 1736/4 1754/4
f 1738/4 1740/4 1739/4 1737/4
f 1737/4 1739/4 1753/4
f 1740/4 1738/4 1754/4
f 1740/4 1742/4 1741/4 1739/4
f 1739/4 1741/4 1753/4
f 1742/4 1740/4 1754/4
f 1742/4 1744/4 1743/4 1741/4
f 1741/4 1743/4 1753/4
f 1744/4 1742/4 1754/4
f 1744/4 1746/4 1745/4 1743/4
f 1743/4 1745/4 1753/4
f 1746/4 1744/4 1754/4
f 1746/4 1748/4 1747/4 1745/4
f 1745/4 1747/4 1753/4
f 1748/4 1746/4 1754/4
f 1748/4 1750/4 1749/4 1747/4
f 1747/4 1749/4 1753/4
f 1750/4 1748/4 1754/4
f 1750/4 1752/4 1751/4 1749/4
f 1749/4 1751/4 1753/4
f 1752/4 1750/4 1754/4
f 1752/4 1698/4 1697/4 1751/4
f 1751/4 1697/4 1753/4
f 1698/4 1752/4 1754/4
usemtl wood
f 517/5 518/5 486/5 485/5
f 518/5 519/5 487/5 486/5
f 519/5 520/5 488/5 487/5
f 520/5 521/5 489/5 488/5
f 521/5 522/5 490/5 489/5
f 522/5 523/5 491/5 490/5
f 523/5 524/5 492/5 491/5
f 524/5 525/5 493/5 492/5
f 525/5 526/5 494/5 493/5
f 526/5 527/5 495/5 494/5
f 527/5 528/5 496/5 495/5
f 528/5 529/5 497/5 496/5
f 529/5 530/5 498/5 497/5
f 530/5 531/5 499/5 498/5
f 531/5 532/5 500/5 499/5
f 532/5 533/5 501/5 500/5
f 533/5 534/5 502/5 501/5
f 534/5 535/5 503/5 502/5
f 535/5 536/5 504/5 503/5
f 536/5 537/5 505/5 504/5
f 537/5 538/5 506/5 505/5
f 538/5 539/5 507/5 506/5
f 539/5 540/5 508/5 507/5
f 540/5 541/5 509/5 508/5
f 541/5 542/5 510/5 509/5
f 542/5 543/5 511/5 510/5
f 543/5 544/5 512/5 511/5
f 544/5 545/5 513/5 512/5
f 545/5 546/5 514/5 513/5
f 546/5 547/5 515/5 514/5
f 547/5 548/5 516/5 515/5
f 548/5 517/5 485/5 516/5
usemtl mint
f 677/3 678/3 646/3 645/3
f 678/3 679/3 647/3 646/3
f 679/3 680/3 648/3 647/3
f 680/3 681/3 649/3 648/3
f 681/3 682/3 650/3 649/3
f 682/3 683/3 651/3 650/3
f 683/3 684/3 652/3 651/3
f 684/3 685/3 653/3 652/3
f 685/3 686/3 654/3 653/3
f 686/3 687/3 655/3 654/3
f 687/3 688/3 656/3 655/3
f 688/3 689/3 657/3 656/3
f 689/3 690/3 658/3 657/3
f 690/3 691/3 659/3 658/3
f 691/3 692/3 660/3 659/3
f 692/3 693/3 661/3 660/3
f 693/3 694/3 662/3 661/3
f 694/3 695/3 663/3 662/3
f 695/3 696/3 664/3 663/3
f 696/3 697/3 665/3 664/3
f 697/3 698/3 666/3 665/3
f 698/3 699/3 667/3 666/3
f 699/3 700/3 668/3 667/3
f 700/3 701/3 669/3 668/3
f 701/3 702/3 670/3 669/3
f 702/3 703/3 671/3 670/3
f 703/3 704/3 672/3 671/3
f 704/3 705/3 673/3 672/3
f 705/3 706/3 674/3 673/3
f 706/3 707/3 675/3 674/3
f 707/3 708/3 676/3 675/3
f 708/3 677/3 645/3 676/3
