# ParkParkLolliHub — ParkPark original fairground mesh
mtllib ParkParkFairground.mtl
o ParkParkLolliHub
v 8.20000 0.00000 0.00000
v 8.20000 0.60000 0.00000
v 8.11654 0.00000 1.16698
v 8.11654 0.60000 1.16698
v 7.86784 0.00000 2.31021
v 7.86784 0.60000 2.31021
v 7.45898 0.00000 3.40640
v 7.45898 0.60000 3.40640
v 6.89828 0.00000 4.43325
v 6.89828 0.60000 4.43325
v 6.19715 0.00000 5.36986
v 6.19715 0.60000 5.36986
v 5.36986 0.00000 6.19715
v 5.36986 0.60000 6.19715
v 4.43325 0.00000 6.89828
v 4.43325 0.60000 6.89828
v 3.40640 0.00000 7.45898
v 3.40640 0.60000 7.45898
v 2.31021 0.00000 7.86784
v 2.31021 0.60000 7.86784
v 1.16698 0.00000 8.11654
v 1.16698 0.60000 8.11654
v 0.00000 0.00000 8.20000
v 0.00000 0.60000 8.20000
v -1.16698 0.00000 8.11654
v -1.16698 0.60000 8.11654
v -2.31021 0.00000 7.86784
v -2.31021 0.60000 7.86784
v -3.40640 0.00000 7.45898
v -3.40640 0.60000 7.45898
v -4.43325 0.00000 6.89828
v -4.43325 0.60000 6.89828
v -5.36986 0.00000 6.19715
v -5.36986 0.60000 6.19715
v -6.19715 0.00000 5.36986
v -6.19715 0.60000 5.36986
v -6.89828 0.00000 4.43325
v -6.89828 0.60000 4.43325
v -7.45898 0.00000 3.40640
v -7.45898 0.60000 3.40640
v -7.86784 0.00000 2.31021
v -7.86784 0.60000 2.31021
v -8.11654 0.00000 1.16698
v -8.11654 0.60000 1.16698
v -8.20000 0.00000 0.00000
v -8.20000 0.60000 0.00000
v -8.11654 0.00000 -1.16698
v -8.11654 0.60000 -1.16698
v -7.86784 0.00000 -2.31021
v -7.86784 0.60000 -2.31021
v -7.45898 0.00000 -3.40640
v -7.45898 0.60000 -3.40640
v -6.89828 0.00000 -4.43325
v -6.89828 0.60000 -4.43325
v -6.19715 0.00000 -5.36986
v -6.19715 0.60000 -5.36986
v -5.36986 0.00000 -6.19715
v -5.36986 0.60000 -6.19715
v -4.43325 0.00000 -6.89828
v -4.43325 0.60000 -6.89828
v -3.40640 0.00000 -7.45898
v -3.40640 0.60000 -7.45898
v -2.31021 0.00000 -7.86784
v -2.31021 0.60000 -7.86784
v -1.16698 0.00000 -8.11654
v -1.16698 0.60000 -8.11654
v -0.00000 0.00000 -8.20000
v -0.00000 0.60000 -8.20000
v 1.16698 0.00000 -8.11654
v 1.16698 0.60000 -8.11654
v 2.31021 0.00000 -7.86784
v 2.31021 0.60000 -7.86784
v 3.40640 0.00000 -7.45898
v 3.40640 0.60000 -7.45898
v 4.43325 0.00000 -6.89828
v 4.43325 0.60000 -6.89828
v 5.36986 0.00000 -6.19715
v 5.36986 0.60000 -6.19715
v 6.19715 0.00000 -5.36986
v 6.19715 0.60000 -5.36986
v 6.89828 0.00000 -4.43325
v 6.89828 0.60000 -4.43325
v 7.45898 0.00000 -3.40640
v 7.45898 0.60000 -3.40640
v 7.86784 0.00000 -2.31021
v 7.86784 0.60000 -2.31021
v 8.11654 0.00000 -1.16698
v 8.11654 0.60000 -1.16698
v 0.00000 0.00000 0.00000
v 0.00000 0.60000 0.00000
v 8.25000 0.00000 0.00000
v 8.25000 0.45000 0.00000
v 8.16603 0.00000 1.17410
v 8.16603 0.45000 1.17410
v 7.91582 0.00000 2.32429
v 7.91582 0.45000 2.32429
v 7.50446 0.00000 3.42717
v 7.50446 0.45000 3.42717
v 6.94034 0.00000 4.46029
v 6.94034 0.45000 4.46029
v 6.23493 0.00000 5.40260
v 6.23493 0.45000 5.40260
v 5.40260 0.00000 6.23493
v 5.40260 0.45000 6.23493
v 4.46029 0.00000 6.94034
v 4.46029 0.45000 6.94034
v 3.42717 0.00000 7.50446
v 3.42717 0.45000 7.50446
v 2.32429 0.00000 7.91582
v 2.32429 0.45000 7.91582
v 1.17410 0.00000 8.16603
v 1.17410 0.45000 8.16603
v 0.00000 0.00000 8.25000
v 0.00000 0.45000 8.25000
v -1.17410 0.00000 8.16603
v -1.17410 0.45000 8.16603
v -2.32429 0.00000 7.91582
v -2.32429 0.45000 7.91582
v -3.42717 0.00000 7.50446
v -3.42717 0.45000 7.50446
v -4.46029 0.00000 6.94034
v -4.46029 0.45000 6.94034
v -5.40260 0.00000 6.23493
v -5.40260 0.45000 6.23493
v -6.23493 0.00000 5.40260
v -6.23493 0.45000 5.40260
v -6.94034 0.00000 4.46029
v -6.94034 0.45000 4.46029
v -7.50446 0.00000 3.42717
v -7.50446 0.45000 3.42717
v -7.91582 0.00000 2.32429
v -7.91582 0.45000 2.32429
v -8.16603 0.00000 1.17410
v -8.16603 0.45000 1.17410
v -8.25000 0.00000 0.00000
v -8.25000 0.45000 0.00000
v -8.16603 0.00000 -1.17410
v -8.16603 0.45000 -1.17410
v -7.91582 0.00000 -2.32429
v -7.91582 0.45000 -2.32429
v -7.50446 0.00000 -3.42717
v -7.50446 0.45000 -3.42717
v -6.94034 0.00000 -4.46029
v -6.94034 0.45000 -4.46029
v -6.23493 0.00000 -5.40260
v -6.23493 0.45000 -5.40260
v -5.40260 0.00000 -6.23493
v -5.40260 0.45000 -6.23493
v -4.46029 0.00000 -6.94034
v -4.46029 0.45000 -6.94034
v -3.42717 0.00000 -7.50446
v -3.42717 0.45000 -7.50446
v -2.32429 0.00000 -7.91582
v -2.32429 0.45000 -7.91582
v -1.17410 0.00000 -8.16603
v -1.17410 0.45000 -8.16603
v -0.00000 0.00000 -8.25000
v -0.00000 0.45000 -8.25000
v 1.17410 0.00000 -8.16603
v 1.17410 0.45000 -8.16603
v 2.32429 0.00000 -7.91582
v 2.32429 0.45000 -7.91582
v 3.42717 0.00000 -7.50446
v 3.42717 0.45000 -7.50446
v 4.46029 0.00000 -6.94034
v 4.46029 0.45000 -6.94034
v 5.40260 0.00000 -6.23493
v 5.40260 0.45000 -6.23493
v 6.23493 0.00000 -5.40260
v 6.23493 0.45000 -5.40260
v 6.94034 0.00000 -4.46029
v 6.94034 0.45000 -4.46029
v 7.50446 0.00000 -3.42717
v 7.50446 0.45000 -3.42717
v 7.91582 0.00000 -2.32429
v 7.91582 0.45000 -2.32429
v 8.16603 0.00000 -1.17410
v 8.16603 0.45000 -1.17410
v 0.00000 0.00000 0.00000
v 0.00000 0.45000 0.00000
v 8.14000 0.62000 0.00000
v 8.07000 0.74124 0.00000
v 7.93000 0.74124 0.00000
v 7.86000 0.62000 0.00000
v 7.93000 0.49876 0.00000
v 8.07000 0.49876 0.00000
v 8.05715 0.62000 1.15844
v 7.98786 0.74124 1.14848
v 7.84928 0.74124 1.12856
v 7.78000 0.62000 1.11859
v 7.84928 0.49876 1.12856
v 7.98786 0.49876 1.14848
v 7.81027 0.62000 2.29330
v 7.74311 0.74124 2.27358
v 7.60878 0.74124 2.23414
v 7.54161 0.62000 2.21442
v 7.60878 0.49876 2.23414
v 7.74311 0.49876 2.27358
v 7.40440 0.62000 3.38148
v 7.34073 0.74124 3.35240
v 7.21338 0.74124 3.29424
v 7.14971 0.62000 3.26516
v 7.21338 0.49876 3.29424
v 7.34073 0.49876 3.35240
v 6.84780 0.62000 4.40082
v 6.78892 0.74124 4.36297
v 6.67114 0.74124 4.28728
v 6.61225 0.62000 4.24944
v 6.67114 0.49876 4.28728
v 6.78892 0.49876 4.36297
v 6.15180 0.62000 5.33057
v 6.09890 0.74124 5.28473
v 5.99309 0.74124 5.19305
v 5.94019 0.62000 5.14721
v 5.99309 0.49876 5.19305
v 6.09890 0.49876 5.28473
v 5.33057 0.62000 6.15180
v 5.28473 0.74124 6.09890
v 5.19305 0.74124 5.99309
v 5.14721 0.62000 5.94019
v 5.19305 0.49876 5.99309
v 5.28473 0.49876 6.09890
v 4.40082 0.62000 6.84780
v 4.36297 0.74124 6.78892
v 4.28728 0.74124 6.67114
v 4.24944 0.62000 6.61225
v 4.28728 0.49876 6.67114
v 4.36297 0.49876 6.78892
v 3.38148 0.62000 7.40440
v 3.35240 0.74124 7.34073
v 3.29424 0.74124 7.21338
v 3.26516 0.62000 7.14971
v 3.29424 0.49876 7.21338
v 3.35240 0.49876 7.34073
v 2.29330 0.62000 7.81027
v 2.27358 0.74124 7.74311
v 2.23414 0.74124 7.60878
v 2.21442 0.62000 7.54161
v 2.23414 0.49876 7.60878
v 2.27358 0.49876 7.74311
v 1.15844 0.62000 8.05715
v 1.14848 0.74124 7.98786
v 1.12856 0.74124 7.84928
v 1.11859 0.62000 7.78000
v 1.12856 0.49876 7.84928
v 1.14848 0.49876 7.98786
v 0.00000 0.62000 8.14000
v 0.00000 0.74124 8.07000
v 0.00000 0.74124 7.93000
v 0.00000 0.62000 7.86000
v 0.00000 0.49876 7.93000
v 0.00000 0.49876 8.07000
v -1.15844 0.62000 8.05715
v -1.14848 0.74124 7.98786
v -1.12856 0.74124 7.84928
v -1.11859 0.62000 7.78000
v -1.12856 0.49876 7.84928
v -1.14848 0.49876 7.98786
v -2.29330 0.62000 7.81027
v -2.27358 0.74124 7.74311
v -2.23414 0.74124 7.60878
v -2.21442 0.62000 7.54161
v -2.23414 0.49876 7.60878
v -2.27358 0.49876 7.74311
v -3.38148 0.62000 7.40440
v -3.35240 0.74124 7.34073
v -3.29424 0.74124 7.21338
v -3.26516 0.62000 7.14971
v -3.29424 0.49876 7.21338
v -3.35240 0.49876 7.34073
v -4.40082 0.62000 6.84780
v -4.36297 0.74124 6.78892
v -4.28728 0.74124 6.67114
v -4.24944 0.62000 6.61225
v -4.28728 0.49876 6.67114
v -4.36297 0.49876 6.78892
v -5.33057 0.62000 6.15180
v -5.28473 0.74124 6.09890
v -5.19305 0.74124 5.99309
v -5.14721 0.62000 5.94019
v -5.19305 0.49876 5.99309
v -5.28473 0.49876 6.09890
v -6.15180 0.62000 5.33057
v -6.09890 0.74124 5.28473
v -5.99309 0.74124 5.19305
v -5.94019 0.62000 5.14721
v -5.99309 0.49876 5.19305
v -6.09890 0.49876 5.28473
v -6.84780 0.62000 4.40082
v -6.78892 0.74124 4.36297
v -6.67114 0.74124 4.28728
v -6.61225 0.62000 4.24944
v -6.67114 0.49876 4.28728
v -6.78892 0.49876 4.36297
v -7.40440 0.62000 3.38148
v -7.34073 0.74124 3.35240
v -7.21338 0.74124 3.29424
v -7.14971 0.62000 3.26516
v -7.21338 0.49876 3.29424
v -7.34073 0.49876 3.35240
v -7.81027 0.62000 2.29330
v -7.74311 0.74124 2.27358
v -7.60878 0.74124 2.23414
v -7.54161 0.62000 2.21442
v -7.60878 0.49876 2.23414
v -7.74311 0.49876 2.27358
v -8.05715 0.62000 1.15844
v -7.98786 0.74124 1.14848
v -7.84928 0.74124 1.12856
v -7.78000 0.62000 1.11859
v -7.84928 0.49876 1.12856
v -7.98786 0.49876 1.14848
v -8.14000 0.62000 0.00000
v -8.07000 0.74124 0.00000
v -7.93000 0.74124 0.00000
v -7.86000 0.62000 0.00000
v -7.93000 0.49876 0.00000
v -8.07000 0.49876 0.00000
v -8.05715 0.62000 -1.15844
v -7.98786 0.74124 -1.14848
v -7.84928 0.74124 -1.12856
v -7.78000 0.62000 -1.11859
v -7.84928 0.49876 -1.12856
v -7.98786 0.49876 -1.14848
v -7.81027 0.62000 -2.29330
v -7.74311 0.74124 -2.27358
v -7.60878 0.74124 -2.23414
v -7.54161 0.62000 -2.21442
v -7.60878 0.49876 -2.23414
v -7.74311 0.49876 -2.27358
v -7.40440 0.62000 -3.38148
v -7.34073 0.74124 -3.35240
v -7.21338 0.74124 -3.29424
v -7.14971 0.62000 -3.26516
v -7.21338 0.49876 -3.29424
v -7.34073 0.49876 -3.35240
v -6.84780 0.62000 -4.40082
v -6.78892 0.74124 -4.36297
v -6.67114 0.74124 -4.28728
v -6.61225 0.62000 -4.24944
v -6.67114 0.49876 -4.28728
v -6.78892 0.49876 -4.36297
v -6.15180 0.62000 -5.33057
v -6.09890 0.74124 -5.28473
v -5.99309 0.74124 -5.19305
v -5.94019 0.62000 -5.14721
v -5.99309 0.49876 -5.19305
v -6.09890 0.49876 -5.28473
v -5.33057 0.62000 -6.15180
v -5.28473 0.74124 -6.09890
v -5.19305 0.74124 -5.99309
v -5.14721 0.62000 -5.94019
v -5.19305 0.49876 -5.99309
v -5.28473 0.49876 -6.09890
v -4.40082 0.62000 -6.84780
v -4.36297 0.74124 -6.78892
v -4.28728 0.74124 -6.67114
v -4.24944 0.62000 -6.61225
v -4.28728 0.49876 -6.67114
v -4.36297 0.49876 -6.78892
v -3.38148 0.62000 -7.40440
v -3.35240 0.74124 -7.34073
v -3.29424 0.74124 -7.21338
v -3.26516 0.62000 -7.14971
v -3.29424 0.49876 -7.21338
v -3.35240 0.49876 -7.34073
v -2.29330 0.62000 -7.81027
v -2.27358 0.74124 -7.74311
v -2.23414 0.74124 -7.60878
v -2.21442 0.62000 -7.54161
v -2.23414 0.49876 -7.60878
v -2.27358 0.49876 -7.74311
v -1.15844 0.62000 -8.05715
v -1.14848 0.74124 -7.98786
v -1.12856 0.74124 -7.84928
v -1.11859 0.62000 -7.78000
v -1.12856 0.49876 -7.84928
v -1.14848 0.49876 -7.98786
v -0.00000 0.62000 -8.14000
v -0.00000 0.74124 -8.07000
v -0.00000 0.74124 -7.93000
v -0.00000 0.62000 -7.86000
v -0.00000 0.49876 -7.93000
v -0.00000 0.49876 -8.07000
v 1.15844 0.62000 -8.05715
v 1.14848 0.74124 -7.98786
v 1.12856 0.74124 -7.84928
v 1.11859 0.62000 -7.78000
v 1.12856 0.49876 -7.84928
v 1.14848 0.49876 -7.98786
v 2.29330 0.62000 -7.81027
v 2.27358 0.74124 -7.74311
v 2.23414 0.74124 -7.60878
v 2.21442 0.62000 -7.54161
v 2.23414 0.49876 -7.60878
v 2.27358 0.49876 -7.74311
v 3.38148 0.62000 -7.40440
v 3.35240 0.74124 -7.34073
v 3.29424 0.74124 -7.21338
v 3.26516 0.62000 -7.14971
v 3.29424 0.49876 -7.21338
v 3.35240 0.49876 -7.34073
v 4.40082 0.62000 -6.84780
v 4.36297 0.74124 -6.78892
v 4.28728 0.74124 -6.67114
v 4.24944 0.62000 -6.61225
v 4.28728 0.49876 -6.67114
v 4.36297 0.49876 -6.78892
v 5.33057 0.62000 -6.15180
v 5.28473 0.74124 -6.09890
v 5.19305 0.74124 -5.99309
v 5.14721 0.62000 -5.94019
v 5.19305 0.49876 -5.99309
v 5.28473 0.49876 -6.09890
v 6.15180 0.62000 -5.33057
v 6.09890 0.74124 -5.28473
v 5.99309 0.74124 -5.19305
v 5.94019 0.62000 -5.14721
v 5.99309 0.49876 -5.19305
v 6.09890 0.49876 -5.28473
v 6.84780 0.62000 -4.40082
v 6.78892 0.74124 -4.36297
v 6.67114 0.74124 -4.28728
v 6.61225 0.62000 -4.24944
v 6.67114 0.49876 -4.28728
v 6.78892 0.49876 -4.36297
v 7.40440 0.62000 -3.38148
v 7.34073 0.74124 -3.35240
v 7.21338 0.74124 -3.29424
v 7.14971 0.62000 -3.26516
v 7.21338 0.49876 -3.29424
v 7.34073 0.49876 -3.35240
v 7.81027 0.62000 -2.29330
v 7.74311 0.74124 -2.27358
v 7.60878 0.74124 -2.23414
v 7.54161 0.62000 -2.21442
v 7.60878 0.49876 -2.23414
v 7.74311 0.49876 -2.27358
v 8.05715 0.62000 -1.15844
v 7.98786 0.74124 -1.14848
v 7.84928 0.74124 -1.12856
v 7.78000 0.62000 -1.11859
v 7.84928 0.49876 -1.12856
v 7.98786 0.49876 -1.14848
v 7.10000 0.62000 0.00000
v 7.03090 0.71511 0.00000
v 6.91910 0.67878 0.00000
v 6.91910 0.56122 0.00000
v 7.03090 0.52489 0.00000
v 6.99214 0.62000 1.23290
v 6.92409 0.71511 1.22090
v 6.81398 0.67878 1.20149
v 6.81398 0.56122 1.20149
v 6.92409 0.52489 1.22090
v 6.67182 0.62000 2.42834
v 6.60689 0.71511 2.40471
v 6.50183 0.67878 2.36647
v 6.50183 0.56122 2.36647
v 6.60689 0.52489 2.40471
v 6.14878 0.62000 3.55000
v 6.08894 0.71511 3.51545
v 5.99211 0.67878 3.45955
v 5.99211 0.56122 3.45955
v 6.08894 0.52489 3.51545
v 5.43892 0.62000 4.56379
v 5.38598 0.71511 4.51938
v 5.30034 0.67878 4.44751
v 5.30034 0.56122 4.44751
v 5.38598 0.52489 4.51938
v 4.56379 0.62000 5.43892
v 4.51938 0.71511 5.38598
v 4.44751 0.67878 5.30034
v 4.44751 0.56122 5.30034
v 4.51938 0.52489 5.38598
v 3.55000 0.62000 6.14878
v 3.51545 0.71511 6.08894
v 3.45955 0.67878 5.99211
v 3.45955 0.56122 5.99211
v 3.51545 0.52489 6.08894
v 2.42834 0.62000 6.67182
v 2.40471 0.71511 6.60689
v 2.36647 0.67878 6.50183
v 2.36647 0.56122 6.50183
v 2.40471 0.52489 6.60689
v 1.23290 0.62000 6.99214
v 1.22090 0.71511 6.92409
v 1.20149 0.67878 6.81398
v 1.20149 0.56122 6.81398
v 1.22090 0.52489 6.92409
v 0.00000 0.62000 7.10000
v 0.00000 0.71511 7.03090
v 0.00000 0.67878 6.91910
v 0.00000 0.56122 6.91910
v 0.00000 0.52489 7.03090
v -1.23290 0.62000 6.99214
v -1.22090 0.71511 6.92409
v -1.20149 0.67878 6.81398
v -1.20149 0.56122 6.81398
v -1.22090 0.52489 6.92409
v -2.42834 0.62000 6.67182
v -2.40471 0.71511 6.60689
v -2.36647 0.67878 6.50183
v -2.36647 0.56122 6.50183
v -2.40471 0.52489 6.60689
v -3.55000 0.62000 6.14878
v -3.51545 0.71511 6.08894
v -3.45955 0.67878 5.99211
v -3.45955 0.56122 5.99211
v -3.51545 0.52489 6.08894
v -4.56379 0.62000 5.43892
v -4.51938 0.71511 5.38598
v -4.44751 0.67878 5.30034
v -4.44751 0.56122 5.30034
v -4.51938 0.52489 5.38598
v -5.43892 0.62000 4.56379
v -5.38598 0.71511 4.51938
v -5.30034 0.67878 4.44751
v -5.30034 0.56122 4.44751
v -5.38598 0.52489 4.51938
v -6.14878 0.62000 3.55000
v -6.08894 0.71511 3.51545
v -5.99211 0.67878 3.45955
v -5.99211 0.56122 3.45955
v -6.08894 0.52489 3.51545
v -6.67182 0.62000 2.42834
v -6.60689 0.71511 2.40471
v -6.50183 0.67878 2.36647
v -6.50183 0.56122 2.36647
v -6.60689 0.52489 2.40471
v -6.99214 0.62000 1.23290
v -6.92409 0.71511 1.22090
v -6.81398 0.67878 1.20149
v -6.81398 0.56122 1.20149
v -6.92409 0.52489 1.22090
v -7.10000 0.62000 0.00000
v -7.03090 0.71511 0.00000
v -6.91910 0.67878 0.00000
v -6.91910 0.56122 0.00000
v -7.03090 0.52489 0.00000
v -6.99214 0.62000 -1.23290
v -6.92409 0.71511 -1.22090
v -6.81398 0.67878 -1.20149
v -6.81398 0.56122 -1.20149
v -6.92409 0.52489 -1.22090
v -6.67182 0.62000 -2.42834
v -6.60689 0.71511 -2.40471
v -6.50183 0.67878 -2.36647
v -6.50183 0.56122 -2.36647
v -6.60689 0.52489 -2.40471
v -6.14878 0.62000 -3.55000
v -6.08894 0.71511 -3.51545
v -5.99211 0.67878 -3.45955
v -5.99211 0.56122 -3.45955
v -6.08894 0.52489 -3.51545
v -5.43892 0.62000 -4.56379
v -5.38598 0.71511 -4.51938
v -5.30034 0.67878 -4.44751
v -5.30034 0.56122 -4.44751
v -5.38598 0.52489 -4.51938
v -4.56379 0.62000 -5.43892
v -4.51938 0.71511 -5.38598
v -4.44751 0.67878 -5.30034
v -4.44751 0.56122 -5.30034
v -4.51938 0.52489 -5.38598
v -3.55000 0.62000 -6.14878
v -3.51545 0.71511 -6.08894
v -3.45955 0.67878 -5.99211
v -3.45955 0.56122 -5.99211
v -3.51545 0.52489 -6.08894
v -2.42834 0.62000 -6.67182
v -2.40471 0.71511 -6.60689
v -2.36647 0.67878 -6.50183
v -2.36647 0.56122 -6.50183
v -2.40471 0.52489 -6.60689
v -1.23290 0.62000 -6.99214
v -1.22090 0.71511 -6.92409
v -1.20149 0.67878 -6.81398
v -1.20149 0.56122 -6.81398
v -1.22090 0.52489 -6.92409
v -0.00000 0.62000 -7.10000
v -0.00000 0.71511 -7.03090
v -0.00000 0.67878 -6.91910
v -0.00000 0.56122 -6.91910
v -0.00000 0.52489 -7.03090
v 1.23290 0.62000 -6.99214
v 1.22090 0.71511 -6.92409
v 1.20149 0.67878 -6.81398
v 1.20149 0.56122 -6.81398
v 1.22090 0.52489 -6.92409
v 2.42834 0.62000 -6.67182
v 2.40471 0.71511 -6.60689
v 2.36647 0.67878 -6.50183
v 2.36647 0.56122 -6.50183
v 2.40471 0.52489 -6.60689
v 3.55000 0.62000 -6.14878
v 3.51545 0.71511 -6.08894
v 3.45955 0.67878 -5.99211
v 3.45955 0.56122 -5.99211
v 3.51545 0.52489 -6.08894
v 4.56379 0.62000 -5.43892
v 4.51938 0.71511 -5.38598
v 4.44751 0.67878 -5.30034
v 4.44751 0.56122 -5.30034
v 4.51938 0.52489 -5.38598
v 5.43892 0.62000 -4.56379
v 5.38598 0.71511 -4.51938
v 5.30034 0.67878 -4.44751
v 5.30034 0.56122 -4.44751
v 5.38598 0.52489 -4.51938
v 6.14878 0.62000 -3.55000
v 6.08894 0.71511 -3.51545
v 5.99211 0.67878 -3.45955
v 5.99211 0.56122 -3.45955
v 6.08894 0.52489 -3.51545
v 6.67182 0.62000 -2.42834
v 6.60689 0.71511 -2.40471
v 6.50183 0.67878 -2.36647
v 6.50183 0.56122 -2.36647
v 6.60689 0.52489 -2.40471
v 6.99214 0.62000 -1.23290
v 6.92409 0.71511 -1.22090
v 6.81398 0.67878 -1.20149
v 6.81398 0.56122 -1.20149
v 6.92409 0.52489 -1.22090
v 5.90000 0.62000 0.00000
v 5.83090 0.71511 0.00000
v 5.71910 0.67878 0.00000
v 5.71910 0.56122 0.00000
v 5.83090 0.52489 0.00000
v 5.81037 0.62000 1.02452
v 5.74232 0.71511 1.01253
v 5.63221 0.67878 0.99311
v 5.63221 0.56122 0.99311
v 5.74232 0.52489 1.01253
v 5.54419 0.62000 2.01792
v 5.47926 0.71511 1.99429
v 5.37419 0.67878 1.95605
v 5.37419 0.56122 1.95605
v 5.47926 0.52489 1.99429
v 5.10955 0.62000 2.95000
v 5.04971 0.71511 2.91545
v 4.95288 0.67878 2.85955
v 4.95288 0.56122 2.85955
v 5.04971 0.52489 2.91545
v 4.51966 0.62000 3.79245
v 4.46673 0.71511 3.74803
v 4.38108 0.67878 3.67617
v 4.38108 0.56122 3.67617
v 4.46673 0.52489 3.74803
v 3.79245 0.62000 4.51966
v 3.74803 0.71511 4.46673
v 3.67617 0.67878 4.38108
v 3.67617 0.56122 4.38108
v 3.74803 0.52489 4.46673
v 2.95000 0.62000 5.10955
v 2.91545 0.71511 5.04971
v 2.85955 0.67878 4.95288
v 2.85955 0.56122 4.95288
v 2.91545 0.52489 5.04971
v 2.01792 0.62000 5.54419
v 1.99429 0.71511 5.47926
v 1.95605 0.67878 5.37419
v 1.95605 0.56122 5.37419
v 1.99429 0.52489 5.47926
v 1.02452 0.62000 5.81037
v 1.01253 0.71511 5.74232
v 0.99311 0.67878 5.63221
v 0.99311 0.56122 5.63221
v 1.01253 0.52489 5.74232
v 0.00000 0.62000 5.90000
v 0.00000 0.71511 5.83090
v 0.00000 0.67878 5.71910
v 0.00000 0.56122 5.71910
v 0.00000 0.52489 5.83090
v -1.02452 0.62000 5.81037
v -1.01253 0.71511 5.74232
v -0.99311 0.67878 5.63221
v -0.99311 0.56122 5.63221
v -1.01253 0.52489 5.74232
v -2.01792 0.62000 5.54419
v -1.99429 0.71511 5.47926
v -1.95605 0.67878 5.37419
v -1.95605 0.56122 5.37419
v -1.99429 0.52489 5.47926
v -2.95000 0.62000 5.10955
v -2.91545 0.71511 5.04971
v -2.85955 0.67878 4.95288
v -2.85955 0.56122 4.95288
v -2.91545 0.52489 5.04971
v -3.79245 0.62000 4.51966
v -3.74803 0.71511 4.46673
v -3.67617 0.67878 4.38108
v -3.67617 0.56122 4.38108
v -3.74803 0.52489 4.46673
v -4.51966 0.62000 3.79245
v -4.46673 0.71511 3.74803
v -4.38108 0.67878 3.67617
v -4.38108 0.56122 3.67617
v -4.46673 0.52489 3.74803
v -5.10955 0.62000 2.95000
v -5.04971 0.71511 2.91545
v -4.95288 0.67878 2.85955
v -4.95288 0.56122 2.85955
v -5.04971 0.52489 2.91545
v -5.54419 0.62000 2.01792
v -5.47926 0.71511 1.99429
v -5.37419 0.67878 1.95605
v -5.37419 0.56122 1.95605
v -5.47926 0.52489 1.99429
v -5.81037 0.62000 1.02452
v -5.74232 0.71511 1.01253
v -5.63221 0.67878 0.99311
v -5.63221 0.56122 0.99311
v -5.74232 0.52489 1.01253
v -5.90000 0.62000 0.00000
v -5.83090 0.71511 0.00000
v -5.71910 0.67878 0.00000
v -5.71910 0.56122 0.00000
v -5.83090 0.52489 0.00000
v -5.81037 0.62000 -1.02452
v -5.74232 0.71511 -1.01253
v -5.63221 0.67878 -0.99311
v -5.63221 0.56122 -0.99311
v -5.74232 0.52489 -1.01253
v -5.54419 0.62000 -2.01792
v -5.47926 0.71511 -1.99429
v -5.37419 0.67878 -1.95605
v -5.37419 0.56122 -1.95605
v -5.47926 0.52489 -1.99429
v -5.10955 0.62000 -2.95000
v -5.04971 0.71511 -2.91545
v -4.95288 0.67878 -2.85955
v -4.95288 0.56122 -2.85955
v -5.04971 0.52489 -2.91545
v -4.51966 0.62000 -3.79245
v -4.46673 0.71511 -3.74803
v -4.38108 0.67878 -3.67617
v -4.38108 0.56122 -3.67617
v -4.46673 0.52489 -3.74803
v -3.79245 0.62000 -4.51966
v -3.74803 0.71511 -4.46673
v -3.67617 0.67878 -4.38108
v -3.67617 0.56122 -4.38108
v -3.74803 0.52489 -4.46673
v -2.95000 0.62000 -5.10955
v -2.91545 0.71511 -5.04971
v -2.85955 0.67878 -4.95288
v -2.85955 0.56122 -4.95288
v -2.91545 0.52489 -5.04971
v -2.01792 0.62000 -5.54419
v -1.99429 0.71511 -5.47926
v -1.95605 0.67878 -5.37419
v -1.95605 0.56122 -5.37419
v -1.99429 0.52489 -5.47926
v -1.02452 0.62000 -5.81037
v -1.01253 0.71511 -5.74232
v -0.99311 0.67878 -5.63221
v -0.99311 0.56122 -5.63221
v -1.01253 0.52489 -5.74232
v -0.00000 0.62000 -5.90000
v -0.00000 0.71511 -5.83090
v -0.00000 0.67878 -5.71910
v -0.00000 0.56122 -5.71910
v -0.00000 0.52489 -5.83090
v 1.02452 0.62000 -5.81037
v 1.01253 0.71511 -5.74232
v 0.99311 0.67878 -5.63221
v 0.99311 0.56122 -5.63221
v 1.01253 0.52489 -5.74232
v 2.01792 0.62000 -5.54419
v 1.99429 0.71511 -5.47926
v 1.95605 0.67878 -5.37419
v 1.95605 0.56122 -5.37419
v 1.99429 0.52489 -5.47926
v 2.95000 0.62000 -5.10955
v 2.91545 0.71511 -5.04971
v 2.85955 0.67878 -4.95288
v 2.85955 0.56122 -4.95288
v 2.91545 0.52489 -5.04971
v 3.79245 0.62000 -4.51966
v 3.74803 0.71511 -4.46673
v 3.67617 0.67878 -4.38108
v 3.67617 0.56122 -4.38108
v 3.74803 0.52489 -4.46673
v 4.51966 0.62000 -3.79245
v 4.46673 0.71511 -3.74803
v 4.38108 0.67878 -3.67617
v 4.38108 0.56122 -3.67617
v 4.46673 0.52489 -3.74803
v 5.10955 0.62000 -2.95000
v 5.04971 0.71511 -2.91545
v 4.95288 0.67878 -2.85955
v 4.95288 0.56122 -2.85955
v 5.04971 0.52489 -2.91545
v 5.54419 0.62000 -2.01792
v 5.47926 0.71511 -1.99429
v 5.37419 0.67878 -1.95605
v 5.37419 0.56122 -1.95605
v 5.47926 0.52489 -1.99429
v 5.81037 0.62000 -1.02452
v 5.74232 0.71511 -1.01253
v 5.63221 0.67878 -0.99311
v 5.63221 0.56122 -0.99311
v 5.74232 0.52489 -1.01253
v 4.70000 0.62000 0.00000
v 4.63090 0.71511 0.00000
v 4.51910 0.67878 0.00000
v 4.51910 0.56122 0.00000
v 4.63090 0.52489 0.00000
v 4.62860 0.62000 0.81615
v 4.56055 0.71511 0.80415
v 4.45044 0.67878 0.78473
v 4.45044 0.56122 0.78473
v 4.56055 0.52489 0.80415
v 4.41656 0.62000 1.60749
v 4.35162 0.71511 1.58386
v 4.24656 0.67878 1.54562
v 4.24656 0.56122 1.54562
v 4.35162 0.52489 1.58386
v 4.07032 0.62000 2.35000
v 4.01048 0.71511 2.31545
v 3.91365 0.67878 2.25955
v 3.91365 0.56122 2.25955
v 4.01048 0.52489 2.31545
v 3.60041 0.62000 3.02110
v 3.54748 0.71511 2.97669
v 3.46183 0.67878 2.90482
v 3.46183 0.56122 2.90482
v 3.54748 0.52489 2.97669
v 3.02110 0.62000 3.60041
v 2.97669 0.71511 3.54748
v 2.90482 0.67878 3.46183
v 2.90482 0.56122 3.46183
v 2.97669 0.52489 3.54748
v 2.35000 0.62000 4.07032
v 2.31545 0.71511 4.01048
v 2.25955 0.67878 3.91365
v 2.25955 0.56122 3.91365
v 2.31545 0.52489 4.01048
v 1.60749 0.62000 4.41656
v 1.58386 0.71511 4.35162
v 1.54562 0.67878 4.24656
v 1.54562 0.56122 4.24656
v 1.58386 0.52489 4.35162
v 0.81615 0.62000 4.62860
v 0.80415 0.71511 4.56055
v 0.78473 0.67878 4.45044
v 0.78473 0.56122 4.45044
v 0.80415 0.52489 4.56055
v 0.00000 0.62000 4.70000
v 0.00000 0.71511 4.63090
v 0.00000 0.67878 4.51910
v 0.00000 0.56122 4.51910
v 0.00000 0.52489 4.63090
v -0.81615 0.62000 4.62860
v -0.80415 0.71511 4.56055
v -0.78473 0.67878 4.45044
v -0.78473 0.56122 4.45044
v -0.80415 0.52489 4.56055
v -1.60749 0.62000 4.41656
v -1.58386 0.71511 4.35162
v -1.54562 0.67878 4.24656
v -1.54562 0.56122 4.24656
v -1.58386 0.52489 4.35162
v -2.35000 0.62000 4.07032
v -2.31545 0.71511 4.01048
v -2.25955 0.67878 3.91365
v -2.25955 0.56122 3.91365
v -2.31545 0.52489 4.01048
v -3.02110 0.62000 3.60041
v -2.97669 0.71511 3.54748
v -2.90482 0.67878 3.46183
v -2.90482 0.56122 3.46183
v -2.97669 0.52489 3.54748
v -3.60041 0.62000 3.02110
v -3.54748 0.71511 2.97669
v -3.46183 0.67878 2.90482
v -3.46183 0.56122 2.90482
v -3.54748 0.52489 2.97669
v -4.07032 0.62000 2.35000
v -4.01048 0.71511 2.31545
v -3.91365 0.67878 2.25955
v -3.91365 0.56122 2.25955
v -4.01048 0.52489 2.31545
v -4.41656 0.62000 1.60749
v -4.35162 0.71511 1.58386
v -4.24656 0.67878 1.54562
v -4.24656 0.56122 1.54562
v -4.35162 0.52489 1.58386
v -4.62860 0.62000 0.81615
v -4.56055 0.71511 0.80415
v -4.45044 0.67878 0.78473
v -4.45044 0.56122 0.78473
v -4.56055 0.52489 0.80415
v -4.70000 0.62000 0.00000
v -4.63090 0.71511 0.00000
v -4.51910 0.67878 0.00000
v -4.51910 0.56122 0.00000
v -4.63090 0.52489 0.00000
v -4.62860 0.62000 -0.81615
v -4.56055 0.71511 -0.80415
v -4.45044 0.67878 -0.78473
v -4.45044 0.56122 -0.78473
v -4.56055 0.52489 -0.80415
v -4.41656 0.62000 -1.60749
v -4.35162 0.71511 -1.58386
v -4.24656 0.67878 -1.54562
v -4.24656 0.56122 -1.54562
v -4.35162 0.52489 -1.58386
v -4.07032 0.62000 -2.35000
v -4.01048 0.71511 -2.31545
v -3.91365 0.67878 -2.25955
v -3.91365 0.56122 -2.25955
v -4.01048 0.52489 -2.31545
v -3.60041 0.62000 -3.02110
v -3.54748 0.71511 -2.97669
v -3.46183 0.67878 -2.90482
v -3.46183 0.56122 -2.90482
v -3.54748 0.52489 -2.97669
v -3.02110 0.62000 -3.60041
v -2.97669 0.71511 -3.54748
v -2.90482 0.67878 -3.46183
v -2.90482 0.56122 -3.46183
v -2.97669 0.52489 -3.54748
v -2.35000 0.62000 -4.07032
v -2.31545 0.71511 -4.01048
v -2.25955 0.67878 -3.91365
v -2.25955 0.56122 -3.91365
v -2.31545 0.52489 -4.01048
v -1.60749 0.62000 -4.41656
v -1.58386 0.71511 -4.35162
v -1.54562 0.67878 -4.24656
v -1.54562 0.56122 -4.24656
v -1.58386 0.52489 -4.35162
v -0.81615 0.62000 -4.62860
v -0.80415 0.71511 -4.56055
v -0.78473 0.67878 -4.45044
v -0.78473 0.56122 -4.45044
v -0.80415 0.52489 -4.56055
v -0.00000 0.62000 -4.70000
v -0.00000 0.71511 -4.63090
v -0.00000 0.67878 -4.51910
v -0.00000 0.56122 -4.51910
v -0.00000 0.52489 -4.63090
v 0.81615 0.62000 -4.62860
v 0.80415 0.71511 -4.56055
v 0.78473 0.67878 -4.45044
v 0.78473 0.56122 -4.45044
v 0.80415 0.52489 -4.56055
v 1.60749 0.62000 -4.41656
v 1.58386 0.71511 -4.35162
v 1.54562 0.67878 -4.24656
v 1.54562 0.56122 -4.24656
v 1.58386 0.52489 -4.35162
v 2.35000 0.62000 -4.07032
v 2.31545 0.71511 -4.01048
v 2.25955 0.67878 -3.91365
v 2.25955 0.56122 -3.91365
v 2.31545 0.52489 -4.01048
v 3.02110 0.62000 -3.60041
v 2.97669 0.71511 -3.54748
v 2.90482 0.67878 -3.46183
v 2.90482 0.56122 -3.46183
v 2.97669 0.52489 -3.54748
v 3.60041 0.62000 -3.02110
v 3.54748 0.71511 -2.97669
v 3.46183 0.67878 -2.90482
v 3.46183 0.56122 -2.90482
v 3.54748 0.52489 -2.97669
v 4.07032 0.62000 -2.35000
v 4.01048 0.71511 -2.31545
v 3.91365 0.67878 -2.25955
v 3.91365 0.56122 -2.25955
v 4.01048 0.52489 -2.31545
v 4.41656 0.62000 -1.60749
v 4.35162 0.71511 -1.58386
v 4.24656 0.67878 -1.54562
v 4.24656 0.56122 -1.54562
v 4.35162 0.52489 -1.58386
v 4.62860 0.62000 -0.81615
v 4.56055 0.71511 -0.80415
v 4.45044 0.67878 -0.78473
v 4.45044 0.56122 -0.78473
v 4.56055 0.52489 -0.80415
v 3.50000 0.62000 0.00000
v 3.43090 0.71511 0.00000
v 3.31910 0.67878 0.00000
v 3.31910 0.56122 0.00000
v 3.43090 0.52489 0.00000
v 3.44683 0.62000 0.60777
v 3.37878 0.71511 0.59577
v 3.26867 0.67878 0.57636
v 3.26867 0.56122 0.57636
v 3.37878 0.52489 0.59577
v 3.28892 0.62000 1.19707
v 3.22399 0.71511 1.17344
v 3.11893 0.67878 1.13520
v 3.11893 0.56122 1.13520
v 3.22399 0.52489 1.17344
v 3.03109 0.62000 1.75000
v 2.97125 0.71511 1.71545
v 2.87442 0.67878 1.65955
v 2.87442 0.56122 1.65955
v 2.97125 0.52489 1.71545
v 2.68116 0.62000 2.24976
v 2.62822 0.71511 2.20534
v 2.54258 0.67878 2.13348
v 2.54258 0.56122 2.13348
v 2.62822 0.52489 2.20534
v 2.24976 0.62000 2.68116
v 2.20534 0.71511 2.62822
v 2.13348 0.67878 2.54258
v 2.13348 0.56122 2.54258
v 2.20534 0.52489 2.62822
v 1.75000 0.62000 3.03109
v 1.71545 0.71511 2.97125
v 1.65955 0.67878 2.87442
v 1.65955 0.56122 2.87442
v 1.71545 0.52489 2.97125
v 1.19707 0.62000 3.28892
v 1.17344 0.71511 3.22399
v 1.13520 0.67878 3.11893
v 1.13520 0.56122 3.11893
v 1.17344 0.52489 3.22399
v 0.60777 0.62000 3.44683
v 0.59577 0.71511 3.37878
v 0.57636 0.67878 3.26867
v 0.57636 0.56122 3.26867
v 0.59577 0.52489 3.37878
v 0.00000 0.62000 3.50000
v 0.00000 0.71511 3.43090
v 0.00000 0.67878 3.31910
v 0.00000 0.56122 3.31910
v 0.00000 0.52489 3.43090
v -0.60777 0.62000 3.44683
v -0.59577 0.71511 3.37878
v -0.57636 0.67878 3.26867
v -0.57636 0.56122 3.26867
v -0.59577 0.52489 3.37878
v -1.19707 0.62000 3.28892
v -1.17344 0.71511 3.22399
v -1.13520 0.67878 3.11893
v -1.13520 0.56122 3.11893
v -1.17344 0.52489 3.22399
v -1.75000 0.62000 3.03109
v -1.71545 0.71511 2.97125
v -1.65955 0.67878 2.87442
v -1.65955 0.56122 2.87442
v -1.71545 0.52489 2.97125
v -2.24976 0.62000 2.68116
v -2.20534 0.71511 2.62822
v -2.13348 0.67878 2.54258
v -2.13348 0.56122 2.54258
v -2.20534 0.52489 2.62822
v -2.68116 0.62000 2.24976
v -2.62822 0.71511 2.20534
v -2.54258 0.67878 2.13348
v -2.54258 0.56122 2.13348
v -2.62822 0.52489 2.20534
v -3.03109 0.62000 1.75000
v -2.97125 0.71511 1.71545
v -2.87442 0.67878 1.65955
v -2.87442 0.56122 1.65955
v -2.97125 0.52489 1.71545
v -3.28892 0.62000 1.19707
v -3.22399 0.71511 1.17344
v -3.11893 0.67878 1.13520
v -3.11893 0.56122 1.13520
v -3.22399 0.52489 1.17344
v -3.44683 0.62000 0.60777
v -3.37878 0.71511 0.59577
v -3.26867 0.67878 0.57636
v -3.26867 0.56122 0.57636
v -3.37878 0.52489 0.59577
v -3.50000 0.62000 0.00000
v -3.43090 0.71511 0.00000
v -3.31910 0.67878 0.00000
v -3.31910 0.56122 0.00000
v -3.43090 0.52489 0.00000
v -3.44683 0.62000 -0.60777
v -3.37878 0.71511 -0.59577
v -3.26867 0.67878 -0.57636
v -3.26867 0.56122 -0.57636
v -3.37878 0.52489 -0.59577
v -3.28892 0.62000 -1.19707
v -3.22399 0.71511 -1.17344
v -3.11893 0.67878 -1.13520
v -3.11893 0.56122 -1.13520
v -3.22399 0.52489 -1.17344
v -3.03109 0.62000 -1.75000
v -2.97125 0.71511 -1.71545
v -2.87442 0.67878 -1.65955
v -2.87442 0.56122 -1.65955
v -2.97125 0.52489 -1.71545
v -2.68116 0.62000 -2.24976
v -2.62822 0.71511 -2.20534
v -2.54258 0.67878 -2.13348
v -2.54258 0.56122 -2.13348
v -2.62822 0.52489 -2.20534
v -2.24976 0.62000 -2.68116
v -2.20534 0.71511 -2.62822
v -2.13348 0.67878 -2.54258
v -2.13348 0.56122 -2.54258
v -2.20534 0.52489 -2.62822
v -1.75000 0.62000 -3.03109
v -1.71545 0.71511 -2.97125
v -1.65955 0.67878 -2.87442
v -1.65955 0.56122 -2.87442
v -1.71545 0.52489 -2.97125
v -1.19707 0.62000 -3.28892
v -1.17344 0.71511 -3.22399
v -1.13520 0.67878 -3.11893
v -1.13520 0.56122 -3.11893
v -1.17344 0.52489 -3.22399
v -0.60777 0.62000 -3.44683
v -0.59577 0.71511 -3.37878
v -0.57636 0.67878 -3.26867
v -0.57636 0.56122 -3.26867
v -0.59577 0.52489 -3.37878
v -0.00000 0.62000 -3.50000
v -0.00000 0.71511 -3.43090
v -0.00000 0.67878 -3.31910
v -0.00000 0.56122 -3.31910
v -0.00000 0.52489 -3.43090
v 0.60777 0.62000 -3.44683
v 0.59577 0.71511 -3.37878
v 0.57636 0.67878 -3.26867
v 0.57636 0.56122 -3.26867
v 0.59577 0.52489 -3.37878
v 1.19707 0.62000 -3.28892
v 1.17344 0.71511 -3.22399
v 1.13520 0.67878 -3.11893
v 1.13520 0.56122 -3.11893
v 1.17344 0.52489 -3.22399
v 1.75000 0.62000 -3.03109
v 1.71545 0.71511 -2.97125
v 1.65955 0.67878 -2.87442
v 1.65955 0.56122 -2.87442
v 1.71545 0.52489 -2.97125
v 2.24976 0.62000 -2.68116
v 2.20534 0.71511 -2.62822
v 2.13348 0.67878 -2.54258
v 2.13348 0.56122 -2.54258
v 2.20534 0.52489 -2.62822
v 2.68116 0.62000 -2.24976
v 2.62822 0.71511 -2.20534
v 2.54258 0.67878 -2.13348
v 2.54258 0.56122 -2.13348
v 2.62822 0.52489 -2.20534
v 3.03109 0.62000 -1.75000
v 2.97125 0.71511 -1.71545
v 2.87442 0.67878 -1.65955
v 2.87442 0.56122 -1.65955
v 2.97125 0.52489 -1.71545
v 3.28892 0.62000 -1.19707
v 3.22399 0.71511 -1.17344
v 3.11893 0.67878 -1.13520
v 3.11893 0.56122 -1.13520
v 3.22399 0.52489 -1.17344
v 3.44683 0.62000 -0.60777
v 3.37878 0.71511 -0.59577
v 3.26867 0.67878 -0.57636
v 3.26867 0.56122 -0.57636
v 3.37878 0.52489 -0.59577
v 0.00000 0.60000 -0.28000
v -0.16458 0.60000 -0.22652
v -0.26630 0.60000 -0.08652
v -0.26630 0.60000 0.08652
v -0.16458 0.60000 0.22652
v -0.00000 0.60000 0.28000
v 0.16458 0.60000 0.22652
v 0.26630 0.60000 0.08652
v 0.26630 0.60000 -0.08652
v 0.16458 0.60000 -0.22652
v 0.00000 5.20000 -0.28000
v -0.16458 5.20000 -0.22652
v -0.26630 5.20000 -0.08652
v -0.26630 5.20000 0.08652
v -0.16458 5.20000 0.22652
v -0.00000 5.20000 0.28000
v 0.16458 5.20000 0.22652
v 0.26630 5.20000 0.08652
v 0.26630 5.20000 -0.08652
v 0.16458 5.20000 -0.22652
v 0.00000 0.60000 0.00000
v 0.00000 5.20000 0.00000
v -2.20000 5.70000 -0.25000
v -2.14484 5.21045 -0.25000
v -1.98213 4.74546 -0.25000
v -1.72003 4.32832 -0.25000
v -1.37168 3.97997 -0.25000
v -0.95454 3.71787 -0.25000
v -0.48955 3.55516 -0.25000
v -0.00000 3.50000 -0.25000
v 0.48955 3.55516 -0.25000
v 0.95454 3.71787 -0.25000
v 1.37168 3.97997 -0.25000
v 1.72003 4.32832 -0.25000
v 1.98213 4.74546 -0.25000
v 2.14484 5.21045 -0.25000
v 2.20000 5.70000 -0.25000
v 2.14484 6.18955 -0.25000
v 1.98213 6.65454 -0.25000
v 1.72003 7.07168 -0.25000
v 1.37168 7.42003 -0.25000
v 0.95454 7.68213 -0.25000
v 0.48955 7.84484 -0.25000
v 0.00000 7.90000 -0.25000
v -0.48955 7.84484 -0.25000
v -0.95454 7.68213 -0.25000
v -1.37168 7.42003 -0.25000
v -1.72003 7.07168 -0.25000
v -1.98213 6.65454 -0.25000
v -2.14484 6.18955 -0.25000
v -2.20000 5.70000 0.25000
v -2.14484 5.21045 0.25000
v -1.98213 4.74546 0.25000
v -1.72003 4.32832 0.25000
v -1.37168 3.97997 0.25000
v -0.95454 3.71787 0.25000
v -0.48955 3.55516 0.25000
v -0.00000 3.50000 0.25000
v 0.48955 3.55516 0.25000
v 0.95454 3.71787 0.25000
v 1.37168 3.97997 0.25000
v 1.72003 4.32832 0.25000
v 1.98213 4.74546 0.25000
v 2.14484 5.21045 0.25000
v 2.20000 5.70000 0.25000
v 2.14484 6.18955 0.25000
v 1.98213 6.65454 0.25000
v 1.72003 7.07168 0.25000
v 1.37168 7.42003 0.25000
v 0.95454 7.68213 0.25000
v 0.48955 7.84484 0.25000
v 0.00000 7.90000 0.25000
v -0.48955 7.84484 0.25000
v -0.95454 7.68213 0.25000
v -1.37168 7.42003 0.25000
v -1.72003 7.07168 0.25000
v -1.98213 6.65454 0.25000
v -2.14484 6.18955 0.25000
v 0.00000 5.70000 -0.25000
v 0.00000 5.70000 0.25000
v -1.50000 5.70000 0.20000
v -1.46239 5.36622 0.20000
v -1.35145 5.04917 0.20000
v -1.17275 4.76477 0.20000
v -0.93523 4.52725 0.20000
v -0.65083 4.34855 0.20000
v -0.33378 4.23761 0.20000
v -0.00000 4.20000 0.20000
v 0.33378 4.23761 0.20000
v 0.65083 4.34855 0.20000
v 0.93523 4.52725 0.20000
v 1.17275 4.76477 0.20000
v 1.35145 5.04917 0.20000
v 1.46239 5.36622 0.20000
v 1.50000 5.70000 0.20000
v 1.46239 6.03378 0.20000
v 1.35145 6.35083 0.20000
v 1.17275 6.63523 0.20000
v 0.93523 6.87275 0.20000
v 0.65083 7.05145 0.20000
v 0.33378 7.16239 0.20000
v 0.00000 7.20000 0.20000
v -0.33378 7.16239 0.20000
v -0.65083 7.05145 0.20000
v -0.93523 6.87275 0.20000
v -1.17275 6.63523 0.20000
v -1.35145 6.35083 0.20000
v -1.46239 6.03378 0.20000
v -1.50000 5.70000 0.32000
v -1.46239 5.36622 0.32000
v -1.35145 5.04917 0.32000
v -1.17275 4.76477 0.32000
v -0.93523 4.52725 0.32000
v -0.65083 4.34855 0.32000
v -0.33378 4.23761 0.32000
v -0.00000 4.20000 0.32000
v 0.33378 4.23761 0.32000
v 0.65083 4.34855 0.32000
v 0.93523 4.52725 0.32000
v 1.17275 4.76477 0.32000
v 1.35145 5.04917 0.32000
v 1.46239 5.36622 0.32000
v 1.50000 5.70000 0.32000
v 1.46239 6.03378 0.32000
v 1.35145 6.35083 0.32000
v 1.17275 6.63523 0.32000
v 0.93523 6.87275 0.32000
v 0.65083 7.05145 0.32000
v 0.33378 7.16239 0.32000
v 0.00000 7.20000 0.32000
v -0.33378 7.16239 0.32000
v -0.65083 7.05145 0.32000
v -0.93523 6.87275 0.32000
v -1.17275 6.63523 0.32000
v -1.35145 6.35083 0.32000
v -1.46239 6.03378 0.32000
v 0.00000 5.70000 0.20000
v 0.00000 5.70000 0.32000
v -0.90000 5.70000 0.30000
v -0.86933 5.46706 0.30000
v -0.77942 5.25000 0.30000
v -0.63640 5.06360 0.30000
v -0.45000 4.92058 0.30000
v -0.23294 4.83067 0.30000
v -0.00000 4.80000 0.30000
v 0.23294 4.83067 0.30000
v 0.45000 4.92058 0.30000
v 0.63640 5.06360 0.30000
v 0.77942 5.25000 0.30000
v 0.86933 5.46706 0.30000
v 0.90000 5.70000 0.30000
v 0.86933 5.93294 0.30000
v 0.77942 6.15000 0.30000
v 0.63640 6.33640 0.30000
v 0.45000 6.47942 0.30000
v 0.23294 6.56933 0.30000
v 0.00000 6.60000 0.30000
v -0.23294 6.56933 0.30000
v -0.45000 6.47942 0.30000
v -0.63640 6.33640 0.30000
v -0.77942 6.15000 0.30000
v -0.86933 5.93294 0.30000
v -0.90000 5.70000 0.40000
v -0.86933 5.46706 0.40000
v -0.77942 5.25000 0.40000
v -0.63640 5.06360 0.40000
v -0.45000 4.92058 0.40000
v -0.23294 4.83067 0.40000
v -0.00000 4.80000 0.40000
v 0.23294 4.83067 0.40000
v 0.45000 4.92058 0.40000
v 0.63640 5.06360 0.40000
v 0.77942 5.25000 0.40000
v 0.86933 5.46706 0.40000
v 0.90000 5.70000 0.40000
v 0.86933 5.93294 0.40000
v 0.77942 6.15000 0.40000
v 0.63640 6.33640 0.40000
v 0.45000 6.47942 0.40000
v 0.23294 6.56933 0.40000
v 0.00000 6.60000 0.40000
v -0.23294 6.56933 0.40000
v -0.45000 6.47942 0.40000
v -0.63640 6.33640 0.40000
v -0.77942 6.15000 0.40000
v -0.86933 5.93294 0.40000
v 0.00000 5.70000 0.30000
v 0.00000 5.70000 0.40000
v -0.40000 5.70000 0.38000
v -0.38042 5.57639 0.38000
v -0.32361 5.46489 0.38000
v -0.23511 5.37639 0.38000
v -0.12361 5.31958 0.38000
v -0.00000 5.30000 0.38000
v 0.12361 5.31958 0.38000
v 0.23511 5.37639 0.38000
v 0.32361 5.46489 0.38000
v 0.38042 5.57639 0.38000
v 0.40000 5.70000 0.38000
v 0.38042 5.82361 0.38000
v 0.32361 5.93511 0.38000
v 0.23511 6.02361 0.38000
v 0.12361 6.08042 0.38000
v 0.00000 6.10000 0.38000
v -0.12361 6.08042 0.38000
v -0.23511 6.02361 0.38000
v -0.32361 5.93511 0.38000
v -0.38042 5.82361 0.38000
v -0.40000 5.70000 0.46000
v -0.38042 5.57639 0.46000
v -0.32361 5.46489 0.46000
v -0.23511 5.37639 0.46000
v -0.12361 5.31958 0.46000
v -0.00000 5.30000 0.46000
v 0.12361 5.31958 0.46000
v 0.23511 5.37639 0.46000
v 0.32361 5.46489 0.46000
v 0.38042 5.57639 0.46000
v 0.40000 5.70000 0.46000
v 0.38042 5.82361 0.46000
v 0.32361 5.93511 0.46000
v 0.23511 6.02361 0.46000
v 0.12361 6.08042 0.46000
v 0.00000 6.10000 0.46000
v -0.12361 6.08042 0.46000
v -0.23511 6.02361 0.46000
v -0.32361 5.93511 0.46000
v -0.38042 5.82361 0.46000
v 0.00000 5.70000 0.38000
v 0.00000 5.70000 0.46000
v 0.00000 0.90000 0.14000
v 0.00000 0.80101 0.09899
v 0.00000 0.76000 0.00000
v 0.00000 0.80101 -0.09899
v 0.00000 0.90000 -0.14000
v 0.00000 0.99899 -0.09899
v 0.00000 1.04000 -0.00000
v 0.00000 0.99899 0.09899
v 5.40000 0.90000 0.14000
v 5.40000 0.80101 0.09899
v 5.40000 0.76000 0.00000
v 5.40000 0.80101 -0.09899
v 5.40000 0.90000 -0.14000
v 5.40000 0.99899 -0.09899
v 5.40000 1.04000 -0.00000
v 5.40000 0.99899 0.09899
v 0.00000 0.90000 0.00000
v 5.40000 0.90000 0.00000
v 6.80000 0.60000 0.00000
v 6.80000 0.90000 0.00000
v 6.75230 0.60000 0.36235
v 6.75230 0.90000 0.36235
v 6.61244 0.60000 0.70000
v 6.61244 0.90000 0.70000
v 6.38995 0.60000 0.98995
v 6.38995 0.90000 0.98995
v 6.10000 0.60000 1.21244
v 6.10000 0.90000 1.21244
v 5.76235 0.60000 1.35230
v 5.76235 0.90000 1.35230
v 5.40000 0.60000 1.40000
v 5.40000 0.90000 1.40000
v 5.03765 0.60000 1.35230
v 5.03765 0.90000 1.35230
v 4.70000 0.60000 1.21244
v 4.70000 0.90000 1.21244
v 4.41005 0.60000 0.98995
v 4.41005 0.90000 0.98995
v 4.18756 0.60000 0.70000
v 4.18756 0.90000 0.70000
v 4.04770 0.60000 0.36235
v 4.04770 0.90000 0.36235
v 4.00000 0.60000 0.00000
v 4.00000 0.90000 0.00000
v 4.04770 0.60000 -0.36235
v 4.04770 0.90000 -0.36235
v 4.18756 0.60000 -0.70000
v 4.18756 0.90000 -0.70000
v 4.41005 0.60000 -0.98995
v 4.41005 0.90000 -0.98995
v 4.70000 0.60000 -1.21244
v 4.70000 0.90000 -1.21244
v 5.03765 0.60000 -1.35230
v 5.03765 0.90000 -1.35230
v 5.40000 0.60000 -1.40000
v 5.40000 0.90000 -1.40000
v 5.76235 0.60000 -1.35230
v 5.76235 0.90000 -1.35230
v 6.10000 0.60000 -1.21244
v 6.10000 0.90000 -1.21244
v 6.38995 0.60000 -0.98995
v 6.38995 0.90000 -0.98995
v 6.61244 0.60000 -0.70000
v 6.61244 0.90000 -0.70000
v 6.75230 0.60000 -0.36235
v 6.75230 0.90000 -0.36235
v 5.40000 0.60000 0.00000
v 5.40000 0.90000 0.00000
v -0.12124 0.90000 0.07000
v -0.08573 0.80101 0.04950
v -0.00000 0.76000 0.00000
v 0.08573 0.80101 -0.04950
v 0.12124 0.90000 -0.07000
v 0.08573 0.99899 -0.04950
v 0.00000 1.04000 -0.00000
v -0.08573 0.99899 0.04950
v 2.57876 0.90000 4.74654
v 2.61427 0.80101 4.72603
v 2.70000 0.76000 4.67654
v 2.78573 0.80101 4.62704
v 2.82124 0.90000 4.60654
v 2.78573 0.99899 4.62704
v 2.70000 1.04000 4.67654
v 2.61427 0.99899 4.72603
v 0.00000 0.90000 0.00000
v 2.70000 0.90000 4.67654
v 4.10000 0.60000 4.67654
v 4.10000 0.90000 4.67654
v 4.05230 0.60000 5.03888
v 4.05230 0.90000 5.03888
v 3.91244 0.60000 5.37654
v 3.91244 0.90000 5.37654
v 3.68995 0.60000 5.66649
v 3.68995 0.90000 5.66649
v 3.40000 0.60000 5.88897
v 3.40000 0.90000 5.88897
v 3.06235 0.60000 6.02883
v 3.06235 0.90000 6.02883
v 2.70000 0.60000 6.07654
v 2.70000 0.90000 6.07654
v 2.33765 0.60000 6.02883
v 2.33765 0.90000 6.02883
v 2.00000 0.60000 5.88897
v 2.00000 0.90000 5.88897
v 1.71005 0.60000 5.66649
v 1.71005 0.90000 5.66649
v 1.48756 0.60000 5.37654
v 1.48756 0.90000 5.37654
v 1.34770 0.60000 5.03888
v 1.34770 0.90000 5.03888
v 1.30000 0.60000 4.67654
v 1.30000 0.90000 4.67654
v 1.34770 0.60000 4.31419
v 1.34770 0.90000 4.31419
v 1.48756 0.60000 3.97654
v 1.48756 0.90000 3.97654
v 1.71005 0.60000 3.68659
v 1.71005 0.90000 3.68659
v 2.00000 0.60000 3.46410
v 2.00000 0.90000 3.46410
v 2.33765 0.60000 3.32424
v 2.33765 0.90000 3.32424
v 2.70000 0.60000 3.27654
v 2.70000 0.90000 3.27654
v 3.06235 0.60000 3.32424
v 3.06235 0.90000 3.32424
v 3.40000 0.60000 3.46410
v 3.40000 0.90000 3.46410
v 3.68995 0.60000 3.68659
v 3.68995 0.90000 3.68659
v 3.91244 0.60000 3.97654
v 3.91244 0.90000 3.97654
v 4.05230 0.60000 4.31419
v 4.05230 0.90000 4.31419
v 2.70000 0.60000 4.67654
v 2.70000 0.90000 4.67654
v -0.12124 0.90000 -0.07000
v -0.08573 0.80101 -0.04950
v -0.00000 0.76000 -0.00000
v 0.08573 0.80101 0.04950
v 0.12124 0.90000 0.07000
v 0.08573 0.99899 0.04950
v 0.00000 1.04000 0.00000
v -0.08573 0.99899 -0.04950
v -2.82124 0.90000 4.60654
v -2.78573 0.80101 4.62704
v -2.70000 0.76000 4.67654
v -2.61427 0.80101 4.72603
v -2.57876 0.90000 4.74654
v -2.61427 0.99899 4.72603
v -2.70000 1.04000 4.67654
v -2.78573 0.99899 4.62704
v 0.00000 0.90000 0.00000
v -2.70000 0.90000 4.67654
v -1.30000 0.60000 4.67654
v -1.30000 0.90000 4.67654
v -1.34770 0.60000 5.03888
v -1.34770 0.90000 5.03888
v -1.48756 0.60000 5.37654
v -1.48756 0.90000 5.37654
v -1.71005 0.60000 5.66649
v -1.71005 0.90000 5.66649
v -2.00000 0.60000 5.88897
v -2.00000 0.90000 5.88897
v -2.33765 0.60000 6.02883
v -2.33765 0.90000 6.02883
v -2.70000 0.60000 6.07654
v -2.70000 0.90000 6.07654
v -3.06235 0.60000 6.02883
v -3.06235 0.90000 6.02883
v -3.40000 0.60000 5.88897
v -3.40000 0.90000 5.88897
v -3.68995 0.60000 5.66649
v -3.68995 0.90000 5.66649
v -3.91244 0.60000 5.37654
v -3.91244 0.90000 5.37654
v -4.05230 0.60000 5.03888
v -4.05230 0.90000 5.03888
v -4.10000 0.60000 4.67654
v -4.10000 0.90000 4.67654
v -4.05230 0.60000 4.31419
v -4.05230 0.90000 4.31419
v -3.91244 0.60000 3.97654
v -3.91244 0.90000 3.97654
v -3.68995 0.60000 3.68659
v -3.68995 0.90000 3.68659
v -3.40000 0.60000 3.46410
v -3.40000 0.90000 3.46410
v -3.06235 0.60000 3.32424
v -3.06235 0.90000 3.32424
v -2.70000 0.60000 3.27654
v -2.70000 0.90000 3.27654
v -2.33765 0.60000 3.32424
v -2.33765 0.90000 3.32424
v -2.00000 0.60000 3.46410
v -2.00000 0.90000 3.46410
v -1.71005 0.60000 3.68659
v -1.71005 0.90000 3.68659
v -1.48756 0.60000 3.97654
v -1.48756 0.90000 3.97654
v -1.34770 0.60000 4.31419
v -1.34770 0.90000 4.31419
v -2.70000 0.60000 4.67654
v -2.70000 0.90000 4.67654
v -0.00000 0.90000 -0.14000
v -0.00000 0.80101 -0.09899
v -0.00000 0.76000 -0.00000
v 0.00000 0.80101 0.09899
v 0.00000 0.90000 0.14000
v 0.00000 0.99899 0.09899
v 0.00000 1.04000 0.00000
v -0.00000 0.99899 -0.09899
v -5.40000 0.90000 -0.14000
v -5.40000 0.80101 -0.09899
v -5.40000 0.76000 0.00000
v -5.40000 0.80101 0.09899
v -5.40000 0.90000 0.14000
v -5.40000 0.99899 0.09899
v -5.40000 1.04000 0.00000
v -5.40000 0.99899 -0.09899
v 0.00000 0.90000 0.00000
v -5.40000 0.90000 0.00000
v -4.00000 0.60000 0.00000
v -4.00000 0.90000 0.00000
v -4.04770 0.60000 0.36235
v -4.04770 0.90000 0.36235
v -4.18756 0.60000 0.70000
v -4.18756 0.90000 0.70000
v -4.41005 0.60000 0.98995
v -4.41005 0.90000 0.98995
v -4.70000 0.60000 1.21244
v -4.70000 0.90000 1.21244
v -5.03765 0.60000 1.35230
v -5.03765 0.90000 1.35230
v -5.40000 0.60000 1.40000
v -5.40000 0.90000 1.40000
v -5.76235 0.60000 1.35230
v -5.76235 0.90000 1.35230
v -6.10000 0.60000 1.21244
v -6.10000 0.90000 1.21244
v -6.38995 0.60000 0.98995
v -6.38995 0.90000 0.98995
v -6.61244 0.60000 0.70000
v -6.61244 0.90000 0.70000
v -6.75230 0.60000 0.36235
v -6.75230 0.90000 0.36235
v -6.80000 0.60000 0.00000
v -6.80000 0.90000 0.00000
v -6.75230 0.60000 -0.36235
v -6.75230 0.90000 -0.36235
v -6.61244 0.60000 -0.70000
v -6.61244 0.90000 -0.70000
v -6.38995 0.60000 -0.98995
v -6.38995 0.90000 -0.98995
v -6.10000 0.60000 -1.21244
v -6.10000 0.90000 -1.21244
v -5.76235 0.60000 -1.35230
v -5.76235 0.90000 -1.35230
v -5.40000 0.60000 -1.40000
v -5.40000 0.90000 -1.40000
v -5.03765 0.60000 -1.35230
v -5.03765 0.90000 -1.35230
v -4.70000 0.60000 -1.21244
v -4.70000 0.90000 -1.21244
v -4.41005 0.60000 -0.98995
v -4.41005 0.90000 -0.98995
v -4.18756 0.60000 -0.70000
v -4.18756 0.90000 -0.70000
v -4.04770 0.60000 -0.36235
v -4.04770 0.90000 -0.36235
v -5.40000 0.60000 0.00000
v -5.40000 0.90000 0.00000
v 0.12124 0.90000 -0.07000
v 0.08573 0.80101 -0.04950
v 0.00000 0.76000 -0.00000
v -0.08573 0.80101 0.04950
v -0.12124 0.90000 0.07000
v -0.08573 0.99899 0.04950
v -0.00000 1.04000 0.00000
v 0.08573 0.99899 -0.04950
v -2.57876 0.90000 -4.74654
v -2.61427 0.80101 -4.72603
v -2.70000 0.76000 -4.67654
v -2.78573 0.80101 -4.62704
v -2.82124 0.90000 -4.60654
v -2.78573 0.99899 -4.62704
v -2.70000 1.04000 -4.67654
v -2.61427 0.99899 -4.72603
v 0.00000 0.90000 0.00000
v -2.70000 0.90000 -4.67654
v -1.30000 0.60000 -4.67654
v -1.30000 0.90000 -4.67654
v -1.34770 0.60000 -4.31419
v -1.34770 0.90000 -4.31419
v -1.48756 0.60000 -3.97654
v -1.48756 0.90000 -3.97654
v -1.71005 0.60000 -3.68659
v -1.71005 0.90000 -3.68659
v -2.00000 0.60000 -3.46410
v -2.00000 0.90000 -3.46410
v -2.33765 0.60000 -3.32424
v -2.33765 0.90000 -3.32424
v -2.70000 0.60000 -3.27654
v -2.70000 0.90000 -3.27654
v -3.06235 0.60000 -3.32424
v -3.06235 0.90000 -3.32424
v -3.40000 0.60000 -3.46410
v -3.40000 0.90000 -3.46410
v -3.68995 0.60000 -3.68659
v -3.68995 0.90000 -3.68659
v -3.91244 0.60000 -3.97654
v -3.91244 0.90000 -3.97654
v -4.05230 0.60000 -4.31419
v -4.05230 0.90000 -4.31419
v -4.10000 0.60000 -4.67654
v -4.10000 0.90000 -4.67654
v -4.05230 0.60000 -5.03888
v -4.05230 0.90000 -5.03888
v -3.91244 0.60000 -5.37654
v -3.91244 0.90000 -5.37654
v -3.68995 0.60000 -5.66649
v -3.68995 0.90000 -5.66649
v -3.40000 0.60000 -5.88897
v -3.40000 0.90000 -5.88897
v -3.06235 0.60000 -6.02883
v -3.06235 0.90000 -6.02883
v -2.70000 0.60000 -6.07654
v -2.70000 0.90000 -6.07654
v -2.33765 0.60000 -6.02883
v -2.33765 0.90000 -6.02883
v -2.00000 0.60000 -5.88897
v -2.00000 0.90000 -5.88897
v -1.71005 0.60000 -5.66649
v -1.71005 0.90000 -5.66649
v -1.48756 0.60000 -5.37654
v -1.48756 0.90000 -5.37654
v -1.34770 0.60000 -5.03888
v -1.34770 0.90000 -5.03888
v -2.70000 0.60000 -4.67654
v -2.70000 0.90000 -4.67654
v 0.12124 0.90000 0.07000
v 0.08573 0.80101 0.04950
v 0.00000 0.76000 0.00000
v -0.08573 0.80101 -0.04950
v -0.12124 0.90000 -0.07000
v -0.08573 0.99899 -0.04950
v -0.00000 1.04000 -0.00000
v 0.08573 0.99899 0.04950
v 2.82124 0.90000 -4.60654
v 2.78573 0.80101 -4.62704
v 2.70000 0.76000 -4.67654
v 2.61427 0.80101 -4.72603
v 2.57876 0.90000 -4.74654
v 2.61427 0.99899 -4.72603
v 2.70000 1.04000 -4.67654
v 2.78573 0.99899 -4.62704
v 0.00000 0.90000 0.00000
v 2.70000 0.90000 -4.67654
v 4.10000 0.60000 -4.67654
v 4.10000 0.90000 -4.67654
v 4.05230 0.60000 -4.31419
v 4.05230 0.90000 -4.31419
v 3.91244 0.60000 -3.97654
v 3.91244 0.90000 -3.97654
v 3.68995 0.60000 -3.68659
v 3.68995 0.90000 -3.68659
v 3.40000 0.60000 -3.46410
v 3.40000 0.90000 -3.46410
v 3.06235 0.60000 -3.32424
v 3.06235 0.90000 -3.32424
v 2.70000 0.60000 -3.27654
v 2.70000 0.90000 -3.27654
v 2.33765 0.60000 -3.32424
v 2.33765 0.90000 -3.32424
v 2.00000 0.60000 -3.46410
v 2.00000 0.90000 -3.46410
v 1.71005 0.60000 -3.68659
v 1.71005 0.90000 -3.68659
v 1.48756 0.60000 -3.97654
v 1.48756 0.90000 -3.97654
v 1.34770 0.60000 -4.31419
v 1.34770 0.90000 -4.31419
v 1.30000 0.60000 -4.67654
v 1.30000 0.90000 -4.67654
v 1.34770 0.60000 -5.03888
v 1.34770 0.90000 -5.03888
v 1.48756 0.60000 -5.37654
v 1.48756 0.90000 -5.37654
v 1.71005 0.60000 -5.66649
v 1.71005 0.90000 -5.66649
v 2.00000 0.60000 -5.88897
v 2.00000 0.90000 -5.88897
v 2.33765 0.60000 -6.02883
v 2.33765 0.90000 -6.02883
v 2.70000 0.60000 -6.07654
v 2.70000 0.90000 -6.07654
v 3.06235 0.60000 -6.02883
v 3.06235 0.90000 -6.02883
v 3.40000 0.60000 -5.88897
v 3.40000 0.90000 -5.88897
v 3.68995 0.60000 -5.66649
v 3.68995 0.90000 -5.66649
v 3.91244 0.60000 -5.37654
v 3.91244 0.90000 -5.37654
v 4.05230 0.60000 -5.03888
v 4.05230 0.90000 -5.03888
v 2.70000 0.60000 -4.67654
v 2.70000 0.90000 -4.67654
vt 0.05000 0.50000
vt 0.15000 0.50000
vt 0.25000 0.50000
vt 0.35000 0.50000
vt 0.45000 0.50000
vt 0.55000 0.50000
vt 0.65000 0.50000
vt 0.75000 0.50000
vt 0.85000 0.50000
vt 0.95000 0.50000
usemtl cream
f 2/1 4/1 3/1 1/1
f 1/1 3/1 89/1
f 4/1 2/1 90/1
f 4/1 6/1 5/1 3/1
f 3/1 5/1 89/1
f 6/1 4/1 90/1
f 6/1 8/1 7/1 5/1
f 5/1 7/1 89/1
f 8/1 6/1 90/1
f 8/1 10/1 9/1 7/1
f 7/1 9/1 89/1
f 10/1 8/1 90/1
f 10/1 12/1 11/1 9/1
f 9/1 11/1 89/1
f 12/1 10/1 90/1
f 12/1 14/1 13/1 11/1
f 11/1 13/1 89/1
f 14/1 12/1 90/1
f 14/1 16/1 15/1 13/1
f 13/1 15/1 89/1
f 16/1 14/1 90/1
f 16/1 18/1 17/1 15/1
f 15/1 17/1 89/1
f 18/1 16/1 90/1
f 18/1 20/1 19/1 17/1
f 17/1 19/1 89/1
f 20/1 18/1 90/1
f 20/1 22/1 21/1 19/1
f 19/1 21/1 89/1
f 22/1 20/1 90/1
f 22/1 24/1 23/1 21/1
f 21/1 23/1 89/1
f 24/1 22/1 90/1
f 24/1 26/1 25/1 23/1
f 23/1 25/1 89/1
f 26/1 24/1 90/1
f 26/1 28/1 27/1 25/1
f 25/1 27/1 89/1
f 28/1 26/1 90/1
f 28/1 30/1 29/1 27/1
f 27/1 29/1 89/1
f 30/1 28/1 90/1
f 30/1 32/1 31/1 29/1
f 29/1 31/1 89/1
f 32/1 30/1 90/1
f 32/1 34/1 33/1 31/1
f 31/1 33/1 89/1
f 34/1 32/1 90/1
f 34/1 36/1 35/1 33/1
f 33/1 35/1 89/1
f 36/1 34/1 90/1
f 36/1 38/1 37/1 35/1
f 35/1 37/1 89/1
f 38/1 36/1 90/1
f 38/1 40/1 39/1 37/1
f 37/1 39/1 89/1
f 40/1 38/1 90/1
f 40/1 42/1 41/1 39/1
f 39/1 41/1 89/1
f 42/1 40/1 90/1
f 42/1 44/1 43/1 41/1
f 41/1 43/1 89/1
f 44/1 42/1 90/1
f 44/1 46/1 45/1 43/1
f 43/1 45/1 89/1
f 46/1 44/1 90/1
f 46/1 48/1 47/1 45/1
f 45/1 47/1 89/1
f 48/1 46/1 90/1
f 48/1 50/1 49/1 47/1
f 47/1 49/1 89/1
f 50/1 48/1 90/1
f 50/1 52/1 51/1 49/1
f 49/1 51/1 89/1
f 52/1 50/1 90/1
f 52/1 54/1 53/1 51/1
f 51/1 53/1 89/1
f 54/1 52/1 90/1
f 54/1 56/1 55/1 53/1
f 53/1 55/1 89/1
f 56/1 54/1 90/1
f 56/1 58/1 57/1 55/1
f 55/1 57/1 89/1
f 58/1 56/1 90/1
f 58/1 60/1 59/1 57/1
f 57/1 59/1 89/1
f 60/1 58/1 90/1
f 60/1 62/1 61/1 59/1
f 59/1 61/1 89/1
f 62/1 60/1 90/1
f 62/1 64/1 63/1 61/1
f 61/1 63/1 89/1
f 64/1 62/1 90/1
f 64/1 66/1 65/1 63/1
f 63/1 65/1 89/1
f 66/1 64/1 90/1
f 66/1 68/1 67/1 65/1
f 65/1 67/1 89/1
f 68/1 66/1 90/1
f 68/1 70/1 69/1 67/1
f 67/1 69/1 89/1
f 70/1 68/1 90/1
f 70/1 72/1 71/1 69/1
f 69/1 71/1 89/1
f 72/1 70/1 90/1
f 72/1 74/1 73/1 71/1
f 71/1 73/1 89/1
f 74/1 72/1 90/1
f 74/1 76/1 75/1 73/1
f 73/1 75/1 89/1
f 76/1 74/1 90/1
f 76/1 78/1 77/1 75/1
f 75/1 77/1 89/1
f 78/1 76/1 90/1
f 78/1 80/1 79/1 77/1
f 77/1 79/1 89/1
f 80/1 78/1 90/1
f 80/1 82/1 81/1 79/1
f 79/1 81/1 89/1
f 82/1 80/1 90/1
f 82/1 84/1 83/1 81/1
f 81/1 83/1 89/1
f 84/1 82/1 90/1
f 84/1 86/1 85/1 83/1
f 83/1 85/1 89/1
f 86/1 84/1 90/1
f 86/1 88/1 87/1 85/1
f 85/1 87/1 89/1
f 88/1 86/1 90/1
f 88/1 2/1 1/1 87/1
f 87/1 1/1 89/1
f 2/1 88/1 90/1
f 1175/1 1176/1 1166/1 1165/1
f 1165/1 1166/1 1185/1
f 1176/1 1175/1 1186/1
f 1176/1 1177/1 1167/1 1166/1
f 1166/1 1167/1 1185/1
f 1177/1 1176/1 1186/1
f 1177/1 1178/1 1168/1 1167/1
f 1167/1 1168/1 1185/1
f 1178/1 1177/1 1186/1
f 1178/1 1179/1 1169/1 1168/1
f 1168/1 1169/1 1185/1
f 1179/1 1178/1 1186/1
f 1179/1 1180/1 1170/1 1169/1
f 1169/1 1170/1 1185/1
f 1180/1 1179/1 1186/1
f 1180/1 1181/1 1171/1 1170/1
f 1170/1 1171/1 1185/1
f 1181/1 1180/1 1186/1
f 1181/1 1182/1 1172/1 1171/1
f 1171/1 1172/1 1185/1
f 1182/1 1181/1 1186/1
f 1182/1 1183/1 1173/1 1172/1
f 1172/1 1173/1 1185/1
f 1183/1 1182/1 1186/1
f 1183/1 1184/1 1174/1 1173/1
f 1173/1 1174/1 1185/1
f 1184/1 1183/1 1186/1
f 1184/1 1175/1 1165/1 1174/1
f 1174/1 1165/1 1185/1
f 1175/1 1184/1 1186/1
f 1245/1 1246/1 1274/1 1273/1
f 1301/1 1246/1 1245/1
f 1302/1 1273/1 1274/1
f 1246/1 1247/1 1275/1 1274/1
f 1301/1 1247/1 1246/1
f 1302/1 1274/1 1275/1
f 1247/1 1248/1 1276/1 1275/1
f 1301/1 1248/1 1247/1
f 1302/1 1275/1 1276/1
f 1248/1 1249/1 1277/1 1276/1
f 1301/1 1249/1 1248/1
f 1302/1 1276/1 1277/1
f 1249/1 1250/1 1278/1 1277/1
f 1301/1 1250/1 1249/1
f 1302/1 1277/1 1278/1
f 1250/1 1251/1 1279/1 1278/1
f 1301/1 1251/1 1250/1
f 1302/1 1278/1 1279/1
f 1251/1 1252/1 1280/1 1279/1
f 1301/1 1252/1 1251/1
f 1302/1 1279/1 1280/1
f 1252/1 1253/1 1281/1 1280/1
f 1301/1 1253/1 1252/1
f 1302/1 1280/1 1281/1
f 1253/1 1254/1 1282/1 1281/1
f 1301/1 1254/1 1253/1
f 1302/1 1281/1 1282/1
f 1254/1 1255/1 1283/1 1282/1
f 1301/1 1255/1 1254/1
f 1302/1 1282/1 1283/1
f 1255/1 1256/1 1284/1 1283/1
f 1301/1 1256/1 1255/1
f 1302/1 1283/1 1284/1
f 1256/1 1257/1 1285/1 1284/1
f 1301/1 1257/1 1256/1
f 1302/1 1284/1 1285/1
f 1257/1 1258/1 1286/1 1285/1
f 1301/1 1258/1 1257/1
f 1302/1 1285/1 1286/1
f 1258/1 1259/1 1287/1 1286/1
f 1301/1 1259/1 1258/1
f 1302/1 1286/1 1287/1
f 1259/1 1260/1 1288/1 1287/1
f 1301/1 1260/1 1259/1
f 1302/1 1287/1 1288/1
f 1260/1 1261/1 1289/1 1288/1
f 1301/1 1261/1 1260/1
f 1302/1 1288/1 1289/1
f 1261/1 1262/1 1290/1 1289/1
f 1301/1 1262/1 1261/1
f 1302/1 1289/1 1290/1
f 1262/1 1263/1 1291/1 1290/1
f 1301/1 1263/1 1262/1
f 1302/1 1290/1 1291/1
f 1263/1 1264/1 1292/1 1291/1
f 1301/1 1264/1 1263/1
f 1302/1 1291/1 1292/1
f 1264/1 1265/1 1293/1 1292/1
f 1301/1 1265/1 1264/1
f 1302/1 1292/1 1293/1
f 1265/1 1266/1 1294/1 1293/1
f 1301/1 1266/1 1265/1
f 1302/1 1293/1 1294/1
f 1266/1 1267/1 1295/1 1294/1
f 1301/1 1267/1 1266/1
f 1302/1 1294/1 1295/1
f 1267/1 1268/1 1296/1 1295/1
f 1301/1 1268/1 1267/1
f 1302/1 1295/1 1296/1
f 1268/1 1269/1 1297/1 1296/1
f 1301/1 1269/1 1268/1
f 1302/1 1296/1 1297/1
f 1269/1 1270/1 1298/1 1297/1
f 1301/1 1270/1 1269/1
f 1302/1 1297/1 1298/1
f 1270/1 1271/1 1299/1 1298/1
f 1301/1 1271/1 1270/1
f 1302/1 1298/1 1299/1
f 1271/1 1272/1 1300/1 1299/1
f 1301/1 1272/1 1271/1
f 1302/1 1299/1 1300/1
f 1272/1 1245/1 1273/1 1300/1
f 1301/1 1245/1 1272/1
f 1302/1 1300/1 1273/1
f 1353/1 1354/1 1374/1 1373/1
f 1393/1 1354/1 1353/1
f 1394/1 1373/1 1374/1
f 1354/1 1355/1 1375/1 1374/1
f 1393/1 1355/1 1354/1
f 1394/1 1374/1 1375/1
f 1355/1 1356/1 1376/1 1375/1
f 1393/1 1356/1 1355/1
f 1394/1 1375/1 1376/1
f 1356/1 1357/1 1377/1 1376/1
f 1393/1 1357/1 1356/1
f 1394/1 1376/1 1377/1
f 1357/1 1358/1 1378/1 1377/1
f 1393/1 1358/1 1357/1
f 1394/1 1377/1 1378/1
f 1358/1 1359/1 1379/1 1378/1
f 1393/1 1359/1 1358/1
f 1394/1 1378/1 1379/1
f 1359/1 1360/1 1380/1 1379/1
f 1393/1 1360/1 1359/1
f 1394/1 1379/1 1380/1
f 1360/1 1361/1 1381/1 1380/1
f 1393/1 1361/1 1360/1
f 1394/1 1380/1 1381/1
f 1361/1 1362/1 1382/1 1381/1
f 1393/1 1362/1 1361/1
f 1394/1 1381/1 1382/1
f 1362/1 1363/1 1383/1 1382/1
f 1393/1 1363/1 1362/1
f 1394/1 1382/1 1383/1
f 1363/1 1364/1 1384/1 1383/1
f 1393/1 1364/1 1363/1
f 1394/1 1383/1 1384/1
f 1364/1 1365/1 1385/1 1384/1
f 1393/1 1365/1 1364/1
f 1394/1 1384/1 1385/1
f 1365/1 1366/1 1386/1 1385/1
f 1393/1 1366/1 1365/1
f 1394/1 1385/1 1386/1
f 1366/1 1367/1 1387/1 1386/1
f 1393/1 1367/1 1366/1
f 1394/1 1386/1 1387/1
f 1367/1 1368/1 1388/1 1387/1
f 1393/1 1368/1 1367/1
f 1394/1 1387/1 1388/1
f 1368/1 1369/1 1389/1 1388/1
f 1393/1 1369/1 1368/1
f 1394/1 1388/1 1389/1
f 1369/1 1370/1 1390/1 1389/1
f 1393/1 1370/1 1369/1
f 1394/1 1389/1 1390/1
f 1370/1 1371/1 1391/1 1390/1
f 1393/1 1371/1 1370/1
f 1394/1 1390/1 1391/1
f 1371/1 1372/1 1392/1 1391/1
f 1393/1 1372/1 1371/1
f 1394/1 1391/1 1392/1
f 1372/1 1353/1 1373/1 1392/1
f 1393/1 1353/1 1372/1
f 1394/1 1392/1 1373/1
f 1403/1 1404/1 1396/1 1395/1
f 1395/1 1396/1 1411/1
f 1404/1 1403/1 1412/1
f 1404/1 1405/1 1397/1 1396/1
f 1396/1 1397/1 1411/1
f 1405/1 1404/1 1412/1
f 1405/1 1406/1 1398/1 1397/1
f 1397/1 1398/1 1411/1
f 1406/1 1405/1 1412/1
f 1406/1 1407/1 1399/1 1398/1
f 1398/1 1399/1 1411/1
f 1407/1 1406/1 1412/1
f 1407/1 1408/1 1400/1 1399/1
f 1399/1 1400/1 1411/1
f 1408/1 1407/1 1412/1
f 1408/1 1409/1 1401/1 1400/1
f 1400/1 1401/1 1411/1
f 1409/1 1408/1 1412/1
f 1409/1 1410/1 1402/1 1401/1
f 1401/1 1402/1 1411/1
f 1410/1 1409/1 1412/1
f 1410/1 1403/1 1395/1 1402/1
f 1402/1 1395/1 1411/1
f 1403/1 1410/1 1412/1
f 1471/1 1472/1 1464/1 1463/1
f 1463/1 1464/1 1479/1
f 1472/1 1471/1 1480/1
f 1472/1 1473/1 1465/1 1464/1
f 1464/1 1465/1 1479/1
f 1473/1 1472/1 1480/1
f 1473/1 1474/1 1466/1 1465/1
f 1465/1 1466/1 1479/1
f 1474/1 1473/1 1480/1
f 1474/1 1475/1 1467/1 1466/1
f 1466/1 1467/1 1479/1
f 1475/1 1474/1 1480/1
f 1475/1 1476/1 1468/1 1467/1
f 1467/1 1468/1 1479/1
f 1476/1 1475/1 1480/1
f 1476/1 1477/1 1469/1 1468/1
f 1468/1 1469/1 1479/1
f 1477/1 1476/1 1480/1
f 1477/1 1478/1 1470/1 1469/1
f 1469/1 1470/1 1479/1
f 1478/1 1477/1 1480/1
f 1478/1 1471/1 1463/1 1470/1
f 1470/1 1463/1 1479/1
f 1471/1 1478/1 1480/1
f 1539/1 1540/1 1532/1 1531/1
f 1531/1 1532/1 1547/1
f 1540/1 1539/1 1548/1
f 1540/1 1541/1 1533/1 1532/1
f 1532/1 1533/1 1547/1
f 1541/1 1540/1 1548/1
f 1541/1 1542/1 1534/1 1533/1
f 1533/1 1534/1 1547/1
f 1542/1 1541/1 1548/1
f 1542/1 1543/1 1535/1 1534/1
f 1534/1 1535/1 1547/1
f 1543/1 1542/1 1548/1
f 1543/1 1544/1 1536/1 1535/1
f 1535/1 1536/1 1547/1
f 1544/1 1543/1 1548/1
f 1544/1 1545/1 1537/1 1536/1
f 1536/1 1537/1 1547/1
f 1545/1 1544/1 1548/1
f 1545/1 1546/1 1538/1 1537/1
f 1537/1 1538/1 1547/1
f 1546/1 1545/1 1548/1
f 1546/1 1539/1 1531/1 1538/1
f 1538/1 1531/1 1547/1
f 1539/1 1546/1 1548/1
f 1607/1 1608/1 1600/1 1599/1
f 1599/1 1600/1 1615/1
f 1608/1 1607/1 1616/1
f 1608/1 1609/1 1601/1 1600/1
f 1600/1 1601/1 1615/1
f 1609/1 1608/1 1616/1
f 1609/1 1610/1 1602/1 1601/1
f 1601/1 1602/1 1615/1
f 1610/1 1609/1 1616/1
f 1610/1 1611/1 1603/1 1602/1
f 1602/1 1603/1 1615/1
f 1611/1 1610/1 1616/1
f 1611/1 1612/1 1604/1 1603/1
f 1603/1 1604/1 1615/1
f 1612/1 1611/1 1616/1
f 1612/1 1613/1 1605/1 1604/1
f 1604/1 1605/1 1615/1
f 1613/1 1612/1 1616/1
f 1613/1 1614/1 1606/1 1605/1
f 1605/1 1606/1 1615/1
f 1614/1 1613/1 1616/1
f 1614/1 1607/1 1599/1 1606/1
f 1606/1 1599/1 1615/1
f 1607/1 1614/1 1616/1
f 1675/1 1676/1 1668/1 1667/1
f 1667/1 1668/1 1683/1
f 1676/1 1675/1 1684/1
f 1676/1 1677/1 1669/1 1668/1
f 1668/1 1669/1 1683/1
f 1677/1 1676/1 1684/1
f 1677/1 1678/1 1670/1 1669/1
f 1669/1 1670/1 1683/1
f 1678/1 1677/1 1684/1
f 1678/1 1679/1 1671/1 1670/1
f 1670/1 1671/1 1683/1
f 1679/1 1678/1 1684/1
f 1679/1 1680/1 1672/1 1671/1
f 1671/1 1672/1 1683/1
f 1680/1 1679/1 1684/1
f 1680/1 1681/1 1673/1 1672/1
f 1672/1 1673/1 1683/1
f 1681/1 1680/1 1684/1
f 1681/1 1682/1 1674/1 1673/1
f 1673/1 1674/1 1683/1
f 1682/1 1681/1 1684/1
f 1682/1 1675/1 1667/1 1674/1
f 1674/1 1667/1 1683/1
f 1675/1 1682/1 1684/1
f 1743/1 1744/1 1736/1 1735/1
f 1735/1 1736/1 1751/1
f 1744/1 1743/1 1752/1
f 1744/1 1745/1 1737/1 1736/1
f 1736/1 1737/1 1751/1
f 1745/1 1744/1 1752/1
f 1745/1 1746/1 1738/1 1737/1
f 1737/1 1738/1 1751/1
f 1746/1 1745/1 1752/1
f 1746/1 1747/1 1739/1 1738/1
f 1738/1 1739/1 1751/1
f 1747/1 1746/1 1752/1
f 1747/1 1748/1 1740/1 1739/1
f 1739/1 1740/1 1751/1
f 1748/1 1747/1 1752/1
f 1748/1 1749/1 1741/1 1740/1
f 1740/1 1741/1 1751/1
f 1749/1 1748/1 1752/1
f 1749/1 1750/1 1742/1 1741/1
f 1741/1 1742/1 1751/1
f 1750/1 1749/1 1752/1
f 1750/1 1743/1 1735/1 1742/1
f 1742/1 1735/1 1751/1
f 1743/1 1750/1 1752/1
usemtl coral
f 92/2 94/2 93/2 91/2
f 91/2 93/2 179/2
f 94/2 92/2 180/2
f 94/2 96/2 95/2 93/2
f 93/2 95/2 179/2
f 96/2 94/2 180/2
f 96/2 98/2 97/2 95/2
f 95/2 97/2 179/2
f 98/2 96/2 180/2
f 98/2 100/2 99/2 97/2
f 97/2 99/2 179/2
f 100/2 98/2 180/2
f 100/2 102/2 101/2 99/2
f 99/2 101/2 179/2
f 102/2 100/2 180/2
f 102/2 104/2 103/2 101/2
f 101/2 103/2 179/2
f 104/2 102/2 180/2
f 104/2 106/2 105/2 103/2
f 103/2 105/2 179/2
f 106/2 104/2 180/2
f 106/2 108/2 107/2 105/2
f 105/2 107/2 179/2
f 108/2 106/2 180/2
f 108/2 110/2 109/2 107/2
f 107/2 109/2 179/2
f 110/2 108/2 180/2
f 110/2 112/2 111/2 109/2
f 109/2 111/2 179/2
f 112/2 110/2 180/2
f 112/2 114/2 113/2 111/2
f 111/2 113/2 179/2
f 114/2 112/2 180/2
f 114/2 116/2 115/2 113/2
f 113/2 115/2 179/2
f 116/2 114/2 180/2
f 116/2 118/2 117/2 115/2
f 115/2 117/2 179/2
f 118/2 116/2 180/2
f 118/2 120/2 119/2 117/2
f 117/2 119/2 179/2
f 120/2 118/2 180/2
f 120/2 122/2 121/2 119/2
f 119/2 121/2 179/2
f 122/2 120/2 180/2
f 122/2 124/2 123/2 121/2
f 121/2 123/2 179/2
f 124/2 122/2 180/2
f 124/2 126/2 125/2 123/2
f 123/2 125/2 179/2
f 126/2 124/2 180/2
f 126/2 128/2 127/2 125/2
f 125/2 127/2 179/2
f 128/2 126/2 180/2
f 128/2 130/2 129/2 127/2
f 127/2 129/2 179/2
f 130/2 128/2 180/2
f 130/2 132/2 131/2 129/2
f 129/2 131/2 179/2
f 132/2 130/2 180/2
f 132/2 134/2 133/2 131/2
f 131/2 133/2 179/2
f 134/2 132/2 180/2
f 134/2 136/2 135/2 133/2
f 133/2 135/2 179/2
f 136/2 134/2 180/2
f 136/2 138/2 137/2 135/2
f 135/2 137/2 179/2
f 138/2 136/2 180/2
f 138/2 140/2 139/2 137/2
f 137/2 139/2 179/2
f 140/2 138/2 180/2
f 140/2 142/2 141/2 139/2
f 139/2 141/2 179/2
f 142/2 140/2 180/2
f 142/2 144/2 143/2 141/2
f 141/2 143/2 179/2
f 144/2 142/2 180/2
f 144/2 146/2 145/2 143/2
f 143/2 145/2 179/2
f 146/2 144/2 180/2
f 146/2 148/2 147/2 145/2
f 145/2 147/2 179/2
f 148/2 146/2 180/2
f 148/2 150/2 149/2 147/2
f 147/2 149/2 179/2
f 150/2 148/2 180/2
f 150/2 152/2 151/2 149/2
f 149/2 151/2 179/2
f 152/2 150/2 180/2
f 152/2 154/2 153/2 151/2
f 151/2 153/2 179/2
f 154/2 152/2 180/2
f 154/2 156/2 155/2 153/2
f 153/2 155/2 179/2
f 156/2 154/2 180/2
f 156/2 158/2 157/2 155/2
f 155/2 157/2 179/2
f 158/2 156/2 180/2
f 158/2 160/2 159/2 157/2
f 157/2 159/2 179/2
f 160/2 158/2 180/2
f 160/2 162/2 161/2 159/2
f 159/2 161/2 179/2
f 162/2 160/2 180/2
f 162/2 164/2 163/2 161/2
f 161/2 163/2 179/2
f 164/2 162/2 180/2
f 164/2 166/2 165/2 163/2
f 163/2 165/2 179/2
f 166/2 164/2 180/2
f 166/2 168/2 167/2 165/2
f 165/2 167/2 179/2
f 168/2 166/2 180/2
f 168/2 170/2 169/2 167/2
f 167/2 169/2 179/2
f 170/2 168/2 180/2
f 170/2 172/2 171/2 169/2
f 169/2 171/2 179/2
f 172/2 170/2 180/2
f 172/2 174/2 173/2 171/2
f 171/2 173/2 179/2
f 174/2 172/2 180/2
f 174/2 176/2 175/2 173/2
f 173/2 175/2 179/2
f 176/2 174/2 180/2
f 176/2 178/2 177/2 175/2
f 175/2 177/2 179/2
f 178/2 176/2 180/2
f 178/2 92/2 91/2 177/2
f 177/2 91/2 179/2
f 92/2 178/2 180/2
f 445/2 446/2 451/2 450/2
f 446/2 447/2 452/2 451/2
f 447/2 448/2 453/2 452/2
f 448/2 449/2 454/2 453/2
f 449/2 445/2 450/2 454/2
f 450/2 451/2 456/2 455/2
f 451/2 452/2 457/2 456/2
f 452/2 453/2 458/2 457/2
f 453/2 454/2 459/2 458/2
f 454/2 450/2 455/2 459/2
f 455/2 456/2 461/2 460/2
f 456/2 457/2 462/2 461/2
f 457/2 458/2 463/2 462/2
f 458/2 459/2 464/2 463/2
f 459/2 455/2 460/2 464/2
f 460/2 461/2 466/2 465/2
f 461/2 462/2 467/2 466/2
f 462/2 463/2 468/2 467/2
f 463/2 464/2 469/2 468/2
f 464/2 460/2 465/2 469/2
f 465/2 466/2 471/2 470/2
f 466/2 467/2 472/2 471/2
f 467/2 468/2 473/2 472/2
f 468/2 469/2 474/2 473/2
f 469/2 465/2 470/2 474/2
f 470/2 471/2 476/2 475/2
f 471/2 472/2 477/2 476/2
f 472/2 473/2 478/2 477/2
f 473/2 474/2 479/2 478/2
f 474/2 470/2 475/2 479/2
f 475/2 476/2 481/2 480/2
f 476/2 477/2 482/2 481/2
f 477/2 478/2 483/2 482/2
f 478/2 479/2 484/2 483/2
f 479/2 475/2 480/2 484/2
f 480/2 481/2 486/2 485/2
f 481/2 482/2 487/2 486/2
f 482/2 483/2 488/2 487/2
f 483/2 484/2 489/2 488/2
f 484/2 480/2 485/2 489/2
f 485/2 486/2 491/2 490/2
f 486/2 487/2 492/2 491/2
f 487/2 488/2 493/2 492/2
f 488/2 489/2 494/2 493/2
f 489/2 485/2 490/2 494/2
f 490/2 491/2 496/2 495/2
f 491/2 492/2 497/2 496/2
f 492/2 493/2 498/2 497/2
f 493/2 494/2 499/2 498/2
f 494/2 490/2 495/2 499/2
f 495/2 496/2 501/2 500/2
f 496/2 497/2 502/2 501/2
f 497/2 498/2 503/2 502/2
f 498/2 499/2 504/2 503/2
f 499/2 495/2 500/2 504/2
f 500/2 501/2 506/2 505/2
f 501/2 502/2 507/2 506/2
f 502/2 503/2 508/2 507/2
f 503/2 504/2 509/2 508/2
f 504/2 500/2 505/2 509/2
f 505/2 506/2 511/2 510/2
f 506/2 507/2 512/2 511/2
f 507/2 508/2 513/2 512/2
f 508/2 509/2 514/2 513/2
f 509/2 505/2 510/2 514/2
f 510/2 511/2 516/2 515/2
f 511/2 512/2 517/2 516/2
f 512/2 513/2 518/2 517/2
f 513/2 514/2 519/2 518/2
f 514/2 510/2 515/2 519/2
f 515/2 516/2 521/2 520/2
f 516/2 517/2 522/2 521/2
f 517/2 518/2 523/2 522/2
f 518/2 519/2 524/2 523/2
f 519/2 515/2 520/2 524/2
f 520/2 521/2 526/2 525/2
f 521/2 522/2 527/2 526/2
f 522/2 523/2 528/2 527/2
f 523/2 524/2 529/2 528/2
f 524/2 520/2 525/2 529/2
f 525/2 526/2 531/2 530/2
f 526/2 527/2 532/2 531/2
f 527/2 528/2 533/2 532/2
f 528/2 529/2 534/2 533/2
f 529/2 525/2 530/2 534/2
f 530/2 531/2 536/2 535/2
f 531/2 532/2 537/2 536/2
f 532/2 533/2 538/2 537/2
f 533/2 534/2 539/2 538/2
f 534/2 530/2 535/2 539/2
f 535/2 536/2 541/2 540/2
f 536/2 537/2 542/2 541/2
f 537/2 538/2 543/2 542/2
f 538/2 539/2 544/2 543/2
f 539/2 535/2 540/2 544/2
f 540/2 541/2 546/2 545/2
f 541/2 542/2 547/2 546/2
f 542/2 543/2 548/2 547/2
f 543/2 544/2 549/2 548/2
f 544/2 540/2 545/2 549/2
f 545/2 546/2 551/2 550/2
f 546/2 547/2 552/2 551/2
f 547/2 548/2 553/2 552/2
f 548/2 549/2 554/2 553/2
f 549/2 545/2 550/2 554/2
f 550/2 551/2 556/2 555/2
f 551/2 552/2 557/2 556/2
f 552/2 553/2 558/2 557/2
f 553/2 554/2 559/2 558/2
f 554/2 550/2 555/2 559/2
f 555/2 556/2 561/2 560/2
f 556/2 557/2 562/2 561/2
f 557/2 558/2 563/2 562/2
f 558/2 559/2 564/2 563/2
f 559/2 555/2 560/2 564/2
f 560/2 561/2 566/2 565/2
f 561/2 562/2 567/2 566/2
f 562/2 563/2 568/2 567/2
f 563/2 564/2 569/2 568/2
f 564/2 560/2 565/2 569/2
f 565/2 566/2 571/2 570/2
f 566/2 567/2 572/2 571/2
f 567/2 568/2 573/2 572/2
f 568/2 569/2 574/2 573/2
f 569/2 565/2 570/2 574/2
f 570/2 571/2 576/2 575/2
f 571/2 572/2 577/2 576/2
f 572/2 573/2 578/2 577/2
f 573/2 574/2 579/2 578/2
f 574/2 570/2 575/2 579/2
f 575/2 576/2 581/2 580/2
f 576/2 577/2 582/2 581/2
f 577/2 578/2 583/2 582/2
f 578/2 579/2 584/2 583/2
f 579/2 575/2 580/2 584/2
f 580/2 581/2 586/2 585/2
f 581/2 582/2 587/2 586/2
f 582/2 583/2 588/2 587/2
f 583/2 584/2 589/2 588/2
f 584/2 580/2 585/2 589/2
f 585/2 586/2 591/2 590/2
f 586/2 587/2 592/2 591/2
f 587/2 588/2 593/2 592/2
f 588/2 589/2 594/2 593/2
f 589/2 585/2 590/2 594/2
f 590/2 591/2 596/2 595/2
f 591/2 592/2 597/2 596/2
f 592/2 593/2 598/2 597/2
f 593/2 594/2 599/2 598/2
f 594/2 590/2 595/2 599/2
f 595/2 596/2 601/2 600/2
f 596/2 597/2 602/2 601/2
f 597/2 598/2 603/2 602/2
f 598/2 599/2 604/2 603/2
f 599/2 595/2 600/2 604/2
f 600/2 601/2 606/2 605/2
f 601/2 602/2 607/2 606/2
f 602/2 603/2 608/2 607/2
f 603/2 604/2 609/2 608/2
f 604/2 600/2 605/2 609/2
f 605/2 606/2 611/2 610/2
f 606/2 607/2 612/2 611/2
f 607/2 608/2 613/2 612/2
f 608/2 609/2 614/2 613/2
f 609/2 605/2 610/2 614/2
f 610/2 611/2 616/2 615/2
f 611/2 612/2 617/2 616/2
f 612/2 613/2 618/2 617/2
f 613/2 614/2 619/2 618/2
f 614/2 610/2 615/2 619/2
f 615/2 616/2 621/2 620/2
f 616/2 617/2 622/2 621/2
f 617/2 618/2 623/2 622/2
f 618/2 619/2 624/2 623/2
f 619/2 615/2 620/2 624/2
f 620/2 621/2 446/2 445/2
f 621/2 622/2 447/2 446/2
f 622/2 623/2 448/2 447/2
f 623/2 624/2 449/2 448/2
f 624/2 620/2 445/2 449/2
f 805/2 806/2 811/2 810/2
f 806/2 807/2 812/2 811/2
f 807/2 808/2 813/2 812/2
f 808/2 809/2 814/2 813/2
f 809/2 805/2 810/2 814/2
f 810/2 811/2 816/2 815/2
f 811/2 812/2 817/2 816/2
f 812/2 813/2 818/2 817/2
f 813/2 814/2 819/2 818/2
f 814/2 810/2 815/2 819/2
f 815/2 816/2 821/2 820/2
f 816/2 817/2 822/2 821/2
f 817/2 818/2 823/2 822/2
f 818/2 819/2 824/2 823/2
f 819/2 815/2 820/2 824/2
f 820/2 821/2 826/2 825/2
f 821/2 822/2 827/2 826/2
f 822/2 823/2 828/2 827/2
f 823/2 824/2 829/2 828/2
f 824/2 820/2 825/2 829/2
f 825/2 826/2 831/2 830/2
f 826/2 827/2 832/2 831/2
f 827/2 828/2 833/2 832/2
f 828/2 829/2 834/2 833/2
f 829/2 825/2 830/2 834/2
f 830/2 831/2 836/2 835/2
f 831/2 832/2 837/2 836/2
f 832/2 833/2 838/2 837/2
f 833/2 834/2 839/2 838/2
f 834/2 830/2 835/2 839/2
f 835/2 836/2 841/2 840/2
f 836/2 837/2 842/2 841/2
f 837/2 838/2 843/2 842/2
f 838/2 839/2 844/2 843/2
f 839/2 835/2 840/2 844/2
f 840/2 841/2 846/2 845/2
f 841/2 842/2 847/2 846/2
f 842/2 843/2 848/2 847/2
f 843/2 844/2 849/2 848/2
f 844/2 840/2 845/2 849/2
f 845/2 846/2 851/2 850/2
f 846/2 847/2 852/2 851/2
f 847/2 848/2 853/2 852/2
f 848/2 849/2 854/2 853/2
f 849/2 845/2 850/2 854/2
f 850/2 851/2 856/2 855/2
f 851/2 852/2 857/2 856/2
f 852/2 853/2 858/2 857/2
f 853/2 854/2 859/2 858/2
f 854/2 850/2 855/2 859/2
f 855/2 856/2 861/2 860/2
f 856/2 857/2 862/2 861/2
f 857/2 858/2 863/2 862/2
f 858/2 859/2 864/2 863/2
f 859/2 855/2 860/2 864/2
f 860/2 861/2 866/2 865/2
f 861/2 862/2 867/2 866/2
f 862/2 863/2 868/2 867/2
f 863/2 864/2 869/2 868/2
f 864/2 860/2 865/2 869/2
f 865/2 866/2 871/2 870/2
f 866/2 867/2 872/2 871/2
f 867/2 868/2 873/2 872/2
f 868/2 869/2 874/2 873/2
f 869/2 865/2 870/2 874/2
f 870/2 871/2 876/2 875/2
f 871/2 872/2 877/2 876/2
f 872/2 873/2 878/2 877/2
f 873/2 874/2 879/2 878/2
f 874/2 870/2 875/2 879/2
f 875/2 876/2 881/2 880/2
f 876/2 877/2 882/2 881/2
f 877/2 878/2 883/2 882/2
f 878/2 879/2 884/2 883/2
f 879/2 875/2 880/2 884/2
f 880/2 881/2 886/2 885/2
f 881/2 882/2 887/2 886/2
f 882/2 883/2 888/2 887/2
f 883/2 884/2 889/2 888/2
f 884/2 880/2 885/2 889/2
f 885/2 886/2 891/2 890/2
f 886/2 887/2 892/2 891/2
f 887/2 888/2 893/2 892/2
f 888/2 889/2 894/2 893/2
f 889/2 885/2 890/2 894/2
f 890/2 891/2 896/2 895/2
f 891/2 892/2 897/2 896/2
f 892/2 893/2 898/2 897/2
f 893/2 894/2 899/2 898/2
f 894/2 890/2 895/2 899/2
f 895/2 896/2 901/2 900/2
f 896/2 897/2 902/2 901/2
f 897/2 898/2 903/2 902/2
f 898/2 899/2 904/2 903/2
f 899/2 895/2 900/2 904/2
f 900/2 901/2 906/2 905/2
f 901/2 902/2 907/2 906/2
f 902/2 903/2 908/2 907/2
f 903/2 904/2 909/2 908/2
f 904/2 900/2 905/2 909/2
f 905/2 906/2 911/2 910/2
f 906/2 907/2 912/2 911/2
f 907/2 908/2 913/2 912/2
f 908/2 909/2 914/2 913/2
f 909/2 905/2 910/2 914/2
f 910/2 911/2 916/2 915/2
f 911/2 912/2 917/2 916/2
f 912/2 913/2 918/2 917/2
f 913/2 914/2 919/2 918/2
f 914/2 910/2 915/2 919/2
f 915/2 916/2 921/2 920/2
f 916/2 917/2 922/2 921/2
f 917/2 918/2 923/2 922/2
f 918/2 919/2 924/2 923/2
f 919/2 915/2 920/2 924/2
f 920/2 921/2 926/2 925/2
f 921/2 922/2 927/2 926/2
f 922/2 923/2 928/2 927/2
f 923/2 924/2 929/2 928/2
f 924/2 920/2 925/2 929/2
f 925/2 926/2 931/2 930/2
f 926/2 927/2 932/2 931/2
f 927/2 928/2 933/2 932/2
f 928/2 929/2 934/2 933/2
f 929/2 925/2 930/2 934/2
f 930/2 931/2 936/2 935/2
f 931/2 932/2 937/2 936/2
f 932/2 933/2 938/2 937/2
f 933/2 934/2 939/2 938/2
f 934/2 930/2 935/2 939/2
f 935/2 936/2 941/2 940/2
f 936/2 937/2 942/2 941/2
f 937/2 938/2 943/2 942/2
f 938/2 939/2 944/2 943/2
f 939/2 935/2 940/2 944/2
f 940/2 941/2 946/2 945/2
f 941/2 942/2 947/2 946/2
f 942/2 943/2 948/2 947/2
f 943/2 944/2 949/2 948/2
f 944/2 940/2 945/2 949/2
f 945/2 946/2 951/2 950/2
f 946/2 947/2 952/2 951/2
f 947/2 948/2 953/2 952/2
f 948/2 949/2 954/2 953/2
f 949/2 945/2 950/2 954/2
f 950/2 951/2 956/2 955/2
f 951/2 952/2 957/2 956/2
f 952/2 953/2 958/2 957/2
f 953/2 954/2 959/2 958/2
f 954/2 950/2 955/2 959/2
f 955/2 956/2 961/2 960/2
f 956/2 957/2 962/2 961/2
f 957/2 958/2 963/2 962/2
f 958/2 959/2 964/2 963/2
f 959/2 955/2 960/2 964/2
f 960/2 961/2 966/2 965/2
f 961/2 962/2 967/2 966/2
f 962/2 963/2 968/2 967/2
f 963/2 964/2 969/2 968/2
f 964/2 960/2 965/2 969/2
f 965/2 966/2 971/2 970/2
f 966/2 967/2 972/2 971/2
f 967/2 968/2 973/2 972/2
f 968/2 969/2 974/2 973/2
f 969/2 965/2 970/2 974/2
f 970/2 971/2 976/2 975/2
f 971/2 972/2 977/2 976/2
f 972/2 973/2 978/2 977/2
f 973/2 974/2 979/2 978/2
f 974/2 970/2 975/2 979/2
f 975/2 976/2 981/2 980/2
f 976/2 977/2 982/2 981/2
f 977/2 978/2 983/2 982/2
f 978/2 979/2 984/2 983/2
f 979/2 975/2 980/2 984/2
f 980/2 981/2 806/2 805/2
f 981/2 982/2 807/2 806/2
f 982/2 983/2 808/2 807/2
f 983/2 984/2 809/2 808/2
f 984/2 980/2 805/2 809/2
f 1187/2 1188/2 1216/2 1215/2
f 1243/2 1188/2 1187/2
f 1244/2 1215/2 1216/2
f 1188/2 1189/2 1217/2 1216/2
f 1243/2 1189/2 1188/2
f 1244/2 1216/2 1217/2
f 1189/2 1190/2 1218/2 1217/2
f 1243/2 1190/2 1189/2
f 1244/2 1217/2 1218/2
f 1190/2 1191/2 1219/2 1218/2
f 1243/2 1191/2 1190/2
f 1244/2 1218/2 1219/2
f 1191/2 1192/2 1220/2 1219/2
f 1243/2 1192/2 1191/2
f 1244/2 1219/2 1220/2
f 1192/2 1193/2 1221/2 1220/2
f 1243/2 1193/2 1192/2
f 1244/2 1220/2 1221/2
f 1193/2 1194/2 1222/2 1221/2
f 1243/2 1194/2 1193/2
f 1244/2 1221/2 1222/2
f 1194/2 1195/2 1223/2 1222/2
f 1243/2 1195/2 1194/2
f 1244/2 1222/2 1223/2
f 1195/2 1196/2 1224/2 1223/2
f 1243/2 1196/2 1195/2
f 1244/2 1223/2 1224/2
f 1196/2 1197/2 1225/2 1224/2
f 1243/2 1197/2 1196/2
f 1244/2 1224/2 1225/2
f 1197/2 1198/2 1226/2 1225/2
f 1243/2 1198/2 1197/2
f 1244/2 1225/2 1226/2
f 1198/2 1199/2 1227/2 1226/2
f 1243/2 1199/2 1198/2
f 1244/2 1226/2 1227/2
f 1199/2 1200/2 1228/2 1227/2
f 1243/2 1200/2 1199/2
f 1244/2 1227/2 1228/2
f 1200/2 1201/2 1229/2 1228/2
f 1243/2 1201/2 1200/2
f 1244/2 1228/2 1229/2
f 1201/2 1202/2 1230/2 1229/2
f 1243/2 1202/2 1201/2
f 1244/2 1229/2 1230/2
f 1202/2 1203/2 1231/2 1230/2
f 1243/2 1203/2 1202/2
f 1244/2 1230/2 1231/2
f 1203/2 1204/2 1232/2 1231/2
f 1243/2 1204/2 1203/2
f 1244/2 1231/2 1232/2
f 1204/2 1205/2 1233/2 1232/2
f 1243/2 1205/2 1204/2
f 1244/2 1232/2 1233/2
f 1205/2 1206/2 1234/2 1233/2
f 1243/2 1206/2 1205/2
f 1244/2 1233/2 1234/2
f 1206/2 1207/2 1235/2 1234/2
f 1243/2 1207/2 1206/2
f 1244/2 1234/2 1235/2
f 1207/2 1208/2 1236/2 1235/2
f 1243/2 1208/2 1207/2
f 1244/2 1235/2 1236/2
f 1208/2 1209/2 1237/2 1236/2
f 1243/2 1209/2 1208/2
f 1244/2 1236/2 1237/2
f 1209/2 1210/2 1238/2 1237/2
f 1243/2 1210/2 1209/2
f 1244/2 1237/2 1238/2
f 1210/2 1211/2 1239/2 1238/2
f 1243/2 1211/2 1210/2
f 1244/2 1238/2 1239/2
f 1211/2 1212/2 1240/2 1239/2
f 1243/2 1212/2 1211/2
f 1244/2 1239/2 1240/2
f 1212/2 1213/2 1241/2 1240/2
f 1243/2 1213/2 1212/2
f 1244/2 1240/2 1241/2
f 1213/2 1214/2 1242/2 1241/2
f 1243/2 1214/2 1213/2
f 1244/2 1241/2 1242/2
f 1214/2 1187/2 1215/2 1242/2
f 1243/2 1187/2 1214/2
f 1244/2 1242/2 1215/2
f 1303/2 1304/2 1328/2 1327/2
f 1351/2 1304/2 1303/2
f 1352/2 1327/2 1328/2
f 1304/2 1305/2 1329/2 1328/2
f 1351/2 1305/2 1304/2
f 1352/2 1328/2 1329/2
f 1305/2 1306/2 1330/2 1329/2
f 1351/2 1306/2 1305/2
f 1352/2 1329/2 1330/2
f 1306/2 1307/2 1331/2 1330/2
f 1351/2 1307/2 1306/2
f 1352/2 1330/2 1331/2
f 1307/2 1308/2 1332/2 1331/2
f 1351/2 1308/2 1307/2
f 1352/2 1331/2 1332/2
f 1308/2 1309/2 1333/2 1332/2
f 1351/2 1309/2 1308/2
f 1352/2 1332/2 1333/2
f 1309/2 1310/2 1334/2 1333/2
f 1351/2 1310/2 1309/2
f 1352/2 1333/2 1334/2
f 1310/2 1311/2 1335/2 1334/2
f 1351/2 1311/2 1310/2
f 1352/2 1334/2 1335/2
f 1311/2 1312/2 1336/2 1335/2
f 1351/2 1312/2 1311/2
f 1352/2 1335/2 1336/2
f 1312/2 1313/2 1337/2 1336/2
f 1351/2 1313/2 1312/2
f 1352/2 1336/2 1337/2
f 1313/2 1314/2 1338/2 1337/2
f 1351/2 1314/2 1313/2
f 1352/2 1337/2 1338/2
f 1314/2 1315/2 1339/2 1338/2
f 1351/2 1315/2 1314/2
f 1352/2 1338/2 1339/2
f 1315/2 1316/2 1340/2 1339/2
f 1351/2 1316/2 1315/2
f 1352/2 1339/2 1340/2
f 1316/2 1317/2 1341/2 1340/2
f 1351/2 1317/2 1316/2
f 1352/2 1340/2 1341/2
f 1317/2 1318/2 1342/2 1341/2
f 1351/2 1318/2 1317/2
f 1352/2 1341/2 1342/2
f 1318/2 1319/2 1343/2 1342/2
f 1351/2 1319/2 1318/2
f 1352/2 1342/2 1343/2
f 1319/2 1320/2 1344/2 1343/2
f 1351/2 1320/2 1319/2
f 1352/2 1343/2 1344/2
f 1320/2 1321/2 1345/2 1344/2
f 1351/2 1321/2 1320/2
f 1352/2 1344/2 1345/2
f 1321/2 1322/2 1346/2 1345/2
f 1351/2 1322/2 1321/2
f 1352/2 1345/2 1346/2
f 1322/2 1323/2 1347/2 1346/2
f 1351/2 1323/2 1322/2
f 1352/2 1346/2 1347/2
f 1323/2 1324/2 1348/2 1347/2
f 1351/2 1324/2 1323/2
f 1352/2 1347/2 1348/2
f 1324/2 1325/2 1349/2 1348/2
f 1351/2 1325/2 1324/2
f 1352/2 1348/2 1349/2
f 1325/2 1326/2 1350/2 1349/2
f 1351/2 1326/2 1325/2
f 1352/2 1349/2 1350/2
f 1326/2 1303/2 1327/2 1350/2
f 1351/2 1303/2 1326/2
f 1352/2 1350/2 1327/2
usemtl mint
f 181/3 182/3 188/3 187/3
f 182/3 183/3 189/3 188/3
f 183/3 184/3 190/3 189/3
f 184/3 185/3 191/3 190/3
f 185/3 186/3 192/3 191/3
f 186/3 181/3 187/3 192/3
f 187/3 188/3 194/3 193/3
f 188/3 189/3 195/3 194/3
f 189/3 190/3 196/3 195/3
f 190/3 191/3 197/3 196/3
f 191/3 192/3 198/3 197/3
f 192/3 187/3 193/3 198/3
f 193/3 194/3 200/3 199/3
f 194/3 195/3 201/3 200/3
f 195/3 196/3 202/3 201/3
f 196/3 197/3 203/3 202/3
f 197/3 198/3 204/3 203/3
f 198/3 193/3 199/3 204/3
f 199/3 200/3 206/3 205/3
f 200/3 201/3 207/3 206/3
f 201/3 202/3 208/3 207/3
f 202/3 203/3 209/3 208/3
f 203/3 204/3 210/3 209/3
f 204/3 199/3 205/3 210/3
f 205/3 206/3 212/3 211/3
f 206/3 207/3 213/3 212/3
f 207/3 208/3 214/3 213/3
f 208/3 209/3 215/3 214/3
f 209/3 210/3 216/3 215/3
f 210/3 205/3 211/3 216/3
f 211/3 212/3 218/3 217/3
f 212/3 213/3 219/3 218/3
f 213/3 214/3 220/3 219/3
f 214/3 215/3 221/3 220/3
f 215/3 216/3 222/3 221/3
f 216/3 211/3 217/3 222/3
f 217/3 218/3 224/3 223/3
f 218/3 219/3 225/3 224/3
f 219/3 220/3 226/3 225/3
f 220/3 221/3 227/3 226/3
f 221/3 222/3 228/3 227/3
f 222/3 217/3 223/3 228/3
f 223/3 224/3 230/3 229/3
f 224/3 225/3 231/3 230/3
f 225/3 226/3 232/3 231/3
f 226/3 227/3 233/3 232/3
f 227/3 228/3 234/3 233/3
f 228/3 223/3 229/3 234/3
f 229/3 230/3 236/3 235/3
f 230/3 231/3 237/3 236/3
f 231/3 232/3 238/3 237/3
f 232/3 233/3 239/3 238/3
f 233/3 234/3 240/3 239/3
f 234/3 229/3 235/3 240/3
f 235/3 236/3 242/3 241/3
f 236/3 237/3 243/3 242/3
f 237/3 238/3 244/3 243/3
f 238/3 239/3 245/3 244/3
f 239/3 240/3 246/3 245/3
f 240/3 235/3 241/3 246/3
f 241/3 242/3 248/3 247/3
f 242/3 243/3 249/3 248/3
f 243/3 244/3 250/3 249/3
f 244/3 245/3 251/3 250/3
f 245/3 246/3 252/3 251/3
f 246/3 241/3 247/3 252/3
f 247/3 248/3 254/3 253/3
f 248/3 249/3 255/3 254/3
f 249/3 250/3 256/3 255/3
f 250/3 251/3 257/3 256/3
f 251/3 252/3 258/3 257/3
f 252/3 247/3 253/3 258/3
f 253/3 254/3 260/3 259/3
f 254/3 255/3 261/3 260/3
f 255/3 256/3 262/3 261/3
f 256/3 257/3 263/3 262/3
f 257/3 258/3 264/3 263/3
f 258/3 253/3 259/3 264/3
f 259/3 260/3 266/3 265/3
f 260/3 261/3 267/3 266/3
f 261/3 262/3 268/3 267/3
f 262/3 263/3 269/3 268/3
f 263/3 264/3 270/3 269/3
f 264/3 259/3 265/3 270/3
f 265/3 266/3 272/3 271/3
f 266/3 267/3 273/3 272/3
f 267/3 268/3 274/3 273/3
f 268/3 269/3 275/3 274/3
f 269/3 270/3 276/3 275/3
f 270/3 265/3 271/3 276/3
f 271/3 272/3 278/3 277/3
f 272/3 273/3 279/3 278/3
f 273/3 274/3 280/3 279/3
f 274/3 275/3 281/3 280/3
f 275/3 276/3 282/3 281/3
f 276/3 271/3 277/3 282/3
f 277/3 278/3 284/3 283/3
f 278/3 279/3 285/3 284/3
f 279/3 280/3 286/3 285/3
f 280/3 281/3 287/3 286/3
f 281/3 282/3 288/3 287/3
f 282/3 277/3 283/3 288/3
f 283/3 284/3 290/3 289/3
f 284/3 285/3 291/3 290/3
f 285/3 286/3 292/3 291/3
f 286/3 287/3 293/3 292/3
f 287/3 288/3 294/3 293/3
f 288/3 283/3 289/3 294/3
f 289/3 290/3 296/3 295/3
f 290/3 291/3 297/3 296/3
f 291/3 292/3 298/3 297/3
f 292/3 293/3 299/3 298/3
f 293/3 294/3 300/3 299/3
f 294/3 289/3 295/3 300/3
f 295/3 296/3 302/3 301/3
f 296/3 297/3 303/3 302/3
f 297/3 298/3 304/3 303/3
f 298/3 299/3 305/3 304/3
f 299/3 300/3 306/3 305/3
f 300/3 295/3 301/3 306/3
f 301/3 302/3 308/3 307/3
f 302/3 303/3 309/3 308/3
f 303/3 304/3 310/3 309/3
f 304/3 305/3 311/3 310/3
f 305/3 306/3 312/3 311/3
f 306/3 301/3 307/3 312/3
f 307/3 308/3 314/3 313/3
f 308/3 309/3 315/3 314/3
f 309/3 310/3 316/3 315/3
f 310/3 311/3 317/3 316/3
f 311/3 312/3 318/3 317/3
f 312/3 307/3 313/3 318/3
f 313/3 314/3 320/3 319/3
f 314/3 315/3 321/3 320/3
f 315/3 316/3 322/3 321/3
f 316/3 317/3 323/3 322/3
f 317/3 318/3 324/3 323/3
f 318/3 313/3 319/3 324/3
f 319/3 320/3 326/3 325/3
f 320/3 321/3 327/3 326/3
f 321/3 322/3 328/3 327/3
f 322/3 323/3 329/3 328/3
f 323/3 324/3 330/3 329/3
f 324/3 319/3 325/3 330/3
f 325/3 326/3 332/3 331/3
f 326/3 327/3 333/3 332/3
f 327/3 328/3 334/3 333/3
f 328/3 329/3 335/3 334/3
f 329/3 330/3 336/3 335/3
f 330/3 325/3 331/3 336/3
f 331/3 332/3 338/3 337/3
f 332/3 333/3 339/3 338/3
f 333/3 334/3 340/3 339/3
f 334/3 335/3 341/3 340/3
f 335/3 336/3 342/3 341/3
f 336/3 331/3 337/3 342/3
f 337/3 338/3 344/3 343/3
f 338/3 339/3 345/3 344/3
f 339/3 340/3 346/3 345/3
f 340/3 341/3 347/3 346/3
f 341/3 342/3 348/3 347/3
f 342/3 337/3 343/3 348/3
f 343/3 344/3 350/3 349/3
f 344/3 345/3 351/3 350/3
f 345/3 346/3 352/3 351/3
f 346/3 347/3 353/3 352/3
f 347/3 348/3 354/3 353/3
f 348/3 343/3 349/3 354/3
f 349/3 350/3 356/3 355/3
f 350/3 351/3 357/3 356/3
f 351/3 352/3 358/3 357/3
f 352/3 353/3 359/3 358/3
f 353/3 354/3 360/3 359/3
f 354/3 349/3 355/3 360/3
f 355/3 356/3 362/3 361/3
f 356/3 357/3 363/3 362/3
f 357/3 358/3 364/3 363/3
f 358/3 359/3 365/3 364/3
f 359/3 360/3 366/3 365/3
f 360/3 355/3 361/3 366/3
f 361/3 362/3 368/3 367/3
f 362/3 363/3 369/3 368/3
f 363/3 364/3 370/3 369/3
f 364/3 365/3 371/3 370/3
f 365/3 366/3 372/3 371/3
f 366/3 361/3 367/3 372/3
f 367/3 368/3 374/3 373/3
f 368/3 369/3 375/3 374/3
f 369/3 370/3 376/3 375/3
f 370/3 371/3 377/3 376/3
f 371/3 372/3 378/3 377/3
f 372/3 367/3 373/3 378/3
f 373/3 374/3 380/3 379/3
f 374/3 375/3 381/3 380/3
f 375/3 376/3 382/3 381/3
f 376/3 377/3 383/3 382/3
f 377/3 378/3 384/3 383/3
f 378/3 373/3 379/3 384/3
f 379/3 380/3 386/3 385/3
f 380/3 381/3 387/3 386/3
f 381/3 382/3 388/3 387/3
f 382/3 383/3 389/3 388/3
f 383/3 384/3 390/3 389/3
f 384/3 379/3 385/3 390/3
f 385/3 386/3 392/3 391/3
f 386/3 387/3 393/3 392/3
f 387/3 388/3 394/3 393/3
f 388/3 389/3 395/3 394/3
f 389/3 390/3 396/3 395/3
f 390/3 385/3 391/3 396/3
f 391/3 392/3 398/3 397/3
f 392/3 393/3 399/3 398/3
f 393/3 394/3 400/3 399/3
f 394/3 395/3 401/3 400/3
f 395/3 396/3 402/3 401/3
f 396/3 391/3 397/3 402/3
f 397/3 398/3 404/3 403/3
f 398/3 399/3 405/3 404/3
f 399/3 400/3 406/3 405/3
f 400/3 401/3 407/3 406/3
f 401/3 402/3 408/3 407/3
f 402/3 397/3 403/3 408/3
f 403/3 404/3 410/3 409/3
f 404/3 405/3 411/3 410/3
f 405/3 406/3 412/3 411/3
f 406/3 407/3 413/3 412/3
f 407/3 408/3 414/3 413/3
f 408/3 403/3 409/3 414/3
f 409/3 410/3 416/3 415/3
f 410/3 411/3 417/3 416/3
f 411/3 412/3 418/3 417/3
f 412/3 413/3 419/3 418/3
f 413/3 414/3 420/3 419/3
f 414/3 409/3 415/3 420/3
f 415/3 416/3 422/3 421/3
f 416/3 417/3 423/3 422/3
f 417/3 418/3 424/3 423/3
f 418/3 419/3 425/3 424/3
f 419/3 420/3 426/3 425/3
f 420/3 415/3 421/3 426/3
f 421/3 422/3 428/3 427/3
f 422/3 423/3 429/3 428/3
f 423/3 424/3 430/3 429/3
f 424/3 425/3 431/3 430/3
f 425/3 426/3 432/3 431/3
f 426/3 421/3 427/3 432/3
f 427/3 428/3 434/3 433/3
f 428/3 429/3 435/3 434/3
f 429/3 430/3 436/3 435/3
f 430/3 431/3 437/3 436/3
f 431/3 432/3 438/3 437/3
f 432/3 427/3 433/3 438/3
f 433/3 434/3 440/3 439/3
f 434/3 435/3 441/3 440/3
f 435/3 436/3 442/3 441/3
f 436/3 437/3 443/3 442/3
f 437/3 438/3 444/3 443/3
f 438/3 433/3 439/3 444/3
f 439/3 440/3 182/3 181/3
f 440/3 441/3 183/3 182/3
f 441/3 442/3 184/3 183/3
f 442/3 443/3 185/3 184/3
f 443/3 444/3 186/3 185/3
f 444/3 439/3 181/3 186/3
f 625/3 626/3 631/3 630/3
f 626/3 627/3 632/3 631/3
f 627/3 628/3 633/3 632/3
f 628/3 629/3 634/3 633/3
f 629/3 625/3 630/3 634/3
f 630/3 631/3 636/3 635/3
f 631/3 632/3 637/3 636/3
f 632/3 633/3 638/3 637/3
f 633/3 634/3 639/3 638/3
f 634/3 630/3 635/3 639/3
f 635/3 636/3 641/3 640/3
f 636/3 637/3 642/3 641/3
f 637/3 638/3 643/3 642/3
f 638/3 639/3 644/3 643/3
f 639/3 635/3 640/3 644/3
f 640/3 641/3 646/3 645/3
f 641/3 642/3 647/3 646/3
f 642/3 643/3 648/3 647/3
f 643/3 644/3 649/3 648/3
f 644/3 640/3 645/3 649/3
f 645/3 646/3 651/3 650/3
f 646/3 647/3 652/3 651/3
f 647/3 648/3 653/3 652/3
f 648/3 649/3 654/3 653/3
f 649/3 645/3 650/3 654/3
f 650/3 651/3 656/3 655/3
f 651/3 652/3 657/3 656/3
f 652/3 653/3 658/3 657/3
f 653/3 654/3 659/3 658/3
f 654/3 650/3 655/3 659/3
f 655/3 656/3 661/3 660/3
f 656/3 657/3 662/3 661/3
f 657/3 658/3 663/3 662/3
f 658/3 659/3 664/3 663/3
f 659/3 655/3 660/3 664/3
f 660/3 661/3 666/3 665/3
f 661/3 662/3 667/3 666/3
f 662/3 663/3 668/3 667/3
f 663/3 664/3 669/3 668/3
f 664/3 660/3 665/3 669/3
f 665/3 666/3 671/3 670/3
f 666/3 667/3 672/3 671/3
f 667/3 668/3 673/3 672/3
f 668/3 669/3 674/3 673/3
f 669/3 665/3 670/3 674/3
f 670/3 671/3 676/3 675/3
f 671/3 672/3 677/3 676/3
f 672/3 673/3 678/3 677/3
f 673/3 674/3 679/3 678/3
f 674/3 670/3 675/3 679/3
f 675/3 676/3 681/3 680/3
f 676/3 677/3 682/3 681/3
f 677/3 678/3 683/3 682/3
f 678/3 679/3 684/3 683/3
f 679/3 675/3 680/3 684/3
f 680/3 681/3 686/3 685/3
f 681/3 682/3 687/3 686/3
f 682/3 683/3 688/3 687/3
f 683/3 684/3 689/3 688/3
f 684/3 680/3 685/3 689/3
f 685/3 686/3 691/3 690/3
f 686/3 687/3 692/3 691/3
f 687/3 688/3 693/3 692/3
f 688/3 689/3 694/3 693/3
f 689/3 685/3 690/3 694/3
f 690/3 691/3 696/3 695/3
f 691/3 692/3 697/3 696/3
f 692/3 693/3 698/3 697/3
f 693/3 694/3 699/3 698/3
f 694/3 690/3 695/3 699/3
f 695/3 696/3 701/3 700/3
f 696/3 697/3 702/3 701/3
f 697/3 698/3 703/3 702/3
f 698/3 699/3 704/3 703/3
f 699/3 695/3 700/3 704/3
f 700/3 701/3 706/3 705/3
f 701/3 702/3 707/3 706/3
f 702/3 703/3 708/3 707/3
f 703/3 704/3 709/3 708/3
f 704/3 700/3 705/3 709/3
f 705/3 706/3 711/3 710/3
f 706/3 707/3 712/3 711/3
f 707/3 708/3 713/3 712/3
f 708/3 709/3 714/3 713/3
f 709/3 705/3 710/3 714/3
f 710/3 711/3 716/3 715/3
f 711/3 712/3 717/3 716/3
f 712/3 713/3 718/3 717/3
f 713/3 714/3 719/3 718/3
f 714/3 710/3 715/3 719/3
f 715/3 716/3 721/3 720/3
f 716/3 717/3 722/3 721/3
f 717/3 718/3 723/3 722/3
f 718/3 719/3 724/3 723/3
f 719/3 715/3 720/3 724/3
f 720/3 721/3 726/3 725/3
f 721/3 722/3 727/3 726/3
f 722/3 723/3 728/3 727/3
f 723/3 724/3 729/3 728/3
f 724/3 720/3 725/3 729/3
f 725/3 726/3 731/3 730/3
f 726/3 727/3 732/3 731/3
f 727/3 728/3 733/3 732/3
f 728/3 729/3 734/3 733/3
f 729/3 725/3 730/3 734/3
f 730/3 731/3 736/3 735/3
f 731/3 732/3 737/3 736/3
f 732/3 733/3 738/3 737/3
f 733/3 734/3 739/3 738/3
f 734/3 730/3 735/3 739/3
f 735/3 736/3 741/3 740/3
f 736/3 737/3 742/3 741/3
f 737/3 738/3 743/3 742/3
f 738/3 739/3 744/3 743/3
f 739/3 735/3 740/3 744/3
f 740/3 741/3 746/3 745/3
f 741/3 742/3 747/3 746/3
f 742/3 743/3 748/3 747/3
f 743/3 744/3 749/3 748/3
f 744/3 740/3 745/3 749/3
f 745/3 746/3 751/3 750/3
f 746/3 747/3 752/3 751/3
f 747/3 748/3 753/3 752/3
f 748/3 749/3 754/3 753/3
f 749/3 745/3 750/3 754/3
f 750/3 751/3 756/3 755/3
f 751/3 752/3 757/3 756/3
f 752/3 753/3 758/3 757/3
f 753/3 754/3 759/3 758/3
f 754/3 750/3 755/3 759/3
f 755/3 756/3 761/3 760/3
f 756/3 757/3 762/3 761/3
f 757/3 758/3 763/3 762/3
f 758/3 759/3 764/3 763/3
f 759/3 755/3 760/3 764/3
f 760/3 761/3 766/3 765/3
f 761/3 762/3 767/3 766/3
f 762/3 763/3 768/3 767/3
f 763/3 764/3 769/3 768/3
f 764/3 760/3 765/3 769/3
f 765/3 766/3 771/3 770/3
f 766/3 767/3 772/3 771/3
f 767/3 768/3 773/3 772/3
f 768/3 769/3 774/3 773/3
f 769/3 765/3 770/3 774/3
f 770/3 771/3 776/3 775/3
f 771/3 772/3 777/3 776/3
f 772/3 773/3 778/3 777/3
f 773/3 774/3 779/3 778/3
f 774/3 770/3 775/3 779/3
f 775/3 776/3 781/3 780/3
f 776/3 777/3 782/3 781/3
f 777/3 778/3 783/3 782/3
f 778/3 779/3 784/3 783/3
f 779/3 775/3 780/3 784/3
f 780/3 781/3 786/3 785/3
f 781/3 782/3 787/3 786/3
f 782/3 783/3 788/3 787/3
f 783/3 784/3 789/3 788/3
f 784/3 780/3 785/3 789/3
f 785/3 786/3 791/3 790/3
f 786/3 787/3 792/3 791/3
f 787/3 788/3 793/3 792/3
f 788/3 789/3 794/3 793/3
f 789/3 785/3 790/3 794/3
f 790/3 791/3 796/3 795/3
f 791/3 792/3 797/3 796/3
f 792/3 793/3 798/3 797/3
f 793/3 794/3 799/3 798/3
f 794/3 790/3 795/3 799/3
f 795/3 796/3 801/3 800/3
f 796/3 797/3 802/3 801/3
f 797/3 798/3 803/3 802/3
f 798/3 799/3 804/3 803/3
f 799/3 795/3 800/3 804/3
f 800/3 801/3 626/3 625/3
f 801/3 802/3 627/3 626/3
f 802/3 803/3 628/3 627/3
f 803/3 804/3 629/3 628/3
f 804/3 800/3 625/3 629/3
f 985/3 986/3 991/3 990/3
f 986/3 987/3 992/3 991/3
f 987/3 988/3 993/3 992/3
f 988/3 989/3 994/3 993/3
f 989/3 985/3 990/3 994/3
f 990/3 991/3 996/3 995/3
f 991/3 992/3 997/3 996/3
f 992/3 993/3 998/3 997/3
f 993/3 994/3 999/3 998/3
f 994/3 990/3 995/3 999/3
f 995/3 996/3 1001/3 1000/3
f 996/3 997/3 1002/3 1001/3
f 997/3 998/3 1003/3 1002/3
f 998/3 999/3 1004/3 1003/3
f 999/3 995/3 1000/3 1004/3
f 1000/3 1001/3 1006/3 1005/3
f 1001/3 1002/3 1007/3 1006/3
f 1002/3 1003/3 1008/3 1007/3
f 1003/3 1004/3 1009/3 1008/3
f 1004/3 1000/3 1005/3 1009/3
f 1005/3 1006/3 1011/3 1010/3
f 1006/3 1007/3 1012/3 1011/3
f 1007/3 1008/3 1013/3 1012/3
f 1008/3 1009/3 1014/3 1013/3
f 1009/3 1005/3 1010/3 1014/3
f 1010/3 1011/3 1016/3 1015/3
f 1011/3 1012/3 1017/3 1016/3
f 1012/3 1013/3 1018/3 1017/3
f 1013/3 1014/3 1019/3 1018/3
f 1014/3 1010/3 1015/3 1019/3
f 1015/3 1016/3 1021/3 1020/3
f 1016/3 1017/3 1022/3 1021/3
f 1017/3 1018/3 1023/3 1022/3
f 1018/3 1019/3 1024/3 1023/3
f 1019/3 1015/3 1020/3 1024/3
f 1020/3 1021/3 1026/3 1025/3
f 1021/3 1022/3 1027/3 1026/3
f 1022/3 1023/3 1028/3 1027/3
f 1023/3 1024/3 1029/3 1028/3
f 1024/3 1020/3 1025/3 1029/3
f 1025/3 1026/3 1031/3 1030/3
f 1026/3 1027/3 1032/3 1031/3
f 1027/3 1028/3 1033/3 1032/3
f 1028/3 1029/3 1034/3 1033/3
f 1029/3 1025/3 1030/3 1034/3
f 1030/3 1031/3 1036/3 1035/3
f 1031/3 1032/3 1037/3 1036/3
f 1032/3 1033/3 1038/3 1037/3
f 1033/3 1034/3 1039/3 1038/3
f 1034/3 1030/3 1035/3 1039/3
f 1035/3 1036/3 1041/3 1040/3
f 1036/3 1037/3 1042/3 1041/3
f 1037/3 1038/3 1043/3 1042/3
f 1038/3 1039/3 1044/3 1043/3
f 1039/3 1035/3 1040/3 1044/3
f 1040/3 1041/3 1046/3 1045/3
f 1041/3 1042/3 1047/3 1046/3
f 1042/3 1043/3 1048/3 1047/3
f 1043/3 1044/3 1049/3 1048/3
f 1044/3 1040/3 1045/3 1049/3
f 1045/3 1046/3 1051/3 1050/3
f 1046/3 1047/3 1052/3 1051/3
f 1047/3 1048/3 1053/3 1052/3
f 1048/3 1049/3 1054/3 1053/3
f 1049/3 1045/3 1050/3 1054/3
f 1050/3 1051/3 1056/3 1055/3
f 1051/3 1052/3 1057/3 1056/3
f 1052/3 1053/3 1058/3 1057/3
f 1053/3 1054/3 1059/3 1058/3
f 1054/3 1050/3 1055/3 1059/3
f 1055/3 1056/3 1061/3 1060/3
f 1056/3 1057/3 1062/3 1061/3
f 1057/3 1058/3 1063/3 1062/3
f 1058/3 1059/3 1064/3 1063/3
f 1059/3 1055/3 1060/3 1064/3
f 1060/3 1061/3 1066/3 1065/3
f 1061/3 1062/3 1067/3 1066/3
f 1062/3 1063/3 1068/3 1067/3
f 1063/3 1064/3 1069/3 1068/3
f 1064/3 1060/3 1065/3 1069/3
f 1065/3 1066/3 1071/3 1070/3
f 1066/3 1067/3 1072/3 1071/3
f 1067/3 1068/3 1073/3 1072/3
f 1068/3 1069/3 1074/3 1073/3
f 1069/3 1065/3 1070/3 1074/3
f 1070/3 1071/3 1076/3 1075/3
f 1071/3 1072/3 1077/3 1076/3
f 1072/3 1073/3 1078/3 1077/3
f 1073/3 1074/3 1079/3 1078/3
f 1074/3 1070/3 1075/3 1079/3
f 1075/3 1076/3 1081/3 1080/3
f 1076/3 1077/3 1082/3 1081/3
f 1077/3 1078/3 1083/3 1082/3
f 1078/3 1079/3 1084/3 1083/3
f 1079/3 1075/3 1080/3 1084/3
f 1080/3 1081/3 1086/3 1085/3
f 1081/3 1082/3 1087/3 1086/3
f 1082/3 1083/3 1088/3 1087/3
f 1083/3 1084/3 1089/3 1088/3
f 1084/3 1080/3 1085/3 1089/3
f 1085/3 1086/3 1091/3 1090/3
f 1086/3 1087/3 1092/3 1091/3
f 1087/3 1088/3 1093/3 1092/3
f 1088/3 1089/3 1094/3 1093/3
f 1089/3 1085/3 1090/3 1094/3
f 1090/3 1091/3 1096/3 1095/3
f 1091/3 1092/3 1097/3 1096/3
f 1092/3 1093/3 1098/3 1097/3
f 1093/3 1094/3 1099/3 1098/3
f 1094/3 1090/3 1095/3 1099/3
f 1095/3 1096/3 1101/3 1100/3
f 1096/3 1097/3 1102/3 1101/3
f 1097/3 1098/3 1103/3 1102/3
f 1098/3 1099/3 1104/3 1103/3
f 1099/3 1095/3 1100/3 1104/3
f 1100/3 1101/3 1106/3 1105/3
f 1101/3 1102/3 1107/3 1106/3
f 1102/3 1103/3 1108/3 1107/3
f 1103/3 1104/3 1109/3 1108/3
f 1104/3 1100/3 1105/3 1109/3
f 1105/3 1106/3 1111/3 1110/3
f 1106/3 1107/3 1112/3 1111/3
f 1107/3 1108/3 1113/3 1112/3
f 1108/3 1109/3 1114/3 1113/3
f 1109/3 1105/3 1110/3 1114/3
f 1110/3 1111/3 1116/3 1115/3
f 1111/3 1112/3 1117/3 1116/3
f 1112/3 1113/3 1118/3 1117/3
f 1113/3 1114/3 1119/3 1118/3
f 1114/3 1110/3 1115/3 1119/3
f 1115/3 1116/3 1121/3 1120/3
f 1116/3 1117/3 1122/3 1121/3
f 1117/3 1118/3 1123/3 1122/3
f 1118/3 1119/3 1124/3 1123/3
f 1119/3 1115/3 1120/3 1124/3
f 1120/3 1121/3 1126/3 1125/3
f 1121/3 1122/3 1127/3 1126/3
f 1122/3 1123/3 1128/3 1127/3
f 1123/3 1124/3 1129/3 1128/3
f 1124/3 1120/3 1125/3 1129/3
f 1125/3 1126/3 1131/3 1130/3
f 1126/3 1127/3 1132/3 1131/3
f 1127/3 1128/3 1133/3 1132/3
f 1128/3 1129/3 1134/3 1133/3
f 1129/3 1125/3 1130/3 1134/3
f 1130/3 1131/3 1136/3 1135/3
f 1131/3 1132/3 1137/3 1136/3
f 1132/3 1133/3 1138/3 1137/3
f 1133/3 1134/3 1139/3 1138/3
f 1134/3 1130/3 1135/3 1139/3
f 1135/3 1136/3 1141/3 1140/3
f 1136/3 1137/3 1142/3 1141/3
f 1137/3 1138/3 1143/3 1142/3
f 1138/3 1139/3 1144/3 1143/3
f 1139/3 1135/3 1140/3 1144/3
f 1140/3 1141/3 1146/3 1145/3
f 1141/3 1142/3 1147/3 1146/3
f 1142/3 1143/3 1148/3 1147/3
f 1143/3 1144/3 1149/3 1148/3
f 1144/3 1140/3 1145/3 1149/3
f 1145/3 1146/3 1151/3 1150/3
f 1146/3 1147/3 1152/3 1151/3
f 1147/3 1148/3 1153/3 1152/3
f 1148/3 1149/3 1154/3 1153/3
f 1149/3 1145/3 1150/3 1154/3
f 1150/3 1151/3 1156/3 1155/3
f 1151/3 1152/3 1157/3 1156/3
f 1152/3 1153/3 1158/3 1157/3
f 1153/3 1154/3 1159/3 1158/3
f 1154/3 1150/3 1155/3 1159/3
f 1155/3 1156/3 1161/3 1160/3
f 1156/3 1157/3 1162/3 1161/3
f 1157/3 1158/3 1163/3 1162/3
f 1158/3 1159/3 1164/3 1163/3
f 1159/3 1155/3 1160/3 1164/3
f 1160/3 1161/3 986/3 985/3
f 1161/3 1162/3 987/3 986/3
f 1162/3 1163/3 988/3 987/3
f 1163/3 1164/3 989/3 988/3
f 1164/3 1160/3 985/3 989/3
f 1414/3 1416/3 1415/3 1413/3
f 1413/3 1415/3 1461/3
f 1416/3 1414/3 1462/3
f 1416/3 1418/3 1417/3 1415/3
f 1415/3 1417/3 1461/3
f 1418/3 1416/3 1462/3
f 1418/3 1420/3 1419/3 1417/3
f 1417/3 1419/3 1461/3
f 1420/3 1418/3 1462/3
f 1420/3 1422/3 1421/3 1419/3
f 1419/3 1421/3 1461/3
f 1422/3 1420/3 1462/3
f 1422/3 1424/3 1423/3 1421/3
f 1421/3 1423/3 1461/3
f 1424/3 1422/3 1462/3
f 1424/3 1426/3 1425/3 1423/3
f 1423/3 1425/3 1461/3
f 1426/3 1424/3 1462/3
f 1426/3 1428/3 1427/3 1425/3
f 1425/3 1427/3 1461/3
f 1428/3 1426/3 1462/3
f 1428/3 1430/3 1429/3 1427/3
f 1427/3 1429/3 1461/3
f 1430/3 1428/3 1462/3
f 1430/3 1432/3 1431/3 1429/3
f 1429/3 1431/3 1461/3
f 1432/3 1430/3 1462/3
f 1432/3 1434/3 1433/3 1431/3
f 1431/3 1433/3 1461/3
f 1434/3 1432/3 1462/3
f 1434/3 1436/3 1435/3 1433/3
f 1433/3 1435/3 1461/3
f 1436/3 1434/3 1462/3
f 1436/3 1438/3 1437/3 1435/3
f 1435/3 1437/3 1461/3
f 1438/3 1436/3 1462/3
f 1438/3 1440/3 1439/3 1437/3
f 1437/3 1439/3 1461/3
f 1440/3 1438/3 1462/3
f 1440/3 1442/3 1441/3 1439/3
f 1439/3 1441/3 1461/3
f 1442/3 1440/3 1462/3
f 1442/3 1444/3 1443/3 1441/3
f 1441/3 1443/3 1461/3
f 1444/3 1442/3 1462/3
f 1444/3 1446/3 1445/3 1443/3
f 1443/3 1445/3 1461/3
f 1446/3 1444/3 1462/3
f 1446/3 1448/3 1447/3 1445/3
f 1445/3 1447/3 1461/3
f 1448/3 1446/3 1462/3
f 1448/3 1450/3 1449/3 1447/3
f 1447/3 1449/3 1461/3
f 1450/3 1448/3 1462/3
f 1450/3 1452/3 1451/3 1449/3
f 1449/3 1451/3 1461/3
f 1452/3 1450/3 1462/3
f 1452/3 1454/3 1453/3 1451/3
f 1451/3 1453/3 1461/3
f 1454/3 1452/3 1462/3
f 1454/3 1456/3 1455/3 1453/3
f 1453/3 1455/3 1461/3
f 1456/3 1454/3 1462/3
f 1456/3 1458/3 1457/3 1455/3
f 1455/3 1457/3 1461/3
f 1458/3 1456/3 1462/3
f 1458/3 1460/3 1459/3 1457/3
f 1457/3 1459/3 1461/3
f 1460/3 1458/3 1462/3
f 1460/3 1414/3 1413/3 1459/3
f 1459/3 1413/3 1461/3
f 1414/3 1460/3 1462/3
f 1482/3 1484/3 1483/3 1481/3
f 1481/3 1483/3 1529/3
f 1484/3 1482/3 1530/3
f 1484/3 1486/3 1485/3 1483/3
f 1483/3 1485/3 1529/3
f 1486/3 1484/3 1530/3
f 1486/3 1488/3 1487/3 1485/3
f 1485/3 1487/3 1529/3
f 1488/3 1486/3 1530/3
f 1488/3 1490/3 1489/3 1487/3
f 1487/3 1489/3 1529/3
f 1490/3 1488/3 1530/3
f 1490/3 1492/3 1491/3 1489/3
f 1489/3 1491/3 1529/3
f 1492/3 1490/3 1530/3
f 1492/3 1494/3 1493/3 1491/3
f 1491/3 1493/3 1529/3
f 1494/3 1492/3 1530/3
f 1494/3 1496/3 1495/3 1493/3
f 1493/3 1495/3 1529/3
f 1496/3 1494/3 1530/3
f 1496/3 1498/3 1497/3 1495/3
f 1495/3 1497/3 1529/3
f 1498/3 1496/3 1530/3
f 1498/3 1500/3 1499/3 1497/3
f 1497/3 1499/3 1529/3
f 1500/3 1498/3 1530/3
f 1500/3 1502/3 1501/3 1499/3
f 1499/3 1501/3 1529/3
f 1502/3 1500/3 1530/3
f 1502/3 1504/3 1503/3 1501/3
f 1501/3 1503/3 1529/3
f 1504/3 1502/3 1530/3
f 1504/3 1506/3 1505/3 1503/3
f 1503/3 1505/3 1529/3
f 1506/3 1504/3 1530/3
f 1506/3 1508/3 1507/3 1505/3
f 1505/3 1507/3 1529/3
f 1508/3 1506/3 1530/3
f 1508/3 1510/3 1509/3 1507/3
f 1507/3 1509/3 1529/3
f 1510/3 1508/3 1530/3
f 1510/3 1512/3 1511/3 1509/3
f 1509/3 1511/3 1529/3
f 1512/3 1510/3 1530/3
f 1512/3 1514/3 1513/3 1511/3
f 1511/3 1513/3 1529/3
f 1514/3 1512/3 1530/3
f 1514/3 1516/3 1515/3 1513/3
f 1513/3 1515/3 1529/3
f 1516/3 1514/3 1530/3
f 1516/3 1518/3 1517/3 1515/3
f 1515/3 1517/3 1529/3
f 1518/3 1516/3 1530/3
f 1518/3 1520/3 1519/3 1517/3
f 1517/3 1519/3 1529/3
f 1520/3 1518/3 1530/3
f 1520/3 1522/3 1521/3 1519/3
f 1519/3 1521/3 1529/3
f 1522/3 1520/3 1530/3
f 1522/3 1524/3 1523/3 1521/3
f 1521/3 1523/3 1529/3
f 1524/3 1522/3 1530/3
f 1524/3 1526/3 1525/3 1523/3
f 1523/3 1525/3 1529/3
f 1526/3 1524/3 1530/3
f 1526/3 1528/3 1527/3 1525/3
f 1525/3 1527/3 1529/3
f 1528/3 1526/3 1530/3
f 1528/3 1482/3 1481/3 1527/3
f 1527/3 1481/3 1529/3
f 1482/3 1528/3 1530/3
f 1550/3 1552/3 1551/3 1549/3
f 1549/3 1551/3 1597/3
f 1552/3 1550/3 1598/3
f 1552/3 1554/3 1553/3 1551/3
f 1551/3 1553/3 1597/3
f 1554/3 1552/3 1598/3
f 1554/3 1556/3 1555/3 1553/3
f 1553/3 1555/3 1597/3
f 1556/3 1554/3 1598/3
f 1556/3 1558/3 1557/3 1555/3
f 1555/3 1557/3 1597/3
f 1558/3 1556/3 1598/3
f 1558/3 1560/3 1559/3 1557/3
f 1557/3 1559/3 1597/3
f 1560/3 1558/3 1598/3
f 1560/3 1562/3 1561/3 1559/3
f 1559/3 1561/3 1597/3
f 1562/3 1560/3 1598/3
f 1562/3 1564/3 1563/3 1561/3
f 1561/3 1563/3 1597/3
f 1564/3 1562/3 1598/3
f 1564/3 1566/3 1565/3 1563/3
f 1563/3 1565/3 1597/3
f 1566/3 1564/3 1598/3
f 1566/3 1568/3 1567/3 1565/3
f 1565/3 1567/3 1597/3
f 1568/3 1566/3 1598/3
f 1568/3 1570/3 1569/3 1567/3
f 1567/3 1569/3 1597/3
f 1570/3 1568/3 1598/3
f 1570/3 1572/3 1571/3 1569/3
f 1569/3 1571/3 1597/3
f 1572/3 1570/3 1598/3
f 1572/3 1574/3 1573/3 1571/3
f 1571/3 1573/3 1597/3
f 1574/3 1572/3 1598/3
f 1574/3 1576/3 1575/3 1573/3
f 1573/3 1575/3 1597/3
f 1576/3 1574/3 1598/3
f 1576/3 1578/3 1577/3 1575/3
f 1575/3 1577/3 1597/3
f 1578/3 1576/3 1598/3
f 1578/3 1580/3 1579/3 1577/3
f 1577/3 1579/3 1597/3
f 1580/3 1578/3 1598/3
f 1580/3 1582/3 1581/3 1579/3
f 1579/3 1581/3 1597/3
f 1582/3 1580/3 1598/3
f 1582/3 1584/3 1583/3 1581/3
f 1581/3 1583/3 1597/3
f 1584/3 1582/3 1598/3
f 1584/3 1586/3 1585/3 1583/3
f 1583/3 1585/3 1597/3
f 1586/3 1584/3 1598/3
f 1586/3 1588/3 1587/3 1585/3
f 1585/3 1587/3 1597/3
f 1588/3 1586/3 1598/3
f 1588/3 1590/3 1589/3 1587/3
f 1587/3 1589/3 1597/3
f 1590/3 1588/3 1598/3
f 1590/3 1592/3 1591/3 1589/3
f 1589/3 1591/3 1597/3
f 1592/3 1590/3 1598/3
f 1592/3 1594/3 1593/3 1591/3
f 1591/3 1593/3 1597/3
f 1594/3 1592/3 1598/3
f 1594/3 1596/3 1595/3 1593/3
f 1593/3 1595/3 1597/3
f 1596/3 1594/3 1598/3
f 1596/3 1550/3 1549/3 1595/3
f 1595/3 1549/3 1597/3
f 1550/3 1596/3 1598/3
f 1618/3 1620/3 1619/3 1617/3
f 1617/3 1619/3 1665/3
f 1620/3 1618/3 1666/3
f 1620/3 1622/3 1621/3 1619/3
f 1619/3 1621/3 1665/3
f 1622/3 1620/3 1666/3
f 1622/3 1624/3 1623/3 1621/3
f 1621/3 1623/3 1665/3
f 1624/3 1622/3 1666/3
f 1624/3 1626/3 1625/3 1623/3
f 1623/3 1625/3 1665/3
f 1626/3 1624/3 1666/3
f 1626/3 1628/3 1627/3 1625/3
f 1625/3 1627/3 1665/3
f 1628/3 1626/3 1666/3
f 1628/3 1630/3 1629/3 1627/3
f 1627/3 1629/3 1665/3
f 1630/3 1628/3 1666/3
f 1630/3 1632/3 1631/3 1629/3
f 1629/3 1631/3 1665/3
f 1632/3 1630/3 1666/3
f 1632/3 1634/3 1633/3 1631/3
f 1631/3 1633/3 1665/3
f 1634/3 1632/3 1666/3
f 1634/3 1636/3 1635/3 1633/3
f 1633/3 1635/3 1665/3
f 1636/3 1634/3 1666/3
f 1636/3 1638/3 1637/3 1635/3
f 1635/3 1637/3 1665/3
f 1638/3 1636/3 1666/3
f 1638/3 1640/3 1639/3 1637/3
f 1637/3 1639/3 1665/3
f 1640/3 1638/3 1666/3
f 1640/3 1642/3 1641/3 1639/3
f 1639/3 1641/3 1665/3
f 1642/3 1640/3 1666/3
f 1642/3 1644/3 1643/3 1641/3
f 1641/3 1643/3 1665/3
f 1644/3 1642/3 1666/3
f 1644/3 1646/3 1645/3 1643/3
f 1643/3 1645/3 1665/3
f 1646/3 1644/3 1666/3
f 1646/3 1648/3 1647/3 1645/3
f 1645/3 1647/3 1665/3
f 1648/3 1646/3 1666/3
f 1648/3 1650/3 1649/3 1647/3
f 1647/3 1649/3 1665/3
f 1650/3 1648/3 1666/3
f 1650/3 1652/3 1651/3 1649/3
f 1649/3 1651/3 1665/3
f 1652/3 1650/3 1666/3
f 1652/3 1654/3 1653/3 1651/3
f 1651/3 1653/3 1665/3
f 1654/3 1652/3 1666/3
f 1654/3 1656/3 1655/3 1653/3
f 1653/3 1655/3 1665/3
f 1656/3 1654/3 1666/3
f 1656/3 1658/3 1657/3 1655/3
f 1655/3 1657/3 1665/3
f 1658/3 1656/3 1666/3
f 1658/3 1660/3 1659/3 1657/3
f 1657/3 1659/3 1665/3
f 1660/3 1658/3 1666/3
f 1660/3 1662/3 1661/3 1659/3
f 1659/3 1661/3 1665/3
f 1662/3 1660/3 1666/3
f 1662/3 1664/3 1663/3 1661/3
f 1661/3 1663/3 1665/3
f 1664/3 1662/3 1666/3
f 1664/3 1618/3 1617/3 1663/3
f 1663/3 1617/3 1665/3
f 1618/3 1664/3 1666/3
f 1686/3 1688/3 1687/3 1685/3
f 1685/3 1687/3 1733/3
f 1688/3 1686/3 1734/3
f 1688/3 1690/3 1689/3 1687/3
f 1687/3 1689/3 1733/3
f 1690/3 1688/3 1734/3
f 1690/3 1692/3 1691/3 1689/3
f 1689/3 1691/3 1733/3
f 1692/3 1690/3 1734/3
f 1692/3 1694/3 1693/3 1691/3
f 1691/3 1693/3 1733/3
f 1694/3 1692/3 1734/3
f 1694/3 1696/3 1695/3 1693/3
f 1693/3 1695/3 1733/3
f 1696/3 1694/3 1734/3
f 1696/3 1698/3 1697/3 1695/3
f 1695/3 1697/3 1733/3
f 1698/3 1696/3 1734/3
f 1698/3 1700/3 1699/3 1697/3
f 1697/3 1699/3 1733/3
f 1700/3 1698/3 1734/3
f 1700/3 1702/3 1701/3 1699/3
f 1699/3 1701/3 1733/3
f 1702/3 1700/3 1734/3
f 1702/3 1704/3 1703/3 1701/3
f 1701/3 1703/3 1733/3
f 1704/3 1702/3 1734/3
f 1704/3 1706/3 1705/3 1703/3
f 1703/3 1705/3 1733/3
f 1706/3 1704/3 1734/3
f 1706/3 1708/3 1707/3 1705/3
f 1705/3 1707/3 1733/3
f 1708/3 1706/3 1734/3
f 1708/3 1710/3 1709/3 1707/3
f 1707/3 1709/3 1733/3
f 1710/3 1708/3 1734/3
f 1710/3 1712/3 1711/3 1709/3
f 1709/3 1711/3 1733/3
f 1712/3 1710/3 1734/3
f 1712/3 1714/3 1713/3 1711/3
f 1711/3 1713/3 1733/3
f 1714/3 1712/3 1734/3
f 1714/3 1716/3 1715/3 1713/3
f 1713/3 1715/3 1733/3
f 1716/3 1714/3 1734/3
f 1716/3 1718/3 1717/3 1715/3
f 1715/3 1717/3 1733/3
f 1718/3 1716/3 1734/3
f 1718/3 1720/3 1719/3 1717/3
f 1717/3 1719/3 1733/3
f 1720/3 1718/3 1734/3
f 1720/3 1722/3 1721/3 1719/3
f 1719/3 1721/3 1733/3
f 1722/3 1720/3 1734/3
f 1722/3 1724/3 1723/3 1721/3
f 1721/3 1723/3 1733/3
f 1724/3 1722/3 1734/3
f 1724/3 1726/3 1725/3 1723/3
f 1723/3 1725/3 1733/3
f 1726/3 1724/3 1734/3
f 1726/3 1728/3 1727/3 1725/3
f 1725/3 1727/3 1733/3
f 1728/3 1726/3 1734/3
f 1728/3 1730/3 1729/3 1727/3
f 1727/3 1729/3 1733/3
f 1730/3 1728/3 1734/3
f 1730/3 1732/3 1731/3 1729/3
f 1729/3 1731/3 1733/3
f 1732/3 1730/3 1734/3
f 1732/3 1686/3 1685/3 1731/3
f 1731/3 1685/3 1733/3
f 1686/3 1732/3 1734/3
f 1754/3 1756/3 1755/3 1753/3
f 1753/3 1755/3 1801/3
f 1756/3 1754/3 1802/3
f 1756/3 1758/3 1757/3 1755/3
f 1755/3 1757/3 1801/3
f 1758/3 1756/3 1802/3
f 1758/3 1760/3 1759/3 1757/3
f 1757/3 1759/3 1801/3
f 1760/3 1758/3 1802/3
f 1760/3 1762/3 1761/3 1759/3
f 1759/3 1761/3 1801/3
f 1762/3 1760/3 1802/3
f 1762/3 1764/3 1763/3 1761/3
f 1761/3 1763/3 1801/3
f 1764/3 1762/3 1802/3
f 1764/3 1766/3 1765/3 1763/3
f 1763/3 1765/3 1801/3
f 1766/3 1764/3 1802/3
f 1766/3 1768/3 1767/3 1765/3
f 1765/3 1767/3 1801/3
f 1768/3 1766/3 1802/3
f 1768/3 1770/3 1769/3 1767/3
f 1767/3 1769/3 1801/3
f 1770/3 1768/3 1802/3
f 1770/3 1772/3 1771/3 1769/3
f 1769/3 1771/3 1801/3
f 1772/3 1770/3 1802/3
f 1772/3 1774/3 1773/3 1771/3
f 1771/3 1773/3 1801/3
f 1774/3 1772/3 1802/3
f 1774/3 1776/3 1775/3 1773/3
f 1773/3 1775/3 1801/3
f 1776/3 1774/3 1802/3
f 1776/3 1778/3 1777/3 1775/3
f 1775/3 1777/3 1801/3
f 1778/3 1776/3 1802/3
f 1778/3 1780/3 1779/3 1777/3
f 1777/3 1779/3 1801/3
f 1780/3 1778/3 1802/3
f 1780/3 1782/3 1781/3 1779/3
f 1779/3 1781/3 1801/3
f 1782/3 1780/3 1802/3
f 1782/3 1784/3 1783/3 1781/3
f 1781/3 1783/3 1801/3
f 1784/3 1782/3 1802/3
f 1784/3 1786/3 1785/3 1783/3
f 1783/3 1785/3 1801/3
f 1786/3 1784/3 1802/3
f 1786/3 1788/3 1787/3 1785/3
f 1785/3 1787/3 1801/3
f 1788/3 1786/3 1802/3
f 1788/3 1790/3 1789/3 1787/3
f 1787/3 1789/3 1801/3
f 1790/3 1788/3 1802/3
f 1790/3 1792/3 1791/3 1789/3
f 1789/3 1791/3 1801/3
f 1792/3 1790/3 1802/3
f 1792/3 1794/3 1793/3 1791/3
f 1791/3 1793/3 1801/3
f 1794/3 1792/3 1802/3
f 1794/3 1796/3 1795/3 1793/3
f 1793/3 1795/3 1801/3
f 1796/3 1794/3 1802/3
f 1796/3 1798/3 1797/3 1795/3
f 1795/3 1797/3 1801/3
f 1798/3 1796/3 1802/3
f 1798/3 1800/3 1799/3 1797/3
f 1797/3 1799/3 1801/3
f 1800/3 1798/3 1802/3
f 1800/3 1754/3 1753/3 1799/3
f 1799/3 1753/3 1801/3
f 1754/3 1800/3 1802/3
