# ParkParkTrainTrackV2 — ParkPark original fairground mesh
mtllib ParkParkFairground.mtl
o ParkParkTrainTrackV2
v -7.74051 0.15000 -4.67517
v -8.25949 0.15000 -7.32483
v -8.25949 0.48000 -7.32483
v -7.74051 0.48000 -4.67517
v -7.00532 0.15000 -4.81917
v -7.52429 0.15000 -7.46883
v -7.52429 0.48000 -7.46883
v -7.00532 0.48000 -4.81917
v -7.82701 0.50000 -5.11678
v -7.84029 0.40489 -5.18459
v -7.86178 0.44122 -5.29431
v -7.86178 0.55878 -5.29431
v -7.84029 0.59511 -5.18459
v -7.09181 0.50000 -5.26078
v -7.10509 0.40489 -5.32859
v -7.12658 0.44122 -5.43831
v -7.12658 0.55878 -5.43831
v -7.10509 0.59511 -5.32859
v -7.84623 0.50000 -5.21492
v -7.11103 0.50000 -5.35892
v -8.13455 0.50000 -6.68695
v -8.14783 0.40489 -6.75476
v -8.16932 0.44122 -6.86448
v -8.16932 0.55878 -6.86448
v -8.14783 0.59511 -6.75476
v -7.39935 0.50000 -6.83095
v -7.41263 0.40489 -6.89876
v -7.43412 0.44122 -7.00848
v -7.43412 0.55878 -7.00848
v -7.41263 0.59511 -6.89876
v -8.15377 0.50000 -6.78508
v -7.41857 0.50000 -6.92908
v -7.73909 0.50000 -5.03210
v -7.80779 0.43000 -5.01865
v -7.87648 0.50000 -5.00519
v -7.80779 0.57000 -5.01865
v -8.12352 0.50000 -6.99481
v -8.19221 0.43000 -6.98135
v -8.26091 0.50000 -6.96790
v -8.19221 0.57000 -6.98135
v -7.80779 0.50000 -5.01865
v -8.19221 0.50000 -6.98135
v -7.11971 0.15000 -4.80182
v -7.40989 0.15000 -7.48618
v -7.40989 0.48000 -7.48618
v -7.11971 0.48000 -4.80182
v -6.37476 0.15000 -4.88235
v -6.66494 0.15000 -7.56671
v -6.66494 0.48000 -7.56671
v -6.37476 0.48000 -4.88235
v -7.16808 0.50000 -5.24921
v -7.17550 0.40489 -5.31791
v -7.18752 0.44122 -5.42907
v -7.18752 0.55878 -5.42907
v -7.17550 0.59511 -5.31791
v -6.42313 0.50000 -5.32974
v -6.43055 0.40489 -5.39844
v -6.44257 0.44122 -5.50959
v -6.44257 0.55878 -5.50959
v -6.43055 0.59511 -5.39844
v -7.17882 0.50000 -5.34863
v -6.43387 0.50000 -5.42916
v -7.34003 0.50000 -6.83994
v -7.34746 0.40489 -6.90864
v -7.35948 0.44122 -7.01980
v -7.35948 0.55878 -7.01980
v -7.34746 0.59511 -6.90864
v -6.59508 0.50000 -6.92047
v -6.60251 0.40489 -6.98917
v -6.61453 0.44122 -7.10033
v -6.61453 0.55878 -7.10033
v -6.60251 0.59511 -6.98917
v -7.35078 0.50000 -6.93937
v -6.60583 0.50000 -7.01989
v -6.46185 0.15000 -4.87577
v -6.57786 0.15000 -7.57328
v -6.57786 0.48000 -7.57328
v -6.46185 0.48000 -4.87577
v -5.71318 0.15000 -4.90797
v -5.82918 0.15000 -7.60548
v -5.82918 0.48000 -7.60548
v -5.71318 0.48000 -4.90797
v -6.48118 0.50000 -5.32536
v -6.48415 0.40489 -5.39439
v -6.48896 0.44122 -5.50609
v -6.48896 0.55878 -5.50609
v -6.48415 0.59511 -5.39439
v -5.73251 0.50000 -5.35756
v -5.73548 0.40489 -5.42659
v -5.74028 0.44122 -5.53829
v -5.74028 0.55878 -5.53829
v -5.73548 0.59511 -5.42659
v -6.48548 0.50000 -5.42527
v -5.73681 0.50000 -5.45746
v -6.54993 0.50000 -6.92388
v -6.55290 0.40489 -6.99292
v -6.55770 0.44122 -7.10462
v -6.55770 0.55878 -7.10462
v -6.55290 0.59511 -6.99292
v -5.80126 0.50000 -6.95608
v -5.80422 0.40489 -7.02511
v -5.80903 0.44122 -7.13681
v -5.80903 0.55878 -7.13681
v -5.80422 0.59511 -7.02511
v -6.55423 0.50000 -7.02379
v -5.80555 0.50000 -7.05599
v -6.40695 0.50000 -5.22846
v -6.47689 0.43000 -5.22545
v -6.54682 0.50000 -5.22244
v -6.47689 0.57000 -5.22545
v -6.49288 0.50000 -7.22661
v -6.56282 0.43000 -7.22360
v -6.63275 0.50000 -7.22060
v -6.56282 0.57000 -7.22360
v -6.47689 0.50000 -5.22545
v -6.56282 0.50000 -7.22360
v -5.77668 0.15000 -4.90674
v -5.76568 0.15000 -7.60671
v -5.76568 0.48000 -7.60671
v -5.77668 0.48000 -4.90674
v -5.02728 0.15000 -4.90368
v -5.01628 0.15000 -7.60366
v -5.01628 0.48000 -7.60366
v -5.02728 0.48000 -4.90368
v -5.77485 0.50000 -5.35673
v -5.77457 0.40489 -5.42583
v -5.77411 0.44122 -5.53763
v -5.77411 0.55878 -5.53763
v -5.77457 0.59511 -5.42583
v -5.02545 0.50000 -5.35368
v -5.02517 0.40489 -5.42278
v -5.02471 0.44122 -5.53458
v -5.02471 0.55878 -5.53458
v -5.02517 0.59511 -5.42278
v -5.77444 0.50000 -5.45673
v -5.02504 0.50000 -5.45368
v -5.76833 0.50000 -6.95672
v -5.76804 0.40489 -7.02582
v -5.76759 0.44122 -7.13762
v -5.76759 0.55878 -7.13762
v -5.76804 0.59511 -7.02582
v -5.01893 0.50000 -6.95366
v -5.01864 0.40489 -7.02276
v -5.01819 0.44122 -7.13456
v -5.01819 0.55878 -7.13456
v -5.01864 0.59511 -7.02276
v -5.76792 0.50000 -7.05672
v -5.01852 0.50000 -7.05366
v -5.07128 0.15000 -4.90458
v -4.97228 0.15000 -7.60276
v -4.97228 0.48000 -7.60276
v -5.07128 0.48000 -4.90458
v -4.32235 0.15000 -4.87710
v -4.22335 0.15000 -7.57528
v -4.22335 0.48000 -7.57528
v -4.32235 0.48000 -4.87710
v -5.05478 0.50000 -5.35428
v -5.05225 0.40489 -5.42333
v -5.04815 0.44122 -5.53506
v -5.04815 0.55878 -5.53506
v -5.05225 0.59511 -5.42333
v -4.30585 0.50000 -5.32680
v -4.30332 0.40489 -5.39585
v -4.29922 0.44122 -5.50758
v -4.29922 0.55878 -5.50758
v -4.30332 0.59511 -5.39585
v -5.05111 0.50000 -5.45421
v -4.30218 0.50000 -5.42673
v -4.99611 0.50000 -6.95320
v -4.99358 0.40489 -7.02225
v -4.98948 0.44122 -7.13398
v -4.98948 0.55878 -7.13398
v -4.99358 0.59511 -7.02225
v -4.24718 0.50000 -6.92572
v -4.24465 0.40489 -6.99477
v -4.24055 0.44122 -7.10650
v -4.24055 0.55878 -7.10650
v -4.24465 0.59511 -6.99477
v -4.99245 0.50000 -7.05313
v -4.24352 0.50000 -7.02565
v -4.98849 0.50000 -5.25178
v -5.05845 0.43000 -5.25434
v -5.12840 0.50000 -5.25691
v -5.05845 0.57000 -5.25434
v -4.91516 0.50000 -7.25043
v -4.98511 0.43000 -7.25300
v -5.05507 0.50000 -7.25556
v -4.98511 0.57000 -7.25300
v -5.05845 0.50000 -5.25434
v -4.98511 0.50000 -7.25300
v -4.35052 0.15000 -4.87843
v -4.19518 0.15000 -7.57395
v -4.19518 0.48000 -7.57395
v -4.35052 0.48000 -4.87843
v -3.60231 0.15000 -4.83531
v -3.44697 0.15000 -7.53083
v -3.44697 0.48000 -7.53083
v -3.60231 0.48000 -4.83531
v -4.32463 0.50000 -5.32768
v -4.32066 0.40489 -5.39667
v -4.31422 0.44122 -5.50828
v -4.31422 0.55878 -5.50828
v -4.32066 0.59511 -5.39667
v -3.57642 0.50000 -5.28456
v -3.57245 0.40489 -5.35355
v -3.56601 0.44122 -5.46516
v -3.56601 0.55878 -5.46516
v -3.57245 0.59511 -5.35355
v -4.31888 0.50000 -5.42752
v -3.57067 0.50000 -5.38440
v -4.23257 0.50000 -6.92503
v -4.22860 0.40489 -6.99401
v -4.22217 0.44122 -7.10563
v -4.22217 0.55878 -7.10563
v -4.22860 0.59511 -6.99401
v -3.48437 0.50000 -6.88191
v -3.48039 0.40489 -6.95090
v -3.47396 0.44122 -7.06251
v -3.47396 0.55878 -7.06251
v -3.48039 0.59511 -6.95090
v -4.22682 0.50000 -7.02487
v -3.47861 0.50000 -6.98175
v -3.61635 0.15000 -4.83619
v -3.43293 0.15000 -7.52995
v -3.43293 0.48000 -7.52995
v -3.61635 0.48000 -4.83619
v -2.86862 0.15000 -4.78528
v -2.68520 0.15000 -7.47904
v -2.68520 0.48000 -7.47904
v -2.86862 0.48000 -4.78528
v -3.58578 0.50000 -5.28515
v -3.58109 0.40489 -5.35409
v -3.57349 0.44122 -5.46563
v -3.57349 0.55878 -5.46563
v -3.58109 0.59511 -5.35409
v -2.83805 0.50000 -5.23424
v -2.83336 0.40489 -5.30318
v -2.82576 0.44122 -5.41472
v -2.82576 0.55878 -5.41472
v -2.83336 0.59511 -5.30318
v -3.57899 0.50000 -5.38492
v -2.83126 0.50000 -5.33401
v -3.47709 0.50000 -6.88145
v -3.47239 0.40489 -6.95039
v -3.46480 0.44122 -7.06194
v -3.46480 0.55878 -7.06194
v -3.47239 0.59511 -6.95039
v -2.72936 0.50000 -6.83054
v -2.72467 0.40489 -6.89948
v -2.71707 0.44122 -7.01102
v -2.71707 0.55878 -7.01102
v -2.72467 0.59511 -6.89948
v -3.47029 0.50000 -6.98122
v -2.72257 0.50000 -6.93031
v -3.52273 0.50000 -5.18063
v -3.59257 0.43000 -5.18538
v -3.66241 0.50000 -5.19014
v -3.59257 0.57000 -5.18538
v -3.38687 0.50000 -7.17601
v -3.45671 0.43000 -7.18076
v -3.52655 0.50000 -7.18552
v -3.45671 0.57000 -7.18076
v -3.59257 0.50000 -5.18538
v -3.45671 0.50000 -7.18076
v -2.86926 0.15000 -4.78532
v -2.68457 0.15000 -7.47900
v -2.68457 0.48000 -7.47900
v -2.86926 0.48000 -4.78532
v -2.12155 0.15000 -4.73406
v -1.93687 0.15000 -7.42773
v -1.93687 0.48000 -7.42773
v -2.12155 0.48000 -4.73406
v -2.83847 0.50000 -5.23427
v -2.83375 0.40489 -5.30320
v -2.82610 0.44122 -5.41474
v -2.82610 0.55878 -5.41474
v -2.83375 0.59511 -5.30320
v -2.09077 0.50000 -5.18300
v -2.08605 0.40489 -5.25194
v -2.07840 0.44122 -5.36348
v -2.07840 0.55878 -5.36348
v -2.08605 0.59511 -5.25194
v -2.83163 0.50000 -5.33403
v -2.08393 0.50000 -5.28277
v -2.72903 0.50000 -6.83052
v -2.72431 0.40489 -6.89946
v -2.71666 0.44122 -7.01100
v -2.71666 0.55878 -7.01100
v -2.72431 0.59511 -6.89946
v -1.98133 0.50000 -6.77925
v -1.97660 0.40489 -6.84819
v -1.96895 0.44122 -6.95973
v -1.96895 0.55878 -6.95973
v -1.97660 0.59511 -6.84819
v -2.72219 0.50000 -6.93028
v -1.97449 0.50000 -6.87902
v -2.10882 0.15000 -4.73324
v -1.94960 0.15000 -7.42854
v -1.94960 0.48000 -7.42854
v -2.10882 0.48000 -4.73324
v -1.36067 0.15000 -4.68905
v -1.20145 0.15000 -7.38435
v -1.20145 0.48000 -7.38435
v -1.36067 0.48000 -4.68905
v -2.08228 0.50000 -5.18246
v -2.07821 0.40489 -5.25144
v -2.07162 0.44122 -5.36305
v -2.07162 0.55878 -5.36305
v -2.07821 0.59511 -5.25144
v -1.33414 0.50000 -5.13826
v -1.33006 0.40489 -5.20724
v -1.32347 0.44122 -5.31885
v -1.32347 0.55878 -5.31885
v -1.33006 0.59511 -5.20724
v -2.07639 0.50000 -5.28229
v -1.32824 0.50000 -5.23809
v -1.98793 0.50000 -6.77968
v -1.98386 0.40489 -6.84865
v -1.97726 0.44122 -6.96026
v -1.97726 0.55878 -6.96026
v -1.98386 0.59511 -6.84865
v -1.23978 0.50000 -6.73548
v -1.23571 0.40489 -6.80446
v -1.22911 0.44122 -6.91607
v -1.22911 0.55878 -6.91607
v -1.23571 0.59511 -6.80446
v -1.98203 0.50000 -6.87950
v -1.23389 0.50000 -6.83531
v -2.01830 0.50000 -5.07851
v -2.08818 0.43000 -5.08263
v -2.15806 0.50000 -5.08676
v -2.08818 0.57000 -5.08263
v -1.90036 0.50000 -7.07503
v -1.97024 0.43000 -7.07915
v -2.04012 0.50000 -7.08328
v -1.97024 0.57000 -7.07915
v -2.08818 0.50000 -5.08263
v -1.97024 0.50000 -7.07915
v -1.33397 0.15000 -4.68773
v -1.22815 0.15000 -7.38566
v -1.22815 0.48000 -7.38566
v -1.33397 0.48000 -4.68773
v -0.58511 0.15000 -4.65836
v -0.47929 0.15000 -7.35629
v -0.47929 0.48000 -7.35629
v -0.58511 0.48000 -4.65836
v -1.31634 0.50000 -5.13739
v -1.31363 0.40489 -5.20643
v -1.30925 0.44122 -5.31815
v -1.30925 0.55878 -5.31815
v -1.31363 0.59511 -5.20643
v -0.56748 0.50000 -5.10802
v -0.56477 0.40489 -5.17706
v -0.56039 0.44122 -5.28878
v -0.56039 0.55878 -5.28878
v -0.56477 0.59511 -5.17706
v -1.31242 0.50000 -5.23731
v -0.56356 0.50000 -5.20794
v -1.25363 0.50000 -6.73616
v -1.25092 0.40489 -6.80520
v -1.24654 0.44122 -6.91692
v -1.24654 0.55878 -6.91692
v -1.25092 0.59511 -6.80520
v -0.50477 0.50000 -6.70679
v -0.50206 0.40489 -6.77583
v -0.49768 0.44122 -6.88755
v -0.49768 0.55878 -6.88755
v -0.50206 0.59511 -6.77583
v -1.24971 0.50000 -6.83608
v -0.50085 0.50000 -6.80671
v -0.54337 0.15000 -4.65737
v -0.52104 0.15000 -7.35728
v -0.52104 0.48000 -7.35728
v -0.54337 0.48000 -4.65737
v 0.20602 0.14985 -4.65117
v 0.22835 0.14985 -7.35108
v 0.22835 0.47985 -7.35108
v 0.20602 0.47985 -4.65117
v -0.53964 0.50000 -5.10735
v -0.53909 0.40489 -5.17645
v -0.53816 0.44122 -5.28825
v -0.53814 0.55878 -5.28825
v -0.53905 0.59511 -5.17645
v 0.20975 0.49985 -5.10116
v 0.21030 0.40474 -5.17025
v 0.21123 0.44107 -5.28205
v 0.21125 0.55863 -5.28205
v 0.21034 0.59496 -5.17025
v -0.53882 0.50000 -5.20735
v 0.21057 0.49985 -5.20115
v -0.52641 0.50000 -6.70730
v -0.52586 0.40489 -6.77640
v -0.52493 0.44122 -6.88820
v -0.52491 0.55878 -6.88820
v -0.52582 0.59511 -6.77640
v 0.22298 0.49985 -6.70110
v 0.22353 0.40474 -6.77020
v 0.22446 0.44107 -6.88200
v 0.22448 0.55863 -6.88200
v 0.22357 0.59496 -6.77020
v -0.52559 0.50000 -6.80730
v 0.22380 0.49985 -6.80110
v -0.47047 0.50000 -5.00678
v -0.54047 0.43000 -5.00736
v -0.61047 0.50000 -5.00794
v -0.54047 0.57000 -5.00736
v -0.45393 0.50000 -7.00671
v -0.52393 0.43000 -7.00729
v -0.59393 0.50000 -7.00787
v -0.52393 0.57000 -7.00729
v -0.54047 0.50000 -5.00736
v -0.52393 0.50000 -7.00729
v 0.24880 0.14985 -4.65150
v 0.18557 0.14985 -7.35076
v 0.18557 0.47985 -7.35076
v 0.24880 0.47985 -4.65150
v 0.99803 0.14751 -4.66905
v 0.93480 0.14751 -7.36831
v 0.93480 0.47751 -7.36831
v 0.99803 0.47751 -4.66905
v 0.23826 0.49985 -5.10137
v 0.23635 0.40474 -5.17045
v 0.23384 0.44107 -5.28222
v 0.23421 0.55863 -5.28223
v 0.23694 0.59495 -5.17046
v 0.98749 0.49751 -5.11892
v 0.98558 0.40240 -5.18800
v 0.98307 0.43873 -5.29977
v 0.98344 0.55629 -5.29978
v 0.98617 0.59261 -5.18801
v 0.23592 0.49985 -5.20135
v 0.98515 0.49751 -5.21890
v 0.20080 0.49985 -6.70093
v 0.19888 0.40474 -6.77001
v 0.19638 0.44107 -6.88178
v 0.19674 0.55863 -6.88179
v 0.19947 0.59495 -6.77002
v 0.95002 0.49751 -6.71848
v 0.94811 0.40240 -6.78756
v 0.94560 0.43873 -6.89933
v 0.94597 0.55629 -6.89934
v 0.94870 0.59261 -6.78757
v 0.19845 0.49985 -6.80091
v 0.94768 0.49751 -6.81846
v 1.02546 0.14751 -4.66997
v 0.90737 0.14751 -7.36738
v 0.90737 0.47751 -7.36738
v 1.02546 0.47751 -4.66997
v 1.77418 0.14314 -4.70275
v 1.65609 0.14314 -7.40016
v 1.65609 0.47314 -7.40016
v 1.77418 0.47314 -4.70275
v 1.00578 0.49751 -5.11954
v 1.00220 0.40241 -5.18855
v 0.99753 0.43873 -5.30025
v 0.99821 0.55629 -5.30028
v 1.00331 0.59261 -5.18859
v 1.75450 0.49314 -5.15232
v 1.75092 0.39804 -5.22132
v 1.74625 0.43436 -5.33303
v 1.74693 0.55192 -5.33306
v 1.75203 0.58824 -5.22137
v 1.00141 0.49751 -5.21944
v 1.75013 0.49314 -5.25222
v 0.93580 0.49751 -6.71801
v 0.93222 0.40241 -6.78701
v 0.92755 0.43873 -6.89872
v 0.92823 0.55629 -6.89875
v 0.93333 0.59261 -6.78706
v 1.68452 0.49314 -6.75079
v 1.68094 0.39804 -6.81979
v 1.67627 0.43436 -6.93150
v 1.67695 0.55192 -6.93153
v 1.68205 0.58824 -6.81984
v 0.93143 0.49751 -6.81791
v 1.68015 0.49314 -6.85069
v 1.08009 0.49751 -5.02270
v 1.01015 0.42751 -5.01963
v 0.94022 0.49751 -5.01657
v 1.01015 0.56751 -5.01963
v 0.99261 0.49751 -7.02078
v 0.92268 0.42751 -7.01772
v 0.85275 0.49751 -7.01466
v 0.92268 0.56751 -7.01772
v 1.01015 0.49751 -5.01963
v 0.92268 0.49751 -7.01772
v 1.78944 0.14314 -4.70350
v 1.64083 0.14314 -7.39941
v 1.64083 0.47314 -7.39941
v 1.78944 0.47314 -4.70350
v 2.53775 0.13764 -4.74475
v 2.38913 0.13764 -7.44066
v 2.38913 0.46764 -7.44066
v 2.53775 0.46764 -4.74475
v 1.76468 0.49314 -5.15282
v 1.76017 0.39804 -5.22177
v 1.75429 0.43436 -5.33342
v 1.75515 0.55192 -5.33347
v 1.76157 0.58824 -5.22185
v 2.51298 0.48764 -5.19407
v 2.50848 0.39254 -5.26303
v 2.50259 0.42886 -5.37467
v 2.50345 0.54642 -5.37472
v 2.50987 0.58274 -5.26310
v 1.75917 0.49314 -5.25267
v 2.50747 0.48764 -5.29392
v 1.67661 0.49314 -6.75039
v 1.67211 0.39804 -6.81935
v 1.66622 0.43436 -6.93100
v 1.66708 0.55192 -6.93105
v 1.67350 0.58824 -6.81943
v 2.42491 0.48764 -6.79164
v 2.42041 0.39254 -6.86060
v 2.41452 0.42886 -6.97225
v 2.41538 0.54642 -6.97230
v 2.42180 0.58274 -6.86068
v 1.67110 0.49314 -6.85024
v 2.41940 0.48764 -6.89149
v 2.54216 0.13764 -4.74500
v 2.38471 0.13764 -7.44041
v 2.38471 0.46764 -7.44041
v 2.54216 0.46764 -4.74500
v 3.29032 0.13181 -4.78871
v 3.13287 0.13181 -7.48411
v 3.13287 0.46181 -7.48411
v 3.29032 0.46181 -4.78871
v 2.51592 0.48764 -5.19424
v 2.51115 0.39254 -5.26318
v 2.50492 0.42886 -5.37480
v 2.50583 0.54642 -5.37486
v 2.51263 0.58274 -5.26326
v 3.26408 0.48181 -5.23794
v 3.25931 0.38671 -5.30688
v 3.25308 0.42304 -5.41851
v 3.25399 0.54059 -5.41856
v 3.26079 0.57691 -5.30696
v 2.51009 0.48764 -5.29407
v 3.25825 0.48181 -5.33777
v 2.42262 0.48764 -6.79151
v 2.41785 0.39254 -6.86045
v 2.41161 0.42886 -6.97208
v 2.41252 0.54642 -6.97214
v 2.41933 0.58274 -6.86054
v 3.17078 0.48181 -6.83522
v 3.16601 0.38671 -6.90416
v 3.15977 0.42304 -7.01578
v 3.16069 0.54059 -7.01584
v 3.16749 0.57691 -6.90424
v 2.41679 0.48764 -6.89134
v 3.16495 0.48181 -6.93505
v 2.59163 0.48764 -5.09849
v 2.52175 0.41764 -5.09441
v 2.45187 0.48764 -5.09033
v 2.52175 0.55764 -5.09441
v 2.47500 0.48764 -7.09509
v 2.40512 0.41764 -7.09100
v 2.33524 0.48764 -7.08692
v 2.40512 0.55764 -7.09100
v 2.52175 0.48764 -5.09441
v 2.40512 0.48764 -7.09100
v 3.28433 0.13181 -4.78837
v 3.13887 0.13181 -7.48445
v 3.13887 0.46181 -7.48445
v 3.28433 0.46181 -4.78837
v 4.03268 0.12643 -4.82875
v 3.88721 0.12643 -7.52483
v 3.88721 0.45643 -7.52483
v 4.03268 0.45643 -4.82875
v 3.26009 0.48181 -5.23772
v 3.25568 0.38671 -5.30668
v 3.24992 0.42304 -5.41833
v 3.25076 0.54059 -5.41838
v 3.25705 0.57692 -5.30675
v 4.00844 0.47643 -5.27809
v 4.00403 0.38133 -5.34705
v 3.99827 0.41765 -5.45871
v 3.99911 0.53521 -5.45875
v 4.00540 0.57153 -5.34713
v 3.25470 0.48181 -5.33757
v 4.00305 0.47643 -5.37795
v 3.17389 0.48181 -6.83539
v 3.16948 0.38671 -6.90435
v 3.16372 0.42304 -7.01601
v 3.16456 0.54059 -7.01605
v 3.17084 0.57692 -6.90443
v 3.92223 0.47643 -6.87577
v 3.91783 0.38133 -6.94473
v 3.91207 0.41765 -7.05639
v 3.91291 0.53521 -7.05643
v 3.91919 0.57153 -6.94480
v 3.16850 0.48181 -6.93525
v 3.91685 0.47643 -6.97562
v 4.01531 0.12643 -4.82792
v 3.90458 0.12643 -7.52565
v 3.90458 0.45643 -7.52565
v 4.01531 0.45643 -4.82792
v 4.76412 0.12233 -4.85866
v 4.65339 0.12233 -7.55639
v 4.65339 0.45233 -7.55639
v 4.76412 0.45233 -4.85866
v 3.99686 0.47643 -5.27754
v 3.99350 0.38132 -5.34656
v 3.98912 0.41765 -5.45828
v 3.98976 0.53521 -5.45831
v 3.99454 0.57153 -5.34660
v 4.74566 0.47233 -5.30828
v 4.74231 0.37723 -5.37730
v 4.73792 0.41355 -5.48901
v 4.73857 0.53111 -5.48904
v 4.74335 0.56743 -5.37734
v 3.99276 0.47643 -5.37746
v 4.74156 0.47233 -5.40819
v 3.93124 0.47643 -6.87620
v 3.92789 0.38132 -6.94522
v 3.92350 0.41765 -7.05693
v 3.92414 0.53521 -7.05696
v 3.92893 0.57153 -6.94526
v 4.68005 0.47233 -6.90693
v 4.67669 0.37723 -6.97595
v 4.67231 0.41355 -7.08767
v 4.67295 0.53111 -7.08769
v 4.67773 0.56743 -6.97599
v 3.92714 0.47643 -6.97611
v 4.67595 0.47233 -7.00685
v 4.07090 0.47643 -5.18050
v 4.00096 0.40643 -5.17763
v 3.93102 0.47643 -5.17476
v 4.00096 0.54643 -5.17763
v 3.98888 0.47643 -7.17882
v 3.91894 0.40643 -7.17594
v 3.84900 0.47643 -7.17307
v 3.91894 0.54643 -7.17594
v 4.00096 0.47643 -5.17763
v 3.91894 0.47643 -7.17594
v 4.73460 0.12233 -4.85777
v 4.68291 0.12233 -7.55727
v 4.68291 0.45233 -7.55727
v 4.73460 0.45233 -4.85777
v 5.48389 0.12042 -4.87212
v 5.43220 0.12042 -7.57162
v 5.43220 0.45042 -7.57162
v 5.48389 0.45042 -4.87212
v 4.72598 0.47233 -5.30769
v 4.72442 0.37723 -5.37677
v 4.72237 0.41355 -5.48855
v 4.72267 0.53111 -5.48856
v 4.72490 0.56744 -5.37678
v 5.47528 0.47042 -5.32203
v 5.47371 0.37531 -5.39111
v 5.47166 0.41164 -5.50290
v 5.47196 0.52920 -5.50290
v 5.47420 0.56552 -5.39112
v 4.72407 0.47233 -5.40767
v 5.47336 0.47042 -5.42201
v 4.69535 0.47233 -6.90739
v 4.69379 0.37723 -6.97647
v 4.69174 0.41355 -7.08826
v 4.69204 0.53111 -7.08826
v 4.69427 0.56744 -6.97648
v 5.44465 0.47042 -6.92174
v 5.44308 0.37531 -6.99082
v 5.44103 0.41164 -7.10261
v 5.44133 0.52920 -7.10261
v 5.44357 0.56552 -6.99083
v 4.69344 0.47233 -7.00737
v 5.44273 0.47042 -7.02172
v 5.43855 0.12042 -4.87201
v 5.47754 0.12042 -7.57173
v 5.47754 0.45042 -7.57173
v 5.43855 0.45042 -4.87201
v 6.18788 0.12186 -4.86119
v 6.22687 0.12186 -7.56090
v 6.22687 0.45186 -7.56090
v 6.18788 0.45186 -4.86119
v 5.44505 0.47042 -5.32196
v 5.44623 0.37531 -5.39105
v 5.44778 0.41164 -5.50284
v 5.44755 0.52920 -5.50285
v 5.44586 0.56552 -5.39106
v 6.19438 0.47186 -5.31114
v 6.19556 0.37676 -5.38023
v 6.19710 0.41308 -5.49202
v 6.19688 0.53064 -5.49202
v 6.19519 0.56697 -5.38023
v 5.44649 0.47042 -5.42195
v 6.19582 0.47186 -5.41113
v 5.46816 0.47042 -6.92179
v 5.46934 0.37531 -6.99088
v 5.47088 0.41164 -7.10268
v 5.47066 0.52920 -7.10268
v 5.46897 0.56552 -6.99089
v 6.21748 0.47186 -6.91097
v 6.21866 0.37676 -6.98006
v 6.22021 0.41308 -7.09185
v 6.21998 0.53064 -7.09186
v 6.21830 0.56697 -6.98007
v 5.46960 0.47042 -7.02178
v 6.21893 0.47186 -7.01096
v 5.51360 0.47042 -5.22096
v 5.44361 0.40042 -5.22197
v 5.37361 0.47042 -5.22298
v 5.44361 0.54042 -5.22197
v 5.54248 0.47042 -7.22075
v 5.47249 0.40042 -7.22176
v 5.40250 0.47042 -7.22277
v 5.47249 0.54042 -7.22176
v 5.44361 0.47042 -5.22197
v 5.47249 0.47042 -7.22176
v 6.12119 0.12186 -4.86380
v 6.29356 0.12186 -7.55829
v 6.29356 0.45186 -7.55829
v 6.12119 0.45186 -4.86380
v 6.86899 0.12824 -4.81596
v 7.04136 0.12824 -7.51046
v 7.04136 0.45824 -7.51046
v 6.86899 0.45824 -4.81596
v 6.14992 0.47186 -5.31288
v 6.15514 0.37676 -5.38179
v 6.16197 0.41308 -5.49338
v 6.16097 0.53064 -5.49345
v 6.15352 0.56696 -5.38189
v 6.89772 0.47824 -5.26505
v 6.90294 0.38314 -5.33395
v 6.90977 0.41946 -5.44555
v 6.90877 0.53702 -5.44561
v 6.90132 0.57334 -5.33405
v 6.15630 0.47186 -5.41268
v 6.90410 0.47824 -5.36484
v 6.25206 0.47186 -6.90962
v 6.25728 0.37676 -6.97852
v 6.26411 0.41308 -7.09012
v 6.26311 0.53064 -7.09018
v 6.25567 0.56696 -6.97863
v 6.99986 0.47824 -6.86178
v 7.00508 0.38314 -6.93069
v 7.01191 0.41946 -7.04228
v 7.01091 0.53702 -7.04235
v 7.00346 0.57334 -6.93079
v 6.25845 0.47186 -7.00941
v 7.00624 0.47824 -6.96158
v 6.77281 0.12824 -4.82558
v 7.13754 0.12824 -7.50084
v 7.13754 0.45824 -7.50084
v 6.77281 0.45824 -4.82558
v 7.51504 0.14173 -4.72439
v 7.87977 0.14173 -7.39964
v 7.87977 0.47173 -7.39964
v 7.51504 0.47173 -4.72439
v 6.83360 0.47824 -5.27146
v 6.84463 0.38315 -5.33969
v 6.85908 0.41947 -5.45056
v 6.85699 0.53701 -5.45085
v 6.84123 0.57333 -5.34016
v 7.57583 0.49173 -5.17027
v 7.58686 0.39664 -5.23850
v 7.60132 0.43296 -5.34937
v 7.59922 0.55050 -5.34965
v 7.58347 0.58682 -5.23896
v 6.84711 0.47824 -5.37054
v 7.58934 0.49173 -5.26935
v 7.04973 0.47824 -6.85679
v 7.06076 0.38315 -6.92503
v 7.07522 0.41947 -7.03589
v 7.07312 0.53701 -7.03618
v 7.05737 0.57333 -6.92549
v 7.79197 0.49173 -6.75560
v 7.80300 0.39664 -6.82384
v 7.81745 0.43296 -6.93470
v 7.81535 0.55050 -6.93499
v 7.79960 0.58682 -6.82430
v 7.06324 0.47824 -6.95588
v 7.80547 0.49173 -6.85469
v 6.88945 0.47824 -5.16292
v 6.82009 0.40824 -5.17238
v 6.75073 0.47824 -5.18183
v 6.82009 0.54824 -5.17238
v 7.15962 0.47824 -7.14459
v 7.09026 0.40824 -7.15404
v 7.02090 0.47824 -7.16350
v 7.09026 0.54824 -7.15404
v 6.82009 0.47824 -5.17238
v 7.09026 0.47824 -7.15404
v 7.39318 0.14173 -4.74674
v 8.00163 0.14173 -7.37729
v 8.00163 0.47173 -7.37729
v 7.39318 0.47173 -4.74674
v 8.12285 0.16317 -4.57797
v 8.73131 0.16317 -7.20852
v 8.73131 0.49317 -7.20852
v 8.12285 0.49317 -4.57797
v 7.49459 0.49173 -5.18517
v 7.51281 0.39666 -5.25188
v 7.53700 0.43298 -5.36104
v 7.53372 0.55049 -5.36180
v 7.50751 0.58680 -5.25310
v 8.22426 0.51317 -5.01639
v 8.24248 0.41810 -5.08310
v 8.26667 0.45442 -5.19226
v 8.26339 0.57193 -5.19302
v 8.23718 0.60824 -5.08433
v 7.51713 0.49173 -5.28260
v 8.24680 0.51317 -5.11382
v 7.85515 0.49173 -6.74401
v 7.87338 0.39666 -6.81072
v 7.89756 0.43298 -6.91988
v 7.89428 0.55049 -6.92064
v 7.86807 0.58680 -6.81195
v 8.58483 0.51317 -6.57524
v 8.60305 0.41810 -6.64194
v 8.62723 0.45442 -6.75111
v 8.62395 0.57193 -6.75186
v 8.59775 0.60824 -6.64317
v 7.87769 0.49173 -6.84144
v 8.60736 0.51317 -6.67266
v 8.03513 0.16317 -4.60139
v 8.81903 0.16317 -7.18509
v 8.81903 0.49317 -7.18509
v 8.03513 0.49317 -4.60139
v 8.75183 0.18640 -4.38395
v 9.53572 0.18640 -6.96765
v 9.53572 0.51640 -6.96765
v 8.75183 0.51640 -4.38395
v 8.16578 0.51317 -5.03201
v 8.18866 0.41811 -5.09728
v 8.22005 0.45442 -5.20459
v 8.21656 0.57192 -5.20565
v 8.18302 0.60823 -5.09899
v 8.88248 0.53640 -4.81457
v 8.90536 0.44134 -4.87983
v 8.93674 0.47765 -4.98715
v 8.93325 0.59515 -4.98820
v 8.89972 0.63146 -4.88154
v 8.19482 0.51317 -5.12770
v 8.91151 0.53640 -4.91026
v 8.63031 0.51317 -6.56309
v 8.65319 0.41811 -6.62836
v 8.68458 0.45442 -6.73567
v 8.68109 0.57192 -6.73673
v 8.64755 0.60823 -6.63007
v 9.34700 0.53640 -6.34565
v 9.36989 0.44134 -6.41091
v 9.40127 0.47765 -6.51823
v 9.39778 0.59515 -6.51929
v 9.36424 0.63146 -6.41263
v 8.65934 0.51317 -6.65878
v 9.37604 0.53640 -6.44134
v 8.20373 0.51317 -4.91599
v 8.13675 0.44317 -4.93632
v 8.06976 0.51317 -4.95664
v 8.13675 0.58317 -4.93632
v 8.78439 0.51317 -6.82985
v 8.71741 0.44317 -6.85017
v 8.65042 0.51317 -6.87049
v 8.71741 0.58317 -6.85017
v 8.13675 0.51317 -4.93632
v 8.71741 0.51317 -6.85017
v 8.66358 0.18640 -4.41409
v 9.62397 0.18640 -6.93751
v 9.62397 0.51640 -6.93751
v 8.66358 0.51640 -4.41409
v 9.36342 0.21280 -4.14773
v 10.32382 0.21280 -6.67115
v 10.32382 0.54280 -6.67115
v 9.36342 0.54280 -4.14773
v 8.82364 0.53640 -4.83466
v 8.85135 0.44135 -4.89805
v 8.88992 0.47765 -5.00299
v 8.88605 0.59514 -5.00447
v 8.84509 0.63144 -4.90043
v 9.52349 0.56280 -4.56830
v 9.55120 0.46776 -4.63169
v 9.58977 0.50406 -4.73664
v 9.58590 0.62154 -4.73811
v 9.54494 0.65785 -4.63407
v 8.85921 0.53640 -4.92812
v 9.55906 0.56280 -4.66176
v 9.39276 0.53640 -6.33002
v 9.42047 0.44135 -6.39341
v 9.45905 0.47765 -6.49835
v 9.45517 0.59514 -6.49983
v 9.41421 0.63144 -6.39579
v 10.09261 0.56280 -6.06366
v 10.12032 0.46776 -6.12705
v 10.15889 0.50406 -6.23200
v 10.15502 0.62154 -6.23347
v 10.11406 0.65785 -6.12943
v 9.42833 0.53640 -6.42348
v 10.12818 0.56280 -6.15712
v 9.26740 0.21280 -4.18859
v 10.41984 0.21280 -6.63029
v 10.41984 0.54280 -6.63029
v 9.26740 0.54280 -4.18859
v 9.94434 0.24533 -3.86909
v 11.09677 0.24533 -6.31079
v 11.09677 0.57533 -6.31079
v 9.94434 0.57533 -3.86909
v 9.45948 0.56280 -4.59554
v 9.49270 0.46779 -4.65627
v 9.53900 0.50408 -4.75805
v 9.53438 0.62152 -4.76023
v 9.48524 0.65782 -4.65979
v 10.13641 0.59533 -4.27604
v 10.16964 0.50032 -4.33677
v 10.21593 0.53661 -4.43855
v 10.21132 0.65406 -4.44073
v 10.16217 0.69035 -4.34029
v 9.50216 0.56280 -4.68598
v 10.17909 0.59533 -4.36648
v 10.14240 0.56280 -6.04248
v 10.17563 0.46779 -6.10320
v 10.22192 0.50408 -6.20498
v 10.21730 0.62152 -6.20716
v 10.16816 0.65782 -6.10673
v 10.81933 0.59533 -5.72298
v 10.85256 0.50032 -5.78370
v 10.89886 0.53661 -5.88548
v 10.89424 0.65406 -5.88766
v 10.84509 0.69035 -5.78723
v 10.18508 0.56280 -6.13291
v 10.86202 0.59533 -5.81341
v 9.48010 0.56280 -4.47523
v 9.41679 0.49280 -4.50511
v 9.35349 0.56280 -4.53499
v 9.41679 0.63280 -4.50511
v 10.33375 0.56280 -6.28390
v 10.27045 0.49280 -6.31378
v 10.20714 0.56280 -6.34365
v 10.27045 0.63280 -6.31378
v 9.41679 0.56280 -4.50511
v 10.27045 0.56280 -6.31378
v 9.84128 0.24533 -3.92329
v 11.19983 0.24533 -6.25660
v 11.19983 0.57533 -6.25660
v 9.84128 0.57533 -3.92329
v 10.48771 0.28739 -3.54691
v 11.84626 0.28739 -5.88023
v 11.84626 0.61739 -5.88023
v 10.48771 0.61739 -3.54691
v 10.06771 0.59533 -4.31217
v 10.10709 0.50038 -4.36920
v 10.16158 0.53665 -4.46685
v 10.15588 0.65402 -4.47017
v 10.09786 0.69029 -4.37457
v 10.71414 0.63739 -3.93580
v 10.75352 0.54243 -3.99282
v 10.80801 0.57870 -4.09047
v 10.80231 0.69607 -4.09379
v 10.74429 0.73234 -3.99820
v 10.11802 0.59533 -4.39859
v 10.76445 0.63739 -4.02222
v 10.87277 0.59533 -5.69488
v 10.91215 0.50038 -5.75191
v 10.96665 0.53665 -5.84955
v 10.96094 0.65402 -5.85287
v 10.90292 0.69029 -5.75728
v 11.51920 0.63739 -5.31850
v 11.55858 0.54243 -5.37553
v 11.61307 0.57870 -5.47318
v 11.60737 0.69607 -5.47650
v 11.54935 0.73234 -5.38090
v 10.92309 0.59533 -5.78130
v 11.56952 0.63739 -5.40492
v 10.37945 0.28739 -3.61708
v 11.95452 0.28739 -5.81006
v 11.95452 0.61739 -5.81006
v 10.37945 0.61739 -3.61708
v 10.98624 0.34269 -3.18126
v 12.56131 0.34269 -5.37424
v 12.56131 0.67269 -5.37424
v 10.98624 0.67269 -3.18126
v 10.64196 0.63739 -3.98258
v 10.68797 0.54254 -4.03460
v 10.75102 0.57877 -4.12697
v 10.74397 0.69601 -4.13204
v 10.67657 0.73223 -4.04279
v 11.24875 0.69269 -3.54676
v 11.29476 0.59785 -3.59879
v 11.35781 0.63407 -3.69116
v 11.35076 0.75131 -3.69622
v 11.28336 0.78754 -3.60698
v 10.70030 0.63739 -4.06380
v 11.30709 0.69269 -3.62798
v 11.57534 0.63739 -5.28212
v 11.62135 0.54254 -5.33415
v 11.68439 0.57877 -5.42652
v 11.67734 0.69601 -5.43158
v 11.60994 0.73223 -5.34234
v 12.18212 0.69269 -4.84630
v 12.22814 0.59785 -4.89833
v 12.29118 0.63407 -4.99070
v 12.28413 0.75131 -4.99577
v 12.21673 0.78754 -4.90652
v 11.63367 0.63739 -5.36334
v 12.24046 0.69269 -4.92752
v 10.64048 0.63739 -3.86052
v 10.58363 0.56739 -3.90135
v 10.52677 0.63739 -3.94219
v 10.58363 0.70739 -3.90135
v 11.80720 0.63739 -5.48495
v 11.75034 0.56739 -5.52578
v 11.69349 0.63739 -5.56662
v 11.75034 0.70739 -5.52578
v 10.58363 0.63739 -3.90135
v 11.75034 0.63739 -5.52578
v 10.87601 0.34269 -3.26953
v 12.67154 0.34269 -5.28598
v 12.67154 0.67269 -5.28598
v 10.87601 0.67269 -3.26953
v 11.43281 0.41505 -2.77373
v 13.22834 0.41505 -4.79019
v 13.22834 0.74505 -4.79019
v 11.43281 0.74505 -2.77373
v 11.17527 0.69269 -3.60560
v 11.22808 0.59803 -3.65110
v 11.29981 0.63419 -3.73693
v 11.29133 0.75120 -3.74448
v 11.21436 0.78735 -3.66332
v 11.73206 0.76505 -3.10981
v 11.78488 0.67039 -3.15530
v 11.85661 0.70655 -3.24114
v 11.84813 0.82355 -3.24869
v 11.77115 0.85971 -3.16752
v 11.24177 0.69269 -3.68028
v 11.79857 0.76505 -3.18449
v 12.23928 0.69269 -4.80054
v 12.29209 0.59803 -4.84603
v 12.36382 0.63419 -4.93187
v 12.35534 0.75120 -4.93942
v 12.27837 0.78735 -4.85825
v 12.79608 0.76505 -4.30474
v 12.84889 0.67039 -4.35024
v 12.92062 0.70655 -4.43607
v 12.91214 0.82355 -4.44362
v 12.83517 0.85971 -4.36246
v 12.30578 0.69269 -4.87522
v 12.86258 0.76505 -4.37943
v 11.32529 0.41505 -2.88090
v 13.33585 0.41505 -4.68302
v 13.33585 0.74505 -4.68302
v 11.32529 0.74505 -2.88090
v 11.82136 0.50793 -2.32746
v 13.83192 0.50793 -4.12958
v 13.83192 0.83793 -4.12958
v 11.82136 0.83793 -2.32746
v 11.66039 0.76505 -3.18125
v 11.71971 0.67068 -3.21859
v 11.79996 0.70672 -3.29657
v 11.79023 0.82337 -3.30742
v 11.70397 0.85942 -3.23615
v 12.15645 0.85793 -2.62781
v 12.21578 0.76356 -2.66515
v 12.29602 0.79960 -2.74313
v 12.28630 0.91625 -2.75398
v 12.20003 0.95230 -2.68271
v 11.73485 0.76505 -3.24800
v 12.23092 0.85793 -2.69456
v 12.85183 0.76505 -4.24918
v 12.91116 0.67068 -4.28651
v 12.99140 0.70672 -4.36449
v 12.98167 0.82337 -4.37535
v 12.89541 0.85942 -4.30408
v 13.34789 0.85793 -3.69573
v 13.40722 0.76356 -3.73307
v 13.48747 0.79960 -3.81105
v 13.47774 0.91625 -3.82190
v 13.39148 0.95230 -3.75064
v 12.92629 0.76505 -4.31592
v 13.42236 0.85793 -3.76248
v 11.63264 0.76505 -3.06238
v 11.58592 0.69505 -3.11451
v 11.53920 0.76505 -3.16663
v 11.58592 0.83505 -3.11451
v 13.12195 0.76505 -4.39729
v 13.07523 0.69505 -4.44941
v 13.02850 0.76505 -4.50154
v 13.07523 0.83505 -4.44941
v 11.58592 0.76505 -3.11451
v 13.07523 0.76505 -4.44941
v 11.72304 0.50793 -2.45098
v 13.93024 0.50793 -4.00606
v 13.93024 0.83793 -4.00606
v 11.72304 0.83793 -2.45098
v 12.14910 0.62543 -1.84624
v 14.35630 0.62543 -3.40132
v 14.35630 0.95543 -3.40132
v 12.14910 0.95543 -1.84624
v 12.09090 0.85793 -2.71016
v 12.15598 0.76400 -2.73776
v 12.24410 0.79988 -2.80681
v 12.23348 0.91598 -2.82189
v 12.13880 0.95186 -2.76215
v 12.51697 0.97543 -2.10542
v 12.58205 0.88151 -2.13302
v 12.67016 0.91738 -2.20208
v 12.65954 1.03348 -2.21715
v 12.56486 1.06936 -2.15742
v 12.17265 0.85793 -2.76775
v 12.59872 0.97543 -2.16302
v 13.39888 0.85793 -3.63169
v 13.46396 0.76400 -3.65929
v 13.55207 0.79988 -3.72834
v 13.54145 0.91598 -3.74341
v 13.44677 0.95186 -3.68368
v 13.82494 0.97543 -3.02695
v 13.89002 0.88151 -3.05455
v 13.97813 0.91738 -3.12360
v 13.96751 1.03348 -3.13868
v 13.87283 1.06936 -3.07895
v 13.48062 0.85793 -3.68928
v 13.90669 0.97543 -3.08455
v 12.07862 0.62543 -1.95743
v 14.42679 0.62543 -3.29013
v 14.42679 0.95543 -3.29013
v 12.07862 0.95543 -1.95743
v 12.44180 0.76661 -1.31752
v 14.78997 0.76661 -2.65021
v 14.78997 1.09661 -2.65021
v 12.44180 1.09661 -1.31752
v 12.46998 0.97543 -2.17955
v 12.53892 0.88203 -2.19807
v 12.63277 0.91771 -2.25921
v 12.62184 1.03316 -2.27847
v 12.52123 1.06884 -2.22924
v 12.83316 1.11661 -1.53963
v 12.90210 1.02321 -1.55815
v 12.99596 1.05888 -1.61929
v 12.98502 1.17434 -1.63856
v 12.88441 1.21001 -1.58933
v 12.55695 0.97543 -2.22891
v 12.92013 1.11661 -1.58899
v 13.86149 0.97543 -2.96930
v 13.93043 0.88203 -2.98782
v 14.02428 0.91771 -3.04896
v 14.01335 1.03316 -3.06822
v 13.91274 1.06884 -3.01899
v 14.22467 1.11661 -2.32938
v 14.29361 1.02321 -2.34790
v 14.38747 1.05888 -2.40904
v 14.37653 1.17434 -2.42830
v 14.27592 1.21001 -2.37907
v 13.94846 0.97543 -3.01866
v 14.31164 1.11661 -2.37874
v 12.41756 0.97543 -2.06931
v 12.38301 0.90543 -2.13019
v 12.34846 0.97543 -2.19107
v 12.38301 1.04543 -2.13019
v 14.15695 0.97543 -3.05650
v 14.12240 0.90543 -3.11737
v 14.08784 0.97543 -3.17825
v 14.12240 1.04543 -3.11737
v 12.38301 0.97543 -2.13019
v 14.12240 0.97543 -3.11737
v 12.39227 0.76661 -1.41355
v 14.83950 0.76661 -2.55418
v 14.83950 1.09661 -2.55418
v 12.39227 1.09661 -1.41355
v 12.70193 0.92184 -0.74915
v 15.14917 0.92184 -1.88978
v 15.14917 1.25184 -1.88978
v 12.70193 1.25184 -0.74915
v 12.80014 1.11661 -1.60366
v 12.87109 1.02357 -1.61499
v 12.96925 1.05911 -1.66904
v 12.95896 1.17411 -1.69112
v 12.85444 1.20965 -1.65071
v 13.10981 1.27184 -0.93926
v 13.18076 1.17879 -0.95059
v 13.27892 1.21433 -1.00464
v 13.26863 1.32934 -1.02672
v 13.16411 1.36488 -0.98631
v 12.89078 1.11661 -1.64590
v 13.20044 1.27184 -0.98150
v 14.25035 1.11661 -2.27958
v 14.32131 1.02357 -2.29091
v 14.41947 1.05911 -2.34497
v 14.40918 1.17411 -2.36704
v 14.30466 1.20965 -2.32663
v 14.56002 1.27184 -1.61518
v 14.63098 1.17879 -1.62651
v 14.72913 1.21433 -1.68057
v 14.71884 1.32934 -1.70264
v 14.61433 1.36488 -1.66223
v 14.34099 1.11661 -2.32183
v 14.65066 1.27184 -1.65743
v 12.66380 0.92184 -0.83939
v 15.18731 0.92184 -1.79954
v 15.18731 1.25184 -1.79954
v 12.66380 1.25184 -0.83939
v 12.92388 1.08474 -0.15583
v 15.44739 1.08474 -1.11597
v 15.44739 1.41474 -1.11597
v 12.92388 1.41474 -0.15583
v 13.08438 1.27184 -0.99942
v 13.15632 1.17901 -1.00466
v 13.25800 1.21446 -1.05180
v 13.24891 1.32921 -1.07569
v 13.14161 1.36467 -1.04331
v 13.34446 1.43474 -0.31585
v 13.41640 1.34191 -0.32110
v 13.51808 1.37737 -0.36824
v 13.50899 1.49211 -0.39213
v 13.40169 1.52757 -0.35975
v 13.17784 1.27184 -1.03498
v 13.43793 1.43474 -0.35141
v 14.57980 1.27184 -1.56839
v 14.65173 1.17901 -1.57364
v 14.75342 1.21446 -1.62078
v 14.74433 1.32921 -1.64466
v 14.63703 1.36467 -1.61229
v 14.83988 1.43474 -0.88483
v 14.91181 1.34191 -0.89007
v 15.01350 1.37737 -0.93721
v 15.00441 1.49211 -0.96110
v 14.89711 1.52757 -0.92872
v 14.67326 1.27184 -1.60395
v 14.93334 1.43474 -0.92039
v 13.01581 1.27184 -0.89843
v 12.99092 1.20184 -0.96386
v 12.96603 1.27184 -1.02928
v 12.99092 1.34184 -0.96386
v 14.88508 1.27184 -1.60965
v 14.86019 1.20184 -1.67507
v 14.83530 1.27184 -1.74050
v 14.86019 1.34184 -1.67507
v 12.99092 1.27184 -0.96386
v 14.86019 1.27184 -1.67507
v 12.89180 1.08474 -0.25056
v 15.47947 1.08474 -1.02124
v 15.47947 1.41474 -1.02124
v 12.89180 1.41474 -0.25056
v 13.10035 1.25088 0.44967
v 15.68802 1.25088 -0.32101
v 15.68802 1.58088 -0.32101
v 13.10035 1.58088 0.44967
v 13.32308 1.43474 -0.37901
v 13.39532 1.34200 -0.37852
v 13.50017 1.37742 -0.41815
v 13.49273 1.49205 -0.44313
v 13.38328 1.52748 -0.41894
v 13.53162 1.60088 0.32122
v 13.60387 1.50815 0.32171
v 13.70872 1.54357 0.28208
v 13.70128 1.65820 0.25710
v 13.59183 1.69362 0.28129
v 13.41892 1.43474 -0.40755
v 13.62746 1.60088 0.29268
v 14.85651 1.43474 -0.83571
v 14.92875 1.34200 -0.83522
v 15.03361 1.37742 -0.87485
v 15.02617 1.49205 -0.89984
v 14.91672 1.52748 -0.87564
v 15.06506 1.60088 -0.13548
v 15.13730 1.50815 -0.13499
v 15.24216 1.54357 -0.17462
v 15.23472 1.65820 -0.19961
v 15.12526 1.69362 -0.17541
v 14.95235 1.43474 -0.86425
v 15.16090 1.60088 -0.16402
v 13.07341 1.25088 0.34372
v 15.71495 1.25088 -0.21506
v 15.71495 1.58088 -0.21506
v 13.07341 1.58088 0.34372
v 13.22465 1.41608 1.05868
v 15.86620 1.41608 0.49990
v 15.86620 1.74608 0.49990
v 13.22465 1.74608 1.05868
v 13.51367 1.60088 0.25059
v 13.58561 1.50812 0.25681
v 13.69333 1.54355 0.22583
v 13.68797 1.65822 0.20047
v 13.57693 1.69365 0.21577
v 13.66491 1.76608 0.96555
v 13.73685 1.67332 0.97177
v 13.84457 1.70875 0.94079
v 13.83921 1.82342 0.91543
v 13.72817 1.85885 0.93073
v 13.61150 1.60088 0.22989
v 13.76274 1.76608 0.94486
v 15.07903 1.60088 -0.08054
v 15.15097 1.50812 -0.07433
v 15.25869 1.54355 -0.10530
v 15.25333 1.65822 -0.13066
v 15.14229 1.69365 -0.11536
v 15.23027 1.76608 0.63442
v 15.30221 1.67332 0.64064
v 15.40993 1.70875 0.60966
v 15.40457 1.82342 0.58430
v 15.29353 1.85885 0.59960
v 15.17686 1.60088 -0.10124
v 15.32810 1.76608 0.61373
v 13.43032 1.60088 0.33977
v 13.41583 1.53088 0.27129
v 13.40134 1.60088 0.20280
v 13.41583 1.67088 0.27129
v 15.38702 1.60088 -0.07414
v 15.37253 1.53088 -0.14263
v 15.35805 1.60088 -0.21111
v 15.37253 1.67088 -0.14263
v 13.41583 1.60088 0.27129
v 15.37253 1.60088 -0.14263
v 13.20430 1.41608 0.93384
v 15.88655 1.41608 0.62474
v 15.88655 1.74608 0.62474
v 13.20430 1.74608 0.93384
v 13.28809 1.57556 1.66098
v 15.97034 1.57556 1.35188
v 15.97034 1.90556 1.35188
v 13.28809 1.90556 1.66098
v 13.65134 1.76608 0.88232
v 13.72230 1.67316 0.89453
v 13.83248 1.70865 0.87405
v 13.82962 1.82351 0.84918
v 13.71767 1.85901 0.85430
v 13.73513 1.92556 1.60946
v 13.80610 1.83264 1.62166
v 13.91628 1.86813 1.60118
v 13.91341 1.98299 1.57632
v 13.80146 2.01849 1.58144
v 13.75068 1.76608 0.87088
v 13.83448 1.92556 1.59801
v 15.24082 1.76608 0.69915
v 15.31178 1.67316 0.71136
v 15.42197 1.70865 0.69087
v 15.41910 1.82351 0.66601
v 15.30715 1.85901 0.67113
v 15.32461 1.92556 1.42629
v 15.39558 1.83264 1.43849
v 15.50576 1.86813 1.41801
v 15.50289 1.98299 1.39315
v 15.39094 2.01849 1.39826
v 15.34016 1.76608 0.68771
v 15.42396 1.92556 1.41484
v 13.27923 1.57556 1.50043
v 15.97920 1.57556 1.51242
v 15.97920 1.90556 1.51242
v 13.27923 1.90556 1.50043
v 13.27597 1.72231 2.23480
v 15.97594 1.72231 2.24679
v 15.97594 2.05231 2.24679
v 13.27597 2.05231 2.23480
v 13.72923 1.92556 1.50243
v 13.79824 1.83230 1.52137
v 13.91007 1.86792 1.51475
v 13.91018 1.98320 1.49172
v 13.79841 2.01882 1.48410
v 13.72597 2.07231 2.23680
v 13.79498 1.97905 2.25574
v 13.90681 2.01467 2.24912
v 13.90692 2.12995 2.22608
v 13.79515 2.16557 2.21847
v 13.82922 1.92556 1.50287
v 13.82596 2.07231 2.23724
v 15.32921 1.92556 1.50953
v 15.39823 1.83230 1.52848
v 15.51006 1.86792 1.52186
v 15.51016 1.98320 1.49882
v 15.39839 2.01882 1.49121
v 15.32595 2.07231 2.24390
v 15.39496 1.97905 2.26284
v 15.50680 2.01467 2.25622
v 15.50690 2.12995 2.23319
v 15.39513 2.16557 2.22557
v 15.42921 1.92556 1.50998
v 15.42595 2.07231 2.24435
v 13.62892 1.92556 1.57199
v 13.62923 1.85556 1.50199
v 13.62954 1.92556 1.43199
v 13.62923 1.99556 1.50199
v 15.62890 1.92556 1.58087
v 15.62921 1.85556 1.51087
v 15.62952 1.92556 1.44087
v 15.62921 1.99556 1.51087
v 13.62923 1.92556 1.50199
v 15.62921 1.92556 1.51087
v 13.29340 1.72231 2.02446
v 15.95851 1.72231 2.45712
v 15.95851 2.05231 2.45712
v 13.29340 2.05231 2.02446
v 13.17512 1.84540 2.75308
v 15.84023 1.84540 3.18574
v 15.84023 2.17540 3.18574
v 13.17512 2.17540 2.75308
v 13.73759 2.07231 2.09657
v 13.80329 1.97850 2.12309
v 13.91460 2.01433 2.13510
v 13.91770 2.13029 2.11602
v 13.80830 2.16612 2.09220
v 13.61930 2.19540 2.82519
v 13.68500 2.10159 2.85170
v 13.79632 2.13742 2.86372
v 13.79942 2.25338 2.84463
v 13.69001 2.28921 2.82082
v 13.83629 2.07231 2.11260
v 13.71801 2.19540 2.84121
v 15.31691 2.07231 2.35296
v 15.38261 1.97850 2.37948
v 15.49393 2.01433 2.39150
v 15.49702 2.13029 2.37241
v 15.38762 2.16612 2.34860
v 15.19863 2.19540 3.08158
v 15.26432 2.10159 3.10809
v 15.37564 2.13742 3.12011
v 15.37874 2.25338 3.10102
v 15.26934 2.28921 3.07721
v 15.41562 2.07231 2.36899
v 15.29733 2.19540 3.09760
v 13.23484 1.84540 2.51951
v 15.78050 1.84540 3.41930
v 15.78050 2.17540 3.41930
v 13.23484 2.17540 2.51951
v 12.98735 1.94014 3.21970
v 15.53301 1.94014 4.11949
v 15.53301 2.27014 4.11949
v 12.98735 2.27014 3.21970
v 13.65912 2.19540 2.66948
v 13.72026 2.10106 2.70385
v 13.82720 2.13710 2.73678
v 13.83216 2.25371 2.72275
v 13.72828 2.28974 2.68116
v 13.41163 2.29014 3.36967
v 13.47277 2.19580 3.40404
v 13.57971 2.23183 3.43697
v 13.58467 2.34845 3.42294
v 13.48079 2.38448 3.38135
v 13.75340 2.19540 2.70280
v 13.50591 2.29014 3.40299
v 15.16766 2.19540 3.20268
v 15.22879 2.10106 3.23706
v 15.33574 2.13710 3.26998
v 15.34070 2.25371 3.25596
v 15.23682 2.28974 3.21437
v 14.92017 2.29014 3.90288
v 14.98130 2.19580 3.93725
v 15.08825 2.23183 3.97018
v 15.09321 2.34845 3.95615
v 14.98933 2.38448 3.91456
v 15.26194 2.19540 3.23601
v 15.01445 2.29014 3.93620
v 13.54151 2.19540 2.70215
v 13.56484 2.12540 2.63615
v 13.58816 2.19540 2.57015
v 13.56484 2.26540 2.63615
v 15.42718 2.19540 3.36866
v 15.45051 2.12540 3.30266
v 15.47384 2.19540 3.23666
v 15.45051 2.26540 3.30266
v 13.56484 2.19540 2.63615
v 15.45051 2.19540 3.30266
v 13.05922 1.94014 3.05299
v 15.46114 1.94014 4.28620
v 15.46114 2.27014 4.28620
v 13.05922 2.27014 3.05299
v 12.71889 2.01610 3.71586
v 15.12080 2.01610 4.94907
v 15.12080 2.34610 4.94907
v 12.71889 2.34610 3.71586
v 13.45954 2.29014 3.25853
v 13.51661 2.19552 3.29867
v 13.61775 2.23166 3.34646
v 13.62320 2.34862 3.33585
v 13.52542 2.38476 3.28151
v 13.11921 2.36610 3.92139
v 13.17627 2.27148 3.96154
v 13.27742 2.30762 4.00932
v 13.28286 2.42457 3.99872
v 13.18508 2.46071 3.94438
v 13.54850 2.29014 3.30420
v 13.20817 2.36610 3.96707
v 14.88290 2.29014 3.98932
v 14.93996 2.19552 4.02946
v 15.04111 2.23166 4.07725
v 15.04655 2.34862 4.06664
v 14.94878 2.38476 4.01230
v 14.54257 2.36610 4.65219
v 14.59963 2.27148 4.69233
v 14.70077 2.30762 4.74011
v 14.70622 2.42457 4.72951
v 14.60844 2.46071 4.67517
v 14.97186 2.29014 4.03499
v 14.63153 2.36610 4.69786
v 12.78922 2.01610 3.59477
v 15.05047 2.01610 5.07016
v 15.05047 2.34610 5.07016
v 12.78922 2.34610 3.59477
v 12.38117 2.07623 4.22017
v 14.64242 2.07623 5.69555
v 14.64242 2.40623 5.69555
v 12.38117 2.40623 4.22017
v 13.16610 2.36610 3.84067
v 13.21980 2.27130 3.88482
v 13.31502 2.30751 3.94347
v 13.32018 2.42468 3.93557
v 13.22814 2.46089 3.87203
v 12.75805 2.42623 4.46607
v 12.81175 2.33143 4.51022
v 12.90698 2.36764 4.56887
v 12.91213 2.48482 4.56097
v 12.82009 2.52103 4.49743
v 13.24985 2.36610 3.89531
v 12.84180 2.42623 4.52071
v 14.50610 2.36610 4.71497
v 14.55979 2.27130 4.75912
v 14.65502 2.30751 4.81778
v 14.66018 2.42468 4.80987
v 14.56814 2.46089 4.74634
v 14.09805 2.42623 5.34037
v 14.15175 2.33143 5.38452
v 14.24697 2.36764 5.44317
v 14.25213 2.48482 5.43527
v 14.16009 2.52103 5.37173
v 14.58985 2.36610 4.76962
v 14.18180 2.42623 5.39501
v 13.04410 2.36610 3.84465
v 13.08235 2.29610 3.78603
v 13.12060 2.36610 3.72740
v 13.08235 2.43610 3.78603
v 14.71910 2.36610 4.93753
v 14.75735 2.29610 4.87890
v 14.79560 2.36610 4.82028
v 14.75735 2.43610 4.87890
v 13.08235 2.36610 3.78603
v 14.75735 2.36610 4.87890
v 12.45006 2.07623 4.12406
v 14.57353 2.07623 5.79166
v 14.57353 2.40623 5.79166
v 12.45006 2.40623 4.12406
v 11.98818 2.12213 4.71221
v 14.11165 2.12213 6.37981
v 14.11165 2.45213 6.37981
v 11.98818 2.45213 4.71221
v 12.80398 2.42623 4.40199
v 12.85472 2.33130 4.44925
v 12.94403 2.36756 4.51656
v 12.94847 2.48490 4.51089
v 12.86192 2.52116 4.44009
v 12.34209 2.47213 4.99014
v 12.39284 2.37720 5.03740
v 12.48214 2.41346 5.10471
v 12.48659 2.53080 5.09904
v 12.40003 2.56706 5.02824
v 12.88262 2.42623 4.46376
v 12.42074 2.47213 5.05191
v 14.06233 2.42623 5.39020
v 14.11307 2.33130 5.43746
v 14.20238 2.36756 5.50476
v 14.20682 2.48490 5.49910
v 14.12027 2.52116 5.42830
v 13.60044 2.47213 5.97835
v 13.65119 2.37720 6.02561
v 13.74049 2.41346 6.09291
v 13.74494 2.53080 6.08725
v 13.65838 2.56706 6.01645
v 14.14097 2.42623 5.45197
v 13.67909 2.47213 6.04011
v 12.05476 2.12213 4.63378
v 14.04507 2.12213 6.45824
v 14.04507 2.45213 6.45824
v 12.05476 2.45213 4.63378
v 11.54894 2.15503 5.18557
v 13.53926 2.15503 7.01003
v 13.53926 2.48503 7.01003
v 11.54894 2.48503 5.18557
v 12.38648 2.47213 4.93786
v 12.43459 2.37712 4.98763
v 12.51808 2.41341 5.06200
v 12.52157 2.53085 5.05819
v 12.44023 2.56714 4.98147
v 11.88066 2.50503 5.48965
v 11.92878 2.41001 5.53942
v 12.01227 2.44631 5.61379
v 12.01576 2.56375 5.60999
v 11.93442 2.60004 5.53326
v 12.46019 2.47213 5.00543
v 11.95438 2.50503 5.55722
v 13.56592 2.47213 6.01902
v 13.61403 2.37712 6.06879
v 13.69753 2.41341 6.14316
v 13.70101 2.53085 6.13936
v 13.61968 2.56714 6.06263
v 13.06011 2.50503 6.57081
v 13.10822 2.41001 6.62058
v 13.19171 2.44631 6.69495
v 13.19520 2.56375 6.69115
v 13.11386 2.60004 6.61443
v 13.63963 2.47213 6.08659
v 13.13382 2.50503 6.63838
v 12.26546 2.47213 4.92189
v 12.31276 2.40213 4.87028
v 12.36006 2.47213 4.81868
v 12.31276 2.54213 4.87028
v 13.73976 2.47213 6.27334
v 13.78706 2.40213 6.22174
v 13.83437 2.47213 6.17014
v 13.78706 2.54213 6.22174
v 12.31276 2.47213 4.87028
v 13.78706 2.47213 6.22174
v 11.61607 2.15503 5.11736
v 13.47213 2.15503 7.07825
v 13.47213 2.48503 7.07825
v 11.61607 2.48503 5.11736
v 11.07211 2.17537 5.63225
v 12.92816 2.17537 7.59313
v 12.92816 2.50537 7.59313
v 11.07211 2.50537 5.63225
v 11.92542 2.50503 5.44417
v 11.97104 2.40996 5.49613
v 12.04861 2.44627 5.57665
v 12.05093 2.56379 5.57446
v 11.97479 2.60010 5.49258
v 11.38145 2.52537 5.95906
v 11.42707 2.43030 6.01102
v 11.50465 2.46661 6.09154
v 11.50696 2.58412 6.08934
v 11.43082 2.62044 6.00747
v 11.99416 2.50503 5.51680
v 11.45019 2.52537 6.03169
v 13.02530 2.50503 6.60618
v 13.07092 2.40996 6.65814
v 13.14850 2.44627 6.73866
v 13.15081 2.56379 6.73647
v 13.07467 2.60010 6.65459
v 12.48133 2.52537 7.12107
v 12.52696 2.43030 7.17302
v 12.60453 2.46661 7.25354
v 12.60685 2.58412 7.25135
v 12.53070 2.62044 7.16948
v 13.09404 2.50503 6.67881
v 12.55007 2.52537 7.19369
v 11.14220 2.17537 5.57036
v 12.85806 2.17537 7.65502
v 12.85806 2.50537 7.65502
v 11.14220 2.50537 5.57036
v 10.56371 2.18305 6.04651
v 12.27958 2.18305 8.13117
v 12.27958 2.51305 8.13117
v 10.56371 2.51305 6.04651
v 11.42818 2.52537 5.91780
v 11.47134 2.43027 5.97177
v 11.54267 2.46659 6.05786
v 11.54361 2.58414 6.05709
v 11.47284 2.62047 5.97053
v 10.84969 2.53305 6.39395
v 10.89285 2.43795 6.44792
v 10.96419 2.47428 6.53401
v 10.96512 2.59183 6.53324
v 10.89436 2.62815 6.44668
v 11.49173 2.52537 5.99501
v 10.91324 2.53305 6.47116
v 12.44499 2.52537 7.15316
v 12.48814 2.43027 7.20713
v 12.55948 2.46659 7.29321
v 12.56041 2.58414 7.29245
v 12.48965 2.62047 7.20589
v 11.86650 2.53305 7.62930
v 11.90966 2.43795 7.68327
v 11.98100 2.47428 7.76936
v 11.98193 2.59183 7.76859
v 11.91116 2.62815 7.68203
v 12.50854 2.52537 7.23037
v 11.93005 2.53305 7.70651
v 11.31058 2.52537 5.88508
v 11.36463 2.45537 5.84059
v 11.41867 2.52537 5.79611
v 11.36463 2.59537 5.84059
v 12.58159 2.52537 7.42927
v 12.63564 2.45537 7.38479
v 12.68968 2.52537 7.34030
v 12.63564 2.59537 7.38479
v 11.36463 2.52537 5.84059
v 12.63564 2.52537 7.38479
v 10.63961 2.18305 5.98841
v 12.20367 2.18305 8.18926
v 12.20367 2.51305 8.18926
v 10.63961 2.51305 5.98841
v 10.02888 2.17751 6.42244
v 11.59294 2.17751 8.62328
v 11.59294 2.50751 8.62328
v 10.02888 2.50751 6.42244
v 10.90029 2.53305 6.35522
v 10.94089 2.43795 6.41114
v 11.00544 2.47428 6.50243
v 11.00473 2.59183 6.50293
v 10.93974 2.62816 6.41195
v 10.28956 2.52751 6.78925
v 10.33016 2.43240 6.84516
v 10.39471 2.46873 6.93645
v 10.39400 2.58628 6.93696
v 10.32901 2.62261 6.84598
v 10.95822 2.53305 6.43673
v 10.34749 2.52751 6.87076
v 11.82714 2.53305 7.65943
v 11.86774 2.43795 7.71534
v 11.93229 2.47428 7.80663
v 11.93158 2.59183 7.80714
v 11.86660 2.62816 7.71616
v 11.21641 2.52751 8.09345
v 11.25701 2.43240 8.14937
v 11.32156 2.46873 8.24066
v 11.32085 2.58628 8.24116
v 11.25586 2.62261 8.15018
v 11.88507 2.53305 7.74094
v 11.27434 2.52751 8.17496
v 10.11424 2.17751 6.36651
v 11.50759 2.17751 8.67921
v 11.50759 2.50751 8.67921
v 10.11424 2.50751 6.36651
v 9.47270 2.15760 6.75302
v 10.86604 2.15760 9.06573
v 10.86604 2.48760 9.06573
v 9.47270 2.48760 6.75302
v 10.34646 2.52751 6.75196
v 10.38429 2.43243 6.80984
v 10.44116 2.46875 6.90611
v 10.43848 2.58626 6.90772
v 10.37996 2.62258 6.81245
v 9.70492 2.50760 7.13847
v 9.74275 2.41253 7.19636
v 9.79962 2.44884 7.29262
v 9.79694 2.56636 7.29423
v 9.73842 2.60267 7.19896
v 10.39807 2.52751 6.83762
v 9.75653 2.50760 7.22413
v 11.17215 2.52751 8.12245
v 11.20997 2.43243 8.18033
v 11.26684 2.46875 8.27660
v 11.26417 2.58626 8.27821
v 11.20564 2.62258 8.18294
v 10.53061 2.50760 8.50896
v 10.56843 2.41253 8.56685
v 10.62530 2.44884 8.66311
v 10.62263 2.56636 8.66472
v 10.56410 2.60267 8.56945
v 11.22376 2.52751 8.20811
v 10.58221 2.50760 8.59462
v 10.23490 2.52751 6.70243
v 10.29486 2.45751 6.66631
v 10.35482 2.52751 6.63018
v 10.29486 2.59751 6.66631
v 11.26701 2.52751 8.41554
v 11.32697 2.45751 8.37942
v 11.38693 2.52751 8.34329
v 11.32697 2.59751 8.37942
v 10.29486 2.52751 6.66631
v 11.32697 2.52751 8.37942
v 9.57340 2.15760 6.69805
v 10.76535 2.15760 9.12070
v 10.76535 2.48760 9.12070
v 9.57340 2.48760 6.69805
v 8.90204 2.11955 7.02836
v 10.09399 2.11955 9.45101
v 10.09399 2.44955 9.45101
v 8.90204 2.44955 7.02836
v 9.77205 2.50760 7.10182
v 9.80689 2.41262 7.16169
v 9.85459 2.44890 7.26282
v 9.84924 2.56630 7.26546
v 9.79822 2.60258 7.16596
v 9.10070 2.46955 7.43213
v 9.13554 2.37457 7.49200
v 9.18324 2.41085 7.59313
v 9.17788 2.52826 7.59577
v 9.12687 2.56454 7.49627
v 9.81620 2.50760 7.19155
v 9.14484 2.46955 7.52186
v 10.47840 2.50760 8.53747
v 10.51323 2.41262 8.59734
v 10.56094 2.44890 8.69847
v 10.55558 2.56630 8.70111
v 10.50457 2.60258 8.60160
v 9.80704 2.46955 8.86778
v 9.84188 2.37457 8.92765
v 9.88958 2.41085 9.02878
v 9.88422 2.52826 9.03142
v 9.83321 2.56454 8.93191
v 10.52254 2.50760 8.62720
v 9.85119 2.46955 8.95751
v 9.00373 2.11955 6.98343
v 9.99230 2.11955 9.49594
v 9.99230 2.44955 9.49594
v 9.00373 2.44955 6.98343
v 8.30863 2.06099 7.25692
v 9.29720 2.06099 9.76943
v 9.29720 2.39099 9.76943
v 8.30863 2.39099 7.25692
v 9.16849 2.46955 7.40218
v 9.20071 2.37474 7.46376
v 9.23900 2.41095 7.56884
v 9.23045 2.52815 7.57220
v 9.18687 2.56437 7.46920
v 8.47339 2.41099 7.67567
v 8.50561 2.31618 7.73725
v 8.54390 2.35239 7.84233
v 8.53535 2.46959 7.84569
v 8.49177 2.50581 7.74269
v 9.20511 2.46955 7.49523
v 8.51001 2.41099 7.76873
v 9.75431 2.46955 8.89108
v 9.78653 2.37474 8.95266
v 9.82482 2.41095 9.05774
v 9.81627 2.52815 9.06110
v 9.77269 2.56437 8.95810
v 9.05921 2.41099 9.16457
v 9.09143 2.31618 9.22615
v 9.12972 2.35239 9.33123
v 9.12117 2.46959 9.33459
v 9.07759 2.50581 9.23159
v 9.79092 2.46955 8.98413
v 9.09582 2.41099 9.25763
v 9.06674 2.46955 7.33475
v 9.13188 2.39955 7.30912
v 9.19702 2.46955 7.28349
v 9.13188 2.53955 7.30912
v 9.79901 2.46955 9.19587
v 9.86415 2.39955 9.17025
v 9.92929 2.46955 9.14462
v 9.86415 2.53955 9.17025
v 9.13188 2.46955 7.30912
v 9.86415 2.46955 9.17025
v 8.39524 2.06099 7.22620
v 9.21059 2.06099 9.80015
v 9.21059 2.39099 9.80015
v 8.39524 2.39099 7.22620
v 7.68434 1.98746 7.45139
v 8.49969 1.98746 10.02534
v 8.49969 2.31746 10.02534
v 7.68434 2.31746 7.45139
v 8.53113 2.41099 7.65519
v 8.56090 2.31634 7.71825
v 8.59126 2.35250 7.82591
v 8.58026 2.46949 7.82939
v 8.54310 2.50564 7.72388
v 7.82023 2.33746 7.88038
v 7.85000 2.24281 7.94344
v 7.88036 2.27897 8.05110
v 7.86936 2.39595 8.05458
v 7.83220 2.43211 7.94907
v 8.56133 2.41099 7.75052
v 7.85043 2.33746 7.97571
v 9.01430 2.41099 9.18050
v 9.04406 2.31634 9.24355
v 9.07443 2.35250 9.35121
v 9.06343 2.46949 9.35469
v 9.02627 2.50564 9.24919
v 8.30340 2.33746 9.40569
v 8.33316 2.24281 9.46874
v 8.36353 2.27897 9.57640
v 8.35253 2.39595 9.57988
v 8.31537 2.43211 9.47438
v 9.04450 2.41099 9.27583
v 8.33360 2.33746 9.50102
v 7.75807 1.98746 7.43032
v 8.42596 1.98746 10.04641
v 8.42596 2.31746 10.04641
v 7.75807 2.31746 7.43032
v 7.03655 1.90355 7.61453
v 7.70445 1.90355 10.23062
v 7.70445 2.23355 10.23062
v 7.03655 2.23355 7.61453
v 7.86938 2.33746 7.86634
v 7.89680 2.24295 7.93065
v 7.92051 2.27905 8.03999
v 7.90776 2.39587 8.04324
v 7.87616 2.43197 7.93592
v 7.14787 2.25355 8.05054
v 7.17528 2.15904 8.11486
v 7.19899 2.19514 8.22419
v 7.18624 2.31196 8.22745
v 7.15464 2.34805 8.12013
v 7.89412 2.33746 7.96323
v 7.17260 2.25355 8.14743
v 8.26517 2.33746 9.41661
v 8.29258 2.24295 9.48093
v 8.31630 2.27905 9.59026
v 8.30355 2.39587 9.59352
v 8.27195 2.43197 9.48620
v 7.54366 2.25355 9.60082
v 7.57107 2.15904 9.66513
v 7.59478 2.19514 9.77447
v 7.58203 2.31196 9.77772
v 7.55043 2.34805 9.67040
v 8.28991 2.33746 9.51350
v 7.56839 2.25355 9.69771
v 7.77682 2.33746 7.78676
v 7.84465 2.26746 7.76944
v 7.91247 2.33746 7.75213
v 7.84465 2.40746 7.76944
v 8.27156 2.33746 9.72460
v 8.33938 2.26746 9.70729
v 8.40721 2.33746 9.68997
v 8.33938 2.40746 9.70729
v 7.84465 2.33746 7.76944
v 8.33938 2.33746 9.70729
v 7.09877 1.90355 7.60020
v 7.64223 1.90355 10.24494
v 7.64223 2.23355 10.24494
v 7.09877 2.23355 7.60020
v 6.37009 1.81301 7.74993
v 6.91355 1.81301 10.39468
v 6.91355 2.14301 10.39468
v 6.37009 2.14301 7.74993
v 7.18935 2.25355 8.04099
v 7.21451 2.15914 8.10636
v 7.23271 2.19520 8.21676
v 7.21880 2.31189 8.21962
v 7.19200 2.34796 8.11099
v 6.46066 2.16301 8.19073
v 6.48583 2.06860 8.25610
v 6.50403 2.10466 8.36649
v 6.49012 2.22135 8.36935
v 6.46332 2.25742 8.26072
v 7.20947 2.25355 8.13894
v 6.48079 2.16301 8.28868
v 7.51139 2.25355 9.60824
v 7.53656 2.15914 9.67362
v 7.55476 2.19520 9.78401
v 7.54085 2.31189 9.78687
v 7.51405 2.34796 9.67824
v 6.78271 2.16301 9.75798
v 6.80788 2.06860 9.82335
v 6.82608 2.10466 9.93375
v 6.81217 2.22135 9.93661
v 6.78537 2.25742 9.82798
v 7.53152 2.25355 9.70620
v 6.80284 2.16301 9.85593
v 6.42208 1.81301 7.74031
v 6.86155 1.81301 10.40430
v 6.86155 2.14301 10.40430
v 6.42208 2.14301 7.74031
v 5.68852 1.71888 7.86132
v 6.12799 1.71888 10.52532
v 6.12799 2.04888 10.52532
v 5.68852 2.04888 7.86132
v 6.49533 2.16301 8.18431
v 6.51836 2.06865 8.25054
v 6.53206 2.10469 8.36159
v 6.51749 2.22132 8.36400
v 6.49479 2.25736 8.25443
v 5.76176 2.06888 8.30532
v 5.78480 1.97453 8.37155
v 5.79849 2.01056 8.48261
v 5.78392 2.12719 8.48501
v 5.76122 2.16323 8.37544
v 6.51161 2.16301 8.28297
v 5.77804 2.06888 8.40399
v 6.75575 2.16301 9.76297
v 6.77879 2.06865 9.82920
v 6.79248 2.10469 9.94026
v 6.77791 2.22132 9.94266
v 6.75521 2.25736 9.83309
v 6.02219 2.06888 9.88398
v 6.04522 1.97453 9.95022
v 6.05892 2.01056 10.06127
v 6.04435 2.12719 10.06367
v 6.02165 2.16323 9.95410
v 6.77203 2.16301 9.86164
v 6.03847 2.06888 9.98265
v 6.40999 2.16301 8.09703
v 6.47905 2.09301 8.08564
v 6.54812 2.16301 8.07425
v 6.47905 2.23301 8.08564
v 6.73552 2.16301 10.07036
v 6.80458 2.09301 10.05897
v 6.87365 2.16301 10.04758
v 6.80458 2.23301 10.05897
v 6.47905 2.16301 8.08564
v 6.80458 2.16301 10.05897
v 5.73370 1.71888 7.85465
v 6.08280 1.71888 10.53199
v 6.08280 2.04888 10.53199
v 5.73370 2.04888 7.85465
v 4.99660 1.62359 7.95076
v 5.34570 1.62359 10.62810
v 5.34570 1.95359 10.62810
v 4.99660 1.95359 7.95076
v 5.79189 2.06888 8.30087
v 5.81281 1.97454 8.36783
v 5.82269 2.01058 8.47929
v 5.80787 2.12718 8.48122
v 5.78883 2.16321 8.37095
v 5.05478 1.97359 8.39698
v 5.07571 1.87926 8.46394
v 5.08558 1.91529 8.57540
v 5.07076 2.03189 8.57733
v 5.05172 2.06792 8.46707
v 5.80482 2.06888 8.40003
v 5.06771 1.97359 8.49614
v 5.99876 2.06888 9.88744
v 6.01968 1.97454 9.95440
v 6.02956 2.01058 10.06586
v 6.01474 2.12718 10.06779
v 5.99570 2.16321 9.95752
v 5.26165 1.97359 9.98355
v 5.28258 1.87926 10.05051
v 5.29245 1.91529 10.16197
v 5.27763 2.03189 10.16390
v 5.25860 2.06792 10.05364
v 6.01169 2.06888 9.98660
v 5.27458 1.97359 10.08271
v 5.03410 1.62359 7.94640
v 5.30819 1.62359 10.63246
v 5.30819 1.95359 10.63246
v 5.03410 1.95359 7.94640
v 4.29447 1.52927 8.02188
v 4.56855 1.52927 10.70793
v 4.56855 1.85927 10.70793
v 4.29447 1.85927 8.02188
v 5.07978 1.97359 8.39408
v 5.09871 1.87924 8.46161
v 5.10551 1.91528 8.57330
v 5.09079 2.03190 8.57480
v 5.07489 2.06794 8.46404
v 4.34015 1.87927 8.46955
v 4.35907 1.78492 8.53708
v 4.36587 1.82096 8.64877
v 4.35115 1.93758 8.65027
v 4.33525 1.97362 8.53951
v 5.08993 1.97359 8.49356
v 4.35030 1.87927 8.56904
v 5.24221 1.97359 9.98581
v 5.26113 1.87924 10.05334
v 5.26793 1.91528 10.16503
v 5.25321 2.03190 10.16653
v 5.23731 2.06794 10.05577
v 4.50257 1.87927 10.06129
v 4.52149 1.78492 10.12881
v 4.52829 1.82096 10.24050
v 4.51358 1.93758 10.24201
v 4.49768 1.97362 10.13124
v 5.25236 1.97359 10.08530
v 4.51272 1.87927 10.16077
v 4.99999 1.97359 8.30170
v 5.06963 1.90359 8.29460
v 5.13927 1.97359 8.28749
v 5.06963 2.04359 8.29460
v 5.20302 1.97359 10.29137
v 5.27266 1.90359 10.28426
v 5.34230 1.97359 10.27716
v 5.27266 2.04359 10.28426
v 5.06963 1.97359 8.29460
v 5.27266 1.97359 10.28426
v 4.32747 1.52927 8.01892
v 4.53555 1.52927 10.71089
v 4.53555 1.85927 10.71089
v 4.32747 1.85927 8.01892
v 3.58584 1.43788 8.07624
v 3.79391 1.43788 10.76821
v 3.79391 1.76788 10.76821
v 3.58584 1.76788 8.07624
v 4.36215 1.87927 8.46758
v 4.37904 1.78488 8.53558
v 4.38324 1.82093 8.64739
v 4.36895 1.93761 8.64850
v 4.35591 1.97367 8.53737
v 3.62051 1.78788 8.52490
v 3.63740 1.69348 8.59290
v 3.64160 1.72954 8.70472
v 3.62731 1.84622 8.70582
v 3.61428 1.88228 8.59469
v 4.36986 1.87927 8.56728
v 3.62822 1.78788 8.62461
v 4.48546 1.87927 10.06282
v 4.50234 1.78488 10.13082
v 4.50654 1.82093 10.24263
v 4.49225 1.93761 10.24374
v 4.47922 1.97367 10.13261
v 3.74382 1.78788 10.12015
v 3.76071 1.69348 10.18815
v 3.76491 1.72954 10.29996
v 3.75061 1.84622 10.30106
v 3.73758 1.88228 10.18993
v 4.49316 1.87927 10.16252
v 3.75153 1.78788 10.21985
v 3.61312 1.43788 8.07441
v 3.76662 1.43788 10.77004
v 3.76662 1.76788 10.77004
v 3.61312 1.76788 8.07441
v 2.86993 1.35107 8.11673
v 3.02343 1.35107 10.81236
v 3.02343 1.68107 10.81236
v 2.86993 1.68107 8.11673
v 3.63871 1.78788 8.52368
v 3.65363 1.69341 8.59204
v 3.65579 1.72950 8.70391
v 3.64219 1.84626 8.70468
v 3.63164 1.88234 8.59330
v 2.89551 1.70107 8.56600
v 2.91044 1.60660 8.63436
v 2.91259 1.64269 8.74623
v 2.89900 1.75945 8.74700
v 2.88844 1.79553 8.63562
v 3.64439 1.78788 8.62352
v 2.90120 1.70107 8.66584
v 3.72967 1.78788 10.12110
v 3.74460 1.69341 10.18946
v 3.74675 1.72950 10.30132
v 3.73316 1.84626 10.30209
v 3.72260 1.88234 10.19071
v 2.98647 1.70107 10.16342
v 3.00140 1.60660 10.23178
v 3.00356 1.64269 10.34364
v 2.98996 1.75945 10.34441
v 2.97940 1.79553 10.23303
v 3.73535 1.78788 10.22093
v 2.99216 1.70107 10.26325
v 3.56314 1.78788 8.42783
v 3.63302 1.71788 8.42385
v 3.70291 1.78788 8.41987
v 3.63302 1.85788 8.42385
v 3.67684 1.78788 10.42459
v 3.74672 1.71788 10.42061
v 3.81661 1.78788 10.41663
v 3.74672 1.85788 10.42061
v 3.63302 1.78788 8.42385
v 3.74672 1.78788 10.42061
v 2.89340 1.35107 8.11560
v 2.99995 1.35107 10.81350
v 2.99995 1.68107 10.81350
v 2.89340 1.68107 8.11560
v 2.14887 1.27056 8.14500
v 2.25542 1.27056 10.84290
v 2.25542 1.60056 10.84290
v 2.14887 1.60056 8.14500
v 2.91116 1.70107 8.56525
v 2.92410 1.60651 8.63389
v 2.92461 1.64263 8.74576
v 2.91199 1.75951 8.74626
v 2.90368 1.79562 8.63470
v 2.16663 1.62056 8.59465
v 2.17957 1.52600 8.66329
v 2.18008 1.56212 8.77516
v 2.16746 1.67900 8.77566
v 2.15915 1.71511 8.66410
v 2.91511 1.70107 8.66517
v 2.17058 1.62056 8.69458
v 2.97430 1.70107 10.16400
v 2.98724 1.60651 10.23264
v 2.98775 1.64263 10.34451
v 2.97513 1.75951 10.34501
v 2.96682 1.79562 10.23345
v 2.22977 1.62056 10.19341
v 2.24271 1.52600 10.26205
v 2.24322 1.56212 10.37392
v 2.23060 1.67900 10.37442
v 2.22229 1.71511 10.26285
v 2.97825 1.70107 10.26392
v 2.23372 1.62056 10.29333
v 2.16662 1.27056 8.14442
v 2.23768 1.27056 10.84348
v 2.23768 1.60056 10.84348
v 2.16662 1.60056 8.14442
v 1.42115 1.19586 8.16405
v 1.49221 1.19586 10.86311
v 1.49221 1.52586 10.86311
v 1.42115 1.52586 8.16405
v 2.17846 1.62056 8.59426
v 2.18975 1.52593 8.66309
v 2.18908 1.56207 8.77495
v 2.17736 1.67904 8.77526
v 2.17080 1.71519 8.66359
v 1.43299 1.54586 8.61389
v 1.44429 1.45123 8.68272
v 1.44361 1.48737 8.79458
v 1.43190 1.60435 8.79488
v 1.42534 1.64049 8.68322
v 2.18109 1.62056 8.69423
v 1.43563 1.54586 8.71386
v 2.22057 1.62056 10.19371
v 2.23187 1.52593 10.26253
v 2.23119 1.56207 10.37439
v 2.21948 1.67904 10.37470
v 2.21291 1.71519 10.26303
v 1.47511 1.54586 10.21334
v 1.48640 1.45123 10.28216
v 1.48572 1.48737 10.39402
v 1.47401 1.60435 10.39433
v 1.46745 1.64049 10.28266
v 2.22320 1.62056 10.29367
v 1.47774 1.54586 10.31330
v 2.10585 1.62056 8.49614
v 2.17583 1.55056 8.49430
v 2.24580 1.62056 8.49246
v 2.17583 1.69056 8.49430
v 2.15849 1.62056 10.49545
v 2.22847 1.55056 10.49361
v 2.29844 1.62056 10.49176
v 2.22847 1.69056 10.49361
v 2.17583 1.62056 8.49430
v 2.22847 1.62056 10.49361
v 1.43287 1.19586 8.16379
v 1.48050 1.19586 10.86337
v 1.48050 1.52586 10.86337
v 1.43287 1.52586 8.16379
v 0.68716 1.12216 8.17695
v 0.73479 1.12216 10.87653
v 0.73479 1.45216 10.87653
v 0.68716 1.45216 8.17695
v 1.44081 1.54586 8.61372
v 1.45138 1.45122 8.68264
v 1.44978 1.48737 8.79449
v 1.43822 1.60435 8.79469
v 1.43267 1.64050 8.68297
v 0.69510 1.47216 8.62688
v 0.70567 1.37751 8.69580
v 0.70407 1.41366 8.80765
v 0.69251 1.53065 8.80785
v 0.68697 1.56680 8.69613
v 1.44257 1.54586 8.71370
v 0.69686 1.47216 8.72686
v 1.46903 1.54586 10.21347
v 1.47960 1.45122 10.28239
v 1.47800 1.48737 10.39424
v 1.46644 1.60435 10.39445
v 1.46090 1.64050 10.28272
v 0.72332 1.47216 10.22663
v 0.73389 1.37751 10.29555
v 0.73229 1.41366 10.40740
v 0.72073 1.53065 10.40760
v 0.71519 1.56680 10.29588
v 1.47079 1.54586 10.31345
v 0.72509 1.47216 10.32661
v 0.70131 1.12216 8.17677
v 0.72064 1.12216 10.87670
v 0.72064 1.45216 10.87670
v 0.70131 1.45216 8.17677
v -0.04457 1.04918 8.18211
v -0.02523 1.04918 10.88204
v -0.02523 1.37918 10.88204
v -0.04457 1.37918 8.18211
v 0.70453 1.47216 8.62676
v 0.71428 1.37750 8.69579
v 0.71155 1.41366 8.80761
v 0.70010 1.53066 8.80770
v 0.69576 1.56681 8.69592
v -0.04134 1.39918 8.63210
v -0.03159 1.30453 8.70113
v -0.03433 1.34068 8.81296
v -0.04577 1.45768 8.81304
v -0.05011 1.49383 8.70126
v 0.70525 1.47216 8.72676
v -0.04063 1.39918 8.73210
v 0.71599 1.47216 10.22672
v 0.72574 1.37750 10.29575
v 0.72301 1.41366 10.40757
v 0.71156 1.53066 10.40766
v 0.70722 1.56681 10.29588
v -0.02988 1.39918 10.23206
v -0.02013 1.30453 10.30109
v -0.02287 1.34068 10.41292
v -0.03431 1.45768 10.41300
v -0.03865 1.49383 10.30122
v 0.71671 1.47216 10.32672
v -0.02917 1.39918 10.33206
v 0.63381 1.47216 8.52726
v 0.70381 1.40216 8.52676
v 0.77381 1.47216 8.52626
v 0.70381 1.54216 8.52676
v 0.64814 1.47216 10.52721
v 0.71814 1.40216 10.52671
v 0.78814 1.47216 10.52621
v 0.71814 1.54216 10.52671
v 0.70381 1.47216 8.52676
v 0.71814 1.47216 10.52671
v -0.02781 1.04918 8.18210
v -0.04198 1.04918 10.88206
v -0.04198 1.37918 10.88206
v -0.02781 1.37918 8.18210
v -0.77377 0.97699 8.17818
v -0.78794 0.97699 10.87814
v -0.78794 1.30699 10.87814
v -0.77377 1.30699 8.17818
v -0.03018 1.39918 8.63209
v -0.02138 1.30452 8.70124
v -0.02546 1.34067 8.81302
v -0.03679 1.45768 8.81296
v -0.03970 1.49384 8.70114
v -0.77613 1.32699 8.62818
v -0.76733 1.23233 8.69732
v -0.77142 1.26849 8.80910
v -0.78274 1.38550 8.80905
v -0.78566 1.42166 8.69722
v -0.03070 1.39918 8.73209
v -0.77666 1.32699 8.72817
v -0.03857 1.39918 10.23207
v -0.02977 1.30452 10.30121
v -0.03386 1.34067 10.41300
v -0.04518 1.45768 10.41294
v -0.04809 1.49384 10.30112
v -0.78453 1.32699 10.22815
v -0.77573 1.23233 10.29730
v -0.77982 1.26849 10.40908
v -0.79114 1.38550 10.40902
v -0.79405 1.42166 10.29720
v -0.03910 1.39918 10.33207
v -0.78505 1.32699 10.32815
v -0.75438 0.97699 8.17842
v -0.80733 0.97699 10.87790
v -0.80733 1.30699 10.87790
v -0.75438 1.30699 8.17842
v -1.50029 0.90567 8.16379
v -1.55324 0.90567 10.86327
v -1.55324 1.23567 10.86327
v -1.50029 1.23567 8.16379
v -0.76321 1.32699 8.62834
v -0.75551 1.23232 8.69760
v -0.76116 1.26848 8.80931
v -0.77235 1.38550 8.80909
v -0.77361 1.42167 8.69724
v -1.50911 1.25567 8.61371
v -1.50142 1.16100 8.68297
v -1.50707 1.19716 8.79468
v -1.51825 1.31418 8.79446
v -1.51952 1.35035 8.68261
v -0.76517 1.32699 8.72832
v -1.51107 1.25567 8.71369
v -0.79458 1.32699 10.22803
v -0.78689 1.23232 10.29729
v -0.79254 1.26848 10.40901
v -0.80372 1.38550 10.40879
v -0.80499 1.42167 10.29694
v -1.54049 1.25567 10.21340
v -1.53280 1.16100 10.28266
v -1.53844 1.19716 10.39437
v -1.54963 1.31418 10.39416
v -1.55089 1.35035 10.28231
v -0.79654 1.32699 10.32801
v -1.54245 1.25567 10.31338
v -0.83123 1.32699 8.52698
v -0.76124 1.25699 8.52836
v -0.69126 1.32699 8.52973
v -0.76124 1.39699 8.52836
v -0.87045 1.32699 10.52660
v -0.80047 1.25699 10.52797
v -0.73048 1.32699 10.52934
v -0.80047 1.39699 10.52797
v -0.76124 1.32699 8.52836
v -0.80047 1.32699 10.52797
v -1.47744 0.90567 8.16443
v -1.57609 0.90567 10.86263
v -1.57609 1.23567 10.86263
v -1.47744 1.23567 8.16443
v -2.22308 0.83535 8.13717
v -2.32173 0.83535 10.83537
v -2.32173 1.16535 10.83537
v -2.22308 1.16535 8.13717
v -1.49388 1.25567 8.61413
v -1.48749 1.16099 8.68351
v -1.49498 1.19715 8.79512
v -1.50600 1.31419 8.79471
v -1.50532 1.35036 8.68286
v -2.23952 1.18535 8.58687
v -2.23313 1.09067 8.65625
v -2.24062 1.12683 8.76785
v -2.25164 1.24387 8.76745
v -2.25097 1.28004 8.65560
v -1.49753 1.25567 8.71407
v -2.24318 1.18535 8.68680
v -1.55234 1.25567 10.21307
v -1.54594 1.16099 10.28244
v -1.55344 1.19715 10.39405
v -1.56446 1.31419 10.39364
v -1.56378 1.35036 10.28179
v -2.29798 1.18535 10.18580
v -2.29159 1.09067 10.25518
v -2.29908 1.12683 10.36679
v -2.31010 1.24387 10.36638
v -2.30943 1.28004 10.25453
v -1.55599 1.25567 10.31300
v -2.30164 1.18535 10.28574
v -2.19695 0.83535 8.13838
v -2.34786 0.83535 10.83416
v -2.34786 1.16535 10.83416
v -2.19695 1.16535 8.13838
v -2.94203 0.76616 8.09667
v -3.09293 0.76616 10.79245
v -3.09293 1.09616 10.79245
v -2.94203 1.09616 8.09667
v -2.22211 1.18535 8.58768
v -2.21720 1.09065 8.65716
v -2.22680 1.12682 8.76860
v -2.23763 1.24388 8.76799
v -2.23473 1.28005 8.65618
v -2.96718 1.11616 8.54597
v -2.96228 1.02146 8.61545
v -2.97187 1.05763 8.72689
v -2.98271 1.17469 8.72629
v -2.97981 1.21086 8.61447
v -2.22769 1.18535 8.68752
v -2.97277 1.11616 8.64581
v -2.31153 1.18535 10.18518
v -2.30662 1.09065 10.25466
v -2.31622 1.12682 10.36610
v -2.32706 1.24388 10.36549
v -2.32416 1.28005 10.25368
v -3.05661 1.11616 10.14347
v -3.05170 1.02146 10.21295
v -3.06130 1.05763 10.32439
v -3.07213 1.17469 10.32378
v -3.06923 1.21086 10.21197
v -2.31712 1.18535 10.28502
v -3.06219 1.11616 10.24331
v -2.28641 1.18535 8.48392
v -2.21652 1.11535 8.48783
v -2.14663 1.18535 8.49175
v -2.21652 1.25535 8.48783
v -2.39819 1.18535 10.48080
v -2.32830 1.11535 10.48471
v -2.25841 1.18535 10.48862
v -2.32830 1.25535 10.48471
v -2.21652 1.18535 8.48783
v -2.32830 1.18535 10.48471
v -2.91197 0.76616 8.09869
v -3.12299 0.76616 10.79043
v -3.12299 1.09616 10.79043
v -2.91197 1.09616 8.09869
v -3.65604 0.69827 8.04036
v -3.86706 0.69827 10.73210
v -3.86706 1.02827 10.73210
v -3.65604 1.02827 8.04036
v -2.94714 1.11616 8.54732
v -2.94395 1.02144 8.61688
v -2.95597 1.05762 8.72808
v -2.96659 1.17470 8.72725
v -2.96113 1.21087 8.61553
v -3.69121 1.04827 8.48898
v -3.68803 0.95355 8.55854
v -3.70004 0.98973 8.66975
v -3.71066 1.10681 8.66892
v -3.70520 1.14298 8.55720
v -2.95496 1.11616 8.64701
v -3.69903 1.04827 8.58868
v -3.07219 1.11616 10.14242
v -3.06900 1.02144 10.21198
v -3.08102 1.05762 10.32319
v -3.09164 1.17470 10.32235
v -3.08618 1.21087 10.21064
v -3.81626 1.04827 10.08409
v -3.81307 0.95355 10.15365
v -3.82509 0.98973 10.26485
v -3.83571 1.10681 10.26402
v -3.83025 1.14298 10.15230
v -3.08001 1.11616 10.24212
v -3.82408 1.04827 10.18378
v -3.62084 0.69827 8.04359
v -3.90227 0.69827 10.72888
v -3.90227 1.02827 10.72888
v -3.62084 1.02827 8.04359
v -4.36326 0.63192 7.96578
v -4.64469 0.63192 10.65107
v -4.64469 0.96192 10.65107
v -4.36326 0.96192 7.96578
v -3.66774 1.04827 8.49113
v -3.66657 0.95354 8.56073
v -3.68142 0.98972 8.67159
v -3.69177 1.10682 8.67051
v -3.68332 1.14300 8.55898
v -4.41016 0.98192 8.41332
v -4.40899 0.88719 8.48292
v -4.42384 0.92338 8.59378
v -4.43419 1.04047 8.59270
v -4.42574 1.07666 8.48117
v -3.67817 1.04827 8.59059
v -4.42059 0.98192 8.51278
v -3.83452 1.04827 10.08242
v -3.83335 0.95354 10.15202
v -3.84820 0.98972 10.26288
v -3.85855 1.10682 10.26179
v -3.85009 1.14300 10.15026
v -4.57694 0.98192 10.00461
v -4.57577 0.88719 10.07421
v -4.59062 0.92338 10.18507
v -4.60097 1.04047 10.18398
v -4.59251 1.07666 10.07245
v -3.84494 1.04827 10.18187
v -4.58736 0.98192 10.10406
v -3.72694 1.04827 8.38438
v -3.65732 0.97827 8.39168
v -3.58770 1.04827 8.39898
v -3.65732 1.11827 8.39168
v -3.93541 1.04827 10.37349
v -3.86579 0.97827 10.38078
v -3.79617 1.04827 10.38808
v -3.86579 1.11827 10.38078
v -3.65732 1.04827 8.39168
v -3.86579 1.04827 10.38078
v -4.32140 0.63192 7.97082
v -4.68654 0.63192 10.64602
v -4.68654 0.96192 10.64602
v -4.32140 0.96192 7.97082
v -5.06119 0.56746 7.86985
v -5.42633 0.56746 10.54505
v -5.42633 0.89746 10.54505
v -5.06119 0.89746 7.86985
v -4.38226 0.98192 8.41669
v -4.38350 0.88717 8.48626
v -4.40172 0.92336 8.59661
v -4.41174 1.04049 8.59525
v -4.39971 1.07668 8.48405
v -5.12205 0.91746 8.31572
v -5.12329 0.82271 8.38529
v -5.14150 0.85890 8.49564
v -5.15152 0.97602 8.49427
v -5.13950 1.01221 8.38307
v -4.39578 0.98192 8.51577
v -5.13557 0.91746 8.41480
v -4.59864 0.98192 10.00199
v -4.59988 0.88717 10.07156
v -4.61809 0.92336 10.18191
v -4.62811 1.04049 10.18055
v -4.61609 1.07668 10.06935
v -5.33842 0.91746 9.90102
v -5.33966 0.82271 9.97059
v -5.35788 0.85890 10.08094
v -5.36790 0.97602 10.07957
v -5.35587 1.01221 9.96837
v -4.61216 0.98192 10.10107
v -5.35195 0.91746 10.00010
v -5.01054 0.56746 7.87775
v -5.47698 0.56746 10.53715
v -5.47698 0.89746 10.53715
v -5.01054 0.89746 7.87775
v -5.74614 0.50534 7.74873
v -6.21258 0.50534 10.40813
v -6.21258 0.83534 10.40813
v -5.74614 0.83534 7.74873
v -5.08828 0.91746 8.32098
v -5.09245 0.82268 8.39040
v -5.11473 0.85888 8.50000
v -5.12433 0.97604 8.49832
v -5.10798 1.01224 8.38768
v -5.82388 0.85534 8.19196
v -5.82805 0.76056 8.26138
v -5.85033 0.79677 8.37098
v -5.85993 0.91392 8.36930
v -5.84358 0.95012 8.25866
v -5.10556 0.91746 8.41948
v -5.84116 0.85534 8.29046
v -5.36469 0.91746 9.89692
v -5.36886 0.82268 9.96634
v -5.39114 0.85888 10.07595
v -5.40074 0.97604 10.07426
v -5.38439 1.01224 9.96362
v -6.10029 0.85534 9.76791
v -6.10446 0.76056 9.83733
v -6.12674 0.79677 9.94693
v -6.13634 0.91392 9.94525
v -6.11999 0.95012 9.83460
v -5.38196 0.91746 9.99542
v -6.11756 0.85534 9.86640
v -5.13995 0.91746 8.21039
v -5.07100 0.84746 8.22248
v -5.00206 0.91746 8.23458
v -5.07100 0.98746 8.22248
v -5.48546 0.91746 10.18032
v -5.41651 0.84746 10.19241
v -5.34757 0.91746 10.20451
v -5.41651 0.98746 10.19241
v -5.07100 0.91746 8.22248
v -5.41651 0.91746 10.19241
v -5.68394 0.50534 7.76115
v -6.27479 0.50534 10.39571
v -6.27479 0.83534 10.39571
v -5.68394 0.83534 7.76115
v -6.41287 0.44623 7.59767
v -7.00372 0.44623 10.23223
v -7.00372 0.77623 10.23223
v -6.41287 0.77623 7.59767
v -5.78241 0.85534 8.20024
v -5.79021 0.76053 8.26931
v -5.81747 0.79675 8.37778
v -5.82652 0.91394 8.37575
v -5.80485 0.95015 8.26603
v -6.51135 0.79623 8.03677
v -6.51915 0.70142 8.10583
v -6.54641 0.73764 8.21430
v -6.55546 0.85483 8.21227
v -6.53379 0.89104 8.10255
v -5.80429 0.85534 8.29782
v -6.53323 0.79623 8.13434
v -6.13254 0.85534 9.76146
v -6.14034 0.76053 9.83053
v -6.16761 0.79675 9.93900
v -6.17666 0.91394 9.93697
v -6.15498 0.95015 9.82725
v -6.86148 0.79623 9.59799
v -6.86928 0.70142 9.66705
v -6.89654 0.73764 9.77552
v -6.90559 0.85483 9.77349
v -6.88392 0.89104 9.66377
v -6.15443 0.85534 9.85904
v -6.88336 0.79623 9.69556
v -6.33476 0.44623 7.61766
v -7.08184 0.44623 10.21224
v -7.08184 0.77623 10.21224
v -6.33476 0.77623 7.61766
v -7.05286 0.39111 7.41089
v -7.79994 0.39111 10.00548
v -7.79994 0.72111 10.00548
v -7.05286 0.72111 7.41089
v -6.45927 0.79623 8.05009
v -6.47167 0.70138 8.11843
v -6.50517 0.73761 8.22513
v -6.51348 0.85485 8.22273
v -6.48511 0.89108 8.11455
v -7.17738 0.74111 7.84332
v -7.18977 0.64626 7.91166
v -7.22328 0.68249 8.01836
v -7.23159 0.79973 8.01596
v -7.20322 0.83596 7.90779
v -6.48694 0.79623 8.14619
v -7.20505 0.74111 7.93942
v -6.90198 0.79623 9.58762
v -6.91438 0.70138 9.65596
v -6.94788 0.73761 9.76266
v -6.95619 0.85485 9.76026
v -6.92783 0.89108 9.65209
v -7.62009 0.74111 9.38085
v -7.63248 0.64626 9.44919
v -7.66599 0.68249 9.55589
v -7.67430 0.79973 9.55350
v -7.64593 0.83596 9.44532
v -6.92965 0.79623 9.68372
v -7.64776 0.74111 9.47695
v -6.49887 0.79623 7.93463
v -6.43160 0.72623 7.95399
v -6.36434 0.79623 7.97336
v -6.43160 0.86623 7.95399
v -7.05226 0.79623 9.85654
v -6.98499 0.72623 9.87591
v -6.91773 0.79623 9.89528
v -6.98499 0.86623 9.87591
v -6.43160 0.79623 7.95399
v -6.98499 0.79623 9.87591
v -6.95401 0.39111 7.44353
v -7.89879 0.39111 9.97284
v -7.89879 0.72111 9.97284
v -6.95401 0.72111 7.44353
v -7.65429 0.34150 7.18195
v -8.59907 0.34150 9.71126
v -8.59907 0.67150 9.71126
v -7.65429 0.67150 7.18195
v -7.11147 0.74111 7.86508
v -7.12975 0.64622 7.93202
v -7.17113 0.68246 8.03591
v -7.17842 0.79976 8.03318
v -7.14155 0.83601 7.92761
v -7.81176 0.69150 7.60350
v -7.83004 0.59660 7.67044
v -7.87141 0.63285 7.77433
v -7.87870 0.75015 7.77161
v -7.84184 0.78640 7.66603
v -7.14647 0.74111 7.95876
v -7.84675 0.69150 7.69718
v -7.67135 0.74111 9.36393
v -7.68962 0.64622 9.43086
v -7.73100 0.68246 9.53476
v -7.73829 0.79976 9.53203
v -7.70142 0.83601 9.42646
v -8.37163 0.69150 9.10235
v -8.38991 0.59660 9.16928
v -8.43128 0.63285 9.27318
v -8.43857 0.75015 9.27045
v -8.40171 0.78640 9.16488
v -7.70634 0.74111 9.45761
v -8.40662 0.69150 9.19603
v -7.54656 0.34150 7.22761
v -8.70681 0.34150 9.66560
v -8.70681 0.67150 9.66560
v -7.54656 0.67150 7.22761
v -8.22204 0.30003 6.90614
v -9.38229 0.30003 9.34414
v -9.38229 0.63003 9.34414
v -8.22204 0.63003 6.90614
v -7.73994 0.69150 7.63394
v -7.76488 0.59654 7.69859
v -7.81474 0.63281 7.79868
v -7.82061 0.75019 7.79589
v -7.77438 0.78646 7.69407
v -8.41542 0.65003 7.31248
v -8.44036 0.55507 7.37713
v -8.49022 0.59134 7.47722
v -8.49609 0.70872 7.47443
v -8.44987 0.74499 7.37261
v -7.78291 0.69150 7.72423
v -8.45839 0.65003 7.40277
v -8.42749 0.69150 9.07868
v -8.45243 0.59654 9.14333
v -8.50229 0.63281 9.24342
v -8.50816 0.75019 9.24063
v -8.46193 0.78646 9.13881
v -9.10297 0.65003 8.75722
v -9.12791 0.55507 8.82187
v -9.17777 0.59134 8.92196
v -9.18365 0.70872 8.91916
v -9.13742 0.74499 8.81735
v -8.47046 0.69150 9.16897
v -9.14594 0.65003 8.84751
v -7.76017 0.69150 7.51356
v -7.69696 0.62150 7.54364
v -7.63376 0.69150 7.57372
v -7.69696 0.76150 7.54364
v -8.61961 0.69150 9.31949
v -8.55640 0.62150 9.34957
v -8.49320 0.69150 9.37965
v -8.55640 0.76150 9.34957
v -7.69696 0.69150 7.54364
v -8.55640 0.69150 9.34957
v -8.12799 0.30003 6.95554
v -9.47635 0.30003 9.29475
v -9.47635 0.63003 9.29475
v -8.12799 0.63003 6.95554
v -8.77650 0.26673 6.58172
v -10.12487 0.26673 8.92093
v -10.12487 0.59673 8.92093
v -8.77650 0.59673 6.58172
v -8.35271 0.65003 7.34540
v -8.38356 0.55502 7.40738
v -8.44079 0.59131 7.50344
v -8.44532 0.70875 7.50083
v -8.39088 0.74504 7.40316
v -9.00123 0.61673 6.97159
v -9.03208 0.52172 7.03356
v -9.08931 0.55801 7.12962
v -9.09383 0.67546 7.12701
v -9.03940 0.71175 7.02934
v -8.40265 0.65003 7.43204
v -9.05117 0.61673 7.05822
v -9.15174 0.65003 8.73160
v -9.18259 0.55502 8.79358
v -9.23982 0.59131 8.88964
v -9.24435 0.70875 8.88703
v -9.18991 0.74504 8.78936
v -9.80026 0.61673 8.35779
v -9.83111 0.52172 8.41976
v -9.88834 0.55801 8.51582
v -9.89286 0.67546 8.51321
v -9.83843 0.71175 8.41554
v -9.20168 0.65003 8.81824
v -9.85020 0.61673 8.44443
v -8.69928 0.26673 6.62977
v -10.20209 0.26673 8.87288
v -10.20209 0.59673 8.87288
v -8.69928 0.59673 6.62977
v -9.32140 0.24014 6.21297
v -10.82422 0.24014 8.45608
v -10.82422 0.57014 8.45608
v -9.32140 0.57014 6.21297
v -8.94975 0.61673 7.00362
v -8.98540 0.52169 7.06291
v -9.04870 0.55799 7.15507
v -9.05217 0.67548 7.15275
v -8.99101 0.71178 7.05915
v -9.57187 0.59014 6.58682
v -9.60752 0.49509 6.64610
v -9.67083 0.53140 6.73827
v -9.67429 0.64888 6.73595
v -9.61313 0.68519 6.64234
v -9.00541 0.61673 7.08670
v -9.62753 0.59014 6.66990
v -9.84030 0.61673 8.33287
v -9.87596 0.52169 8.39216
v -9.93926 0.55799 8.48432
v -9.94273 0.67548 8.48200
v -9.88157 0.71178 8.38840
v -10.46243 0.59014 7.91607
v -10.49808 0.49509 7.97535
v -10.56138 0.53140 8.06752
v -10.56485 0.64888 8.06520
v -10.50369 0.68519 7.97159
v -9.89596 0.61673 8.41595
v -10.51809 0.59014 7.99915
v -8.95224 0.61673 6.88158
v -8.89409 0.54673 6.92054
v -8.83593 0.61673 6.95951
v -8.89409 0.68673 6.92054
v -10.06544 0.61673 8.54314
v -10.00728 0.54673 8.58211
v -9.94913 0.61673 8.62107
v -10.00728 0.68673 8.58211
v -8.89409 0.61673 6.92054
v -10.00728 0.61673 8.58211
v -9.25394 0.24014 6.26123
v -10.89168 0.24014 8.40781
v -10.89168 0.57014 8.40781
v -9.25394 0.57014 6.26123
v -9.84945 0.21924 5.80688
v -11.48720 0.21924 7.95346
v -11.48720 0.54924 7.95346
v -9.84945 0.54924 5.80688
v -9.52689 0.59014 6.61899
v -9.56670 0.49507 6.67554
v -9.63532 0.53138 6.76381
v -9.63793 0.64890 6.76182
v -9.57092 0.68521 6.67232
v -10.12241 0.56924 6.16464
v -10.16221 0.47417 6.22119
v -10.23084 0.51048 6.30946
v -10.23344 0.62799 6.30747
v -10.16643 0.66430 6.21797
v -9.58755 0.59014 6.69850
v -10.18307 0.56924 6.24414
v -10.49741 0.59014 7.89104
v -10.53721 0.49507 7.94759
v -10.60583 0.53138 8.03586
v -10.60844 0.64890 8.03387
v -10.54143 0.68521 7.94437
v -11.09293 0.56924 7.43669
v -11.13273 0.47417 7.49323
v -11.20135 0.51048 7.58150
v -11.20396 0.62799 7.57952
v -11.13695 0.66430 7.49001
v -10.55807 0.59014 7.97054
v -11.15358 0.56924 7.51619
v -9.79075 0.21924 5.85432
v -11.54590 0.21924 7.90601
v -11.54590 0.54924 7.90601
v -9.79075 0.54924 5.85432
v -10.36004 0.20299 5.36731
v -12.11519 0.20299 7.41900
v -12.11519 0.53299 7.41900
v -10.36004 0.53299 5.36731
v -10.08327 0.56924 6.19627
v -10.12663 0.47415 6.25012
v -10.19990 0.51047 6.33456
v -10.20184 0.62800 6.33291
v -10.12976 0.66432 6.24744
v -10.65257 0.55299 5.70926
v -10.69592 0.45791 5.76311
v -10.76920 0.49422 5.84755
v -10.77113 0.61175 5.84590
v -10.69905 0.64807 5.76043
v -10.14828 0.56924 6.27226
v -10.71757 0.55299 5.78525
v -11.12336 0.56924 7.41209
v -11.16671 0.47415 7.46594
v -11.23999 0.51047 7.55038
v -11.24193 0.62800 7.54872
v -11.16985 0.66432 7.46326
v -11.69266 0.55299 6.92508
v -11.73601 0.45791 6.97893
v -11.80929 0.49422 7.06337
v -11.81122 0.61175 7.06171
v -11.73914 0.64807 6.97624
v -11.18837 0.56924 7.48808
v -11.75766 0.55299 7.00107
v -10.07146 0.56924 6.07478
v -10.01827 0.49924 6.12028
v -9.96508 0.56924 6.16579
v -10.01827 0.63924 6.12028
v -11.37157 0.56924 7.59455
v -11.31838 0.49924 7.64005
v -11.26519 0.56924 7.68556
v -11.31838 0.63924 7.64005
v -10.01827 0.56924 6.12028
v -11.31838 0.56924 7.64005
v -10.30849 0.20299 5.41376
v -12.16675 0.20299 7.37255
v -12.16675 0.53299 7.37255
v -10.30849 0.53299 5.41376
v -10.85206 0.19042 4.89808
v -12.71033 0.19042 6.85687
v -12.71033 0.52042 6.85687
v -10.85206 0.52042 4.89808
v -10.61820 0.55299 5.74023
v -10.66460 0.45790 5.79146
v -10.74199 0.49422 5.87215
v -10.74342 0.61176 5.87079
v -10.66691 0.64808 5.78926
v -11.16177 0.54042 5.22455
v -11.20817 0.44533 5.27577
v -11.28556 0.48165 5.35647
v -11.28699 0.59919 5.35511
v -11.21049 0.63551 5.27358
v -10.68702 0.55299 5.81278
v -11.23060 0.54042 5.29710
v -11.71939 0.55299 6.90099
v -11.76579 0.45790 6.95222
v -11.84318 0.49422 7.03291
v -11.84461 0.61176 7.03155
v -11.76811 0.64808 6.95002
v -12.26297 0.54042 6.38531
v -12.30937 0.44533 6.43654
v -12.38676 0.48165 6.51723
v -12.38819 0.59919 6.51587
v -12.31168 0.63551 6.43434
v -11.78822 0.55299 6.97354
v -12.33179 0.54042 6.45786
v -10.80325 0.19042 4.94682
v -12.75914 0.19042 6.80813
v -12.75914 0.52042 6.80813
v -10.80325 0.52042 4.94682
v -11.31981 0.18074 4.40401
v -13.27570 0.18074 6.26532
v -13.27570 0.51074 6.26532
v -11.31981 0.51074 4.40401
v -11.12923 0.54042 5.25704
v -11.17844 0.44532 5.30556
v -11.25975 0.48164 5.38230
v -11.26080 0.59919 5.38120
v -11.18013 0.63552 5.30378
v -11.64579 0.53074 4.71423
v -11.69500 0.43564 4.76276
v -11.77631 0.47197 4.83949
v -11.77736 0.58952 4.83839
v -11.69669 0.62584 4.76098
v -11.20167 0.54042 5.32598
v -11.71823 0.53074 4.78317
v -12.28828 0.54042 6.36004
v -12.33749 0.44532 6.40856
v -12.41880 0.48164 6.48530
v -12.41985 0.59919 6.48420
v -12.33918 0.63552 6.40678
v -12.80484 0.53074 5.81723
v -12.85405 0.43564 5.86575
v -12.93536 0.47197 5.94249
v -12.93641 0.58952 5.94139
v -12.85574 0.62584 5.86397
v -12.36072 0.54042 6.42898
v -12.87728 0.53074 5.88617
v -11.10505 0.54042 5.13739
v -11.05679 0.47042 5.18810
v -11.00853 0.54042 5.23881
v -11.05679 0.61042 5.18810
v -12.55386 0.54042 6.51614
v -12.50560 0.47042 6.56685
v -12.45734 0.54042 6.61756
v -12.50560 0.61042 6.56685
v -11.05679 0.54042 5.18810
v -12.50560 0.54042 6.56685
v -11.27519 0.18074 4.45327
v -13.32032 0.18074 6.21607
v -13.32032 0.51074 6.21607
v -11.27519 0.51074 4.45327
v -11.76442 0.17295 3.88568
v -13.80955 0.17295 5.64848
v -13.80955 0.50295 5.64848
v -11.76442 0.50295 3.88568
v -11.61605 0.53074 4.74707
v -11.66774 0.43564 4.79293
v -11.75267 0.47197 4.86564
v -11.75347 0.58952 4.86471
v -11.66903 0.62584 4.79143
v -12.10528 0.52295 4.17948
v -12.15697 0.42785 4.22535
v -12.24190 0.46417 4.29806
v -12.24270 0.58173 4.29713
v -12.15826 0.61805 4.22385
v -11.69179 0.53074 4.81236
v -12.18102 0.52295 4.24477
v -12.82797 0.53074 5.79169
v -12.87967 0.43564 5.83755
v -12.96460 0.47197 5.91026
v -12.96540 0.58952 5.90934
v -12.88096 0.62584 5.83605
v -13.31720 0.52295 5.22411
v -13.36889 0.42785 5.26997
v -13.45383 0.46417 5.34268
v -13.45462 0.58173 5.34175
v -13.37019 0.61805 5.26847
v -12.90372 0.53074 5.85698
v -13.39295 0.52295 5.28940
v -11.71985 0.17295 3.94021
v -13.85412 0.17295 5.59396
v -13.85412 0.50295 5.59396
v -11.71985 0.50295 3.94021
v -12.17882 0.16603 3.34788
v -14.31309 0.16603 5.00164
v -14.31309 0.49603 5.00164
v -12.17882 0.49603 3.34788
v -12.07556 0.52295 4.21583
v -12.12964 0.42785 4.25885
v -12.21823 0.46417 4.32706
v -12.21889 0.58173 4.32621
v -12.13072 0.61805 4.25746
v -12.53453 0.51603 3.62351
v -12.58861 0.42093 3.66652
v -12.67720 0.45726 3.73474
v -12.67786 0.57481 3.73388
v -12.58969 0.61113 3.66513
v -12.15461 0.52295 4.27708
v -12.61358 0.51603 3.68476
v -13.34031 0.52295 5.19584
v -13.39439 0.42785 5.23885
v -13.48298 0.46417 5.30707
v -13.48364 0.58173 5.30621
v -13.39547 0.61805 5.23747
v -13.79928 0.51603 4.60351
v -13.85336 0.42093 4.64653
v -13.94195 0.45726 4.71474
v -13.94261 0.57481 4.71388
v -13.85444 0.61113 4.64514
v -13.41936 0.52295 5.25709
v -13.87833 0.51603 4.66476
v -12.03939 0.52295 4.09925
v -11.99651 0.45295 4.15458
v -11.95364 0.52295 4.20992
v -11.99651 0.59295 4.15458
v -13.62033 0.52295 5.32425
v -13.57745 0.45295 5.37959
v -13.53458 0.52295 5.43492
v -13.57745 0.59295 5.37959
v -11.99651 0.52295 4.15458
v -13.57745 0.52295 5.37959
v -12.13237 0.16603 3.41159
v -14.35954 0.16603 4.93793
v -14.35954 0.49603 4.93793
v -12.13237 0.49603 3.41159
v -12.55596 0.15857 2.79350
v -14.78313 0.15857 4.31985
v -14.78313 0.48857 4.31985
v -12.55596 0.48857 2.79350
v -12.50356 0.51603 3.66598
v -12.56003 0.42093 3.70582
v -12.65246 0.45726 3.76873
v -12.65312 0.57481 3.76776
v -12.56110 0.61113 3.70426
v -12.92715 0.50857 3.04790
v -12.98362 0.41346 3.08774
v -13.07604 0.44979 3.15064
v -13.07671 0.56734 3.14968
v -12.98469 0.60367 3.08618
v -12.58605 0.51603 3.72251
v -13.00964 0.50857 3.10443
v -13.82337 0.51603 4.57048
v -13.87983 0.42093 4.61032
v -13.97226 0.45726 4.67323
v -13.97292 0.57481 4.67226
v -13.88090 0.61113 4.60876
v -14.24696 0.50857 3.95240
v -14.30342 0.41346 3.99224
v -14.39585 0.44979 4.05515
v -14.39651 0.56734 4.05418
v -14.30449 0.60367 3.99068
v -13.90586 0.51603 4.62701
v -14.32944 0.50857 4.00893
v -12.50413 0.15857 2.87527
v -14.83496 0.15857 4.23808
v -14.83496 0.48857 4.23808
v -12.50413 0.48857 2.87527
v -12.88227 0.14845 2.22854
v -15.21309 0.14845 3.59136
v -15.21309 0.47845 3.59136
v -12.88227 0.47845 2.22854
v -12.89260 0.50857 3.10241
v -12.95160 0.41347 3.13839
v -13.04837 0.44979 3.19440
v -13.04917 0.56734 3.19303
v -12.95290 0.60366 3.13617
v -13.27074 0.49845 2.45568
v -13.32974 0.40335 2.49166
v -13.42650 0.43968 2.54767
v -13.42731 0.55722 2.54630
v -13.33104 0.59355 2.48945
v -12.97893 0.50857 3.15288
v -13.35706 0.49845 2.50615
v -14.27383 0.50857 3.91000
v -14.33283 0.41347 3.94598
v -14.42960 0.44979 4.00199
v -14.43040 0.56734 4.00062
v -14.33413 0.60366 3.94377
v -14.65197 0.49845 3.26327
v -14.71097 0.40335 3.29926
v -14.80773 0.43968 3.35527
v -14.80853 0.55722 3.35390
v -14.71227 0.59355 3.29704
v -14.36016 0.50857 3.96047
v -14.73829 0.49845 3.31375
v -12.84161 0.50857 2.99150
v -12.80627 0.43857 3.05193
v -12.77094 0.50857 3.11236
v -12.80627 0.57857 3.05193
v -14.56814 0.50857 4.00099
v -14.53281 0.43857 4.06142
v -14.49748 0.50857 4.12185
v -14.53281 0.57857 4.06142
v -12.80627 0.50857 3.05193
v -14.53281 0.50857 4.06142
v -12.81689 0.14845 2.35528
v -15.27847 0.14845 3.46462
v -15.27847 0.47845 3.46462
v -12.81689 0.47845 2.35528
v -13.12460 0.13979 1.67249
v -15.58618 0.13979 2.78183
v -15.58618 0.46979 2.78183
v -13.12460 0.46979 1.67249
v -13.22715 0.49845 2.54017
v -13.28970 0.40335 2.56956
v -13.39180 0.43968 2.61512
v -13.39236 0.55723 2.61388
v -13.29060 0.59355 2.56756
v -13.53486 0.48979 1.85738
v -13.59740 0.39470 1.88677
v -13.69951 0.43102 1.93233
v -13.70007 0.54857 1.93109
v -13.59831 0.58489 1.88477
v -13.31832 0.49845 2.58126
v -13.62603 0.48979 1.89847
v -14.68587 0.49845 3.19755
v -14.74841 0.40335 3.22695
v -14.85051 0.43968 3.27250
v -14.85107 0.55723 3.27126
v -14.74931 0.59355 3.22494
v -14.99357 0.48979 2.51476
v -15.05612 0.39470 2.54416
v -15.15822 0.43102 2.58971
v -15.15878 0.54857 2.58847
v -15.05702 0.58489 2.54215
v -14.77704 0.49845 3.23864
v -15.08474 0.48979 2.55585
v -13.06676 0.13979 1.82475
v -15.64402 0.13979 2.62957
v -15.64402 0.46979 2.62957
v -13.06676 0.46979 1.82475
v -13.29000 0.13576 1.10985
v -15.86726 0.13576 1.91467
v -15.86726 0.46576 1.91467
v -13.29000 0.46576 1.10985
v -13.49630 0.48979 1.95889
v -13.56210 0.39469 1.97997
v -13.66888 0.43102 2.01311
v -13.66907 0.54857 2.01251
v -13.56241 0.58490 1.97899
v -13.71955 0.48576 1.24399
v -13.78535 0.39066 1.26507
v -13.89213 0.42698 1.29821
v -13.89232 0.54454 1.29761
v -13.78565 0.58086 1.26410
v -13.59175 0.48979 1.98869
v -13.81500 0.48576 1.27380
v -15.02356 0.48979 2.43581
v -15.08937 0.39469 2.45690
v -15.19615 0.43102 2.49004
v -15.19634 0.54857 2.48944
v -15.08967 0.58490 2.45592
v -15.24681 0.48576 1.72092
v -15.31261 0.39066 1.74200
v -15.41939 0.42698 1.77514
v -15.41958 0.54454 1.77454
v -15.31292 0.58086 1.74103
v -15.11902 0.48979 2.46562
v -15.34226 0.48576 1.75073
v -13.42171 0.48979 1.86226
v -13.40085 0.41979 1.92908
v -13.37998 0.48979 1.99590
v -13.40085 0.55979 1.92908
v -15.33079 0.48979 2.45842
v -15.30993 0.41979 2.52524
v -15.28906 0.48979 2.59206
v -15.30993 0.55979 2.52524
v -13.40085 0.48979 1.92908
v -15.30993 0.48979 2.52524
v -13.25013 0.13576 1.27232
v -15.90714 0.13576 1.75220
v -15.90714 0.46576 1.75220
v -13.25013 0.46576 1.27232
v -13.38324 0.13548 0.53532
v -16.04025 0.13548 1.01520
v -16.04025 0.46548 1.01520
v -13.38324 0.46548 0.53532
v -13.69296 0.48576 1.35230
v -13.76095 0.39065 1.36462
v -13.87098 0.42698 1.38447
v -13.87099 0.54454 1.38443
v -13.76097 0.58087 1.36455
v -13.82607 0.48548 0.61530
v -13.89406 0.39037 0.62762
v -14.00409 0.42670 0.64748
v -14.00410 0.54426 0.64743
v -13.89408 0.58058 0.62755
v -13.79137 0.48576 1.37007
v -13.92448 0.48548 0.63307
v -15.26749 0.48576 1.63668
v -15.33548 0.39065 1.64899
v -15.44550 0.42698 1.66885
v -15.44551 0.54454 1.66881
v -15.33549 0.58087 1.64892
v -15.40060 0.48548 0.89968
v -15.46859 0.39037 0.91199
v -15.57861 0.42670 0.93185
v -15.57862 0.54426 0.93181
v -15.46860 0.58058 0.91192
v -15.36589 0.48576 1.65445
v -15.49900 0.48548 0.91745
v -13.36339 0.13548 0.70859
v -16.06009 0.13548 0.84193
v -16.06009 0.46548 0.84193
v -13.36339 0.46548 0.70859
v -13.40037 0.13795 -0.03936
v -16.09708 0.13795 0.09398
v -16.09708 0.46795 0.09398
v -13.40037 0.46795 -0.03936
v -13.81284 0.48548 0.73082
v -13.88187 0.39037 0.73392
v -13.99353 0.42670 0.73956
v -13.99351 0.54426 0.73994
v -13.88184 0.58058 0.73454
v -13.84982 0.48795 -0.01714
v -13.91885 0.39284 -0.01404
v -14.03051 0.42917 -0.00840
v -14.03049 0.54672 -0.00801
v -13.91882 0.58305 -0.01341
v -13.91272 0.48548 0.73576
v -13.94970 0.48795 -0.01220
v -15.41089 0.48548 0.80983
v -15.47992 0.39037 0.81293
v -15.59158 0.42670 0.81857
v -15.59156 0.54426 0.81896
v -15.47989 0.58058 0.81356
v -15.44787 0.48795 0.06188
v -15.51690 0.39284 0.06498
v -15.62856 0.42917 0.07062
v -15.62854 0.54672 0.07100
v -15.51687 0.58305 0.06560
v -15.51077 0.48548 0.81477
v -15.54775 0.48795 0.06682
v -13.71642 0.48548 0.65596
v -13.71296 0.41548 0.72588
v -13.70950 0.48548 0.79579
v -13.71296 0.55548 0.72588
v -15.71398 0.48548 0.75473
v -15.71052 0.41548 0.82465
v -15.70706 0.48548 0.89456
v -15.71052 0.55548 0.82465
v -13.71296 0.48548 0.72588
v -15.71052 0.48548 0.82465
v -13.40391 0.13795 0.14556
v -16.09353 0.13795 -0.09094
v -16.09353 0.46795 -0.09094
v -13.40391 0.46795 0.14556
v -13.33832 0.14201 -0.60036
v -16.02794 0.14201 -0.83687
v -16.02794 0.47201 -0.83687
v -13.33832 0.47201 -0.60036
v -13.85218 0.48795 0.10614
v -13.92097 0.39284 0.09958
v -14.03236 0.42917 0.08998
v -14.03242 0.54672 0.09062
v -13.92106 0.58305 0.10060
v -13.78659 0.49201 -0.63978
v -13.85538 0.39691 -0.64635
v -13.96677 0.43323 -0.65595
v -13.96683 0.55079 -0.65531
v -13.85547 0.58712 -0.64532
v -13.95180 0.48795 0.09738
v -13.88621 0.49201 -0.64854
v -15.44603 0.48795 -0.03401
v -15.51482 0.39284 -0.04057
v -15.62621 0.42917 -0.05017
v -15.62627 0.54672 -0.04953
v -15.51491 0.58305 -0.03954
v -15.38044 0.49201 -0.77993
v -15.44923 0.39691 -0.78650
v -15.56062 0.43323 -0.79609
v -15.56068 0.55079 -0.79546
v -15.44932 0.58712 -0.78547
v -15.54565 0.48795 -0.04277
v -15.48006 0.49201 -0.78869
v -13.37101 0.14201 -0.40107
v -15.99526 0.14201 -1.03616
v -15.99526 0.47201 -1.03616
v -13.37101 0.47201 -0.40107
v -13.19491 0.14635 -1.12875
v -15.81916 0.14635 -1.76383
v -15.81916 0.47635 -1.76383
v -13.19491 0.47635 -1.12875
v -13.80838 0.49201 -0.50692
v -13.87541 0.39691 -0.52371
v -13.98413 0.43323 -0.54980
v -13.98429 0.55079 -0.54914
v -13.87567 0.58712 -0.52264
v -13.63228 0.49635 -1.23459
v -13.69931 0.40124 -1.25138
v -13.80803 0.43757 -1.27747
v -13.80819 0.55512 -1.27681
v -13.69957 0.59145 -1.25031
v -13.90558 0.49201 -0.53044
v -13.72948 0.49635 -1.25811
v -15.36349 0.49201 -0.88327
v -15.43052 0.39691 -0.90005
v -15.53924 0.43323 -0.92615
v -15.53940 0.55079 -0.92549
v -15.43078 0.58712 -0.89898
v -15.18739 0.49635 -1.61094
v -15.25442 0.40124 -1.62773
v -15.36314 0.43757 -1.65382
v -15.36330 0.55512 -1.65316
v -15.25468 0.59145 -1.62666
v -15.46069 0.49201 -0.90679
v -15.28459 0.49635 -1.63446
v -13.69472 0.49201 -0.55144
v -13.71119 0.42201 -0.48340
v -13.72765 0.49201 -0.41536
v -13.71119 0.56201 -0.48340
v -15.63861 0.49201 -1.02187
v -15.65508 0.42201 -0.95383
v -15.67154 0.49201 -0.88580
v -15.65508 0.56201 -0.95383
v -13.71119 0.49201 -0.48340
v -15.65508 0.49201 -0.95383
v -13.26312 0.14635 -0.92170
v -15.75094 0.14635 -1.97087
v -15.75094 0.47635 -1.97087
v -13.26312 0.47635 -0.92170
v -12.97226 0.14943 -1.61140
v -15.46008 0.14943 -2.66057
v -15.46008 0.47943 -2.66057
v -12.97226 0.47943 -1.61140
v -13.67776 0.49635 -1.09656
v -13.74128 0.40124 -1.12377
v -13.84435 0.43757 -1.16708
v -13.84454 0.55512 -1.16663
v -13.74158 0.59145 -1.12305
v -13.38690 0.49943 -1.78626
v -13.45041 0.40433 -1.81347
v -13.55349 0.44065 -1.85678
v -13.55368 0.55821 -1.85633
v -13.45072 0.59454 -1.81275
v -13.76990 0.49635 -1.13542
v -13.47904 0.49943 -1.82512
v -15.15202 0.49635 -1.71829
v -15.21554 0.40124 -1.74551
v -15.31861 0.43757 -1.78881
v -15.31880 0.55512 -1.78837
v -15.21584 0.59145 -1.74478
v -14.86116 0.49943 -2.40799
v -14.92467 0.40433 -2.43521
v -15.02775 0.44065 -2.47851
v -15.02794 0.55821 -2.47807
v -14.92498 0.59454 -2.43448
v -15.24416 0.49635 -1.75715
v -14.95330 0.49943 -2.44685
v -13.08595 0.14943 -1.39767
v -15.34639 0.14943 -2.87430
v -15.34639 0.47943 -2.87430
v -13.08595 0.47943 -1.39767
v -12.67672 0.15000 -2.02413
v -14.93715 0.15000 -3.50076
v -14.93715 0.48000 -3.50076
v -12.67672 0.48000 -2.02413
v -13.46269 0.49943 -1.64378
v -13.52050 0.40432 -1.68163
v -13.61412 0.44065 -1.74275
v -13.61417 0.55821 -1.74267
v -13.52058 0.59454 -1.68150
v -13.05346 0.50000 -2.27023
v -13.11126 0.40489 -2.30809
v -13.20488 0.44122 -2.36921
v -13.20493 0.55878 -2.36913
v -13.11134 0.59511 -2.30796
v -13.54641 0.49943 -1.69847
v -13.13718 0.50000 -2.32492
v -14.80221 0.49943 -2.51881
v -14.86002 0.40432 -2.55667
v -14.95363 0.44065 -2.61779
v -14.95368 0.55821 -2.61771
v -14.86010 0.59454 -2.55654
v -14.39297 0.50000 -3.14527
v -14.45078 0.40489 -3.18312
v -14.54440 0.44122 -3.24425
v -14.54445 0.55878 -3.24417
v -14.45086 0.59511 -3.18300
v -14.88593 0.49943 -2.57350
v -14.47669 0.50000 -3.19996
v -13.34069 0.49943 -1.64769
v -13.37897 0.42943 -1.58909
v -13.41725 0.49943 -1.53048
v -13.37897 0.56943 -1.58909
v -15.01508 0.49943 -2.74149
v -15.05337 0.42943 -2.68288
v -15.09165 0.49943 -2.62428
v -15.05337 0.56943 -2.68288
v -13.37897 0.49943 -1.58909
v -15.05337 0.49943 -2.68288
v -12.82009 0.15000 -1.84123
v -14.79377 0.15000 -3.68366
v -14.79377 0.48000 -3.68366
v -12.82009 0.48000 -1.84123
v -12.30914 0.15000 -2.38857
v -14.28282 0.15000 -4.23101
v -14.28282 0.48000 -4.23101
v -12.30914 0.48000 -2.38857
v -13.14904 0.50000 -2.14830
v -13.19955 0.40489 -2.19545
v -13.28128 0.44122 -2.27174
v -13.28128 0.55878 -2.27174
v -13.19955 0.59511 -2.19545
v -12.63809 0.50000 -2.69564
v -12.68860 0.40489 -2.74280
v -12.77033 0.44122 -2.81909
v -12.77033 0.55878 -2.81909
v -12.68860 0.59511 -2.74280
v -13.22214 0.50000 -2.21654
v -12.71119 0.50000 -2.76388
v -14.31863 0.50000 -3.24011
v -14.36914 0.40489 -3.28727
v -14.45087 0.44122 -3.36356
v -14.45087 0.55878 -3.36356
v -14.36914 0.59511 -3.28727
v -13.80768 0.50000 -3.78746
v -13.85819 0.40489 -3.83461
v -13.93992 0.44122 -3.91090
v -13.93992 0.55878 -3.91090
v -13.85819 0.59511 -3.83461
v -14.39173 0.50000 -3.30835
v -13.88078 0.50000 -3.85570
v -12.42617 0.15000 -2.27736
v -14.16580 0.15000 -4.34223
v -14.16580 0.48000 -4.34223
v -12.42617 0.48000 -2.27736
v -11.85326 0.15000 -2.76003
v -13.59289 0.15000 -4.82490
v -13.59289 0.48000 -4.82490
v -11.85326 0.48000 -2.76003
v -12.71611 0.50000 -2.62150
v -12.76063 0.40489 -2.67435
v -12.83266 0.44122 -2.75985
v -12.83266 0.55878 -2.75985
v -12.76063 0.59511 -2.67435
v -12.14320 0.50000 -3.10417
v -12.18772 0.40489 -3.15702
v -12.25975 0.44122 -3.24252
v -12.25975 0.55878 -3.24252
v -12.18772 0.59511 -3.15702
v -12.78054 0.50000 -2.69798
v -12.20763 0.50000 -3.18065
v -13.74700 0.50000 -3.84513
v -13.79152 0.40489 -3.89797
v -13.86356 0.44122 -3.98347
v -13.86356 0.55878 -3.98347
v -13.79152 0.59511 -3.89797
v -13.17409 0.50000 -4.32780
v -13.21861 0.40489 -4.38064
v -13.29064 0.44122 -4.46615
v -13.29064 0.55878 -4.46615
v -13.21861 0.59511 -4.38064
v -13.81143 0.50000 -3.92160
v -13.23852 0.50000 -4.40428
v -12.59814 0.50000 -2.59013
v -12.65168 0.43000 -2.54502
v -12.70521 0.50000 -2.49992
v -12.65168 0.57000 -2.54502
v -13.88676 0.50000 -4.11966
v -13.94029 0.43000 -4.07456
v -13.99383 0.50000 -4.02946
v -13.94029 0.57000 -4.07456
v -12.65168 0.50000 -2.54502
v -13.94029 0.50000 -4.07456
v -11.94657 0.15000 -2.68813
v -13.49958 0.15000 -4.89679
v -13.49958 0.48000 -4.89679
v -11.94657 0.48000 -2.68813
v -11.33365 0.15000 -3.11911
v -12.88666 0.15000 -5.32776
v -12.88666 0.48000 -5.32776
v -11.33365 0.48000 -3.11911
v -12.20540 0.50000 -3.05624
v -12.24515 0.40489 -3.11277
v -12.30946 0.44122 -3.20423
v -12.30946 0.55878 -3.20423
v -12.24515 0.59511 -3.11277
v -11.59248 0.50000 -3.48722
v -11.63223 0.40489 -3.54374
v -11.69653 0.44122 -3.63520
v -11.69653 0.55878 -3.63520
v -11.63223 0.59511 -3.54374
v -12.26292 0.50000 -3.13805
v -11.65000 0.50000 -3.56902
v -13.12570 0.50000 -4.36508
v -13.16545 0.40489 -4.42160
v -13.22976 0.44122 -4.51306
v -13.22976 0.55878 -4.51306
v -13.16545 0.59511 -4.42160
v -12.51278 0.50000 -4.79605
v -12.55253 0.40489 -4.85257
v -12.61684 0.44122 -4.94403
v -12.61684 0.55878 -4.94403
v -12.55253 0.59511 -4.85257
v -13.18322 0.50000 -4.44688
v -12.57030 0.50000 -4.87785
v -11.41173 0.15000 -3.06814
v -12.80857 0.15000 -5.37873
v -12.80857 0.48000 -5.37873
v -11.41173 0.48000 -3.06814
v -10.77047 0.15000 -3.45580
v -12.16731 0.15000 -5.76640
v -12.16731 0.48000 -5.76640
v -10.77047 0.48000 -3.45580
v -11.64454 0.50000 -3.45324
v -11.68029 0.40489 -3.51237
v -11.73813 0.44122 -3.60805
v -11.73813 0.55878 -3.60805
v -11.68029 0.59511 -3.51237
v -11.00328 0.50000 -3.84090
v -11.03903 0.40489 -3.90004
v -11.09687 0.44122 -3.99571
v -11.09687 0.55878 -3.99571
v -11.03903 0.59511 -3.90004
v -11.69627 0.50000 -3.53882
v -11.05501 0.50000 -3.92648
v -12.47230 0.50000 -4.82248
v -12.50804 0.40489 -4.88161
v -12.56588 0.44122 -4.97729
v -12.56588 0.55878 -4.97729
v -12.50804 0.59511 -4.88161
v -11.83104 0.50000 -5.21014
v -11.86678 0.40489 -5.26928
v -11.92462 0.44122 -5.36495
v -11.92462 0.55878 -5.36495
v -11.86678 0.59511 -5.26928
v -12.52403 0.50000 -4.90806
v -11.88277 0.50000 -5.29572
v -11.53290 0.50000 -3.40387
v -11.59280 0.43000 -3.36766
v -11.65271 0.50000 -3.33145
v -11.59280 0.57000 -3.36766
v -12.56760 0.50000 -5.11543
v -12.62750 0.43000 -5.07921
v -12.68740 0.50000 -5.04300
v -12.62750 0.57000 -5.07921
v -11.59280 0.50000 -3.36766
v -12.62750 0.50000 -5.07921
v -10.83917 0.15000 -3.41697
v -12.09861 0.15000 -5.80524
v -12.09861 0.48000 -5.80524
v -10.83917 0.48000 -3.41697
v -10.17633 0.15000 -3.76651
v -11.43577 0.15000 -6.15478
v -11.43577 0.48000 -6.15478
v -10.17633 0.48000 -3.76651
v -11.04908 0.50000 -3.81501
v -11.08131 0.40489 -3.87613
v -11.13346 0.44122 -3.97503
v -11.13346 0.55878 -3.97503
v -11.08131 0.59511 -3.87613
v -10.38624 0.50000 -4.16456
v -10.41847 0.40489 -4.22568
v -10.47062 0.44122 -4.32457
v -10.47062 0.55878 -4.32457
v -10.41847 0.59511 -4.22568
v -11.09573 0.50000 -3.90347
v -10.43288 0.50000 -4.25301
v -11.79541 0.50000 -5.23028
v -11.82764 0.40489 -5.29140
v -11.87979 0.44122 -5.39030
v -11.87979 0.55878 -5.39030
v -11.82764 0.59511 -5.29140
v -11.13257 0.50000 -5.57983
v -11.16480 0.40489 -5.64095
v -11.21695 0.44122 -5.73984
v -11.21695 0.55878 -5.73984
v -11.16480 0.59511 -5.64095
v -11.84206 0.50000 -5.31874
v -11.17922 0.50000 -5.66828
v -10.24038 0.15000 -3.73487
v -11.37172 0.15000 -6.18642
v -11.37172 0.48000 -6.18642
v -10.24038 0.48000 -3.73487
v -9.55996 0.15000 -4.04887
v -10.69130 0.15000 -6.50042
v -10.69130 0.48000 -6.50042
v -9.55996 0.48000 -4.04887
v -10.42894 0.50000 -4.14346
v -10.45789 0.40489 -4.20620
v -10.50474 0.44122 -4.30772
v -10.50474 0.55878 -4.30772
v -10.45789 0.59511 -4.20620
v -9.74852 0.50000 -4.45747
v -9.77747 0.40489 -4.52020
v -9.82432 0.44122 -4.62172
v -9.82432 0.55878 -4.62172
v -9.77747 0.59511 -4.52020
v -10.47084 0.50000 -4.23426
v -9.79042 0.50000 -4.54826
v -11.09936 0.50000 -5.59623
v -11.12831 0.40489 -5.65897
v -11.17516 0.44122 -5.76049
v -11.17516 0.55878 -5.76049
v -11.12831 0.59511 -5.65897
v -10.41894 0.50000 -5.91023
v -10.44790 0.40489 -5.97297
v -10.49474 0.44122 -6.07449
v -10.49474 0.55878 -6.07449
v -10.44790 0.59511 -5.97297
v -11.14126 0.50000 -5.68703
v -10.46084 0.50000 -6.00103
v -10.32348 0.50000 -4.08200
v -10.38703 0.43000 -4.05267
v -10.45059 0.50000 -4.02334
v -10.38703 0.57000 -4.05267
v -11.16151 0.50000 -5.89796
v -11.22507 0.43000 -5.86862
v -11.28862 0.50000 -5.83929
v -11.22507 0.57000 -5.86862
v -10.38703 0.50000 -4.05267
v -11.22507 0.50000 -5.86862
v -9.62297 0.15000 -4.02172
v -10.62830 0.15000 -6.52757
v -10.62830 0.48000 -6.52757
v -9.62297 0.48000 -4.02172
v -8.92747 0.15000 -4.30075
v -9.93280 0.15000 -6.80660
v -9.93280 0.48000 -6.80660
v -8.92747 0.48000 -4.30075
v -9.79052 0.50000 -4.43936
v -9.81625 0.40489 -4.50349
v -9.85788 0.44122 -4.60726
v -9.85788 0.55878 -4.60726
v -9.81625 0.59511 -4.50349
v -9.09502 0.50000 -4.71839
v -9.12075 0.40489 -4.78252
v -9.16238 0.44122 -4.88628
v -9.16238 0.55878 -4.88628
v -9.12075 0.59511 -4.78252
v -9.82776 0.50000 -4.53217
v -9.13226 0.50000 -4.81120
v -10.38627 0.50000 -5.92431
v -10.41200 0.40489 -5.98844
v -10.45363 0.44122 -6.09221
v -10.45363 0.55878 -6.09221
v -10.41200 0.59511 -5.98844
v -9.69078 0.50000 -6.20334
v -9.71651 0.40489 -6.26747
v -9.75814 0.44122 -6.37123
v -9.75814 0.55878 -6.37123
v -9.71651 0.59511 -6.26747
v -10.42351 0.50000 -6.01712
v -9.72801 0.50000 -6.29615
v -8.99263 0.15000 -4.27653
v -9.86764 0.15000 -6.83082
v -9.86764 0.48000 -6.83082
v -8.99263 0.48000 -4.27653
v -8.28370 0.15000 -4.51939
v -9.15871 0.15000 -7.07367
v -9.15871 0.48000 -7.07367
v -8.28370 0.48000 -4.51939
v -9.13846 0.50000 -4.70225
v -9.16086 0.40489 -4.76762
v -9.19709 0.44122 -4.87339
v -9.19709 0.55878 -4.87339
v -9.16086 0.59511 -4.76762
v -8.42953 0.50000 -4.94510
v -8.45193 0.40489 -5.01047
v -8.48816 0.44122 -5.11624
v -8.48816 0.55878 -5.11624
v -8.45193 0.59511 -5.01047
v -9.17087 0.50000 -4.79685
v -8.46194 0.50000 -5.03971
v -9.65699 0.50000 -6.21590
v -9.67938 0.40489 -6.28127
v -9.71562 0.44122 -6.38703
v -9.71562 0.55878 -6.38703
v -9.67938 0.59511 -6.28127
v -8.94806 0.50000 -6.45875
v -8.97045 0.40489 -6.52412
v -9.00669 0.44122 -6.62989
v -9.00669 0.55878 -6.62989
v -8.97045 0.59511 -6.52412
v -9.68940 0.50000 -6.31050
v -8.98047 0.50000 -6.55336
v -9.03983 0.50000 -4.63033
v -9.10606 0.43000 -4.60765
v -9.17228 0.50000 -4.58496
v -9.10606 0.57000 -4.60765
v -9.68799 0.50000 -6.52239
v -9.75421 0.43000 -6.49971
v -9.82044 0.50000 -6.47702
v -9.75421 0.57000 -6.49971
v -9.10606 0.50000 -4.60765
v -9.75421 0.50000 -6.49971
v -8.35465 0.15000 -4.49725
v -9.08776 0.15000 -7.09581
v -9.08776 0.48000 -7.09581
v -8.35465 0.48000 -4.49725
v -7.63344 0.15000 -4.70072
v -8.36656 0.15000 -7.29928
v -8.36656 0.48000 -7.29928
v -7.63344 0.48000 -4.70072
v -8.47683 0.50000 -4.93034
v -8.49559 0.40489 -4.99685
v -8.52595 0.44122 -5.10445
v -8.52595 0.55878 -5.10445
v -8.49559 0.59511 -4.99685
v -7.75563 0.50000 -5.13381
v -7.77439 0.40489 -5.20031
v -7.80475 0.44122 -5.30792
v -7.80475 0.55878 -5.30792
v -7.77439 0.59511 -5.20031
v -8.50398 0.50000 -5.02659
v -7.78278 0.50000 -5.23005
v -8.91127 0.50000 -6.47023
v -8.93003 0.40489 -6.53674
v -8.96039 0.44122 -6.64434
v -8.96039 0.55878 -6.64434
v -8.93003 0.59511 -6.53674
v -8.19007 0.50000 -6.67370
v -8.20883 0.40489 -6.74020
v -8.23919 0.44122 -6.84781
v -8.23919 0.55878 -6.84781
v -8.20883 0.59511 -6.74020
v -8.93842 0.50000 -6.56648
v -8.21722 0.50000 -6.76995
v -2.29289 -0.04749 2.50000
v -2.50000 -0.04749 2.90000
v -3.00000 -0.04749 3.06569
v -3.50000 -0.04749 2.90000
v -3.70711 -0.04749 2.50000
v -3.50000 -0.04749 2.10000
v -3.00000 -0.04749 1.93431
v -2.50000 -0.04749 2.10000
v -2.00000 0.20000 2.50000
v -2.29289 0.20000 3.06569
v -3.00000 0.20000 3.30000
v -3.70711 0.20000 3.06569
v -4.00000 0.20000 2.50000
v -3.70711 0.20000 1.93431
v -3.00000 0.20000 1.70000
v -2.29289 0.20000 1.93431
v -2.29289 0.44749 2.50000
v -2.50000 0.44749 2.90000
v -3.00000 0.44749 3.06569
v -3.50000 0.44749 2.90000
v -3.70711 0.44749 2.50000
v -3.50000 0.44749 2.10000
v -3.00000 0.44749 1.93431
v -2.50000 0.44749 2.10000
v -3.00000 -0.15000 2.50000
v -3.00000 0.55000 2.50000
v -3.26144 0.47000 2.50000
v -3.33072 0.47000 2.62000
v -3.46928 0.47000 2.62000
v -3.53856 0.47000 2.50000
v -3.46928 0.47000 2.38000
v -3.33072 0.47000 2.38000
v -3.26144 0.63000 2.50000
v -3.33072 0.63000 2.62000
v -3.46928 0.63000 2.62000
v -3.53856 0.63000 2.50000
v -3.46928 0.63000 2.38000
v -3.33072 0.63000 2.38000
v -3.40000 0.39000 2.50000
v -3.40000 0.71000 2.50000
v -2.56144 0.47000 2.70000
v -2.63072 0.47000 2.82000
v -2.76928 0.47000 2.82000
v -2.83856 0.47000 2.70000
v -2.76928 0.47000 2.58000
v -2.63072 0.47000 2.58000
v -2.56144 0.63000 2.70000
v -2.63072 0.63000 2.82000
v -2.76928 0.63000 2.82000
v -2.83856 0.63000 2.70000
v -2.76928 0.63000 2.58000
v -2.63072 0.63000 2.58000
v -2.70000 0.39000 2.70000
v -2.70000 0.71000 2.70000
v -2.86144 0.47000 2.20000
v -2.93072 0.47000 2.32000
v -3.06928 0.47000 2.32000
v -3.13856 0.47000 2.20000
v -3.06928 0.47000 2.08000
v -2.93072 0.47000 2.08000
v -2.86144 0.63000 2.20000
v -2.93072 0.63000 2.32000
v -3.06928 0.63000 2.32000
v -3.13856 0.63000 2.20000
v -3.06928 0.63000 2.08000
v -2.93072 0.63000 2.08000
v -3.00000 0.39000 2.20000
v -3.00000 0.71000 2.20000
v 0.70711 -0.04749 3.50000
v 0.50000 -0.04749 3.90000
v 0.00000 -0.04749 4.06569
v -0.50000 -0.04749 3.90000
v -0.70711 -0.04749 3.50000
v -0.50000 -0.04749 3.10000
v -0.00000 -0.04749 2.93431
v 0.50000 -0.04749 3.10000
v 1.00000 0.20000 3.50000
v 0.70711 0.20000 4.06569
v 0.00000 0.20000 4.30000
v -0.70711 0.20000 4.06569
v -1.00000 0.20000 3.50000
v -0.70711 0.20000 2.93431
v -0.00000 0.20000 2.70000
v 0.70711 0.20000 2.93431
v 0.70711 0.44749 3.50000
v 0.50000 0.44749 3.90000
v 0.00000 0.44749 4.06569
v -0.50000 0.44749 3.90000
v -0.70711 0.44749 3.50000
v -0.50000 0.44749 3.10000
v -0.00000 0.44749 2.93431
v 0.50000 0.44749 3.10000
v 0.00000 -0.15000 3.50000
v 0.00000 0.55000 3.50000
v -0.26144 0.47000 3.50000
v -0.33072 0.47000 3.62000
v -0.46928 0.47000 3.62000
v -0.53856 0.47000 3.50000
v -0.46928 0.47000 3.38000
v -0.33072 0.47000 3.38000
v -0.26144 0.63000 3.50000
v -0.33072 0.63000 3.62000
v -0.46928 0.63000 3.62000
v -0.53856 0.63000 3.50000
v -0.46928 0.63000 3.38000
v -0.33072 0.63000 3.38000
v -0.40000 0.39000 3.50000
v -0.40000 0.71000 3.50000
v 0.43856 0.47000 3.70000
v 0.36928 0.47000 3.82000
v 0.23072 0.47000 3.82000
v 0.16144 0.47000 3.70000
v 0.23072 0.47000 3.58000
v 0.36928 0.47000 3.58000
v 0.43856 0.63000 3.70000
v 0.36928 0.63000 3.82000
v 0.23072 0.63000 3.82000
v 0.16144 0.63000 3.70000
v 0.23072 0.63000 3.58000
v 0.36928 0.63000 3.58000
v 0.30000 0.39000 3.70000
v 0.30000 0.71000 3.70000
v 0.13856 0.47000 3.20000
v 0.06928 0.47000 3.32000
v -0.06928 0.47000 3.32000
v -0.13856 0.47000 3.20000
v -0.06928 0.47000 3.08000
v 0.06928 0.47000 3.08000
v 0.13856 0.63000 3.20000
v 0.06928 0.63000 3.32000
v -0.06928 0.63000 3.32000
v -0.13856 0.63000 3.20000
v -0.06928 0.63000 3.08000
v 0.06928 0.63000 3.08000
v 0.00000 0.39000 3.20000
v 0.00000 0.71000 3.20000
v 3.70711 -0.04749 2.00000
v 3.50000 -0.04749 2.40000
v 3.00000 -0.04749 2.56569
v 2.50000 -0.04749 2.40000
v 2.29289 -0.04749 2.00000
v 2.50000 -0.04749 1.60000
v 3.00000 -0.04749 1.43431
v 3.50000 -0.04749 1.60000
v 4.00000 0.20000 2.00000
v 3.70711 0.20000 2.56569
v 3.00000 0.20000 2.80000
v 2.29289 0.20000 2.56569
v 2.00000 0.20000 2.00000
v 2.29289 0.20000 1.43431
v 3.00000 0.20000 1.20000
v 3.70711 0.20000 1.43431
v 3.70711 0.44749 2.00000
v 3.50000 0.44749 2.40000
v 3.00000 0.44749 2.56569
v 2.50000 0.44749 2.40000
v 2.29289 0.44749 2.00000
v 2.50000 0.44749 1.60000
v 3.00000 0.44749 1.43431
v 3.50000 0.44749 1.60000
v 3.00000 -0.15000 2.00000
v 3.00000 0.55000 2.00000
v 2.73856 0.47000 2.00000
v 2.66928 0.47000 2.12000
v 2.53072 0.47000 2.12000
v 2.46144 0.47000 2.00000
v 2.53072 0.47000 1.88000
v 2.66928 0.47000 1.88000
v 2.73856 0.63000 2.00000
v 2.66928 0.63000 2.12000
v 2.53072 0.63000 2.12000
v 2.46144 0.63000 2.00000
v 2.53072 0.63000 1.88000
v 2.66928 0.63000 1.88000
v 2.60000 0.39000 2.00000
v 2.60000 0.71000 2.00000
v 3.43856 0.47000 2.20000
v 3.36928 0.47000 2.32000
v 3.23072 0.47000 2.32000
v 3.16144 0.47000 2.20000
v 3.23072 0.47000 2.08000
v 3.36928 0.47000 2.08000
v 3.43856 0.63000 2.20000
v 3.36928 0.63000 2.32000
v 3.23072 0.63000 2.32000
v 3.16144 0.63000 2.20000
v 3.23072 0.63000 2.08000
v 3.36928 0.63000 2.08000
v 3.30000 0.39000 2.20000
v 3.30000 0.71000 2.20000
v 3.13856 0.47000 1.70000
v 3.06928 0.47000 1.82000
v 2.93072 0.47000 1.82000
v 2.86144 0.47000 1.70000
v 2.93072 0.47000 1.58000
v 3.06928 0.47000 1.58000
v 3.13856 0.63000 1.70000
v 3.06928 0.63000 1.82000
v 2.93072 0.63000 1.82000
v 2.86144 0.63000 1.70000
v 2.93072 0.63000 1.58000
v 3.06928 0.63000 1.58000
v 3.00000 0.39000 1.70000
v 3.00000 0.71000 1.70000
v 6.70711 -0.04749 4.00000
v 6.50000 -0.04749 4.40000
v 6.00000 -0.04749 4.56569
v 5.50000 -0.04749 4.40000
v 5.29289 -0.04749 4.00000
v 5.50000 -0.04749 3.60000
v 6.00000 -0.04749 3.43431
v 6.50000 -0.04749 3.60000
v 7.00000 0.20000 4.00000
v 6.70711 0.20000 4.56569
v 6.00000 0.20000 4.80000
v 5.29289 0.20000 4.56569
v 5.00000 0.20000 4.00000
v 5.29289 0.20000 3.43431
v 6.00000 0.20000 3.20000
v 6.70711 0.20000 3.43431
v 6.70711 0.44749 4.00000
v 6.50000 0.44749 4.40000
v 6.00000 0.44749 4.56569
v 5.50000 0.44749 4.40000
v 5.29289 0.44749 4.00000
v 5.50000 0.44749 3.60000
v 6.00000 0.44749 3.43431
v 6.50000 0.44749 3.60000
v 6.00000 -0.15000 4.00000
v 6.00000 0.55000 4.00000
v 5.73856 0.47000 4.00000
v 5.66928 0.47000 4.12000
v 5.53072 0.47000 4.12000
v 5.46144 0.47000 4.00000
v 5.53072 0.47000 3.88000
v 5.66928 0.47000 3.88000
v 5.73856 0.63000 4.00000
v 5.66928 0.63000 4.12000
v 5.53072 0.63000 4.12000
v 5.46144 0.63000 4.00000
v 5.53072 0.63000 3.88000
v 5.66928 0.63000 3.88000
v 5.60000 0.39000 4.00000
v 5.60000 0.71000 4.00000
v 6.43856 0.47000 4.20000
v 6.36928 0.47000 4.32000
v 6.23072 0.47000 4.32000
v 6.16144 0.47000 4.20000
v 6.23072 0.47000 4.08000
v 6.36928 0.47000 4.08000
v 6.43856 0.63000 4.20000
v 6.36928 0.63000 4.32000
v 6.23072 0.63000 4.32000
v 6.16144 0.63000 4.20000
v 6.23072 0.63000 4.08000
v 6.36928 0.63000 4.08000
v 6.30000 0.39000 4.20000
v 6.30000 0.71000 4.20000
v 6.13856 0.47000 3.70000
v 6.06928 0.47000 3.82000
v 5.93072 0.47000 3.82000
v 5.86144 0.47000 3.70000
v 5.93072 0.47000 3.58000
v 6.06928 0.47000 3.58000
v 6.13856 0.63000 3.70000
v 6.06928 0.63000 3.82000
v 5.93072 0.63000 3.82000
v 5.86144 0.63000 3.70000
v 5.93072 0.63000 3.58000
v 6.06928 0.63000 3.58000
v 6.00000 0.39000 3.70000
v 6.00000 0.71000 3.70000
v -8.00000 0.00000 -9.50000
v 8.00000 0.00000 -9.50000
v 8.00000 0.40000 -9.50000
v -8.00000 0.40000 -9.50000
v -8.00000 0.00000 -6.90000
v 8.00000 0.00000 -6.90000
v 8.00000 0.40000 -6.90000
v -8.00000 0.40000 -6.90000
v -8.20000 0.38000 -9.65000
v 8.20000 0.38000 -9.65000
v 8.20000 0.46000 -9.65000
v -8.20000 0.46000 -9.65000
v -8.20000 0.38000 -6.75000
v 8.20000 0.38000 -6.75000
v 8.20000 0.46000 -6.75000
v -8.20000 0.46000 -6.75000
v -7.00000 0.40000 -9.44000
v -7.12124 0.40000 -9.37000
v -7.12124 0.40000 -9.23000
v -7.00000 0.40000 -9.16000
v -6.87876 0.40000 -9.23000
v -6.87876 0.40000 -9.37000
v -7.00000 3.40000 -9.44000
v -7.12124 3.40000 -9.37000
v -7.12124 3.40000 -9.23000
v -7.00000 3.40000 -9.16000
v -6.87876 3.40000 -9.23000
v -6.87876 3.40000 -9.37000
v -7.00000 0.40000 -9.30000
v -7.00000 3.40000 -9.30000
v -7.00000 0.40000 -7.24000
v -7.12124 0.40000 -7.17000
v -7.12124 0.40000 -7.03000
v -7.00000 0.40000 -6.96000
v -6.87876 0.40000 -7.03000
v -6.87876 0.40000 -7.17000
v -7.00000 3.40000 -7.24000
v -7.12124 3.40000 -7.17000
v -7.12124 3.40000 -7.03000
v -7.00000 3.40000 -6.96000
v -6.87876 3.40000 -7.03000
v -6.87876 3.40000 -7.17000
v -7.00000 0.40000 -7.10000
v -7.00000 3.40000 -7.10000
v -2.30000 0.40000 -9.44000
v -2.42124 0.40000 -9.37000
v -2.42124 0.40000 -9.23000
v -2.30000 0.40000 -9.16000
v -2.17876 0.40000 -9.23000
v -2.17876 0.40000 -9.37000
v -2.30000 3.40000 -9.44000
v -2.42124 3.40000 -9.37000
v -2.42124 3.40000 -9.23000
v -2.30000 3.40000 -9.16000
v -2.17876 3.40000 -9.23000
v -2.17876 3.40000 -9.37000
v -2.30000 0.40000 -9.30000
v -2.30000 3.40000 -9.30000
v -2.30000 0.40000 -7.24000
v -2.42124 0.40000 -7.17000
v -2.42124 0.40000 -7.03000
v -2.30000 0.40000 -6.96000
v -2.17876 0.40000 -7.03000
v -2.17876 0.40000 -7.17000
v -2.30000 3.40000 -7.24000
v -2.42124 3.40000 -7.17000
v -2.42124 3.40000 -7.03000
v -2.30000 3.40000 -6.96000
v -2.17876 3.40000 -7.03000
v -2.17876 3.40000 -7.17000
v -2.30000 0.40000 -7.10000
v -2.30000 3.40000 -7.10000
v 2.30000 0.40000 -9.44000
v 2.17876 0.40000 -9.37000
v 2.17876 0.40000 -9.23000
v 2.30000 0.40000 -9.16000
v 2.42124 0.40000 -9.23000
v 2.42124 0.40000 -9.37000
v 2.30000 3.40000 -9.44000
v 2.17876 3.40000 -9.37000
v 2.17876 3.40000 -9.23000
v 2.30000 3.40000 -9.16000
v 2.42124 3.40000 -9.23000
v 2.42124 3.40000 -9.37000
v 2.30000 0.40000 -9.30000
v 2.30000 3.40000 -9.30000
v 2.30000 0.40000 -7.24000
v 2.17876 0.40000 -7.17000
v 2.17876 0.40000 -7.03000
v 2.30000 0.40000 -6.96000
v 2.42124 0.40000 -7.03000
v 2.42124 0.40000 -7.17000
v 2.30000 3.40000 -7.24000
v 2.17876 3.40000 -7.17000
v 2.17876 3.40000 -7.03000
v 2.30000 3.40000 -6.96000
v 2.42124 3.40000 -7.03000
v 2.42124 3.40000 -7.17000
v 2.30000 0.40000 -7.10000
v 2.30000 3.40000 -7.10000
v 7.00000 0.40000 -9.44000
v 6.87876 0.40000 -9.37000
v 6.87876 0.40000 -9.23000
v 7.00000 0.40000 -9.16000
v 7.12124 0.40000 -9.23000
v 7.12124 0.40000 -9.37000
v 7.00000 3.40000 -9.44000
v 6.87876 3.40000 -9.37000
v 6.87876 3.40000 -9.23000
v 7.00000 3.40000 -9.16000
v 7.12124 3.40000 -9.23000
v 7.12124 3.40000 -9.37000
v 7.00000 0.40000 -9.30000
v 7.00000 3.40000 -9.30000
v 7.00000 0.40000 -7.24000
v 6.87876 0.40000 -7.17000
v 6.87876 0.40000 -7.03000
v 7.00000 0.40000 -6.96000
v 7.12124 0.40000 -7.03000
v 7.12124 0.40000 -7.17000
v 7.00000 3.40000 -7.24000
v 6.87876 3.40000 -7.17000
v 6.87876 3.40000 -7.03000
v 7.00000 3.40000 -6.96000
v 7.12124 3.40000 -7.03000
v 7.12124 3.40000 -7.17000
v 7.00000 0.40000 -7.10000
v 7.00000 3.40000 -7.10000
v -8.40000 3.30000 -9.70000
v -6.30000 3.30000 -9.70000
v -6.30000 3.42000 -9.70000
v -8.40000 3.42000 -9.70000
v -8.40000 3.90000 -6.70000
v -6.30000 3.90000 -6.70000
v -6.30000 4.02000 -6.70000
v -8.40000 4.02000 -6.70000
v -6.30000 3.30000 -9.70000
v -4.20000 3.30000 -9.70000
v -4.20000 3.42000 -9.70000
v -6.30000 3.42000 -9.70000
v -6.30000 3.90000 -6.70000
v -4.20000 3.90000 -6.70000
v -4.20000 4.02000 -6.70000
v -6.30000 4.02000 -6.70000
v -4.20000 3.30000 -9.70000
v -2.10000 3.30000 -9.70000
v -2.10000 3.42000 -9.70000
v -4.20000 3.42000 -9.70000
v -4.20000 3.90000 -6.70000
v -2.10000 3.90000 -6.70000
v -2.10000 4.02000 -6.70000
v -4.20000 4.02000 -6.70000
v -2.10000 3.30000 -9.70000
v 0.00000 3.30000 -9.70000
v 0.00000 3.42000 -9.70000
v -2.10000 3.42000 -9.70000
v -2.10000 3.90000 -6.70000
v 0.00000 3.90000 -6.70000
v 0.00000 4.02000 -6.70000
v -2.10000 4.02000 -6.70000
v 0.00000 3.30000 -9.70000
v 2.10000 3.30000 -9.70000
v 2.10000 3.42000 -9.70000
v 0.00000 3.42000 -9.70000
v 0.00000 3.90000 -6.70000
v 2.10000 3.90000 -6.70000
v 2.10000 4.02000 -6.70000
v 0.00000 4.02000 -6.70000
v 2.10000 3.30000 -9.70000
v 4.20000 3.30000 -9.70000
v 4.20000 3.42000 -9.70000
v 2.10000 3.42000 -9.70000
v 2.10000 3.90000 -6.70000
v 4.20000 3.90000 -6.70000
v 4.20000 4.02000 -6.70000
v 2.10000 4.02000 -6.70000
v 4.20000 3.30000 -9.70000
v 6.30000 3.30000 -9.70000
v 6.30000 3.42000 -9.70000
v 4.20000 3.42000 -9.70000
v 4.20000 3.90000 -6.70000
v 6.30000 3.90000 -6.70000
v 6.30000 4.02000 -6.70000
v 4.20000 4.02000 -6.70000
v 6.30000 3.30000 -9.70000
v 8.40000 3.30000 -9.70000
v 8.40000 3.42000 -9.70000
v 6.30000 3.42000 -9.70000
v 6.30000 3.90000 -6.70000
v 8.40000 3.90000 -6.70000
v 8.40000 4.02000 -6.70000
v 6.30000 4.02000 -6.70000
v 0.00000 5.10000 -8.32000
v -0.10110 4.83915 -8.32000
v -0.38042 4.82361 -8.32000
v -0.16358 4.64685 -8.32000
v -0.23511 4.37639 -8.32000
v -0.00000 4.52800 -8.32000
v 0.23511 4.37639 -8.32000
v 0.16358 4.64685 -8.32000
v 0.38042 4.82361 -8.32000
v 0.10110 4.83915 -8.32000
v 0.00000 5.10000 -8.08000
v -0.10110 4.83915 -8.08000
v -0.38042 4.82361 -8.08000
v -0.16358 4.64685 -8.08000
v -0.23511 4.37639 -8.08000
v -0.00000 4.52800 -8.08000
v 0.23511 4.37639 -8.08000
v 0.16358 4.64685 -8.08000
v 0.38042 4.82361 -8.08000
v 0.10110 4.83915 -8.08000
v 0.00000 4.70000 -8.32000
v 0.00000 4.70000 -8.08000
vt 0.05000 0.50000
vt 0.15000 0.50000
vt 0.25000 0.50000
vt 0.35000 0.50000
vt 0.45000 0.50000
vt 0.55000 0.50000
vt 0.65000 0.50000
vt 0.75000 0.50000
vt 0.85000 0.50000
vt 0.95000 0.50000
usemtl faded_cream
f 1/7 4/7 3/7 2/7
f 5/7 6/7 7/7 8/7
f 1/7 5/7 8/7 4/7
f 2/7 3/7 7/7 6/7
f 1/7 2/7 6/7 5/7
f 4/7 8/7 7/7 3/7
f 43/7 46/7 45/7 44/7
f 47/7 48/7 49/7 50/7
f 43/7 47/7 50/7 46/7
f 44/7 45/7 49/7 48/7
f 43/7 44/7 48/7 47/7
f 46/7 50/7 49/7 45/7
f 75/7 78/7 77/7 76/7
f 79/7 80/7 81/7 82/7
f 75/7 79/7 82/7 78/7
f 76/7 77/7 81/7 80/7
f 75/7 76/7 80/7 79/7
f 78/7 82/7 81/7 77/7
f 117/7 120/7 119/7 118/7
f 121/7 122/7 123/7 124/7
f 117/7 121/7 124/7 120/7
f 118/7 119/7 123/7 122/7
f 117/7 118/7 122/7 121/7
f 120/7 124/7 123/7 119/7
f 149/7 152/7 151/7 150/7
f 153/7 154/7 155/7 156/7
f 149/7 153/7 156/7 152/7
f 150/7 151/7 155/7 154/7
f 149/7 150/7 154/7 153/7
f 152/7 156/7 155/7 151/7
f 191/7 194/7 193/7 192/7
f 195/7 196/7 197/7 198/7
f 191/7 195/7 198/7 194/7
f 192/7 193/7 197/7 196/7
f 191/7 192/7 196/7 195/7
f 194/7 198/7 197/7 193/7
f 223/7 226/7 225/7 224/7
f 227/7 228/7 229/7 230/7
f 223/7 227/7 230/7 226/7
f 224/7 225/7 229/7 228/7
f 223/7 224/7 228/7 227/7
f 226/7 230/7 229/7 225/7
f 265/7 268/7 267/7 266/7
f 269/7 270/7 271/7 272/7
f 265/7 269/7 272/7 268/7
f 266/7 267/7 271/7 270/7
f 265/7 266/7 270/7 269/7
f 268/7 272/7 271/7 267/7
f 297/7 300/7 299/7 298/7
f 301/7 302/7 303/7 304/7
f 297/7 301/7 304/7 300/7
f 298/7 299/7 303/7 302/7
f 297/7 298/7 302/7 301/7
f 300/7 304/7 303/7 299/7
f 339/7 342/7 341/7 340/7
f 343/7 344/7 345/7 346/7
f 339/7 343/7 346/7 342/7
f 340/7 341/7 345/7 344/7
f 339/7 340/7 344/7 343/7
f 342/7 346/7 345/7 341/7
f 371/7 374/7 373/7 372/7
f 375/7 376/7 377/7 378/7
f 371/7 375/7 378/7 374/7
f 372/7 373/7 377/7 376/7
f 371/7 372/7 376/7 375/7
f 374/7 378/7 377/7 373/7
f 413/7 416/7 415/7 414/7
f 417/7 418/7 419/7 420/7
f 413/7 417/7 420/7 416/7
f 414/7 415/7 419/7 418/7
f 413/7 414/7 418/7 417/7
f 416/7 420/7 419/7 415/7
f 445/7 448/7 447/7 446/7
f 449/7 450/7 451/7 452/7
f 445/7 449/7 452/7 448/7
f 446/7 447/7 451/7 450/7
f 445/7 446/7 450/7 449/7
f 448/7 452/7 451/7 447/7
f 487/7 490/7 489/7 488/7
f 491/7 492/7 493/7 494/7
f 487/7 491/7 494/7 490/7
f 488/7 489/7 493/7 492/7
f 487/7 488/7 492/7 491/7
f 490/7 494/7 493/7 489/7
f 519/7 522/7 521/7 520/7
f 523/7 524/7 525/7 526/7
f 519/7 523/7 526/7 522/7
f 520/7 521/7 525/7 524/7
f 519/7 520/7 524/7 523/7
f 522/7 526/7 525/7 521/7
f 561/7 564/7 563/7 562/7
f 565/7 566/7 567/7 568/7
f 561/7 565/7 568/7 564/7
f 562/7 563/7 567/7 566/7
f 561/7 562/7 566/7 565/7
f 564/7 568/7 567/7 563/7
f 593/7 596/7 595/7 594/7
f 597/7 598/7 599/7 600/7
f 593/7 597/7 600/7 596/7
f 594/7 595/7 599/7 598/7
f 593/7 594/7 598/7 597/7
f 596/7 600/7 599/7 595/7
f 635/7 638/7 637/7 636/7
f 639/7 640/7 641/7 642/7
f 635/7 639/7 642/7 638/7
f 636/7 637/7 641/7 640/7
f 635/7 636/7 640/7 639/7
f 638/7 642/7 641/7 637/7
f 667/7 670/7 669/7 668/7
f 671/7 672/7 673/7 674/7
f 667/7 671/7 674/7 670/7
f 668/7 669/7 673/7 672/7
f 667/7 668/7 672/7 671/7
f 670/7 674/7 673/7 669/7
f 709/7 712/7 711/7 710/7
f 713/7 714/7 715/7 716/7
f 709/7 713/7 716/7 712/7
f 710/7 711/7 715/7 714/7
f 709/7 710/7 714/7 713/7
f 712/7 716/7 715/7 711/7
f 741/7 744/7 743/7 742/7
f 745/7 746/7 747/7 748/7
f 741/7 745/7 748/7 744/7
f 742/7 743/7 747/7 746/7
f 741/7 742/7 746/7 745/7
f 744/7 748/7 747/7 743/7
f 783/7 786/7 785/7 784/7
f 787/7 788/7 789/7 790/7
f 783/7 787/7 790/7 786/7
f 784/7 785/7 789/7 788/7
f 783/7 784/7 788/7 787/7
f 786/7 790/7 789/7 785/7
f 815/7 818/7 817/7 816/7
f 819/7 820/7 821/7 822/7
f 815/7 819/7 822/7 818/7
f 816/7 817/7 821/7 820/7
f 815/7 816/7 820/7 819/7
f 818/7 822/7 821/7 817/7
f 857/7 860/7 859/7 858/7
f 861/7 862/7 863/7 864/7
f 857/7 861/7 864/7 860/7
f 858/7 859/7 863/7 862/7
f 857/7 858/7 862/7 861/7
f 860/7 864/7 863/7 859/7
f 889/7 892/7 891/7 890/7
f 893/7 894/7 895/7 896/7
f 889/7 893/7 896/7 892/7
f 890/7 891/7 895/7 894/7
f 889/7 890/7 894/7 893/7
f 892/7 896/7 895/7 891/7
f 931/7 934/7 933/7 932/7
f 935/7 936/7 937/7 938/7
f 931/7 935/7 938/7 934/7
f 932/7 933/7 937/7 936/7
f 931/7 932/7 936/7 935/7
f 934/7 938/7 937/7 933/7
f 963/7 966/7 965/7 964/7
f 967/7 968/7 969/7 970/7
f 963/7 967/7 970/7 966/7
f 964/7 965/7 969/7 968/7
f 963/7 964/7 968/7 967/7
f 966/7 970/7 969/7 965/7
f 1005/7 1008/7 1007/7 1006/7
f 1009/7 1010/7 1011/7 1012/7
f 1005/7 1009/7 1012/7 1008/7
f 1006/7 1007/7 1011/7 1010/7
f 1005/7 1006/7 1010/7 1009/7
f 1008/7 1012/7 1011/7 1007/7
f 1037/7 1040/7 1039/7 1038/7
f 1041/7 1042/7 1043/7 1044/7
f 1037/7 1041/7 1044/7 1040/7
f 1038/7 1039/7 1043/7 1042/7
f 1037/7 1038/7 1042/7 1041/7
f 1040/7 1044/7 1043/7 1039/7
f 1079/7 1082/7 1081/7 1080/7
f 1083/7 1084/7 1085/7 1086/7
f 1079/7 1083/7 1086/7 1082/7
f 1080/7 1081/7 1085/7 1084/7
f 1079/7 1080/7 1084/7 1083/7
f 1082/7 1086/7 1085/7 1081/7
f 1111/7 1114/7 1113/7 1112/7
f 1115/7 1116/7 1117/7 1118/7
f 1111/7 1115/7 1118/7 1114/7
f 1112/7 1113/7 1117/7 1116/7
f 1111/7 1112/7 1116/7 1115/7
f 1114/7 1118/7 1117/7 1113/7
f 1153/7 1156/7 1155/7 1154/7
f 1157/7 1158/7 1159/7 1160/7
f 1153/7 1157/7 1160/7 1156/7
f 1154/7 1155/7 1159/7 1158/7
f 1153/7 1154/7 1158/7 1157/7
f 1156/7 1160/7 1159/7 1155/7
f 1185/7 1188/7 1187/7 1186/7
f 1189/7 1190/7 1191/7 1192/7
f 1185/7 1189/7 1192/7 1188/7
f 1186/7 1187/7 1191/7 1190/7
f 1185/7 1186/7 1190/7 1189/7
f 1188/7 1192/7 1191/7 1187/7
f 1227/7 1230/7 1229/7 1228/7
f 1231/7 1232/7 1233/7 1234/7
f 1227/7 1231/7 1234/7 1230/7
f 1228/7 1229/7 1233/7 1232/7
f 1227/7 1228/7 1232/7 1231/7
f 1230/7 1234/7 1233/7 1229/7
f 1259/7 1262/7 1261/7 1260/7
f 1263/7 1264/7 1265/7 1266/7
f 1259/7 1263/7 1266/7 1262/7
f 1260/7 1261/7 1265/7 1264/7
f 1259/7 1260/7 1264/7 1263/7
f 1262/7 1266/7 1265/7 1261/7
f 1301/7 1304/7 1303/7 1302/7
f 1305/7 1306/7 1307/7 1308/7
f 1301/7 1305/7 1308/7 1304/7
f 1302/7 1303/7 1307/7 1306/7
f 1301/7 1302/7 1306/7 1305/7
f 1304/7 1308/7 1307/7 1303/7
f 1333/7 1336/7 1335/7 1334/7
f 1337/7 1338/7 1339/7 1340/7
f 1333/7 1337/7 1340/7 1336/7
f 1334/7 1335/7 1339/7 1338/7
f 1333/7 1334/7 1338/7 1337/7
f 1336/7 1340/7 1339/7 1335/7
f 1375/7 1378/7 1377/7 1376/7
f 1379/7 1380/7 1381/7 1382/7
f 1375/7 1379/7 1382/7 1378/7
f 1376/7 1377/7 1381/7 1380/7
f 1375/7 1376/7 1380/7 1379/7
f 1378/7 1382/7 1381/7 1377/7
f 1407/7 1410/7 1409/7 1408/7
f 1411/7 1412/7 1413/7 1414/7
f 1407/7 1411/7 1414/7 1410/7
f 1408/7 1409/7 1413/7 1412/7
f 1407/7 1408/7 1412/7 1411/7
f 1410/7 1414/7 1413/7 1409/7
f 1449/7 1452/7 1451/7 1450/7
f 1453/7 1454/7 1455/7 1456/7
f 1449/7 1453/7 1456/7 1452/7
f 1450/7 1451/7 1455/7 1454/7
f 1449/7 1450/7 1454/7 1453/7
f 1452/7 1456/7 1455/7 1451/7
f 1481/7 1484/7 1483/7 1482/7
f 1485/7 1486/7 1487/7 1488/7
f 1481/7 1485/7 1488/7 1484/7
f 1482/7 1483/7 1487/7 1486/7
f 1481/7 1482/7 1486/7 1485/7
f 1484/7 1488/7 1487/7 1483/7
f 1523/7 1526/7 1525/7 1524/7
f 1527/7 1528/7 1529/7 1530/7
f 1523/7 1527/7 1530/7 1526/7
f 1524/7 1525/7 1529/7 1528/7
f 1523/7 1524/7 1528/7 1527/7
f 1526/7 1530/7 1529/7 1525/7
f 1555/7 1558/7 1557/7 1556/7
f 1559/7 1560/7 1561/7 1562/7
f 1555/7 1559/7 1562/7 1558/7
f 1556/7 1557/7 1561/7 1560/7
f 1555/7 1556/7 1560/7 1559/7
f 1558/7 1562/7 1561/7 1557/7
f 1597/7 1600/7 1599/7 1598/7
f 1601/7 1602/7 1603/7 1604/7
f 1597/7 1601/7 1604/7 1600/7
f 1598/7 1599/7 1603/7 1602/7
f 1597/7 1598/7 1602/7 1601/7
f 1600/7 1604/7 1603/7 1599/7
f 1629/7 1632/7 1631/7 1630/7
f 1633/7 1634/7 1635/7 1636/7
f 1629/7 1633/7 1636/7 1632/7
f 1630/7 1631/7 1635/7 1634/7
f 1629/7 1630/7 1634/7 1633/7
f 1632/7 1636/7 1635/7 1631/7
f 1671/7 1674/7 1673/7 1672/7
f 1675/7 1676/7 1677/7 1678/7
f 1671/7 1675/7 1678/7 1674/7
f 1672/7 1673/7 1677/7 1676/7
f 1671/7 1672/7 1676/7 1675/7
f 1674/7 1678/7 1677/7 1673/7
f 1703/7 1706/7 1705/7 1704/7
f 1707/7 1708/7 1709/7 1710/7
f 1703/7 1707/7 1710/7 1706/7
f 1704/7 1705/7 1709/7 1708/7
f 1703/7 1704/7 1708/7 1707/7
f 1706/7 1710/7 1709/7 1705/7
f 1745/7 1748/7 1747/7 1746/7
f 1749/7 1750/7 1751/7 1752/7
f 1745/7 1749/7 1752/7 1748/7
f 1746/7 1747/7 1751/7 1750/7
f 1745/7 1746/7 1750/7 1749/7
f 1748/7 1752/7 1751/7 1747/7
f 1777/7 1780/7 1779/7 1778/7
f 1781/7 1782/7 1783/7 1784/7
f 1777/7 1781/7 1784/7 1780/7
f 1778/7 1779/7 1783/7 1782/7
f 1777/7 1778/7 1782/7 1781/7
f 1780/7 1784/7 1783/7 1779/7
f 1819/7 1822/7 1821/7 1820/7
f 1823/7 1824/7 1825/7 1826/7
f 1819/7 1823/7 1826/7 1822/7
f 1820/7 1821/7 1825/7 1824/7
f 1819/7 1820/7 1824/7 1823/7
f 1822/7 1826/7 1825/7 1821/7
f 1851/7 1854/7 1853/7 1852/7
f 1855/7 1856/7 1857/7 1858/7
f 1851/7 1855/7 1858/7 1854/7
f 1852/7 1853/7 1857/7 1856/7
f 1851/7 1852/7 1856/7 1855/7
f 1854/7 1858/7 1857/7 1853/7
f 1893/7 1896/7 1895/7 1894/7
f 1897/7 1898/7 1899/7 1900/7
f 1893/7 1897/7 1900/7 1896/7
f 1894/7 1895/7 1899/7 1898/7
f 1893/7 1894/7 1898/7 1897/7
f 1896/7 1900/7 1899/7 1895/7
f 1925/7 1928/7 1927/7 1926/7
f 1929/7 1930/7 1931/7 1932/7
f 1925/7 1929/7 1932/7 1928/7
f 1926/7 1927/7 1931/7 1930/7
f 1925/7 1926/7 1930/7 1929/7
f 1928/7 1932/7 1931/7 1927/7
f 1967/7 1970/7 1969/7 1968/7
f 1971/7 1972/7 1973/7 1974/7
f 1967/7 1971/7 1974/7 1970/7
f 1968/7 1969/7 1973/7 1972/7
f 1967/7 1968/7 1972/7 1971/7
f 1970/7 1974/7 1973/7 1969/7
f 1999/7 2002/7 2001/7 2000/7
f 2003/7 2004/7 2005/7 2006/7
f 1999/7 2003/7 2006/7 2002/7
f 2000/7 2001/7 2005/7 2004/7
f 1999/7 2000/7 2004/7 2003/7
f 2002/7 2006/7 2005/7 2001/7
f 2041/7 2044/7 2043/7 2042/7
f 2045/7 2046/7 2047/7 2048/7
f 2041/7 2045/7 2048/7 2044/7
f 2042/7 2043/7 2047/7 2046/7
f 2041/7 2042/7 2046/7 2045/7
f 2044/7 2048/7 2047/7 2043/7
f 2073/7 2076/7 2075/7 2074/7
f 2077/7 2078/7 2079/7 2080/7
f 2073/7 2077/7 2080/7 2076/7
f 2074/7 2075/7 2079/7 2078/7
f 2073/7 2074/7 2078/7 2077/7
f 2076/7 2080/7 2079/7 2075/7
f 2115/7 2118/7 2117/7 2116/7
f 2119/7 2120/7 2121/7 2122/7
f 2115/7 2119/7 2122/7 2118/7
f 2116/7 2117/7 2121/7 2120/7
f 2115/7 2116/7 2120/7 2119/7
f 2118/7 2122/7 2121/7 2117/7
f 2147/7 2150/7 2149/7 2148/7
f 2151/7 2152/7 2153/7 2154/7
f 2147/7 2151/7 2154/7 2150/7
f 2148/7 2149/7 2153/7 2152/7
f 2147/7 2148/7 2152/7 2151/7
f 2150/7 2154/7 2153/7 2149/7
f 2189/7 2192/7 2191/7 2190/7
f 2193/7 2194/7 2195/7 2196/7
f 2189/7 2193/7 2196/7 2192/7
f 2190/7 2191/7 2195/7 2194/7
f 2189/7 2190/7 2194/7 2193/7
f 2192/7 2196/7 2195/7 2191/7
f 2221/7 2224/7 2223/7 2222/7
f 2225/7 2226/7 2227/7 2228/7
f 2221/7 2225/7 2228/7 2224/7
f 2222/7 2223/7 2227/7 2226/7
f 2221/7 2222/7 2226/7 2225/7
f 2224/7 2228/7 2227/7 2223/7
f 2263/7 2266/7 2265/7 2264/7
f 2267/7 2268/7 2269/7 2270/7
f 2263/7 2267/7 2270/7 2266/7
f 2264/7 2265/7 2269/7 2268/7
f 2263/7 2264/7 2268/7 2267/7
f 2266/7 2270/7 2269/7 2265/7
f 2295/7 2298/7 2297/7 2296/7
f 2299/7 2300/7 2301/7 2302/7
f 2295/7 2299/7 2302/7 2298/7
f 2296/7 2297/7 2301/7 2300/7
f 2295/7 2296/7 2300/7 2299/7
f 2298/7 2302/7 2301/7 2297/7
f 2337/7 2340/7 2339/7 2338/7
f 2341/7 2342/7 2343/7 2344/7
f 2337/7 2341/7 2344/7 2340/7
f 2338/7 2339/7 2343/7 2342/7
f 2337/7 2338/7 2342/7 2341/7
f 2340/7 2344/7 2343/7 2339/7
f 2369/7 2372/7 2371/7 2370/7
f 2373/7 2374/7 2375/7 2376/7
f 2369/7 2373/7 2376/7 2372/7
f 2370/7 2371/7 2375/7 2374/7
f 2369/7 2370/7 2374/7 2373/7
f 2372/7 2376/7 2375/7 2371/7
f 2411/7 2414/7 2413/7 2412/7
f 2415/7 2416/7 2417/7 2418/7
f 2411/7 2415/7 2418/7 2414/7
f 2412/7 2413/7 2417/7 2416/7
f 2411/7 2412/7 2416/7 2415/7
f 2414/7 2418/7 2417/7 2413/7
f 2443/7 2446/7 2445/7 2444/7
f 2447/7 2448/7 2449/7 2450/7
f 2443/7 2447/7 2450/7 2446/7
f 2444/7 2445/7 2449/7 2448/7
f 2443/7 2444/7 2448/7 2447/7
f 2446/7 2450/7 2449/7 2445/7
f 2485/7 2488/7 2487/7 2486/7
f 2489/7 2490/7 2491/7 2492/7
f 2485/7 2489/7 2492/7 2488/7
f 2486/7 2487/7 2491/7 2490/7
f 2485/7 2486/7 2490/7 2489/7
f 2488/7 2492/7 2491/7 2487/7
f 2517/7 2520/7 2519/7 2518/7
f 2521/7 2522/7 2523/7 2524/7
f 2517/7 2521/7 2524/7 2520/7
f 2518/7 2519/7 2523/7 2522/7
f 2517/7 2518/7 2522/7 2521/7
f 2520/7 2524/7 2523/7 2519/7
f 2559/7 2562/7 2561/7 2560/7
f 2563/7 2564/7 2565/7 2566/7
f 2559/7 2563/7 2566/7 2562/7
f 2560/7 2561/7 2565/7 2564/7
f 2559/7 2560/7 2564/7 2563/7
f 2562/7 2566/7 2565/7 2561/7
f 2591/7 2594/7 2593/7 2592/7
f 2595/7 2596/7 2597/7 2598/7
f 2591/7 2595/7 2598/7 2594/7
f 2592/7 2593/7 2597/7 2596/7
f 2591/7 2592/7 2596/7 2595/7
f 2594/7 2598/7 2597/7 2593/7
f 2633/7 2636/7 2635/7 2634/7
f 2637/7 2638/7 2639/7 2640/7
f 2633/7 2637/7 2640/7 2636/7
f 2634/7 2635/7 2639/7 2638/7
f 2633/7 2634/7 2638/7 2637/7
f 2636/7 2640/7 2639/7 2635/7
f 2665/7 2668/7 2667/7 2666/7
f 2669/7 2670/7 2671/7 2672/7
f 2665/7 2669/7 2672/7 2668/7
f 2666/7 2667/7 2671/7 2670/7
f 2665/7 2666/7 2670/7 2669/7
f 2668/7 2672/7 2671/7 2667/7
f 2707/7 2710/7 2709/7 2708/7
f 2711/7 2712/7 2713/7 2714/7
f 2707/7 2711/7 2714/7 2710/7
f 2708/7 2709/7 2713/7 2712/7
f 2707/7 2708/7 2712/7 2711/7
f 2710/7 2714/7 2713/7 2709/7
f 2739/7 2742/7 2741/7 2740/7
f 2743/7 2744/7 2745/7 2746/7
f 2739/7 2743/7 2746/7 2742/7
f 2740/7 2741/7 2745/7 2744/7
f 2739/7 2740/7 2744/7 2743/7
f 2742/7 2746/7 2745/7 2741/7
f 2781/7 2784/7 2783/7 2782/7
f 2785/7 2786/7 2787/7 2788/7
f 2781/7 2785/7 2788/7 2784/7
f 2782/7 2783/7 2787/7 2786/7
f 2781/7 2782/7 2786/7 2785/7
f 2784/7 2788/7 2787/7 2783/7
f 2813/7 2816/7 2815/7 2814/7
f 2817/7 2818/7 2819/7 2820/7
f 2813/7 2817/7 2820/7 2816/7
f 2814/7 2815/7 2819/7 2818/7
f 2813/7 2814/7 2818/7 2817/7
f 2816/7 2820/7 2819/7 2815/7
f 2855/7 2858/7 2857/7 2856/7
f 2859/7 2860/7 2861/7 2862/7
f 2855/7 2859/7 2862/7 2858/7
f 2856/7 2857/7 2861/7 2860/7
f 2855/7 2856/7 2860/7 2859/7
f 2858/7 2862/7 2861/7 2857/7
f 2887/7 2890/7 2889/7 2888/7
f 2891/7 2892/7 2893/7 2894/7
f 2887/7 2891/7 2894/7 2890/7
f 2888/7 2889/7 2893/7 2892/7
f 2887/7 2888/7 2892/7 2891/7
f 2890/7 2894/7 2893/7 2889/7
f 2929/7 2932/7 2931/7 2930/7
f 2933/7 2934/7 2935/7 2936/7
f 2929/7 2933/7 2936/7 2932/7
f 2930/7 2931/7 2935/7 2934/7
f 2929/7 2930/7 2934/7 2933/7
f 2932/7 2936/7 2935/7 2931/7
f 2961/7 2964/7 2963/7 2962/7
f 2965/7 2966/7 2967/7 2968/7
f 2961/7 2965/7 2968/7 2964/7
f 2962/7 2963/7 2967/7 2966/7
f 2961/7 2962/7 2966/7 2965/7
f 2964/7 2968/7 2967/7 2963/7
f 3003/7 3006/7 3005/7 3004/7
f 3007/7 3008/7 3009/7 3010/7
f 3003/7 3007/7 3010/7 3006/7
f 3004/7 3005/7 3009/7 3008/7
f 3003/7 3004/7 3008/7 3007/7
f 3006/7 3010/7 3009/7 3005/7
f 3035/7 3038/7 3037/7 3036/7
f 3039/7 3040/7 3041/7 3042/7
f 3035/7 3039/7 3042/7 3038/7
f 3036/7 3037/7 3041/7 3040/7
f 3035/7 3036/7 3040/7 3039/7
f 3038/7 3042/7 3041/7 3037/7
f 3077/7 3080/7 3079/7 3078/7
f 3081/7 3082/7 3083/7 3084/7
f 3077/7 3081/7 3084/7 3080/7
f 3078/7 3079/7 3083/7 3082/7
f 3077/7 3078/7 3082/7 3081/7
f 3080/7 3084/7 3083/7 3079/7
f 3109/7 3112/7 3111/7 3110/7
f 3113/7 3114/7 3115/7 3116/7
f 3109/7 3113/7 3116/7 3112/7
f 3110/7 3111/7 3115/7 3114/7
f 3109/7 3110/7 3114/7 3113/7
f 3112/7 3116/7 3115/7 3111/7
f 3151/7 3154/7 3153/7 3152/7
f 3155/7 3156/7 3157/7 3158/7
f 3151/7 3155/7 3158/7 3154/7
f 3152/7 3153/7 3157/7 3156/7
f 3151/7 3152/7 3156/7 3155/7
f 3154/7 3158/7 3157/7 3153/7
f 3183/7 3186/7 3185/7 3184/7
f 3187/7 3188/7 3189/7 3190/7
f 3183/7 3187/7 3190/7 3186/7
f 3184/7 3185/7 3189/7 3188/7
f 3183/7 3184/7 3188/7 3187/7
f 3186/7 3190/7 3189/7 3185/7
f 3225/7 3228/7 3227/7 3226/7
f 3229/7 3230/7 3231/7 3232/7
f 3225/7 3229/7 3232/7 3228/7
f 3226/7 3227/7 3231/7 3230/7
f 3225/7 3226/7 3230/7 3229/7
f 3228/7 3232/7 3231/7 3227/7
f 3257/7 3260/7 3259/7 3258/7
f 3261/7 3262/7 3263/7 3264/7
f 3257/7 3261/7 3264/7 3260/7
f 3258/7 3259/7 3263/7 3262/7
f 3257/7 3258/7 3262/7 3261/7
f 3260/7 3264/7 3263/7 3259/7
f 3299/7 3302/7 3301/7 3300/7
f 3303/7 3304/7 3305/7 3306/7
f 3299/7 3303/7 3306/7 3302/7
f 3300/7 3301/7 3305/7 3304/7
f 3299/7 3300/7 3304/7 3303/7
f 3302/7 3306/7 3305/7 3301/7
f 3331/7 3334/7 3333/7 3332/7
f 3335/7 3336/7 3337/7 3338/7
f 3331/7 3335/7 3338/7 3334/7
f 3332/7 3333/7 3337/7 3336/7
f 3331/7 3332/7 3336/7 3335/7
f 3334/7 3338/7 3337/7 3333/7
f 3373/7 3376/7 3375/7 3374/7
f 3377/7 3378/7 3379/7 3380/7
f 3373/7 3377/7 3380/7 3376/7
f 3374/7 3375/7 3379/7 3378/7
f 3373/7 3374/7 3378/7 3377/7
f 3376/7 3380/7 3379/7 3375/7
f 3405/7 3408/7 3407/7 3406/7
f 3409/7 3410/7 3411/7 3412/7
f 3405/7 3409/7 3412/7 3408/7
f 3406/7 3407/7 3411/7 3410/7
f 3405/7 3406/7 3410/7 3409/7
f 3408/7 3412/7 3411/7 3407/7
f 3447/7 3450/7 3449/7 3448/7
f 3451/7 3452/7 3453/7 3454/7
f 3447/7 3451/7 3454/7 3450/7
f 3448/7 3449/7 3453/7 3452/7
f 3447/7 3448/7 3452/7 3451/7
f 3450/7 3454/7 3453/7 3449/7
f 3479/7 3482/7 3481/7 3480/7
f 3483/7 3484/7 3485/7 3486/7
f 3479/7 3483/7 3486/7 3482/7
f 3480/7 3481/7 3485/7 3484/7
f 3479/7 3480/7 3484/7 3483/7
f 3482/7 3486/7 3485/7 3481/7
f 3521/7 3524/7 3523/7 3522/7
f 3525/7 3526/7 3527/7 3528/7
f 3521/7 3525/7 3528/7 3524/7
f 3522/7 3523/7 3527/7 3526/7
f 3521/7 3522/7 3526/7 3525/7
f 3524/7 3528/7 3527/7 3523/7
f 3553/7 3556/7 3555/7 3554/7
f 3557/7 3558/7 3559/7 3560/7
f 3553/7 3557/7 3560/7 3556/7
f 3554/7 3555/7 3559/7 3558/7
f 3553/7 3554/7 3558/7 3557/7
f 3556/7 3560/7 3559/7 3555/7
f 3595/7 3598/7 3597/7 3596/7
f 3599/7 3600/7 3601/7 3602/7
f 3595/7 3599/7 3602/7 3598/7
f 3596/7 3597/7 3601/7 3600/7
f 3595/7 3596/7 3600/7 3599/7
f 3598/7 3602/7 3601/7 3597/7
f 3627/7 3630/7 3629/7 3628/7
f 3631/7 3632/7 3633/7 3634/7
f 3627/7 3631/7 3634/7 3630/7
f 3628/7 3629/7 3633/7 3632/7
f 3627/7 3628/7 3632/7 3631/7
f 3630/7 3634/7 3633/7 3629/7
f 3669/7 3672/7 3671/7 3670/7
f 3673/7 3674/7 3675/7 3676/7
f 3669/7 3673/7 3676/7 3672/7
f 3670/7 3671/7 3675/7 3674/7
f 3669/7 3670/7 3674/7 3673/7
f 3672/7 3676/7 3675/7 3671/7
usemtl coral
f 9/2 10/2 15/2 14/2
f 19/2 10/2 9/2
f 20/2 14/2 15/2
f 10/2 11/2 16/2 15/2
f 19/2 11/2 10/2
f 20/2 15/2 16/2
f 11/2 12/2 17/2 16/2
f 19/2 12/2 11/2
f 20/2 16/2 17/2
f 12/2 13/2 18/2 17/2
f 19/2 13/2 12/2
f 20/2 17/2 18/2
f 13/2 9/2 14/2 18/2
f 19/2 9/2 13/2
f 20/2 18/2 14/2
f 21/2 22/2 27/2 26/2
f 31/2 22/2 21/2
f 32/2 26/2 27/2
f 22/2 23/2 28/2 27/2
f 31/2 23/2 22/2
f 32/2 27/2 28/2
f 23/2 24/2 29/2 28/2
f 31/2 24/2 23/2
f 32/2 28/2 29/2
f 24/2 25/2 30/2 29/2
f 31/2 25/2 24/2
f 32/2 29/2 30/2
f 25/2 21/2 26/2 30/2
f 31/2 21/2 25/2
f 32/2 30/2 26/2
f 51/2 52/2 57/2 56/2
f 61/2 52/2 51/2
f 62/2 56/2 57/2
f 52/2 53/2 58/2 57/2
f 61/2 53/2 52/2
f 62/2 57/2 58/2
f 53/2 54/2 59/2 58/2
f 61/2 54/2 53/2
f 62/2 58/2 59/2
f 54/2 55/2 60/2 59/2
f 61/2 55/2 54/2
f 62/2 59/2 60/2
f 55/2 51/2 56/2 60/2
f 61/2 51/2 55/2
f 62/2 60/2 56/2
f 63/2 64/2 69/2 68/2
f 73/2 64/2 63/2
f 74/2 68/2 69/2
f 64/2 65/2 70/2 69/2
f 73/2 65/2 64/2
f 74/2 69/2 70/2
f 65/2 66/2 71/2 70/2
f 73/2 66/2 65/2
f 74/2 70/2 71/2
f 66/2 67/2 72/2 71/2
f 73/2 67/2 66/2
f 74/2 71/2 72/2
f 67/2 63/2 68/2 72/2
f 73/2 63/2 67/2
f 74/2 72/2 68/2
f 83/2 84/2 89/2 88/2
f 93/2 84/2 83/2
f 94/2 88/2 89/2
f 84/2 85/2 90/2 89/2
f 93/2 85/2 84/2
f 94/2 89/2 90/2
f 85/2 86/2 91/2 90/2
f 93/2 86/2 85/2
f 94/2 90/2 91/2
f 86/2 87/2 92/2 91/2
f 93/2 87/2 86/2
f 94/2 91/2 92/2
f 87/2 83/2 88/2 92/2
f 93/2 83/2 87/2
f 94/2 92/2 88/2
f 95/2 96/2 101/2 100/2
f 105/2 96/2 95/2
f 106/2 100/2 101/2
f 96/2 97/2 102/2 101/2
f 105/2 97/2 96/2
f 106/2 101/2 102/2
f 97/2 98/2 103/2 102/2
f 105/2 98/2 97/2
f 106/2 102/2 103/2
f 98/2 99/2 104/2 103/2
f 105/2 99/2 98/2
f 106/2 103/2 104/2
f 99/2 95/2 100/2 104/2
f 105/2 95/2 99/2
f 106/2 104/2 100/2
f 125/2 126/2 131/2 130/2
f 135/2 126/2 125/2
f 136/2 130/2 131/2
f 126/2 127/2 132/2 131/2
f 135/2 127/2 126/2
f 136/2 131/2 132/2
f 127/2 128/2 133/2 132/2
f 135/2 128/2 127/2
f 136/2 132/2 133/2
f 128/2 129/2 134/2 133/2
f 135/2 129/2 128/2
f 136/2 133/2 134/2
f 129/2 125/2 130/2 134/2
f 135/2 125/2 129/2
f 136/2 134/2 130/2
f 137/2 138/2 143/2 142/2
f 147/2 138/2 137/2
f 148/2 142/2 143/2
f 138/2 139/2 144/2 143/2
f 147/2 139/2 138/2
f 148/2 143/2 144/2
f 139/2 140/2 145/2 144/2
f 147/2 140/2 139/2
f 148/2 144/2 145/2
f 140/2 141/2 146/2 145/2
f 147/2 141/2 140/2
f 148/2 145/2 146/2
f 141/2 137/2 142/2 146/2
f 147/2 137/2 141/2
f 148/2 146/2 142/2
f 157/2 158/2 163/2 162/2
f 167/2 158/2 157/2
f 168/2 162/2 163/2
f 158/2 159/2 164/2 163/2
f 167/2 159/2 158/2
f 168/2 163/2 164/2
f 159/2 160/2 165/2 164/2
f 167/2 160/2 159/2
f 168/2 164/2 165/2
f 160/2 161/2 166/2 165/2
f 167/2 161/2 160/2
f 168/2 165/2 166/2
f 161/2 157/2 162/2 166/2
f 167/2 157/2 161/2
f 168/2 166/2 162/2
f 169/2 170/2 175/2 174/2
f 179/2 170/2 169/2
f 180/2 174/2 175/2
f 170/2 171/2 176/2 175/2
f 179/2 171/2 170/2
f 180/2 175/2 176/2
f 171/2 172/2 177/2 176/2
f 179/2 172/2 171/2
f 180/2 176/2 177/2
f 172/2 173/2 178/2 177/2
f 179/2 173/2 172/2
f 180/2 177/2 178/2
f 173/2 169/2 174/2 178/2
f 179/2 169/2 173/2
f 180/2 178/2 174/2
f 199/2 200/2 205/2 204/2
f 209/2 200/2 199/2
f 210/2 204/2 205/2
f 200/2 201/2 206/2 205/2
f 209/2 201/2 200/2
f 210/2 205/2 206/2
f 201/2 202/2 207/2 206/2
f 209/2 202/2 201/2
f 210/2 206/2 207/2
f 202/2 203/2 208/2 207/2
f 209/2 203/2 202/2
f 210/2 207/2 208/2
f 203/2 199/2 204/2 208/2
f 209/2 199/2 203/2
f 210/2 208/2 204/2
f 211/2 212/2 217/2 216/2
f 221/2 212/2 211/2
f 222/2 216/2 217/2
f 212/2 213/2 218/2 217/2
f 221/2 213/2 212/2
f 222/2 217/2 218/2
f 213/2 214/2 219/2 218/2
f 221/2 214/2 213/2
f 222/2 218/2 219/2
f 214/2 215/2 220/2 219/2
f 221/2 215/2 214/2
f 222/2 219/2 220/2
f 215/2 211/2 216/2 220/2
f 221/2 211/2 215/2
f 222/2 220/2 216/2
f 231/2 232/2 237/2 236/2
f 241/2 232/2 231/2
f 242/2 236/2 237/2
f 232/2 233/2 238/2 237/2
f 241/2 233/2 232/2
f 242/2 237/2 238/2
f 233/2 234/2 239/2 238/2
f 241/2 234/2 233/2
f 242/2 238/2 239/2
f 234/2 235/2 240/2 239/2
f 241/2 235/2 234/2
f 242/2 239/2 240/2
f 235/2 231/2 236/2 240/2
f 241/2 231/2 235/2
f 242/2 240/2 236/2
f 243/2 244/2 249/2 248/2
f 253/2 244/2 243/2
f 254/2 248/2 249/2
f 244/2 245/2 250/2 249/2
f 253/2 245/2 244/2
f 254/2 249/2 250/2
f 245/2 246/2 251/2 250/2
f 253/2 246/2 245/2
f 254/2 250/2 251/2
f 246/2 247/2 252/2 251/2
f 253/2 247/2 246/2
f 254/2 251/2 252/2
f 247/2 243/2 248/2 252/2
f 253/2 243/2 247/2
f 254/2 252/2 248/2
f 273/2 274/2 279/2 278/2
f 283/2 274/2 273/2
f 284/2 278/2 279/2
f 274/2 275/2 280/2 279/2
f 283/2 275/2 274/2
f 284/2 279/2 280/2
f 275/2 276/2 281/2 280/2
f 283/2 276/2 275/2
f 284/2 280/2 281/2
f 276/2 277/2 282/2 281/2
f 283/2 277/2 276/2
f 284/2 281/2 282/2
f 277/2 273/2 278/2 282/2
f 283/2 273/2 277/2
f 284/2 282/2 278/2
f 285/2 286/2 291/2 290/2
f 295/2 286/2 285/2
f 296/2 290/2 291/2
f 286/2 287/2 292/2 291/2
f 295/2 287/2 286/2
f 296/2 291/2 292/2
f 287/2 288/2 293/2 292/2
f 295/2 288/2 287/2
f 296/2 292/2 293/2
f 288/2 289/2 294/2 293/2
f 295/2 289/2 288/2
f 296/2 293/2 294/2
f 289/2 285/2 290/2 294/2
f 295/2 285/2 289/2
f 296/2 294/2 290/2
f 305/2 306/2 311/2 310/2
f 315/2 306/2 305/2
f 316/2 310/2 311/2
f 306/2 307/2 312/2 311/2
f 315/2 307/2 306/2
f 316/2 311/2 312/2
f 307/2 308/2 313/2 312/2
f 315/2 308/2 307/2
f 316/2 312/2 313/2
f 308/2 309/2 314/2 313/2
f 315/2 309/2 308/2
f 316/2 313/2 314/2
f 309/2 305/2 310/2 314/2
f 315/2 305/2 309/2
f 316/2 314/2 310/2
f 317/2 318/2 323/2 322/2
f 327/2 318/2 317/2
f 328/2 322/2 323/2
f 318/2 319/2 324/2 323/2
f 327/2 319/2 318/2
f 328/2 323/2 324/2
f 319/2 320/2 325/2 324/2
f 327/2 320/2 319/2
f 328/2 324/2 325/2
f 320/2 321/2 326/2 325/2
f 327/2 321/2 320/2
f 328/2 325/2 326/2
f 321/2 317/2 322/2 326/2
f 327/2 317/2 321/2
f 328/2 326/2 322/2
f 347/2 348/2 353/2 352/2
f 357/2 348/2 347/2
f 358/2 352/2 353/2
f 348/2 349/2 354/2 353/2
f 357/2 349/2 348/2
f 358/2 353/2 354/2
f 349/2 350/2 355/2 354/2
f 357/2 350/2 349/2
f 358/2 354/2 355/2
f 350/2 351/2 356/2 355/2
f 357/2 351/2 350/2
f 358/2 355/2 356/2
f 351/2 347/2 352/2 356/2
f 357/2 347/2 351/2
f 358/2 356/2 352/2
f 359/2 360/2 365/2 364/2
f 369/2 360/2 359/2
f 370/2 364/2 365/2
f 360/2 361/2 366/2 365/2
f 369/2 361/2 360/2
f 370/2 365/2 366/2
f 361/2 362/2 367/2 366/2
f 369/2 362/2 361/2
f 370/2 366/2 367/2
f 362/2 363/2 368/2 367/2
f 369/2 363/2 362/2
f 370/2 367/2 368/2
f 363/2 359/2 364/2 368/2
f 369/2 359/2 363/2
f 370/2 368/2 364/2
f 379/2 380/2 385/2 384/2
f 389/2 380/2 379/2
f 390/2 384/2 385/2
f 380/2 381/2 386/2 385/2
f 389/2 381/2 380/2
f 390/2 385/2 386/2
f 381/2 382/2 387/2 386/2
f 389/2 382/2 381/2
f 390/2 386/2 387/2
f 382/2 383/2 388/2 387/2
f 389/2 383/2 382/2
f 390/2 387/2 388/2
f 383/2 379/2 384/2 388/2
f 389/2 379/2 383/2
f 390/2 388/2 384/2
f 391/2 392/2 397/2 396/2
f 401/2 392/2 391/2
f 402/2 396/2 397/2
f 392/2 393/2 398/2 397/2
f 401/2 393/2 392/2
f 402/2 397/2 398/2
f 393/2 394/2 399/2 398/2
f 401/2 394/2 393/2
f 402/2 398/2 399/2
f 394/2 395/2 400/2 399/2
f 401/2 395/2 394/2
f 402/2 399/2 400/2
f 395/2 391/2 396/2 400/2
f 401/2 391/2 395/2
f 402/2 400/2 396/2
f 421/2 422/2 427/2 426/2
f 431/2 422/2 421/2
f 432/2 426/2 427/2
f 422/2 423/2 428/2 427/2
f 431/2 423/2 422/2
f 432/2 427/2 428/2
f 423/2 424/2 429/2 428/2
f 431/2 424/2 423/2
f 432/2 428/2 429/2
f 424/2 425/2 430/2 429/2
f 431/2 425/2 424/2
f 432/2 429/2 430/2
f 425/2 421/2 426/2 430/2
f 431/2 421/2 425/2
f 432/2 430/2 426/2
f 433/2 434/2 439/2 438/2
f 443/2 434/2 433/2
f 444/2 438/2 439/2
f 434/2 435/2 440/2 439/2
f 443/2 435/2 434/2
f 444/2 439/2 440/2
f 435/2 436/2 441/2 440/2
f 443/2 436/2 435/2
f 444/2 440/2 441/2
f 436/2 437/2 442/2 441/2
f 443/2 437/2 436/2
f 444/2 441/2 442/2
f 437/2 433/2 438/2 442/2
f 443/2 433/2 437/2
f 444/2 442/2 438/2
f 453/2 454/2 459/2 458/2
f 463/2 454/2 453/2
f 464/2 458/2 459/2
f 454/2 455/2 460/2 459/2
f 463/2 455/2 454/2
f 464/2 459/2 460/2
f 455/2 456/2 461/2 460/2
f 463/2 456/2 455/2
f 464/2 460/2 461/2
f 456/2 457/2 462/2 461/2
f 463/2 457/2 456/2
f 464/2 461/2 462/2
f 457/2 453/2 458/2 462/2
f 463/2 453/2 457/2
f 464/2 462/2 458/2
f 465/2 466/2 471/2 470/2
f 475/2 466/2 465/2
f 476/2 470/2 471/2
f 466/2 467/2 472/2 471/2
f 475/2 467/2 466/2
f 476/2 471/2 472/2
f 467/2 468/2 473/2 472/2
f 475/2 468/2 467/2
f 476/2 472/2 473/2
f 468/2 469/2 474/2 473/2
f 475/2 469/2 468/2
f 476/2 473/2 474/2
f 469/2 465/2 470/2 474/2
f 475/2 465/2 469/2
f 476/2 474/2 470/2
f 495/2 496/2 501/2 500/2
f 505/2 496/2 495/2
f 506/2 500/2 501/2
f 496/2 497/2 502/2 501/2
f 505/2 497/2 496/2
f 506/2 501/2 502/2
f 497/2 498/2 503/2 502/2
f 505/2 498/2 497/2
f 506/2 502/2 503/2
f 498/2 499/2 504/2 503/2
f 505/2 499/2 498/2
f 506/2 503/2 504/2
f 499/2 495/2 500/2 504/2
f 505/2 495/2 499/2
f 506/2 504/2 500/2
f 507/2 508/2 513/2 512/2
f 517/2 508/2 507/2
f 518/2 512/2 513/2
f 508/2 509/2 514/2 513/2
f 517/2 509/2 508/2
f 518/2 513/2 514/2
f 509/2 510/2 515/2 514/2
f 517/2 510/2 509/2
f 518/2 514/2 515/2
f 510/2 511/2 516/2 515/2
f 517/2 511/2 510/2
f 518/2 515/2 516/2
f 511/2 507/2 512/2 516/2
f 517/2 507/2 511/2
f 518/2 516/2 512/2
f 527/2 528/2 533/2 532/2
f 537/2 528/2 527/2
f 538/2 532/2 533/2
f 528/2 529/2 534/2 533/2
f 537/2 529/2 528/2
f 538/2 533/2 534/2
f 529/2 530/2 535/2 534/2
f 537/2 530/2 529/2
f 538/2 534/2 535/2
f 530/2 531/2 536/2 535/2
f 537/2 531/2 530/2
f 538/2 535/2 536/2
f 531/2 527/2 532/2 536/2
f 537/2 527/2 531/2
f 538/2 536/2 532/2
f 539/2 540/2 545/2 544/2
f 549/2 540/2 539/2
f 550/2 544/2 545/2
f 540/2 541/2 546/2 545/2
f 549/2 541/2 540/2
f 550/2 545/2 546/2
f 541/2 542/2 547/2 546/2
f 549/2 542/2 541/2
f 550/2 546/2 547/2
f 542/2 543/2 548/2 547/2
f 549/2 543/2 542/2
f 550/2 547/2 548/2
f 543/2 539/2 544/2 548/2
f 549/2 539/2 543/2
f 550/2 548/2 544/2
f 569/2 570/2 575/2 574/2
f 579/2 570/2 569/2
f 580/2 574/2 575/2
f 570/2 571/2 576/2 575/2
f 579/2 571/2 570/2
f 580/2 575/2 576/2
f 571/2 572/2 577/2 576/2
f 579/2 572/2 571/2
f 580/2 576/2 577/2
f 572/2 573/2 578/2 577/2
f 579/2 573/2 572/2
f 580/2 577/2 578/2
f 573/2 569/2 574/2 578/2
f 579/2 569/2 573/2
f 580/2 578/2 574/2
f 581/2 582/2 587/2 586/2
f 591/2 582/2 581/2
f 592/2 586/2 587/2
f 582/2 583/2 588/2 587/2
f 591/2 583/2 582/2
f 592/2 587/2 588/2
f 583/2 584/2 589/2 588/2
f 591/2 584/2 583/2
f 592/2 588/2 589/2
f 584/2 585/2 590/2 589/2
f 591/2 585/2 584/2
f 592/2 589/2 590/2
f 585/2 581/2 586/2 590/2
f 591/2 581/2 585/2
f 592/2 590/2 586/2
f 601/2 602/2 607/2 606/2
f 611/2 602/2 601/2
f 612/2 606/2 607/2
f 602/2 603/2 608/2 607/2
f 611/2 603/2 602/2
f 612/2 607/2 608/2
f 603/2 604/2 609/2 608/2
f 611/2 604/2 603/2
f 612/2 608/2 609/2
f 604/2 605/2 610/2 609/2
f 611/2 605/2 604/2
f 612/2 609/2 610/2
f 605/2 601/2 606/2 610/2
f 611/2 601/2 605/2
f 612/2 610/2 606/2
f 613/2 614/2 619/2 618/2
f 623/2 614/2 613/2
f 624/2 618/2 619/2
f 614/2 615/2 620/2 619/2
f 623/2 615/2 614/2
f 624/2 619/2 620/2
f 615/2 616/2 621/2 620/2
f 623/2 616/2 615/2
f 624/2 620/2 621/2
f 616/2 617/2 622/2 621/2
f 623/2 617/2 616/2
f 624/2 621/2 622/2
f 617/2 613/2 618/2 622/2
f 623/2 613/2 617/2
f 624/2 622/2 618/2
f 643/2 644/2 649/2 648/2
f 653/2 644/2 643/2
f 654/2 648/2 649/2
f 644/2 645/2 650/2 649/2
f 653/2 645/2 644/2
f 654/2 649/2 650/2
f 645/2 646/2 651/2 650/2
f 653/2 646/2 645/2
f 654/2 650/2 651/2
f 646/2 647/2 652/2 651/2
f 653/2 647/2 646/2
f 654/2 651/2 652/2
f 647/2 643/2 648/2 652/2
f 653/2 643/2 647/2
f 654/2 652/2 648/2
f 655/2 656/2 661/2 660/2
f 665/2 656/2 655/2
f 666/2 660/2 661/2
f 656/2 657/2 662/2 661/2
f 665/2 657/2 656/2
f 666/2 661/2 662/2
f 657/2 658/2 663/2 662/2
f 665/2 658/2 657/2
f 666/2 662/2 663/2
f 658/2 659/2 664/2 663/2
f 665/2 659/2 658/2
f 666/2 663/2 664/2
f 659/2 655/2 660/2 664/2
f 665/2 655/2 659/2
f 666/2 664/2 660/2
f 675/2 676/2 681/2 680/2
f 685/2 676/2 675/2
f 686/2 680/2 681/2
f 676/2 677/2 682/2 681/2
f 685/2 677/2 676/2
f 686/2 681/2 682/2
f 677/2 678/2 683/2 682/2
f 685/2 678/2 677/2
f 686/2 682/2 683/2
f 678/2 679/2 684/2 683/2
f 685/2 679/2 678/2
f 686/2 683/2 684/2
f 679/2 675/2 680/2 684/2
f 685/2 675/2 679/2
f 686/2 684/2 680/2
f 687/2 688/2 693/2 692/2
f 697/2 688/2 687/2
f 698/2 692/2 693/2
f 688/2 689/2 694/2 693/2
f 697/2 689/2 688/2
f 698/2 693/2 694/2
f 689/2 690/2 695/2 694/2
f 697/2 690/2 689/2
f 698/2 694/2 695/2
f 690/2 691/2 696/2 695/2
f 697/2 691/2 690/2
f 698/2 695/2 696/2
f 691/2 687/2 692/2 696/2
f 697/2 687/2 691/2
f 698/2 696/2 692/2
f 717/2 718/2 723/2 722/2
f 727/2 718/2 717/2
f 728/2 722/2 723/2
f 718/2 719/2 724/2 723/2
f 727/2 719/2 718/2
f 728/2 723/2 724/2
f 719/2 720/2 725/2 724/2
f 727/2 720/2 719/2
f 728/2 724/2 725/2
f 720/2 721/2 726/2 725/2
f 727/2 721/2 720/2
f 728/2 725/2 726/2
f 721/2 717/2 722/2 726/2
f 727/2 717/2 721/2
f 728/2 726/2 722/2
f 729/2 730/2 735/2 734/2
f 739/2 730/2 729/2
f 740/2 734/2 735/2
f 730/2 731/2 736/2 735/2
f 739/2 731/2 730/2
f 740/2 735/2 736/2
f 731/2 732/2 737/2 736/2
f 739/2 732/2 731/2
f 740/2 736/2 737/2
f 732/2 733/2 738/2 737/2
f 739/2 733/2 732/2
f 740/2 737/2 738/2
f 733/2 729/2 734/2 738/2
f 739/2 729/2 733/2
f 740/2 738/2 734/2
f 749/2 750/2 755/2 754/2
f 759/2 750/2 749/2
f 760/2 754/2 755/2
f 750/2 751/2 756/2 755/2
f 759/2 751/2 750/2
f 760/2 755/2 756/2
f 751/2 752/2 757/2 756/2
f 759/2 752/2 751/2
f 760/2 756/2 757/2
f 752/2 753/2 758/2 757/2
f 759/2 753/2 752/2
f 760/2 757/2 758/2
f 753/2 749/2 754/2 758/2
f 759/2 749/2 753/2
f 760/2 758/2 754/2
f 761/2 762/2 767/2 766/2
f 771/2 762/2 761/2
f 772/2 766/2 767/2
f 762/2 763/2 768/2 767/2
f 771/2 763/2 762/2
f 772/2 767/2 768/2
f 763/2 764/2 769/2 768/2
f 771/2 764/2 763/2
f 772/2 768/2 769/2
f 764/2 765/2 770/2 769/2
f 771/2 765/2 764/2
f 772/2 769/2 770/2
f 765/2 761/2 766/2 770/2
f 771/2 761/2 765/2
f 772/2 770/2 766/2
f 791/2 792/2 797/2 796/2
f 801/2 792/2 791/2
f 802/2 796/2 797/2
f 792/2 793/2 798/2 797/2
f 801/2 793/2 792/2
f 802/2 797/2 798/2
f 793/2 794/2 799/2 798/2
f 801/2 794/2 793/2
f 802/2 798/2 799/2
f 794/2 795/2 800/2 799/2
f 801/2 795/2 794/2
f 802/2 799/2 800/2
f 795/2 791/2 796/2 800/2
f 801/2 791/2 795/2
f 802/2 800/2 796/2
f 803/2 804/2 809/2 808/2
f 813/2 804/2 803/2
f 814/2 808/2 809/2
f 804/2 805/2 810/2 809/2
f 813/2 805/2 804/2
f 814/2 809/2 810/2
f 805/2 806/2 811/2 810/2
f 813/2 806/2 805/2
f 814/2 810/2 811/2
f 806/2 807/2 812/2 811/2
f 813/2 807/2 806/2
f 814/2 811/2 812/2
f 807/2 803/2 808/2 812/2
f 813/2 803/2 807/2
f 814/2 812/2 808/2
f 823/2 824/2 829/2 828/2
f 833/2 824/2 823/2
f 834/2 828/2 829/2
f 824/2 825/2 830/2 829/2
f 833/2 825/2 824/2
f 834/2 829/2 830/2
f 825/2 826/2 831/2 830/2
f 833/2 826/2 825/2
f 834/2 830/2 831/2
f 826/2 827/2 832/2 831/2
f 833/2 827/2 826/2
f 834/2 831/2 832/2
f 827/2 823/2 828/2 832/2
f 833/2 823/2 827/2
f 834/2 832/2 828/2
f 835/2 836/2 841/2 840/2
f 845/2 836/2 835/2
f 846/2 840/2 841/2
f 836/2 837/2 842/2 841/2
f 845/2 837/2 836/2
f 846/2 841/2 842/2
f 837/2 838/2 843/2 842/2
f 845/2 838/2 837/2
f 846/2 842/2 843/2
f 838/2 839/2 844/2 843/2
f 845/2 839/2 838/2
f 846/2 843/2 844/2
f 839/2 835/2 840/2 844/2
f 845/2 835/2 839/2
f 846/2 844/2 840/2
f 865/2 866/2 871/2 870/2
f 875/2 866/2 865/2
f 876/2 870/2 871/2
f 866/2 867/2 872/2 871/2
f 875/2 867/2 866/2
f 876/2 871/2 872/2
f 867/2 868/2 873/2 872/2
f 875/2 868/2 867/2
f 876/2 872/2 873/2
f 868/2 869/2 874/2 873/2
f 875/2 869/2 868/2
f 876/2 873/2 874/2
f 869/2 865/2 870/2 874/2
f 875/2 865/2 869/2
f 876/2 874/2 870/2
f 877/2 878/2 883/2 882/2
f 887/2 878/2 877/2
f 888/2 882/2 883/2
f 878/2 879/2 884/2 883/2
f 887/2 879/2 878/2
f 888/2 883/2 884/2
f 879/2 880/2 885/2 884/2
f 887/2 880/2 879/2
f 888/2 884/2 885/2
f 880/2 881/2 886/2 885/2
f 887/2 881/2 880/2
f 888/2 885/2 886/2
f 881/2 877/2 882/2 886/2
f 887/2 877/2 881/2
f 888/2 886/2 882/2
f 897/2 898/2 903/2 902/2
f 907/2 898/2 897/2
f 908/2 902/2 903/2
f 898/2 899/2 904/2 903/2
f 907/2 899/2 898/2
f 908/2 903/2 904/2
f 899/2 900/2 905/2 904/2
f 907/2 900/2 899/2
f 908/2 904/2 905/2
f 900/2 901/2 906/2 905/2
f 907/2 901/2 900/2
f 908/2 905/2 906/2
f 901/2 897/2 902/2 906/2
f 907/2 897/2 901/2
f 908/2 906/2 902/2
f 909/2 910/2 915/2 914/2
f 919/2 910/2 909/2
f 920/2 914/2 915/2
f 910/2 911/2 916/2 915/2
f 919/2 911/2 910/2
f 920/2 915/2 916/2
f 911/2 912/2 917/2 916/2
f 919/2 912/2 911/2
f 920/2 916/2 917/2
f 912/2 913/2 918/2 917/2
f 919/2 913/2 912/2
f 920/2 917/2 918/2
f 913/2 909/2 914/2 918/2
f 919/2 909/2 913/2
f 920/2 918/2 914/2
f 939/2 940/2 945/2 944/2
f 949/2 940/2 939/2
f 950/2 944/2 945/2
f 940/2 941/2 946/2 945/2
f 949/2 941/2 940/2
f 950/2 945/2 946/2
f 941/2 942/2 947/2 946/2
f 949/2 942/2 941/2
f 950/2 946/2 947/2
f 942/2 943/2 948/2 947/2
f 949/2 943/2 942/2
f 950/2 947/2 948/2
f 943/2 939/2 944/2 948/2
f 949/2 939/2 943/2
f 950/2 948/2 944/2
f 951/2 952/2 957/2 956/2
f 961/2 952/2 951/2
f 962/2 956/2 957/2
f 952/2 953/2 958/2 957/2
f 961/2 953/2 952/2
f 962/2 957/2 958/2
f 953/2 954/2 959/2 958/2
f 961/2 954/2 953/2
f 962/2 958/2 959/2
f 954/2 955/2 960/2 959/2
f 961/2 955/2 954/2
f 962/2 959/2 960/2
f 955/2 951/2 956/2 960/2
f 961/2 951/2 955/2
f 962/2 960/2 956/2
f 971/2 972/2 977/2 976/2
f 981/2 972/2 971/2
f 982/2 976/2 977/2
f 972/2 973/2 978/2 977/2
f 981/2 973/2 972/2
f 982/2 977/2 978/2
f 973/2 974/2 979/2 978/2
f 981/2 974/2 973/2
f 982/2 978/2 979/2
f 974/2 975/2 980/2 979/2
f 981/2 975/2 974/2
f 982/2 979/2 980/2
f 975/2 971/2 976/2 980/2
f 981/2 971/2 975/2
f 982/2 980/2 976/2
f 983/2 984/2 989/2 988/2
f 993/2 984/2 983/2
f 994/2 988/2 989/2
f 984/2 985/2 990/2 989/2
f 993/2 985/2 984/2
f 994/2 989/2 990/2
f 985/2 986/2 991/2 990/2
f 993/2 986/2 985/2
f 994/2 990/2 991/2
f 986/2 987/2 992/2 991/2
f 993/2 987/2 986/2
f 994/2 991/2 992/2
f 987/2 983/2 988/2 992/2
f 993/2 983/2 987/2
f 994/2 992/2 988/2
f 1013/2 1014/2 1019/2 1018/2
f 1023/2 1014/2 1013/2
f 1024/2 1018/2 1019/2
f 1014/2 1015/2 1020/2 1019/2
f 1023/2 1015/2 1014/2
f 1024/2 1019/2 1020/2
f 1015/2 1016/2 1021/2 1020/2
f 1023/2 1016/2 1015/2
f 1024/2 1020/2 1021/2
f 1016/2 1017/2 1022/2 1021/2
f 1023/2 1017/2 1016/2
f 1024/2 1021/2 1022/2
f 1017/2 1013/2 1018/2 1022/2
f 1023/2 1013/2 1017/2
f 1024/2 1022/2 1018/2
f 1025/2 1026/2 1031/2 1030/2
f 1035/2 1026/2 1025/2
f 1036/2 1030/2 1031/2
f 1026/2 1027/2 1032/2 1031/2
f 1035/2 1027/2 1026/2
f 1036/2 1031/2 1032/2
f 1027/2 1028/2 1033/2 1032/2
f 1035/2 1028/2 1027/2
f 1036/2 1032/2 1033/2
f 1028/2 1029/2 1034/2 1033/2
f 1035/2 1029/2 1028/2
f 1036/2 1033/2 1034/2
f 1029/2 1025/2 1030/2 1034/2
f 1035/2 1025/2 1029/2
f 1036/2 1034/2 1030/2
f 1045/2 1046/2 1051/2 1050/2
f 1055/2 1046/2 1045/2
f 1056/2 1050/2 1051/2
f 1046/2 1047/2 1052/2 1051/2
f 1055/2 1047/2 1046/2
f 1056/2 1051/2 1052/2
f 1047/2 1048/2 1053/2 1052/2
f 1055/2 1048/2 1047/2
f 1056/2 1052/2 1053/2
f 1048/2 1049/2 1054/2 1053/2
f 1055/2 1049/2 1048/2
f 1056/2 1053/2 1054/2
f 1049/2 1045/2 1050/2 1054/2
f 1055/2 1045/2 1049/2
f 1056/2 1054/2 1050/2
f 1057/2 1058/2 1063/2 1062/2
f 1067/2 1058/2 1057/2
f 1068/2 1062/2 1063/2
f 1058/2 1059/2 1064/2 1063/2
f 1067/2 1059/2 1058/2
f 1068/2 1063/2 1064/2
f 1059/2 1060/2 1065/2 1064/2
f 1067/2 1060/2 1059/2
f 1068/2 1064/2 1065/2
f 1060/2 1061/2 1066/2 1065/2
f 1067/2 1061/2 1060/2
f 1068/2 1065/2 1066/2
f 1061/2 1057/2 1062/2 1066/2
f 1067/2 1057/2 1061/2
f 1068/2 1066/2 1062/2
f 1087/2 1088/2 1093/2 1092/2
f 1097/2 1088/2 1087/2
f 1098/2 1092/2 1093/2
f 1088/2 1089/2 1094/2 1093/2
f 1097/2 1089/2 1088/2
f 1098/2 1093/2 1094/2
f 1089/2 1090/2 1095/2 1094/2
f 1097/2 1090/2 1089/2
f 1098/2 1094/2 1095/2
f 1090/2 1091/2 1096/2 1095/2
f 1097/2 1091/2 1090/2
f 1098/2 1095/2 1096/2
f 1091/2 1087/2 1092/2 1096/2
f 1097/2 1087/2 1091/2
f 1098/2 1096/2 1092/2
f 1099/2 1100/2 1105/2 1104/2
f 1109/2 1100/2 1099/2
f 1110/2 1104/2 1105/2
f 1100/2 1101/2 1106/2 1105/2
f 1109/2 1101/2 1100/2
f 1110/2 1105/2 1106/2
f 1101/2 1102/2 1107/2 1106/2
f 1109/2 1102/2 1101/2
f 1110/2 1106/2 1107/2
f 1102/2 1103/2 1108/2 1107/2
f 1109/2 1103/2 1102/2
f 1110/2 1107/2 1108/2
f 1103/2 1099/2 1104/2 1108/2
f 1109/2 1099/2 1103/2
f 1110/2 1108/2 1104/2
f 1119/2 1120/2 1125/2 1124/2
f 1129/2 1120/2 1119/2
f 1130/2 1124/2 1125/2
f 1120/2 1121/2 1126/2 1125/2
f 1129/2 1121/2 1120/2
f 1130/2 1125/2 1126/2
f 1121/2 1122/2 1127/2 1126/2
f 1129/2 1122/2 1121/2
f 1130/2 1126/2 1127/2
f 1122/2 1123/2 1128/2 1127/2
f 1129/2 1123/2 1122/2
f 1130/2 1127/2 1128/2
f 1123/2 1119/2 1124/2 1128/2
f 1129/2 1119/2 1123/2
f 1130/2 1128/2 1124/2
f 1131/2 1132/2 1137/2 1136/2
f 1141/2 1132/2 1131/2
f 1142/2 1136/2 1137/2
f 1132/2 1133/2 1138/2 1137/2
f 1141/2 1133/2 1132/2
f 1142/2 1137/2 1138/2
f 1133/2 1134/2 1139/2 1138/2
f 1141/2 1134/2 1133/2
f 1142/2 1138/2 1139/2
f 1134/2 1135/2 1140/2 1139/2
f 1141/2 1135/2 1134/2
f 1142/2 1139/2 1140/2
f 1135/2 1131/2 1136/2 1140/2
f 1141/2 1131/2 1135/2
f 1142/2 1140/2 1136/2
f 1161/2 1162/2 1167/2 1166/2
f 1171/2 1162/2 1161/2
f 1172/2 1166/2 1167/2
f 1162/2 1163/2 1168/2 1167/2
f 1171/2 1163/2 1162/2
f 1172/2 1167/2 1168/2
f 1163/2 1164/2 1169/2 1168/2
f 1171/2 1164/2 1163/2
f 1172/2 1168/2 1169/2
f 1164/2 1165/2 1170/2 1169/2
f 1171/2 1165/2 1164/2
f 1172/2 1169/2 1170/2
f 1165/2 1161/2 1166/2 1170/2
f 1171/2 1161/2 1165/2
f 1172/2 1170/2 1166/2
f 1173/2 1174/2 1179/2 1178/2
f 1183/2 1174/2 1173/2
f 1184/2 1178/2 1179/2
f 1174/2 1175/2 1180/2 1179/2
f 1183/2 1175/2 1174/2
f 1184/2 1179/2 1180/2
f 1175/2 1176/2 1181/2 1180/2
f 1183/2 1176/2 1175/2
f 1184/2 1180/2 1181/2
f 1176/2 1177/2 1182/2 1181/2
f 1183/2 1177/2 1176/2
f 1184/2 1181/2 1182/2
f 1177/2 1173/2 1178/2 1182/2
f 1183/2 1173/2 1177/2
f 1184/2 1182/2 1178/2
f 1193/2 1194/2 1199/2 1198/2
f 1203/2 1194/2 1193/2
f 1204/2 1198/2 1199/2
f 1194/2 1195/2 1200/2 1199/2
f 1203/2 1195/2 1194/2
f 1204/2 1199/2 1200/2
f 1195/2 1196/2 1201/2 1200/2
f 1203/2 1196/2 1195/2
f 1204/2 1200/2 1201/2
f 1196/2 1197/2 1202/2 1201/2
f 1203/2 1197/2 1196/2
f 1204/2 1201/2 1202/2
f 1197/2 1193/2 1198/2 1202/2
f 1203/2 1193/2 1197/2
f 1204/2 1202/2 1198/2
f 1205/2 1206/2 1211/2 1210/2
f 1215/2 1206/2 1205/2
f 1216/2 1210/2 1211/2
f 1206/2 1207/2 1212/2 1211/2
f 1215/2 1207/2 1206/2
f 1216/2 1211/2 1212/2
f 1207/2 1208/2 1213/2 1212/2
f 1215/2 1208/2 1207/2
f 1216/2 1212/2 1213/2
f 1208/2 1209/2 1214/2 1213/2
f 1215/2 1209/2 1208/2
f 1216/2 1213/2 1214/2
f 1209/2 1205/2 1210/2 1214/2
f 1215/2 1205/2 1209/2
f 1216/2 1214/2 1210/2
f 1235/2 1236/2 1241/2 1240/2
f 1245/2 1236/2 1235/2
f 1246/2 1240/2 1241/2
f 1236/2 1237/2 1242/2 1241/2
f 1245/2 1237/2 1236/2
f 1246/2 1241/2 1242/2
f 1237/2 1238/2 1243/2 1242/2
f 1245/2 1238/2 1237/2
f 1246/2 1242/2 1243/2
f 1238/2 1239/2 1244/2 1243/2
f 1245/2 1239/2 1238/2
f 1246/2 1243/2 1244/2
f 1239/2 1235/2 1240/2 1244/2
f 1245/2 1235/2 1239/2
f 1246/2 1244/2 1240/2
f 1247/2 1248/2 1253/2 1252/2
f 1257/2 1248/2 1247/2
f 1258/2 1252/2 1253/2
f 1248/2 1249/2 1254/2 1253/2
f 1257/2 1249/2 1248/2
f 1258/2 1253/2 1254/2
f 1249/2 1250/2 1255/2 1254/2
f 1257/2 1250/2 1249/2
f 1258/2 1254/2 1255/2
f 1250/2 1251/2 1256/2 1255/2
f 1257/2 1251/2 1250/2
f 1258/2 1255/2 1256/2
f 1251/2 1247/2 1252/2 1256/2
f 1257/2 1247/2 1251/2
f 1258/2 1256/2 1252/2
f 1267/2 1268/2 1273/2 1272/2
f 1277/2 1268/2 1267/2
f 1278/2 1272/2 1273/2
f 1268/2 1269/2 1274/2 1273/2
f 1277/2 1269/2 1268/2
f 1278/2 1273/2 1274/2
f 1269/2 1270/2 1275/2 1274/2
f 1277/2 1270/2 1269/2
f 1278/2 1274/2 1275/2
f 1270/2 1271/2 1276/2 1275/2
f 1277/2 1271/2 1270/2
f 1278/2 1275/2 1276/2
f 1271/2 1267/2 1272/2 1276/2
f 1277/2 1267/2 1271/2
f 1278/2 1276/2 1272/2
f 1279/2 1280/2 1285/2 1284/2
f 1289/2 1280/2 1279/2
f 1290/2 1284/2 1285/2
f 1280/2 1281/2 1286/2 1285/2
f 1289/2 1281/2 1280/2
f 1290/2 1285/2 1286/2
f 1281/2 1282/2 1287/2 1286/2
f 1289/2 1282/2 1281/2
f 1290/2 1286/2 1287/2
f 1282/2 1283/2 1288/2 1287/2
f 1289/2 1283/2 1282/2
f 1290/2 1287/2 1288/2
f 1283/2 1279/2 1284/2 1288/2
f 1289/2 1279/2 1283/2
f 1290/2 1288/2 1284/2
f 1309/2 1310/2 1315/2 1314/2
f 1319/2 1310/2 1309/2
f 1320/2 1314/2 1315/2
f 1310/2 1311/2 1316/2 1315/2
f 1319/2 1311/2 1310/2
f 1320/2 1315/2 1316/2
f 1311/2 1312/2 1317/2 1316/2
f 1319/2 1312/2 1311/2
f 1320/2 1316/2 1317/2
f 1312/2 1313/2 1318/2 1317/2
f 1319/2 1313/2 1312/2
f 1320/2 1317/2 1318/2
f 1313/2 1309/2 1314/2 1318/2
f 1319/2 1309/2 1313/2
f 1320/2 1318/2 1314/2
f 1321/2 1322/2 1327/2 1326/2
f 1331/2 1322/2 1321/2
f 1332/2 1326/2 1327/2
f 1322/2 1323/2 1328/2 1327/2
f 1331/2 1323/2 1322/2
f 1332/2 1327/2 1328/2
f 1323/2 1324/2 1329/2 1328/2
f 1331/2 1324/2 1323/2
f 1332/2 1328/2 1329/2
f 1324/2 1325/2 1330/2 1329/2
f 1331/2 1325/2 1324/2
f 1332/2 1329/2 1330/2
f 1325/2 1321/2 1326/2 1330/2
f 1331/2 1321/2 1325/2
f 1332/2 1330/2 1326/2
f 1341/2 1342/2 1347/2 1346/2
f 1351/2 1342/2 1341/2
f 1352/2 1346/2 1347/2
f 1342/2 1343/2 1348/2 1347/2
f 1351/2 1343/2 1342/2
f 1352/2 1347/2 1348/2
f 1343/2 1344/2 1349/2 1348/2
f 1351/2 1344/2 1343/2
f 1352/2 1348/2 1349/2
f 1344/2 1345/2 1350/2 1349/2
f 1351/2 1345/2 1344/2
f 1352/2 1349/2 1350/2
f 1345/2 1341/2 1346/2 1350/2
f 1351/2 1341/2 1345/2
f 1352/2 1350/2 1346/2
f 1353/2 1354/2 1359/2 1358/2
f 1363/2 1354/2 1353/2
f 1364/2 1358/2 1359/2
f 1354/2 1355/2 1360/2 1359/2
f 1363/2 1355/2 1354/2
f 1364/2 1359/2 1360/2
f 1355/2 1356/2 1361/2 1360/2
f 1363/2 1356/2 1355/2
f 1364/2 1360/2 1361/2
f 1356/2 1357/2 1362/2 1361/2
f 1363/2 1357/2 1356/2
f 1364/2 1361/2 1362/2
f 1357/2 1353/2 1358/2 1362/2
f 1363/2 1353/2 1357/2
f 1364/2 1362/2 1358/2
f 1383/2 1384/2 1389/2 1388/2
f 1393/2 1384/2 1383/2
f 1394/2 1388/2 1389/2
f 1384/2 1385/2 1390/2 1389/2
f 1393/2 1385/2 1384/2
f 1394/2 1389/2 1390/2
f 1385/2 1386/2 1391/2 1390/2
f 1393/2 1386/2 1385/2
f 1394/2 1390/2 1391/2
f 1386/2 1387/2 1392/2 1391/2
f 1393/2 1387/2 1386/2
f 1394/2 1391/2 1392/2
f 1387/2 1383/2 1388/2 1392/2
f 1393/2 1383/2 1387/2
f 1394/2 1392/2 1388/2
f 1395/2 1396/2 1401/2 1400/2
f 1405/2 1396/2 1395/2
f 1406/2 1400/2 1401/2
f 1396/2 1397/2 1402/2 1401/2
f 1405/2 1397/2 1396/2
f 1406/2 1401/2 1402/2
f 1397/2 1398/2 1403/2 1402/2
f 1405/2 1398/2 1397/2
f 1406/2 1402/2 1403/2
f 1398/2 1399/2 1404/2 1403/2
f 1405/2 1399/2 1398/2
f 1406/2 1403/2 1404/2
f 1399/2 1395/2 1400/2 1404/2
f 1405/2 1395/2 1399/2
f 1406/2 1404/2 1400/2
f 1415/2 1416/2 1421/2 1420/2
f 1425/2 1416/2 1415/2
f 1426/2 1420/2 1421/2
f 1416/2 1417/2 1422/2 1421/2
f 1425/2 1417/2 1416/2
f 1426/2 1421/2 1422/2
f 1417/2 1418/2 1423/2 1422/2
f 1425/2 1418/2 1417/2
f 1426/2 1422/2 1423/2
f 1418/2 1419/2 1424/2 1423/2
f 1425/2 1419/2 1418/2
f 1426/2 1423/2 1424/2
f 1419/2 1415/2 1420/2 1424/2
f 1425/2 1415/2 1419/2
f 1426/2 1424/2 1420/2
f 1427/2 1428/2 1433/2 1432/2
f 1437/2 1428/2 1427/2
f 1438/2 1432/2 1433/2
f 1428/2 1429/2 1434/2 1433/2
f 1437/2 1429/2 1428/2
f 1438/2 1433/2 1434/2
f 1429/2 1430/2 1435/2 1434/2
f 1437/2 1430/2 1429/2
f 1438/2 1434/2 1435/2
f 1430/2 1431/2 1436/2 1435/2
f 1437/2 1431/2 1430/2
f 1438/2 1435/2 1436/2
f 1431/2 1427/2 1432/2 1436/2
f 1437/2 1427/2 1431/2
f 1438/2 1436/2 1432/2
f 1457/2 1458/2 1463/2 1462/2
f 1467/2 1458/2 1457/2
f 1468/2 1462/2 1463/2
f 1458/2 1459/2 1464/2 1463/2
f 1467/2 1459/2 1458/2
f 1468/2 1463/2 1464/2
f 1459/2 1460/2 1465/2 1464/2
f 1467/2 1460/2 1459/2
f 1468/2 1464/2 1465/2
f 1460/2 1461/2 1466/2 1465/2
f 1467/2 1461/2 1460/2
f 1468/2 1465/2 1466/2
f 1461/2 1457/2 1462/2 1466/2
f 1467/2 1457/2 1461/2
f 1468/2 1466/2 1462/2
f 1469/2 1470/2 1475/2 1474/2
f 1479/2 1470/2 1469/2
f 1480/2 1474/2 1475/2
f 1470/2 1471/2 1476/2 1475/2
f 1479/2 1471/2 1470/2
f 1480/2 1475/2 1476/2
f 1471/2 1472/2 1477/2 1476/2
f 1479/2 1472/2 1471/2
f 1480/2 1476/2 1477/2
f 1472/2 1473/2 1478/2 1477/2
f 1479/2 1473/2 1472/2
f 1480/2 1477/2 1478/2
f 1473/2 1469/2 1474/2 1478/2
f 1479/2 1469/2 1473/2
f 1480/2 1478/2 1474/2
f 1489/2 1490/2 1495/2 1494/2
f 1499/2 1490/2 1489/2
f 1500/2 1494/2 1495/2
f 1490/2 1491/2 1496/2 1495/2
f 1499/2 1491/2 1490/2
f 1500/2 1495/2 1496/2
f 1491/2 1492/2 1497/2 1496/2
f 1499/2 1492/2 1491/2
f 1500/2 1496/2 1497/2
f 1492/2 1493/2 1498/2 1497/2
f 1499/2 1493/2 1492/2
f 1500/2 1497/2 1498/2
f 1493/2 1489/2 1494/2 1498/2
f 1499/2 1489/2 1493/2
f 1500/2 1498/2 1494/2
f 1501/2 1502/2 1507/2 1506/2
f 1511/2 1502/2 1501/2
f 1512/2 1506/2 1507/2
f 1502/2 1503/2 1508/2 1507/2
f 1511/2 1503/2 1502/2
f 1512/2 1507/2 1508/2
f 1503/2 1504/2 1509/2 1508/2
f 1511/2 1504/2 1503/2
f 1512/2 1508/2 1509/2
f 1504/2 1505/2 1510/2 1509/2
f 1511/2 1505/2 1504/2
f 1512/2 1509/2 1510/2
f 1505/2 1501/2 1506/2 1510/2
f 1511/2 1501/2 1505/2
f 1512/2 1510/2 1506/2
f 1531/2 1532/2 1537/2 1536/2
f 1541/2 1532/2 1531/2
f 1542/2 1536/2 1537/2
f 1532/2 1533/2 1538/2 1537/2
f 1541/2 1533/2 1532/2
f 1542/2 1537/2 1538/2
f 1533/2 1534/2 1539/2 1538/2
f 1541/2 1534/2 1533/2
f 1542/2 1538/2 1539/2
f 1534/2 1535/2 1540/2 1539/2
f 1541/2 1535/2 1534/2
f 1542/2 1539/2 1540/2
f 1535/2 1531/2 1536/2 1540/2
f 1541/2 1531/2 1535/2
f 1542/2 1540/2 1536/2
f 1543/2 1544/2 1549/2 1548/2
f 1553/2 1544/2 1543/2
f 1554/2 1548/2 1549/2
f 1544/2 1545/2 1550/2 1549/2
f 1553/2 1545/2 1544/2
f 1554/2 1549/2 1550/2
f 1545/2 1546/2 1551/2 1550/2
f 1553/2 1546/2 1545/2
f 1554/2 1550/2 1551/2
f 1546/2 1547/2 1552/2 1551/2
f 1553/2 1547/2 1546/2
f 1554/2 1551/2 1552/2
f 1547/2 1543/2 1548/2 1552/2
f 1553/2 1543/2 1547/2
f 1554/2 1552/2 1548/2
f 1563/2 1564/2 1569/2 1568/2
f 1573/2 1564/2 1563/2
f 1574/2 1568/2 1569/2
f 1564/2 1565/2 1570/2 1569/2
f 1573/2 1565/2 1564/2
f 1574/2 1569/2 1570/2
f 1565/2 1566/2 1571/2 1570/2
f 1573/2 1566/2 1565/2
f 1574/2 1570/2 1571/2
f 1566/2 1567/2 1572/2 1571/2
f 1573/2 1567/2 1566/2
f 1574/2 1571/2 1572/2
f 1567/2 1563/2 1568/2 1572/2
f 1573/2 1563/2 1567/2
f 1574/2 1572/2 1568/2
f 1575/2 1576/2 1581/2 1580/2
f 1585/2 1576/2 1575/2
f 1586/2 1580/2 1581/2
f 1576/2 1577/2 1582/2 1581/2
f 1585/2 1577/2 1576/2
f 1586/2 1581/2 1582/2
f 1577/2 1578/2 1583/2 1582/2
f 1585/2 1578/2 1577/2
f 1586/2 1582/2 1583/2
f 1578/2 1579/2 1584/2 1583/2
f 1585/2 1579/2 1578/2
f 1586/2 1583/2 1584/2
f 1579/2 1575/2 1580/2 1584/2
f 1585/2 1575/2 1579/2
f 1586/2 1584/2 1580/2
f 1605/2 1606/2 1611/2 1610/2
f 1615/2 1606/2 1605/2
f 1616/2 1610/2 1611/2
f 1606/2 1607/2 1612/2 1611/2
f 1615/2 1607/2 1606/2
f 1616/2 1611/2 1612/2
f 1607/2 1608/2 1613/2 1612/2
f 1615/2 1608/2 1607/2
f 1616/2 1612/2 1613/2
f 1608/2 1609/2 1614/2 1613/2
f 1615/2 1609/2 1608/2
f 1616/2 1613/2 1614/2
f 1609/2 1605/2 1610/2 1614/2
f 1615/2 1605/2 1609/2
f 1616/2 1614/2 1610/2
f 1617/2 1618/2 1623/2 1622/2
f 1627/2 1618/2 1617/2
f 1628/2 1622/2 1623/2
f 1618/2 1619/2 1624/2 1623/2
f 1627/2 1619/2 1618/2
f 1628/2 1623/2 1624/2
f 1619/2 1620/2 1625/2 1624/2
f 1627/2 1620/2 1619/2
f 1628/2 1624/2 1625/2
f 1620/2 1621/2 1626/2 1625/2
f 1627/2 1621/2 1620/2
f 1628/2 1625/2 1626/2
f 1621/2 1617/2 1622/2 1626/2
f 1627/2 1617/2 1621/2
f 1628/2 1626/2 1622/2
f 1637/2 1638/2 1643/2 1642/2
f 1647/2 1638/2 1637/2
f 1648/2 1642/2 1643/2
f 1638/2 1639/2 1644/2 1643/2
f 1647/2 1639/2 1638/2
f 1648/2 1643/2 1644/2
f 1639/2 1640/2 1645/2 1644/2
f 1647/2 1640/2 1639/2
f 1648/2 1644/2 1645/2
f 1640/2 1641/2 1646/2 1645/2
f 1647/2 1641/2 1640/2
f 1648/2 1645/2 1646/2
f 1641/2 1637/2 1642/2 1646/2
f 1647/2 1637/2 1641/2
f 1648/2 1646/2 1642/2
f 1649/2 1650/2 1655/2 1654/2
f 1659/2 1650/2 1649/2
f 1660/2 1654/2 1655/2
f 1650/2 1651/2 1656/2 1655/2
f 1659/2 1651/2 1650/2
f 1660/2 1655/2 1656/2
f 1651/2 1652/2 1657/2 1656/2
f 1659/2 1652/2 1651/2
f 1660/2 1656/2 1657/2
f 1652/2 1653/2 1658/2 1657/2
f 1659/2 1653/2 1652/2
f 1660/2 1657/2 1658/2
f 1653/2 1649/2 1654/2 1658/2
f 1659/2 1649/2 1653/2
f 1660/2 1658/2 1654/2
f 1679/2 1680/2 1685/2 1684/2
f 1689/2 1680/2 1679/2
f 1690/2 1684/2 1685/2
f 1680/2 1681/2 1686/2 1685/2
f 1689/2 1681/2 1680/2
f 1690/2 1685/2 1686/2
f 1681/2 1682/2 1687/2 1686/2
f 1689/2 1682/2 1681/2
f 1690/2 1686/2 1687/2
f 1682/2 1683/2 1688/2 1687/2
f 1689/2 1683/2 1682/2
f 1690/2 1687/2 1688/2
f 1683/2 1679/2 1684/2 1688/2
f 1689/2 1679/2 1683/2
f 1690/2 1688/2 1684/2
f 1691/2 1692/2 1697/2 1696/2
f 1701/2 1692/2 1691/2
f 1702/2 1696/2 1697/2
f 1692/2 1693/2 1698/2 1697/2
f 1701/2 1693/2 1692/2
f 1702/2 1697/2 1698/2
f 1693/2 1694/2 1699/2 1698/2
f 1701/2 1694/2 1693/2
f 1702/2 1698/2 1699/2
f 1694/2 1695/2 1700/2 1699/2
f 1701/2 1695/2 1694/2
f 1702/2 1699/2 1700/2
f 1695/2 1691/2 1696/2 1700/2
f 1701/2 1691/2 1695/2
f 1702/2 1700/2 1696/2
f 1711/2 1712/2 1717/2 1716/2
f 1721/2 1712/2 1711/2
f 1722/2 1716/2 1717/2
f 1712/2 1713/2 1718/2 1717/2
f 1721/2 1713/2 1712/2
f 1722/2 1717/2 1718/2
f 1713/2 1714/2 1719/2 1718/2
f 1721/2 1714/2 1713/2
f 1722/2 1718/2 1719/2
f 1714/2 1715/2 1720/2 1719/2
f 1721/2 1715/2 1714/2
f 1722/2 1719/2 1720/2
f 1715/2 1711/2 1716/2 1720/2
f 1721/2 1711/2 1715/2
f 1722/2 1720/2 1716/2
f 1723/2 1724/2 1729/2 1728/2
f 1733/2 1724/2 1723/2
f 1734/2 1728/2 1729/2
f 1724/2 1725/2 1730/2 1729/2
f 1733/2 1725/2 1724/2
f 1734/2 1729/2 1730/2
f 1725/2 1726/2 1731/2 1730/2
f 1733/2 1726/2 1725/2
f 1734/2 1730/2 1731/2
f 1726/2 1727/2 1732/2 1731/2
f 1733/2 1727/2 1726/2
f 1734/2 1731/2 1732/2
f 1727/2 1723/2 1728/2 1732/2
f 1733/2 1723/2 1727/2
f 1734/2 1732/2 1728/2
f 1753/2 1754/2 1759/2 1758/2
f 1763/2 1754/2 1753/2
f 1764/2 1758/2 1759/2
f 1754/2 1755/2 1760/2 1759/2
f 1763/2 1755/2 1754/2
f 1764/2 1759/2 1760/2
f 1755/2 1756/2 1761/2 1760/2
f 1763/2 1756/2 1755/2
f 1764/2 1760/2 1761/2
f 1756/2 1757/2 1762/2 1761/2
f 1763/2 1757/2 1756/2
f 1764/2 1761/2 1762/2
f 1757/2 1753/2 1758/2 1762/2
f 1763/2 1753/2 1757/2
f 1764/2 1762/2 1758/2
f 1765/2 1766/2 1771/2 1770/2
f 1775/2 1766/2 1765/2
f 1776/2 1770/2 1771/2
f 1766/2 1767/2 1772/2 1771/2
f 1775/2 1767/2 1766/2
f 1776/2 1771/2 1772/2
f 1767/2 1768/2 1773/2 1772/2
f 1775/2 1768/2 1767/2
f 1776/2 1772/2 1773/2
f 1768/2 1769/2 1774/2 1773/2
f 1775/2 1769/2 1768/2
f 1776/2 1773/2 1774/2
f 1769/2 1765/2 1770/2 1774/2
f 1775/2 1765/2 1769/2
f 1776/2 1774/2 1770/2
f 1785/2 1786/2 1791/2 1790/2
f 1795/2 1786/2 1785/2
f 1796/2 1790/2 1791/2
f 1786/2 1787/2 1792/2 1791/2
f 1795/2 1787/2 1786/2
f 1796/2 1791/2 1792/2
f 1787/2 1788/2 1793/2 1792/2
f 1795/2 1788/2 1787/2
f 1796/2 1792/2 1793/2
f 1788/2 1789/2 1794/2 1793/2
f 1795/2 1789/2 1788/2
f 1796/2 1793/2 1794/2
f 1789/2 1785/2 1790/2 1794/2
f 1795/2 1785/2 1789/2
f 1796/2 1794/2 1790/2
f 1797/2 1798/2 1803/2 1802/2
f 1807/2 1798/2 1797/2
f 1808/2 1802/2 1803/2
f 1798/2 1799/2 1804/2 1803/2
f 1807/2 1799/2 1798/2
f 1808/2 1803/2 1804/2
f 1799/2 1800/2 1805/2 1804/2
f 1807/2 1800/2 1799/2
f 1808/2 1804/2 1805/2
f 1800/2 1801/2 1806/2 1805/2
f 1807/2 1801/2 1800/2
f 1808/2 1805/2 1806/2
f 1801/2 1797/2 1802/2 1806/2
f 1807/2 1797/2 1801/2
f 1808/2 1806/2 1802/2
f 1827/2 1828/2 1833/2 1832/2
f 1837/2 1828/2 1827/2
f 1838/2 1832/2 1833/2
f 1828/2 1829/2 1834/2 1833/2
f 1837/2 1829/2 1828/2
f 1838/2 1833/2 1834/2
f 1829/2 1830/2 1835/2 1834/2
f 1837/2 1830/2 1829/2
f 1838/2 1834/2 1835/2
f 1830/2 1831/2 1836/2 1835/2
f 1837/2 1831/2 1830/2
f 1838/2 1835/2 1836/2
f 1831/2 1827/2 1832/2 1836/2
f 1837/2 1827/2 1831/2
f 1838/2 1836/2 1832/2
f 1839/2 1840/2 1845/2 1844/2
f 1849/2 1840/2 1839/2
f 1850/2 1844/2 1845/2
f 1840/2 1841/2 1846/2 1845/2
f 1849/2 1841/2 1840/2
f 1850/2 1845/2 1846/2
f 1841/2 1842/2 1847/2 1846/2
f 1849/2 1842/2 1841/2
f 1850/2 1846/2 1847/2
f 1842/2 1843/2 1848/2 1847/2
f 1849/2 1843/2 1842/2
f 1850/2 1847/2 1848/2
f 1843/2 1839/2 1844/2 1848/2
f 1849/2 1839/2 1843/2
f 1850/2 1848/2 1844/2
f 1859/2 1860/2 1865/2 1864/2
f 1869/2 1860/2 1859/2
f 1870/2 1864/2 1865/2
f 1860/2 1861/2 1866/2 1865/2
f 1869/2 1861/2 1860/2
f 1870/2 1865/2 1866/2
f 1861/2 1862/2 1867/2 1866/2
f 1869/2 1862/2 1861/2
f 1870/2 1866/2 1867/2
f 1862/2 1863/2 1868/2 1867/2
f 1869/2 1863/2 1862/2
f 1870/2 1867/2 1868/2
f 1863/2 1859/2 1864/2 1868/2
f 1869/2 1859/2 1863/2
f 1870/2 1868/2 1864/2
f 1871/2 1872/2 1877/2 1876/2
f 1881/2 1872/2 1871/2
f 1882/2 1876/2 1877/2
f 1872/2 1873/2 1878/2 1877/2
f 1881/2 1873/2 1872/2
f 1882/2 1877/2 1878/2
f 1873/2 1874/2 1879/2 1878/2
f 1881/2 1874/2 1873/2
f 1882/2 1878/2 1879/2
f 1874/2 1875/2 1880/2 1879/2
f 1881/2 1875/2 1874/2
f 1882/2 1879/2 1880/2
f 1875/2 1871/2 1876/2 1880/2
f 1881/2 1871/2 1875/2
f 1882/2 1880/2 1876/2
f 1901/2 1902/2 1907/2 1906/2
f 1911/2 1902/2 1901/2
f 1912/2 1906/2 1907/2
f 1902/2 1903/2 1908/2 1907/2
f 1911/2 1903/2 1902/2
f 1912/2 1907/2 1908/2
f 1903/2 1904/2 1909/2 1908/2
f 1911/2 1904/2 1903/2
f 1912/2 1908/2 1909/2
f 1904/2 1905/2 1910/2 1909/2
f 1911/2 1905/2 1904/2
f 1912/2 1909/2 1910/2
f 1905/2 1901/2 1906/2 1910/2
f 1911/2 1901/2 1905/2
f 1912/2 1910/2 1906/2
f 1913/2 1914/2 1919/2 1918/2
f 1923/2 1914/2 1913/2
f 1924/2 1918/2 1919/2
f 1914/2 1915/2 1920/2 1919/2
f 1923/2 1915/2 1914/2
f 1924/2 1919/2 1920/2
f 1915/2 1916/2 1921/2 1920/2
f 1923/2 1916/2 1915/2
f 1924/2 1920/2 1921/2
f 1916/2 1917/2 1922/2 1921/2
f 1923/2 1917/2 1916/2
f 1924/2 1921/2 1922/2
f 1917/2 1913/2 1918/2 1922/2
f 1923/2 1913/2 1917/2
f 1924/2 1922/2 1918/2
f 1933/2 1934/2 1939/2 1938/2
f 1943/2 1934/2 1933/2
f 1944/2 1938/2 1939/2
f 1934/2 1935/2 1940/2 1939/2
f 1943/2 1935/2 1934/2
f 1944/2 1939/2 1940/2
f 1935/2 1936/2 1941/2 1940/2
f 1943/2 1936/2 1935/2
f 1944/2 1940/2 1941/2
f 1936/2 1937/2 1942/2 1941/2
f 1943/2 1937/2 1936/2
f 1944/2 1941/2 1942/2
f 1937/2 1933/2 1938/2 1942/2
f 1943/2 1933/2 1937/2
f 1944/2 1942/2 1938/2
f 1945/2 1946/2 1951/2 1950/2
f 1955/2 1946/2 1945/2
f 1956/2 1950/2 1951/2
f 1946/2 1947/2 1952/2 1951/2
f 1955/2 1947/2 1946/2
f 1956/2 1951/2 1952/2
f 1947/2 1948/2 1953/2 1952/2
f 1955/2 1948/2 1947/2
f 1956/2 1952/2 1953/2
f 1948/2 1949/2 1954/2 1953/2
f 1955/2 1949/2 1948/2
f 1956/2 1953/2 1954/2
f 1949/2 1945/2 1950/2 1954/2
f 1955/2 1945/2 1949/2
f 1956/2 1954/2 1950/2
f 1975/2 1976/2 1981/2 1980/2
f 1985/2 1976/2 1975/2
f 1986/2 1980/2 1981/2
f 1976/2 1977/2 1982/2 1981/2
f 1985/2 1977/2 1976/2
f 1986/2 1981/2 1982/2
f 1977/2 1978/2 1983/2 1982/2
f 1985/2 1978/2 1977/2
f 1986/2 1982/2 1983/2
f 1978/2 1979/2 1984/2 1983/2
f 1985/2 1979/2 1978/2
f 1986/2 1983/2 1984/2
f 1979/2 1975/2 1980/2 1984/2
f 1985/2 1975/2 1979/2
f 1986/2 1984/2 1980/2
f 1987/2 1988/2 1993/2 1992/2
f 1997/2 1988/2 1987/2
f 1998/2 1992/2 1993/2
f 1988/2 1989/2 1994/2 1993/2
f 1997/2 1989/2 1988/2
f 1998/2 1993/2 1994/2
f 1989/2 1990/2 1995/2 1994/2
f 1997/2 1990/2 1989/2
f 1998/2 1994/2 1995/2
f 1990/2 1991/2 1996/2 1995/2
f 1997/2 1991/2 1990/2
f 1998/2 1995/2 1996/2
f 1991/2 1987/2 1992/2 1996/2
f 1997/2 1987/2 1991/2
f 1998/2 1996/2 1992/2
f 2007/2 2008/2 2013/2 2012/2
f 2017/2 2008/2 2007/2
f 2018/2 2012/2 2013/2
f 2008/2 2009/2 2014/2 2013/2
f 2017/2 2009/2 2008/2
f 2018/2 2013/2 2014/2
f 2009/2 2010/2 2015/2 2014/2
f 2017/2 2010/2 2009/2
f 2018/2 2014/2 2015/2
f 2010/2 2011/2 2016/2 2015/2
f 2017/2 2011/2 2010/2
f 2018/2 2015/2 2016/2
f 2011/2 2007/2 2012/2 2016/2
f 2017/2 2007/2 2011/2
f 2018/2 2016/2 2012/2
f 2019/2 2020/2 2025/2 2024/2
f 2029/2 2020/2 2019/2
f 2030/2 2024/2 2025/2
f 2020/2 2021/2 2026/2 2025/2
f 2029/2 2021/2 2020/2
f 2030/2 2025/2 2026/2
f 2021/2 2022/2 2027/2 2026/2
f 2029/2 2022/2 2021/2
f 2030/2 2026/2 2027/2
f 2022/2 2023/2 2028/2 2027/2
f 2029/2 2023/2 2022/2
f 2030/2 2027/2 2028/2
f 2023/2 2019/2 2024/2 2028/2
f 2029/2 2019/2 2023/2
f 2030/2 2028/2 2024/2
f 2049/2 2050/2 2055/2 2054/2
f 2059/2 2050/2 2049/2
f 2060/2 2054/2 2055/2
f 2050/2 2051/2 2056/2 2055/2
f 2059/2 2051/2 2050/2
f 2060/2 2055/2 2056/2
f 2051/2 2052/2 2057/2 2056/2
f 2059/2 2052/2 2051/2
f 2060/2 2056/2 2057/2
f 2052/2 2053/2 2058/2 2057/2
f 2059/2 2053/2 2052/2
f 2060/2 2057/2 2058/2
f 2053/2 2049/2 2054/2 2058/2
f 2059/2 2049/2 2053/2
f 2060/2 2058/2 2054/2
f 2061/2 2062/2 2067/2 2066/2
f 2071/2 2062/2 2061/2
f 2072/2 2066/2 2067/2
f 2062/2 2063/2 2068/2 2067/2
f 2071/2 2063/2 2062/2
f 2072/2 2067/2 2068/2
f 2063/2 2064/2 2069/2 2068/2
f 2071/2 2064/2 2063/2
f 2072/2 2068/2 2069/2
f 2064/2 2065/2 2070/2 2069/2
f 2071/2 2065/2 2064/2
f 2072/2 2069/2 2070/2
f 2065/2 2061/2 2066/2 2070/2
f 2071/2 2061/2 2065/2
f 2072/2 2070/2 2066/2
f 2081/2 2082/2 2087/2 2086/2
f 2091/2 2082/2 2081/2
f 2092/2 2086/2 2087/2
f 2082/2 2083/2 2088/2 2087/2
f 2091/2 2083/2 2082/2
f 2092/2 2087/2 2088/2
f 2083/2 2084/2 2089/2 2088/2
f 2091/2 2084/2 2083/2
f 2092/2 2088/2 2089/2
f 2084/2 2085/2 2090/2 2089/2
f 2091/2 2085/2 2084/2
f 2092/2 2089/2 2090/2
f 2085/2 2081/2 2086/2 2090/2
f 2091/2 2081/2 2085/2
f 2092/2 2090/2 2086/2
f 2093/2 2094/2 2099/2 2098/2
f 2103/2 2094/2 2093/2
f 2104/2 2098/2 2099/2
f 2094/2 2095/2 2100/2 2099/2
f 2103/2 2095/2 2094/2
f 2104/2 2099/2 2100/2
f 2095/2 2096/2 2101/2 2100/2
f 2103/2 2096/2 2095/2
f 2104/2 2100/2 2101/2
f 2096/2 2097/2 2102/2 2101/2
f 2103/2 2097/2 2096/2
f 2104/2 2101/2 2102/2
f 2097/2 2093/2 2098/2 2102/2
f 2103/2 2093/2 2097/2
f 2104/2 2102/2 2098/2
f 2123/2 2124/2 2129/2 2128/2
f 2133/2 2124/2 2123/2
f 2134/2 2128/2 2129/2
f 2124/2 2125/2 2130/2 2129/2
f 2133/2 2125/2 2124/2
f 2134/2 2129/2 2130/2
f 2125/2 2126/2 2131/2 2130/2
f 2133/2 2126/2 2125/2
f 2134/2 2130/2 2131/2
f 2126/2 2127/2 2132/2 2131/2
f 2133/2 2127/2 2126/2
f 2134/2 2131/2 2132/2
f 2127/2 2123/2 2128/2 2132/2
f 2133/2 2123/2 2127/2
f 2134/2 2132/2 2128/2
f 2135/2 2136/2 2141/2 2140/2
f 2145/2 2136/2 2135/2
f 2146/2 2140/2 2141/2
f 2136/2 2137/2 2142/2 2141/2
f 2145/2 2137/2 2136/2
f 2146/2 2141/2 2142/2
f 2137/2 2138/2 2143/2 2142/2
f 2145/2 2138/2 2137/2
f 2146/2 2142/2 2143/2
f 2138/2 2139/2 2144/2 2143/2
f 2145/2 2139/2 2138/2
f 2146/2 2143/2 2144/2
f 2139/2 2135/2 2140/2 2144/2
f 2145/2 2135/2 2139/2
f 2146/2 2144/2 2140/2
f 2155/2 2156/2 2161/2 2160/2
f 2165/2 2156/2 2155/2
f 2166/2 2160/2 2161/2
f 2156/2 2157/2 2162/2 2161/2
f 2165/2 2157/2 2156/2
f 2166/2 2161/2 2162/2
f 2157/2 2158/2 2163/2 2162/2
f 2165/2 2158/2 2157/2
f 2166/2 2162/2 2163/2
f 2158/2 2159/2 2164/2 2163/2
f 2165/2 2159/2 2158/2
f 2166/2 2163/2 2164/2
f 2159/2 2155/2 2160/2 2164/2
f 2165/2 2155/2 2159/2
f 2166/2 2164/2 2160/2
f 2167/2 2168/2 2173/2 2172/2
f 2177/2 2168/2 2167/2
f 2178/2 2172/2 2173/2
f 2168/2 2169/2 2174/2 2173/2
f 2177/2 2169/2 2168/2
f 2178/2 2173/2 2174/2
f 2169/2 2170/2 2175/2 2174/2
f 2177/2 2170/2 2169/2
f 2178/2 2174/2 2175/2
f 2170/2 2171/2 2176/2 2175/2
f 2177/2 2171/2 2170/2
f 2178/2 2175/2 2176/2
f 2171/2 2167/2 2172/2 2176/2
f 2177/2 2167/2 2171/2
f 2178/2 2176/2 2172/2
f 2197/2 2198/2 2203/2 2202/2
f 2207/2 2198/2 2197/2
f 2208/2 2202/2 2203/2
f 2198/2 2199/2 2204/2 2203/2
f 2207/2 2199/2 2198/2
f 2208/2 2203/2 2204/2
f 2199/2 2200/2 2205/2 2204/2
f 2207/2 2200/2 2199/2
f 2208/2 2204/2 2205/2
f 2200/2 2201/2 2206/2 2205/2
f 2207/2 2201/2 2200/2
f 2208/2 2205/2 2206/2
f 2201/2 2197/2 2202/2 2206/2
f 2207/2 2197/2 2201/2
f 2208/2 2206/2 2202/2
f 2209/2 2210/2 2215/2 2214/2
f 2219/2 2210/2 2209/2
f 2220/2 2214/2 2215/2
f 2210/2 2211/2 2216/2 2215/2
f 2219/2 2211/2 2210/2
f 2220/2 2215/2 2216/2
f 2211/2 2212/2 2217/2 2216/2
f 2219/2 2212/2 2211/2
f 2220/2 2216/2 2217/2
f 2212/2 2213/2 2218/2 2217/2
f 2219/2 2213/2 2212/2
f 2220/2 2217/2 2218/2
f 2213/2 2209/2 2214/2 2218/2
f 2219/2 2209/2 2213/2
f 2220/2 2218/2 2214/2
f 2229/2 2230/2 2235/2 2234/2
f 2239/2 2230/2 2229/2
f 2240/2 2234/2 2235/2
f 2230/2 2231/2 2236/2 2235/2
f 2239/2 2231/2 2230/2
f 2240/2 2235/2 2236/2
f 2231/2 2232/2 2237/2 2236/2
f 2239/2 2232/2 2231/2
f 2240/2 2236/2 2237/2
f 2232/2 2233/2 2238/2 2237/2
f 2239/2 2233/2 2232/2
f 2240/2 2237/2 2238/2
f 2233/2 2229/2 2234/2 2238/2
f 2239/2 2229/2 2233/2
f 2240/2 2238/2 2234/2
f 2241/2 2242/2 2247/2 2246/2
f 2251/2 2242/2 2241/2
f 2252/2 2246/2 2247/2
f 2242/2 2243/2 2248/2 2247/2
f 2251/2 2243/2 2242/2
f 2252/2 2247/2 2248/2
f 2243/2 2244/2 2249/2 2248/2
f 2251/2 2244/2 2243/2
f 2252/2 2248/2 2249/2
f 2244/2 2245/2 2250/2 2249/2
f 2251/2 2245/2 2244/2
f 2252/2 2249/2 2250/2
f 2245/2 2241/2 2246/2 2250/2
f 2251/2 2241/2 2245/2
f 2252/2 2250/2 2246/2
f 2271/2 2272/2 2277/2 2276/2
f 2281/2 2272/2 2271/2
f 2282/2 2276/2 2277/2
f 2272/2 2273/2 2278/2 2277/2
f 2281/2 2273/2 2272/2
f 2282/2 2277/2 2278/2
f 2273/2 2274/2 2279/2 2278/2
f 2281/2 2274/2 2273/2
f 2282/2 2278/2 2279/2
f 2274/2 2275/2 2280/2 2279/2
f 2281/2 2275/2 2274/2
f 2282/2 2279/2 2280/2
f 2275/2 2271/2 2276/2 2280/2
f 2281/2 2271/2 2275/2
f 2282/2 2280/2 2276/2
f 2283/2 2284/2 2289/2 2288/2
f 2293/2 2284/2 2283/2
f 2294/2 2288/2 2289/2
f 2284/2 2285/2 2290/2 2289/2
f 2293/2 2285/2 2284/2
f 2294/2 2289/2 2290/2
f 2285/2 2286/2 2291/2 2290/2
f 2293/2 2286/2 2285/2
f 2294/2 2290/2 2291/2
f 2286/2 2287/2 2292/2 2291/2
f 2293/2 2287/2 2286/2
f 2294/2 2291/2 2292/2
f 2287/2 2283/2 2288/2 2292/2
f 2293/2 2283/2 2287/2
f 2294/2 2292/2 2288/2
f 2303/2 2304/2 2309/2 2308/2
f 2313/2 2304/2 2303/2
f 2314/2 2308/2 2309/2
f 2304/2 2305/2 2310/2 2309/2
f 2313/2 2305/2 2304/2
f 2314/2 2309/2 2310/2
f 2305/2 2306/2 2311/2 2310/2
f 2313/2 2306/2 2305/2
f 2314/2 2310/2 2311/2
f 2306/2 2307/2 2312/2 2311/2
f 2313/2 2307/2 2306/2
f 2314/2 2311/2 2312/2
f 2307/2 2303/2 2308/2 2312/2
f 2313/2 2303/2 2307/2
f 2314/2 2312/2 2308/2
f 2315/2 2316/2 2321/2 2320/2
f 2325/2 2316/2 2315/2
f 2326/2 2320/2 2321/2
f 2316/2 2317/2 2322/2 2321/2
f 2325/2 2317/2 2316/2
f 2326/2 2321/2 2322/2
f 2317/2 2318/2 2323/2 2322/2
f 2325/2 2318/2 2317/2
f 2326/2 2322/2 2323/2
f 2318/2 2319/2 2324/2 2323/2
f 2325/2 2319/2 2318/2
f 2326/2 2323/2 2324/2
f 2319/2 2315/2 2320/2 2324/2
f 2325/2 2315/2 2319/2
f 2326/2 2324/2 2320/2
f 2345/2 2346/2 2351/2 2350/2
f 2355/2 2346/2 2345/2
f 2356/2 2350/2 2351/2
f 2346/2 2347/2 2352/2 2351/2
f 2355/2 2347/2 2346/2
f 2356/2 2351/2 2352/2
f 2347/2 2348/2 2353/2 2352/2
f 2355/2 2348/2 2347/2
f 2356/2 2352/2 2353/2
f 2348/2 2349/2 2354/2 2353/2
f 2355/2 2349/2 2348/2
f 2356/2 2353/2 2354/2
f 2349/2 2345/2 2350/2 2354/2
f 2355/2 2345/2 2349/2
f 2356/2 2354/2 2350/2
f 2357/2 2358/2 2363/2 2362/2
f 2367/2 2358/2 2357/2
f 2368/2 2362/2 2363/2
f 2358/2 2359/2 2364/2 2363/2
f 2367/2 2359/2 2358/2
f 2368/2 2363/2 2364/2
f 2359/2 2360/2 2365/2 2364/2
f 2367/2 2360/2 2359/2
f 2368/2 2364/2 2365/2
f 2360/2 2361/2 2366/2 2365/2
f 2367/2 2361/2 2360/2
f 2368/2 2365/2 2366/2
f 2361/2 2357/2 2362/2 2366/2
f 2367/2 2357/2 2361/2
f 2368/2 2366/2 2362/2
f 2377/2 2378/2 2383/2 2382/2
f 2387/2 2378/2 2377/2
f 2388/2 2382/2 2383/2
f 2378/2 2379/2 2384/2 2383/2
f 2387/2 2379/2 2378/2
f 2388/2 2383/2 2384/2
f 2379/2 2380/2 2385/2 2384/2
f 2387/2 2380/2 2379/2
f 2388/2 2384/2 2385/2
f 2380/2 2381/2 2386/2 2385/2
f 2387/2 2381/2 2380/2
f 2388/2 2385/2 2386/2
f 2381/2 2377/2 2382/2 2386/2
f 2387/2 2377/2 2381/2
f 2388/2 2386/2 2382/2
f 2389/2 2390/2 2395/2 2394/2
f 2399/2 2390/2 2389/2
f 2400/2 2394/2 2395/2
f 2390/2 2391/2 2396/2 2395/2
f 2399/2 2391/2 2390/2
f 2400/2 2395/2 2396/2
f 2391/2 2392/2 2397/2 2396/2
f 2399/2 2392/2 2391/2
f 2400/2 2396/2 2397/2
f 2392/2 2393/2 2398/2 2397/2
f 2399/2 2393/2 2392/2
f 2400/2 2397/2 2398/2
f 2393/2 2389/2 2394/2 2398/2
f 2399/2 2389/2 2393/2
f 2400/2 2398/2 2394/2
f 2419/2 2420/2 2425/2 2424/2
f 2429/2 2420/2 2419/2
f 2430/2 2424/2 2425/2
f 2420/2 2421/2 2426/2 2425/2
f 2429/2 2421/2 2420/2
f 2430/2 2425/2 2426/2
f 2421/2 2422/2 2427/2 2426/2
f 2429/2 2422/2 2421/2
f 2430/2 2426/2 2427/2
f 2422/2 2423/2 2428/2 2427/2
f 2429/2 2423/2 2422/2
f 2430/2 2427/2 2428/2
f 2423/2 2419/2 2424/2 2428/2
f 2429/2 2419/2 2423/2
f 2430/2 2428/2 2424/2
f 2431/2 2432/2 2437/2 2436/2
f 2441/2 2432/2 2431/2
f 2442/2 2436/2 2437/2
f 2432/2 2433/2 2438/2 2437/2
f 2441/2 2433/2 2432/2
f 2442/2 2437/2 2438/2
f 2433/2 2434/2 2439/2 2438/2
f 2441/2 2434/2 2433/2
f 2442/2 2438/2 2439/2
f 2434/2 2435/2 2440/2 2439/2
f 2441/2 2435/2 2434/2
f 2442/2 2439/2 2440/2
f 2435/2 2431/2 2436/2 2440/2
f 2441/2 2431/2 2435/2
f 2442/2 2440/2 2436/2
f 2451/2 2452/2 2457/2 2456/2
f 2461/2 2452/2 2451/2
f 2462/2 2456/2 2457/2
f 2452/2 2453/2 2458/2 2457/2
f 2461/2 2453/2 2452/2
f 2462/2 2457/2 2458/2
f 2453/2 2454/2 2459/2 2458/2
f 2461/2 2454/2 2453/2
f 2462/2 2458/2 2459/2
f 2454/2 2455/2 2460/2 2459/2
f 2461/2 2455/2 2454/2
f 2462/2 2459/2 2460/2
f 2455/2 2451/2 2456/2 2460/2
f 2461/2 2451/2 2455/2
f 2462/2 2460/2 2456/2
f 2463/2 2464/2 2469/2 2468/2
f 2473/2 2464/2 2463/2
f 2474/2 2468/2 2469/2
f 2464/2 2465/2 2470/2 2469/2
f 2473/2 2465/2 2464/2
f 2474/2 2469/2 2470/2
f 2465/2 2466/2 2471/2 2470/2
f 2473/2 2466/2 2465/2
f 2474/2 2470/2 2471/2
f 2466/2 2467/2 2472/2 2471/2
f 2473/2 2467/2 2466/2
f 2474/2 2471/2 2472/2
f 2467/2 2463/2 2468/2 2472/2
f 2473/2 2463/2 2467/2
f 2474/2 2472/2 2468/2
f 2493/2 2494/2 2499/2 2498/2
f 2503/2 2494/2 2493/2
f 2504/2 2498/2 2499/2
f 2494/2 2495/2 2500/2 2499/2
f 2503/2 2495/2 2494/2
f 2504/2 2499/2 2500/2
f 2495/2 2496/2 2501/2 2500/2
f 2503/2 2496/2 2495/2
f 2504/2 2500/2 2501/2
f 2496/2 2497/2 2502/2 2501/2
f 2503/2 2497/2 2496/2
f 2504/2 2501/2 2502/2
f 2497/2 2493/2 2498/2 2502/2
f 2503/2 2493/2 2497/2
f 2504/2 2502/2 2498/2
f 2505/2 2506/2 2511/2 2510/2
f 2515/2 2506/2 2505/2
f 2516/2 2510/2 2511/2
f 2506/2 2507/2 2512/2 2511/2
f 2515/2 2507/2 2506/2
f 2516/2 2511/2 2512/2
f 2507/2 2508/2 2513/2 2512/2
f 2515/2 2508/2 2507/2
f 2516/2 2512/2 2513/2
f 2508/2 2509/2 2514/2 2513/2
f 2515/2 2509/2 2508/2
f 2516/2 2513/2 2514/2
f 2509/2 2505/2 2510/2 2514/2
f 2515/2 2505/2 2509/2
f 2516/2 2514/2 2510/2
f 2525/2 2526/2 2531/2 2530/2
f 2535/2 2526/2 2525/2
f 2536/2 2530/2 2531/2
f 2526/2 2527/2 2532/2 2531/2
f 2535/2 2527/2 2526/2
f 2536/2 2531/2 2532/2
f 2527/2 2528/2 2533/2 2532/2
f 2535/2 2528/2 2527/2
f 2536/2 2532/2 2533/2
f 2528/2 2529/2 2534/2 2533/2
f 2535/2 2529/2 2528/2
f 2536/2 2533/2 2534/2
f 2529/2 2525/2 2530/2 2534/2
f 2535/2 2525/2 2529/2
f 2536/2 2534/2 2530/2
f 2537/2 2538/2 2543/2 2542/2
f 2547/2 2538/2 2537/2
f 2548/2 2542/2 2543/2
f 2538/2 2539/2 2544/2 2543/2
f 2547/2 2539/2 2538/2
f 2548/2 2543/2 2544/2
f 2539/2 2540/2 2545/2 2544/2
f 2547/2 2540/2 2539/2
f 2548/2 2544/2 2545/2
f 2540/2 2541/2 2546/2 2545/2
f 2547/2 2541/2 2540/2
f 2548/2 2545/2 2546/2
f 2541/2 2537/2 2542/2 2546/2
f 2547/2 2537/2 2541/2
f 2548/2 2546/2 2542/2
f 2567/2 2568/2 2573/2 2572/2
f 2577/2 2568/2 2567/2
f 2578/2 2572/2 2573/2
f 2568/2 2569/2 2574/2 2573/2
f 2577/2 2569/2 2568/2
f 2578/2 2573/2 2574/2
f 2569/2 2570/2 2575/2 2574/2
f 2577/2 2570/2 2569/2
f 2578/2 2574/2 2575/2
f 2570/2 2571/2 2576/2 2575/2
f 2577/2 2571/2 2570/2
f 2578/2 2575/2 2576/2
f 2571/2 2567/2 2572/2 2576/2
f 2577/2 2567/2 2571/2
f 2578/2 2576/2 2572/2
f 2579/2 2580/2 2585/2 2584/2
f 2589/2 2580/2 2579/2
f 2590/2 2584/2 2585/2
f 2580/2 2581/2 2586/2 2585/2
f 2589/2 2581/2 2580/2
f 2590/2 2585/2 2586/2
f 2581/2 2582/2 2587/2 2586/2
f 2589/2 2582/2 2581/2
f 2590/2 2586/2 2587/2
f 2582/2 2583/2 2588/2 2587/2
f 2589/2 2583/2 2582/2
f 2590/2 2587/2 2588/2
f 2583/2 2579/2 2584/2 2588/2
f 2589/2 2579/2 2583/2
f 2590/2 2588/2 2584/2
f 2599/2 2600/2 2605/2 2604/2
f 2609/2 2600/2 2599/2
f 2610/2 2604/2 2605/2
f 2600/2 2601/2 2606/2 2605/2
f 2609/2 2601/2 2600/2
f 2610/2 2605/2 2606/2
f 2601/2 2602/2 2607/2 2606/2
f 2609/2 2602/2 2601/2
f 2610/2 2606/2 2607/2
f 2602/2 2603/2 2608/2 2607/2
f 2609/2 2603/2 2602/2
f 2610/2 2607/2 2608/2
f 2603/2 2599/2 2604/2 2608/2
f 2609/2 2599/2 2603/2
f 2610/2 2608/2 2604/2
f 2611/2 2612/2 2617/2 2616/2
f 2621/2 2612/2 2611/2
f 2622/2 2616/2 2617/2
f 2612/2 2613/2 2618/2 2617/2
f 2621/2 2613/2 2612/2
f 2622/2 2617/2 2618/2
f 2613/2 2614/2 2619/2 2618/2
f 2621/2 2614/2 2613/2
f 2622/2 2618/2 2619/2
f 2614/2 2615/2 2620/2 2619/2
f 2621/2 2615/2 2614/2
f 2622/2 2619/2 2620/2
f 2615/2 2611/2 2616/2 2620/2
f 2621/2 2611/2 2615/2
f 2622/2 2620/2 2616/2
f 2641/2 2642/2 2647/2 2646/2
f 2651/2 2642/2 2641/2
f 2652/2 2646/2 2647/2
f 2642/2 2643/2 2648/2 2647/2
f 2651/2 2643/2 2642/2
f 2652/2 2647/2 2648/2
f 2643/2 2644/2 2649/2 2648/2
f 2651/2 2644/2 2643/2
f 2652/2 2648/2 2649/2
f 2644/2 2645/2 2650/2 2649/2
f 2651/2 2645/2 2644/2
f 2652/2 2649/2 2650/2
f 2645/2 2641/2 2646/2 2650/2
f 2651/2 2641/2 2645/2
f 2652/2 2650/2 2646/2
f 2653/2 2654/2 2659/2 2658/2
f 2663/2 2654/2 2653/2
f 2664/2 2658/2 2659/2
f 2654/2 2655/2 2660/2 2659/2
f 2663/2 2655/2 2654/2
f 2664/2 2659/2 2660/2
f 2655/2 2656/2 2661/2 2660/2
f 2663/2 2656/2 2655/2
f 2664/2 2660/2 2661/2
f 2656/2 2657/2 2662/2 2661/2
f 2663/2 2657/2 2656/2
f 2664/2 2661/2 2662/2
f 2657/2 2653/2 2658/2 2662/2
f 2663/2 2653/2 2657/2
f 2664/2 2662/2 2658/2
f 2673/2 2674/2 2679/2 2678/2
f 2683/2 2674/2 2673/2
f 2684/2 2678/2 2679/2
f 2674/2 2675/2 2680/2 2679/2
f 2683/2 2675/2 2674/2
f 2684/2 2679/2 2680/2
f 2675/2 2676/2 2681/2 2680/2
f 2683/2 2676/2 2675/2
f 2684/2 2680/2 2681/2
f 2676/2 2677/2 2682/2 2681/2
f 2683/2 2677/2 2676/2
f 2684/2 2681/2 2682/2
f 2677/2 2673/2 2678/2 2682/2
f 2683/2 2673/2 2677/2
f 2684/2 2682/2 2678/2
f 2685/2 2686/2 2691/2 2690/2
f 2695/2 2686/2 2685/2
f 2696/2 2690/2 2691/2
f 2686/2 2687/2 2692/2 2691/2
f 2695/2 2687/2 2686/2
f 2696/2 2691/2 2692/2
f 2687/2 2688/2 2693/2 2692/2
f 2695/2 2688/2 2687/2
f 2696/2 2692/2 2693/2
f 2688/2 2689/2 2694/2 2693/2
f 2695/2 2689/2 2688/2
f 2696/2 2693/2 2694/2
f 2689/2 2685/2 2690/2 2694/2
f 2695/2 2685/2 2689/2
f 2696/2 2694/2 2690/2
f 2715/2 2716/2 2721/2 2720/2
f 2725/2 2716/2 2715/2
f 2726/2 2720/2 2721/2
f 2716/2 2717/2 2722/2 2721/2
f 2725/2 2717/2 2716/2
f 2726/2 2721/2 2722/2
f 2717/2 2718/2 2723/2 2722/2
f 2725/2 2718/2 2717/2
f 2726/2 2722/2 2723/2
f 2718/2 2719/2 2724/2 2723/2
f 2725/2 2719/2 2718/2
f 2726/2 2723/2 2724/2
f 2719/2 2715/2 2720/2 2724/2
f 2725/2 2715/2 2719/2
f 2726/2 2724/2 2720/2
f 2727/2 2728/2 2733/2 2732/2
f 2737/2 2728/2 2727/2
f 2738/2 2732/2 2733/2
f 2728/2 2729/2 2734/2 2733/2
f 2737/2 2729/2 2728/2
f 2738/2 2733/2 2734/2
f 2729/2 2730/2 2735/2 2734/2
f 2737/2 2730/2 2729/2
f 2738/2 2734/2 2735/2
f 2730/2 2731/2 2736/2 2735/2
f 2737/2 2731/2 2730/2
f 2738/2 2735/2 2736/2
f 2731/2 2727/2 2732/2 2736/2
f 2737/2 2727/2 2731/2
f 2738/2 2736/2 2732/2
f 2747/2 2748/2 2753/2 2752/2
f 2757/2 2748/2 2747/2
f 2758/2 2752/2 2753/2
f 2748/2 2749/2 2754/2 2753/2
f 2757/2 2749/2 2748/2
f 2758/2 2753/2 2754/2
f 2749/2 2750/2 2755/2 2754/2
f 2757/2 2750/2 2749/2
f 2758/2 2754/2 2755/2
f 2750/2 2751/2 2756/2 2755/2
f 2757/2 2751/2 2750/2
f 2758/2 2755/2 2756/2
f 2751/2 2747/2 2752/2 2756/2
f 2757/2 2747/2 2751/2
f 2758/2 2756/2 2752/2
f 2759/2 2760/2 2765/2 2764/2
f 2769/2 2760/2 2759/2
f 2770/2 2764/2 2765/2
f 2760/2 2761/2 2766/2 2765/2
f 2769/2 2761/2 2760/2
f 2770/2 2765/2 2766/2
f 2761/2 2762/2 2767/2 2766/2
f 2769/2 2762/2 2761/2
f 2770/2 2766/2 2767/2
f 2762/2 2763/2 2768/2 2767/2
f 2769/2 2763/2 2762/2
f 2770/2 2767/2 2768/2
f 2763/2 2759/2 2764/2 2768/2
f 2769/2 2759/2 2763/2
f 2770/2 2768/2 2764/2
f 2789/2 2790/2 2795/2 2794/2
f 2799/2 2790/2 2789/2
f 2800/2 2794/2 2795/2
f 2790/2 2791/2 2796/2 2795/2
f 2799/2 2791/2 2790/2
f 2800/2 2795/2 2796/2
f 2791/2 2792/2 2797/2 2796/2
f 2799/2 2792/2 2791/2
f 2800/2 2796/2 2797/2
f 2792/2 2793/2 2798/2 2797/2
f 2799/2 2793/2 2792/2
f 2800/2 2797/2 2798/2
f 2793/2 2789/2 2794/2 2798/2
f 2799/2 2789/2 2793/2
f 2800/2 2798/2 2794/2
f 2801/2 2802/2 2807/2 2806/2
f 2811/2 2802/2 2801/2
f 2812/2 2806/2 2807/2
f 2802/2 2803/2 2808/2 2807/2
f 2811/2 2803/2 2802/2
f 2812/2 2807/2 2808/2
f 2803/2 2804/2 2809/2 2808/2
f 2811/2 2804/2 2803/2
f 2812/2 2808/2 2809/2
f 2804/2 2805/2 2810/2 2809/2
f 2811/2 2805/2 2804/2
f 2812/2 2809/2 2810/2
f 2805/2 2801/2 2806/2 2810/2
f 2811/2 2801/2 2805/2
f 2812/2 2810/2 2806/2
f 2821/2 2822/2 2827/2 2826/2
f 2831/2 2822/2 2821/2
f 2832/2 2826/2 2827/2
f 2822/2 2823/2 2828/2 2827/2
f 2831/2 2823/2 2822/2
f 2832/2 2827/2 2828/2
f 2823/2 2824/2 2829/2 2828/2
f 2831/2 2824/2 2823/2
f 2832/2 2828/2 2829/2
f 2824/2 2825/2 2830/2 2829/2
f 2831/2 2825/2 2824/2
f 2832/2 2829/2 2830/2
f 2825/2 2821/2 2826/2 2830/2
f 2831/2 2821/2 2825/2
f 2832/2 2830/2 2826/2
f 2833/2 2834/2 2839/2 2838/2
f 2843/2 2834/2 2833/2
f 2844/2 2838/2 2839/2
f 2834/2 2835/2 2840/2 2839/2
f 2843/2 2835/2 2834/2
f 2844/2 2839/2 2840/2
f 2835/2 2836/2 2841/2 2840/2
f 2843/2 2836/2 2835/2
f 2844/2 2840/2 2841/2
f 2836/2 2837/2 2842/2 2841/2
f 2843/2 2837/2 2836/2
f 2844/2 2841/2 2842/2
f 2837/2 2833/2 2838/2 2842/2
f 2843/2 2833/2 2837/2
f 2844/2 2842/2 2838/2
f 2863/2 2864/2 2869/2 2868/2
f 2873/2 2864/2 2863/2
f 2874/2 2868/2 2869/2
f 2864/2 2865/2 2870/2 2869/2
f 2873/2 2865/2 2864/2
f 2874/2 2869/2 2870/2
f 2865/2 2866/2 2871/2 2870/2
f 2873/2 2866/2 2865/2
f 2874/2 2870/2 2871/2
f 2866/2 2867/2 2872/2 2871/2
f 2873/2 2867/2 2866/2
f 2874/2 2871/2 2872/2
f 2867/2 2863/2 2868/2 2872/2
f 2873/2 2863/2 2867/2
f 2874/2 2872/2 2868/2
f 2875/2 2876/2 2881/2 2880/2
f 2885/2 2876/2 2875/2
f 2886/2 2880/2 2881/2
f 2876/2 2877/2 2882/2 2881/2
f 2885/2 2877/2 2876/2
f 2886/2 2881/2 2882/2
f 2877/2 2878/2 2883/2 2882/2
f 2885/2 2878/2 2877/2
f 2886/2 2882/2 2883/2
f 2878/2 2879/2 2884/2 2883/2
f 2885/2 2879/2 2878/2
f 2886/2 2883/2 2884/2
f 2879/2 2875/2 2880/2 2884/2
f 2885/2 2875/2 2879/2
f 2886/2 2884/2 2880/2
f 2895/2 2896/2 2901/2 2900/2
f 2905/2 2896/2 2895/2
f 2906/2 2900/2 2901/2
f 2896/2 2897/2 2902/2 2901/2
f 2905/2 2897/2 2896/2
f 2906/2 2901/2 2902/2
f 2897/2 2898/2 2903/2 2902/2
f 2905/2 2898/2 2897/2
f 2906/2 2902/2 2903/2
f 2898/2 2899/2 2904/2 2903/2
f 2905/2 2899/2 2898/2
f 2906/2 2903/2 2904/2
f 2899/2 2895/2 2900/2 2904/2
f 2905/2 2895/2 2899/2
f 2906/2 2904/2 2900/2
f 2907/2 2908/2 2913/2 2912/2
f 2917/2 2908/2 2907/2
f 2918/2 2912/2 2913/2
f 2908/2 2909/2 2914/2 2913/2
f 2917/2 2909/2 2908/2
f 2918/2 2913/2 2914/2
f 2909/2 2910/2 2915/2 2914/2
f 2917/2 2910/2 2909/2
f 2918/2 2914/2 2915/2
f 2910/2 2911/2 2916/2 2915/2
f 2917/2 2911/2 2910/2
f 2918/2 2915/2 2916/2
f 2911/2 2907/2 2912/2 2916/2
f 2917/2 2907/2 2911/2
f 2918/2 2916/2 2912/2
f 2937/2 2938/2 2943/2 2942/2
f 2947/2 2938/2 2937/2
f 2948/2 2942/2 2943/2
f 2938/2 2939/2 2944/2 2943/2
f 2947/2 2939/2 2938/2
f 2948/2 2943/2 2944/2
f 2939/2 2940/2 2945/2 2944/2
f 2947/2 2940/2 2939/2
f 2948/2 2944/2 2945/2
f 2940/2 2941/2 2946/2 2945/2
f 2947/2 2941/2 2940/2
f 2948/2 2945/2 2946/2
f 2941/2 2937/2 2942/2 2946/2
f 2947/2 2937/2 2941/2
f 2948/2 2946/2 2942/2
f 2949/2 2950/2 2955/2 2954/2
f 2959/2 2950/2 2949/2
f 2960/2 2954/2 2955/2
f 2950/2 2951/2 2956/2 2955/2
f 2959/2 2951/2 2950/2
f 2960/2 2955/2 2956/2
f 2951/2 2952/2 2957/2 2956/2
f 2959/2 2952/2 2951/2
f 2960/2 2956/2 2957/2
f 2952/2 2953/2 2958/2 2957/2
f 2959/2 2953/2 2952/2
f 2960/2 2957/2 2958/2
f 2953/2 2949/2 2954/2 2958/2
f 2959/2 2949/2 2953/2
f 2960/2 2958/2 2954/2
f 2969/2 2970/2 2975/2 2974/2
f 2979/2 2970/2 2969/2
f 2980/2 2974/2 2975/2
f 2970/2 2971/2 2976/2 2975/2
f 2979/2 2971/2 2970/2
f 2980/2 2975/2 2976/2
f 2971/2 2972/2 2977/2 2976/2
f 2979/2 2972/2 2971/2
f 2980/2 2976/2 2977/2
f 2972/2 2973/2 2978/2 2977/2
f 2979/2 2973/2 2972/2
f 2980/2 2977/2 2978/2
f 2973/2 2969/2 2974/2 2978/2
f 2979/2 2969/2 2973/2
f 2980/2 2978/2 2974/2
f 2981/2 2982/2 2987/2 2986/2
f 2991/2 2982/2 2981/2
f 2992/2 2986/2 2987/2
f 2982/2 2983/2 2988/2 2987/2
f 2991/2 2983/2 2982/2
f 2992/2 2987/2 2988/2
f 2983/2 2984/2 2989/2 2988/2
f 2991/2 2984/2 2983/2
f 2992/2 2988/2 2989/2
f 2984/2 2985/2 2990/2 2989/2
f 2991/2 2985/2 2984/2
f 2992/2 2989/2 2990/2
f 2985/2 2981/2 2986/2 2990/2
f 2991/2 2981/2 2985/2
f 2992/2 2990/2 2986/2
f 3011/2 3012/2 3017/2 3016/2
f 3021/2 3012/2 3011/2
f 3022/2 3016/2 3017/2
f 3012/2 3013/2 3018/2 3017/2
f 3021/2 3013/2 3012/2
f 3022/2 3017/2 3018/2
f 3013/2 3014/2 3019/2 3018/2
f 3021/2 3014/2 3013/2
f 3022/2 3018/2 3019/2
f 3014/2 3015/2 3020/2 3019/2
f 3021/2 3015/2 3014/2
f 3022/2 3019/2 3020/2
f 3015/2 3011/2 3016/2 3020/2
f 3021/2 3011/2 3015/2
f 3022/2 3020/2 3016/2
f 3023/2 3024/2 3029/2 3028/2
f 3033/2 3024/2 3023/2
f 3034/2 3028/2 3029/2
f 3024/2 3025/2 3030/2 3029/2
f 3033/2 3025/2 3024/2
f 3034/2 3029/2 3030/2
f 3025/2 3026/2 3031/2 3030/2
f 3033/2 3026/2 3025/2
f 3034/2 3030/2 3031/2
f 3026/2 3027/2 3032/2 3031/2
f 3033/2 3027/2 3026/2
f 3034/2 3031/2 3032/2
f 3027/2 3023/2 3028/2 3032/2
f 3033/2 3023/2 3027/2
f 3034/2 3032/2 3028/2
f 3043/2 3044/2 3049/2 3048/2
f 3053/2 3044/2 3043/2
f 3054/2 3048/2 3049/2
f 3044/2 3045/2 3050/2 3049/2
f 3053/2 3045/2 3044/2
f 3054/2 3049/2 3050/2
f 3045/2 3046/2 3051/2 3050/2
f 3053/2 3046/2 3045/2
f 3054/2 3050/2 3051/2
f 3046/2 3047/2 3052/2 3051/2
f 3053/2 3047/2 3046/2
f 3054/2 3051/2 3052/2
f 3047/2 3043/2 3048/2 3052/2
f 3053/2 3043/2 3047/2
f 3054/2 3052/2 3048/2
f 3055/2 3056/2 3061/2 3060/2
f 3065/2 3056/2 3055/2
f 3066/2 3060/2 3061/2
f 3056/2 3057/2 3062/2 3061/2
f 3065/2 3057/2 3056/2
f 3066/2 3061/2 3062/2
f 3057/2 3058/2 3063/2 3062/2
f 3065/2 3058/2 3057/2
f 3066/2 3062/2 3063/2
f 3058/2 3059/2 3064/2 3063/2
f 3065/2 3059/2 3058/2
f 3066/2 3063/2 3064/2
f 3059/2 3055/2 3060/2 3064/2
f 3065/2 3055/2 3059/2
f 3066/2 3064/2 3060/2
f 3085/2 3086/2 3091/2 3090/2
f 3095/2 3086/2 3085/2
f 3096/2 3090/2 3091/2
f 3086/2 3087/2 3092/2 3091/2
f 3095/2 3087/2 3086/2
f 3096/2 3091/2 3092/2
f 3087/2 3088/2 3093/2 3092/2
f 3095/2 3088/2 3087/2
f 3096/2 3092/2 3093/2
f 3088/2 3089/2 3094/2 3093/2
f 3095/2 3089/2 3088/2
f 3096/2 3093/2 3094/2
f 3089/2 3085/2 3090/2 3094/2
f 3095/2 3085/2 3089/2
f 3096/2 3094/2 3090/2
f 3097/2 3098/2 3103/2 3102/2
f 3107/2 3098/2 3097/2
f 3108/2 3102/2 3103/2
f 3098/2 3099/2 3104/2 3103/2
f 3107/2 3099/2 3098/2
f 3108/2 3103/2 3104/2
f 3099/2 3100/2 3105/2 3104/2
f 3107/2 3100/2 3099/2
f 3108/2 3104/2 3105/2
f 3100/2 3101/2 3106/2 3105/2
f 3107/2 3101/2 3100/2
f 3108/2 3105/2 3106/2
f 3101/2 3097/2 3102/2 3106/2
f 3107/2 3097/2 3101/2
f 3108/2 3106/2 3102/2
f 3117/2 3118/2 3123/2 3122/2
f 3127/2 3118/2 3117/2
f 3128/2 3122/2 3123/2
f 3118/2 3119/2 3124/2 3123/2
f 3127/2 3119/2 3118/2
f 3128/2 3123/2 3124/2
f 3119/2 3120/2 3125/2 3124/2
f 3127/2 3120/2 3119/2
f 3128/2 3124/2 3125/2
f 3120/2 3121/2 3126/2 3125/2
f 3127/2 3121/2 3120/2
f 3128/2 3125/2 3126/2
f 3121/2 3117/2 3122/2 3126/2
f 3127/2 3117/2 3121/2
f 3128/2 3126/2 3122/2
f 3129/2 3130/2 3135/2 3134/2
f 3139/2 3130/2 3129/2
f 3140/2 3134/2 3135/2
f 3130/2 3131/2 3136/2 3135/2
f 3139/2 3131/2 3130/2
f 3140/2 3135/2 3136/2
f 3131/2 3132/2 3137/2 3136/2
f 3139/2 3132/2 3131/2
f 3140/2 3136/2 3137/2
f 3132/2 3133/2 3138/2 3137/2
f 3139/2 3133/2 3132/2
f 3140/2 3137/2 3138/2
f 3133/2 3129/2 3134/2 3138/2
f 3139/2 3129/2 3133/2
f 3140/2 3138/2 3134/2
f 3159/2 3160/2 3165/2 3164/2
f 3169/2 3160/2 3159/2
f 3170/2 3164/2 3165/2
f 3160/2 3161/2 3166/2 3165/2
f 3169/2 3161/2 3160/2
f 3170/2 3165/2 3166/2
f 3161/2 3162/2 3167/2 3166/2
f 3169/2 3162/2 3161/2
f 3170/2 3166/2 3167/2
f 3162/2 3163/2 3168/2 3167/2
f 3169/2 3163/2 3162/2
f 3170/2 3167/2 3168/2
f 3163/2 3159/2 3164/2 3168/2
f 3169/2 3159/2 3163/2
f 3170/2 3168/2 3164/2
f 3171/2 3172/2 3177/2 3176/2
f 3181/2 3172/2 3171/2
f 3182/2 3176/2 3177/2
f 3172/2 3173/2 3178/2 3177/2
f 3181/2 3173/2 3172/2
f 3182/2 3177/2 3178/2
f 3173/2 3174/2 3179/2 3178/2
f 3181/2 3174/2 3173/2
f 3182/2 3178/2 3179/2
f 3174/2 3175/2 3180/2 3179/2
f 3181/2 3175/2 3174/2
f 3182/2 3179/2 3180/2
f 3175/2 3171/2 3176/2 3180/2
f 3181/2 3171/2 3175/2
f 3182/2 3180/2 3176/2
f 3191/2 3192/2 3197/2 3196/2
f 3201/2 3192/2 3191/2
f 3202/2 3196/2 3197/2
f 3192/2 3193/2 3198/2 3197/2
f 3201/2 3193/2 3192/2
f 3202/2 3197/2 3198/2
f 3193/2 3194/2 3199/2 3198/2
f 3201/2 3194/2 3193/2
f 3202/2 3198/2 3199/2
f 3194/2 3195/2 3200/2 3199/2
f 3201/2 3195/2 3194/2
f 3202/2 3199/2 3200/2
f 3195/2 3191/2 3196/2 3200/2
f 3201/2 3191/2 3195/2
f 3202/2 3200/2 3196/2
f 3203/2 3204/2 3209/2 3208/2
f 3213/2 3204/2 3203/2
f 3214/2 3208/2 3209/2
f 3204/2 3205/2 3210/2 3209/2
f 3213/2 3205/2 3204/2
f 3214/2 3209/2 3210/2
f 3205/2 3206/2 3211/2 3210/2
f 3213/2 3206/2 3205/2
f 3214/2 3210/2 3211/2
f 3206/2 3207/2 3212/2 3211/2
f 3213/2 3207/2 3206/2
f 3214/2 3211/2 3212/2
f 3207/2 3203/2 3208/2 3212/2
f 3213/2 3203/2 3207/2
f 3214/2 3212/2 3208/2
f 3233/2 3234/2 3239/2 3238/2
f 3243/2 3234/2 3233/2
f 3244/2 3238/2 3239/2
f 3234/2 3235/2 3240/2 3239/2
f 3243/2 3235/2 3234/2
f 3244/2 3239/2 3240/2
f 3235/2 3236/2 3241/2 3240/2
f 3243/2 3236/2 3235/2
f 3244/2 3240/2 3241/2
f 3236/2 3237/2 3242/2 3241/2
f 3243/2 3237/2 3236/2
f 3244/2 3241/2 3242/2
f 3237/2 3233/2 3238/2 3242/2
f 3243/2 3233/2 3237/2
f 3244/2 3242/2 3238/2
f 3245/2 3246/2 3251/2 3250/2
f 3255/2 3246/2 3245/2
f 3256/2 3250/2 3251/2
f 3246/2 3247/2 3252/2 3251/2
f 3255/2 3247/2 3246/2
f 3256/2 3251/2 3252/2
f 3247/2 3248/2 3253/2 3252/2
f 3255/2 3248/2 3247/2
f 3256/2 3252/2 3253/2
f 3248/2 3249/2 3254/2 3253/2
f 3255/2 3249/2 3248/2
f 3256/2 3253/2 3254/2
f 3249/2 3245/2 3250/2 3254/2
f 3255/2 3245/2 3249/2
f 3256/2 3254/2 3250/2
f 3265/2 3266/2 3271/2 3270/2
f 3275/2 3266/2 3265/2
f 3276/2 3270/2 3271/2
f 3266/2 3267/2 3272/2 3271/2
f 3275/2 3267/2 3266/2
f 3276/2 3271/2 3272/2
f 3267/2 3268/2 3273/2 3272/2
f 3275/2 3268/2 3267/2
f 3276/2 3272/2 3273/2
f 3268/2 3269/2 3274/2 3273/2
f 3275/2 3269/2 3268/2
f 3276/2 3273/2 3274/2
f 3269/2 3265/2 3270/2 3274/2
f 3275/2 3265/2 3269/2
f 3276/2 3274/2 3270/2
f 3277/2 3278/2 3283/2 3282/2
f 3287/2 3278/2 3277/2
f 3288/2 3282/2 3283/2
f 3278/2 3279/2 3284/2 3283/2
f 3287/2 3279/2 3278/2
f 3288/2 3283/2 3284/2
f 3279/2 3280/2 3285/2 3284/2
f 3287/2 3280/2 3279/2
f 3288/2 3284/2 3285/2
f 3280/2 3281/2 3286/2 3285/2
f 3287/2 3281/2 3280/2
f 3288/2 3285/2 3286/2
f 3281/2 3277/2 3282/2 3286/2
f 3287/2 3277/2 3281/2
f 3288/2 3286/2 3282/2
f 3307/2 3308/2 3313/2 3312/2
f 3317/2 3308/2 3307/2
f 3318/2 3312/2 3313/2
f 3308/2 3309/2 3314/2 3313/2
f 3317/2 3309/2 3308/2
f 3318/2 3313/2 3314/2
f 3309/2 3310/2 3315/2 3314/2
f 3317/2 3310/2 3309/2
f 3318/2 3314/2 3315/2
f 3310/2 3311/2 3316/2 3315/2
f 3317/2 3311/2 3310/2
f 3318/2 3315/2 3316/2
f 3311/2 3307/2 3312/2 3316/2
f 3317/2 3307/2 3311/2
f 3318/2 3316/2 3312/2
f 3319/2 3320/2 3325/2 3324/2
f 3329/2 3320/2 3319/2
f 3330/2 3324/2 3325/2
f 3320/2 3321/2 3326/2 3325/2
f 3329/2 3321/2 3320/2
f 3330/2 3325/2 3326/2
f 3321/2 3322/2 3327/2 3326/2
f 3329/2 3322/2 3321/2
f 3330/2 3326/2 3327/2
f 3322/2 3323/2 3328/2 3327/2
f 3329/2 3323/2 3322/2
f 3330/2 3327/2 3328/2
f 3323/2 3319/2 3324/2 3328/2
f 3329/2 3319/2 3323/2
f 3330/2 3328/2 3324/2
f 3339/2 3340/2 3345/2 3344/2
f 3349/2 3340/2 3339/2
f 3350/2 3344/2 3345/2
f 3340/2 3341/2 3346/2 3345/2
f 3349/2 3341/2 3340/2
f 3350/2 3345/2 3346/2
f 3341/2 3342/2 3347/2 3346/2
f 3349/2 3342/2 3341/2
f 3350/2 3346/2 3347/2
f 3342/2 3343/2 3348/2 3347/2
f 3349/2 3343/2 3342/2
f 3350/2 3347/2 3348/2
f 3343/2 3339/2 3344/2 3348/2
f 3349/2 3339/2 3343/2
f 3350/2 3348/2 3344/2
f 3351/2 3352/2 3357/2 3356/2
f 3361/2 3352/2 3351/2
f 3362/2 3356/2 3357/2
f 3352/2 3353/2 3358/2 3357/2
f 3361/2 3353/2 3352/2
f 3362/2 3357/2 3358/2
f 3353/2 3354/2 3359/2 3358/2
f 3361/2 3354/2 3353/2
f 3362/2 3358/2 3359/2
f 3354/2 3355/2 3360/2 3359/2
f 3361/2 3355/2 3354/2
f 3362/2 3359/2 3360/2
f 3355/2 3351/2 3356/2 3360/2
f 3361/2 3351/2 3355/2
f 3362/2 3360/2 3356/2
f 3381/2 3382/2 3387/2 3386/2
f 3391/2 3382/2 3381/2
f 3392/2 3386/2 3387/2
f 3382/2 3383/2 3388/2 3387/2
f 3391/2 3383/2 3382/2
f 3392/2 3387/2 3388/2
f 3383/2 3384/2 3389/2 3388/2
f 3391/2 3384/2 3383/2
f 3392/2 3388/2 3389/2
f 3384/2 3385/2 3390/2 3389/2
f 3391/2 3385/2 3384/2
f 3392/2 3389/2 3390/2
f 3385/2 3381/2 3386/2 3390/2
f 3391/2 3381/2 3385/2
f 3392/2 3390/2 3386/2
f 3393/2 3394/2 3399/2 3398/2
f 3403/2 3394/2 3393/2
f 3404/2 3398/2 3399/2
f 3394/2 3395/2 3400/2 3399/2
f 3403/2 3395/2 3394/2
f 3404/2 3399/2 3400/2
f 3395/2 3396/2 3401/2 3400/2
f 3403/2 3396/2 3395/2
f 3404/2 3400/2 3401/2
f 3396/2 3397/2 3402/2 3401/2
f 3403/2 3397/2 3396/2
f 3404/2 3401/2 3402/2
f 3397/2 3393/2 3398/2 3402/2
f 3403/2 3393/2 3397/2
f 3404/2 3402/2 3398/2
f 3413/2 3414/2 3419/2 3418/2
f 3423/2 3414/2 3413/2
f 3424/2 3418/2 3419/2
f 3414/2 3415/2 3420/2 3419/2
f 3423/2 3415/2 3414/2
f 3424/2 3419/2 3420/2
f 3415/2 3416/2 3421/2 3420/2
f 3423/2 3416/2 3415/2
f 3424/2 3420/2 3421/2
f 3416/2 3417/2 3422/2 3421/2
f 3423/2 3417/2 3416/2
f 3424/2 3421/2 3422/2
f 3417/2 3413/2 3418/2 3422/2
f 3423/2 3413/2 3417/2
f 3424/2 3422/2 3418/2
f 3425/2 3426/2 3431/2 3430/2
f 3435/2 3426/2 3425/2
f 3436/2 3430/2 3431/2
f 3426/2 3427/2 3432/2 3431/2
f 3435/2 3427/2 3426/2
f 3436/2 3431/2 3432/2
f 3427/2 3428/2 3433/2 3432/2
f 3435/2 3428/2 3427/2
f 3436/2 3432/2 3433/2
f 3428/2 3429/2 3434/2 3433/2
f 3435/2 3429/2 3428/2
f 3436/2 3433/2 3434/2
f 3429/2 3425/2 3430/2 3434/2
f 3435/2 3425/2 3429/2
f 3436/2 3434/2 3430/2
f 3455/2 3456/2 3461/2 3460/2
f 3465/2 3456/2 3455/2
f 3466/2 3460/2 3461/2
f 3456/2 3457/2 3462/2 3461/2
f 3465/2 3457/2 3456/2
f 3466/2 3461/2 3462/2
f 3457/2 3458/2 3463/2 3462/2
f 3465/2 3458/2 3457/2
f 3466/2 3462/2 3463/2
f 3458/2 3459/2 3464/2 3463/2
f 3465/2 3459/2 3458/2
f 3466/2 3463/2 3464/2
f 3459/2 3455/2 3460/2 3464/2
f 3465/2 3455/2 3459/2
f 3466/2 3464/2 3460/2
f 3467/2 3468/2 3473/2 3472/2
f 3477/2 3468/2 3467/2
f 3478/2 3472/2 3473/2
f 3468/2 3469/2 3474/2 3473/2
f 3477/2 3469/2 3468/2
f 3478/2 3473/2 3474/2
f 3469/2 3470/2 3475/2 3474/2
f 3477/2 3470/2 3469/2
f 3478/2 3474/2 3475/2
f 3470/2 3471/2 3476/2 3475/2
f 3477/2 3471/2 3470/2
f 3478/2 3475/2 3476/2
f 3471/2 3467/2 3472/2 3476/2
f 3477/2 3467/2 3471/2
f 3478/2 3476/2 3472/2
f 3487/2 3488/2 3493/2 3492/2
f 3497/2 3488/2 3487/2
f 3498/2 3492/2 3493/2
f 3488/2 3489/2 3494/2 3493/2
f 3497/2 3489/2 3488/2
f 3498/2 3493/2 3494/2
f 3489/2 3490/2 3495/2 3494/2
f 3497/2 3490/2 3489/2
f 3498/2 3494/2 3495/2
f 3490/2 3491/2 3496/2 3495/2
f 3497/2 3491/2 3490/2
f 3498/2 3495/2 3496/2
f 3491/2 3487/2 3492/2 3496/2
f 3497/2 3487/2 3491/2
f 3498/2 3496/2 3492/2
f 3499/2 3500/2 3505/2 3504/2
f 3509/2 3500/2 3499/2
f 3510/2 3504/2 3505/2
f 3500/2 3501/2 3506/2 3505/2
f 3509/2 3501/2 3500/2
f 3510/2 3505/2 3506/2
f 3501/2 3502/2 3507/2 3506/2
f 3509/2 3502/2 3501/2
f 3510/2 3506/2 3507/2
f 3502/2 3503/2 3508/2 3507/2
f 3509/2 3503/2 3502/2
f 3510/2 3507/2 3508/2
f 3503/2 3499/2 3504/2 3508/2
f 3509/2 3499/2 3503/2
f 3510/2 3508/2 3504/2
f 3529/2 3530/2 3535/2 3534/2
f 3539/2 3530/2 3529/2
f 3540/2 3534/2 3535/2
f 3530/2 3531/2 3536/2 3535/2
f 3539/2 3531/2 3530/2
f 3540/2 3535/2 3536/2
f 3531/2 3532/2 3537/2 3536/2
f 3539/2 3532/2 3531/2
f 3540/2 3536/2 3537/2
f 3532/2 3533/2 3538/2 3537/2
f 3539/2 3533/2 3532/2
f 3540/2 3537/2 3538/2
f 3533/2 3529/2 3534/2 3538/2
f 3539/2 3529/2 3533/2
f 3540/2 3538/2 3534/2
f 3541/2 3542/2 3547/2 3546/2
f 3551/2 3542/2 3541/2
f 3552/2 3546/2 3547/2
f 3542/2 3543/2 3548/2 3547/2
f 3551/2 3543/2 3542/2
f 3552/2 3547/2 3548/2
f 3543/2 3544/2 3549/2 3548/2
f 3551/2 3544/2 3543/2
f 3552/2 3548/2 3549/2
f 3544/2 3545/2 3550/2 3549/2
f 3551/2 3545/2 3544/2
f 3552/2 3549/2 3550/2
f 3545/2 3541/2 3546/2 3550/2
f 3551/2 3541/2 3545/2
f 3552/2 3550/2 3546/2
f 3561/2 3562/2 3567/2 3566/2
f 3571/2 3562/2 3561/2
f 3572/2 3566/2 3567/2
f 3562/2 3563/2 3568/2 3567/2
f 3571/2 3563/2 3562/2
f 3572/2 3567/2 3568/2
f 3563/2 3564/2 3569/2 3568/2
f 3571/2 3564/2 3563/2
f 3572/2 3568/2 3569/2
f 3564/2 3565/2 3570/2 3569/2
f 3571/2 3565/2 3564/2
f 3572/2 3569/2 3570/2
f 3565/2 3561/2 3566/2 3570/2
f 3571/2 3561/2 3565/2
f 3572/2 3570/2 3566/2
f 3573/2 3574/2 3579/2 3578/2
f 3583/2 3574/2 3573/2
f 3584/2 3578/2 3579/2
f 3574/2 3575/2 3580/2 3579/2
f 3583/2 3575/2 3574/2
f 3584/2 3579/2 3580/2
f 3575/2 3576/2 3581/2 3580/2
f 3583/2 3576/2 3575/2
f 3584/2 3580/2 3581/2
f 3576/2 3577/2 3582/2 3581/2
f 3583/2 3577/2 3576/2
f 3584/2 3581/2 3582/2
f 3577/2 3573/2 3578/2 3582/2
f 3583/2 3573/2 3577/2
f 3584/2 3582/2 3578/2
f 3603/2 3604/2 3609/2 3608/2
f 3613/2 3604/2 3603/2
f 3614/2 3608/2 3609/2
f 3604/2 3605/2 3610/2 3609/2
f 3613/2 3605/2 3604/2
f 3614/2 3609/2 3610/2
f 3605/2 3606/2 3611/2 3610/2
f 3613/2 3606/2 3605/2
f 3614/2 3610/2 3611/2
f 3606/2 3607/2 3612/2 3611/2
f 3613/2 3607/2 3606/2
f 3614/2 3611/2 3612/2
f 3607/2 3603/2 3608/2 3612/2
f 3613/2 3603/2 3607/2
f 3614/2 3612/2 3608/2
f 3615/2 3616/2 3621/2 3620/2
f 3625/2 3616/2 3615/2
f 3626/2 3620/2 3621/2
f 3616/2 3617/2 3622/2 3621/2
f 3625/2 3617/2 3616/2
f 3626/2 3621/2 3622/2
f 3617/2 3618/2 3623/2 3622/2
f 3625/2 3618/2 3617/2
f 3626/2 3622/2 3623/2
f 3618/2 3619/2 3624/2 3623/2
f 3625/2 3619/2 3618/2
f 3626/2 3623/2 3624/2
f 3619/2 3615/2 3620/2 3624/2
f 3625/2 3615/2 3619/2
f 3626/2 3624/2 3620/2
f 3635/2 3636/2 3641/2 3640/2
f 3645/2 3636/2 3635/2
f 3646/2 3640/2 3641/2
f 3636/2 3637/2 3642/2 3641/2
f 3645/2 3637/2 3636/2
f 3646/2 3641/2 3642/2
f 3637/2 3638/2 3643/2 3642/2
f 3645/2 3638/2 3637/2
f 3646/2 3642/2 3643/2
f 3638/2 3639/2 3644/2 3643/2
f 3645/2 3639/2 3638/2
f 3646/2 3643/2 3644/2
f 3639/2 3635/2 3640/2 3644/2
f 3645/2 3635/2 3639/2
f 3646/2 3644/2 3640/2
f 3647/2 3648/2 3653/2 3652/2
f 3657/2 3648/2 3647/2
f 3658/2 3652/2 3653/2
f 3648/2 3649/2 3654/2 3653/2
f 3657/2 3649/2 3648/2
f 3658/2 3653/2 3654/2
f 3649/2 3650/2 3655/2 3654/2
f 3657/2 3650/2 3649/2
f 3658/2 3654/2 3655/2
f 3650/2 3651/2 3656/2 3655/2
f 3657/2 3651/2 3650/2
f 3658/2 3655/2 3656/2
f 3651/2 3647/2 3652/2 3656/2
f 3657/2 3647/2 3651/2
f 3658/2 3656/2 3652/2
f 3677/2 3678/2 3683/2 3682/2
f 3687/2 3678/2 3677/2
f 3688/2 3682/2 3683/2
f 3678/2 3679/2 3684/2 3683/2
f 3687/2 3679/2 3678/2
f 3688/2 3683/2 3684/2
f 3679/2 3680/2 3685/2 3684/2
f 3687/2 3680/2 3679/2
f 3688/2 3684/2 3685/2
f 3680/2 3681/2 3686/2 3685/2
f 3687/2 3681/2 3680/2
f 3688/2 3685/2 3686/2
f 3681/2 3677/2 3682/2 3686/2
f 3687/2 3677/2 3681/2
f 3688/2 3686/2 3682/2
f 3689/2 3690/2 3695/2 3694/2
f 3699/2 3690/2 3689/2
f 3700/2 3694/2 3695/2
f 3690/2 3691/2 3696/2 3695/2
f 3699/2 3691/2 3690/2
f 3700/2 3695/2 3696/2
f 3691/2 3692/2 3697/2 3696/2
f 3699/2 3692/2 3691/2
f 3700/2 3696/2 3697/2
f 3692/2 3693/2 3698/2 3697/2
f 3699/2 3693/2 3692/2
f 3700/2 3697/2 3698/2
f 3693/2 3689/2 3694/2 3698/2
f 3699/2 3689/2 3693/2
f 3700/2 3698/2 3694/2
f 3727/2 3728/2 3739/2
f 3734/2 3733/2 3740/2
f 3728/2 3729/2 3739/2
f 3735/2 3734/2 3740/2
f 3729/2 3730/2 3739/2
f 3736/2 3735/2 3740/2
f 3730/2 3731/2 3739/2
f 3737/2 3736/2 3740/2
f 3731/2 3732/2 3739/2
f 3738/2 3737/2 3740/2
f 3732/2 3727/2 3739/2
f 3733/2 3738/2 3740/2
f 3733/2 3734/2 3728/2 3727/2
f 3734/2 3735/2 3729/2 3728/2
f 3735/2 3736/2 3730/2 3729/2
f 3736/2 3737/2 3731/2 3730/2
f 3737/2 3738/2 3732/2 3731/2
f 3738/2 3733/2 3727/2 3732/2
f 3741/2 3742/2 3753/2
f 3748/2 3747/2 3754/2
f 3742/2 3743/2 3753/2
f 3749/2 3748/2 3754/2
f 3743/2 3744/2 3753/2
f 3750/2 3749/2 3754/2
f 3744/2 3745/2 3753/2
f 3751/2 3750/2 3754/2
f 3745/2 3746/2 3753/2
f 3752/2 3751/2 3754/2
f 3746/2 3741/2 3753/2
f 3747/2 3752/2 3754/2
f 3747/2 3748/2 3742/2 3741/2
f 3748/2 3749/2 3743/2 3742/2
f 3749/2 3750/2 3744/2 3743/2
f 3750/2 3751/2 3745/2 3744/2
f 3751/2 3752/2 3746/2 3745/2
f 3752/2 3747/2 3741/2 3746/2
f 3755/2 3756/2 3767/2
f 3762/2 3761/2 3768/2
f 3756/2 3757/2 3767/2
f 3763/2 3762/2 3768/2
f 3757/2 3758/2 3767/2
f 3764/2 3763/2 3768/2
f 3758/2 3759/2 3767/2
f 3765/2 3764/2 3768/2
f 3759/2 3760/2 3767/2
f 3766/2 3765/2 3768/2
f 3760/2 3755/2 3767/2
f 3761/2 3766/2 3768/2
f 3761/2 3762/2 3756/2 3755/2
f 3762/2 3763/2 3757/2 3756/2
f 3763/2 3764/2 3758/2 3757/2
f 3764/2 3765/2 3759/2 3758/2
f 3765/2 3766/2 3760/2 3759/2
f 3766/2 3761/2 3755/2 3760/2
f 3863/2 3864/2 3875/2
f 3870/2 3869/2 3876/2
f 3864/2 3865/2 3875/2
f 3871/2 3870/2 3876/2
f 3865/2 3866/2 3875/2
f 3872/2 3871/2 3876/2
f 3866/2 3867/2 3875/2
f 3873/2 3872/2 3876/2
f 3867/2 3868/2 3875/2
f 3874/2 3873/2 3876/2
f 3868/2 3863/2 3875/2
f 3869/2 3874/2 3876/2
f 3869/2 3870/2 3864/2 3863/2
f 3870/2 3871/2 3865/2 3864/2
f 3871/2 3872/2 3866/2 3865/2
f 3872/2 3873/2 3867/2 3866/2
f 3873/2 3874/2 3868/2 3867/2
f 3874/2 3869/2 3863/2 3868/2
f 3877/2 3878/2 3889/2
f 3884/2 3883/2 3890/2
f 3878/2 3879/2 3889/2
f 3885/2 3884/2 3890/2
f 3879/2 3880/2 3889/2
f 3886/2 3885/2 3890/2
f 3880/2 3881/2 3889/2
f 3887/2 3886/2 3890/2
f 3881/2 3882/2 3889/2
f 3888/2 3887/2 3890/2
f 3882/2 3877/2 3889/2
f 3883/2 3888/2 3890/2
f 3883/2 3884/2 3878/2 3877/2
f 3884/2 3885/2 3879/2 3878/2
f 3885/2 3886/2 3880/2 3879/2
f 3886/2 3887/2 3881/2 3880/2
f 3887/2 3888/2 3882/2 3881/2
f 3888/2 3883/2 3877/2 3882/2
f 3891/2 3892/2 3903/2
f 3898/2 3897/2 3904/2
f 3892/2 3893/2 3903/2
f 3899/2 3898/2 3904/2
f 3893/2 3894/2 3903/2
f 3900/2 3899/2 3904/2
f 3894/2 3895/2 3903/2
f 3901/2 3900/2 3904/2
f 3895/2 3896/2 3903/2
f 3902/2 3901/2 3904/2
f 3896/2 3891/2 3903/2
f 3897/2 3902/2 3904/2
f 3897/2 3898/2 3892/2 3891/2
f 3898/2 3899/2 3893/2 3892/2
f 3899/2 3900/2 3894/2 3893/2
f 3900/2 3901/2 3895/2 3894/2
f 3901/2 3902/2 3896/2 3895/2
f 3902/2 3897/2 3891/2 3896/2
f 4101/2 4104/2 4103/2 4102/2
f 4105/2 4106/2 4107/2 4108/2
f 4101/2 4105/2 4108/2 4104/2
f 4102/2 4103/2 4107/2 4106/2
f 4101/2 4102/2 4106/2 4105/2
f 4104/2 4108/2 4107/2 4103/2
f 4117/2 4120/2 4119/2 4118/2
f 4121/2 4122/2 4123/2 4124/2
f 4117/2 4121/2 4124/2 4120/2
f 4118/2 4119/2 4123/2 4122/2
f 4117/2 4118/2 4122/2 4121/2
f 4120/2 4124/2 4123/2 4119/2
f 4133/2 4136/2 4135/2 4134/2
f 4137/2 4138/2 4139/2 4140/2
f 4133/2 4137/2 4140/2 4136/2
f 4134/2 4135/2 4139/2 4138/2
f 4133/2 4134/2 4138/2 4137/2
f 4136/2 4140/2 4139/2 4135/2
f 4149/2 4152/2 4151/2 4150/2
f 4153/2 4154/2 4155/2 4156/2
f 4149/2 4153/2 4156/2 4152/2
f 4150/2 4151/2 4155/2 4154/2
f 4149/2 4150/2 4154/2 4153/2
f 4152/2 4156/2 4155/2 4151/2
usemtl wood
f 33/5 34/5 38/5 37/5
f 41/5 34/5 33/5
f 42/5 37/5 38/5
f 34/5 35/5 39/5 38/5
f 41/5 35/5 34/5
f 42/5 38/5 39/5
f 35/5 36/5 40/5 39/5
f 41/5 36/5 35/5
f 42/5 39/5 40/5
f 36/5 33/5 37/5 40/5
f 41/5 33/5 36/5
f 42/5 40/5 37/5
f 107/5 108/5 112/5 111/5
f 115/5 108/5 107/5
f 116/5 111/5 112/5
f 108/5 109/5 113/5 112/5
f 115/5 109/5 108/5
f 116/5 112/5 113/5
f 109/5 110/5 114/5 113/5
f 115/5 110/5 109/5
f 116/5 113/5 114/5
f 110/5 107/5 111/5 114/5
f 115/5 107/5 110/5
f 116/5 114/5 111/5
f 181/5 182/5 186/5 185/5
f 189/5 182/5 181/5
f 190/5 185/5 186/5
f 182/5 183/5 187/5 186/5
f 189/5 183/5 182/5
f 190/5 186/5 187/5
f 183/5 184/5 188/5 187/5
f 189/5 184/5 183/5
f 190/5 187/5 188/5
f 184/5 181/5 185/5 188/5
f 189/5 181/5 184/5
f 190/5 188/5 185/5
f 255/5 256/5 260/5 259/5
f 263/5 256/5 255/5
f 264/5 259/5 260/5
f 256/5 257/5 261/5 260/5
f 263/5 257/5 256/5
f 264/5 260/5 261/5
f 257/5 258/5 262/5 261/5
f 263/5 258/5 257/5
f 264/5 261/5 262/5
f 258/5 255/5 259/5 262/5
f 263/5 255/5 258/5
f 264/5 262/5 259/5
f 329/5 330/5 334/5 333/5
f 337/5 330/5 329/5
f 338/5 333/5 334/5
f 330/5 331/5 335/5 334/5
f 337/5 331/5 330/5
f 338/5 334/5 335/5
f 331/5 332/5 336/5 335/5
f 337/5 332/5 331/5
f 338/5 335/5 336/5
f 332/5 329/5 333/5 336/5
f 337/5 329/5 332/5
f 338/5 336/5 333/5
f 403/5 404/5 408/5 407/5
f 411/5 404/5 403/5
f 412/5 407/5 408/5
f 404/5 405/5 409/5 408/5
f 411/5 405/5 404/5
f 412/5 408/5 409/5
f 405/5 406/5 410/5 409/5
f 411/5 406/5 405/5
f 412/5 409/5 410/5
f 406/5 403/5 407/5 410/5
f 411/5 403/5 406/5
f 412/5 410/5 407/5
f 477/5 478/5 482/5 481/5
f 485/5 478/5 477/5
f 486/5 481/5 482/5
f 478/5 479/5 483/5 482/5
f 485/5 479/5 478/5
f 486/5 482/5 483/5
f 479/5 480/5 484/5 483/5
f 485/5 480/5 479/5
f 486/5 483/5 484/5
f 480/5 477/5 481/5 484/5
f 485/5 477/5 480/5
f 486/5 484/5 481/5
f 551/5 552/5 556/5 555/5
f 559/5 552/5 551/5
f 560/5 555/5 556/5
f 552/5 553/5 557/5 556/5
f 559/5 553/5 552/5
f 560/5 556/5 557/5
f 553/5 554/5 558/5 557/5
f 559/5 554/5 553/5
f 560/5 557/5 558/5
f 554/5 551/5 555/5 558/5
f 559/5 551/5 554/5
f 560/5 558/5 555/5
f 625/5 626/5 630/5 629/5
f 633/5 626/5 625/5
f 634/5 629/5 630/5
f 626/5 627/5 631/5 630/5
f 633/5 627/5 626/5
f 634/5 630/5 631/5
f 627/5 628/5 632/5 631/5
f 633/5 628/5 627/5
f 634/5 631/5 632/5
f 628/5 625/5 629/5 632/5
f 633/5 625/5 628/5
f 634/5 632/5 629/5
f 699/5 700/5 704/5 703/5
f 707/5 700/5 699/5
f 708/5 703/5 704/5
f 700/5 701/5 705/5 704/5
f 707/5 701/5 700/5
f 708/5 704/5 705/5
f 701/5 702/5 706/5 705/5
f 707/5 702/5 701/5
f 708/5 705/5 706/5
f 702/5 699/5 703/5 706/5
f 707/5 699/5 702/5
f 708/5 706/5 703/5
f 773/5 774/5 778/5 777/5
f 781/5 774/5 773/5
f 782/5 777/5 778/5
f 774/5 775/5 779/5 778/5
f 781/5 775/5 774/5
f 782/5 778/5 779/5
f 775/5 776/5 780/5 779/5
f 781/5 776/5 775/5
f 782/5 779/5 780/5
f 776/5 773/5 777/5 780/5
f 781/5 773/5 776/5
f 782/5 780/5 777/5
f 847/5 848/5 852/5 851/5
f 855/5 848/5 847/5
f 856/5 851/5 852/5
f 848/5 849/5 853/5 852/5
f 855/5 849/5 848/5
f 856/5 852/5 853/5
f 849/5 850/5 854/5 853/5
f 855/5 850/5 849/5
f 856/5 853/5 854/5
f 850/5 847/5 851/5 854/5
f 855/5 847/5 850/5
f 856/5 854/5 851/5
f 921/5 922/5 926/5 925/5
f 929/5 922/5 921/5
f 930/5 925/5 926/5
f 922/5 923/5 927/5 926/5
f 929/5 923/5 922/5
f 930/5 926/5 927/5
f 923/5 924/5 928/5 927/5
f 929/5 924/5 923/5
f 930/5 927/5 928/5
f 924/5 921/5 925/5 928/5
f 929/5 921/5 924/5
f 930/5 928/5 925/5
f 995/5 996/5 1000/5 999/5
f 1003/5 996/5 995/5
f 1004/5 999/5 1000/5
f 996/5 997/5 1001/5 1000/5
f 1003/5 997/5 996/5
f 1004/5 1000/5 1001/5
f 997/5 998/5 1002/5 1001/5
f 1003/5 998/5 997/5
f 1004/5 1001/5 1002/5
f 998/5 995/5 999/5 1002/5
f 1003/5 995/5 998/5
f 1004/5 1002/5 999/5
f 1069/5 1070/5 1074/5 1073/5
f 1077/5 1070/5 1069/5
f 1078/5 1073/5 1074/5
f 1070/5 1071/5 1075/5 1074/5
f 1077/5 1071/5 1070/5
f 1078/5 1074/5 1075/5
f 1071/5 1072/5 1076/5 1075/5
f 1077/5 1072/5 1071/5
f 1078/5 1075/5 1076/5
f 1072/5 1069/5 1073/5 1076/5
f 1077/5 1069/5 1072/5
f 1078/5 1076/5 1073/5
f 1143/5 1144/5 1148/5 1147/5
f 1151/5 1144/5 1143/5
f 1152/5 1147/5 1148/5
f 1144/5 1145/5 1149/5 1148/5
f 1151/5 1145/5 1144/5
f 1152/5 1148/5 1149/5
f 1145/5 1146/5 1150/5 1149/5
f 1151/5 1146/5 1145/5
f 1152/5 1149/5 1150/5
f 1146/5 1143/5 1147/5 1150/5
f 1151/5 1143/5 1146/5
f 1152/5 1150/5 1147/5
f 1217/5 1218/5 1222/5 1221/5
f 1225/5 1218/5 1217/5
f 1226/5 1221/5 1222/5
f 1218/5 1219/5 1223/5 1222/5
f 1225/5 1219/5 1218/5
f 1226/5 1222/5 1223/5
f 1219/5 1220/5 1224/5 1223/5
f 1225/5 1220/5 1219/5
f 1226/5 1223/5 1224/5
f 1220/5 1217/5 1221/5 1224/5
f 1225/5 1217/5 1220/5
f 1226/5 1224/5 1221/5
f 1291/5 1292/5 1296/5 1295/5
f 1299/5 1292/5 1291/5
f 1300/5 1295/5 1296/5
f 1292/5 1293/5 1297/5 1296/5
f 1299/5 1293/5 1292/5
f 1300/5 1296/5 1297/5
f 1293/5 1294/5 1298/5 1297/5
f 1299/5 1294/5 1293/5
f 1300/5 1297/5 1298/5
f 1294/5 1291/5 1295/5 1298/5
f 1299/5 1291/5 1294/5
f 1300/5 1298/5 1295/5
f 1365/5 1366/5 1370/5 1369/5
f 1373/5 1366/5 1365/5
f 1374/5 1369/5 1370/5
f 1366/5 1367/5 1371/5 1370/5
f 1373/5 1367/5 1366/5
f 1374/5 1370/5 1371/5
f 1367/5 1368/5 1372/5 1371/5
f 1373/5 1368/5 1367/5
f 1374/5 1371/5 1372/5
f 1368/5 1365/5 1369/5 1372/5
f 1373/5 1365/5 1368/5
f 1374/5 1372/5 1369/5
f 1439/5 1440/5 1444/5 1443/5
f 1447/5 1440/5 1439/5
f 1448/5 1443/5 1444/5
f 1440/5 1441/5 1445/5 1444/5
f 1447/5 1441/5 1440/5
f 1448/5 1444/5 1445/5
f 1441/5 1442/5 1446/5 1445/5
f 1447/5 1442/5 1441/5
f 1448/5 1445/5 1446/5
f 1442/5 1439/5 1443/5 1446/5
f 1447/5 1439/5 1442/5
f 1448/5 1446/5 1443/5
f 1513/5 1514/5 1518/5 1517/5
f 1521/5 1514/5 1513/5
f 1522/5 1517/5 1518/5
f 1514/5 1515/5 1519/5 1518/5
f 1521/5 1515/5 1514/5
f 1522/5 1518/5 1519/5
f 1515/5 1516/5 1520/5 1519/5
f 1521/5 1516/5 1515/5
f 1522/5 1519/5 1520/5
f 1516/5 1513/5 1517/5 1520/5
f 1521/5 1513/5 1516/5
f 1522/5 1520/5 1517/5
f 1587/5 1588/5 1592/5 1591/5
f 1595/5 1588/5 1587/5
f 1596/5 1591/5 1592/5
f 1588/5 1589/5 1593/5 1592/5
f 1595/5 1589/5 1588/5
f 1596/5 1592/5 1593/5
f 1589/5 1590/5 1594/5 1593/5
f 1595/5 1590/5 1589/5
f 1596/5 1593/5 1594/5
f 1590/5 1587/5 1591/5 1594/5
f 1595/5 1587/5 1590/5
f 1596/5 1594/5 1591/5
f 1661/5 1662/5 1666/5 1665/5
f 1669/5 1662/5 1661/5
f 1670/5 1665/5 1666/5
f 1662/5 1663/5 1667/5 1666/5
f 1669/5 1663/5 1662/5
f 1670/5 1666/5 1667/5
f 1663/5 1664/5 1668/5 1667/5
f 1669/5 1664/5 1663/5
f 1670/5 1667/5 1668/5
f 1664/5 1661/5 1665/5 1668/5
f 1669/5 1661/5 1664/5
f 1670/5 1668/5 1665/5
f 1735/5 1736/5 1740/5 1739/5
f 1743/5 1736/5 1735/5
f 1744/5 1739/5 1740/5
f 1736/5 1737/5 1741/5 1740/5
f 1743/5 1737/5 1736/5
f 1744/5 1740/5 1741/5
f 1737/5 1738/5 1742/5 1741/5
f 1743/5 1738/5 1737/5
f 1744/5 1741/5 1742/5
f 1738/5 1735/5 1739/5 1742/5
f 1743/5 1735/5 1738/5
f 1744/5 1742/5 1739/5
f 1809/5 1810/5 1814/5 1813/5
f 1817/5 1810/5 1809/5
f 1818/5 1813/5 1814/5
f 1810/5 1811/5 1815/5 1814/5
f 1817/5 1811/5 1810/5
f 1818/5 1814/5 1815/5
f 1811/5 1812/5 1816/5 1815/5
f 1817/5 1812/5 1811/5
f 1818/5 1815/5 1816/5
f 1812/5 1809/5 1813/5 1816/5
f 1817/5 1809/5 1812/5
f 1818/5 1816/5 1813/5
f 1883/5 1884/5 1888/5 1887/5
f 1891/5 1884/5 1883/5
f 1892/5 1887/5 1888/5
f 1884/5 1885/5 1889/5 1888/5
f 1891/5 1885/5 1884/5
f 1892/5 1888/5 1889/5
f 1885/5 1886/5 1890/5 1889/5
f 1891/5 1886/5 1885/5
f 1892/5 1889/5 1890/5
f 1886/5 1883/5 1887/5 1890/5
f 1891/5 1883/5 1886/5
f 1892/5 1890/5 1887/5
f 1957/5 1958/5 1962/5 1961/5
f 1965/5 1958/5 1957/5
f 1966/5 1961/5 1962/5
f 1958/5 1959/5 1963/5 1962/5
f 1965/5 1959/5 1958/5
f 1966/5 1962/5 1963/5
f 1959/5 1960/5 1964/5 1963/5
f 1965/5 1960/5 1959/5
f 1966/5 1963/5 1964/5
f 1960/5 1957/5 1961/5 1964/5
f 1965/5 1957/5 1960/5
f 1966/5 1964/5 1961/5
f 2031/5 2032/5 2036/5 2035/5
f 2039/5 2032/5 2031/5
f 2040/5 2035/5 2036/5
f 2032/5 2033/5 2037/5 2036/5
f 2039/5 2033/5 2032/5
f 2040/5 2036/5 2037/5
f 2033/5 2034/5 2038/5 2037/5
f 2039/5 2034/5 2033/5
f 2040/5 2037/5 2038/5
f 2034/5 2031/5 2035/5 2038/5
f 2039/5 2031/5 2034/5
f 2040/5 2038/5 2035/5
f 2105/5 2106/5 2110/5 2109/5
f 2113/5 2106/5 2105/5
f 2114/5 2109/5 2110/5
f 2106/5 2107/5 2111/5 2110/5
f 2113/5 2107/5 2106/5
f 2114/5 2110/5 2111/5
f 2107/5 2108/5 2112/5 2111/5
f 2113/5 2108/5 2107/5
f 2114/5 2111/5 2112/5
f 2108/5 2105/5 2109/5 2112/5
f 2113/5 2105/5 2108/5
f 2114/5 2112/5 2109/5
f 2179/5 2180/5 2184/5 2183/5
f 2187/5 2180/5 2179/5
f 2188/5 2183/5 2184/5
f 2180/5 2181/5 2185/5 2184/5
f 2187/5 2181/5 2180/5
f 2188/5 2184/5 2185/5
f 2181/5 2182/5 2186/5 2185/5
f 2187/5 2182/5 2181/5
f 2188/5 2185/5 2186/5
f 2182/5 2179/5 2183/5 2186/5
f 2187/5 2179/5 2182/5
f 2188/5 2186/5 2183/5
f 2253/5 2254/5 2258/5 2257/5
f 2261/5 2254/5 2253/5
f 2262/5 2257/5 2258/5
f 2254/5 2255/5 2259/5 2258/5
f 2261/5 2255/5 2254/5
f 2262/5 2258/5 2259/5
f 2255/5 2256/5 2260/5 2259/5
f 2261/5 2256/5 2255/5
f 2262/5 2259/5 2260/5
f 2256/5 2253/5 2257/5 2260/5
f 2261/5 2253/5 2256/5
f 2262/5 2260/5 2257/5
f 2327/5 2328/5 2332/5 2331/5
f 2335/5 2328/5 2327/5
f 2336/5 2331/5 2332/5
f 2328/5 2329/5 2333/5 2332/5
f 2335/5 2329/5 2328/5
f 2336/5 2332/5 2333/5
f 2329/5 2330/5 2334/5 2333/5
f 2335/5 2330/5 2329/5
f 2336/5 2333/5 2334/5
f 2330/5 2327/5 2331/5 2334/5
f 2335/5 2327/5 2330/5
f 2336/5 2334/5 2331/5
f 2401/5 2402/5 2406/5 2405/5
f 2409/5 2402/5 2401/5
f 2410/5 2405/5 2406/5
f 2402/5 2403/5 2407/5 2406/5
f 2409/5 2403/5 2402/5
f 2410/5 2406/5 2407/5
f 2403/5 2404/5 2408/5 2407/5
f 2409/5 2404/5 2403/5
f 2410/5 2407/5 2408/5
f 2404/5 2401/5 2405/5 2408/5
f 2409/5 2401/5 2404/5
f 2410/5 2408/5 2405/5
f 2475/5 2476/5 2480/5 2479/5
f 2483/5 2476/5 2475/5
f 2484/5 2479/5 2480/5
f 2476/5 2477/5 2481/5 2480/5
f 2483/5 2477/5 2476/5
f 2484/5 2480/5 2481/5
f 2477/5 2478/5 2482/5 2481/5
f 2483/5 2478/5 2477/5
f 2484/5 2481/5 2482/5
f 2478/5 2475/5 2479/5 2482/5
f 2483/5 2475/5 2478/5
f 2484/5 2482/5 2479/5
f 2549/5 2550/5 2554/5 2553/5
f 2557/5 2550/5 2549/5
f 2558/5 2553/5 2554/5
f 2550/5 2551/5 2555/5 2554/5
f 2557/5 2551/5 2550/5
f 2558/5 2554/5 2555/5
f 2551/5 2552/5 2556/5 2555/5
f 2557/5 2552/5 2551/5
f 2558/5 2555/5 2556/5
f 2552/5 2549/5 2553/5 2556/5
f 2557/5 2549/5 2552/5
f 2558/5 2556/5 2553/5
f 2623/5 2624/5 2628/5 2627/5
f 2631/5 2624/5 2623/5
f 2632/5 2627/5 2628/5
f 2624/5 2625/5 2629/5 2628/5
f 2631/5 2625/5 2624/5
f 2632/5 2628/5 2629/5
f 2625/5 2626/5 2630/5 2629/5
f 2631/5 2626/5 2625/5
f 2632/5 2629/5 2630/5
f 2626/5 2623/5 2627/5 2630/5
f 2631/5 2623/5 2626/5
f 2632/5 2630/5 2627/5
f 2697/5 2698/5 2702/5 2701/5
f 2705/5 2698/5 2697/5
f 2706/5 2701/5 2702/5
f 2698/5 2699/5 2703/5 2702/5
f 2705/5 2699/5 2698/5
f 2706/5 2702/5 2703/5
f 2699/5 2700/5 2704/5 2703/5
f 2705/5 2700/5 2699/5
f 2706/5 2703/5 2704/5
f 2700/5 2697/5 2701/5 2704/5
f 2705/5 2697/5 2700/5
f 2706/5 2704/5 2701/5
f 2771/5 2772/5 2776/5 2775/5
f 2779/5 2772/5 2771/5
f 2780/5 2775/5 2776/5
f 2772/5 2773/5 2777/5 2776/5
f 2779/5 2773/5 2772/5
f 2780/5 2776/5 2777/5
f 2773/5 2774/5 2778/5 2777/5
f 2779/5 2774/5 2773/5
f 2780/5 2777/5 2778/5
f 2774/5 2771/5 2775/5 2778/5
f 2779/5 2771/5 2774/5
f 2780/5 2778/5 2775/5
f 2845/5 2846/5 2850/5 2849/5
f 2853/5 2846/5 2845/5
f 2854/5 2849/5 2850/5
f 2846/5 2847/5 2851/5 2850/5
f 2853/5 2847/5 2846/5
f 2854/5 2850/5 2851/5
f 2847/5 2848/5 2852/5 2851/5
f 2853/5 2848/5 2847/5
f 2854/5 2851/5 2852/5
f 2848/5 2845/5 2849/5 2852/5
f 2853/5 2845/5 2848/5
f 2854/5 2852/5 2849/5
f 2919/5 2920/5 2924/5 2923/5
f 2927/5 2920/5 2919/5
f 2928/5 2923/5 2924/5
f 2920/5 2921/5 2925/5 2924/5
f 2927/5 2921/5 2920/5
f 2928/5 2924/5 2925/5
f 2921/5 2922/5 2926/5 2925/5
f 2927/5 2922/5 2921/5
f 2928/5 2925/5 2926/5
f 2922/5 2919/5 2923/5 2926/5
f 2927/5 2919/5 2922/5
f 2928/5 2926/5 2923/5
f 2993/5 2994/5 2998/5 2997/5
f 3001/5 2994/5 2993/5
f 3002/5 2997/5 2998/5
f 2994/5 2995/5 2999/5 2998/5
f 3001/5 2995/5 2994/5
f 3002/5 2998/5 2999/5
f 2995/5 2996/5 3000/5 2999/5
f 3001/5 2996/5 2995/5
f 3002/5 2999/5 3000/5
f 2996/5 2993/5 2997/5 3000/5
f 3001/5 2993/5 2996/5
f 3002/5 3000/5 2997/5
f 3067/5 3068/5 3072/5 3071/5
f 3075/5 3068/5 3067/5
f 3076/5 3071/5 3072/5
f 3068/5 3069/5 3073/5 3072/5
f 3075/5 3069/5 3068/5
f 3076/5 3072/5 3073/5
f 3069/5 3070/5 3074/5 3073/5
f 3075/5 3070/5 3069/5
f 3076/5 3073/5 3074/5
f 3070/5 3067/5 3071/5 3074/5
f 3075/5 3067/5 3070/5
f 3076/5 3074/5 3071/5
f 3141/5 3142/5 3146/5 3145/5
f 3149/5 3142/5 3141/5
f 3150/5 3145/5 3146/5
f 3142/5 3143/5 3147/5 3146/5
f 3149/5 3143/5 3142/5
f 3150/5 3146/5 3147/5
f 3143/5 3144/5 3148/5 3147/5
f 3149/5 3144/5 3143/5
f 3150/5 3147/5 3148/5
f 3144/5 3141/5 3145/5 3148/5
f 3149/5 3141/5 3144/5
f 3150/5 3148/5 3145/5
f 3215/5 3216/5 3220/5 3219/5
f 3223/5 3216/5 3215/5
f 3224/5 3219/5 3220/5
f 3216/5 3217/5 3221/5 3220/5
f 3223/5 3217/5 3216/5
f 3224/5 3220/5 3221/5
f 3217/5 3218/5 3222/5 3221/5
f 3223/5 3218/5 3217/5
f 3224/5 3221/5 3222/5
f 3218/5 3215/5 3219/5 3222/5
f 3223/5 3215/5 3218/5
f 3224/5 3222/5 3219/5
f 3289/5 3290/5 3294/5 3293/5
f 3297/5 3290/5 3289/5
f 3298/5 3293/5 3294/5
f 3290/5 3291/5 3295/5 3294/5
f 3297/5 3291/5 3290/5
f 3298/5 3294/5 3295/5
f 3291/5 3292/5 3296/5 3295/5
f 3297/5 3292/5 3291/5
f 3298/5 3295/5 3296/5
f 3292/5 3289/5 3293/5 3296/5
f 3297/5 3289/5 3292/5
f 3298/5 3296/5 3293/5
f 3363/5 3364/5 3368/5 3367/5
f 3371/5 3364/5 3363/5
f 3372/5 3367/5 3368/5
f 3364/5 3365/5 3369/5 3368/5
f 3371/5 3365/5 3364/5
f 3372/5 3368/5 3369/5
f 3365/5 3366/5 3370/5 3369/5
f 3371/5 3366/5 3365/5
f 3372/5 3369/5 3370/5
f 3366/5 3363/5 3367/5 3370/5
f 3371/5 3363/5 3366/5
f 3372/5 3370/5 3367/5
f 3437/5 3438/5 3442/5 3441/5
f 3445/5 3438/5 3437/5
f 3446/5 3441/5 3442/5
f 3438/5 3439/5 3443/5 3442/5
f 3445/5 3439/5 3438/5
f 3446/5 3442/5 3443/5
f 3439/5 3440/5 3444/5 3443/5
f 3445/5 3440/5 3439/5
f 3446/5 3443/5 3444/5
f 3440/5 3437/5 3441/5 3444/5
f 3445/5 3437/5 3440/5
f 3446/5 3444/5 3441/5
f 3511/5 3512/5 3516/5 3515/5
f 3519/5 3512/5 3511/5
f 3520/5 3515/5 3516/5
f 3512/5 3513/5 3517/5 3516/5
f 3519/5 3513/5 3512/5
f 3520/5 3516/5 3517/5
f 3513/5 3514/5 3518/5 3517/5
f 3519/5 3514/5 3513/5
f 3520/5 3517/5 3518/5
f 3514/5 3511/5 3515/5 3518/5
f 3519/5 3511/5 3514/5
f 3520/5 3518/5 3515/5
f 3585/5 3586/5 3590/5 3589/5
f 3593/5 3586/5 3585/5
f 3594/5 3589/5 3590/5
f 3586/5 3587/5 3591/5 3590/5
f 3593/5 3587/5 3586/5
f 3594/5 3590/5 3591/5
f 3587/5 3588/5 3592/5 3591/5
f 3593/5 3588/5 3587/5
f 3594/5 3591/5 3592/5
f 3588/5 3585/5 3589/5 3592/5
f 3593/5 3585/5 3588/5
f 3594/5 3592/5 3589/5
f 3659/5 3660/5 3664/5 3663/5
f 3667/5 3660/5 3659/5
f 3668/5 3663/5 3664/5
f 3660/5 3661/5 3665/5 3664/5
f 3667/5 3661/5 3660/5
f 3668/5 3664/5 3665/5
f 3661/5 3662/5 3666/5 3665/5
f 3667/5 3662/5 3661/5
f 3668/5 3665/5 3666/5
f 3662/5 3659/5 3663/5 3666/5
f 3667/5 3659/5 3662/5
f 3668/5 3666/5 3663/5
usemtl mint
f 3701/3 3702/3 3725/3
f 3718/3 3717/3 3726/3
f 3702/3 3703/3 3725/3
f 3719/3 3718/3 3726/3
f 3703/3 3704/3 3725/3
f 3720/3 3719/3 3726/3
f 3704/3 3705/3 3725/3
f 3721/3 3720/3 3726/3
f 3705/3 3706/3 3725/3
f 3722/3 3721/3 3726/3
f 3706/3 3707/3 3725/3
f 3723/3 3722/3 3726/3
f 3707/3 3708/3 3725/3
f 3724/3 3723/3 3726/3
f 3708/3 3701/3 3725/3
f 3717/3 3724/3 3726/3
f 3709/3 3710/3 3702/3 3701/3
f 3710/3 3711/3 3703/3 3702/3
f 3711/3 3712/3 3704/3 3703/3
f 3712/3 3713/3 3705/3 3704/3
f 3713/3 3714/3 3706/3 3705/3
f 3714/3 3715/3 3707/3 3706/3
f 3715/3 3716/3 3708/3 3707/3
f 3716/3 3709/3 3701/3 3708/3
f 3717/3 3718/3 3710/3 3709/3
f 3718/3 3719/3 3711/3 3710/3
f 3719/3 3720/3 3712/3 3711/3
f 3720/3 3721/3 3713/3 3712/3
f 3721/3 3722/3 3714/3 3713/3
f 3722/3 3723/3 3715/3 3714/3
f 3723/3 3724/3 3716/3 3715/3
f 3724/3 3717/3 3709/3 3716/3
f 3769/3 3770/3 3793/3
f 3786/3 3785/3 3794/3
f 3770/3 3771/3 3793/3
f 3787/3 3786/3 3794/3
f 3771/3 3772/3 3793/3
f 3788/3 3787/3 3794/3
f 3772/3 3773/3 3793/3
f 3789/3 3788/3 3794/3
f 3773/3 3774/3 3793/3
f 3790/3 3789/3 3794/3
f 3774/3 3775/3 3793/3
f 3791/3 3790/3 3794/3
f 3775/3 3776/3 3793/3
f 3792/3 3791/3 3794/3
f 3776/3 3769/3 3793/3
f 3785/3 3792/3 3794/3
f 3777/3 3778/3 3770/3 3769/3
f 3778/3 3779/3 3771/3 3770/3
f 3779/3 3780/3 3772/3 3771/3
f 3780/3 3781/3 3773/3 3772/3
f 3781/3 3782/3 3774/3 3773/3
f 3782/3 3783/3 3775/3 3774/3
f 3783/3 3784/3 3776/3 3775/3
f 3784/3 3777/3 3769/3 3776/3
f 3785/3 3786/3 3778/3 3777/3
f 3786/3 3787/3 3779/3 3778/3
f 3787/3 3788/3 3780/3 3779/3
f 3788/3 3789/3 3781/3 3780/3
f 3789/3 3790/3 3782/3 3781/3
f 3790/3 3791/3 3783/3 3782/3
f 3791/3 3792/3 3784/3 3783/3
f 3792/3 3785/3 3777/3 3784/3
f 3837/3 3838/3 3861/3
f 3854/3 3853/3 3862/3
f 3838/3 3839/3 3861/3
f 3855/3 3854/3 3862/3
f 3839/3 3840/3 3861/3
f 3856/3 3855/3 3862/3
f 3840/3 3841/3 3861/3
f 3857/3 3856/3 3862/3
f 3841/3 3842/3 3861/3
f 3858/3 3857/3 3862/3
f 3842/3 3843/3 3861/3
f 3859/3 3858/3 3862/3
f 3843/3 3844/3 3861/3
f 3860/3 3859/3 3862/3
f 3844/3 3837/3 3861/3
f 3853/3 3860/3 3862/3
f 3845/3 3846/3 3838/3 3837/3
f 3846/3 3847/3 3839/3 3838/3
f 3847/3 3848/3 3840/3 3839/3
f 3848/3 3849/3 3841/3 3840/3
f 3849/3 3850/3 3842/3 3841/3
f 3850/3 3851/3 3843/3 3842/3
f 3851/3 3852/3 3844/3 3843/3
f 3852/3 3845/3 3837/3 3844/3
f 3853/3 3854/3 3846/3 3845/3
f 3854/3 3855/3 3847/3 3846/3
f 3855/3 3856/3 3848/3 3847/3
f 3856/3 3857/3 3849/3 3848/3
f 3857/3 3858/3 3850/3 3849/3
f 3858/3 3859/3 3851/3 3850/3
f 3859/3 3860/3 3852/3 3851/3
f 3860/3 3853/3 3845/3 3852/3
f 3905/3 3906/3 3929/3
f 3922/3 3921/3 3930/3
f 3906/3 3907/3 3929/3
f 3923/3 3922/3 3930/3
f 3907/3 3908/3 3929/3
f 3924/3 3923/3 3930/3
f 3908/3 3909/3 3929/3
f 3925/3 3924/3 3930/3
f 3909/3 3910/3 3929/3
f 3926/3 3925/3 3930/3
f 3910/3 3911/3 3929/3
f 3927/3 3926/3 3930/3
f 3911/3 3912/3 3929/3
f 3928/3 3927/3 3930/3
f 3912/3 3905/3 3929/3
f 3921/3 3928/3 3930/3
f 3913/3 3914/3 3906/3 3905/3
f 3914/3 3915/3 3907/3 3906/3
f 3915/3 3916/3 3908/3 3907/3
f 3916/3 3917/3 3909/3 3908/3
f 3917/3 3918/3 3910/3 3909/3
f 3918/3 3919/3 3911/3 3910/3
f 3919/3 3920/3 3912/3 3911/3
f 3920/3 3913/3 3905/3 3912/3
f 3921/3 3922/3 3914/3 3913/3
f 3922/3 3923/3 3915/3 3914/3
f 3923/3 3924/3 3916/3 3915/3
f 3924/3 3925/3 3917/3 3916/3
f 3925/3 3926/3 3918/3 3917/3
f 3926/3 3927/3 3919/3 3918/3
f 3927/3 3928/3 3920/3 3919/3
f 3928/3 3921/3 3913/3 3920/3
usemtl gold
f 3795/4 3796/4 3807/4
f 3802/4 3801/4 3808/4
f 3796/4 3797/4 3807/4
f 3803/4 3802/4 3808/4
f 3797/4 3798/4 3807/4
f 3804/4 3803/4 3808/4
f 3798/4 3799/4 3807/4
f 3805/4 3804/4 3808/4
f 3799/4 3800/4 3807/4
f 3806/4 3805/4 3808/4
f 3800/4 3795/4 3807/4
f 3801/4 3806/4 3808/4
f 3801/4 3802/4 3796/4 3795/4
f 3802/4 3803/4 3797/4 3796/4
f 3803/4 3804/4 3798/4 3797/4
f 3804/4 3805/4 3799/4 3798/4
f 3805/4 3806/4 3800/4 3799/4
f 3806/4 3801/4 3795/4 3800/4
f 3809/4 3810/4 3821/4
f 3816/4 3815/4 3822/4
f 3810/4 3811/4 3821/4
f 3817/4 3816/4 3822/4
f 3811/4 3812/4 3821/4
f 3818/4 3817/4 3822/4
f 3812/4 3813/4 3821/4
f 3819/4 3818/4 3822/4
f 3813/4 3814/4 3821/4
f 3820/4 3819/4 3822/4
f 3814/4 3809/4 3821/4
f 3815/4 3820/4 3822/4
f 3815/4 3816/4 3810/4 3809/4
f 3816/4 3817/4 3811/4 3810/4
f 3817/4 3818/4 3812/4 3811/4
f 3818/4 3819/4 3813/4 3812/4
f 3819/4 3820/4 3814/4 3813/4
f 3820/4 3815/4 3809/4 3814/4
f 3823/4 3824/4 3835/4
f 3830/4 3829/4 3836/4
f 3824/4 3825/4 3835/4
f 3831/4 3830/4 3836/4
f 3825/4 3826/4 3835/4
f 3832/4 3831/4 3836/4
f 3826/4 3827/4 3835/4
f 3833/4 3832/4 3836/4
f 3827/4 3828/4 3835/4
f 3834/4 3833/4 3836/4
f 3828/4 3823/4 3835/4
f 3829/4 3834/4 3836/4
f 3829/4 3830/4 3824/4 3823/4
f 3830/4 3831/4 3825/4 3824/4
f 3831/4 3832/4 3826/4 3825/4
f 3832/4 3833/4 3827/4 3826/4
f 3833/4 3834/4 3828/4 3827/4
f 3834/4 3829/4 3823/4 3828/4
f 3931/4 3932/4 3943/4
f 3938/4 3937/4 3944/4
f 3932/4 3933/4 3943/4
f 3939/4 3938/4 3944/4
f 3933/4 3934/4 3943/4
f 3940/4 3939/4 3944/4
f 3934/4 3935/4 3943/4
f 3941/4 3940/4 3944/4
f 3935/4 3936/4 3943/4
f 3942/4 3941/4 3944/4
f 3936/4 3931/4 3943/4
f 3937/4 3942/4 3944/4
f 3937/4 3938/4 3932/4 3931/4
f 3938/4 3939/4 3933/4 3932/4
f 3939/4 3940/4 3934/4 3933/4
f 3940/4 3941/4 3935/4 3934/4
f 3941/4 3942/4 3936/4 3935/4
f 3942/4 3937/4 3931/4 3936/4
f 3945/4 3946/4 3957/4
f 3952/4 3951/4 3958/4
f 3946/4 3947/4 3957/4
f 3953/4 3952/4 3958/4
f 3947/4 3948/4 3957/4
f 3954/4 3953/4 3958/4
f 3948/4 3949/4 3957/4
f 3955/4 3954/4 3958/4
f 3949/4 3950/4 3957/4
f 3956/4 3955/4 3958/4
f 3950/4 3945/4 3957/4
f 3951/4 3956/4 3958/4
f 3951/4 3952/4 3946/4 3945/4
f 3952/4 3953/4 3947/4 3946/4
f 3953/4 3954/4 3948/4 3947/4
f 3954/4 3955/4 3949/4 3948/4
f 3955/4 3956/4 3950/4 3949/4
f 3956/4 3951/4 3945/4 3950/4
f 3959/4 3960/4 3971/4
f 3966/4 3965/4 3972/4
f 3960/4 3961/4 3971/4
f 3967/4 3966/4 3972/4
f 3961/4 3962/4 3971/4
f 3968/4 3967/4 3972/4
f 3962/4 3963/4 3971/4
f 3969/4 3968/4 3972/4
f 3963/4 3964/4 3971/4
f 3970/4 3969/4 3972/4
f 3964/4 3959/4 3971/4
f 3965/4 3970/4 3972/4
f 3965/4 3966/4 3960/4 3959/4
f 3966/4 3967/4 3961/4 3960/4
f 3967/4 3968/4 3962/4 3961/4
f 3968/4 3969/4 3963/4 3962/4
f 3969/4 3970/4 3964/4 3963/4
f 3970/4 3965/4 3959/4 3964/4
f 3981/4 3984/4 3983/4 3982/4
f 3985/4 3986/4 3987/4 3988/4
f 3981/4 3985/4 3988/4 3984/4
f 3982/4 3983/4 3987/4 3986/4
f 3981/4 3982/4 3986/4 3985/4
f 3984/4 3988/4 3987/4 3983/4
f 3989/4 3990/4 3996/4 3995/4
f 4001/4 3990/4 3989/4
f 4002/4 3995/4 3996/4
f 3990/4 3991/4 3997/4 3996/4
f 4001/4 3991/4 3990/4
f 4002/4 3996/4 3997/4
f 3991/4 3992/4 3998/4 3997/4
f 4001/4 3992/4 3991/4
f 4002/4 3997/4 3998/4
f 3992/4 3993/4 3999/4 3998/4
f 4001/4 3993/4 3992/4
f 4002/4 3998/4 3999/4
f 3993/4 3994/4 4000/4 3999/4
f 4001/4 3994/4 3993/4
f 4002/4 3999/4 4000/4
f 3994/4 3989/4 3995/4 4000/4
f 4001/4 3989/4 3994/4
f 4002/4 4000/4 3995/4
f 4003/4 4004/4 4010/4 4009/4
f 4015/4 4004/4 4003/4
f 4016/4 4009/4 4010/4
f 4004/4 4005/4 4011/4 4010/4
f 4015/4 4005/4 4004/4
f 4016/4 4010/4 4011/4
f 4005/4 4006/4 4012/4 4011/4
f 4015/4 4006/4 4005/4
f 4016/4 4011/4 4012/4
f 4006/4 4007/4 4013/4 4012/4
f 4015/4 4007/4 4006/4
f 4016/4 4012/4 4013/4
f 4007/4 4008/4 4014/4 4013/4
f 4015/4 4008/4 4007/4
f 4016/4 4013/4 4014/4
f 4008/4 4003/4 4009/4 4014/4
f 4015/4 4003/4 4008/4
f 4016/4 4014/4 4009/4
f 4017/4 4018/4 4024/4 4023/4
f 4029/4 4018/4 4017/4
f 4030/4 4023/4 4024/4
f 4018/4 4019/4 4025/4 4024/4
f 4029/4 4019/4 4018/4
f 4030/4 4024/4 4025/4
f 4019/4 4020/4 4026/4 4025/4
f 4029/4 4020/4 4019/4
f 4030/4 4025/4 4026/4
f 4020/4 4021/4 4027/4 4026/4
f 4029/4 4021/4 4020/4
f 4030/4 4026/4 4027/4
f 4021/4 4022/4 4028/4 4027/4
f 4029/4 4022/4 4021/4
f 4030/4 4027/4 4028/4
f 4022/4 4017/4 4023/4 4028/4
f 4029/4 4017/4 4022/4
f 4030/4 4028/4 4023/4
f 4031/4 4032/4 4038/4 4037/4
f 4043/4 4032/4 4031/4
f 4044/4 4037/4 4038/4
f 4032/4 4033/4 4039/4 4038/4
f 4043/4 4033/4 4032/4
f 4044/4 4038/4 4039/4
f 4033/4 4034/4 4040/4 4039/4
f 4043/4 4034/4 4033/4
f 4044/4 4039/4 4040/4
f 4034/4 4035/4 4041/4 4040/4
f 4043/4 4035/4 4034/4
f 4044/4 4040/4 4041/4
f 4035/4 4036/4 4042/4 4041/4
f 4043/4 4036/4 4035/4
f 4044/4 4041/4 4042/4
f 4036/4 4031/4 4037/4 4042/4
f 4043/4 4031/4 4036/4
f 4044/4 4042/4 4037/4
f 4045/4 4046/4 4052/4 4051/4
f 4057/4 4046/4 4045/4
f 4058/4 4051/4 4052/4
f 4046/4 4047/4 4053/4 4052/4
f 4057/4 4047/4 4046/4
f 4058/4 4052/4 4053/4
f 4047/4 4048/4 4054/4 4053/4
f 4057/4 4048/4 4047/4
f 4058/4 4053/4 4054/4
f 4048/4 4049/4 4055/4 4054/4
f 4057/4 4049/4 4048/4
f 4058/4 4054/4 4055/4
f 4049/4 4050/4 4056/4 4055/4
f 4057/4 4050/4 4049/4
f 4058/4 4055/4 4056/4
f 4050/4 4045/4 4051/4 4056/4
f 4057/4 4045/4 4050/4
f 4058/4 4056/4 4051/4
f 4059/4 4060/4 4066/4 4065/4
f 4071/4 4060/4 4059/4
f 4072/4 4065/4 4066/4
f 4060/4 4061/4 4067/4 4066/4
f 4071/4 4061/4 4060/4
f 4072/4 4066/4 4067/4
f 4061/4 4062/4 4068/4 4067/4
f 4071/4 4062/4 4061/4
f 4072/4 4067/4 4068/4
f 4062/4 4063/4 4069/4 4068/4
f 4071/4 4063/4 4062/4
f 4072/4 4068/4 4069/4
f 4063/4 4064/4 4070/4 4069/4
f 4071/4 4064/4 4063/4
f 4072/4 4069/4 4070/4
f 4064/4 4059/4 4065/4 4070/4
f 4071/4 4059/4 4064/4
f 4072/4 4070/4 4065/4
f 4073/4 4074/4 4080/4 4079/4
f 4085/4 4074/4 4073/4
f 4086/4 4079/4 4080/4
f 4074/4 4075/4 4081/4 4080/4
f 4085/4 4075/4 4074/4
f 4086/4 4080/4 4081/4
f 4075/4 4076/4 4082/4 4081/4
f 4085/4 4076/4 4075/4
f 4086/4 4081/4 4082/4
f 4076/4 4077/4 4083/4 4082/4
f 4085/4 4077/4 4076/4
f 4086/4 4082/4 4083/4
f 4077/4 4078/4 4084/4 4083/4
f 4085/4 4078/4 4077/4
f 4086/4 4083/4 4084/4
f 4078/4 4073/4 4079/4 4084/4
f 4085/4 4073/4 4078/4
f 4086/4 4084/4 4079/4
f 4087/4 4088/4 4094/4 4093/4
f 4099/4 4088/4 4087/4
f 4100/4 4093/4 4094/4
f 4088/4 4089/4 4095/4 4094/4
f 4099/4 4089/4 4088/4
f 4100/4 4094/4 4095/4
f 4089/4 4090/4 4096/4 4095/4
f 4099/4 4090/4 4089/4
f 4100/4 4095/4 4096/4
f 4090/4 4091/4 4097/4 4096/4
f 4099/4 4091/4 4090/4
f 4100/4 4096/4 4097/4
f 4091/4 4092/4 4098/4 4097/4
f 4099/4 4092/4 4091/4
f 4100/4 4097/4 4098/4
f 4092/4 4087/4 4093/4 4098/4
f 4099/4 4087/4 4092/4
f 4100/4 4098/4 4093/4
f 4166/4 4165/4 4185/4
f 4175/4 4176/4 4186/4
f 4166/4 4176/4 4175/4 4165/4
f 4167/4 4166/4 4185/4
f 4176/4 4177/4 4186/4
f 4167/4 4177/4 4176/4 4166/4
f 4168/4 4167/4 4185/4
f 4177/4 4178/4 4186/4
f 4168/4 4178/4 4177/4 4167/4
f 4169/4 4168/4 4185/4
f 4178/4 4179/4 4186/4
f 4169/4 4179/4 4178/4 4168/4
f 4170/4 4169/4 4185/4
f 4179/4 4180/4 4186/4
f 4170/4 4180/4 4179/4 4169/4
f 4171/4 4170/4 4185/4
f 4180/4 4181/4 4186/4
f 4171/4 4181/4 4180/4 4170/4
f 4172/4 4171/4 4185/4
f 4181/4 4182/4 4186/4
f 4172/4 4182/4 4181/4 4171/4
f 4173/4 4172/4 4185/4
f 4182/4 4183/4 4186/4
f 4173/4 4183/4 4182/4 4172/4
f 4174/4 4173/4 4185/4
f 4183/4 4184/4 4186/4
f 4174/4 4184/4 4183/4 4173/4
f 4165/4 4174/4 4185/4
f 4184/4 4175/4 4186/4
f 4165/4 4175/4 4184/4 4174/4
usemtl cream
f 3973/1 3976/1 3975/1 3974/1
f 3977/1 3978/1 3979/1 3980/1
f 3973/1 3977/1 3980/1 3976/1
f 3974/1 3975/1 3979/1 3978/1
f 3973/1 3974/1 3978/1 3977/1
f 3976/1 3980/1 3979/1 3975/1
f 4109/1 4112/1 4111/1 4110/1
f 4113/1 4114/1 4115/1 4116/1
f 4109/1 4113/1 4116/1 4112/1
f 4110/1 4111/1 4115/1 4114/1
f 4109/1 4110/1 4114/1 4113/1
f 4112/1 4116/1 4115/1 4111/1
f 4125/1 4128/1 4127/1 4126/1
f 4129/1 4130/1 4131/1 4132/1
f 4125/1 4129/1 4132/1 4128/1
f 4126/1 4127/1 4131/1 4130/1
f 4125/1 4126/1 4130/1 4129/1
f 4128/1 4132/1 4131/1 4127/1
f 4141/1 4144/1 4143/1 4142/1
f 4145/1 4146/1 4147/1 4148/1
f 4141/1 4145/1 4148/1 4144/1
f 4142/1 4143/1 4147/1 4146/1
f 4141/1 4142/1 4146/1 4145/1
f 4144/1 4148/1 4147/1 4143/1
f 4157/1 4160/1 4159/1 4158/1
f 4161/1 4162/1 4163/1 4164/1
f 4157/1 4161/1 4164/1 4160/1
f 4158/1 4159/1 4163/1 4162/1
f 4157/1 4158/1 4162/1 4161/1
f 4160/1 4164/1 4163/1 4159/1
