# ParkParkSkyTrackV2 — ParkPark original fairground mesh
mtllib ParkParkFairground.mtl
o ParkParkSkyTrackV2
v -7.96346 2.40000 -5.94030
v -7.99745 2.33422 -5.97620
v -8.03497 2.35935 -6.04499
v -8.02416 2.44065 -6.05161
v -7.97996 2.46578 -5.98690
v -7.24547 2.26883 -6.37977
v -7.27946 2.20305 -6.41567
v -7.31698 2.22817 -6.48447
v -7.30617 2.30948 -6.49108
v -7.26197 2.33461 -6.42637
v -8.00000 2.40000 -6.00000
v -7.28201 2.26883 -6.43947
v -7.26248 2.26883 -6.37225
v -7.28257 2.20261 -6.41678
v -7.30188 2.22790 -6.49267
v -7.29373 2.30975 -6.49504
v -7.26938 2.33504 -6.42062
v -6.44799 2.18086 -6.60888
v -6.46808 2.11464 -6.65342
v -6.48740 2.13993 -6.72930
v -6.47925 2.22178 -6.73167
v -6.45489 2.24708 -6.65725
v -7.28201 2.26883 -6.43947
v -6.46752 2.18086 -6.67610
v -6.46228 2.18086 -6.60630
v -6.46962 2.11439 -6.65425
v -6.47406 2.13978 -6.73240
v -6.46947 2.22194 -6.73275
v -6.46218 2.24733 -6.65481
v -5.61210 2.13306 -6.67019
v -5.61944 2.06659 -6.71814
v -5.62388 2.09198 -6.79629
v -5.61929 2.17414 -6.79664
v -5.61201 2.19953 -6.71870
v -6.46752 2.18086 -6.67610
v -5.61734 2.13306 -6.73999
v -5.62141 2.13306 -6.67011
v -5.62007 2.06651 -6.71848
v -5.61496 2.09193 -6.79658
v -5.61314 2.17420 -6.79647
v -5.61713 2.19962 -6.71831
v -4.76854 2.11411 -6.62044
v -4.76720 2.04756 -6.66881
v -4.76209 2.07298 -6.74691
v -4.76027 2.15525 -6.74680
v -4.76426 2.18067 -6.66864
v -5.61734 2.13306 -6.73999
v -4.76447 2.11411 -6.69032
v -4.77411 2.11411 -6.62099
v -4.76741 2.04754 -6.66889
v -4.75665 2.07297 -6.74641
v -4.75670 2.15526 -6.74642
v -4.76749 2.18069 -6.66890
v -3.92743 2.11465 -6.50325
v -3.92073 2.04808 -6.55115
v -3.90996 2.07351 -6.62867
v -3.91001 2.15580 -6.62868
v -3.92081 2.18123 -6.55116
v -4.76447 2.11411 -6.69032
v -3.91779 2.11465 -6.57258
v -3.93024 2.11465 -6.50370
v -3.92064 2.04809 -6.55111
v -3.90710 2.07351 -6.62820
v -3.90833 2.15579 -6.62842
v -3.92263 2.18122 -6.55147
v -3.08902 2.12765 -6.35163
v -3.07942 2.06108 -6.39905
v -3.06588 2.08651 -6.47613
v -3.06711 2.16879 -6.47636
v -3.08141 2.19421 -6.39941
v -3.91779 2.11465 -6.57258
v -3.07657 2.12765 -6.42052
v -3.08965 2.12765 -6.35175
v -3.07907 2.06109 -6.39897
v -3.06503 2.08651 -6.47597
v -3.06693 2.16878 -6.47633
v -3.08215 2.19420 -6.39956
v -2.24998 2.14777 -6.19197
v -2.23939 2.08121 -6.23920
v -2.22535 2.10664 -6.31619
v -2.22726 2.18890 -6.31655
v -2.24247 2.21433 -6.23978
v -3.07657 2.12765 -6.42052
v -2.23689 2.14777 -6.26074
v -2.24857 2.14777 -6.19172
v -2.23876 2.08122 -6.23912
v -2.22637 2.10664 -6.31639
v -2.22852 2.18890 -6.31676
v -2.24224 2.21432 -6.23970
v -1.40591 2.17043 -6.04917
v -1.39610 2.10388 -6.09656
v -1.38371 2.12930 -6.17384
v -1.38586 2.21156 -6.17421
v -1.39958 2.23698 -6.09715
v -2.23689 2.14777 -6.26074
v -1.39423 2.17043 -6.11819
v -1.40215 2.17043 -6.04863
v -1.39510 2.10388 -6.09651
v -1.38685 2.12930 -6.17434
v -1.38880 2.21156 -6.17456
v -1.39826 2.23699 -6.09687
v -0.55311 2.19081 -5.95198
v -0.54606 2.12425 -5.99986
v -0.53781 2.14967 -6.07769
v -0.53976 2.23194 -6.07791
v -0.54922 2.25736 -6.00022
v -1.39423 2.17043 -6.11819
v -0.54519 2.19081 -6.02153
v -0.54632 2.19081 -5.95154
v -0.54457 2.12424 -5.99989
v -0.54368 2.14967 -6.07815
v -0.54488 2.23195 -6.07817
v -0.54651 2.25737 -5.99992
v 0.30789 2.20323 -5.93773
v 0.30964 2.13666 -5.98608
v 0.31054 2.16209 -6.06434
v 0.30934 2.24437 -6.06436
v 0.30771 2.26980 -5.98611
v -0.54519 2.19081 -6.02153
v 0.30902 2.20323 -6.00772
v 0.31540 2.20323 -5.93801
v 0.31137 2.13666 -5.98622
v 0.30410 2.16208 -6.06414
v 0.30364 2.24437 -6.06410
v 0.31062 2.26980 -5.98615
v 1.16652 2.20809 -6.01582
v 1.16249 2.14151 -6.06402
v 1.15522 2.16694 -6.14195
v 1.15476 2.24923 -6.14190
v 1.16174 2.27466 -6.06395
v 0.30902 2.20323 -6.00772
v 1.16015 2.20809 -6.08553
v 1.17104 2.20809 -6.01638
v 1.16371 2.14151 -6.06419
v 1.15145 2.16694 -6.14149
v 1.15121 2.24923 -6.14145
v 1.16332 2.27466 -6.06413
v 2.01552 2.21064 -6.14941
v 2.00819 2.14407 -6.19722
v 1.99594 2.16950 -6.27452
v 1.99569 2.25179 -6.27448
v 2.00780 2.27722 -6.19716
v 1.16015 2.20809 -6.08553
v 2.00463 2.21064 -6.21856
v 2.01753 2.21064 -6.14976
v 2.00895 2.14407 -6.19736
v 1.99440 2.16950 -6.27426
v 1.99398 2.25179 -6.27418
v 2.00827 2.27721 -6.19723
v 2.85784 2.21510 -6.30735
v 2.84927 2.14853 -6.35496
v 2.83471 2.17395 -6.43185
v 2.83429 2.25624 -6.43178
v 2.84858 2.28167 -6.35483
v 2.00463 2.21064 -6.21856
v 2.84494 2.21510 -6.37615
v 2.85777 2.21510 -6.30734
v 2.84969 2.14853 -6.35504
v 2.83504 2.17396 -6.43192
v 2.83407 2.25624 -6.43174
v 2.84812 2.28167 -6.35474
v 3.69819 2.22536 -6.46405
v 3.69011 2.15879 -6.51175
v 3.67546 2.18422 -6.58863
v 3.67449 2.26650 -6.58845
v 3.68854 2.29193 -6.51145
v 2.84494 2.21510 -6.37615
v 3.68536 2.22536 -6.53287
v 3.69602 2.22536 -6.46368
v 3.69023 2.15880 -6.51173
v 3.67771 2.18423 -6.58899
v 3.67576 2.26649 -6.58869
v 3.68708 2.29191 -6.51124
v 4.54069 2.24578 -6.59386
v 4.53489 2.17923 -6.64190
v 4.52237 2.20465 -6.71916
v 4.52043 2.28692 -6.71886
v 4.53175 2.31234 -6.64142
v 3.68536 2.22536 -6.53287
v 4.53002 2.24578 -6.66304
v 4.53596 2.24578 -6.59329
v 4.53467 2.17927 -6.64173
v 4.52696 2.20468 -6.71961
v 4.52349 2.28689 -6.71932
v 4.52905 2.31230 -6.64125
v 5.38676 2.28195 -6.66569
v 5.38547 2.21544 -6.71412
v 5.37776 2.24084 -6.79201
v 5.37429 2.32306 -6.79171
v 5.37986 2.34847 -6.71364
v 4.53002 2.24578 -6.66304
v 5.38083 2.28195 -6.73543
v 5.37858 2.28195 -6.66547
v 5.38475 2.21554 -6.71367
v 5.38550 2.24091 -6.79195
v 5.37979 2.32300 -6.79213
v 5.37552 2.34837 -6.71396
v 6.23020 2.34117 -6.63814
v 6.23636 2.27476 -6.68634
v 6.23711 2.30012 -6.76462
v 6.23141 2.38222 -6.76480
v 6.22714 2.40758 -6.68663
v 5.38083 2.28195 -6.73543
v 6.23244 2.34117 -6.70811
v 6.21741 2.34117 -6.63974
v 6.23472 2.27498 -6.68546
v 6.24889 2.30026 -6.76247
v 6.24033 2.38208 -6.76436
v 6.22087 2.40737 -6.68850
v 7.04580 2.43202 -6.45752
v 7.06312 2.36583 -6.50323
v 7.07729 2.39111 -6.58025
v 7.06873 2.47293 -6.58213
v 7.04927 2.49822 -6.50628
v 6.23244 2.34117 -6.70811
v 7.06084 2.43202 -6.52588
v 7.02905 2.43202 -6.46351
v 7.05984 2.36619 -6.50211
v 7.09201 2.39134 -6.57356
v 7.08110 2.47271 -6.57912
v 7.04219 2.49786 -6.51110
v 7.77972 2.55875 -6.08092
v 7.81051 2.49291 -6.11952
v 7.84268 2.51806 -6.19096
v 7.83177 2.59944 -6.19652
v 7.79286 2.62458 -6.12851
v 7.06084 2.43202 -6.52588
v 7.81151 2.55875 -6.14329
v 7.76459 2.55875 -6.09134
v 7.80587 2.49325 -6.11923
v 7.85495 2.51827 -6.18037
v 7.84399 2.59923 -6.19026
v 7.78815 2.62424 -6.13524
v 8.38755 2.71179 -5.52864
v 8.42883 2.64630 -5.55653
v 8.47791 2.67132 -5.61766
v 8.46696 2.75227 -5.62756
v 8.41111 2.77729 -5.57254
v 7.81151 2.55875 -6.14329
v 8.43447 2.71179 -5.58058
v 8.37946 2.71179 -5.53730
v 8.42533 2.64644 -5.55723
v 8.48383 2.67140 -5.60944
v 8.47412 2.75218 -5.62177
v 8.40962 2.77715 -5.57719
v 8.89810 2.87477 -4.87820
v 8.94397 2.80942 -4.89813
v 9.00247 2.83438 -4.95034
v 8.99276 2.91516 -4.96268
v 8.92826 2.94012 -4.91809
v 8.43447 2.71179 -5.58058
v 8.95311 2.87477 -4.92149
v 8.89373 2.87477 -4.88442
v 8.94169 2.80949 -4.89893
v 9.00543 2.83443 -4.94462
v 8.99687 2.91511 -4.95834
v 8.92783 2.94004 -4.92113
v 9.33752 3.04274 -4.17357
v 9.38548 2.97747 -4.18809
v 9.44922 3.00240 -4.23377
v 9.44065 3.08308 -4.24749
v 9.37162 3.10802 -4.21029
v 8.95311 2.87477 -4.92149
v 9.39690 3.04274 -4.21064
v 9.33481 3.04274 -4.17831
v 9.38388 2.97752 -4.18881
v 9.45094 3.00243 -4.22948
v 9.44331 3.08305 -4.24412
v 9.37154 3.10796 -4.21250
v 9.72160 3.21421 -3.43554
v 9.77067 3.14899 -3.44604
v 9.83773 3.17390 -3.48671
v 9.83010 3.25452 -3.50135
v 9.75833 3.27943 -3.46973
v 9.39690 3.04274 -4.21064
v 9.78369 3.21421 -3.46788
v 9.71984 3.21421 -3.43918
v 9.76952 3.14904 -3.44662
v 9.83878 3.17393 -3.48343
v 9.83190 3.25449 -3.49874
v 9.75839 3.27938 -3.47140
v 10.06286 3.38861 -2.67582
v 10.11255 3.32344 -2.68325
v 10.18181 3.34833 -2.72006
v 10.17493 3.42889 -2.73538
v 10.10142 3.45379 -2.70803
v 9.78369 3.21421 -3.46788
v 10.12671 3.38861 -2.70451
v 10.06162 3.38861 -2.67875
v 10.11168 3.32349 -2.68371
v 10.18251 3.34836 -2.71741
v 10.17623 3.42886 -2.73328
v 10.10152 3.45374 -2.70938
v 10.36934 3.56589 -1.90109
v 10.41939 3.50076 -1.90605
v 10.49023 3.52564 -1.93975
v 10.48395 3.60614 -1.95561
v 10.40923 3.63102 -1.93172
v 10.12671 3.38861 -2.70451
v 10.43443 3.56589 -1.92684
v 10.36843 3.56589 -1.90352
v 10.41871 3.50081 -1.90640
v 10.49071 3.52567 -1.93753
v 10.48493 3.60611 -1.95390
v 10.40935 3.63097 -1.93287
v 10.64691 3.74619 -1.11557
v 10.69719 3.68112 -1.11845
v 10.76920 3.70597 -1.14959
v 10.76341 3.78641 -1.16595
v 10.68784 3.81127 -1.14493
v 10.43443 3.56589 -1.92684
v 10.71291 3.74619 -1.13890
v 10.64622 3.74619 -1.11764
v 10.69664 3.68117 -1.11871
v 10.76955 3.70601 -1.14768
v 10.76418 3.78638 -1.16452
v 10.68796 3.81121 -1.14596
v 10.89978 3.92983 -0.32207
v 10.95020 3.86481 -0.32314
v 11.02311 3.88965 -0.35211
v 11.01775 3.97001 -0.36895
v 10.94152 3.99485 -0.35039
v 10.71291 3.74619 -1.13890
v 10.96647 3.92983 -0.34333
v 10.89922 3.92983 -0.32392
v 10.94974 3.86488 -0.32330
v 11.02338 3.88969 -0.35037
v 11.01838 3.96997 -0.36771
v 10.94164 3.99478 -0.35136
v 11.13055 4.11733 0.47751
v 11.18108 4.05238 0.47812
v 11.25472 4.07719 0.45106
v 11.24972 4.15748 0.43372
v 11.17298 4.18229 0.45006
v 10.96647 3.92983 -0.34333
v 11.19781 4.11733 0.45809
v 11.13011 4.11733 0.47591
v 11.18069 4.05246 0.47805
v 11.25492 4.07724 0.45261
v 11.25022 4.15743 0.43475
v 11.17309 4.18221 0.44915
v 11.34216 4.30918 1.28163
v 11.39274 4.24430 1.28377
v 11.46697 4.26908 1.25833
v 11.46228 4.34927 1.24047
v 11.38514 4.37405 1.25487
v 11.19781 4.11733 0.45809
v 11.40986 4.30918 1.26381
v 11.34180 4.30918 1.28017
v 11.39241 4.24439 1.28378
v 11.46714 4.26914 1.25980
v 11.46271 4.34922 1.24137
v 11.38524 4.37396 1.25396
v 11.53619 4.50608 2.08912
v 11.58680 4.44130 2.09273
v 11.66153 4.46605 2.06875
v 11.65710 4.54612 2.05032
v 11.57964 4.57087 2.06291
v 11.40986 4.30918 1.26381
v 11.60425 4.50608 2.07276
v 11.53588 4.50608 2.08775
v 11.58651 4.44141 2.09283
v 11.66166 4.46611 2.07018
v 11.65748 4.54605 2.05110
v 11.57974 4.57076 2.06196
v 11.71369 4.70902 2.89903
v 11.76432 4.64435 2.90411
v 11.83947 4.66905 2.88146
v 11.83529 4.74899 2.86238
v 11.75755 4.77369 2.87324
v 11.60425 4.50608 2.07276
v 11.78206 4.70902 2.88404
v 11.71341 4.70902 2.89769
v 11.76404 4.64449 2.90433
v 11.83958 4.66914 2.88293
v 11.83563 4.74890 2.86307
v 11.75765 4.77354 2.87219
v 11.87503 4.91940 3.71046
v 11.92567 4.85487 3.71709
v 12.00121 4.87952 3.69569
v 11.99726 4.95928 3.67583
v 11.91928 4.98393 3.68496
v 11.78206 4.70902 2.88404
v 11.94369 4.91940 3.69681
v 11.87473 4.91940 3.70886
v 11.92535 4.85510 3.71755
v 12.00131 4.87966 3.69757
v 11.99764 4.95913 3.67654
v 11.91941 4.98369 3.68352
v 12.01686 5.14122 4.52218
v 12.06748 5.07693 4.53087
v 12.14344 5.10148 4.51090
v 12.13977 5.18096 4.48987
v 12.06154 5.20551 4.49684
v 11.94369 4.91940 3.69681
v 12.08582 5.14122 4.51013
v 12.01646 5.14122 4.51961
v 12.06692 5.07733 4.53159
v 12.14349 5.10173 4.51392
v 12.14036 5.18071 4.49101
v 12.06185 5.20511 4.49453
v 12.12752 5.38143 5.33253
v 12.17797 5.31753 5.34452
v 12.25455 5.34194 5.32685
v 12.25142 5.42091 5.30394
v 12.17291 5.44532 5.30745
v 12.08582 5.14122 4.51013
v 12.19687 5.38143 5.32306
v 12.12723 5.38143 5.33010
v 12.17735 5.31787 5.34496
v 12.25445 5.34215 5.32955
v 12.25198 5.42070 5.30517
v 12.17336 5.44498 5.30551
v 12.20931 5.63601 6.14211
v 12.25943 5.57246 6.15696
v 12.33653 5.59673 6.14156
v 12.33407 5.67529 6.11718
v 12.25544 5.69956 6.11752
v 12.19687 5.38143 5.32306
v 12.27895 5.63601 6.13507
v 12.20912 5.63601 6.13993
v 12.25881 5.57270 6.15711
v 12.33633 5.59688 6.14383
v 12.33456 5.67514 6.11843
v 12.25594 5.69932 6.11603
v 12.26562 5.90044 6.95099
v 12.31530 5.83713 6.96817
v 12.39283 5.86131 6.95488
v 12.39106 5.93957 6.92949
v 12.31244 5.96375 6.92708
v 12.27895 5.63601 6.13507
v 12.33545 5.90044 6.94612
v 12.26551 5.90044 6.94906
v 12.31472 5.83728 6.96805
v 12.39258 5.86140 6.95674
v 12.39149 5.93948 6.93075
v 12.31296 5.96360 6.92601
v 12.29958 6.17067 7.75947
v 12.34878 6.10751 7.77846
v 12.42664 6.13163 7.76715
v 12.42555 6.20971 7.74116
v 12.34702 6.23383 7.73642
v 12.33545 5.90044 6.94612
v 12.36951 6.17067 7.75653
v 12.29952 6.17067 7.75779
v 12.34827 6.10757 7.77813
v 12.42637 6.13167 7.76863
v 12.42590 6.20967 7.74241
v 12.34751 6.23377 7.73571
v 12.31403 6.44309 8.56806
v 12.36277 6.37998 8.58840
v 12.44088 6.40408 8.57890
v 12.44041 6.48209 8.55269
v 12.36201 6.50619 8.54599
v 12.36951 6.17067 7.75653
v 12.38402 6.44309 8.56681
v 12.31402 6.44309 8.56656
v 12.36231 6.37995 8.58785
v 12.44060 6.40406 8.58006
v 12.44070 6.48211 8.55396
v 12.36247 6.50622 8.54561
v 12.31111 6.71427 9.37737
v 12.35941 6.65113 9.39866
v 12.43770 6.67525 9.39088
v 12.43779 6.75329 9.36478
v 12.35956 6.77740 9.35643
v 12.38402 6.44309 8.56681
v 12.38111 6.71427 9.37763
v 12.31113 6.71427 9.37613
v 12.35904 6.65102 9.39794
v 12.43745 6.67518 9.39168
v 12.43801 6.75336 9.36600
v 12.35993 6.77752 9.35639
v 12.29372 6.98111 10.18820
v 12.34163 6.91786 10.21001
v 12.42005 6.94202 10.20375
v 12.42060 7.02019 10.17808
v 12.34252 7.04435 10.16846
v 12.38111 6.71427 9.37763
v 12.36370 6.98111 10.18970
v 12.29375 6.98111 10.18715
v 12.34135 6.91768 10.20912
v 12.41984 6.94190 10.20425
v 12.42075 7.02031 10.17927
v 12.34282 7.04453 10.16871
v 12.26408 7.24080 11.00119
v 12.31168 7.17738 11.02316
v 12.39017 7.20160 11.01829
v 12.39108 7.28000 10.99331
v 12.31315 7.30423 10.98274
v 12.36370 6.98111 10.18970
v 12.33403 7.24080 11.00374
v 12.26412 7.24080 11.00030
v 12.31148 7.17713 11.02208
v 12.39001 7.20145 11.01851
v 12.39119 7.28016 10.99452
v 12.31338 7.30448 10.98326
v 12.22397 7.49036 11.81705
v 12.27132 7.42669 11.83883
v 12.34986 7.45101 11.83526
v 12.35104 7.52972 11.81127
v 12.27323 7.55404 11.80002
v 12.33403 7.24080 11.00374
v 12.29388 7.49036 11.82049
v 12.22401 7.49036 11.81635
v 12.27120 7.42639 11.83761
v 12.34974 7.45083 11.83521
v 12.35109 7.52990 11.81246
v 12.27338 7.55433 11.80081
v 12.17543 7.72706 12.63646
v 12.22262 7.66309 12.65772
v 12.30116 7.68753 12.65532
v 12.30251 7.76660 12.63258
v 12.22480 7.79103 12.62092
v 12.29388 7.49036 11.82049
v 12.24530 7.72706 12.64060
v 12.17546 7.72706 12.63593
v 12.22257 7.66276 12.65637
v 12.30110 7.68732 12.65501
v 12.30252 7.76680 12.63373
v 12.22487 7.79136 12.62194
v 12.12042 7.94862 13.45985
v 12.16753 7.88432 13.48029
v 12.24606 7.90888 13.47893
v 12.24748 7.98836 13.45766
v 12.16983 8.01292 13.44586
v 12.24530 7.72706 12.64060
v 12.19026 7.94862 13.46452
v 12.12045 7.94862 13.45946
v 12.16755 7.88395 13.47873
v 12.24604 7.90865 13.47835
v 12.24745 7.98859 13.45886
v 12.16983 8.01329 13.44719
v 12.06048 8.15166 14.28780
v 12.10758 8.08699 14.30706
v 12.18607 8.11170 14.30669
v 12.18748 8.19163 14.28720
v 12.10986 8.21633 14.27552
v 12.19026 7.94862 13.46452
v 12.13029 8.15166 14.29285
v 12.06049 8.15166 14.28757
v 12.10765 8.08662 14.30539
v 12.18610 8.11147 14.30588
v 12.18743 8.19186 14.28837
v 12.10980 8.21670 14.27705
v 11.99748 8.33413 15.12044
v 12.04464 8.26909 15.13826
v 12.12309 8.29393 15.13875
v 12.12441 8.37433 15.12124
v 12.04678 8.39917 15.10992
v 12.13029 8.15166 14.29285
v 12.06728 8.33413 15.12572
v 11.99749 8.33413 15.12035
v 12.04476 8.26872 15.13643
v 12.12316 8.29371 15.13771
v 12.12433 8.37456 15.12243
v 12.04666 8.39954 15.11170
v 11.93304 8.49341 15.95786
v 11.98031 8.42800 15.97394
v 12.05871 8.45299 15.97522
v 12.05988 8.53384 15.95993
v 11.98222 8.55882 15.94920
v 12.06728 8.33413 15.12572
v 12.00283 8.49341 15.96323
v 11.93303 8.49341 15.95791
v 11.98046 8.42769 15.97218
v 12.05880 8.45279 15.97408
v 12.05980 8.53403 15.96099
v 11.98207 8.55913 15.95100
v 11.86889 8.62980 16.79948
v 11.91632 8.56407 16.81375
v 11.99466 8.58918 16.81565
v 11.99566 8.67041 16.80256
v 11.91793 8.69552 16.79257
v 12.00283 8.49341 15.96323
v 11.93869 8.62980 16.80480
v 11.86889 8.62980 16.79949
v 11.91642 8.56387 16.81241
v 11.99473 8.58905 16.81481
v 11.99560 8.67054 16.80338
v 11.91783 8.69572 16.79391
v 11.80470 8.74891 17.64369
v 11.85222 8.68299 17.65660
v 11.93053 8.70817 17.65900
v 11.93140 8.78966 17.64757
v 11.85363 8.81484 17.63810
v 11.93869 8.62980 16.80480
v 11.87450 8.74891 17.64899
v 11.80471 8.74891 17.64356
v 11.85230 8.68283 17.65534
v 11.93057 8.70807 17.65835
v 11.93134 8.78976 17.64843
v 11.85355 8.81500 17.63929
v 11.73881 8.85229 18.48969
v 11.78641 8.78621 18.50147
v 11.86467 8.81145 18.50449
v 11.86544 8.89314 18.49457
v 11.78766 8.91838 18.48542
v 11.87450 8.74891 17.64899
v 11.80860 8.85229 18.49513
v 11.73883 8.85229 18.48945
v 11.78647 8.78609 18.50040
v 11.86469 8.81138 18.50406
v 11.86540 8.89321 18.49538
v 11.78761 8.91849 18.48635
v 11.66990 8.94276 19.33683
v 11.71754 8.87656 19.34777
v 11.79576 8.90185 19.35143
v 11.79646 8.98367 19.34276
v 11.71868 9.00896 19.33373
v 11.80860 8.85229 18.49513
v 11.73967 8.94276 19.34250
v 11.66993 8.94276 19.33647
v 11.71759 8.87647 19.34676
v 11.79576 8.90179 19.35117
v 11.79641 8.98373 19.34361
v 11.71865 9.00905 19.33452
v 11.59650 9.02162 20.18462
v 11.64416 8.95533 20.19491
v 11.72234 8.98065 20.19933
v 11.72299 9.06259 20.19176
v 11.64522 9.08791 20.18268
v 11.73967 8.94276 19.34250
v 11.66624 9.02162 20.19066
v 11.59655 9.02162 20.18415
v 11.64421 8.95527 20.19399
v 11.72232 8.98061 20.19922
v 11.72294 9.06264 20.19263
v 11.64520 9.08798 20.18331
v 11.51732 9.09046 21.03266
v 11.56499 9.02410 21.04250
v 11.64310 9.04944 21.04773
v 11.64371 9.13147 21.04114
v 11.56598 9.15681 21.03182
v 11.66624 9.02162 20.19066
v 11.58702 9.09046 21.03917
v 11.51738 9.09046 21.03210
v 11.56503 9.02405 21.04166
v 11.64307 9.04941 21.04778
v 11.64366 9.13150 21.04200
v 11.56597 9.15686 21.03231
v 11.43128 9.15083 21.88059
v 11.47892 9.08442 21.89015
v 11.55697 9.10978 21.89626
v 11.55755 9.19187 21.89048
v 11.47987 9.21723 21.88079
v 11.58702 9.09046 21.03917
v 11.50092 9.15083 21.88765
v 11.43135 9.15083 21.87989
v 11.47897 9.08438 21.88933
v 11.55692 9.10976 21.89646
v 11.55748 9.19189 21.89142
v 11.47988 9.21727 21.88118
v 11.33666 9.20353 22.72797
v 11.38427 9.13709 22.73741
v 11.46222 9.16247 22.74454
v 11.46279 9.24460 22.73950
v 11.38518 9.26998 22.72925
v 11.50092 9.15083 21.88765
v 11.40622 9.20353 22.73573
v 11.33675 9.20353 22.72718
v 11.38431 9.13706 22.73668
v 11.46216 9.16245 22.74487
v 11.46270 9.24462 22.74044
v 11.38520 9.27001 22.72950
v 11.23241 9.24995 23.57449
v 11.27997 9.18347 23.58399
v 11.35781 9.20886 23.59218
v 11.35836 9.29103 23.58775
v 11.28085 9.31642 23.57682
v 11.40622 9.20353 22.73573
v 11.30188 9.24995 23.58305
v 11.23252 9.24995 23.57360
v 11.28001 9.18345 23.58330
v 11.35773 9.20885 23.59265
v 11.35826 9.29104 23.58872
v 11.28088 9.31644 23.57695
v 11.11729 9.29112 24.41977
v 11.16478 9.22462 24.42948
v 11.24249 9.25002 24.43882
v 11.24303 9.33222 24.43490
v 11.16564 9.35762 24.42312
v 11.30188 9.24995 23.58305
v 11.18665 9.29112 24.42922
v 11.11744 9.29112 24.41870
v 11.16483 9.22461 24.42879
v 11.24237 9.25001 24.43947
v 11.24290 9.33223 24.43598
v 11.16569 9.35763 24.42314
v 10.98913 9.32779 25.26320
v 11.03652 9.26128 25.27328
v 11.11406 9.28668 25.28396
v 11.11459 9.36890 25.28047
v 11.03738 9.39430 25.26764
v 11.18665 9.29112 24.42922
v 11.05834 9.32779 25.27371
v 10.98932 9.32779 25.26204
v 11.03658 9.26127 25.27266
v 11.11391 9.28668 25.28474
v 11.11444 9.36890 25.28158
v 11.03744 9.39431 25.26755
v 10.84683 9.36110 26.10439
v 10.89409 9.29457 26.11501
v 10.97142 9.31998 26.12709
v 10.97195 9.40221 26.12393
v 10.89495 9.42762 26.10990
v 11.05834 9.32779 25.27371
v 10.91585 9.36110 26.11606
v 10.84706 9.36110 26.10309
v 10.89415 9.29456 26.11442
v 10.97122 9.31998 26.12802
v 10.97177 9.40221 26.12510
v 10.89504 9.42763 26.10969
v 10.68873 9.39196 26.94270
v 10.73582 9.32543 26.95403
v 10.81290 9.35084 26.96763
v 10.81345 9.43308 26.96471
v 10.73671 9.45849 26.94930
v 10.91585 9.36110 26.11606
v 10.75752 9.39196 26.95567
v 10.68904 9.39196 26.94115
v 10.73589 9.32542 26.95342
v 10.81263 9.35084 26.96880
v 10.81321 9.43308 26.96604
v 10.73683 9.45849 26.94896
v 10.51182 9.42125 27.77703
v 10.55866 9.35472 27.78930
v 10.63540 9.38013 27.80468
v 10.63599 9.46237 27.80192
v 10.55961 9.48778 27.78483
v 10.75752 9.39196 26.95567
v 10.58030 9.42125 27.79155
v 10.51218 9.42125 27.77540
v 10.55873 9.35471 27.78874
v 10.63508 9.38013 27.80597
v 10.63572 9.46237 27.80327
v 10.55977 9.48779 27.78438
v 10.31502 9.45005 28.60681
v 10.36156 9.38351 28.62015
v 10.43791 9.40893 28.63738
v 10.43855 9.49117 28.63468
v 10.36260 9.51658 28.61579
v 10.58030 9.42125 27.79155
v 10.38313 9.45005 28.62296
v 10.31550 9.45005 28.60488
v 10.36164 9.38351 28.61958
v 10.43747 9.40893 28.63896
v 10.43820 9.49117 28.63623
v 10.36282 9.51658 28.61517
v 10.09479 9.47940 29.43032
v 10.14092 9.41287 29.44502
v 10.21676 9.43828 29.46440
v 10.21749 9.52053 29.46167
v 10.14211 9.54594 29.44061
v 10.38313 9.45005 28.62296
v 10.16241 9.47940 29.44840
v 10.09536 9.47940 29.42830
v 10.14102 9.41287 29.44445
v 10.21624 9.43829 29.46606
v 10.21708 9.52052 29.46327
v 10.14237 9.54594 29.43993
v 9.84995 9.50968 30.24670
v 9.89560 9.44315 30.26286
v 9.97082 9.46856 30.28447
v 9.97166 9.55080 30.28168
v 9.89695 9.57622 30.25834
v 10.16241 9.47940 29.44840
v 9.91700 9.50968 30.26681
v 9.85036 9.50968 30.24538
v 9.89582 9.44314 30.26201
v 9.97055 9.46856 30.28527
v 9.97127 9.55081 30.28302
v 9.89699 9.57623 30.25837
v 9.58874 9.53419 31.05897
v 9.63420 9.46765 31.07559
v 9.70893 9.49306 31.09886
v 9.70965 9.57532 31.09661
v 9.63537 9.60074 31.07196
v 9.91700 9.50968 30.26681
v 9.65537 9.53419 31.08040
v 9.58906 9.53419 31.05799
v 9.63444 9.46763 31.07477
v 9.70876 9.49306 31.09933
v 9.70930 9.57533 31.09773
v 9.63532 9.60075 31.07218
v 9.31543 9.55175 31.86780
v 9.36082 9.48519 31.88458
v 9.43513 9.51061 31.90914
v 9.43567 9.59289 31.90754
v 9.36169 9.61831 31.88199
v 9.65537 9.53419 31.08040
v 9.38175 9.55175 31.89021
v 9.31576 9.55175 31.86686
v 9.36104 9.48518 31.88387
v 9.43494 9.51061 31.90964
v 9.43533 9.59289 31.90856
v 9.36167 9.61832 31.88212
v 9.03058 9.56370 32.67278
v 9.07587 9.49713 32.68980
v 9.14977 9.52256 32.71557
v 9.15015 9.60484 32.71448
v 9.07649 9.63026 32.68804
v 9.38175 9.55175 31.89021
v 9.09657 9.56370 32.69613
v 9.03095 9.56370 32.67178
v 9.07610 9.49712 32.68912
v 9.14955 9.52255 32.71615
v 9.14979 9.60484 32.71551
v 9.07648 9.63027 32.68810
v 8.73356 9.57074 33.47334
v 8.77872 9.50416 33.49068
v 8.85217 9.52959 33.51771
v 8.85240 9.61188 33.51707
v 8.77910 9.63731 33.48965
v 9.09657 9.56370 32.69613
v 8.79919 9.57074 33.49769
v 8.73394 9.57074 33.47234
v 8.77894 9.50416 33.49007
v 8.85192 9.52959 33.51834
v 8.85203 9.61188 33.51806
v 8.77911 9.63731 33.48964
v 8.42429 9.57376 34.26926
v 8.46929 9.50719 34.28700
v 8.54227 9.53262 34.31526
v 8.54238 9.61491 34.31499
v 8.46946 9.64033 34.28656
v 8.79919 9.57074 33.49769
v 8.48954 9.57376 34.29461
v 8.42471 9.57376 34.26821
v 8.46952 9.50719 34.28643
v 8.54200 9.53262 34.31595
v 8.54198 9.61491 34.31598
v 8.46950 9.64033 34.28648
v 8.10229 9.57342 35.06006
v 8.14710 9.50684 35.07827
v 8.21958 9.53227 35.10780
v 8.21957 9.61456 35.10783
v 8.14708 9.63999 35.07832
v 8.48954 9.57376 34.29461
v 8.16712 9.57342 35.08646
v 8.10276 9.57342 35.05893
v 8.14733 9.50684 35.07772
v 8.21925 9.53227 35.10858
v 8.21913 9.61456 35.10887
v 8.14713 9.63999 35.07818
v 7.76659 9.57020 35.84503
v 7.81116 9.50363 35.86382
v 7.88308 9.52906 35.89468
v 7.88296 9.61135 35.89496
v 7.81096 9.63677 35.86428
v 8.16712 9.57342 35.08646
v 7.83095 9.57020 35.87255
v 7.76715 9.57020 35.84374
v 7.81142 9.50363 35.86324
v 7.88267 9.52906 35.89561
v 7.88245 9.61134 35.89611
v 7.81105 9.63677 35.86405
v 7.41523 9.56448 36.62289
v 7.45949 9.49791 36.64240
v 7.53075 9.52334 36.67477
v 7.53052 9.60563 36.67527
v 7.45913 9.63106 36.64321
v 7.83095 9.57020 35.87255
v 7.47902 9.56448 36.65171
v 7.41586 9.56448 36.62152
v 7.45976 9.49791 36.64184
v 7.53028 9.52334 36.67579
v 7.52996 9.60563 36.67646
v 7.45925 9.63105 36.64292
v 7.04723 9.55683 37.39289
v 7.09113 9.49026 37.41321
v 7.16165 9.51569 37.44716
v 7.16133 9.59798 37.44782
v 7.09062 9.62341 37.41428
v 7.47902 9.56448 36.65171
v 7.11039 9.55683 37.42307
v 7.04800 9.55683 37.39133
v 7.09144 9.49026 37.41263
v 7.16106 9.51569 37.44836
v 7.16066 9.59798 37.44915
v 7.09079 9.62340 37.41390
v 6.66027 9.54767 38.15325
v 6.70371 9.48110 38.17455
v 6.77333 9.50653 38.21029
v 6.77293 9.58881 38.21107
v 6.70306 9.61424 38.17582
v 7.11039 9.55683 37.42307
v 6.72266 9.54767 38.18499
v 6.66128 9.54767 38.15135
v 6.70408 9.48110 38.17390
v 6.77256 9.50653 38.21178
v 6.77208 9.58881 38.21265
v 6.70331 9.61424 38.17530
v 6.25039 9.53743 38.90101
v 6.29319 9.47086 38.92356
v 6.36167 9.49629 38.96144
v 6.36120 9.57857 38.96231
v 6.29242 9.60400 38.92496
v 6.72266 9.54767 38.18499
v 6.31177 9.53743 38.93465
v 6.25163 9.53743 38.89884
v 6.29361 9.47086 38.92287
v 6.36070 9.49629 38.96318
v 6.36017 9.57857 38.96407
v 6.29276 9.60400 38.92430
v 5.81430 9.52672 39.63335
v 5.85628 9.46015 39.65738
v 5.92337 9.48558 39.69769
v 5.92284 9.56786 39.69858
v 5.85543 9.59329 39.65881
v 6.31177 9.53743 38.93465
v 5.87444 9.52672 39.66916
v 5.81601 9.52672 39.63062
v 5.85684 9.46015 39.65657
v 5.92200 9.48558 39.69992
v 5.92144 9.56786 39.70076
v 5.85594 9.59329 39.65793
v 5.34539 9.51625 40.34423
v 5.38622 9.44968 40.37018
v 5.45138 9.47511 40.41353
v 5.45083 9.55739 40.41437
v 5.38532 9.58282 40.37154
v 5.87444 9.52672 39.66916
v 5.40383 9.51625 40.38277
v 5.34787 9.51625 40.34072
v 5.38696 9.44968 40.36921
v 5.44937 9.47511 40.41644
v 5.44884 9.55739 40.41714
v 5.38611 9.58282 40.37035
v 4.83439 9.50711 41.02406
v 4.87348 9.44054 41.05254
v 4.93589 9.46597 41.09978
v 4.93536 9.54825 41.10048
v 4.87263 9.57368 41.05368
v 5.40383 9.51625 40.38277
v 4.89035 9.50711 41.06611
v 4.83823 9.50711 41.01937
v 4.87456 9.44054 41.05131
v 4.93271 9.46596 41.10370
v 4.93232 9.54825 41.10413
v 4.87393 9.57368 41.05202
v 4.26773 9.50104 41.65560
v 4.30406 9.43446 41.68753
v 4.36220 9.45989 41.73992
v 4.36181 9.54218 41.74035
v 4.30343 9.56761 41.68824
v 4.89035 9.50711 41.06611
v 4.31985 9.50104 41.70233
v 4.27405 9.50104 41.64938
v 4.30576 9.43446 41.68591
v 4.35693 9.45989 41.74513
v 4.35686 9.54218 41.74519
v 4.30563 9.56761 41.68602
v 3.62796 9.50000 42.20821
v 3.65967 9.43343 42.24474
v 3.71084 9.45886 42.30395
v 3.71077 9.54114 42.30402
v 3.65955 9.56657 42.24484
v 4.31985 9.50104 41.70233
v 3.67376 9.50000 42.26115
v 3.63562 9.50000 42.20245
v 3.66197 9.43343 42.24301
v 3.70461 9.45886 42.30864
v 3.70461 9.54114 42.30864
v 3.66197 9.56657 42.24301
v 2.91926 9.50000 42.66786
v 2.94561 9.43343 42.70842
v 2.98825 9.45886 42.77405
v 2.98825 9.54114 42.77405
v 2.94561 9.56657 42.70842
v 3.67376 9.50000 42.26115
v 2.95739 9.50000 42.72656
v 2.92763 9.50000 42.66320
v 2.94820 9.43343 42.70698
v 2.98147 9.45886 42.77782
v 2.98147 9.54114 42.77782
v 2.94820 9.56657 42.70698
v 2.15448 9.50000 43.02639
v 2.17504 9.43343 43.07017
v 2.20832 9.45886 43.14101
v 2.20832 9.54114 43.14101
v 2.17504 9.56657 43.07017
v 2.95739 9.50000 42.72656
v 2.18424 9.50000 43.08975
v 2.16359 9.50000 43.02286
v 2.17786 9.43343 43.06908
v 2.20094 9.45886 43.14386
v 2.20094 9.54114 43.14386
v 2.17786 9.56657 43.06908
v 1.34740 9.50000 43.27478
v 1.36167 9.43343 43.32100
v 1.38475 9.45886 43.39578
v 1.38475 9.54114 43.39578
v 1.36167 9.56657 43.32100
v 2.18424 9.50000 43.08975
v 1.36804 9.50000 43.34167
v 1.35702 9.50000 43.27254
v 1.36464 9.43343 43.32031
v 1.37696 9.45886 43.39759
v 1.37696 9.54114 43.39759
v 1.36464 9.56657 43.32031
v 0.51350 9.50000 43.40705
v 0.52112 9.43343 43.45481
v 0.53344 9.45886 43.53210
v 0.53344 9.54114 43.53210
v 0.52112 9.56657 43.45481
v 1.36804 9.50000 43.34167
v 0.52452 9.50000 43.47617
v 0.52338 9.50000 43.40618
v 0.52417 9.43343 43.45454
v 0.52544 9.45886 43.53280
v 0.52544 9.54114 43.53280
v 0.52417 9.56657 43.45454
v -0.33068 9.50000 43.42005
v -0.32989 9.43343 43.46842
v -0.32862 9.45886 43.54667
v -0.32862 9.54114 43.54667
v -0.32989 9.56657 43.46842
v 0.52452 9.50000 43.47617
v -0.32954 9.50000 43.49005
v -0.32077 9.50000 43.42060
v -0.32683 9.43343 43.46859
v -0.33664 9.45886 43.54623
v -0.33664 9.54114 43.54623
v -0.32683 9.56657 43.46859
v -1.16821 9.50000 43.31351
v -1.17427 9.43343 43.36150
v -1.18408 9.45886 43.43914
v -1.18408 9.54114 43.43914
v -1.17427 9.56657 43.36150
v -0.32954 9.50000 43.49005
v -1.17698 9.50000 43.38296
v -1.15850 9.50000 43.31544
v -1.17127 9.43343 43.36209
v -1.19194 9.45886 43.43758
v -1.19194 9.54114 43.43758
v -1.17127 9.56657 43.36209
v -1.98238 9.50000 43.08992
v -1.99515 9.43343 43.13657
v -2.01581 9.45886 43.21206
v -2.01581 9.54114 43.21206
v -1.99515 9.56657 43.13657
v -1.17698 9.50000 43.38296
v -2.00086 9.50000 43.15744
v -1.97312 9.50000 43.09317
v -1.99229 9.43343 43.13758
v -2.02330 9.45886 43.20943
v -2.02330 9.54114 43.20943
v -1.99229 9.56657 43.13758
v -2.75740 9.50000 42.75468
v -2.77656 9.43343 42.79909
v -2.80757 9.45886 42.87094
v -2.80757 9.54114 42.87094
v -2.77656 9.56657 42.79909
v -2.00086 9.50000 43.15744
v -2.78513 9.50000 42.81895
v -2.74883 9.50000 42.75910
v -2.77391 9.43343 42.80045
v -2.81451 9.45886 42.86737
v -2.81451 9.54114 42.86737
v -2.77391 9.56657 42.80045
v -3.47918 9.50000 42.31604
v -3.50427 9.43343 42.35739
v -3.54486 9.45886 42.42430
v -3.54486 9.54114 42.42430
v -3.50427 9.56657 42.35739
v -2.78513 9.50000 42.81895
v -3.51549 9.50000 42.37589
v -3.47146 9.50000 42.32146
v -3.50190 9.43343 42.35905
v -3.55112 9.45886 42.41991
v -3.55109 9.54114 42.41993
v -3.50186 9.56657 42.35908
v -4.13567 9.50033 41.78420
v -4.16611 9.43375 41.82179
v -4.21532 9.45918 41.88265
v -4.21529 9.54147 41.88267
v -4.16607 9.56690 41.82182
v -3.51549 9.50000 42.37589
v -4.17969 9.50033 41.83863
v -4.12871 9.50033 41.79066
v -4.16421 9.43376 41.82352
v -4.22111 9.45918 41.87725
v -4.22077 9.54147 41.87761
v -4.16367 9.56690 41.82409
v -4.71419 9.50539 41.16829
v -4.74969 9.43882 41.20115
v -4.80659 9.46424 41.25488
v -4.80625 9.54653 41.25524
v -4.74915 9.57196 41.20172
v -4.17969 9.50033 41.83863
v -4.76517 9.50539 41.21626
v -4.70993 9.50539 41.17326
v -4.74851 9.43882 41.20244
v -4.81012 9.46425 41.25071
v -4.80961 9.54653 41.25137
v -4.74769 9.57196 41.20350
v -5.23490 9.51401 40.49880
v -5.27348 9.44744 40.52798
v -5.33508 9.47287 40.57625
v -5.33457 9.55515 40.57691
v -5.27265 9.58058 40.52904
v -4.76517 9.50539 41.21626
v -5.29014 9.51401 40.54179
v -5.23220 9.51401 40.50250
v -5.27268 9.44744 40.52899
v -5.33728 9.47287 40.57317
v -5.33673 9.55515 40.57399
v -5.27178 9.58058 40.53031
v -5.71202 9.52427 39.79508
v -5.75250 9.45770 39.82157
v -5.81710 9.48313 39.86576
v -5.81654 9.56541 39.86657
v -5.75160 9.59084 39.82290
v -5.29014 9.51401 40.54179
v -5.76995 9.52427 39.83438
v -5.71016 9.52427 39.79797
v -5.75191 9.45770 39.82241
v -5.81859 9.48313 39.86339
v -5.81805 9.56541 39.86427
v -5.75104 9.59084 39.82384
v -6.15474 9.53500 39.06783
v -6.19649 9.46843 39.09227
v -6.26317 9.49386 39.13324
v -6.26263 9.57614 39.13413
v -6.19562 9.60157 39.09370
v -5.76995 9.52427 39.83438
v -6.21453 9.53500 39.10423
v -6.15338 9.53500 39.07016
v -6.19603 9.46843 39.09300
v -6.26425 9.49386 39.13136
v -6.26376 9.57614 39.13223
v -6.19524 9.60157 39.09441
v -6.56947 9.54539 38.32339
v -6.61212 9.47882 38.34622
v -6.68033 9.50425 38.38459
v -6.67985 9.58653 38.38546
v -6.61133 9.61196 38.34764
v -6.21453 9.53500 39.10423
v -6.63062 9.54539 38.35746
v -6.56845 9.54539 38.32528
v -6.61175 9.47882 38.34686
v -6.68112 9.50425 38.38308
v -6.68070 9.58653 38.38389
v -6.61107 9.61196 38.34817
v -6.96139 9.55486 37.56604
v -7.00469 9.48829 37.58762
v -7.07406 9.51372 37.62384
v -7.07364 9.59600 37.62465
v -7.00401 9.62143 37.58893
v -6.63062 9.54539 38.35746
v -7.02356 9.55486 37.59822
v -6.96057 9.55486 37.56769
v -7.00437 9.48829 37.58822
v -7.07469 9.51372 37.62257
v -7.07435 9.59600 37.62327
v -7.00382 9.62143 37.58935
v -7.33348 9.56291 36.79838
v -7.37728 9.49634 36.81892
v -7.44760 9.52177 36.85327
v -7.44726 9.60405 36.85397
v -7.37673 9.62948 36.82005
v -7.02356 9.55486 37.59822
v -7.39647 9.56291 36.82892
v -7.33279 9.56291 36.79984
v -7.37699 9.49634 36.81950
v -7.44810 9.52177 36.85217
v -7.44786 9.60405 36.85271
v -7.37659 9.62948 36.82037
v -7.68794 9.56905 36.02215
v -7.73214 9.50248 36.04181
v -7.80325 9.52791 36.07449
v -7.80301 9.61019 36.07503
v -7.73174 9.63562 36.04268
v -7.39647 9.56291 36.82892
v -7.75162 9.56905 36.05123
v -7.68739 9.56905 36.02341
v -7.73189 9.50248 36.04236
v -7.80366 9.52790 36.07357
v -7.80351 9.61019 36.07391
v -7.73165 9.63562 36.04291
v -8.02722 9.57291 35.23889
v -8.07172 9.50634 35.25784
v -8.14349 9.53176 35.28906
v -8.14334 9.61405 35.28940
v -8.07148 9.63948 35.25839
v -7.75162 9.56905 36.05123
v -8.09145 9.57291 35.26672
v -8.02674 9.57291 35.24004
v -8.07149 9.50633 35.25839
v -8.14383 9.53176 35.28825
v -8.14379 9.61405 35.28835
v -8.07142 9.63948 35.25855
v -8.35257 9.57404 34.44959
v -8.39732 9.50747 34.46794
v -8.46966 9.53289 34.49780
v -8.46962 9.61518 34.49790
v -8.39725 9.64061 34.46811
v -8.09145 9.57291 35.26672
v -8.41729 9.57404 34.47627
v -8.35212 9.57404 34.45071
v -8.39708 9.50747 34.46854
v -8.46997 9.53289 34.49705
v -8.47005 9.61518 34.49685
v -8.39721 9.64061 34.46821
v -8.66432 9.57175 33.65478
v -8.70928 9.50518 33.67261
v -8.78216 9.53061 33.70112
v -8.78224 9.61290 33.70092
v -8.70941 9.63833 33.67227
v -8.41729 9.57404 34.47627
v -8.72948 9.57175 33.68034
v -8.66393 9.57175 33.65578
v -8.70906 9.50518 33.67320
v -8.78241 9.53061 33.70048
v -8.78262 9.61290 33.69993
v -8.70939 9.63833 33.67230
v -8.96390 9.56563 32.85518
v -9.00903 9.49905 32.87260
v -9.08238 9.52448 32.89989
v -9.08259 9.60677 32.89933
v -9.00936 9.63220 32.87170
v -8.72948 9.57175 33.68034
v -9.02945 9.56563 32.87974
v -8.96355 9.56563 32.85614
v -9.00881 9.49906 32.87323
v -9.08259 9.52449 32.89931
v -9.08294 9.60677 32.89835
v -9.00937 9.63220 32.87167
v -9.25175 9.55499 32.05128
v -9.29701 9.48842 32.06837
v -9.37080 9.51384 32.09445
v -9.37114 9.59613 32.09349
v -9.29757 9.62156 32.06681
v -9.02945 9.56563 32.87974
v -9.31765 9.55499 32.07488
v -9.25141 9.55499 32.05226
v -9.29677 9.48842 32.06908
v -9.37099 9.51385 32.09392
v -9.37150 9.59612 32.09244
v -9.29759 9.62155 32.06669
v -9.52765 9.53879 31.24330
v -9.57301 9.47223 31.26013
v -9.64723 9.49765 31.28496
v -9.64774 9.57993 31.28349
v -9.57383 9.60535 31.25774
v -9.31765 9.55499 32.07488
v -9.59389 9.53879 31.26592
v -9.52732 9.53879 31.24428
v -9.57277 9.47224 31.26093
v -9.64741 9.49766 31.28448
v -9.64809 9.57992 31.28239
v -9.57387 9.60534 31.25754
v -9.79161 9.51593 30.43150
v -9.83706 9.44938 30.44815
v -9.91169 9.47480 30.47171
v -9.91237 9.55706 30.46961
v -9.83816 9.58248 30.44477
v -9.59389 9.53879 31.26592
v -9.85818 9.51593 30.45315
v -9.79125 9.51593 30.43262
v -9.83682 9.44939 30.44901
v -9.91190 9.47481 30.47112
v -9.91274 9.55705 30.46839
v -9.83817 9.58246 30.44460
v -10.04177 9.48629 29.61573
v -10.08734 9.41976 29.63212
v -10.16242 9.44517 29.65422
v -10.16325 9.52741 29.65149
v -10.08869 9.55283 29.62770
v -9.85818 9.51593 30.45315
v -10.10869 9.48629 29.63625
v -10.04118 9.48629 29.61774
v -10.08722 9.41976 29.63276
v -10.16293 9.44517 29.65260
v -10.16369 9.52741 29.64985
v -10.08844 9.55283 29.62831
v -10.26710 9.45668 28.79372
v -10.31314 9.39014 28.80873
v -10.38885 9.41556 28.82858
v -10.38960 9.49780 28.82583
v -10.31436 9.52321 28.80428
v -10.10869 9.48629 29.63625
v -10.33461 9.45668 28.81223
v -10.26661 9.45668 28.79561
v -10.31306 9.39014 28.80927
v -10.38929 9.41556 28.82702
v -10.38995 9.49780 28.82432
v -10.31413 9.52321 28.80491
v -10.46946 9.42785 27.96557
v -10.51592 9.36131 27.97923
v -10.59214 9.38673 27.99698
v -10.59280 9.46897 27.99429
v -10.51698 9.49439 27.97487
v -10.33461 9.45668 28.81223
v -10.53746 9.42785 27.98219
v -10.46905 9.42785 27.96736
v -10.51584 9.36131 27.97982
v -10.59251 9.38673 27.99555
v -10.59310 9.46897 27.99281
v -10.51680 9.49438 27.97539
v -10.65000 9.39873 27.13228
v -10.69679 9.33220 27.14474
v -10.77347 9.35761 27.16047
v -10.77406 9.43985 27.15773
v -10.69776 9.46527 27.14031
v -10.53746 9.42785 27.98219
v -10.71842 9.39873 27.14710
v -10.64970 9.39873 27.13377
v -10.69673 9.33220 27.14531
v -10.77373 9.35761 27.15933
v -10.77429 9.43985 27.15646
v -10.69763 9.46526 27.14066
v -10.81245 9.36835 26.29499
v -10.85949 9.30181 26.30653
v -10.93649 9.32723 26.32055
v -10.93704 9.40947 26.31768
v -10.86039 9.43488 26.30188
v -10.71842 9.39873 27.14710
v -10.88117 9.36835 26.30833
v -10.81220 9.36835 26.29636
v -10.85942 9.30182 26.30713
v -10.93670 9.32723 26.31955
v -10.93724 9.40946 26.31646
v -10.86029 9.43487 26.30212
v -10.95821 9.33569 25.45459
v -11.00544 9.26917 25.46536
v -11.08271 9.29458 25.47778
v -11.08325 9.37681 25.47468
v -11.00631 9.40222 25.46035
v -10.88117 9.36835 26.30833
v -11.02718 9.33569 25.46655
v -10.95801 9.33569 25.45581
v -11.00538 9.26918 25.46599
v -11.08288 9.29458 25.47695
v -11.08341 9.37680 25.47354
v -11.00624 9.40221 25.46047
v -11.08912 9.29979 24.61171
v -11.13649 9.23328 24.62190
v -11.21399 9.25868 24.63286
v -11.21452 9.34090 24.62944
v -11.13734 9.36631 24.61637
v -11.02718 9.33569 25.46655
v -11.15829 9.29979 24.62246
v -11.08897 9.29979 24.61276
v -11.13644 9.23329 24.62254
v -11.21411 9.25869 24.63221
v -11.21464 9.34089 24.62840
v -11.13730 9.36629 24.61638
v -11.20731 9.25983 23.76696
v -11.25478 9.19333 23.77674
v -11.33245 9.21873 23.78641
v -11.33299 9.30093 23.78260
v -11.25564 9.32634 23.77058
v -11.15829 9.29979 24.62246
v -11.27664 9.25983 23.77666
v -11.20718 9.25983 23.76791
v -11.25473 9.19335 23.77744
v -11.33255 9.21875 23.78589
v -11.33309 9.30092 23.78158
v -11.25561 9.32632 23.77047
v -11.31387 9.21469 22.92082
v -11.36142 9.14821 22.93035
v -11.43924 9.17361 22.93880
v -11.43978 9.25578 22.93449
v -11.36230 9.28118 22.92338
v -11.27664 9.25983 23.77666
v -11.38332 9.21469 22.92957
v -11.31377 9.21469 22.92164
v -11.36138 9.14824 22.93109
v -11.43931 9.17362 22.93843
v -11.43987 9.25577 22.93353
v -11.36228 9.28115 22.92315
v -11.41038 9.16339 22.07370
v -11.45799 9.09694 22.08314
v -11.53592 9.12232 22.09048
v -11.53648 9.20446 22.08558
v -11.45889 9.22985 22.07520
v -11.38332 9.21469 22.92957
v -11.47993 9.16339 22.08162
v -11.41031 9.16339 22.07439
v -11.45795 9.09698 22.08390
v -11.53597 9.12234 22.09026
v -11.53655 9.20444 22.08468
v -11.45889 9.22981 22.07487
v -11.49844 9.10506 21.22597
v -11.54608 9.03864 21.23548
v -11.62410 9.06401 21.24184
v -11.62468 9.14611 21.23626
v -11.54702 9.17148 21.22645
v -11.47993 9.16339 22.08162
v -11.56806 9.10506 21.23320
v -11.49838 9.10506 21.22658
v -11.54604 9.03869 21.23634
v -11.62414 9.06404 21.24176
v -11.62474 9.14608 21.23535
v -11.54702 9.17143 21.22597
v -11.57900 9.03819 20.37805
v -11.62666 8.97182 20.38780
v -11.70476 8.99717 20.39323
v -11.70537 9.07921 20.38682
v -11.62764 9.10456 20.37744
v -11.56806 9.10506 21.23320
v -11.64869 9.03819 20.38467
v -11.57895 9.03819 20.37853
v -11.62662 8.97188 20.38871
v -11.70478 8.99721 20.39330
v -11.70542 9.07917 20.38596
v -11.62766 9.10449 20.37684
v -11.65355 8.96167 19.53026
v -11.70121 8.89537 19.54044
v -11.77937 8.92069 19.54503
v -11.78002 9.00265 19.53769
v -11.70226 9.02798 19.52857
v -11.64869 9.03819 20.38467
v -11.72328 8.96167 19.53640
v -11.65352 8.96167 19.53064
v -11.70117 8.89545 19.54140
v -11.77938 8.92074 19.54524
v -11.78007 9.00260 19.53686
v -11.70229 9.02790 19.52784
v -11.72345 8.87427 18.68303
v -11.77109 8.80805 18.69378
v -11.84930 8.83334 18.69763
v -11.84999 8.91520 18.68924
v -11.77221 8.94050 18.68022
v -11.72328 8.96167 19.53640
v -11.79321 8.87427 18.68878
v -11.72342 8.87427 18.68331
v -11.77103 8.80816 18.69490
v -11.84929 8.83341 18.69804
v -11.85005 8.91513 18.68838
v -11.77226 8.94038 18.67928
v -11.78982 8.77363 17.83688
v -11.83743 8.70752 17.84847
v -11.91568 8.73277 17.85161
v -11.91644 8.81449 17.84195
v -11.83865 8.83974 17.83285
v -11.79321 8.87427 18.68878
v -11.85961 8.77363 17.84235
v -11.78981 8.77363 17.83703
v -11.83736 8.70766 17.84963
v -11.91565 8.73286 17.85218
v -11.91649 8.81440 17.84115
v -11.83872 8.83960 17.83179
v -11.85428 8.65875 16.99227
v -11.90183 8.59278 17.00487
v -11.98013 8.61798 17.00742
v -11.98097 8.69952 16.99639
v -11.90319 8.72472 16.98703
v -11.85961 8.77363 17.84235
v -11.92408 8.65875 16.99759
v -11.85428 8.65875 16.99229
v -11.90173 8.59298 17.00625
v -11.98006 8.61810 17.00825
v -11.98103 8.69940 16.99552
v -11.90329 8.72452 16.98566
v -11.91831 8.52616 16.15010
v -11.96575 8.46039 16.16406
v -12.04409 8.48551 16.16606
v -12.04506 8.56680 16.15333
v -11.96732 8.59192 16.14347
v -11.92408 8.65875 16.99759
v -11.98811 8.52616 16.15540
v -11.91831 8.52616 16.15004
v -11.96562 8.46066 16.16563
v -12.04401 8.48568 16.16709
v -12.04514 8.56664 16.15240
v -11.96745 8.59166 16.14186
v -11.98283 8.37312 15.31137
v -12.03014 8.30762 15.32696
v -12.10852 8.33264 15.32843
v -12.10965 8.41360 15.31374
v -12.03197 8.43862 15.30320
v -11.98811 8.52616 16.15540
v -12.05262 8.37312 15.31674
v -11.98282 8.37312 15.31143
v -12.03001 8.30798 15.32881
v -12.10844 8.33286 15.32952
v -12.10973 8.41338 15.31256
v -12.03209 8.43826 15.30139
v -12.04632 8.19650 14.47733
v -12.09351 8.13136 14.49471
v -12.17194 8.15624 14.49542
v -12.17323 8.23675 14.47846
v -12.09559 8.26163 14.46729
v -12.05262 8.37312 15.31674
v -12.11612 8.19650 14.48264
v -12.04631 8.19650 14.47753
v -12.09342 8.13172 14.49638
v -12.17190 8.15646 14.49625
v -12.17329 8.23653 14.47731
v -12.09567 8.26127 14.46574
v -12.10710 7.99919 13.64787
v -12.15422 7.93441 13.66673
v -12.23270 7.95916 13.66660
v -12.23409 8.03923 13.64766
v -12.15646 8.06397 13.63608
v -12.11612 8.19650 14.48264
v -12.17691 7.99919 13.65299
v -12.10707 7.99919 13.64821
v -12.15419 7.93477 13.66825
v -12.23270 7.95937 13.66720
v -12.23412 8.03901 13.64651
v -12.15648 8.06362 13.63477
v -12.16354 7.78373 12.82277
v -12.21065 7.71930 12.84281
v -12.28917 7.74391 12.84176
v -12.29058 7.82354 12.82107
v -12.21294 7.84815 12.80933
v -12.17691 7.99919 13.65299
v -12.23338 7.78373 12.82755
v -12.16351 7.78373 12.82328
v -12.21069 7.71965 12.84424
v -12.28922 7.74412 12.84213
v -12.29058 7.82333 12.81986
v -12.21289 7.84781 12.80822
v -12.21363 7.55197 12.00185
v -12.26081 7.48789 12.02281
v -12.33935 7.51237 12.02070
v -12.34071 7.59158 11.99843
v -12.26301 7.61606 11.98679
v -12.23338 7.78373 12.82755
v -12.28350 7.55197 12.00612
v -12.21360 7.55197 12.00251
v -12.26092 7.48819 12.02404
v -12.33945 7.51255 12.02080
v -12.34067 7.59140 11.99727
v -12.26288 7.61576 11.98596
v -12.25585 7.30713 11.18444
v -12.30317 7.24334 11.20597
v -12.38170 7.26771 11.20274
v -12.38292 7.34655 11.17920
v -12.30513 7.37092 11.16789
v -12.28350 7.55197 12.00612
v -12.32575 7.30713 11.18805
v -12.25581 7.30713 11.18527
v -12.30335 7.24360 11.20708
v -12.38185 7.26787 11.20259
v -12.38283 7.34639 11.17800
v -12.30493 7.37066 11.16730
v -12.28822 7.05150 10.37005
v -12.33576 6.98797 10.39186
v -12.41426 7.01224 10.38737
v -12.41524 7.09076 10.36279
v -12.33734 7.11503 10.35208
v -12.32575 7.30713 11.18805
v -12.35816 7.05150 10.37283
v -12.28818 7.05150 10.37109
v -12.33603 6.98818 10.39284
v -12.41446 7.01237 10.38694
v -12.41509 7.09064 10.36154
v -12.33705 7.11482 10.35174
v -12.30839 6.78754 9.55814
v -12.35623 6.72422 9.57989
v -12.43466 6.74841 9.57398
v -12.43529 6.82668 9.54858
v -12.35725 6.85086 9.53879
v -12.35816 7.05150 10.37283
v -12.37836 6.78754 9.55988
v -12.30837 6.78754 9.55934
v -12.35657 6.72436 9.58068
v -12.43489 6.74849 9.57327
v -12.43509 6.82659 9.54735
v -12.35689 6.85073 9.53874
v -12.31457 6.51824 8.74792
v -12.36278 6.45506 8.76926
v -12.44110 6.47919 8.76185
v -12.44130 6.55729 8.73593
v -12.36310 6.58143 8.72732
v -12.37836 6.78754 9.55988
v -12.38457 6.51824 8.74845
v -12.31457 6.51824 8.74933
v -12.36320 6.45512 8.76989
v -12.44136 6.47923 8.76083
v -12.44103 6.55725 8.73466
v -12.36267 6.58136 8.72756
v -12.30444 6.24638 7.93880
v -12.35307 6.18326 7.95936
v -12.43123 6.20737 7.95030
v -12.43090 6.28539 7.92414
v -12.35254 6.30950 7.91703
v -12.38457 6.51824 8.74845
v -12.37444 6.24638 7.93793
v -12.30448 6.24638 7.94045
v -12.35358 6.18325 7.95982
v -12.43150 6.20736 7.94893
v -12.43056 6.28540 7.92283
v -12.35206 6.30951 7.91759
v -12.27519 5.97503 7.13023
v -12.32429 5.91190 7.14959
v -12.40221 5.93601 7.13870
v -12.40127 6.01404 7.11260
v -12.32276 6.03816 7.10736
v -12.37444 6.24638 7.93793
v -12.34515 5.97503 7.12770
v -12.27529 5.97503 7.13212
v -12.32487 5.91179 7.14984
v -12.40248 5.93595 7.13696
v -12.40085 6.01411 7.11128
v -12.32224 6.03826 7.10828
v -12.22396 5.70764 6.32168
v -12.27355 5.64441 6.33940
v -12.35115 5.66856 6.32652
v -12.34952 5.74672 6.30083
v -12.27092 5.77088 6.29784
v -12.34515 5.97503 7.12770
v -12.29382 5.70764 6.31726
v -12.22413 5.70764 6.32380
v -12.27417 5.64422 6.33942
v -12.35137 5.66844 6.32441
v -12.34903 5.74684 6.29952
v -12.27039 5.77107 6.29914
v -12.14802 5.44789 5.51284
v -12.19807 5.38446 5.52846
v -12.27527 5.40869 5.51345
v -12.27293 5.48709 5.48856
v -12.19429 5.51131 5.48818
v -12.29382 5.70764 6.31726
v -12.21772 5.44789 5.50630
v -12.14829 5.44789 5.51521
v -12.19872 5.38418 5.52821
v -12.27541 5.40851 5.51093
v -12.27237 5.48726 5.48725
v -12.19380 5.51160 5.48989
v -12.04413 5.19986 4.70372
v -12.09457 5.13615 4.71672
v -12.17125 5.16048 4.69944
v -12.16821 5.23923 4.67576
v -12.08965 5.26357 4.67840
v -12.21772 5.44789 5.50630
v -12.11356 5.19986 4.69481
v -12.04451 5.19986 4.70631
v -12.09520 5.13578 4.71619
v -12.17126 5.16026 4.69652
v -12.16759 5.23946 4.67448
v -12.08926 5.26393 4.68053
v -11.90933 4.96775 3.89470
v -11.96001 4.90368 3.90458
v -12.03607 4.92815 3.88491
v -12.03240 5.00735 3.86287
v -11.95407 5.03182 3.86892
v -12.11356 5.19986 4.69481
v -11.97837 4.96775 3.88319
v -11.90966 4.96775 3.89655
v -11.96043 4.90345 3.90425
v -12.03600 4.92801 3.88285
v -12.03193 5.00749 3.86193
v -11.95385 5.03205 3.87040
v -11.75210 4.74633 3.08592
v -11.80287 4.68203 3.09362
v -11.87844 4.70659 3.07222
v -11.87437 4.78608 3.05130
v -11.79629 4.81064 3.05977
v -11.97837 4.96775 3.88319
v -11.82082 4.74633 3.07257
v -11.75237 4.74633 3.08722
v -11.80319 4.68193 3.09358
v -11.87837 4.70653 3.07090
v -11.87401 4.78614 3.05052
v -11.79613 4.81074 3.06060
v -11.57923 4.52975 2.27846
v -11.63006 4.46535 2.28483
v -11.70524 4.48995 2.26215
v -11.70088 4.56956 2.24176
v -11.62300 4.59416 2.25185
v -11.82082 4.74633 3.07257
v -11.64768 4.52975 2.26381
v -11.57954 4.52975 2.27982
v -11.63041 4.46527 2.28486
v -11.70515 4.48990 2.26080
v -11.70047 4.56961 2.24090
v -11.62284 4.59424 2.25265
v -11.39006 4.31731 1.47364
v -11.44093 4.25283 1.47867
v -11.51568 4.27746 1.45462
v -11.51100 4.35717 1.43471
v -11.43337 4.38180 1.44647
v -11.64768 4.52975 2.26381
v -11.45821 4.31731 1.45762
v -11.39042 4.31731 1.47509
v -11.44132 4.25276 1.47877
v -11.51556 4.27741 1.45322
v -11.51054 4.35721 1.43376
v -11.43320 4.38187 1.44727
v -11.18357 4.10847 0.67224
v -11.23446 4.04391 0.67592
v -11.30870 4.06857 0.65038
v -11.30369 4.14837 0.63091
v -11.22635 4.17303 0.64443
v -11.45821 4.31731 1.45762
v -11.25135 4.10847 0.65478
v -11.18399 4.10847 0.67380
v -11.23489 4.04385 0.67606
v -11.30854 4.06854 0.64892
v -11.30317 4.14841 0.62987
v -11.22618 4.17309 0.64524
v -10.95852 3.90283 -0.12485
v -11.00942 3.83821 -0.12258
v -11.08308 3.86289 -0.14973
v -11.07770 3.94277 -0.16877
v -11.00072 3.96745 -0.15340
v -11.25135 4.10847 0.65478
v -11.02589 3.90283 -0.14386
v -10.95903 3.90283 -0.12312
v -11.00991 3.83815 -0.12238
v -11.08286 3.86286 -0.15134
v -11.07708 3.94280 -0.16996
v -11.00055 3.96751 -0.15252
v -10.71285 3.70019 -0.91639
v -10.76372 3.63551 -0.91565
v -10.83668 3.66021 -0.94460
v -10.83090 3.74016 -0.96323
v -10.75437 3.76486 -0.94579
v -11.02589 3.90283 -0.14386
v -10.77971 3.70019 -0.93713
v -10.71351 3.70019 -0.91438
v -10.76430 3.63545 -0.91540
v -10.83639 3.66018 -0.94645
v -10.83014 3.74019 -0.96463
v -10.75420 3.76492 -0.94481
v -10.44332 3.50052 -1.70056
v -10.49412 3.43579 -1.70157
v -10.56620 3.46051 -1.73263
v -10.55996 3.54053 -1.75080
v -10.48401 3.56525 -1.73098
v -10.77971 3.70019 -0.93713
v -10.50952 3.50052 -1.72331
v -10.44417 3.50052 -1.69823
v -10.49481 3.43573 -1.70126
v -10.56578 3.46048 -1.73477
v -10.55900 3.54056 -1.75243
v -10.48384 3.56531 -1.72985
v -10.14604 3.30390 -2.47499
v -10.19669 3.23911 -2.47803
v -10.26766 3.26386 -2.51153
v -10.26088 3.34394 -2.52920
v -10.18572 3.36869 -2.50662
v -10.50952 3.50052 -1.72331
v -10.21140 3.30390 -2.50007
v -10.14717 3.30390 -2.47223
v -10.19754 3.23905 -2.47766
v -10.26705 3.26382 -2.51407
v -10.25965 3.34398 -2.53114
v -10.18556 3.36875 -2.50528
v -9.81589 3.11061 -3.23625
v -9.86625 3.04576 -3.24169
v -9.93577 3.07054 -3.27810
v -9.92837 3.15069 -3.29517
v -9.85428 3.17546 -3.26931
v -10.21140 3.30390 -2.50007
v -9.88011 3.11061 -3.26410
v -9.81747 3.11061 -3.23286
v -9.86733 3.04569 -3.24125
v -9.93485 3.07049 -3.28123
v -9.92672 3.15074 -3.29753
v -9.85417 3.17554 -3.26764
v -9.44535 2.92132 -3.97882
v -9.49521 2.85640 -3.98722
v -9.56273 2.88120 -4.02719
v -9.55460 2.96144 -4.04350
v -9.48205 2.98624 -4.01360
v -9.88011 3.11061 -3.26410
v -9.50799 2.92132 -4.01007
v -9.44775 2.92132 -3.97441
v -9.49667 2.85630 -3.98672
v -9.56123 2.88114 -4.03130
v -9.55222 2.96150 -4.04653
v -9.48208 2.98634 -4.01137
v -9.02255 2.73745 -4.69271
v -9.07147 2.67244 -4.70503
v -9.13603 2.69727 -4.74960
v -9.12701 2.77764 -4.76483
v -9.05688 2.80247 -4.72968
v -9.50799 2.92132 -4.01007
v -9.08279 2.73745 -4.72837
v -9.02630 2.73745 -4.68702
v -9.07342 2.67231 -4.70454
v -9.13348 2.69719 -4.75499
v -9.12348 2.77772 -4.76866
v -9.05724 2.80260 -4.72665
v -8.53233 2.56163 -5.36173
v -8.57945 2.49648 -5.37925
v -8.63951 2.52136 -5.42971
v -8.62951 2.60189 -5.44337
v -8.56327 2.62677 -5.40136
v -9.08279 2.73745 -4.72837
v -8.58882 2.56163 -5.40308
v -8.53898 2.56163 -5.35393
v -8.58227 2.49625 -5.37892
v -8.63460 2.52122 -5.43731
v -8.62366 2.60203 -5.44840
v -8.56457 2.62700 -5.39686
v -7.95017 2.40000 -5.95084
v -7.99345 2.33463 -5.97584
v -8.04579 2.35960 -6.03423
v -8.03485 2.44040 -6.04531
v -7.97575 2.46537 -5.99378
v -8.58882 2.56163 -5.40308
v -8.00000 2.40000 -6.00000
v 12.00000 0.10000 3.72000
v 11.80201 0.10000 3.80201
v 11.72000 0.10000 4.00000
v 11.80201 0.10000 4.19799
v 12.00000 0.10000 4.28000
v 12.19799 0.10000 4.19799
v 12.28000 0.10000 4.00000
v 12.19799 0.10000 3.80201
v 12.00000 5.90000 3.80000
v 11.85858 5.90000 3.85858
v 11.80000 5.90000 4.00000
v 11.85858 5.90000 4.14142
v 12.00000 5.90000 4.20000
v 12.14142 5.90000 4.14142
v 12.20000 5.90000 4.00000
v 12.14142 5.90000 3.85858
v 12.00000 0.10000 4.00000
v 12.00000 5.90000 4.00000
v 11.40000 0.00000 3.40000
v 12.60000 0.00000 3.40000
v 12.60000 0.24000 3.40000
v 11.40000 0.24000 3.40000
v 11.40000 0.00000 4.60000
v 12.60000 0.00000 4.60000
v 12.60000 0.24000 4.60000
v 11.40000 0.24000 4.60000
v 11.30000 5.77000 3.75000
v 12.70000 5.77000 3.75000
v 12.70000 5.93000 3.75000
v 11.30000 5.93000 3.75000
v 11.30000 5.77000 4.25000
v 12.70000 5.77000 4.25000
v 12.70000 5.93000 4.25000
v 11.30000 5.93000 4.25000
v 12.15556 5.89444 4.00000
v 12.07778 5.89444 4.13472
v 11.92222 5.89444 4.13472
v 11.84444 5.89444 4.00000
v 11.92222 5.89444 3.86528
v 12.07778 5.89444 3.86528
v 12.22000 6.05000 4.00000
v 12.11000 6.05000 4.19053
v 11.89000 6.05000 4.19053
v 11.78000 6.05000 4.00000
v 11.89000 6.05000 3.80947
v 12.11000 6.05000 3.80947
v 12.15556 6.20556 4.00000
v 12.07778 6.20556 4.13472
v 11.92222 6.20556 4.13472
v 11.84444 6.20556 4.00000
v 11.92222 6.20556 3.86528
v 12.07778 6.20556 3.86528
v 12.00000 5.83000 4.00000
v 12.00000 6.27000 4.00000
v 12.00000 0.10000 15.72000
v 11.80201 0.10000 15.80201
v 11.72000 0.10000 16.00000
v 11.80201 0.10000 16.19799
v 12.00000 0.10000 16.28000
v 12.19799 0.10000 16.19799
v 12.28000 0.10000 16.00000
v 12.19799 0.10000 15.80201
v 12.00000 9.40000 15.80000
v 11.85858 9.40000 15.85858
v 11.80000 9.40000 16.00000
v 11.85858 9.40000 16.14142
v 12.00000 9.40000 16.20000
v 12.14142 9.40000 16.14142
v 12.20000 9.40000 16.00000
v 12.14142 9.40000 15.85858
v 12.00000 0.10000 16.00000
v 12.00000 9.40000 16.00000
v 11.40000 0.00000 15.40000
v 12.60000 0.00000 15.40000
v 12.60000 0.24000 15.40000
v 11.40000 0.24000 15.40000
v 11.40000 0.00000 16.60000
v 12.60000 0.00000 16.60000
v 12.60000 0.24000 16.60000
v 11.40000 0.24000 16.60000
v 11.30000 9.27000 15.75000
v 12.70000 9.27000 15.75000
v 12.70000 9.43000 15.75000
v 11.30000 9.43000 15.75000
v 11.30000 9.27000 16.25000
v 12.70000 9.27000 16.25000
v 12.70000 9.43000 16.25000
v 11.30000 9.43000 16.25000
v 12.15556 9.39444 16.00000
v 12.07778 9.39444 16.13472
v 11.92222 9.39444 16.13472
v 11.84444 9.39444 16.00000
v 11.92222 9.39444 15.86528
v 12.07778 9.39444 15.86528
v 12.22000 9.55000 16.00000
v 12.11000 9.55000 16.19053
v 11.89000 9.55000 16.19053
v 11.78000 9.55000 16.00000
v 11.89000 9.55000 15.80947
v 12.11000 9.55000 15.80947
v 12.15556 9.70556 16.00000
v 12.07778 9.70556 16.13472
v 11.92222 9.70556 16.13472
v 11.84444 9.70556 16.00000
v 11.92222 9.70556 15.86528
v 12.07778 9.70556 15.86528
v 12.00000 9.33000 16.00000
v 12.00000 9.77000 16.00000
v 10.00000 0.10000 29.72000
v 9.80201 0.10000 29.80201
v 9.72000 0.10000 30.00000
v 9.80201 0.10000 30.19799
v 10.00000 0.10000 30.28000
v 10.19799 0.10000 30.19799
v 10.28000 0.10000 30.00000
v 10.19799 0.10000 29.80201
v 10.00000 10.40000 29.80000
v 9.85858 10.40000 29.85858
v 9.80000 10.40000 30.00000
v 9.85858 10.40000 30.14142
v 10.00000 10.40000 30.20000
v 10.14142 10.40000 30.14142
v 10.20000 10.40000 30.00000
v 10.14142 10.40000 29.85858
v 10.00000 0.10000 30.00000
v 10.00000 10.40000 30.00000
v 9.40000 0.00000 29.40000
v 10.60000 0.00000 29.40000
v 10.60000 0.24000 29.40000
v 9.40000 0.24000 29.40000
v 9.40000 0.00000 30.60000
v 10.60000 0.00000 30.60000
v 10.60000 0.24000 30.60000
v 9.40000 0.24000 30.60000
v 9.30000 10.27000 29.75000
v 10.70000 10.27000 29.75000
v 10.70000 10.43000 29.75000
v 9.30000 10.43000 29.75000
v 9.30000 10.27000 30.25000
v 10.70000 10.27000 30.25000
v 10.70000 10.43000 30.25000
v 9.30000 10.43000 30.25000
v 10.15556 10.39444 30.00000
v 10.07778 10.39444 30.13472
v 9.92222 10.39444 30.13472
v 9.84444 10.39444 30.00000
v 9.92222 10.39444 29.86528
v 10.07778 10.39444 29.86528
v 10.22000 10.55000 30.00000
v 10.11000 10.55000 30.19053
v 9.89000 10.55000 30.19053
v 9.78000 10.55000 30.00000
v 9.89000 10.55000 29.80947
v 10.11000 10.55000 29.80947
v 10.15556 10.70556 30.00000
v 10.07778 10.70556 30.13472
v 9.92222 10.70556 30.13472
v 9.84444 10.70556 30.00000
v 9.92222 10.70556 29.86528
v 10.07778 10.70556 29.86528
v 10.00000 10.33000 30.00000
v 10.00000 10.77000 30.00000
v 4.00000 0.10000 41.72000
v 3.80201 0.10000 41.80201
v 3.72000 0.10000 42.00000
v 3.80201 0.10000 42.19799
v 4.00000 0.10000 42.28000
v 4.19799 0.10000 42.19799
v 4.28000 0.10000 42.00000
v 4.19799 0.10000 41.80201
v 4.00000 10.40000 41.80000
v 3.85858 10.40000 41.85858
v 3.80000 10.40000 42.00000
v 3.85858 10.40000 42.14142
v 4.00000 10.40000 42.20000
v 4.14142 10.40000 42.14142
v 4.20000 10.40000 42.00000
v 4.14142 10.40000 41.85858
v 4.00000 0.10000 42.00000
v 4.00000 10.40000 42.00000
v 3.40000 0.00000 41.40000
v 4.60000 0.00000 41.40000
v 4.60000 0.24000 41.40000
v 3.40000 0.24000 41.40000
v 3.40000 0.00000 42.60000
v 4.60000 0.00000 42.60000
v 4.60000 0.24000 42.60000
v 3.40000 0.24000 42.60000
v 3.30000 10.27000 41.75000
v 4.70000 10.27000 41.75000
v 4.70000 10.43000 41.75000
v 3.30000 10.43000 41.75000
v 3.30000 10.27000 42.25000
v 4.70000 10.27000 42.25000
v 4.70000 10.43000 42.25000
v 3.30000 10.43000 42.25000
v 4.15556 10.39444 42.00000
v 4.07778 10.39444 42.13472
v 3.92222 10.39444 42.13472
v 3.84444 10.39444 42.00000
v 3.92222 10.39444 41.86528
v 4.07778 10.39444 41.86528
v 4.22000 10.55000 42.00000
v 4.11000 10.55000 42.19053
v 3.89000 10.55000 42.19053
v 3.78000 10.55000 42.00000
v 3.89000 10.55000 41.80947
v 4.11000 10.55000 41.80947
v 4.15556 10.70556 42.00000
v 4.07778 10.70556 42.13472
v 3.92222 10.70556 42.13472
v 3.84444 10.70556 42.00000
v 3.92222 10.70556 41.86528
v 4.07778 10.70556 41.86528
v 4.00000 10.33000 42.00000
v 4.00000 10.77000 42.00000
v -4.00000 0.10000 41.72000
v -4.19799 0.10000 41.80201
v -4.28000 0.10000 42.00000
v -4.19799 0.10000 42.19799
v -4.00000 0.10000 42.28000
v -3.80201 0.10000 42.19799
v -3.72000 0.10000 42.00000
v -3.80201 0.10000 41.80201
v -4.00000 10.40000 41.80000
v -4.14142 10.40000 41.85858
v -4.20000 10.40000 42.00000
v -4.14142 10.40000 42.14142
v -4.00000 10.40000 42.20000
v -3.85858 10.40000 42.14142
v -3.80000 10.40000 42.00000
v -3.85858 10.40000 41.85858
v -4.00000 0.10000 42.00000
v -4.00000 10.40000 42.00000
v -4.60000 0.00000 41.40000
v -3.40000 0.00000 41.40000
v -3.40000 0.24000 41.40000
v -4.60000 0.24000 41.40000
v -4.60000 0.00000 42.60000
v -3.40000 0.00000 42.60000
v -3.40000 0.24000 42.60000
v -4.60000 0.24000 42.60000
v -4.70000 10.27000 41.75000
v -3.30000 10.27000 41.75000
v -3.30000 10.43000 41.75000
v -4.70000 10.43000 41.75000
v -4.70000 10.27000 42.25000
v -3.30000 10.27000 42.25000
v -3.30000 10.43000 42.25000
v -4.70000 10.43000 42.25000
v -3.84444 10.39444 42.00000
v -3.92222 10.39444 42.13472
v -4.07778 10.39444 42.13472
v -4.15556 10.39444 42.00000
v -4.07778 10.39444 41.86528
v -3.92222 10.39444 41.86528
v -3.78000 10.55000 42.00000
v -3.89000 10.55000 42.19053
v -4.11000 10.55000 42.19053
v -4.22000 10.55000 42.00000
v -4.11000 10.55000 41.80947
v -3.89000 10.55000 41.80947
v -3.84444 10.70556 42.00000
v -3.92222 10.70556 42.13472
v -4.07778 10.70556 42.13472
v -4.15556 10.70556 42.00000
v -4.07778 10.70556 41.86528
v -3.92222 10.70556 41.86528
v -4.00000 10.33000 42.00000
v -4.00000 10.77000 42.00000
v -10.00000 0.10000 29.72000
v -10.19799 0.10000 29.80201
v -10.28000 0.10000 30.00000
v -10.19799 0.10000 30.19799
v -10.00000 0.10000 30.28000
v -9.80201 0.10000 30.19799
v -9.72000 0.10000 30.00000
v -9.80201 0.10000 29.80201
v -10.00000 10.40000 29.80000
v -10.14142 10.40000 29.85858
v -10.20000 10.40000 30.00000
v -10.14142 10.40000 30.14142
v -10.00000 10.40000 30.20000
v -9.85858 10.40000 30.14142
v -9.80000 10.40000 30.00000
v -9.85858 10.40000 29.85858
v -10.00000 0.10000 30.00000
v -10.00000 10.40000 30.00000
v -10.60000 0.00000 29.40000
v -9.40000 0.00000 29.40000
v -9.40000 0.24000 29.40000
v -10.60000 0.24000 29.40000
v -10.60000 0.00000 30.60000
v -9.40000 0.00000 30.60000
v -9.40000 0.24000 30.60000
v -10.60000 0.24000 30.60000
v -10.70000 10.27000 29.75000
v -9.30000 10.27000 29.75000
v -9.30000 10.43000 29.75000
v -10.70000 10.43000 29.75000
v -10.70000 10.27000 30.25000
v -9.30000 10.27000 30.25000
v -9.30000 10.43000 30.25000
v -10.70000 10.43000 30.25000
v -9.84444 10.39444 30.00000
v -9.92222 10.39444 30.13472
v -10.07778 10.39444 30.13472
v -10.15556 10.39444 30.00000
v -10.07778 10.39444 29.86528
v -9.92222 10.39444 29.86528
v -9.78000 10.55000 30.00000
v -9.89000 10.55000 30.19053
v -10.11000 10.55000 30.19053
v -10.22000 10.55000 30.00000
v -10.11000 10.55000 29.80947
v -9.89000 10.55000 29.80947
v -9.84444 10.70556 30.00000
v -9.92222 10.70556 30.13472
v -10.07778 10.70556 30.13472
v -10.15556 10.70556 30.00000
v -10.07778 10.70556 29.86528
v -9.92222 10.70556 29.86528
v -10.00000 10.33000 30.00000
v -10.00000 10.77000 30.00000
v -12.00000 0.10000 15.72000
v -12.19799 0.10000 15.80201
v -12.28000 0.10000 16.00000
v -12.19799 0.10000 16.19799
v -12.00000 0.10000 16.28000
v -11.80201 0.10000 16.19799
v -11.72000 0.10000 16.00000
v -11.80201 0.10000 15.80201
v -12.00000 9.40000 15.80000
v -12.14142 9.40000 15.85858
v -12.20000 9.40000 16.00000
v -12.14142 9.40000 16.14142
v -12.00000 9.40000 16.20000
v -11.85858 9.40000 16.14142
v -11.80000 9.40000 16.00000
v -11.85858 9.40000 15.85858
v -12.00000 0.10000 16.00000
v -12.00000 9.40000 16.00000
v -12.60000 0.00000 15.40000
v -11.40000 0.00000 15.40000
v -11.40000 0.24000 15.40000
v -12.60000 0.24000 15.40000
v -12.60000 0.00000 16.60000
v -11.40000 0.00000 16.60000
v -11.40000 0.24000 16.60000
v -12.60000 0.24000 16.60000
v -12.70000 9.27000 15.75000
v -11.30000 9.27000 15.75000
v -11.30000 9.43000 15.75000
v -12.70000 9.43000 15.75000
v -12.70000 9.27000 16.25000
v -11.30000 9.27000 16.25000
v -11.30000 9.43000 16.25000
v -12.70000 9.43000 16.25000
v -11.84444 9.39444 16.00000
v -11.92222 9.39444 16.13472
v -12.07778 9.39444 16.13472
v -12.15556 9.39444 16.00000
v -12.07778 9.39444 15.86528
v -11.92222 9.39444 15.86528
v -11.78000 9.55000 16.00000
v -11.89000 9.55000 16.19053
v -12.11000 9.55000 16.19053
v -12.22000 9.55000 16.00000
v -12.11000 9.55000 15.80947
v -11.89000 9.55000 15.80947
v -11.84444 9.70556 16.00000
v -11.92222 9.70556 16.13472
v -12.07778 9.70556 16.13472
v -12.15556 9.70556 16.00000
v -12.07778 9.70556 15.86528
v -11.92222 9.70556 15.86528
v -12.00000 9.33000 16.00000
v -12.00000 9.77000 16.00000
v -12.00000 0.10000 3.72000
v -12.19799 0.10000 3.80201
v -12.28000 0.10000 4.00000
v -12.19799 0.10000 4.19799
v -12.00000 0.10000 4.28000
v -11.80201 0.10000 4.19799
v -11.72000 0.10000 4.00000
v -11.80201 0.10000 3.80201
v -12.00000 5.90000 3.80000
v -12.14142 5.90000 3.85858
v -12.20000 5.90000 4.00000
v -12.14142 5.90000 4.14142
v -12.00000 5.90000 4.20000
v -11.85858 5.90000 4.14142
v -11.80000 5.90000 4.00000
v -11.85858 5.90000 3.85858
v -12.00000 0.10000 4.00000
v -12.00000 5.90000 4.00000
v -12.60000 0.00000 3.40000
v -11.40000 0.00000 3.40000
v -11.40000 0.24000 3.40000
v -12.60000 0.24000 3.40000
v -12.60000 0.00000 4.60000
v -11.40000 0.00000 4.60000
v -11.40000 0.24000 4.60000
v -12.60000 0.24000 4.60000
v -12.70000 5.77000 3.75000
v -11.30000 5.77000 3.75000
v -11.30000 5.93000 3.75000
v -12.70000 5.93000 3.75000
v -12.70000 5.77000 4.25000
v -11.30000 5.77000 4.25000
v -11.30000 5.93000 4.25000
v -12.70000 5.93000 4.25000
v -11.84444 5.89444 4.00000
v -11.92222 5.89444 4.13472
v -12.07778 5.89444 4.13472
v -12.15556 5.89444 4.00000
v -12.07778 5.89444 3.86528
v -11.92222 5.89444 3.86528
v -11.78000 6.05000 4.00000
v -11.89000 6.05000 4.19053
v -12.11000 6.05000 4.19053
v -12.22000 6.05000 4.00000
v -12.11000 6.05000 3.80947
v -11.89000 6.05000 3.80947
v -11.84444 6.20556 4.00000
v -11.92222 6.20556 4.13472
v -12.07778 6.20556 4.13472
v -12.15556 6.20556 4.00000
v -12.07778 6.20556 3.86528
v -11.92222 6.20556 3.86528
v -12.00000 5.83000 4.00000
v -12.00000 6.27000 4.00000
v -8.00000 0.00000 -9.50000
v 8.00000 0.00000 -9.50000
v 8.00000 0.40000 -9.50000
v -8.00000 0.40000 -9.50000
v -8.00000 0.00000 -6.90000
v 8.00000 0.00000 -6.90000
v 8.00000 0.40000 -6.90000
v -8.00000 0.40000 -6.90000
v -8.20000 0.38000 -9.65000
v 8.20000 0.38000 -9.65000
v 8.20000 0.46000 -9.65000
v -8.20000 0.46000 -9.65000
v -8.20000 0.38000 -6.75000
v 8.20000 0.38000 -6.75000
v 8.20000 0.46000 -6.75000
v -8.20000 0.46000 -6.75000
v -7.00000 0.40000 -9.44000
v -7.12124 0.40000 -9.37000
v -7.12124 0.40000 -9.23000
v -7.00000 0.40000 -9.16000
v -6.87876 0.40000 -9.23000
v -6.87876 0.40000 -9.37000
v -7.00000 4.40000 -9.44000
v -7.12124 4.40000 -9.37000
v -7.12124 4.40000 -9.23000
v -7.00000 4.40000 -9.16000
v -6.87876 4.40000 -9.23000
v -6.87876 4.40000 -9.37000
v -7.00000 0.40000 -9.30000
v -7.00000 4.40000 -9.30000
v -7.00000 0.40000 -7.24000
v -7.12124 0.40000 -7.17000
v -7.12124 0.40000 -7.03000
v -7.00000 0.40000 -6.96000
v -6.87876 0.40000 -7.03000
v -6.87876 0.40000 -7.17000
v -7.00000 4.40000 -7.24000
v -7.12124 4.40000 -7.17000
v -7.12124 4.40000 -7.03000
v -7.00000 4.40000 -6.96000
v -6.87876 4.40000 -7.03000
v -6.87876 4.40000 -7.17000
v -7.00000 0.40000 -7.10000
v -7.00000 4.40000 -7.10000
v -2.30000 0.40000 -9.44000
v -2.42124 0.40000 -9.37000
v -2.42124 0.40000 -9.23000
v -2.30000 0.40000 -9.16000
v -2.17876 0.40000 -9.23000
v -2.17876 0.40000 -9.37000
v -2.30000 4.40000 -9.44000
v -2.42124 4.40000 -9.37000
v -2.42124 4.40000 -9.23000
v -2.30000 4.40000 -9.16000
v -2.17876 4.40000 -9.23000
v -2.17876 4.40000 -9.37000
v -2.30000 0.40000 -9.30000
v -2.30000 4.40000 -9.30000
v -2.30000 0.40000 -7.24000
v -2.42124 0.40000 -7.17000
v -2.42124 0.40000 -7.03000
v -2.30000 0.40000 -6.96000
v -2.17876 0.40000 -7.03000
v -2.17876 0.40000 -7.17000
v -2.30000 4.40000 -7.24000
v -2.42124 4.40000 -7.17000
v -2.42124 4.40000 -7.03000
v -2.30000 4.40000 -6.96000
v -2.17876 4.40000 -7.03000
v -2.17876 4.40000 -7.17000
v -2.30000 0.40000 -7.10000
v -2.30000 4.40000 -7.10000
v 2.30000 0.40000 -9.44000
v 2.17876 0.40000 -9.37000
v 2.17876 0.40000 -9.23000
v 2.30000 0.40000 -9.16000
v 2.42124 0.40000 -9.23000
v 2.42124 0.40000 -9.37000
v 2.30000 4.40000 -9.44000
v 2.17876 4.40000 -9.37000
v 2.17876 4.40000 -9.23000
v 2.30000 4.40000 -9.16000
v 2.42124 4.40000 -9.23000
v 2.42124 4.40000 -9.37000
v 2.30000 0.40000 -9.30000
v 2.30000 4.40000 -9.30000
v 2.30000 0.40000 -7.24000
v 2.17876 0.40000 -7.17000
v 2.17876 0.40000 -7.03000
v 2.30000 0.40000 -6.96000
v 2.42124 0.40000 -7.03000
v 2.42124 0.40000 -7.17000
v 2.30000 4.40000 -7.24000
v 2.17876 4.40000 -7.17000
v 2.17876 4.40000 -7.03000
v 2.30000 4.40000 -6.96000
v 2.42124 4.40000 -7.03000
v 2.42124 4.40000 -7.17000
v 2.30000 0.40000 -7.10000
v 2.30000 4.40000 -7.10000
v 7.00000 0.40000 -9.44000
v 6.87876 0.40000 -9.37000
v 6.87876 0.40000 -9.23000
v 7.00000 0.40000 -9.16000
v 7.12124 0.40000 -9.23000
v 7.12124 0.40000 -9.37000
v 7.00000 4.40000 -9.44000
v 6.87876 4.40000 -9.37000
v 6.87876 4.40000 -9.23000
v 7.00000 4.40000 -9.16000
v 7.12124 4.40000 -9.23000
v 7.12124 4.40000 -9.37000
v 7.00000 0.40000 -9.30000
v 7.00000 4.40000 -9.30000
v 7.00000 0.40000 -7.24000
v 6.87876 0.40000 -7.17000
v 6.87876 0.40000 -7.03000
v 7.00000 0.40000 -6.96000
v 7.12124 0.40000 -7.03000
v 7.12124 0.40000 -7.17000
v 7.00000 4.40000 -7.24000
v 6.87876 4.40000 -7.17000
v 6.87876 4.40000 -7.03000
v 7.00000 4.40000 -6.96000
v 7.12124 4.40000 -7.03000
v 7.12124 4.40000 -7.17000
v 7.00000 0.40000 -7.10000
v 7.00000 4.40000 -7.10000
v -8.40000 4.30000 -9.70000
v -6.30000 4.30000 -9.70000
v -6.30000 4.42000 -9.70000
v -8.40000 4.42000 -9.70000
v -8.40000 4.90000 -6.70000
v -6.30000 4.90000 -6.70000
v -6.30000 5.02000 -6.70000
v -8.40000 5.02000 -6.70000
v -6.30000 4.30000 -9.70000
v -4.20000 4.30000 -9.70000
v -4.20000 4.42000 -9.70000
v -6.30000 4.42000 -9.70000
v -6.30000 4.90000 -6.70000
v -4.20000 4.90000 -6.70000
v -4.20000 5.02000 -6.70000
v -6.30000 5.02000 -6.70000
v -4.20000 4.30000 -9.70000
v -2.10000 4.30000 -9.70000
v -2.10000 4.42000 -9.70000
v -4.20000 4.42000 -9.70000
v -4.20000 4.90000 -6.70000
v -2.10000 4.90000 -6.70000
v -2.10000 5.02000 -6.70000
v -4.20000 5.02000 -6.70000
v -2.10000 4.30000 -9.70000
v 0.00000 4.30000 -9.70000
v 0.00000 4.42000 -9.70000
v -2.10000 4.42000 -9.70000
v -2.10000 4.90000 -6.70000
v 0.00000 4.90000 -6.70000
v 0.00000 5.02000 -6.70000
v -2.10000 5.02000 -6.70000
v 0.00000 4.30000 -9.70000
v 2.10000 4.30000 -9.70000
v 2.10000 4.42000 -9.70000
v 0.00000 4.42000 -9.70000
v 0.00000 4.90000 -6.70000
v 2.10000 4.90000 -6.70000
v 2.10000 5.02000 -6.70000
v 0.00000 5.02000 -6.70000
v 2.10000 4.30000 -9.70000
v 4.20000 4.30000 -9.70000
v 4.20000 4.42000 -9.70000
v 2.10000 4.42000 -9.70000
v 2.10000 4.90000 -6.70000
v 4.20000 4.90000 -6.70000
v 4.20000 5.02000 -6.70000
v 2.10000 5.02000 -6.70000
v 4.20000 4.30000 -9.70000
v 6.30000 4.30000 -9.70000
v 6.30000 4.42000 -9.70000
v 4.20000 4.42000 -9.70000
v 4.20000 4.90000 -6.70000
v 6.30000 4.90000 -6.70000
v 6.30000 5.02000 -6.70000
v 4.20000 5.02000 -6.70000
v 6.30000 4.30000 -9.70000
v 8.40000 4.30000 -9.70000
v 8.40000 4.42000 -9.70000
v 6.30000 4.42000 -9.70000
v 6.30000 4.90000 -6.70000
v 8.40000 4.90000 -6.70000
v 8.40000 5.02000 -6.70000
v 6.30000 5.02000 -6.70000
v -9.50000 0.00000 -9.20000
v -9.64142 0.00000 -9.14142
v -9.70000 0.00000 -9.00000
v -9.64142 0.00000 -8.85858
v -9.50000 0.00000 -8.80000
v -9.35858 0.00000 -8.85858
v -9.30000 0.00000 -9.00000
v -9.35858 0.00000 -9.14142
v -9.50000 7.00000 -9.14000
v -9.59899 7.00000 -9.09899
v -9.64000 7.00000 -9.00000
v -9.59899 7.00000 -8.90101
v -9.50000 7.00000 -8.86000
v -9.40101 7.00000 -8.90101
v -9.36000 7.00000 -9.00000
v -9.40101 7.00000 -9.09899
v -9.50000 0.00000 -9.00000
v -9.50000 7.00000 -9.00000
v -9.50000 8.15000 -9.12000
v -9.63901 7.79133 -9.12000
v -10.02308 7.76996 -9.12000
v -9.72492 7.52692 -9.12000
v -9.82328 7.15504 -9.12000
v -9.50000 7.36350 -9.12000
v -9.17672 7.15504 -9.12000
v -9.27508 7.52692 -9.12000
v -8.97692 7.76996 -9.12000
v -9.36099 7.79133 -9.12000
v -9.50000 8.15000 -8.88000
v -9.63901 7.79133 -8.88000
v -10.02308 7.76996 -8.88000
v -9.72492 7.52692 -8.88000
v -9.82328 7.15504 -8.88000
v -9.50000 7.36350 -8.88000
v -9.17672 7.15504 -8.88000
v -9.27508 7.52692 -8.88000
v -8.97692 7.76996 -8.88000
v -9.36099 7.79133 -8.88000
v -9.50000 7.60000 -9.12000
v -9.50000 7.60000 -8.88000
vt 0.05000 0.50000
vt 0.15000 0.50000
vt 0.25000 0.50000
vt 0.35000 0.50000
vt 0.45000 0.50000
vt 0.55000 0.50000
vt 0.65000 0.50000
vt 0.75000 0.50000
vt 0.85000 0.50000
vt 0.95000 0.50000
usemtl ink
f 1/6 2/6 7/6 6/6
f 11/6 2/6 1/6
f 12/6 6/6 7/6
f 2/6 3/6 8/6 7/6
f 11/6 3/6 2/6
f 12/6 7/6 8/6
f 3/6 4/6 9/6 8/6
f 11/6 4/6 3/6
f 12/6 8/6 9/6
f 4/6 5/6 10/6 9/6
f 11/6 5/6 4/6
f 12/6 9/6 10/6
f 5/6 1/6 6/6 10/6
f 11/6 1/6 5/6
f 12/6 10/6 6/6
f 13/6 14/6 19/6 18/6
f 23/6 14/6 13/6
f 24/6 18/6 19/6
f 14/6 15/6 20/6 19/6
f 23/6 15/6 14/6
f 24/6 19/6 20/6
f 15/6 16/6 21/6 20/6
f 23/6 16/6 15/6
f 24/6 20/6 21/6
f 16/6 17/6 22/6 21/6
f 23/6 17/6 16/6
f 24/6 21/6 22/6
f 17/6 13/6 18/6 22/6
f 23/6 13/6 17/6
f 24/6 22/6 18/6
f 25/6 26/6 31/6 30/6
f 35/6 26/6 25/6
f 36/6 30/6 31/6
f 26/6 27/6 32/6 31/6
f 35/6 27/6 26/6
f 36/6 31/6 32/6
f 27/6 28/6 33/6 32/6
f 35/6 28/6 27/6
f 36/6 32/6 33/6
f 28/6 29/6 34/6 33/6
f 35/6 29/6 28/6
f 36/6 33/6 34/6
f 29/6 25/6 30/6 34/6
f 35/6 25/6 29/6
f 36/6 34/6 30/6
f 37/6 38/6 43/6 42/6
f 47/6 38/6 37/6
f 48/6 42/6 43/6
f 38/6 39/6 44/6 43/6
f 47/6 39/6 38/6
f 48/6 43/6 44/6
f 39/6 40/6 45/6 44/6
f 47/6 40/6 39/6
f 48/6 44/6 45/6
f 40/6 41/6 46/6 45/6
f 47/6 41/6 40/6
f 48/6 45/6 46/6
f 41/6 37/6 42/6 46/6
f 47/6 37/6 41/6
f 48/6 46/6 42/6
f 49/6 50/6 55/6 54/6
f 59/6 50/6 49/6
f 60/6 54/6 55/6
f 50/6 51/6 56/6 55/6
f 59/6 51/6 50/6
f 60/6 55/6 56/6
f 51/6 52/6 57/6 56/6
f 59/6 52/6 51/6
f 60/6 56/6 57/6
f 52/6 53/6 58/6 57/6
f 59/6 53/6 52/6
f 60/6 57/6 58/6
f 53/6 49/6 54/6 58/6
f 59/6 49/6 53/6
f 60/6 58/6 54/6
f 61/6 62/6 67/6 66/6
f 71/6 62/6 61/6
f 72/6 66/6 67/6
f 62/6 63/6 68/6 67/6
f 71/6 63/6 62/6
f 72/6 67/6 68/6
f 63/6 64/6 69/6 68/6
f 71/6 64/6 63/6
f 72/6 68/6 69/6
f 64/6 65/6 70/6 69/6
f 71/6 65/6 64/6
f 72/6 69/6 70/6
f 65/6 61/6 66/6 70/6
f 71/6 61/6 65/6
f 72/6 70/6 66/6
f 73/6 74/6 79/6 78/6
f 83/6 74/6 73/6
f 84/6 78/6 79/6
f 74/6 75/6 80/6 79/6
f 83/6 75/6 74/6
f 84/6 79/6 80/6
f 75/6 76/6 81/6 80/6
f 83/6 76/6 75/6
f 84/6 80/6 81/6
f 76/6 77/6 82/6 81/6
f 83/6 77/6 76/6
f 84/6 81/6 82/6
f 77/6 73/6 78/6 82/6
f 83/6 73/6 77/6
f 84/6 82/6 78/6
f 85/6 86/6 91/6 90/6
f 95/6 86/6 85/6
f 96/6 90/6 91/6
f 86/6 87/6 92/6 91/6
f 95/6 87/6 86/6
f 96/6 91/6 92/6
f 87/6 88/6 93/6 92/6
f 95/6 88/6 87/6
f 96/6 92/6 93/6
f 88/6 89/6 94/6 93/6
f 95/6 89/6 88/6
f 96/6 93/6 94/6
f 89/6 85/6 90/6 94/6
f 95/6 85/6 89/6
f 96/6 94/6 90/6
f 97/6 98/6 103/6 102/6
f 107/6 98/6 97/6
f 108/6 102/6 103/6
f 98/6 99/6 104/6 103/6
f 107/6 99/6 98/6
f 108/6 103/6 104/6
f 99/6 100/6 105/6 104/6
f 107/6 100/6 99/6
f 108/6 104/6 105/6
f 100/6 101/6 106/6 105/6
f 107/6 101/6 100/6
f 108/6 105/6 106/6
f 101/6 97/6 102/6 106/6
f 107/6 97/6 101/6
f 108/6 106/6 102/6
f 109/6 110/6 115/6 114/6
f 119/6 110/6 109/6
f 120/6 114/6 115/6
f 110/6 111/6 116/6 115/6
f 119/6 111/6 110/6
f 120/6 115/6 116/6
f 111/6 112/6 117/6 116/6
f 119/6 112/6 111/6
f 120/6 116/6 117/6
f 112/6 113/6 118/6 117/6
f 119/6 113/6 112/6
f 120/6 117/6 118/6
f 113/6 109/6 114/6 118/6
f 119/6 109/6 113/6
f 120/6 118/6 114/6
f 121/6 122/6 127/6 126/6
f 131/6 122/6 121/6
f 132/6 126/6 127/6
f 122/6 123/6 128/6 127/6
f 131/6 123/6 122/6
f 132/6 127/6 128/6
f 123/6 124/6 129/6 128/6
f 131/6 124/6 123/6
f 132/6 128/6 129/6
f 124/6 125/6 130/6 129/6
f 131/6 125/6 124/6
f 132/6 129/6 130/6
f 125/6 121/6 126/6 130/6
f 131/6 121/6 125/6
f 132/6 130/6 126/6
f 133/6 134/6 139/6 138/6
f 143/6 134/6 133/6
f 144/6 138/6 139/6
f 134/6 135/6 140/6 139/6
f 143/6 135/6 134/6
f 144/6 139/6 140/6
f 135/6 136/6 141/6 140/6
f 143/6 136/6 135/6
f 144/6 140/6 141/6
f 136/6 137/6 142/6 141/6
f 143/6 137/6 136/6
f 144/6 141/6 142/6
f 137/6 133/6 138/6 142/6
f 143/6 133/6 137/6
f 144/6 142/6 138/6
f 145/6 146/6 151/6 150/6
f 155/6 146/6 145/6
f 156/6 150/6 151/6
f 146/6 147/6 152/6 151/6
f 155/6 147/6 146/6
f 156/6 151/6 152/6
f 147/6 148/6 153/6 152/6
f 155/6 148/6 147/6
f 156/6 152/6 153/6
f 148/6 149/6 154/6 153/6
f 155/6 149/6 148/6
f 156/6 153/6 154/6
f 149/6 145/6 150/6 154/6
f 155/6 145/6 149/6
f 156/6 154/6 150/6
f 157/6 158/6 163/6 162/6
f 167/6 158/6 157/6
f 168/6 162/6 163/6
f 158/6 159/6 164/6 163/6
f 167/6 159/6 158/6
f 168/6 163/6 164/6
f 159/6 160/6 165/6 164/6
f 167/6 160/6 159/6
f 168/6 164/6 165/6
f 160/6 161/6 166/6 165/6
f 167/6 161/6 160/6
f 168/6 165/6 166/6
f 161/6 157/6 162/6 166/6
f 167/6 157/6 161/6
f 168/6 166/6 162/6
f 169/6 170/6 175/6 174/6
f 179/6 170/6 169/6
f 180/6 174/6 175/6
f 170/6 171/6 176/6 175/6
f 179/6 171/6 170/6
f 180/6 175/6 176/6
f 171/6 172/6 177/6 176/6
f 179/6 172/6 171/6
f 180/6 176/6 177/6
f 172/6 173/6 178/6 177/6
f 179/6 173/6 172/6
f 180/6 177/6 178/6
f 173/6 169/6 174/6 178/6
f 179/6 169/6 173/6
f 180/6 178/6 174/6
f 181/6 182/6 187/6 186/6
f 191/6 182/6 181/6
f 192/6 186/6 187/6
f 182/6 183/6 188/6 187/6
f 191/6 183/6 182/6
f 192/6 187/6 188/6
f 183/6 184/6 189/6 188/6
f 191/6 184/6 183/6
f 192/6 188/6 189/6
f 184/6 185/6 190/6 189/6
f 191/6 185/6 184/6
f 192/6 189/6 190/6
f 185/6 181/6 186/6 190/6
f 191/6 181/6 185/6
f 192/6 190/6 186/6
f 193/6 194/6 199/6 198/6
f 203/6 194/6 193/6
f 204/6 198/6 199/6
f 194/6 195/6 200/6 199/6
f 203/6 195/6 194/6
f 204/6 199/6 200/6
f 195/6 196/6 201/6 200/6
f 203/6 196/6 195/6
f 204/6 200/6 201/6
f 196/6 197/6 202/6 201/6
f 203/6 197/6 196/6
f 204/6 201/6 202/6
f 197/6 193/6 198/6 202/6
f 203/6 193/6 197/6
f 204/6 202/6 198/6
f 205/6 206/6 211/6 210/6
f 215/6 206/6 205/6
f 216/6 210/6 211/6
f 206/6 207/6 212/6 211/6
f 215/6 207/6 206/6
f 216/6 211/6 212/6
f 207/6 208/6 213/6 212/6
f 215/6 208/6 207/6
f 216/6 212/6 213/6
f 208/6 209/6 214/6 213/6
f 215/6 209/6 208/6
f 216/6 213/6 214/6
f 209/6 205/6 210/6 214/6
f 215/6 205/6 209/6
f 216/6 214/6 210/6
f 217/6 218/6 223/6 222/6
f 227/6 218/6 217/6
f 228/6 222/6 223/6
f 218/6 219/6 224/6 223/6
f 227/6 219/6 218/6
f 228/6 223/6 224/6
f 219/6 220/6 225/6 224/6
f 227/6 220/6 219/6
f 228/6 224/6 225/6
f 220/6 221/6 226/6 225/6
f 227/6 221/6 220/6
f 228/6 225/6 226/6
f 221/6 217/6 222/6 226/6
f 227/6 217/6 221/6
f 228/6 226/6 222/6
f 229/6 230/6 235/6 234/6
f 239/6 230/6 229/6
f 240/6 234/6 235/6
f 230/6 231/6 236/6 235/6
f 239/6 231/6 230/6
f 240/6 235/6 236/6
f 231/6 232/6 237/6 236/6
f 239/6 232/6 231/6
f 240/6 236/6 237/6
f 232/6 233/6 238/6 237/6
f 239/6 233/6 232/6
f 240/6 237/6 238/6
f 233/6 229/6 234/6 238/6
f 239/6 229/6 233/6
f 240/6 238/6 234/6
f 241/6 242/6 247/6 246/6
f 251/6 242/6 241/6
f 252/6 246/6 247/6
f 242/6 243/6 248/6 247/6
f 251/6 243/6 242/6
f 252/6 247/6 248/6
f 243/6 244/6 249/6 248/6
f 251/6 244/6 243/6
f 252/6 248/6 249/6
f 244/6 245/6 250/6 249/6
f 251/6 245/6 244/6
f 252/6 249/6 250/6
f 245/6 241/6 246/6 250/6
f 251/6 241/6 245/6
f 252/6 250/6 246/6
f 253/6 254/6 259/6 258/6
f 263/6 254/6 253/6
f 264/6 258/6 259/6
f 254/6 255/6 260/6 259/6
f 263/6 255/6 254/6
f 264/6 259/6 260/6
f 255/6 256/6 261/6 260/6
f 263/6 256/6 255/6
f 264/6 260/6 261/6
f 256/6 257/6 262/6 261/6
f 263/6 257/6 256/6
f 264/6 261/6 262/6
f 257/6 253/6 258/6 262/6
f 263/6 253/6 257/6
f 264/6 262/6 258/6
f 265/6 266/6 271/6 270/6
f 275/6 266/6 265/6
f 276/6 270/6 271/6
f 266/6 267/6 272/6 271/6
f 275/6 267/6 266/6
f 276/6 271/6 272/6
f 267/6 268/6 273/6 272/6
f 275/6 268/6 267/6
f 276/6 272/6 273/6
f 268/6 269/6 274/6 273/6
f 275/6 269/6 268/6
f 276/6 273/6 274/6
f 269/6 265/6 270/6 274/6
f 275/6 265/6 269/6
f 276/6 274/6 270/6
f 277/6 278/6 283/6 282/6
f 287/6 278/6 277/6
f 288/6 282/6 283/6
f 278/6 279/6 284/6 283/6
f 287/6 279/6 278/6
f 288/6 283/6 284/6
f 279/6 280/6 285/6 284/6
f 287/6 280/6 279/6
f 288/6 284/6 285/6
f 280/6 281/6 286/6 285/6
f 287/6 281/6 280/6
f 288/6 285/6 286/6
f 281/6 277/6 282/6 286/6
f 287/6 277/6 281/6
f 288/6 286/6 282/6
f 289/6 290/6 295/6 294/6
f 299/6 290/6 289/6
f 300/6 294/6 295/6
f 290/6 291/6 296/6 295/6
f 299/6 291/6 290/6
f 300/6 295/6 296/6
f 291/6 292/6 297/6 296/6
f 299/6 292/6 291/6
f 300/6 296/6 297/6
f 292/6 293/6 298/6 297/6
f 299/6 293/6 292/6
f 300/6 297/6 298/6
f 293/6 289/6 294/6 298/6
f 299/6 289/6 293/6
f 300/6 298/6 294/6
f 301/6 302/6 307/6 306/6
f 311/6 302/6 301/6
f 312/6 306/6 307/6
f 302/6 303/6 308/6 307/6
f 311/6 303/6 302/6
f 312/6 307/6 308/6
f 303/6 304/6 309/6 308/6
f 311/6 304/6 303/6
f 312/6 308/6 309/6
f 304/6 305/6 310/6 309/6
f 311/6 305/6 304/6
f 312/6 309/6 310/6
f 305/6 301/6 306/6 310/6
f 311/6 301/6 305/6
f 312/6 310/6 306/6
f 313/6 314/6 319/6 318/6
f 323/6 314/6 313/6
f 324/6 318/6 319/6
f 314/6 315/6 320/6 319/6
f 323/6 315/6 314/6
f 324/6 319/6 320/6
f 315/6 316/6 321/6 320/6
f 323/6 316/6 315/6
f 324/6 320/6 321/6
f 316/6 317/6 322/6 321/6
f 323/6 317/6 316/6
f 324/6 321/6 322/6
f 317/6 313/6 318/6 322/6
f 323/6 313/6 317/6
f 324/6 322/6 318/6
f 325/6 326/6 331/6 330/6
f 335/6 326/6 325/6
f 336/6 330/6 331/6
f 326/6 327/6 332/6 331/6
f 335/6 327/6 326/6
f 336/6 331/6 332/6
f 327/6 328/6 333/6 332/6
f 335/6 328/6 327/6
f 336/6 332/6 333/6
f 328/6 329/6 334/6 333/6
f 335/6 329/6 328/6
f 336/6 333/6 334/6
f 329/6 325/6 330/6 334/6
f 335/6 325/6 329/6
f 336/6 334/6 330/6
f 337/6 338/6 343/6 342/6
f 347/6 338/6 337/6
f 348/6 342/6 343/6
f 338/6 339/6 344/6 343/6
f 347/6 339/6 338/6
f 348/6 343/6 344/6
f 339/6 340/6 345/6 344/6
f 347/6 340/6 339/6
f 348/6 344/6 345/6
f 340/6 341/6 346/6 345/6
f 347/6 341/6 340/6
f 348/6 345/6 346/6
f 341/6 337/6 342/6 346/6
f 347/6 337/6 341/6
f 348/6 346/6 342/6
f 349/6 350/6 355/6 354/6
f 359/6 350/6 349/6
f 360/6 354/6 355/6
f 350/6 351/6 356/6 355/6
f 359/6 351/6 350/6
f 360/6 355/6 356/6
f 351/6 352/6 357/6 356/6
f 359/6 352/6 351/6
f 360/6 356/6 357/6
f 352/6 353/6 358/6 357/6
f 359/6 353/6 352/6
f 360/6 357/6 358/6
f 353/6 349/6 354/6 358/6
f 359/6 349/6 353/6
f 360/6 358/6 354/6
f 361/6 362/6 367/6 366/6
f 371/6 362/6 361/6
f 372/6 366/6 367/6
f 362/6 363/6 368/6 367/6
f 371/6 363/6 362/6
f 372/6 367/6 368/6
f 363/6 364/6 369/6 368/6
f 371/6 364/6 363/6
f 372/6 368/6 369/6
f 364/6 365/6 370/6 369/6
f 371/6 365/6 364/6
f 372/6 369/6 370/6
f 365/6 361/6 366/6 370/6
f 371/6 361/6 365/6
f 372/6 370/6 366/6
f 373/6 374/6 379/6 378/6
f 383/6 374/6 373/6
f 384/6 378/6 379/6
f 374/6 375/6 380/6 379/6
f 383/6 375/6 374/6
f 384/6 379/6 380/6
f 375/6 376/6 381/6 380/6
f 383/6 376/6 375/6
f 384/6 380/6 381/6
f 376/6 377/6 382/6 381/6
f 383/6 377/6 376/6
f 384/6 381/6 382/6
f 377/6 373/6 378/6 382/6
f 383/6 373/6 377/6
f 384/6 382/6 378/6
f 385/6 386/6 391/6 390/6
f 395/6 386/6 385/6
f 396/6 390/6 391/6
f 386/6 387/6 392/6 391/6
f 395/6 387/6 386/6
f 396/6 391/6 392/6
f 387/6 388/6 393/6 392/6
f 395/6 388/6 387/6
f 396/6 392/6 393/6
f 388/6 389/6 394/6 393/6
f 395/6 389/6 388/6
f 396/6 393/6 394/6
f 389/6 385/6 390/6 394/6
f 395/6 385/6 389/6
f 396/6 394/6 390/6
f 397/6 398/6 403/6 402/6
f 407/6 398/6 397/6
f 408/6 402/6 403/6
f 398/6 399/6 404/6 403/6
f 407/6 399/6 398/6
f 408/6 403/6 404/6
f 399/6 400/6 405/6 404/6
f 407/6 400/6 399/6
f 408/6 404/6 405/6
f 400/6 401/6 406/6 405/6
f 407/6 401/6 400/6
f 408/6 405/6 406/6
f 401/6 397/6 402/6 406/6
f 407/6 397/6 401/6
f 408/6 406/6 402/6
f 409/6 410/6 415/6 414/6
f 419/6 410/6 409/6
f 420/6 414/6 415/6
f 410/6 411/6 416/6 415/6
f 419/6 411/6 410/6
f 420/6 415/6 416/6
f 411/6 412/6 417/6 416/6
f 419/6 412/6 411/6
f 420/6 416/6 417/6
f 412/6 413/6 418/6 417/6
f 419/6 413/6 412/6
f 420/6 417/6 418/6
f 413/6 409/6 414/6 418/6
f 419/6 409/6 413/6
f 420/6 418/6 414/6
f 421/6 422/6 427/6 426/6
f 431/6 422/6 421/6
f 432/6 426/6 427/6
f 422/6 423/6 428/6 427/6
f 431/6 423/6 422/6
f 432/6 427/6 428/6
f 423/6 424/6 429/6 428/6
f 431/6 424/6 423/6
f 432/6 428/6 429/6
f 424/6 425/6 430/6 429/6
f 431/6 425/6 424/6
f 432/6 429/6 430/6
f 425/6 421/6 426/6 430/6
f 431/6 421/6 425/6
f 432/6 430/6 426/6
f 433/6 434/6 439/6 438/6
f 443/6 434/6 433/6
f 444/6 438/6 439/6
f 434/6 435/6 440/6 439/6
f 443/6 435/6 434/6
f 444/6 439/6 440/6
f 435/6 436/6 441/6 440/6
f 443/6 436/6 435/6
f 444/6 440/6 441/6
f 436/6 437/6 442/6 441/6
f 443/6 437/6 436/6
f 444/6 441/6 442/6
f 437/6 433/6 438/6 442/6
f 443/6 433/6 437/6
f 444/6 442/6 438/6
f 445/6 446/6 451/6 450/6
f 455/6 446/6 445/6
f 456/6 450/6 451/6
f 446/6 447/6 452/6 451/6
f 455/6 447/6 446/6
f 456/6 451/6 452/6
f 447/6 448/6 453/6 452/6
f 455/6 448/6 447/6
f 456/6 452/6 453/6
f 448/6 449/6 454/6 453/6
f 455/6 449/6 448/6
f 456/6 453/6 454/6
f 449/6 445/6 450/6 454/6
f 455/6 445/6 449/6
f 456/6 454/6 450/6
f 457/6 458/6 463/6 462/6
f 467/6 458/6 457/6
f 468/6 462/6 463/6
f 458/6 459/6 464/6 463/6
f 467/6 459/6 458/6
f 468/6 463/6 464/6
f 459/6 460/6 465/6 464/6
f 467/6 460/6 459/6
f 468/6 464/6 465/6
f 460/6 461/6 466/6 465/6
f 467/6 461/6 460/6
f 468/6 465/6 466/6
f 461/6 457/6 462/6 466/6
f 467/6 457/6 461/6
f 468/6 466/6 462/6
f 469/6 470/6 475/6 474/6
f 479/6 470/6 469/6
f 480/6 474/6 475/6
f 470/6 471/6 476/6 475/6
f 479/6 471/6 470/6
f 480/6 475/6 476/6
f 471/6 472/6 477/6 476/6
f 479/6 472/6 471/6
f 480/6 476/6 477/6
f 472/6 473/6 478/6 477/6
f 479/6 473/6 472/6
f 480/6 477/6 478/6
f 473/6 469/6 474/6 478/6
f 479/6 469/6 473/6
f 480/6 478/6 474/6
f 481/6 482/6 487/6 486/6
f 491/6 482/6 481/6
f 492/6 486/6 487/6
f 482/6 483/6 488/6 487/6
f 491/6 483/6 482/6
f 492/6 487/6 488/6
f 483/6 484/6 489/6 488/6
f 491/6 484/6 483/6
f 492/6 488/6 489/6
f 484/6 485/6 490/6 489/6
f 491/6 485/6 484/6
f 492/6 489/6 490/6
f 485/6 481/6 486/6 490/6
f 491/6 481/6 485/6
f 492/6 490/6 486/6
f 493/6 494/6 499/6 498/6
f 503/6 494/6 493/6
f 504/6 498/6 499/6
f 494/6 495/6 500/6 499/6
f 503/6 495/6 494/6
f 504/6 499/6 500/6
f 495/6 496/6 501/6 500/6
f 503/6 496/6 495/6
f 504/6 500/6 501/6
f 496/6 497/6 502/6 501/6
f 503/6 497/6 496/6
f 504/6 501/6 502/6
f 497/6 493/6 498/6 502/6
f 503/6 493/6 497/6
f 504/6 502/6 498/6
f 505/6 506/6 511/6 510/6
f 515/6 506/6 505/6
f 516/6 510/6 511/6
f 506/6 507/6 512/6 511/6
f 515/6 507/6 506/6
f 516/6 511/6 512/6
f 507/6 508/6 513/6 512/6
f 515/6 508/6 507/6
f 516/6 512/6 513/6
f 508/6 509/6 514/6 513/6
f 515/6 509/6 508/6
f 516/6 513/6 514/6
f 509/6 505/6 510/6 514/6
f 515/6 505/6 509/6
f 516/6 514/6 510/6
f 517/6 518/6 523/6 522/6
f 527/6 518/6 517/6
f 528/6 522/6 523/6
f 518/6 519/6 524/6 523/6
f 527/6 519/6 518/6
f 528/6 523/6 524/6
f 519/6 520/6 525/6 524/6
f 527/6 520/6 519/6
f 528/6 524/6 525/6
f 520/6 521/6 526/6 525/6
f 527/6 521/6 520/6
f 528/6 525/6 526/6
f 521/6 517/6 522/6 526/6
f 527/6 517/6 521/6
f 528/6 526/6 522/6
f 529/6 530/6 535/6 534/6
f 539/6 530/6 529/6
f 540/6 534/6 535/6
f 530/6 531/6 536/6 535/6
f 539/6 531/6 530/6
f 540/6 535/6 536/6
f 531/6 532/6 537/6 536/6
f 539/6 532/6 531/6
f 540/6 536/6 537/6
f 532/6 533/6 538/6 537/6
f 539/6 533/6 532/6
f 540/6 537/6 538/6
f 533/6 529/6 534/6 538/6
f 539/6 529/6 533/6
f 540/6 538/6 534/6
f 541/6 542/6 547/6 546/6
f 551/6 542/6 541/6
f 552/6 546/6 547/6
f 542/6 543/6 548/6 547/6
f 551/6 543/6 542/6
f 552/6 547/6 548/6
f 543/6 544/6 549/6 548/6
f 551/6 544/6 543/6
f 552/6 548/6 549/6
f 544/6 545/6 550/6 549/6
f 551/6 545/6 544/6
f 552/6 549/6 550/6
f 545/6 541/6 546/6 550/6
f 551/6 541/6 545/6
f 552/6 550/6 546/6
f 553/6 554/6 559/6 558/6
f 563/6 554/6 553/6
f 564/6 558/6 559/6
f 554/6 555/6 560/6 559/6
f 563/6 555/6 554/6
f 564/6 559/6 560/6
f 555/6 556/6 561/6 560/6
f 563/6 556/6 555/6
f 564/6 560/6 561/6
f 556/6 557/6 562/6 561/6
f 563/6 557/6 556/6
f 564/6 561/6 562/6
f 557/6 553/6 558/6 562/6
f 563/6 553/6 557/6
f 564/6 562/6 558/6
f 565/6 566/6 571/6 570/6
f 575/6 566/6 565/6
f 576/6 570/6 571/6
f 566/6 567/6 572/6 571/6
f 575/6 567/6 566/6
f 576/6 571/6 572/6
f 567/6 568/6 573/6 572/6
f 575/6 568/6 567/6
f 576/6 572/6 573/6
f 568/6 569/6 574/6 573/6
f 575/6 569/6 568/6
f 576/6 573/6 574/6
f 569/6 565/6 570/6 574/6
f 575/6 565/6 569/6
f 576/6 574/6 570/6
f 577/6 578/6 583/6 582/6
f 587/6 578/6 577/6
f 588/6 582/6 583/6
f 578/6 579/6 584/6 583/6
f 587/6 579/6 578/6
f 588/6 583/6 584/6
f 579/6 580/6 585/6 584/6
f 587/6 580/6 579/6
f 588/6 584/6 585/6
f 580/6 581/6 586/6 585/6
f 587/6 581/6 580/6
f 588/6 585/6 586/6
f 581/6 577/6 582/6 586/6
f 587/6 577/6 581/6
f 588/6 586/6 582/6
f 589/6 590/6 595/6 594/6
f 599/6 590/6 589/6
f 600/6 594/6 595/6
f 590/6 591/6 596/6 595/6
f 599/6 591/6 590/6
f 600/6 595/6 596/6
f 591/6 592/6 597/6 596/6
f 599/6 592/6 591/6
f 600/6 596/6 597/6
f 592/6 593/6 598/6 597/6
f 599/6 593/6 592/6
f 600/6 597/6 598/6
f 593/6 589/6 594/6 598/6
f 599/6 589/6 593/6
f 600/6 598/6 594/6
f 601/6 602/6 607/6 606/6
f 611/6 602/6 601/6
f 612/6 606/6 607/6
f 602/6 603/6 608/6 607/6
f 611/6 603/6 602/6
f 612/6 607/6 608/6
f 603/6 604/6 609/6 608/6
f 611/6 604/6 603/6
f 612/6 608/6 609/6
f 604/6 605/6 610/6 609/6
f 611/6 605/6 604/6
f 612/6 609/6 610/6
f 605/6 601/6 606/6 610/6
f 611/6 601/6 605/6
f 612/6 610/6 606/6
f 613/6 614/6 619/6 618/6
f 623/6 614/6 613/6
f 624/6 618/6 619/6
f 614/6 615/6 620/6 619/6
f 623/6 615/6 614/6
f 624/6 619/6 620/6
f 615/6 616/6 621/6 620/6
f 623/6 616/6 615/6
f 624/6 620/6 621/6
f 616/6 617/6 622/6 621/6
f 623/6 617/6 616/6
f 624/6 621/6 622/6
f 617/6 613/6 618/6 622/6
f 623/6 613/6 617/6
f 624/6 622/6 618/6
f 625/6 626/6 631/6 630/6
f 635/6 626/6 625/6
f 636/6 630/6 631/6
f 626/6 627/6 632/6 631/6
f 635/6 627/6 626/6
f 636/6 631/6 632/6
f 627/6 628/6 633/6 632/6
f 635/6 628/6 627/6
f 636/6 632/6 633/6
f 628/6 629/6 634/6 633/6
f 635/6 629/6 628/6
f 636/6 633/6 634/6
f 629/6 625/6 630/6 634/6
f 635/6 625/6 629/6
f 636/6 634/6 630/6
f 637/6 638/6 643/6 642/6
f 647/6 638/6 637/6
f 648/6 642/6 643/6
f 638/6 639/6 644/6 643/6
f 647/6 639/6 638/6
f 648/6 643/6 644/6
f 639/6 640/6 645/6 644/6
f 647/6 640/6 639/6
f 648/6 644/6 645/6
f 640/6 641/6 646/6 645/6
f 647/6 641/6 640/6
f 648/6 645/6 646/6
f 641/6 637/6 642/6 646/6
f 647/6 637/6 641/6
f 648/6 646/6 642/6
f 649/6 650/6 655/6 654/6
f 659/6 650/6 649/6
f 660/6 654/6 655/6
f 650/6 651/6 656/6 655/6
f 659/6 651/6 650/6
f 660/6 655/6 656/6
f 651/6 652/6 657/6 656/6
f 659/6 652/6 651/6
f 660/6 656/6 657/6
f 652/6 653/6 658/6 657/6
f 659/6 653/6 652/6
f 660/6 657/6 658/6
f 653/6 649/6 654/6 658/6
f 659/6 649/6 653/6
f 660/6 658/6 654/6
f 661/6 662/6 667/6 666/6
f 671/6 662/6 661/6
f 672/6 666/6 667/6
f 662/6 663/6 668/6 667/6
f 671/6 663/6 662/6
f 672/6 667/6 668/6
f 663/6 664/6 669/6 668/6
f 671/6 664/6 663/6
f 672/6 668/6 669/6
f 664/6 665/6 670/6 669/6
f 671/6 665/6 664/6
f 672/6 669/6 670/6
f 665/6 661/6 666/6 670/6
f 671/6 661/6 665/6
f 672/6 670/6 666/6
f 673/6 674/6 679/6 678/6
f 683/6 674/6 673/6
f 684/6 678/6 679/6
f 674/6 675/6 680/6 679/6
f 683/6 675/6 674/6
f 684/6 679/6 680/6
f 675/6 676/6 681/6 680/6
f 683/6 676/6 675/6
f 684/6 680/6 681/6
f 676/6 677/6 682/6 681/6
f 683/6 677/6 676/6
f 684/6 681/6 682/6
f 677/6 673/6 678/6 682/6
f 683/6 673/6 677/6
f 684/6 682/6 678/6
f 685/6 686/6 691/6 690/6
f 695/6 686/6 685/6
f 696/6 690/6 691/6
f 686/6 687/6 692/6 691/6
f 695/6 687/6 686/6
f 696/6 691/6 692/6
f 687/6 688/6 693/6 692/6
f 695/6 688/6 687/6
f 696/6 692/6 693/6
f 688/6 689/6 694/6 693/6
f 695/6 689/6 688/6
f 696/6 693/6 694/6
f 689/6 685/6 690/6 694/6
f 695/6 685/6 689/6
f 696/6 694/6 690/6
f 697/6 698/6 703/6 702/6
f 707/6 698/6 697/6
f 708/6 702/6 703/6
f 698/6 699/6 704/6 703/6
f 707/6 699/6 698/6
f 708/6 703/6 704/6
f 699/6 700/6 705/6 704/6
f 707/6 700/6 699/6
f 708/6 704/6 705/6
f 700/6 701/6 706/6 705/6
f 707/6 701/6 700/6
f 708/6 705/6 706/6
f 701/6 697/6 702/6 706/6
f 707/6 697/6 701/6
f 708/6 706/6 702/6
f 709/6 710/6 715/6 714/6
f 719/6 710/6 709/6
f 720/6 714/6 715/6
f 710/6 711/6 716/6 715/6
f 719/6 711/6 710/6
f 720/6 715/6 716/6
f 711/6 712/6 717/6 716/6
f 719/6 712/6 711/6
f 720/6 716/6 717/6
f 712/6 713/6 718/6 717/6
f 719/6 713/6 712/6
f 720/6 717/6 718/6
f 713/6 709/6 714/6 718/6
f 719/6 709/6 713/6
f 720/6 718/6 714/6
f 721/6 722/6 727/6 726/6
f 731/6 722/6 721/6
f 732/6 726/6 727/6
f 722/6 723/6 728/6 727/6
f 731/6 723/6 722/6
f 732/6 727/6 728/6
f 723/6 724/6 729/6 728/6
f 731/6 724/6 723/6
f 732/6 728/6 729/6
f 724/6 725/6 730/6 729/6
f 731/6 725/6 724/6
f 732/6 729/6 730/6
f 725/6 721/6 726/6 730/6
f 731/6 721/6 725/6
f 732/6 730/6 726/6
f 733/6 734/6 739/6 738/6
f 743/6 734/6 733/6
f 744/6 738/6 739/6
f 734/6 735/6 740/6 739/6
f 743/6 735/6 734/6
f 744/6 739/6 740/6
f 735/6 736/6 741/6 740/6
f 743/6 736/6 735/6
f 744/6 740/6 741/6
f 736/6 737/6 742/6 741/6
f 743/6 737/6 736/6
f 744/6 741/6 742/6
f 737/6 733/6 738/6 742/6
f 743/6 733/6 737/6
f 744/6 742/6 738/6
f 745/6 746/6 751/6 750/6
f 755/6 746/6 745/6
f 756/6 750/6 751/6
f 746/6 747/6 752/6 751/6
f 755/6 747/6 746/6
f 756/6 751/6 752/6
f 747/6 748/6 753/6 752/6
f 755/6 748/6 747/6
f 756/6 752/6 753/6
f 748/6 749/6 754/6 753/6
f 755/6 749/6 748/6
f 756/6 753/6 754/6
f 749/6 745/6 750/6 754/6
f 755/6 745/6 749/6
f 756/6 754/6 750/6
f 757/6 758/6 763/6 762/6
f 767/6 758/6 757/6
f 768/6 762/6 763/6
f 758/6 759/6 764/6 763/6
f 767/6 759/6 758/6
f 768/6 763/6 764/6
f 759/6 760/6 765/6 764/6
f 767/6 760/6 759/6
f 768/6 764/6 765/6
f 760/6 761/6 766/6 765/6
f 767/6 761/6 760/6
f 768/6 765/6 766/6
f 761/6 757/6 762/6 766/6
f 767/6 757/6 761/6
f 768/6 766/6 762/6
f 769/6 770/6 775/6 774/6
f 779/6 770/6 769/6
f 780/6 774/6 775/6
f 770/6 771/6 776/6 775/6
f 779/6 771/6 770/6
f 780/6 775/6 776/6
f 771/6 772/6 777/6 776/6
f 779/6 772/6 771/6
f 780/6 776/6 777/6
f 772/6 773/6 778/6 777/6
f 779/6 773/6 772/6
f 780/6 777/6 778/6
f 773/6 769/6 774/6 778/6
f 779/6 769/6 773/6
f 780/6 778/6 774/6
f 781/6 782/6 787/6 786/6
f 791/6 782/6 781/6
f 792/6 786/6 787/6
f 782/6 783/6 788/6 787/6
f 791/6 783/6 782/6
f 792/6 787/6 788/6
f 783/6 784/6 789/6 788/6
f 791/6 784/6 783/6
f 792/6 788/6 789/6
f 784/6 785/6 790/6 789/6
f 791/6 785/6 784/6
f 792/6 789/6 790/6
f 785/6 781/6 786/6 790/6
f 791/6 781/6 785/6
f 792/6 790/6 786/6
f 793/6 794/6 799/6 798/6
f 803/6 794/6 793/6
f 804/6 798/6 799/6
f 794/6 795/6 800/6 799/6
f 803/6 795/6 794/6
f 804/6 799/6 800/6
f 795/6 796/6 801/6 800/6
f 803/6 796/6 795/6
f 804/6 800/6 801/6
f 796/6 797/6 802/6 801/6
f 803/6 797/6 796/6
f 804/6 801/6 802/6
f 797/6 793/6 798/6 802/6
f 803/6 793/6 797/6
f 804/6 802/6 798/6
f 805/6 806/6 811/6 810/6
f 815/6 806/6 805/6
f 816/6 810/6 811/6
f 806/6 807/6 812/6 811/6
f 815/6 807/6 806/6
f 816/6 811/6 812/6
f 807/6 808/6 813/6 812/6
f 815/6 808/6 807/6
f 816/6 812/6 813/6
f 808/6 809/6 814/6 813/6
f 815/6 809/6 808/6
f 816/6 813/6 814/6
f 809/6 805/6 810/6 814/6
f 815/6 805/6 809/6
f 816/6 814/6 810/6
f 817/6 818/6 823/6 822/6
f 827/6 818/6 817/6
f 828/6 822/6 823/6
f 818/6 819/6 824/6 823/6
f 827/6 819/6 818/6
f 828/6 823/6 824/6
f 819/6 820/6 825/6 824/6
f 827/6 820/6 819/6
f 828/6 824/6 825/6
f 820/6 821/6 826/6 825/6
f 827/6 821/6 820/6
f 828/6 825/6 826/6
f 821/6 817/6 822/6 826/6
f 827/6 817/6 821/6
f 828/6 826/6 822/6
f 829/6 830/6 835/6 834/6
f 839/6 830/6 829/6
f 840/6 834/6 835/6
f 830/6 831/6 836/6 835/6
f 839/6 831/6 830/6
f 840/6 835/6 836/6
f 831/6 832/6 837/6 836/6
f 839/6 832/6 831/6
f 840/6 836/6 837/6
f 832/6 833/6 838/6 837/6
f 839/6 833/6 832/6
f 840/6 837/6 838/6
f 833/6 829/6 834/6 838/6
f 839/6 829/6 833/6
f 840/6 838/6 834/6
f 841/6 842/6 847/6 846/6
f 851/6 842/6 841/6
f 852/6 846/6 847/6
f 842/6 843/6 848/6 847/6
f 851/6 843/6 842/6
f 852/6 847/6 848/6
f 843/6 844/6 849/6 848/6
f 851/6 844/6 843/6
f 852/6 848/6 849/6
f 844/6 845/6 850/6 849/6
f 851/6 845/6 844/6
f 852/6 849/6 850/6
f 845/6 841/6 846/6 850/6
f 851/6 841/6 845/6
f 852/6 850/6 846/6
f 853/6 854/6 859/6 858/6
f 863/6 854/6 853/6
f 864/6 858/6 859/6
f 854/6 855/6 860/6 859/6
f 863/6 855/6 854/6
f 864/6 859/6 860/6
f 855/6 856/6 861/6 860/6
f 863/6 856/6 855/6
f 864/6 860/6 861/6
f 856/6 857/6 862/6 861/6
f 863/6 857/6 856/6
f 864/6 861/6 862/6
f 857/6 853/6 858/6 862/6
f 863/6 853/6 857/6
f 864/6 862/6 858/6
f 865/6 866/6 871/6 870/6
f 875/6 866/6 865/6
f 876/6 870/6 871/6
f 866/6 867/6 872/6 871/6
f 875/6 867/6 866/6
f 876/6 871/6 872/6
f 867/6 868/6 873/6 872/6
f 875/6 868/6 867/6
f 876/6 872/6 873/6
f 868/6 869/6 874/6 873/6
f 875/6 869/6 868/6
f 876/6 873/6 874/6
f 869/6 865/6 870/6 874/6
f 875/6 865/6 869/6
f 876/6 874/6 870/6
f 877/6 878/6 883/6 882/6
f 887/6 878/6 877/6
f 888/6 882/6 883/6
f 878/6 879/6 884/6 883/6
f 887/6 879/6 878/6
f 888/6 883/6 884/6
f 879/6 880/6 885/6 884/6
f 887/6 880/6 879/6
f 888/6 884/6 885/6
f 880/6 881/6 886/6 885/6
f 887/6 881/6 880/6
f 888/6 885/6 886/6
f 881/6 877/6 882/6 886/6
f 887/6 877/6 881/6
f 888/6 886/6 882/6
f 889/6 890/6 895/6 894/6
f 899/6 890/6 889/6
f 900/6 894/6 895/6
f 890/6 891/6 896/6 895/6
f 899/6 891/6 890/6
f 900/6 895/6 896/6
f 891/6 892/6 897/6 896/6
f 899/6 892/6 891/6
f 900/6 896/6 897/6
f 892/6 893/6 898/6 897/6
f 899/6 893/6 892/6
f 900/6 897/6 898/6
f 893/6 889/6 894/6 898/6
f 899/6 889/6 893/6
f 900/6 898/6 894/6
f 901/6 902/6 907/6 906/6
f 911/6 902/6 901/6
f 912/6 906/6 907/6
f 902/6 903/6 908/6 907/6
f 911/6 903/6 902/6
f 912/6 907/6 908/6
f 903/6 904/6 909/6 908/6
f 911/6 904/6 903/6
f 912/6 908/6 909/6
f 904/6 905/6 910/6 909/6
f 911/6 905/6 904/6
f 912/6 909/6 910/6
f 905/6 901/6 906/6 910/6
f 911/6 901/6 905/6
f 912/6 910/6 906/6
f 913/6 914/6 919/6 918/6
f 923/6 914/6 913/6
f 924/6 918/6 919/6
f 914/6 915/6 920/6 919/6
f 923/6 915/6 914/6
f 924/6 919/6 920/6
f 915/6 916/6 921/6 920/6
f 923/6 916/6 915/6
f 924/6 920/6 921/6
f 916/6 917/6 922/6 921/6
f 923/6 917/6 916/6
f 924/6 921/6 922/6
f 917/6 913/6 918/6 922/6
f 923/6 913/6 917/6
f 924/6 922/6 918/6
f 925/6 926/6 931/6 930/6
f 935/6 926/6 925/6
f 936/6 930/6 931/6
f 926/6 927/6 932/6 931/6
f 935/6 927/6 926/6
f 936/6 931/6 932/6
f 927/6 928/6 933/6 932/6
f 935/6 928/6 927/6
f 936/6 932/6 933/6
f 928/6 929/6 934/6 933/6
f 935/6 929/6 928/6
f 936/6 933/6 934/6
f 929/6 925/6 930/6 934/6
f 935/6 925/6 929/6
f 936/6 934/6 930/6
f 937/6 938/6 943/6 942/6
f 947/6 938/6 937/6
f 948/6 942/6 943/6
f 938/6 939/6 944/6 943/6
f 947/6 939/6 938/6
f 948/6 943/6 944/6
f 939/6 940/6 945/6 944/6
f 947/6 940/6 939/6
f 948/6 944/6 945/6
f 940/6 941/6 946/6 945/6
f 947/6 941/6 940/6
f 948/6 945/6 946/6
f 941/6 937/6 942/6 946/6
f 947/6 937/6 941/6
f 948/6 946/6 942/6
f 949/6 950/6 955/6 954/6
f 959/6 950/6 949/6
f 960/6 954/6 955/6
f 950/6 951/6 956/6 955/6
f 959/6 951/6 950/6
f 960/6 955/6 956/6
f 951/6 952/6 957/6 956/6
f 959/6 952/6 951/6
f 960/6 956/6 957/6
f 952/6 953/6 958/6 957/6
f 959/6 953/6 952/6
f 960/6 957/6 958/6
f 953/6 949/6 954/6 958/6
f 959/6 949/6 953/6
f 960/6 958/6 954/6
f 961/6 962/6 967/6 966/6
f 971/6 962/6 961/6
f 972/6 966/6 967/6
f 962/6 963/6 968/6 967/6
f 971/6 963/6 962/6
f 972/6 967/6 968/6
f 963/6 964/6 969/6 968/6
f 971/6 964/6 963/6
f 972/6 968/6 969/6
f 964/6 965/6 970/6 969/6
f 971/6 965/6 964/6
f 972/6 969/6 970/6
f 965/6 961/6 966/6 970/6
f 971/6 961/6 965/6
f 972/6 970/6 966/6
f 973/6 974/6 979/6 978/6
f 983/6 974/6 973/6
f 984/6 978/6 979/6
f 974/6 975/6 980/6 979/6
f 983/6 975/6 974/6
f 984/6 979/6 980/6
f 975/6 976/6 981/6 980/6
f 983/6 976/6 975/6
f 984/6 980/6 981/6
f 976/6 977/6 982/6 981/6
f 983/6 977/6 976/6
f 984/6 981/6 982/6
f 977/6 973/6 978/6 982/6
f 983/6 973/6 977/6
f 984/6 982/6 978/6
f 985/6 986/6 991/6 990/6
f 995/6 986/6 985/6
f 996/6 990/6 991/6
f 986/6 987/6 992/6 991/6
f 995/6 987/6 986/6
f 996/6 991/6 992/6
f 987/6 988/6 993/6 992/6
f 995/6 988/6 987/6
f 996/6 992/6 993/6
f 988/6 989/6 994/6 993/6
f 995/6 989/6 988/6
f 996/6 993/6 994/6
f 989/6 985/6 990/6 994/6
f 995/6 985/6 989/6
f 996/6 994/6 990/6
f 997/6 998/6 1003/6 1002/6
f 1007/6 998/6 997/6
f 1008/6 1002/6 1003/6
f 998/6 999/6 1004/6 1003/6
f 1007/6 999/6 998/6
f 1008/6 1003/6 1004/6
f 999/6 1000/6 1005/6 1004/6
f 1007/6 1000/6 999/6
f 1008/6 1004/6 1005/6
f 1000/6 1001/6 1006/6 1005/6
f 1007/6 1001/6 1000/6
f 1008/6 1005/6 1006/6
f 1001/6 997/6 1002/6 1006/6
f 1007/6 997/6 1001/6
f 1008/6 1006/6 1002/6
f 1009/6 1010/6 1015/6 1014/6
f 1019/6 1010/6 1009/6
f 1020/6 1014/6 1015/6
f 1010/6 1011/6 1016/6 1015/6
f 1019/6 1011/6 1010/6
f 1020/6 1015/6 1016/6
f 1011/6 1012/6 1017/6 1016/6
f 1019/6 1012/6 1011/6
f 1020/6 1016/6 1017/6
f 1012/6 1013/6 1018/6 1017/6
f 1019/6 1013/6 1012/6
f 1020/6 1017/6 1018/6
f 1013/6 1009/6 1014/6 1018/6
f 1019/6 1009/6 1013/6
f 1020/6 1018/6 1014/6
f 1021/6 1022/6 1027/6 1026/6
f 1031/6 1022/6 1021/6
f 1032/6 1026/6 1027/6
f 1022/6 1023/6 1028/6 1027/6
f 1031/6 1023/6 1022/6
f 1032/6 1027/6 1028/6
f 1023/6 1024/6 1029/6 1028/6
f 1031/6 1024/6 1023/6
f 1032/6 1028/6 1029/6
f 1024/6 1025/6 1030/6 1029/6
f 1031/6 1025/6 1024/6
f 1032/6 1029/6 1030/6
f 1025/6 1021/6 1026/6 1030/6
f 1031/6 1021/6 1025/6
f 1032/6 1030/6 1026/6
f 1033/6 1034/6 1039/6 1038/6
f 1043/6 1034/6 1033/6
f 1044/6 1038/6 1039/6
f 1034/6 1035/6 1040/6 1039/6
f 1043/6 1035/6 1034/6
f 1044/6 1039/6 1040/6
f 1035/6 1036/6 1041/6 1040/6
f 1043/6 1036/6 1035/6
f 1044/6 1040/6 1041/6
f 1036/6 1037/6 1042/6 1041/6
f 1043/6 1037/6 1036/6
f 1044/6 1041/6 1042/6
f 1037/6 1033/6 1038/6 1042/6
f 1043/6 1033/6 1037/6
f 1044/6 1042/6 1038/6
f 1045/6 1046/6 1051/6 1050/6
f 1055/6 1046/6 1045/6
f 1056/6 1050/6 1051/6
f 1046/6 1047/6 1052/6 1051/6
f 1055/6 1047/6 1046/6
f 1056/6 1051/6 1052/6
f 1047/6 1048/6 1053/6 1052/6
f 1055/6 1048/6 1047/6
f 1056/6 1052/6 1053/6
f 1048/6 1049/6 1054/6 1053/6
f 1055/6 1049/6 1048/6
f 1056/6 1053/6 1054/6
f 1049/6 1045/6 1050/6 1054/6
f 1055/6 1045/6 1049/6
f 1056/6 1054/6 1050/6
f 1057/6 1058/6 1063/6 1062/6
f 1067/6 1058/6 1057/6
f 1068/6 1062/6 1063/6
f 1058/6 1059/6 1064/6 1063/6
f 1067/6 1059/6 1058/6
f 1068/6 1063/6 1064/6
f 1059/6 1060/6 1065/6 1064/6
f 1067/6 1060/6 1059/6
f 1068/6 1064/6 1065/6
f 1060/6 1061/6 1066/6 1065/6
f 1067/6 1061/6 1060/6
f 1068/6 1065/6 1066/6
f 1061/6 1057/6 1062/6 1066/6
f 1067/6 1057/6 1061/6
f 1068/6 1066/6 1062/6
f 1069/6 1070/6 1075/6 1074/6
f 1079/6 1070/6 1069/6
f 1080/6 1074/6 1075/6
f 1070/6 1071/6 1076/6 1075/6
f 1079/6 1071/6 1070/6
f 1080/6 1075/6 1076/6
f 1071/6 1072/6 1077/6 1076/6
f 1079/6 1072/6 1071/6
f 1080/6 1076/6 1077/6
f 1072/6 1073/6 1078/6 1077/6
f 1079/6 1073/6 1072/6
f 1080/6 1077/6 1078/6
f 1073/6 1069/6 1074/6 1078/6
f 1079/6 1069/6 1073/6
f 1080/6 1078/6 1074/6
f 1081/6 1082/6 1087/6 1086/6
f 1091/6 1082/6 1081/6
f 1092/6 1086/6 1087/6
f 1082/6 1083/6 1088/6 1087/6
f 1091/6 1083/6 1082/6
f 1092/6 1087/6 1088/6
f 1083/6 1084/6 1089/6 1088/6
f 1091/6 1084/6 1083/6
f 1092/6 1088/6 1089/6
f 1084/6 1085/6 1090/6 1089/6
f 1091/6 1085/6 1084/6
f 1092/6 1089/6 1090/6
f 1085/6 1081/6 1086/6 1090/6
f 1091/6 1081/6 1085/6
f 1092/6 1090/6 1086/6
f 1093/6 1094/6 1099/6 1098/6
f 1103/6 1094/6 1093/6
f 1104/6 1098/6 1099/6
f 1094/6 1095/6 1100/6 1099/6
f 1103/6 1095/6 1094/6
f 1104/6 1099/6 1100/6
f 1095/6 1096/6 1101/6 1100/6
f 1103/6 1096/6 1095/6
f 1104/6 1100/6 1101/6
f 1096/6 1097/6 1102/6 1101/6
f 1103/6 1097/6 1096/6
f 1104/6 1101/6 1102/6
f 1097/6 1093/6 1098/6 1102/6
f 1103/6 1093/6 1097/6
f 1104/6 1102/6 1098/6
f 1105/6 1106/6 1111/6 1110/6
f 1115/6 1106/6 1105/6
f 1116/6 1110/6 1111/6
f 1106/6 1107/6 1112/6 1111/6
f 1115/6 1107/6 1106/6
f 1116/6 1111/6 1112/6
f 1107/6 1108/6 1113/6 1112/6
f 1115/6 1108/6 1107/6
f 1116/6 1112/6 1113/6
f 1108/6 1109/6 1114/6 1113/6
f 1115/6 1109/6 1108/6
f 1116/6 1113/6 1114/6
f 1109/6 1105/6 1110/6 1114/6
f 1115/6 1105/6 1109/6
f 1116/6 1114/6 1110/6
f 1117/6 1118/6 1123/6 1122/6
f 1127/6 1118/6 1117/6
f 1128/6 1122/6 1123/6
f 1118/6 1119/6 1124/6 1123/6
f 1127/6 1119/6 1118/6
f 1128/6 1123/6 1124/6
f 1119/6 1120/6 1125/6 1124/6
f 1127/6 1120/6 1119/6
f 1128/6 1124/6 1125/6
f 1120/6 1121/6 1126/6 1125/6
f 1127/6 1121/6 1120/6
f 1128/6 1125/6 1126/6
f 1121/6 1117/6 1122/6 1126/6
f 1127/6 1117/6 1121/6
f 1128/6 1126/6 1122/6
f 1129/6 1130/6 1135/6 1134/6
f 1139/6 1130/6 1129/6
f 1140/6 1134/6 1135/6
f 1130/6 1131/6 1136/6 1135/6
f 1139/6 1131/6 1130/6
f 1140/6 1135/6 1136/6
f 1131/6 1132/6 1137/6 1136/6
f 1139/6 1132/6 1131/6
f 1140/6 1136/6 1137/6
f 1132/6 1133/6 1138/6 1137/6
f 1139/6 1133/6 1132/6
f 1140/6 1137/6 1138/6
f 1133/6 1129/6 1134/6 1138/6
f 1139/6 1129/6 1133/6
f 1140/6 1138/6 1134/6
f 1141/6 1142/6 1147/6 1146/6
f 1151/6 1142/6 1141/6
f 1152/6 1146/6 1147/6
f 1142/6 1143/6 1148/6 1147/6
f 1151/6 1143/6 1142/6
f 1152/6 1147/6 1148/6
f 1143/6 1144/6 1149/6 1148/6
f 1151/6 1144/6 1143/6
f 1152/6 1148/6 1149/6
f 1144/6 1145/6 1150/6 1149/6
f 1151/6 1145/6 1144/6
f 1152/6 1149/6 1150/6
f 1145/6 1141/6 1146/6 1150/6
f 1151/6 1141/6 1145/6
f 1152/6 1150/6 1146/6
f 1153/6 1154/6 1159/6 1158/6
f 1163/6 1154/6 1153/6
f 1164/6 1158/6 1159/6
f 1154/6 1155/6 1160/6 1159/6
f 1163/6 1155/6 1154/6
f 1164/6 1159/6 1160/6
f 1155/6 1156/6 1161/6 1160/6
f 1163/6 1156/6 1155/6
f 1164/6 1160/6 1161/6
f 1156/6 1157/6 1162/6 1161/6
f 1163/6 1157/6 1156/6
f 1164/6 1161/6 1162/6
f 1157/6 1153/6 1158/6 1162/6
f 1163/6 1153/6 1157/6
f 1164/6 1162/6 1158/6
f 1165/6 1166/6 1171/6 1170/6
f 1175/6 1166/6 1165/6
f 1176/6 1170/6 1171/6
f 1166/6 1167/6 1172/6 1171/6
f 1175/6 1167/6 1166/6
f 1176/6 1171/6 1172/6
f 1167/6 1168/6 1173/6 1172/6
f 1175/6 1168/6 1167/6
f 1176/6 1172/6 1173/6
f 1168/6 1169/6 1174/6 1173/6
f 1175/6 1169/6 1168/6
f 1176/6 1173/6 1174/6
f 1169/6 1165/6 1170/6 1174/6
f 1175/6 1165/6 1169/6
f 1176/6 1174/6 1170/6
f 1177/6 1178/6 1183/6 1182/6
f 1187/6 1178/6 1177/6
f 1188/6 1182/6 1183/6
f 1178/6 1179/6 1184/6 1183/6
f 1187/6 1179/6 1178/6
f 1188/6 1183/6 1184/6
f 1179/6 1180/6 1185/6 1184/6
f 1187/6 1180/6 1179/6
f 1188/6 1184/6 1185/6
f 1180/6 1181/6 1186/6 1185/6
f 1187/6 1181/6 1180/6
f 1188/6 1185/6 1186/6
f 1181/6 1177/6 1182/6 1186/6
f 1187/6 1177/6 1181/6
f 1188/6 1186/6 1182/6
f 1189/6 1190/6 1195/6 1194/6
f 1199/6 1190/6 1189/6
f 1200/6 1194/6 1195/6
f 1190/6 1191/6 1196/6 1195/6
f 1199/6 1191/6 1190/6
f 1200/6 1195/6 1196/6
f 1191/6 1192/6 1197/6 1196/6
f 1199/6 1192/6 1191/6
f 1200/6 1196/6 1197/6
f 1192/6 1193/6 1198/6 1197/6
f 1199/6 1193/6 1192/6
f 1200/6 1197/6 1198/6
f 1193/6 1189/6 1194/6 1198/6
f 1199/6 1189/6 1193/6
f 1200/6 1198/6 1194/6
f 1201/6 1202/6 1207/6 1206/6
f 1211/6 1202/6 1201/6
f 1212/6 1206/6 1207/6
f 1202/6 1203/6 1208/6 1207/6
f 1211/6 1203/6 1202/6
f 1212/6 1207/6 1208/6
f 1203/6 1204/6 1209/6 1208/6
f 1211/6 1204/6 1203/6
f 1212/6 1208/6 1209/6
f 1204/6 1205/6 1210/6 1209/6
f 1211/6 1205/6 1204/6
f 1212/6 1209/6 1210/6
f 1205/6 1201/6 1206/6 1210/6
f 1211/6 1201/6 1205/6
f 1212/6 1210/6 1206/6
f 1213/6 1214/6 1219/6 1218/6
f 1223/6 1214/6 1213/6
f 1224/6 1218/6 1219/6
f 1214/6 1215/6 1220/6 1219/6
f 1223/6 1215/6 1214/6
f 1224/6 1219/6 1220/6
f 1215/6 1216/6 1221/6 1220/6
f 1223/6 1216/6 1215/6
f 1224/6 1220/6 1221/6
f 1216/6 1217/6 1222/6 1221/6
f 1223/6 1217/6 1216/6
f 1224/6 1221/6 1222/6
f 1217/6 1213/6 1218/6 1222/6
f 1223/6 1213/6 1217/6
f 1224/6 1222/6 1218/6
f 1225/6 1226/6 1231/6 1230/6
f 1235/6 1226/6 1225/6
f 1236/6 1230/6 1231/6
f 1226/6 1227/6 1232/6 1231/6
f 1235/6 1227/6 1226/6
f 1236/6 1231/6 1232/6
f 1227/6 1228/6 1233/6 1232/6
f 1235/6 1228/6 1227/6
f 1236/6 1232/6 1233/6
f 1228/6 1229/6 1234/6 1233/6
f 1235/6 1229/6 1228/6
f 1236/6 1233/6 1234/6
f 1229/6 1225/6 1230/6 1234/6
f 1235/6 1225/6 1229/6
f 1236/6 1234/6 1230/6
f 1237/6 1238/6 1243/6 1242/6
f 1247/6 1238/6 1237/6
f 1248/6 1242/6 1243/6
f 1238/6 1239/6 1244/6 1243/6
f 1247/6 1239/6 1238/6
f 1248/6 1243/6 1244/6
f 1239/6 1240/6 1245/6 1244/6
f 1247/6 1240/6 1239/6
f 1248/6 1244/6 1245/6
f 1240/6 1241/6 1246/6 1245/6
f 1247/6 1241/6 1240/6
f 1248/6 1245/6 1246/6
f 1241/6 1237/6 1242/6 1246/6
f 1247/6 1237/6 1241/6
f 1248/6 1246/6 1242/6
f 1249/6 1250/6 1255/6 1254/6
f 1259/6 1250/6 1249/6
f 1260/6 1254/6 1255/6
f 1250/6 1251/6 1256/6 1255/6
f 1259/6 1251/6 1250/6
f 1260/6 1255/6 1256/6
f 1251/6 1252/6 1257/6 1256/6
f 1259/6 1252/6 1251/6
f 1260/6 1256/6 1257/6
f 1252/6 1253/6 1258/6 1257/6
f 1259/6 1253/6 1252/6
f 1260/6 1257/6 1258/6
f 1253/6 1249/6 1254/6 1258/6
f 1259/6 1249/6 1253/6
f 1260/6 1258/6 1254/6
f 1261/6 1262/6 1267/6 1266/6
f 1271/6 1262/6 1261/6
f 1272/6 1266/6 1267/6
f 1262/6 1263/6 1268/6 1267/6
f 1271/6 1263/6 1262/6
f 1272/6 1267/6 1268/6
f 1263/6 1264/6 1269/6 1268/6
f 1271/6 1264/6 1263/6
f 1272/6 1268/6 1269/6
f 1264/6 1265/6 1270/6 1269/6
f 1271/6 1265/6 1264/6
f 1272/6 1269/6 1270/6
f 1265/6 1261/6 1266/6 1270/6
f 1271/6 1261/6 1265/6
f 1272/6 1270/6 1266/6
f 1273/6 1274/6 1279/6 1278/6
f 1283/6 1274/6 1273/6
f 1284/6 1278/6 1279/6
f 1274/6 1275/6 1280/6 1279/6
f 1283/6 1275/6 1274/6
f 1284/6 1279/6 1280/6
f 1275/6 1276/6 1281/6 1280/6
f 1283/6 1276/6 1275/6
f 1284/6 1280/6 1281/6
f 1276/6 1277/6 1282/6 1281/6
f 1283/6 1277/6 1276/6
f 1284/6 1281/6 1282/6
f 1277/6 1273/6 1278/6 1282/6
f 1283/6 1273/6 1277/6
f 1284/6 1282/6 1278/6
f 1285/6 1286/6 1291/6 1290/6
f 1295/6 1286/6 1285/6
f 1296/6 1290/6 1291/6
f 1286/6 1287/6 1292/6 1291/6
f 1295/6 1287/6 1286/6
f 1296/6 1291/6 1292/6
f 1287/6 1288/6 1293/6 1292/6
f 1295/6 1288/6 1287/6
f 1296/6 1292/6 1293/6
f 1288/6 1289/6 1294/6 1293/6
f 1295/6 1289/6 1288/6
f 1296/6 1293/6 1294/6
f 1289/6 1285/6 1290/6 1294/6
f 1295/6 1285/6 1289/6
f 1296/6 1294/6 1290/6
f 1297/6 1298/6 1303/6 1302/6
f 1307/6 1298/6 1297/6
f 1308/6 1302/6 1303/6
f 1298/6 1299/6 1304/6 1303/6
f 1307/6 1299/6 1298/6
f 1308/6 1303/6 1304/6
f 1299/6 1300/6 1305/6 1304/6
f 1307/6 1300/6 1299/6
f 1308/6 1304/6 1305/6
f 1300/6 1301/6 1306/6 1305/6
f 1307/6 1301/6 1300/6
f 1308/6 1305/6 1306/6
f 1301/6 1297/6 1302/6 1306/6
f 1307/6 1297/6 1301/6
f 1308/6 1306/6 1302/6
f 1309/6 1310/6 1315/6 1314/6
f 1319/6 1310/6 1309/6
f 1320/6 1314/6 1315/6
f 1310/6 1311/6 1316/6 1315/6
f 1319/6 1311/6 1310/6
f 1320/6 1315/6 1316/6
f 1311/6 1312/6 1317/6 1316/6
f 1319/6 1312/6 1311/6
f 1320/6 1316/6 1317/6
f 1312/6 1313/6 1318/6 1317/6
f 1319/6 1313/6 1312/6
f 1320/6 1317/6 1318/6
f 1313/6 1309/6 1314/6 1318/6
f 1319/6 1309/6 1313/6
f 1320/6 1318/6 1314/6
f 1321/6 1322/6 1327/6 1326/6
f 1331/6 1322/6 1321/6
f 1332/6 1326/6 1327/6
f 1322/6 1323/6 1328/6 1327/6
f 1331/6 1323/6 1322/6
f 1332/6 1327/6 1328/6
f 1323/6 1324/6 1329/6 1328/6
f 1331/6 1324/6 1323/6
f 1332/6 1328/6 1329/6
f 1324/6 1325/6 1330/6 1329/6
f 1331/6 1325/6 1324/6
f 1332/6 1329/6 1330/6
f 1325/6 1321/6 1326/6 1330/6
f 1331/6 1321/6 1325/6
f 1332/6 1330/6 1326/6
f 1333/6 1334/6 1339/6 1338/6
f 1343/6 1334/6 1333/6
f 1344/6 1338/6 1339/6
f 1334/6 1335/6 1340/6 1339/6
f 1343/6 1335/6 1334/6
f 1344/6 1339/6 1340/6
f 1335/6 1336/6 1341/6 1340/6
f 1343/6 1336/6 1335/6
f 1344/6 1340/6 1341/6
f 1336/6 1337/6 1342/6 1341/6
f 1343/6 1337/6 1336/6
f 1344/6 1341/6 1342/6
f 1337/6 1333/6 1338/6 1342/6
f 1343/6 1333/6 1337/6
f 1344/6 1342/6 1338/6
f 1345/6 1346/6 1351/6 1350/6
f 1355/6 1346/6 1345/6
f 1356/6 1350/6 1351/6
f 1346/6 1347/6 1352/6 1351/6
f 1355/6 1347/6 1346/6
f 1356/6 1351/6 1352/6
f 1347/6 1348/6 1353/6 1352/6
f 1355/6 1348/6 1347/6
f 1356/6 1352/6 1353/6
f 1348/6 1349/6 1354/6 1353/6
f 1355/6 1349/6 1348/6
f 1356/6 1353/6 1354/6
f 1349/6 1345/6 1350/6 1354/6
f 1355/6 1345/6 1349/6
f 1356/6 1354/6 1350/6
f 1357/6 1358/6 1363/6 1362/6
f 1367/6 1358/6 1357/6
f 1368/6 1362/6 1363/6
f 1358/6 1359/6 1364/6 1363/6
f 1367/6 1359/6 1358/6
f 1368/6 1363/6 1364/6
f 1359/6 1360/6 1365/6 1364/6
f 1367/6 1360/6 1359/6
f 1368/6 1364/6 1365/6
f 1360/6 1361/6 1366/6 1365/6
f 1367/6 1361/6 1360/6
f 1368/6 1365/6 1366/6
f 1361/6 1357/6 1362/6 1366/6
f 1367/6 1357/6 1361/6
f 1368/6 1366/6 1362/6
f 1369/6 1370/6 1375/6 1374/6
f 1379/6 1370/6 1369/6
f 1380/6 1374/6 1375/6
f 1370/6 1371/6 1376/6 1375/6
f 1379/6 1371/6 1370/6
f 1380/6 1375/6 1376/6
f 1371/6 1372/6 1377/6 1376/6
f 1379/6 1372/6 1371/6
f 1380/6 1376/6 1377/6
f 1372/6 1373/6 1378/6 1377/6
f 1379/6 1373/6 1372/6
f 1380/6 1377/6 1378/6
f 1373/6 1369/6 1374/6 1378/6
f 1379/6 1369/6 1373/6
f 1380/6 1378/6 1374/6
f 1381/6 1382/6 1387/6 1386/6
f 1391/6 1382/6 1381/6
f 1392/6 1386/6 1387/6
f 1382/6 1383/6 1388/6 1387/6
f 1391/6 1383/6 1382/6
f 1392/6 1387/6 1388/6
f 1383/6 1384/6 1389/6 1388/6
f 1391/6 1384/6 1383/6
f 1392/6 1388/6 1389/6
f 1384/6 1385/6 1390/6 1389/6
f 1391/6 1385/6 1384/6
f 1392/6 1389/6 1390/6
f 1385/6 1381/6 1386/6 1390/6
f 1391/6 1381/6 1385/6
f 1392/6 1390/6 1386/6
f 1393/6 1394/6 1399/6 1398/6
f 1403/6 1394/6 1393/6
f 1404/6 1398/6 1399/6
f 1394/6 1395/6 1400/6 1399/6
f 1403/6 1395/6 1394/6
f 1404/6 1399/6 1400/6
f 1395/6 1396/6 1401/6 1400/6
f 1403/6 1396/6 1395/6
f 1404/6 1400/6 1401/6
f 1396/6 1397/6 1402/6 1401/6
f 1403/6 1397/6 1396/6
f 1404/6 1401/6 1402/6
f 1397/6 1393/6 1398/6 1402/6
f 1403/6 1393/6 1397/6
f 1404/6 1402/6 1398/6
f 1405/6 1406/6 1411/6 1410/6
f 1415/6 1406/6 1405/6
f 1416/6 1410/6 1411/6
f 1406/6 1407/6 1412/6 1411/6
f 1415/6 1407/6 1406/6
f 1416/6 1411/6 1412/6
f 1407/6 1408/6 1413/6 1412/6
f 1415/6 1408/6 1407/6
f 1416/6 1412/6 1413/6
f 1408/6 1409/6 1414/6 1413/6
f 1415/6 1409/6 1408/6
f 1416/6 1413/6 1414/6
f 1409/6 1405/6 1410/6 1414/6
f 1415/6 1405/6 1409/6
f 1416/6 1414/6 1410/6
f 1417/6 1418/6 1423/6 1422/6
f 1427/6 1418/6 1417/6
f 1428/6 1422/6 1423/6
f 1418/6 1419/6 1424/6 1423/6
f 1427/6 1419/6 1418/6
f 1428/6 1423/6 1424/6
f 1419/6 1420/6 1425/6 1424/6
f 1427/6 1420/6 1419/6
f 1428/6 1424/6 1425/6
f 1420/6 1421/6 1426/6 1425/6
f 1427/6 1421/6 1420/6
f 1428/6 1425/6 1426/6
f 1421/6 1417/6 1422/6 1426/6
f 1427/6 1417/6 1421/6
f 1428/6 1426/6 1422/6
f 1429/6 1430/6 1435/6 1434/6
f 1439/6 1430/6 1429/6
f 1440/6 1434/6 1435/6
f 1430/6 1431/6 1436/6 1435/6
f 1439/6 1431/6 1430/6
f 1440/6 1435/6 1436/6
f 1431/6 1432/6 1437/6 1436/6
f 1439/6 1432/6 1431/6
f 1440/6 1436/6 1437/6
f 1432/6 1433/6 1438/6 1437/6
f 1439/6 1433/6 1432/6
f 1440/6 1437/6 1438/6
f 1433/6 1429/6 1434/6 1438/6
f 1439/6 1429/6 1433/6
f 1440/6 1438/6 1434/6
f 1441/6 1442/6 1447/6 1446/6
f 1451/6 1442/6 1441/6
f 1452/6 1446/6 1447/6
f 1442/6 1443/6 1448/6 1447/6
f 1451/6 1443/6 1442/6
f 1452/6 1447/6 1448/6
f 1443/6 1444/6 1449/6 1448/6
f 1451/6 1444/6 1443/6
f 1452/6 1448/6 1449/6
f 1444/6 1445/6 1450/6 1449/6
f 1451/6 1445/6 1444/6
f 1452/6 1449/6 1450/6
f 1445/6 1441/6 1446/6 1450/6
f 1451/6 1441/6 1445/6
f 1452/6 1450/6 1446/6
f 1453/6 1454/6 1459/6 1458/6
f 1463/6 1454/6 1453/6
f 1464/6 1458/6 1459/6
f 1454/6 1455/6 1460/6 1459/6
f 1463/6 1455/6 1454/6
f 1464/6 1459/6 1460/6
f 1455/6 1456/6 1461/6 1460/6
f 1463/6 1456/6 1455/6
f 1464/6 1460/6 1461/6
f 1456/6 1457/6 1462/6 1461/6
f 1463/6 1457/6 1456/6
f 1464/6 1461/6 1462/6
f 1457/6 1453/6 1458/6 1462/6
f 1463/6 1453/6 1457/6
f 1464/6 1462/6 1458/6
f 1465/6 1466/6 1471/6 1470/6
f 1475/6 1466/6 1465/6
f 1476/6 1470/6 1471/6
f 1466/6 1467/6 1472/6 1471/6
f 1475/6 1467/6 1466/6
f 1476/6 1471/6 1472/6
f 1467/6 1468/6 1473/6 1472/6
f 1475/6 1468/6 1467/6
f 1476/6 1472/6 1473/6
f 1468/6 1469/6 1474/6 1473/6
f 1475/6 1469/6 1468/6
f 1476/6 1473/6 1474/6
f 1469/6 1465/6 1470/6 1474/6
f 1475/6 1465/6 1469/6
f 1476/6 1474/6 1470/6
f 1477/6 1478/6 1483/6 1482/6
f 1487/6 1478/6 1477/6
f 1488/6 1482/6 1483/6
f 1478/6 1479/6 1484/6 1483/6
f 1487/6 1479/6 1478/6
f 1488/6 1483/6 1484/6
f 1479/6 1480/6 1485/6 1484/6
f 1487/6 1480/6 1479/6
f 1488/6 1484/6 1485/6
f 1480/6 1481/6 1486/6 1485/6
f 1487/6 1481/6 1480/6
f 1488/6 1485/6 1486/6
f 1481/6 1477/6 1482/6 1486/6
f 1487/6 1477/6 1481/6
f 1488/6 1486/6 1482/6
f 1489/6 1490/6 1495/6 1494/6
f 1499/6 1490/6 1489/6
f 1500/6 1494/6 1495/6
f 1490/6 1491/6 1496/6 1495/6
f 1499/6 1491/6 1490/6
f 1500/6 1495/6 1496/6
f 1491/6 1492/6 1497/6 1496/6
f 1499/6 1492/6 1491/6
f 1500/6 1496/6 1497/6
f 1492/6 1493/6 1498/6 1497/6
f 1499/6 1493/6 1492/6
f 1500/6 1497/6 1498/6
f 1493/6 1489/6 1494/6 1498/6
f 1499/6 1489/6 1493/6
f 1500/6 1498/6 1494/6
f 1501/6 1502/6 1507/6 1506/6
f 1511/6 1502/6 1501/6
f 1512/6 1506/6 1507/6
f 1502/6 1503/6 1508/6 1507/6
f 1511/6 1503/6 1502/6
f 1512/6 1507/6 1508/6
f 1503/6 1504/6 1509/6 1508/6
f 1511/6 1504/6 1503/6
f 1512/6 1508/6 1509/6
f 1504/6 1505/6 1510/6 1509/6
f 1511/6 1505/6 1504/6
f 1512/6 1509/6 1510/6
f 1505/6 1501/6 1506/6 1510/6
f 1511/6 1501/6 1505/6
f 1512/6 1510/6 1506/6
f 1513/6 1514/6 1519/6 1518/6
f 1523/6 1514/6 1513/6
f 1524/6 1518/6 1519/6
f 1514/6 1515/6 1520/6 1519/6
f 1523/6 1515/6 1514/6
f 1524/6 1519/6 1520/6
f 1515/6 1516/6 1521/6 1520/6
f 1523/6 1516/6 1515/6
f 1524/6 1520/6 1521/6
f 1516/6 1517/6 1522/6 1521/6
f 1523/6 1517/6 1516/6
f 1524/6 1521/6 1522/6
f 1517/6 1513/6 1518/6 1522/6
f 1523/6 1513/6 1517/6
f 1524/6 1522/6 1518/6
f 1525/6 1526/6 1531/6 1530/6
f 1535/6 1526/6 1525/6
f 1536/6 1530/6 1531/6
f 1526/6 1527/6 1532/6 1531/6
f 1535/6 1527/6 1526/6
f 1536/6 1531/6 1532/6
f 1527/6 1528/6 1533/6 1532/6
f 1535/6 1528/6 1527/6
f 1536/6 1532/6 1533/6
f 1528/6 1529/6 1534/6 1533/6
f 1535/6 1529/6 1528/6
f 1536/6 1533/6 1534/6
f 1529/6 1525/6 1530/6 1534/6
f 1535/6 1525/6 1529/6
f 1536/6 1534/6 1530/6
f 1537/6 1538/6 1543/6 1542/6
f 1547/6 1538/6 1537/6
f 1548/6 1542/6 1543/6
f 1538/6 1539/6 1544/6 1543/6
f 1547/6 1539/6 1538/6
f 1548/6 1543/6 1544/6
f 1539/6 1540/6 1545/6 1544/6
f 1547/6 1540/6 1539/6
f 1548/6 1544/6 1545/6
f 1540/6 1541/6 1546/6 1545/6
f 1547/6 1541/6 1540/6
f 1548/6 1545/6 1546/6
f 1541/6 1537/6 1542/6 1546/6
f 1547/6 1537/6 1541/6
f 1548/6 1546/6 1542/6
f 1549/6 1550/6 1555/6 1554/6
f 1559/6 1550/6 1549/6
f 1560/6 1554/6 1555/6
f 1550/6 1551/6 1556/6 1555/6
f 1559/6 1551/6 1550/6
f 1560/6 1555/6 1556/6
f 1551/6 1552/6 1557/6 1556/6
f 1559/6 1552/6 1551/6
f 1560/6 1556/6 1557/6
f 1552/6 1553/6 1558/6 1557/6
f 1559/6 1553/6 1552/6
f 1560/6 1557/6 1558/6
f 1553/6 1549/6 1554/6 1558/6
f 1559/6 1549/6 1553/6
f 1560/6 1558/6 1554/6
f 1561/6 1562/6 1567/6 1566/6
f 1571/6 1562/6 1561/6
f 1572/6 1566/6 1567/6
f 1562/6 1563/6 1568/6 1567/6
f 1571/6 1563/6 1562/6
f 1572/6 1567/6 1568/6
f 1563/6 1564/6 1569/6 1568/6
f 1571/6 1564/6 1563/6
f 1572/6 1568/6 1569/6
f 1564/6 1565/6 1570/6 1569/6
f 1571/6 1565/6 1564/6
f 1572/6 1569/6 1570/6
f 1565/6 1561/6 1566/6 1570/6
f 1571/6 1561/6 1565/6
f 1572/6 1570/6 1566/6
f 1573/6 1574/6 1579/6 1578/6
f 1583/6 1574/6 1573/6
f 1584/6 1578/6 1579/6
f 1574/6 1575/6 1580/6 1579/6
f 1583/6 1575/6 1574/6
f 1584/6 1579/6 1580/6
f 1575/6 1576/6 1581/6 1580/6
f 1583/6 1576/6 1575/6
f 1584/6 1580/6 1581/6
f 1576/6 1577/6 1582/6 1581/6
f 1583/6 1577/6 1576/6
f 1584/6 1581/6 1582/6
f 1577/6 1573/6 1578/6 1582/6
f 1583/6 1573/6 1577/6
f 1584/6 1582/6 1578/6
f 1585/6 1586/6 1591/6 1590/6
f 1595/6 1586/6 1585/6
f 1596/6 1590/6 1591/6
f 1586/6 1587/6 1592/6 1591/6
f 1595/6 1587/6 1586/6
f 1596/6 1591/6 1592/6
f 1587/6 1588/6 1593/6 1592/6
f 1595/6 1588/6 1587/6
f 1596/6 1592/6 1593/6
f 1588/6 1589/6 1594/6 1593/6
f 1595/6 1589/6 1588/6
f 1596/6 1593/6 1594/6
f 1589/6 1585/6 1590/6 1594/6
f 1595/6 1585/6 1589/6
f 1596/6 1594/6 1590/6
f 1597/6 1598/6 1603/6 1602/6
f 1607/6 1598/6 1597/6
f 1608/6 1602/6 1603/6
f 1598/6 1599/6 1604/6 1603/6
f 1607/6 1599/6 1598/6
f 1608/6 1603/6 1604/6
f 1599/6 1600/6 1605/6 1604/6
f 1607/6 1600/6 1599/6
f 1608/6 1604/6 1605/6
f 1600/6 1601/6 1606/6 1605/6
f 1607/6 1601/6 1600/6
f 1608/6 1605/6 1606/6
f 1601/6 1597/6 1602/6 1606/6
f 1607/6 1597/6 1601/6
f 1608/6 1606/6 1602/6
f 1609/6 1610/6 1615/6 1614/6
f 1619/6 1610/6 1609/6
f 1620/6 1614/6 1615/6
f 1610/6 1611/6 1616/6 1615/6
f 1619/6 1611/6 1610/6
f 1620/6 1615/6 1616/6
f 1611/6 1612/6 1617/6 1616/6
f 1619/6 1612/6 1611/6
f 1620/6 1616/6 1617/6
f 1612/6 1613/6 1618/6 1617/6
f 1619/6 1613/6 1612/6
f 1620/6 1617/6 1618/6
f 1613/6 1609/6 1614/6 1618/6
f 1619/6 1609/6 1613/6
f 1620/6 1618/6 1614/6
f 1621/6 1622/6 1627/6 1626/6
f 1631/6 1622/6 1621/6
f 1632/6 1626/6 1627/6
f 1622/6 1623/6 1628/6 1627/6
f 1631/6 1623/6 1622/6
f 1632/6 1627/6 1628/6
f 1623/6 1624/6 1629/6 1628/6
f 1631/6 1624/6 1623/6
f 1632/6 1628/6 1629/6
f 1624/6 1625/6 1630/6 1629/6
f 1631/6 1625/6 1624/6
f 1632/6 1629/6 1630/6
f 1625/6 1621/6 1626/6 1630/6
f 1631/6 1621/6 1625/6
f 1632/6 1630/6 1626/6
f 1633/6 1634/6 1639/6 1638/6
f 1643/6 1634/6 1633/6
f 1644/6 1638/6 1639/6
f 1634/6 1635/6 1640/6 1639/6
f 1643/6 1635/6 1634/6
f 1644/6 1639/6 1640/6
f 1635/6 1636/6 1641/6 1640/6
f 1643/6 1636/6 1635/6
f 1644/6 1640/6 1641/6
f 1636/6 1637/6 1642/6 1641/6
f 1643/6 1637/6 1636/6
f 1644/6 1641/6 1642/6
f 1637/6 1633/6 1638/6 1642/6
f 1643/6 1633/6 1637/6
f 1644/6 1642/6 1638/6
f 1645/6 1646/6 1651/6 1650/6
f 1655/6 1646/6 1645/6
f 1656/6 1650/6 1651/6
f 1646/6 1647/6 1652/6 1651/6
f 1655/6 1647/6 1646/6
f 1656/6 1651/6 1652/6
f 1647/6 1648/6 1653/6 1652/6
f 1655/6 1648/6 1647/6
f 1656/6 1652/6 1653/6
f 1648/6 1649/6 1654/6 1653/6
f 1655/6 1649/6 1648/6
f 1656/6 1653/6 1654/6
f 1649/6 1645/6 1650/6 1654/6
f 1655/6 1645/6 1649/6
f 1656/6 1654/6 1650/6
f 1657/6 1658/6 1663/6 1662/6
f 1667/6 1658/6 1657/6
f 1668/6 1662/6 1663/6
f 1658/6 1659/6 1664/6 1663/6
f 1667/6 1659/6 1658/6
f 1668/6 1663/6 1664/6
f 1659/6 1660/6 1665/6 1664/6
f 1667/6 1660/6 1659/6
f 1668/6 1664/6 1665/6
f 1660/6 1661/6 1666/6 1665/6
f 1667/6 1661/6 1660/6
f 1668/6 1665/6 1666/6
f 1661/6 1657/6 1662/6 1666/6
f 1667/6 1657/6 1661/6
f 1668/6 1666/6 1662/6
f 1669/6 1670/6 1675/6 1674/6
f 1679/6 1670/6 1669/6
f 1680/6 1674/6 1675/6
f 1670/6 1671/6 1676/6 1675/6
f 1679/6 1671/6 1670/6
f 1680/6 1675/6 1676/6
f 1671/6 1672/6 1677/6 1676/6
f 1679/6 1672/6 1671/6
f 1680/6 1676/6 1677/6
f 1672/6 1673/6 1678/6 1677/6
f 1679/6 1673/6 1672/6
f 1680/6 1677/6 1678/6
f 1673/6 1669/6 1674/6 1678/6
f 1679/6 1669/6 1673/6
f 1680/6 1678/6 1674/6
f 1681/6 1682/6 1687/6 1686/6
f 1691/6 1682/6 1681/6
f 1692/6 1686/6 1687/6
f 1682/6 1683/6 1688/6 1687/6
f 1691/6 1683/6 1682/6
f 1692/6 1687/6 1688/6
f 1683/6 1684/6 1689/6 1688/6
f 1691/6 1684/6 1683/6
f 1692/6 1688/6 1689/6
f 1684/6 1685/6 1690/6 1689/6
f 1691/6 1685/6 1684/6
f 1692/6 1689/6 1690/6
f 1685/6 1681/6 1686/6 1690/6
f 1691/6 1681/6 1685/6
f 1692/6 1690/6 1686/6
f 1693/6 1694/6 1699/6 1698/6
f 1703/6 1694/6 1693/6
f 1704/6 1698/6 1699/6
f 1694/6 1695/6 1700/6 1699/6
f 1703/6 1695/6 1694/6
f 1704/6 1699/6 1700/6
f 1695/6 1696/6 1701/6 1700/6
f 1703/6 1696/6 1695/6
f 1704/6 1700/6 1701/6
f 1696/6 1697/6 1702/6 1701/6
f 1703/6 1697/6 1696/6
f 1704/6 1701/6 1702/6
f 1697/6 1693/6 1698/6 1702/6
f 1703/6 1693/6 1697/6
f 1704/6 1702/6 1698/6
f 1705/6 1706/6 1711/6 1710/6
f 1715/6 1706/6 1705/6
f 1716/6 1710/6 1711/6
f 1706/6 1707/6 1712/6 1711/6
f 1715/6 1707/6 1706/6
f 1716/6 1711/6 1712/6
f 1707/6 1708/6 1713/6 1712/6
f 1715/6 1708/6 1707/6
f 1716/6 1712/6 1713/6
f 1708/6 1709/6 1714/6 1713/6
f 1715/6 1709/6 1708/6
f 1716/6 1713/6 1714/6
f 1709/6 1705/6 1710/6 1714/6
f 1715/6 1705/6 1709/6
f 1716/6 1714/6 1710/6
f 1717/6 1718/6 1723/6 1722/6
f 1727/6 1718/6 1717/6
f 1728/6 1722/6 1723/6
f 1718/6 1719/6 1724/6 1723/6
f 1727/6 1719/6 1718/6
f 1728/6 1723/6 1724/6
f 1719/6 1720/6 1725/6 1724/6
f 1727/6 1720/6 1719/6
f 1728/6 1724/6 1725/6
f 1720/6 1721/6 1726/6 1725/6
f 1727/6 1721/6 1720/6
f 1728/6 1725/6 1726/6
f 1721/6 1717/6 1722/6 1726/6
f 1727/6 1717/6 1721/6
f 1728/6 1726/6 1722/6
f 1729/6 1730/6 1735/6 1734/6
f 1739/6 1730/6 1729/6
f 1740/6 1734/6 1735/6
f 1730/6 1731/6 1736/6 1735/6
f 1739/6 1731/6 1730/6
f 1740/6 1735/6 1736/6
f 1731/6 1732/6 1737/6 1736/6
f 1739/6 1732/6 1731/6
f 1740/6 1736/6 1737/6
f 1732/6 1733/6 1738/6 1737/6
f 1739/6 1733/6 1732/6
f 1740/6 1737/6 1738/6
f 1733/6 1729/6 1734/6 1738/6
f 1739/6 1729/6 1733/6
f 1740/6 1738/6 1734/6
f 1741/6 1742/6 1747/6 1746/6
f 1751/6 1742/6 1741/6
f 1752/6 1746/6 1747/6
f 1742/6 1743/6 1748/6 1747/6
f 1751/6 1743/6 1742/6
f 1752/6 1747/6 1748/6
f 1743/6 1744/6 1749/6 1748/6
f 1751/6 1744/6 1743/6
f 1752/6 1748/6 1749/6
f 1744/6 1745/6 1750/6 1749/6
f 1751/6 1745/6 1744/6
f 1752/6 1749/6 1750/6
f 1745/6 1741/6 1746/6 1750/6
f 1751/6 1741/6 1745/6
f 1752/6 1750/6 1746/6
f 1753/6 1754/6 1759/6 1758/6
f 1763/6 1754/6 1753/6
f 1764/6 1758/6 1759/6
f 1754/6 1755/6 1760/6 1759/6
f 1763/6 1755/6 1754/6
f 1764/6 1759/6 1760/6
f 1755/6 1756/6 1761/6 1760/6
f 1763/6 1756/6 1755/6
f 1764/6 1760/6 1761/6
f 1756/6 1757/6 1762/6 1761/6
f 1763/6 1757/6 1756/6
f 1764/6 1761/6 1762/6
f 1757/6 1753/6 1758/6 1762/6
f 1763/6 1753/6 1757/6
f 1764/6 1762/6 1758/6
f 1765/6 1766/6 1771/6 1770/6
f 1775/6 1766/6 1765/6
f 1776/6 1770/6 1771/6
f 1766/6 1767/6 1772/6 1771/6
f 1775/6 1767/6 1766/6
f 1776/6 1771/6 1772/6
f 1767/6 1768/6 1773/6 1772/6
f 1775/6 1768/6 1767/6
f 1776/6 1772/6 1773/6
f 1768/6 1769/6 1774/6 1773/6
f 1775/6 1769/6 1768/6
f 1776/6 1773/6 1774/6
f 1769/6 1765/6 1770/6 1774/6
f 1775/6 1765/6 1769/6
f 1776/6 1774/6 1770/6
f 1777/6 1778/6 1783/6 1782/6
f 1787/6 1778/6 1777/6
f 1788/6 1782/6 1783/6
f 1778/6 1779/6 1784/6 1783/6
f 1787/6 1779/6 1778/6
f 1788/6 1783/6 1784/6
f 1779/6 1780/6 1785/6 1784/6
f 1787/6 1780/6 1779/6
f 1788/6 1784/6 1785/6
f 1780/6 1781/6 1786/6 1785/6
f 1787/6 1781/6 1780/6
f 1788/6 1785/6 1786/6
f 1781/6 1777/6 1782/6 1786/6
f 1787/6 1777/6 1781/6
f 1788/6 1786/6 1782/6
f 1789/6 1790/6 1795/6 1794/6
f 1799/6 1790/6 1789/6
f 1800/6 1794/6 1795/6
f 1790/6 1791/6 1796/6 1795/6
f 1799/6 1791/6 1790/6
f 1800/6 1795/6 1796/6
f 1791/6 1792/6 1797/6 1796/6
f 1799/6 1792/6 1791/6
f 1800/6 1796/6 1797/6
f 1792/6 1793/6 1798/6 1797/6
f 1799/6 1793/6 1792/6
f 1800/6 1797/6 1798/6
f 1793/6 1789/6 1794/6 1798/6
f 1799/6 1789/6 1793/6
f 1800/6 1798/6 1794/6
usemtl cream
f 1801/1 1802/1 1810/1 1809/1
f 1817/1 1802/1 1801/1
f 1818/1 1809/1 1810/1
f 1802/1 1803/1 1811/1 1810/1
f 1817/1 1803/1 1802/1
f 1818/1 1810/1 1811/1
f 1803/1 1804/1 1812/1 1811/1
f 1817/1 1804/1 1803/1
f 1818/1 1811/1 1812/1
f 1804/1 1805/1 1813/1 1812/1
f 1817/1 1805/1 1804/1
f 1818/1 1812/1 1813/1
f 1805/1 1806/1 1814/1 1813/1
f 1817/1 1806/1 1805/1
f 1818/1 1813/1 1814/1
f 1806/1 1807/1 1815/1 1814/1
f 1817/1 1807/1 1806/1
f 1818/1 1814/1 1815/1
f 1807/1 1808/1 1816/1 1815/1
f 1817/1 1808/1 1807/1
f 1818/1 1815/1 1816/1
f 1808/1 1801/1 1809/1 1816/1
f 1817/1 1801/1 1808/1
f 1818/1 1816/1 1809/1
f 1855/1 1856/1 1864/1 1863/1
f 1871/1 1856/1 1855/1
f 1872/1 1863/1 1864/1
f 1856/1 1857/1 1865/1 1864/1
f 1871/1 1857/1 1856/1
f 1872/1 1864/1 1865/1
f 1857/1 1858/1 1866/1 1865/1
f 1871/1 1858/1 1857/1
f 1872/1 1865/1 1866/1
f 1858/1 1859/1 1867/1 1866/1
f 1871/1 1859/1 1858/1
f 1872/1 1866/1 1867/1
f 1859/1 1860/1 1868/1 1867/1
f 1871/1 1860/1 1859/1
f 1872/1 1867/1 1868/1
f 1860/1 1861/1 1869/1 1868/1
f 1871/1 1861/1 1860/1
f 1872/1 1868/1 1869/1
f 1861/1 1862/1 1870/1 1869/1
f 1871/1 1862/1 1861/1
f 1872/1 1869/1 1870/1
f 1862/1 1855/1 1863/1 1870/1
f 1871/1 1855/1 1862/1
f 1872/1 1870/1 1863/1
f 1909/1 1910/1 1918/1 1917/1
f 1925/1 1910/1 1909/1
f 1926/1 1917/1 1918/1
f 1910/1 1911/1 1919/1 1918/1
f 1925/1 1911/1 1910/1
f 1926/1 1918/1 1919/1
f 1911/1 1912/1 1920/1 1919/1
f 1925/1 1912/1 1911/1
f 1926/1 1919/1 1920/1
f 1912/1 1913/1 1921/1 1920/1
f 1925/1 1913/1 1912/1
f 1926/1 1920/1 1921/1
f 1913/1 1914/1 1922/1 1921/1
f 1925/1 1914/1 1913/1
f 1926/1 1921/1 1922/1
f 1914/1 1915/1 1923/1 1922/1
f 1925/1 1915/1 1914/1
f 1926/1 1922/1 1923/1
f 1915/1 1916/1 1924/1 1923/1
f 1925/1 1916/1 1915/1
f 1926/1 1923/1 1924/1
f 1916/1 1909/1 1917/1 1924/1
f 1925/1 1909/1 1916/1
f 1926/1 1924/1 1917/1
f 1963/1 1964/1 1972/1 1971/1
f 1979/1 1964/1 1963/1
f 1980/1 1971/1 1972/1
f 1964/1 1965/1 1973/1 1972/1
f 1979/1 1965/1 1964/1
f 1980/1 1972/1 1973/1
f 1965/1 1966/1 1974/1 1973/1
f 1979/1 1966/1 1965/1
f 1980/1 1973/1 1974/1
f 1966/1 1967/1 1975/1 1974/1
f 1979/1 1967/1 1966/1
f 1980/1 1974/1 1975/1
f 1967/1 1968/1 1976/1 1975/1
f 1979/1 1968/1 1967/1
f 1980/1 1975/1 1976/1
f 1968/1 1969/1 1977/1 1976/1
f 1979/1 1969/1 1968/1
f 1980/1 1976/1 1977/1
f 1969/1 1970/1 1978/1 1977/1
f 1979/1 1970/1 1969/1
f 1980/1 1977/1 1978/1
f 1970/1 1963/1 1971/1 1978/1
f 1979/1 1963/1 1970/1
f 1980/1 1978/1 1971/1
f 2017/1 2018/1 2026/1 2025/1
f 2033/1 2018/1 2017/1
f 2034/1 2025/1 2026/1
f 2018/1 2019/1 2027/1 2026/1
f 2033/1 2019/1 2018/1
f 2034/1 2026/1 2027/1
f 2019/1 2020/1 2028/1 2027/1
f 2033/1 2020/1 2019/1
f 2034/1 2027/1 2028/1
f 2020/1 2021/1 2029/1 2028/1
f 2033/1 2021/1 2020/1
f 2034/1 2028/1 2029/1
f 2021/1 2022/1 2030/1 2029/1
f 2033/1 2022/1 2021/1
f 2034/1 2029/1 2030/1
f 2022/1 2023/1 2031/1 2030/1
f 2033/1 2023/1 2022/1
f 2034/1 2030/1 2031/1
f 2023/1 2024/1 2032/1 2031/1
f 2033/1 2024/1 2023/1
f 2034/1 2031/1 2032/1
f 2024/1 2017/1 2025/1 2032/1
f 2033/1 2017/1 2024/1
f 2034/1 2032/1 2025/1
f 2071/1 2072/1 2080/1 2079/1
f 2087/1 2072/1 2071/1
f 2088/1 2079/1 2080/1
f 2072/1 2073/1 2081/1 2080/1
f 2087/1 2073/1 2072/1
f 2088/1 2080/1 2081/1
f 2073/1 2074/1 2082/1 2081/1
f 2087/1 2074/1 2073/1
f 2088/1 2081/1 2082/1
f 2074/1 2075/1 2083/1 2082/1
f 2087/1 2075/1 2074/1
f 2088/1 2082/1 2083/1
f 2075/1 2076/1 2084/1 2083/1
f 2087/1 2076/1 2075/1
f 2088/1 2083/1 2084/1
f 2076/1 2077/1 2085/1 2084/1
f 2087/1 2077/1 2076/1
f 2088/1 2084/1 2085/1
f 2077/1 2078/1 2086/1 2085/1
f 2087/1 2078/1 2077/1
f 2088/1 2085/1 2086/1
f 2078/1 2071/1 2079/1 2086/1
f 2087/1 2071/1 2078/1
f 2088/1 2086/1 2079/1
f 2125/1 2126/1 2134/1 2133/1
f 2141/1 2126/1 2125/1
f 2142/1 2133/1 2134/1
f 2126/1 2127/1 2135/1 2134/1
f 2141/1 2127/1 2126/1
f 2142/1 2134/1 2135/1
f 2127/1 2128/1 2136/1 2135/1
f 2141/1 2128/1 2127/1
f 2142/1 2135/1 2136/1
f 2128/1 2129/1 2137/1 2136/1
f 2141/1 2129/1 2128/1
f 2142/1 2136/1 2137/1
f 2129/1 2130/1 2138/1 2137/1
f 2141/1 2130/1 2129/1
f 2142/1 2137/1 2138/1
f 2130/1 2131/1 2139/1 2138/1
f 2141/1 2131/1 2130/1
f 2142/1 2138/1 2139/1
f 2131/1 2132/1 2140/1 2139/1
f 2141/1 2132/1 2131/1
f 2142/1 2139/1 2140/1
f 2132/1 2125/1 2133/1 2140/1
f 2141/1 2125/1 2132/1
f 2142/1 2140/1 2133/1
f 2179/1 2180/1 2188/1 2187/1
f 2195/1 2180/1 2179/1
f 2196/1 2187/1 2188/1
f 2180/1 2181/1 2189/1 2188/1
f 2195/1 2181/1 2180/1
f 2196/1 2188/1 2189/1
f 2181/1 2182/1 2190/1 2189/1
f 2195/1 2182/1 2181/1
f 2196/1 2189/1 2190/1
f 2182/1 2183/1 2191/1 2190/1
f 2195/1 2183/1 2182/1
f 2196/1 2190/1 2191/1
f 2183/1 2184/1 2192/1 2191/1
f 2195/1 2184/1 2183/1
f 2196/1 2191/1 2192/1
f 2184/1 2185/1 2193/1 2192/1
f 2195/1 2185/1 2184/1
f 2196/1 2192/1 2193/1
f 2185/1 2186/1 2194/1 2193/1
f 2195/1 2186/1 2185/1
f 2196/1 2193/1 2194/1
f 2186/1 2179/1 2187/1 2194/1
f 2195/1 2179/1 2186/1
f 2196/1 2194/1 2187/1
f 2233/1 2236/1 2235/1 2234/1
f 2237/1 2238/1 2239/1 2240/1
f 2233/1 2237/1 2240/1 2236/1
f 2234/1 2235/1 2239/1 2238/1
f 2233/1 2234/1 2238/1 2237/1
f 2236/1 2240/1 2239/1 2235/1
f 2369/1 2372/1 2371/1 2370/1
f 2373/1 2374/1 2375/1 2376/1
f 2369/1 2373/1 2376/1 2372/1
f 2370/1 2371/1 2375/1 2374/1
f 2369/1 2370/1 2374/1 2373/1
f 2372/1 2376/1 2375/1 2371/1
f 2385/1 2388/1 2387/1 2386/1
f 2389/1 2390/1 2391/1 2392/1
f 2385/1 2389/1 2392/1 2388/1
f 2386/1 2387/1 2391/1 2390/1
f 2385/1 2386/1 2390/1 2389/1
f 2388/1 2392/1 2391/1 2387/1
f 2401/1 2404/1 2403/1 2402/1
f 2405/1 2406/1 2407/1 2408/1
f 2401/1 2405/1 2408/1 2404/1
f 2402/1 2403/1 2407/1 2406/1
f 2401/1 2402/1 2406/1 2405/1
f 2404/1 2408/1 2407/1 2403/1
f 2417/1 2420/1 2419/1 2418/1
f 2421/1 2422/1 2423/1 2424/1
f 2417/1 2421/1 2424/1 2420/1
f 2418/1 2419/1 2423/1 2422/1
f 2417/1 2418/1 2422/1 2421/1
f 2420/1 2424/1 2423/1 2419/1
f 2425/1 2426/1 2434/1 2433/1
f 2441/1 2426/1 2425/1
f 2442/1 2433/1 2434/1
f 2426/1 2427/1 2435/1 2434/1
f 2441/1 2427/1 2426/1
f 2442/1 2434/1 2435/1
f 2427/1 2428/1 2436/1 2435/1
f 2441/1 2428/1 2427/1
f 2442/1 2435/1 2436/1
f 2428/1 2429/1 2437/1 2436/1
f 2441/1 2429/1 2428/1
f 2442/1 2436/1 2437/1
f 2429/1 2430/1 2438/1 2437/1
f 2441/1 2430/1 2429/1
f 2442/1 2437/1 2438/1
f 2430/1 2431/1 2439/1 2438/1
f 2441/1 2431/1 2430/1
f 2442/1 2438/1 2439/1
f 2431/1 2432/1 2440/1 2439/1
f 2441/1 2432/1 2431/1
f 2442/1 2439/1 2440/1
f 2432/1 2425/1 2433/1 2440/1
f 2441/1 2425/1 2432/1
f 2442/1 2440/1 2433/1
usemtl gold
f 1819/4 1822/4 1821/4 1820/4
f 1823/4 1824/4 1825/4 1826/4
f 1819/4 1823/4 1826/4 1822/4
f 1820/4 1821/4 1825/4 1824/4
f 1819/4 1820/4 1824/4 1823/4
f 1822/4 1826/4 1825/4 1821/4
f 1835/4 1836/4 1853/4
f 1848/4 1847/4 1854/4
f 1836/4 1837/4 1853/4
f 1849/4 1848/4 1854/4
f 1837/4 1838/4 1853/4
f 1850/4 1849/4 1854/4
f 1838/4 1839/4 1853/4
f 1851/4 1850/4 1854/4
f 1839/4 1840/4 1853/4
f 1852/4 1851/4 1854/4
f 1840/4 1835/4 1853/4
f 1847/4 1852/4 1854/4
f 1841/4 1842/4 1836/4 1835/4
f 1842/4 1843/4 1837/4 1836/4
f 1843/4 1844/4 1838/4 1837/4
f 1844/4 1845/4 1839/4 1838/4
f 1845/4 1846/4 1840/4 1839/4
f 1846/4 1841/4 1835/4 1840/4
f 1847/4 1848/4 1842/4 1841/4
f 1848/4 1849/4 1843/4 1842/4
f 1849/4 1850/4 1844/4 1843/4
f 1850/4 1851/4 1845/4 1844/4
f 1851/4 1852/4 1846/4 1845/4
f 1852/4 1847/4 1841/4 1846/4
f 1873/4 1876/4 1875/4 1874/4
f 1877/4 1878/4 1879/4 1880/4
f 1873/4 1877/4 1880/4 1876/4
f 1874/4 1875/4 1879/4 1878/4
f 1873/4 1874/4 1878/4 1877/4
f 1876/4 1880/4 1879/4 1875/4
f 1889/4 1890/4 1907/4
f 1902/4 1901/4 1908/4
f 1890/4 1891/4 1907/4
f 1903/4 1902/4 1908/4
f 1891/4 1892/4 1907/4
f 1904/4 1903/4 1908/4
f 1892/4 1893/4 1907/4
f 1905/4 1904/4 1908/4
f 1893/4 1894/4 1907/4
f 1906/4 1905/4 1908/4
f 1894/4 1889/4 1907/4
f 1901/4 1906/4 1908/4
f 1895/4 1896/4 1890/4 1889/4
f 1896/4 1897/4 1891/4 1890/4
f 1897/4 1898/4 1892/4 1891/4
f 1898/4 1899/4 1893/4 1892/4
f 1899/4 1900/4 1894/4 1893/4
f 1900/4 1895/4 1889/4 1894/4
f 1901/4 1902/4 1896/4 1895/4
f 1902/4 1903/4 1897/4 1896/4
f 1903/4 1904/4 1898/4 1897/4
f 1904/4 1905/4 1899/4 1898/4
f 1905/4 1906/4 1900/4 1899/4
f 1906/4 1901/4 1895/4 1900/4
f 1927/4 1930/4 1929/4 1928/4
f 1931/4 1932/4 1933/4 1934/4
f 1927/4 1931/4 1934/4 1930/4
f 1928/4 1929/4 1933/4 1932/4
f 1927/4 1928/4 1932/4 1931/4
f 1930/4 1934/4 1933/4 1929/4
f 1943/4 1944/4 1961/4
f 1956/4 1955/4 1962/4
f 1944/4 1945/4 1961/4
f 1957/4 1956/4 1962/4
f 1945/4 1946/4 1961/4
f 1958/4 1957/4 1962/4
f 1946/4 1947/4 1961/4
f 1959/4 1958/4 1962/4
f 1947/4 1948/4 1961/4
f 1960/4 1959/4 1962/4
f 1948/4 1943/4 1961/4
f 1955/4 1960/4 1962/4
f 1949/4 1950/4 1944/4 1943/4
f 1950/4 1951/4 1945/4 1944/4
f 1951/4 1952/4 1946/4 1945/4
f 1952/4 1953/4 1947/4 1946/4
f 1953/4 1954/4 1948/4 1947/4
f 1954/4 1949/4 1943/4 1948/4
f 1955/4 1956/4 1950/4 1949/4
f 1956/4 1957/4 1951/4 1950/4
f 1957/4 1958/4 1952/4 1951/4
f 1958/4 1959/4 1953/4 1952/4
f 1959/4 1960/4 1954/4 1953/4
f 1960/4 1955/4 1949/4 1954/4
f 1981/4 1984/4 1983/4 1982/4
f 1985/4 1986/4 1987/4 1988/4
f 1981/4 1985/4 1988/4 1984/4
f 1982/4 1983/4 1987/4 1986/4
f 1981/4 1982/4 1986/4 1985/4
f 1984/4 1988/4 1987/4 1983/4
f 1997/4 1998/4 2015/4
f 2010/4 2009/4 2016/4
f 1998/4 1999/4 2015/4
f 2011/4 2010/4 2016/4
f 1999/4 2000/4 2015/4
f 2012/4 2011/4 2016/4
f 2000/4 2001/4 2015/4
f 2013/4 2012/4 2016/4
f 2001/4 2002/4 2015/4
f 2014/4 2013/4 2016/4
f 2002/4 1997/4 2015/4
f 2009/4 2014/4 2016/4
f 2003/4 2004/4 1998/4 1997/4
f 2004/4 2005/4 1999/4 1998/4
f 2005/4 2006/4 2000/4 1999/4
f 2006/4 2007/4 2001/4 2000/4
f 2007/4 2008/4 2002/4 2001/4
f 2008/4 2003/4 1997/4 2002/4
f 2009/4 2010/4 2004/4 2003/4
f 2010/4 2011/4 2005/4 2004/4
f 2011/4 2012/4 2006/4 2005/4
f 2012/4 2013/4 2007/4 2006/4
f 2013/4 2014/4 2008/4 2007/4
f 2014/4 2009/4 2003/4 2008/4
f 2035/4 2038/4 2037/4 2036/4
f 2039/4 2040/4 2041/4 2042/4
f 2035/4 2039/4 2042/4 2038/4
f 2036/4 2037/4 2041/4 2040/4
f 2035/4 2036/4 2040/4 2039/4
f 2038/4 2042/4 2041/4 2037/4
f 2051/4 2052/4 2069/4
f 2064/4 2063/4 2070/4
f 2052/4 2053/4 2069/4
f 2065/4 2064/4 2070/4
f 2053/4 2054/4 2069/4
f 2066/4 2065/4 2070/4
f 2054/4 2055/4 2069/4
f 2067/4 2066/4 2070/4
f 2055/4 2056/4 2069/4
f 2068/4 2067/4 2070/4
f 2056/4 2051/4 2069/4
f 2063/4 2068/4 2070/4
f 2057/4 2058/4 2052/4 2051/4
f 2058/4 2059/4 2053/4 2052/4
f 2059/4 2060/4 2054/4 2053/4
f 2060/4 2061/4 2055/4 2054/4
f 2061/4 2062/4 2056/4 2055/4
f 2062/4 2057/4 2051/4 2056/4
f 2063/4 2064/4 2058/4 2057/4
f 2064/4 2065/4 2059/4 2058/4
f 2065/4 2066/4 2060/4 2059/4
f 2066/4 2067/4 2061/4 2060/4
f 2067/4 2068/4 2062/4 2061/4
f 2068/4 2063/4 2057/4 2062/4
f 2089/4 2092/4 2091/4 2090/4
f 2093/4 2094/4 2095/4 2096/4
f 2089/4 2093/4 2096/4 2092/4
f 2090/4 2091/4 2095/4 2094/4
f 2089/4 2090/4 2094/4 2093/4
f 2092/4 2096/4 2095/4 2091/4
f 2105/4 2106/4 2123/4
f 2118/4 2117/4 2124/4
f 2106/4 2107/4 2123/4
f 2119/4 2118/4 2124/4
f 2107/4 2108/4 2123/4
f 2120/4 2119/4 2124/4
f 2108/4 2109/4 2123/4
f 2121/4 2120/4 2124/4
f 2109/4 2110/4 2123/4
f 2122/4 2121/4 2124/4
f 2110/4 2105/4 2123/4
f 2117/4 2122/4 2124/4
f 2111/4 2112/4 2106/4 2105/4
f 2112/4 2113/4 2107/4 2106/4
f 2113/4 2114/4 2108/4 2107/4
f 2114/4 2115/4 2109/4 2108/4
f 2115/4 2116/4 2110/4 2109/4
f 2116/4 2111/4 2105/4 2110/4
f 2117/4 2118/4 2112/4 2111/4
f 2118/4 2119/4 2113/4 2112/4
f 2119/4 2120/4 2114/4 2113/4
f 2120/4 2121/4 2115/4 2114/4
f 2121/4 2122/4 2116/4 2115/4
f 2122/4 2117/4 2111/4 2116/4
f 2143/4 2146/4 2145/4 2144/4
f 2147/4 2148/4 2149/4 2150/4
f 2143/4 2147/4 2150/4 2146/4
f 2144/4 2145/4 2149/4 2148/4
f 2143/4 2144/4 2148/4 2147/4
f 2146/4 2150/4 2149/4 2145/4
f 2159/4 2160/4 2177/4
f 2172/4 2171/4 2178/4
f 2160/4 2161/4 2177/4
f 2173/4 2172/4 2178/4
f 2161/4 2162/4 2177/4
f 2174/4 2173/4 2178/4
f 2162/4 2163/4 2177/4
f 2175/4 2174/4 2178/4
f 2163/4 2164/4 2177/4
f 2176/4 2175/4 2178/4
f 2164/4 2159/4 2177/4
f 2171/4 2176/4 2178/4
f 2165/4 2166/4 2160/4 2159/4
f 2166/4 2167/4 2161/4 2160/4
f 2167/4 2168/4 2162/4 2161/4
f 2168/4 2169/4 2163/4 2162/4
f 2169/4 2170/4 2164/4 2163/4
f 2170/4 2165/4 2159/4 2164/4
f 2171/4 2172/4 2166/4 2165/4
f 2172/4 2173/4 2167/4 2166/4
f 2173/4 2174/4 2168/4 2167/4
f 2174/4 2175/4 2169/4 2168/4
f 2175/4 2176/4 2170/4 2169/4
f 2176/4 2171/4 2165/4 2170/4
f 2197/4 2200/4 2199/4 2198/4
f 2201/4 2202/4 2203/4 2204/4
f 2197/4 2201/4 2204/4 2200/4
f 2198/4 2199/4 2203/4 2202/4
f 2197/4 2198/4 2202/4 2201/4
f 2200/4 2204/4 2203/4 2199/4
f 2213/4 2214/4 2231/4
f 2226/4 2225/4 2232/4
f 2214/4 2215/4 2231/4
f 2227/4 2226/4 2232/4
f 2215/4 2216/4 2231/4
f 2228/4 2227/4 2232/4
f 2216/4 2217/4 2231/4
f 2229/4 2228/4 2232/4
f 2217/4 2218/4 2231/4
f 2230/4 2229/4 2232/4
f 2218/4 2213/4 2231/4
f 2225/4 2230/4 2232/4
f 2219/4 2220/4 2214/4 2213/4
f 2220/4 2221/4 2215/4 2214/4
f 2221/4 2222/4 2216/4 2215/4
f 2222/4 2223/4 2217/4 2216/4
f 2223/4 2224/4 2218/4 2217/4
f 2224/4 2219/4 2213/4 2218/4
f 2225/4 2226/4 2220/4 2219/4
f 2226/4 2227/4 2221/4 2220/4
f 2227/4 2228/4 2222/4 2221/4
f 2228/4 2229/4 2223/4 2222/4
f 2229/4 2230/4 2224/4 2223/4
f 2230/4 2225/4 2219/4 2224/4
f 2241/4 2244/4 2243/4 2242/4
f 2245/4 2246/4 2247/4 2248/4
f 2241/4 2245/4 2248/4 2244/4
f 2242/4 2243/4 2247/4 2246/4
f 2241/4 2242/4 2246/4 2245/4
f 2244/4 2248/4 2247/4 2243/4
f 2249/4 2250/4 2256/4 2255/4
f 2261/4 2250/4 2249/4
f 2262/4 2255/4 2256/4
f 2250/4 2251/4 2257/4 2256/4
f 2261/4 2251/4 2250/4
f 2262/4 2256/4 2257/4
f 2251/4 2252/4 2258/4 2257/4
f 2261/4 2252/4 2251/4
f 2262/4 2257/4 2258/4
f 2252/4 2253/4 2259/4 2258/4
f 2261/4 2253/4 2252/4
f 2262/4 2258/4 2259/4
f 2253/4 2254/4 2260/4 2259/4
f 2261/4 2254/4 2253/4
f 2262/4 2259/4 2260/4
f 2254/4 2249/4 2255/4 2260/4
f 2261/4 2249/4 2254/4
f 2262/4 2260/4 2255/4
f 2263/4 2264/4 2270/4 2269/4
f 2275/4 2264/4 2263/4
f 2276/4 2269/4 2270/4
f 2264/4 2265/4 2271/4 2270/4
f 2275/4 2265/4 2264/4
f 2276/4 2270/4 2271/4
f 2265/4 2266/4 2272/4 2271/4
f 2275/4 2266/4 2265/4
f 2276/4 2271/4 2272/4
f 2266/4 2267/4 2273/4 2272/4
f 2275/4 2267/4 2266/4
f 2276/4 2272/4 2273/4
f 2267/4 2268/4 2274/4 2273/4
f 2275/4 2268/4 2267/4
f 2276/4 2273/4 2274/4
f 2268/4 2263/4 2269/4 2274/4
f 2275/4 2263/4 2268/4
f 2276/4 2274/4 2269/4
f 2277/4 2278/4 2284/4 2283/4
f 2289/4 2278/4 2277/4
f 2290/4 2283/4 2284/4
f 2278/4 2279/4 2285/4 2284/4
f 2289/4 2279/4 2278/4
f 2290/4 2284/4 2285/4
f 2279/4 2280/4 2286/4 2285/4
f 2289/4 2280/4 2279/4
f 2290/4 2285/4 2286/4
f 2280/4 2281/4 2287/4 2286/4
f 2289/4 2281/4 2280/4
f 2290/4 2286/4 2287/4
f 2281/4 2282/4 2288/4 2287/4
f 2289/4 2282/4 2281/4
f 2290/4 2287/4 2288/4
f 2282/4 2277/4 2283/4 2288/4
f 2289/4 2277/4 2282/4
f 2290/4 2288/4 2283/4
f 2291/4 2292/4 2298/4 2297/4
f 2303/4 2292/4 2291/4
f 2304/4 2297/4 2298/4
f 2292/4 2293/4 2299/4 2298/4
f 2303/4 2293/4 2292/4
f 2304/4 2298/4 2299/4
f 2293/4 2294/4 2300/4 2299/4
f 2303/4 2294/4 2293/4
f 2304/4 2299/4 2300/4
f 2294/4 2295/4 2301/4 2300/4
f 2303/4 2295/4 2294/4
f 2304/4 2300/4 2301/4
f 2295/4 2296/4 2302/4 2301/4
f 2303/4 2296/4 2295/4
f 2304/4 2301/4 2302/4
f 2296/4 2291/4 2297/4 2302/4
f 2303/4 2291/4 2296/4
f 2304/4 2302/4 2297/4
f 2305/4 2306/4 2312/4 2311/4
f 2317/4 2306/4 2305/4
f 2318/4 2311/4 2312/4
f 2306/4 2307/4 2313/4 2312/4
f 2317/4 2307/4 2306/4
f 2318/4 2312/4 2313/4
f 2307/4 2308/4 2314/4 2313/4
f 2317/4 2308/4 2307/4
f 2318/4 2313/4 2314/4
f 2308/4 2309/4 2315/4 2314/4
f 2317/4 2309/4 2308/4
f 2318/4 2314/4 2315/4
f 2309/4 2310/4 2316/4 2315/4
f 2317/4 2310/4 2309/4
f 2318/4 2315/4 2316/4
f 2310/4 2305/4 2311/4 2316/4
f 2317/4 2305/4 2310/4
f 2318/4 2316/4 2311/4
f 2319/4 2320/4 2326/4 2325/4
f 2331/4 2320/4 2319/4
f 2332/4 2325/4 2326/4
f 2320/4 2321/4 2327/4 2326/4
f 2331/4 2321/4 2320/4
f 2332/4 2326/4 2327/4
f 2321/4 2322/4 2328/4 2327/4
f 2331/4 2322/4 2321/4
f 2332/4 2327/4 2328/4
f 2322/4 2323/4 2329/4 2328/4
f 2331/4 2323/4 2322/4
f 2332/4 2328/4 2329/4
f 2323/4 2324/4 2330/4 2329/4
f 2331/4 2324/4 2323/4
f 2332/4 2329/4 2330/4
f 2324/4 2319/4 2325/4 2330/4
f 2331/4 2319/4 2324/4
f 2332/4 2330/4 2325/4
f 2333/4 2334/4 2340/4 2339/4
f 2345/4 2334/4 2333/4
f 2346/4 2339/4 2340/4
f 2334/4 2335/4 2341/4 2340/4
f 2345/4 2335/4 2334/4
f 2346/4 2340/4 2341/4
f 2335/4 2336/4 2342/4 2341/4
f 2345/4 2336/4 2335/4
f 2346/4 2341/4 2342/4
f 2336/4 2337/4 2343/4 2342/4
f 2345/4 2337/4 2336/4
f 2346/4 2342/4 2343/4
f 2337/4 2338/4 2344/4 2343/4
f 2345/4 2338/4 2337/4
f 2346/4 2343/4 2344/4
f 2338/4 2333/4 2339/4 2344/4
f 2345/4 2333/4 2338/4
f 2346/4 2344/4 2339/4
f 2347/4 2348/4 2354/4 2353/4
f 2359/4 2348/4 2347/4
f 2360/4 2353/4 2354/4
f 2348/4 2349/4 2355/4 2354/4
f 2359/4 2349/4 2348/4
f 2360/4 2354/4 2355/4
f 2349/4 2350/4 2356/4 2355/4
f 2359/4 2350/4 2349/4
f 2360/4 2355/4 2356/4
f 2350/4 2351/4 2357/4 2356/4
f 2359/4 2351/4 2350/4
f 2360/4 2356/4 2357/4
f 2351/4 2352/4 2358/4 2357/4
f 2359/4 2352/4 2351/4
f 2360/4 2357/4 2358/4
f 2352/4 2347/4 2353/4 2358/4
f 2359/4 2347/4 2352/4
f 2360/4 2358/4 2353/4
f 2444/4 2443/4 2463/4
f 2453/4 2454/4 2464/4
f 2444/4 2454/4 2453/4 2443/4
f 2445/4 2444/4 2463/4
f 2454/4 2455/4 2464/4
f 2445/4 2455/4 2454/4 2444/4
f 2446/4 2445/4 2463/4
f 2455/4 2456/4 2464/4
f 2446/4 2456/4 2455/4 2445/4
f 2447/4 2446/4 2463/4
f 2456/4 2457/4 2464/4
f 2447/4 2457/4 2456/4 2446/4
f 2448/4 2447/4 2463/4
f 2457/4 2458/4 2464/4
f 2448/4 2458/4 2457/4 2447/4
f 2449/4 2448/4 2463/4
f 2458/4 2459/4 2464/4
f 2449/4 2459/4 2458/4 2448/4
f 2450/4 2449/4 2463/4
f 2459/4 2460/4 2464/4
f 2450/4 2460/4 2459/4 2449/4
f 2451/4 2450/4 2463/4
f 2460/4 2461/4 2464/4
f 2451/4 2461/4 2460/4 2450/4
f 2452/4 2451/4 2463/4
f 2461/4 2462/4 2464/4
f 2452/4 2462/4 2461/4 2451/4
f 2443/4 2452/4 2463/4
f 2462/4 2453/4 2464/4
f 2443/4 2453/4 2462/4 2452/4
usemtl coral
f 1827/2 1830/2 1829/2 1828/2
f 1831/2 1832/2 1833/2 1834/2
f 1827/2 1831/2 1834/2 1830/2
f 1828/2 1829/2 1833/2 1832/2
f 1827/2 1828/2 1832/2 1831/2
f 1830/2 1834/2 1833/2 1829/2
f 1881/2 1884/2 1883/2 1882/2
f 1885/2 1886/2 1887/2 1888/2
f 1881/2 1885/2 1888/2 1884/2
f 1882/2 1883/2 1887/2 1886/2
f 1881/2 1882/2 1886/2 1885/2
f 1884/2 1888/2 1887/2 1883/2
f 1935/2 1938/2 1937/2 1936/2
f 1939/2 1940/2 1941/2 1942/2
f 1935/2 1939/2 1942/2 1938/2
f 1936/2 1937/2 1941/2 1940/2
f 1935/2 1936/2 1940/2 1939/2
f 1938/2 1942/2 1941/2 1937/2
f 1989/2 1992/2 1991/2 1990/2
f 1993/2 1994/2 1995/2 1996/2
f 1989/2 1993/2 1996/2 1992/2
f 1990/2 1991/2 1995/2 1994/2
f 1989/2 1990/2 1994/2 1993/2
f 1992/2 1996/2 1995/2 1991/2
f 2043/2 2046/2 2045/2 2044/2
f 2047/2 2048/2 2049/2 2050/2
f 2043/2 2047/2 2050/2 2046/2
f 2044/2 2045/2 2049/2 2048/2
f 2043/2 2044/2 2048/2 2047/2
f 2046/2 2050/2 2049/2 2045/2
f 2097/2 2100/2 2099/2 2098/2
f 2101/2 2102/2 2103/2 2104/2
f 2097/2 2101/2 2104/2 2100/2
f 2098/2 2099/2 2103/2 2102/2
f 2097/2 2098/2 2102/2 2101/2
f 2100/2 2104/2 2103/2 2099/2
f 2151/2 2154/2 2153/2 2152/2
f 2155/2 2156/2 2157/2 2158/2
f 2151/2 2155/2 2158/2 2154/2
f 2152/2 2153/2 2157/2 2156/2
f 2151/2 2152/2 2156/2 2155/2
f 2154/2 2158/2 2157/2 2153/2
f 2205/2 2208/2 2207/2 2206/2
f 2209/2 2210/2 2211/2 2212/2
f 2205/2 2209/2 2212/2 2208/2
f 2206/2 2207/2 2211/2 2210/2
f 2205/2 2206/2 2210/2 2209/2
f 2208/2 2212/2 2211/2 2207/2
f 2361/2 2364/2 2363/2 2362/2
f 2365/2 2366/2 2367/2 2368/2
f 2361/2 2365/2 2368/2 2364/2
f 2362/2 2363/2 2367/2 2366/2
f 2361/2 2362/2 2366/2 2365/2
f 2364/2 2368/2 2367/2 2363/2
f 2377/2 2380/2 2379/2 2378/2
f 2381/2 2382/2 2383/2 2384/2
f 2377/2 2381/2 2384/2 2380/2
f 2378/2 2379/2 2383/2 2382/2
f 2377/2 2378/2 2382/2 2381/2
f 2380/2 2384/2 2383/2 2379/2
f 2393/2 2396/2 2395/2 2394/2
f 2397/2 2398/2 2399/2 2400/2
f 2393/2 2397/2 2400/2 2396/2
f 2394/2 2395/2 2399/2 2398/2
f 2393/2 2394/2 2398/2 2397/2
f 2396/2 2400/2 2399/2 2395/2
f 2409/2 2412/2 2411/2 2410/2
f 2413/2 2414/2 2415/2 2416/2
f 2409/2 2413/2 2416/2 2412/2
f 2410/2 2411/2 2415/2 2414/2
f 2409/2 2410/2 2414/2 2413/2
f 2412/2 2416/2 2415/2 2411/2
